pair_id,query_id,negative_standard_id,pair_type,reason,similarity_score,validation_status
HNP-V03-000001,SYN-REQ-00001,MSV1-963535220932BDC9,HARD_NEGATIVE,LEXICAL_SIMILAR_NOT_GOLD,0.4054,NEEDS_EXPERT_VALIDATION
HNP-V03-000002,SYN-REQ-00001,MSV1-EA0B52630C714976,HARD_NEGATIVE,LEXICAL_SIMILAR_NOT_GOLD,0.3846,NEEDS_EXPERT_VALIDATION
HNP-V03-000003,SYN-REQ-00002,MSV1-46674A7707248124,HARD_NEGATIVE,LEXICAL_SIMILAR_NOT_GOLD,0.6471,NEEDS_EXPERT_VALIDATION
HNP-V03-000004,SYN-REQ-00002,MSV1-B39E900FBBF39B26,HARD_NEGATIVE,LEXICAL_SIMILAR_NOT_GOLD,0.4,NEEDS_EXPERT_VALIDATION
HNP-V03-000005,SYN-REQ-00003,MSV1-8F9336B1BA4C970D,HARD_NEGATIVE,LEXICAL_SIMILAR_NOT_GOLD,0.5333,NEEDS_EXPERT_VALIDATION
HNP-V03-000006,SYN-REQ-00003,MSV1-1EC80992C5D9CE56,HARD_NEGATIVE,LEXICAL_SIMILAR_NOT_GOLD,0.2632,NEEDS_EXPERT_VALIDATION
HNP-V03-000007,SYN-REQ-00004,MSV1-335B08464C61BA5C,HARD_NEGATIVE,LEXICAL_SIMILAR_NOT_GOLD,0.3462,NEEDS_EXPERT_VALIDATION
HNP-V03-000008,SYN-REQ-00004,MSV1-4C67C676705CA720,HARD_NEGATIVE,LEXICAL_SIMILAR_NOT_GOLD,0.25,NEEDS_EXPERT_VALIDATION
HNP-V03-000009,SYN-REQ-00005,MSV1-E0162E31EE169F33,HARD_NEGATIVE,LEXICAL_SIMILAR_NOT_GOLD,0.2222,NEEDS_EXPERT_VALIDATION
HNP-V03-000010,SYN-REQ-00005,MSV1-50EAF85F04843A2F,HARD_NEGATIVE,LEXICAL_SIMILAR_NOT_GOLD,0.1667,NEEDS_EXPERT_VALIDATION
HNP-V03-000011,SYN-REQ-00006,MSV1-57287C12F1D78F52,HARD_NEGATIVE,LEXICAL_SIMILAR_NOT_GOLD,0.5926,NEEDS_EXPERT_VALIDATION
HNP-V03-000012,SYN-REQ-00006,MSV1-B1524298717C7F6A,HARD_NEGATIVE,LEXICAL_SIMILAR_NOT_GOLD,0.5769,NEEDS_EXPERT_VALIDATION
HNP-V03-000013,SYN-REQ-00007,MSV1-39AC68A9CD7A26AD,HARD_NEGATIVE,LEXICAL_SIMILAR_NOT_GOLD,0.5714,NEEDS_EXPERT_VALIDATION
HNP-V03-000014,SYN-REQ-00007,MSV1-0A9AFD85166F7728,HARD_NEGATIVE,LEXICAL_SIMILAR_NOT_GOLD,0.4667,NEEDS_EXPERT_VALIDATION
HNP-V03-000015,SYN-REQ-00008,MSV1-6AD0C319A7D91EDB,HARD_NEGATIVE,LEXICAL_SIMILAR_NOT_GOLD,0.32,NEEDS_EXPERT_VALIDATION
HNP-V03-000016,SYN-REQ-00008,MSV1-6AB61EF743E6F7F7,HARD_NEGATIVE,LEXICAL_SIMILAR_NOT_GOLD,0.3077,NEEDS_EXPERT_VALIDATION
HNP-V03-000017,SYN-REQ-00009,MSV1-4CDE5C39D67EEFDA,HARD_NEGATIVE,LEXICAL_SIMILAR_NOT_GOLD,0.4138,NEEDS_EXPERT_VALIDATION
HNP-V03-000018,SYN-REQ-00009,MSV1-BCD9F3EEE17224A2,HARD_NEGATIVE,LEXICAL_SIMILAR_NOT_GOLD,0.3929,NEEDS_EXPERT_VALIDATION
HNP-V03-000019,SYN-REQ-00010,MSV1-AAC57D2BF17EFD5C,HARD_NEGATIVE,LEXICAL_SIMILAR_NOT_GOLD,0.5556,NEEDS_EXPERT_VALIDATION
HNP-V03-000020,SYN-REQ-00010,MSV1-98241D588FEDCF5A,HARD_NEGATIVE,LEXICAL_SIMILAR_NOT_GOLD,0.5517,NEEDS_EXPERT_VALIDATION
HNP-V03-000021,SYN-REQ-00011,MSV1-53566C4BC7E9D913,HARD_NEGATIVE,LEXICAL_SIMILAR_NOT_GOLD,0.36,NEEDS_EXPERT_VALIDATION
HNP-V03-000022,SYN-REQ-00011,MSV1-E73FAD7D3F58EBE7,HARD_NEGATIVE,LEXICAL_SIMILAR_NOT_GOLD,0.3448,NEEDS_EXPERT_VALIDATION
HNP-V03-000023,SYN-REQ-00012,MSV1-F7A7E5BBAD152C46,HARD_NEGATIVE,LEXICAL_SIMILAR_NOT_GOLD,0.1935,NEEDS_EXPERT_VALIDATION
HNP-V03-000024,SYN-REQ-00012,MSV1-267EB8A04BF8E475,HARD_NEGATIVE,LEXICAL_SIMILAR_NOT_GOLD,0.1842,NEEDS_EXPERT_VALIDATION
HNP-V03-000025,SYN-REQ-00013,MSV1-9C953BC6A83742FF,HARD_NEGATIVE,LEXICAL_SIMILAR_NOT_GOLD,0.5385,NEEDS_EXPERT_VALIDATION
HNP-V03-000026,SYN-REQ-00013,MSV1-93BE1963672E7579,HARD_NEGATIVE,LEXICAL_SIMILAR_NOT_GOLD,0.3846,NEEDS_EXPERT_VALIDATION
HNP-V03-000027,SYN-REQ-00014,MSV1-087B866DBA81E85E,HARD_NEGATIVE,LEXICAL_SIMILAR_NOT_GOLD,0.5333,NEEDS_EXPERT_VALIDATION
HNP-V03-000028,SYN-REQ-00014,MSV1-76A7D564FA236BB6,HARD_NEGATIVE,LEXICAL_SIMILAR_NOT_GOLD,0.4375,NEEDS_EXPERT_VALIDATION
HNP-V03-000029,SYN-REQ-00015,MSV1-FE5E2ECF6D21CF29,HARD_NEGATIVE,LEXICAL_SIMILAR_NOT_GOLD,0.5625,NEEDS_EXPERT_VALIDATION
HNP-V03-000030,SYN-REQ-00015,MSV1-1679E3647B6CD1A4,HARD_NEGATIVE,LEXICAL_SIMILAR_NOT_GOLD,0.4706,NEEDS_EXPERT_VALIDATION
HNP-V03-000031,SYN-REQ-00016,MSV1-234F7C5D090BB7BE,HARD_NEGATIVE,LEXICAL_SIMILAR_NOT_GOLD,0.5,NEEDS_EXPERT_VALIDATION
HNP-V03-000032,SYN-REQ-00016,MSV1-28D52356477E755F,HARD_NEGATIVE,LEXICAL_SIMILAR_NOT_GOLD,0.5,NEEDS_EXPERT_VALIDATION
HNP-V03-000033,SYN-REQ-00017,MSV1-D693BFD6B8182E44,HARD_NEGATIVE,LEXICAL_SIMILAR_NOT_GOLD,0.4615,NEEDS_EXPERT_VALIDATION
HNP-V03-000034,SYN-REQ-00017,MSV1-7CCFE09B7D7E20D6,HARD_NEGATIVE,LEXICAL_SIMILAR_NOT_GOLD,0.3333,NEEDS_EXPERT_VALIDATION
HNP-V03-000035,SYN-REQ-00018,MSV1-CD0199B1E7D492C2,HARD_NEGATIVE,LEXICAL_SIMILAR_NOT_GOLD,0.5625,NEEDS_EXPERT_VALIDATION
HNP-V03-000036,SYN-REQ-00018,MSV1-17F76FD4F8F4577E,HARD_NEGATIVE,LEXICAL_SIMILAR_NOT_GOLD,0.2609,NEEDS_EXPERT_VALIDATION
HNP-V03-000037,SYN-REQ-00019,MSV1-B2E0047B60DE8996,HARD_NEGATIVE,LEXICAL_SIMILAR_NOT_GOLD,0.44,NEEDS_EXPERT_VALIDATION
HNP-V03-000038,SYN-REQ-00019,MSV1-6BB2B23BF1DBD006,HARD_NEGATIVE,LEXICAL_SIMILAR_NOT_GOLD,0.4091,NEEDS_EXPERT_VALIDATION
HNP-V03-000039,SYN-REQ-00020,MSV1-DCF8F0E11FC55DAA,HARD_NEGATIVE,LEXICAL_SIMILAR_NOT_GOLD,0.4286,NEEDS_EXPERT_VALIDATION
HNP-V03-000040,SYN-REQ-00020,MSV1-125B2DE672B73ACB,HARD_NEGATIVE,LEXICAL_SIMILAR_NOT_GOLD,0.1739,NEEDS_EXPERT_VALIDATION
HNP-V03-000041,SYN-REQ-00021,MSV1-8736C70DFBF7E83F,HARD_NEGATIVE,LEXICAL_SIMILAR_NOT_GOLD,0.4444,NEEDS_EXPERT_VALIDATION
HNP-V03-000042,SYN-REQ-00021,MSV1-EEFE4A77C9E65447,HARD_NEGATIVE,LEXICAL_SIMILAR_NOT_GOLD,0.4444,NEEDS_EXPERT_VALIDATION
HNP-V03-000043,SYN-REQ-00022,MSV1-167162C38D5C79D6,HARD_NEGATIVE,LEXICAL_SIMILAR_NOT_GOLD,0.3,NEEDS_EXPERT_VALIDATION
HNP-V03-000044,SYN-REQ-00022,MSV1-8B9DF1FBFBB63154,HARD_NEGATIVE,LEXICAL_SIMILAR_NOT_GOLD,0.2105,NEEDS_EXPERT_VALIDATION
HNP-V03-000045,SYN-REQ-00023,MSV1-C7486328BDB04795,HARD_NEGATIVE,LEXICAL_SIMILAR_NOT_GOLD,0.2353,NEEDS_EXPERT_VALIDATION
HNP-V03-000046,SYN-REQ-00023,MSV1-E4F64E54560FD8C3,HARD_NEGATIVE,LEXICAL_SIMILAR_NOT_GOLD,0.2258,NEEDS_EXPERT_VALIDATION
HNP-V03-000047,SYN-REQ-00024,MSV1-2983874B08754C2E,HARD_NEGATIVE,LEXICAL_SIMILAR_NOT_GOLD,0.4583,NEEDS_EXPERT_VALIDATION
HNP-V03-000048,SYN-REQ-00024,MSV1-37B7683600B27DF8,HARD_NEGATIVE,LEXICAL_SIMILAR_NOT_GOLD,0.4583,NEEDS_EXPERT_VALIDATION
HNP-V03-000049,SYN-REQ-00025,MSV1-CFBCFC071DA8AB32,HARD_NEGATIVE,LEXICAL_SIMILAR_NOT_GOLD,0.6,NEEDS_EXPERT_VALIDATION
HNP-V03-000050,SYN-REQ-00025,MSV1-0DA4312342F831AD,HARD_NEGATIVE,LEXICAL_SIMILAR_NOT_GOLD,0.3333,NEEDS_EXPERT_VALIDATION
HNP-V03-000051,SYN-REQ-00026,MSV1-55FB1F79EB65BAA6,HARD_NEGATIVE,LEXICAL_SIMILAR_NOT_GOLD,0.5,NEEDS_EXPERT_VALIDATION
HNP-V03-000052,SYN-REQ-00026,MSV1-89499DEDCEB689F7,HARD_NEGATIVE,LEXICAL_SIMILAR_NOT_GOLD,0.2353,NEEDS_EXPERT_VALIDATION
HNP-V03-000053,SYN-REQ-00027,MSV1-A3F46B38962E88BA,HARD_NEGATIVE,LEXICAL_SIMILAR_NOT_GOLD,0.4615,NEEDS_EXPERT_VALIDATION
HNP-V03-000054,SYN-REQ-00027,MSV1-67F4B7AF133D82B1,HARD_NEGATIVE,LEXICAL_SIMILAR_NOT_GOLD,0.3077,NEEDS_EXPERT_VALIDATION
HNP-V03-000055,SYN-REQ-00028,MSV1-870F8897A0794D19,HARD_NEGATIVE,LEXICAL_SIMILAR_NOT_GOLD,0.2308,NEEDS_EXPERT_VALIDATION
HNP-V03-000056,SYN-REQ-00028,MSV1-562F489441C11FE0,HARD_NEGATIVE,LEXICAL_SIMILAR_NOT_GOLD,0.2069,NEEDS_EXPERT_VALIDATION
HNP-V03-000057,SYN-REQ-00029,MSV1-3C77D61BEDCC1676,HARD_NEGATIVE,LEXICAL_SIMILAR_NOT_GOLD,0.4583,NEEDS_EXPERT_VALIDATION
HNP-V03-000058,SYN-REQ-00029,MSV1-D8CC0078D40058AD,HARD_NEGATIVE,LEXICAL_SIMILAR_NOT_GOLD,0.4348,NEEDS_EXPERT_VALIDATION
HNP-V03-000059,SYN-REQ-00030,MSV1-52D50ADC8BC6CF63,HARD_NEGATIVE,LEXICAL_SIMILAR_NOT_GOLD,0.4,NEEDS_EXPERT_VALIDATION
HNP-V03-000060,SYN-REQ-00030,MSV1-9A52E0D66A168B0E,HARD_NEGATIVE,LEXICAL_SIMILAR_NOT_GOLD,0.4,NEEDS_EXPERT_VALIDATION
HNP-V03-000061,SYN-REQ-00031,MSV1-FB09E8DE59382516,HARD_NEGATIVE,LEXICAL_SIMILAR_NOT_GOLD,0.5,NEEDS_EXPERT_VALIDATION
HNP-V03-000062,SYN-REQ-00031,MSV1-B7BD88F957FF1A97,HARD_NEGATIVE,LEXICAL_SIMILAR_NOT_GOLD,0.2667,NEEDS_EXPERT_VALIDATION
HNP-V03-000063,SYN-REQ-00032,MSV1-6AB0A38FA591DFE5,HARD_NEGATIVE,LEXICAL_SIMILAR_NOT_GOLD,0.5333,NEEDS_EXPERT_VALIDATION
HNP-V03-000064,SYN-REQ-00032,MSV1-1F69AA481397C92A,HARD_NEGATIVE,LEXICAL_SIMILAR_NOT_GOLD,0.2778,NEEDS_EXPERT_VALIDATION
HNP-V03-000065,SYN-REQ-00033,MSV1-ACA33D17049B7DDB,HARD_NEGATIVE,LEXICAL_SIMILAR_NOT_GOLD,0.6111,NEEDS_EXPERT_VALIDATION
HNP-V03-000066,SYN-REQ-00033,MSV1-9F67A9F890F3B703,HARD_NEGATIVE,LEXICAL_SIMILAR_NOT_GOLD,0.381,NEEDS_EXPERT_VALIDATION
HNP-V03-000067,SYN-REQ-00034,MSV1-16D15904229745DD,HARD_NEGATIVE,LEXICAL_SIMILAR_NOT_GOLD,0.5,NEEDS_EXPERT_VALIDATION
HNP-V03-000068,SYN-REQ-00034,MSV1-2403E9BAC10ACFCA,HARD_NEGATIVE,LEXICAL_SIMILAR_NOT_GOLD,0.3333,NEEDS_EXPERT_VALIDATION
HNP-V03-000069,SYN-REQ-00035,MSV1-44DE411809B7A2D1,HARD_NEGATIVE,LEXICAL_SIMILAR_NOT_GOLD,0.5217,NEEDS_EXPERT_VALIDATION
HNP-V03-000070,SYN-REQ-00035,MSV1-9C89C522B312AC58,HARD_NEGATIVE,LEXICAL_SIMILAR_NOT_GOLD,0.5217,NEEDS_EXPERT_VALIDATION
HNP-V03-000071,SYN-REQ-00036,MSV1-9E544C282701D83C,HARD_NEGATIVE,LEXICAL_SIMILAR_NOT_GOLD,0.303,NEEDS_EXPERT_VALIDATION
HNP-V03-000072,SYN-REQ-00036,MSV1-E8FAE69A4BCC4FBD,HARD_NEGATIVE,LEXICAL_SIMILAR_NOT_GOLD,0.2581,NEEDS_EXPERT_VALIDATION
HNP-V03-000073,SYN-REQ-00037,MSV1-C781CFCFCE314A39,HARD_NEGATIVE,LEXICAL_SIMILAR_NOT_GOLD,0.44,NEEDS_EXPERT_VALIDATION
HNP-V03-000074,SYN-REQ-00037,MSV1-BA9BFF28F6859CD9,HARD_NEGATIVE,LEXICAL_SIMILAR_NOT_GOLD,0.2917,NEEDS_EXPERT_VALIDATION
HNP-V03-000075,SYN-REQ-00038,MSV1-D63F542EE2156E0B,HARD_NEGATIVE,LEXICAL_SIMILAR_NOT_GOLD,0.6471,NEEDS_EXPERT_VALIDATION
HNP-V03-000076,SYN-REQ-00038,MSV1-444E2C2E90DF7986,HARD_NEGATIVE,LEXICAL_SIMILAR_NOT_GOLD,0.3333,NEEDS_EXPERT_VALIDATION
HNP-V03-000077,SYN-REQ-00039,MSV1-4455E8D32414E939,HARD_NEGATIVE,LEXICAL_SIMILAR_NOT_GOLD,0.625,NEEDS_EXPERT_VALIDATION
HNP-V03-000078,SYN-REQ-00039,MSV1-52AB82AC10D7ACE1,HARD_NEGATIVE,LEXICAL_SIMILAR_NOT_GOLD,0.35,NEEDS_EXPERT_VALIDATION
HNP-V03-000079,SYN-REQ-00040,MSV1-CC0EF6BFF04FBA78,HARD_NEGATIVE,LEXICAL_SIMILAR_NOT_GOLD,0.5,NEEDS_EXPERT_VALIDATION
HNP-V03-000080,SYN-REQ-00040,MSV1-62908FCE23266AB3,HARD_NEGATIVE,LEXICAL_SIMILAR_NOT_GOLD,0.3333,NEEDS_EXPERT_VALIDATION
HNP-V03-000081,SYN-REQ-00041,MSV1-F5A117CFA6A89A52,HARD_NEGATIVE,LEXICAL_SIMILAR_NOT_GOLD,0.5,NEEDS_EXPERT_VALIDATION
HNP-V03-000082,SYN-REQ-00041,MSV1-8BC9502746E56796,HARD_NEGATIVE,LEXICAL_SIMILAR_NOT_GOLD,0.4,NEEDS_EXPERT_VALIDATION
HNP-V03-000083,SYN-REQ-00042,MSV1-20F980C6DE18EADC,HARD_NEGATIVE,LEXICAL_SIMILAR_NOT_GOLD,0.6471,NEEDS_EXPERT_VALIDATION
HNP-V03-000084,SYN-REQ-00042,MSV1-27A8FBB950C88CEE,HARD_NEGATIVE,LEXICAL_SIMILAR_NOT_GOLD,0.35,NEEDS_EXPERT_VALIDATION
HNP-V03-000085,SYN-REQ-00043,MSV1-D3BC74D77ED0F4F7,HARD_NEGATIVE,LEXICAL_SIMILAR_NOT_GOLD,0.4545,NEEDS_EXPERT_VALIDATION
HNP-V03-000086,SYN-REQ-00043,MSV1-60A0CA84A6F90365,HARD_NEGATIVE,LEXICAL_SIMILAR_NOT_GOLD,0.1875,NEEDS_EXPERT_VALIDATION
HNP-V03-000087,SYN-REQ-00044,MSV1-176D16145235E6A5,HARD_NEGATIVE,LEXICAL_SIMILAR_NOT_GOLD,0.625,NEEDS_EXPERT_VALIDATION
HNP-V03-000088,SYN-REQ-00044,MSV1-F3E058610CF36B8F,HARD_NEGATIVE,LEXICAL_SIMILAR_NOT_GOLD,0.6087,NEEDS_EXPERT_VALIDATION
HNP-V03-000089,SYN-REQ-00045,MSV1-60BDD38C32BB7438,HARD_NEGATIVE,LEXICAL_SIMILAR_NOT_GOLD,0.4545,NEEDS_EXPERT_VALIDATION
HNP-V03-000090,SYN-REQ-00045,MSV1-5BC24AF9DBC5EFD2,HARD_NEGATIVE,LEXICAL_SIMILAR_NOT_GOLD,0.4,NEEDS_EXPERT_VALIDATION
HNP-V03-000091,SYN-REQ-00046,MSV1-D87E95A582F73F7A,HARD_NEGATIVE,LEXICAL_SIMILAR_NOT_GOLD,0.4545,NEEDS_EXPERT_VALIDATION
HNP-V03-000092,SYN-REQ-00046,MSV1-C41439E539814D83,HARD_NEGATIVE,LEXICAL_SIMILAR_NOT_GOLD,0.3846,NEEDS_EXPERT_VALIDATION
HNP-V03-000093,SYN-REQ-00047,MSV1-A3E1DE5CD8B7CDBF,HARD_NEGATIVE,LEXICAL_SIMILAR_NOT_GOLD,0.6207,NEEDS_EXPERT_VALIDATION
HNP-V03-000094,SYN-REQ-00047,MSV1-63E6281FC0A48ABF,HARD_NEGATIVE,LEXICAL_SIMILAR_NOT_GOLD,0.2941,NEEDS_EXPERT_VALIDATION
HNP-V03-000095,SYN-REQ-00048,MSV1-4987A2E27DA3EC13,HARD_NEGATIVE,LEXICAL_SIMILAR_NOT_GOLD,0.5333,NEEDS_EXPERT_VALIDATION
HNP-V03-000096,SYN-REQ-00048,MSV1-42F6667A05006267,HARD_NEGATIVE,LEXICAL_SIMILAR_NOT_GOLD,0.375,NEEDS_EXPERT_VALIDATION
HNP-V03-000097,SYN-REQ-00049,MSV1-B285E36825CAD66F,HARD_NEGATIVE,LEXICAL_SIMILAR_NOT_GOLD,0.3793,NEEDS_EXPERT_VALIDATION
HNP-V03-000098,SYN-REQ-00049,MSV1-796858985E6D0F17,HARD_NEGATIVE,LEXICAL_SIMILAR_NOT_GOLD,0.3636,NEEDS_EXPERT_VALIDATION
HNP-V03-000099,SYN-REQ-00050,MSV1-F34930B4433C6EFD,HARD_NEGATIVE,LEXICAL_SIMILAR_NOT_GOLD,0.3,NEEDS_EXPERT_VALIDATION
HNP-V03-000100,SYN-REQ-00050,MSV1-69AC93590953A965,HARD_NEGATIVE,LEXICAL_SIMILAR_NOT_GOLD,0.2308,NEEDS_EXPERT_VALIDATION
HNP-V03-000101,SYN-REQ-00051,MSV1-41BD3C80045CEF14,HARD_NEGATIVE,LEXICAL_SIMILAR_NOT_GOLD,0.4,NEEDS_EXPERT_VALIDATION
HNP-V03-000102,SYN-REQ-00051,MSV1-1B003F43ABD9161C,HARD_NEGATIVE,LEXICAL_SIMILAR_NOT_GOLD,0.3684,NEEDS_EXPERT_VALIDATION
HNP-V03-000103,SYN-REQ-00052,MSV1-54208FA485539B53,HARD_NEGATIVE,LEXICAL_SIMILAR_NOT_GOLD,0.3,NEEDS_EXPERT_VALIDATION
HNP-V03-000104,SYN-REQ-00052,MSV1-DE7B24A7E4E91305,HARD_NEGATIVE,LEXICAL_SIMILAR_NOT_GOLD,0.2973,NEEDS_EXPERT_VALIDATION
HNP-V03-000105,SYN-REQ-00053,MSV1-40A89A770BC18443,HARD_NEGATIVE,LEXICAL_SIMILAR_NOT_GOLD,0.25,NEEDS_EXPERT_VALIDATION
HNP-V03-000106,SYN-REQ-00053,MSV1-8F7B1CEC93673957,HARD_NEGATIVE,LEXICAL_SIMILAR_NOT_GOLD,0.25,NEEDS_EXPERT_VALIDATION
HNP-V03-000107,SYN-REQ-00054,MSV1-91595C735ADEC1F7,HARD_NEGATIVE,LEXICAL_SIMILAR_NOT_GOLD,0.4,NEEDS_EXPERT_VALIDATION
HNP-V03-000108,SYN-REQ-00054,MSV1-5E96F7B49A866542,HARD_NEGATIVE,LEXICAL_SIMILAR_NOT_GOLD,0.381,NEEDS_EXPERT_VALIDATION
HNP-V03-000109,SYN-REQ-00055,MSV1-3748ABEE179A069F,HARD_NEGATIVE,LEXICAL_SIMILAR_NOT_GOLD,0.3636,NEEDS_EXPERT_VALIDATION
HNP-V03-000110,SYN-REQ-00055,MSV1-BC06084CD3F9799A,HARD_NEGATIVE,LEXICAL_SIMILAR_NOT_GOLD,0.2069,NEEDS_EXPERT_VALIDATION
HNP-V03-000111,SYN-REQ-00056,MSV1-D58636B0F249EF5F,HARD_NEGATIVE,LEXICAL_SIMILAR_NOT_GOLD,0.5333,NEEDS_EXPERT_VALIDATION
HNP-V03-000112,SYN-REQ-00056,MSV1-AFA1A572707EF0ED,HARD_NEGATIVE,LEXICAL_SIMILAR_NOT_GOLD,0.3529,NEEDS_EXPERT_VALIDATION
HNP-V03-000113,SYN-REQ-00057,MSV1-C9FA447378271B49,HARD_NEGATIVE,LEXICAL_SIMILAR_NOT_GOLD,0.5882,NEEDS_EXPERT_VALIDATION
HNP-V03-000114,SYN-REQ-00057,MSV1-26742900353F9ADB,HARD_NEGATIVE,LEXICAL_SIMILAR_NOT_GOLD,0.3333,NEEDS_EXPERT_VALIDATION
HNP-V03-000115,SYN-REQ-00058,MSV1-47E6442A1C74B0C2,HARD_NEGATIVE,LEXICAL_SIMILAR_NOT_GOLD,0.2564,NEEDS_EXPERT_VALIDATION
HNP-V03-000116,SYN-REQ-00058,MSV1-65B57E1159174C48,HARD_NEGATIVE,LEXICAL_SIMILAR_NOT_GOLD,0.2286,NEEDS_EXPERT_VALIDATION
HNP-V03-000117,SYN-REQ-00059,MSV1-4D531161A2CAE000,HARD_NEGATIVE,LEXICAL_SIMILAR_NOT_GOLD,0.6471,NEEDS_EXPERT_VALIDATION
HNP-V03-000118,SYN-REQ-00059,MSV1-F3800880247BB41D,HARD_NEGATIVE,LEXICAL_SIMILAR_NOT_GOLD,0.4737,NEEDS_EXPERT_VALIDATION
HNP-V03-000119,SYN-REQ-00060,MSV1-129872BA36D7B756,HARD_NEGATIVE,LEXICAL_SIMILAR_NOT_GOLD,0.5,NEEDS_EXPERT_VALIDATION
HNP-V03-000120,SYN-REQ-00060,MSV1-3BA5F7D9DC1A664A,HARD_NEGATIVE,LEXICAL_SIMILAR_NOT_GOLD,0.4615,NEEDS_EXPERT_VALIDATION
HNP-V03-000121,SYN-REQ-00061,MSV1-28D7BF967D02F302,HARD_NEGATIVE,LEXICAL_SIMILAR_NOT_GOLD,0.4167,NEEDS_EXPERT_VALIDATION
HNP-V03-000122,SYN-REQ-00061,MSV1-CC8EC9138A3B329E,HARD_NEGATIVE,LEXICAL_SIMILAR_NOT_GOLD,0.3846,NEEDS_EXPERT_VALIDATION
HNP-V03-000123,SYN-REQ-00062,MSV1-93E0C4F2CDCF8276,HARD_NEGATIVE,LEXICAL_SIMILAR_NOT_GOLD,0.25,NEEDS_EXPERT_VALIDATION
HNP-V03-000124,SYN-REQ-00062,MSV1-DCC325840C9B6E8B,HARD_NEGATIVE,LEXICAL_SIMILAR_NOT_GOLD,0.2414,NEEDS_EXPERT_VALIDATION
HNP-V03-000125,SYN-REQ-00063,MSV1-32775E6D176E9B52,HARD_NEGATIVE,LEXICAL_SIMILAR_NOT_GOLD,0.5,NEEDS_EXPERT_VALIDATION
HNP-V03-000126,SYN-REQ-00063,MSV1-EAAEBE82D40D7A95,HARD_NEGATIVE,LEXICAL_SIMILAR_NOT_GOLD,0.25,NEEDS_EXPERT_VALIDATION
HNP-V03-000127,SYN-REQ-00064,MSV1-3EE6E6CEFBBBAA43,HARD_NEGATIVE,LEXICAL_SIMILAR_NOT_GOLD,0.3636,NEEDS_EXPERT_VALIDATION
HNP-V03-000128,SYN-REQ-00064,MSV1-171612D167B67AB4,HARD_NEGATIVE,LEXICAL_SIMILAR_NOT_GOLD,0.2667,NEEDS_EXPERT_VALIDATION
HNP-V03-000129,SYN-REQ-00065,MSV1-C28B849A19335353,HARD_NEGATIVE,LEXICAL_SIMILAR_NOT_GOLD,0.625,NEEDS_EXPERT_VALIDATION
HNP-V03-000130,SYN-REQ-00065,MSV1-28E3E22CDA8C2D9C,HARD_NEGATIVE,LEXICAL_SIMILAR_NOT_GOLD,0.3684,NEEDS_EXPERT_VALIDATION
HNP-V03-000131,SYN-REQ-00066,MSV1-F8585B27B64E0DB6,HARD_NEGATIVE,LEXICAL_SIMILAR_NOT_GOLD,0.4615,NEEDS_EXPERT_VALIDATION
HNP-V03-000132,SYN-REQ-00066,MSV1-39568E681DA4207C,HARD_NEGATIVE,LEXICAL_SIMILAR_NOT_GOLD,0.3529,NEEDS_EXPERT_VALIDATION
HNP-V03-000133,SYN-REQ-00067,MSV1-1D5C8ACDBD469023,HARD_NEGATIVE,LEXICAL_SIMILAR_NOT_GOLD,0.625,NEEDS_EXPERT_VALIDATION
HNP-V03-000134,SYN-REQ-00067,MSV1-5E9437B97D00FB22,HARD_NEGATIVE,LEXICAL_SIMILAR_NOT_GOLD,0.4444,NEEDS_EXPERT_VALIDATION
HNP-V03-000135,SYN-REQ-00068,MSV1-EBF0E53E3B7C8421,HARD_NEGATIVE,LEXICAL_SIMILAR_NOT_GOLD,0.625,NEEDS_EXPERT_VALIDATION
HNP-V03-000136,SYN-REQ-00068,MSV1-021CD12C2F63D49C,HARD_NEGATIVE,LEXICAL_SIMILAR_NOT_GOLD,0.4444,NEEDS_EXPERT_VALIDATION
HNP-V03-000137,SYN-REQ-00069,MSV1-42DCA7A6D8B584DD,HARD_NEGATIVE,LEXICAL_SIMILAR_NOT_GOLD,0.5652,NEEDS_EXPERT_VALIDATION
HNP-V03-000138,SYN-REQ-00069,MSV1-2512F97FFB7A90E2,HARD_NEGATIVE,LEXICAL_SIMILAR_NOT_GOLD,0.5,NEEDS_EXPERT_VALIDATION
HNP-V03-000139,SYN-REQ-00070,MSV1-37202524021751A9,HARD_NEGATIVE,LEXICAL_SIMILAR_NOT_GOLD,0.5714,NEEDS_EXPERT_VALIDATION
HNP-V03-000140,SYN-REQ-00070,MSV1-E935DC537CF01E34,HARD_NEGATIVE,LEXICAL_SIMILAR_NOT_GOLD,0.5556,NEEDS_EXPERT_VALIDATION
HNP-V03-000141,SYN-REQ-00071,MSV1-19E90945D0B67938,HARD_NEGATIVE,LEXICAL_SIMILAR_NOT_GOLD,0.3448,NEEDS_EXPERT_VALIDATION
HNP-V03-000142,SYN-REQ-00071,MSV1-77C37A240892FBD0,HARD_NEGATIVE,LEXICAL_SIMILAR_NOT_GOLD,0.32,NEEDS_EXPERT_VALIDATION
HNP-V03-000143,SYN-REQ-00072,MSV1-F121E152DF098C26,HARD_NEGATIVE,LEXICAL_SIMILAR_NOT_GOLD,0.5333,NEEDS_EXPERT_VALIDATION
HNP-V03-000144,SYN-REQ-00072,MSV1-81C6266198DC869C,HARD_NEGATIVE,LEXICAL_SIMILAR_NOT_GOLD,0.3529,NEEDS_EXPERT_VALIDATION
HNP-V03-000145,SYN-REQ-00073,MSV1-4457FE82AC4343B7,HARD_NEGATIVE,LEXICAL_SIMILAR_NOT_GOLD,0.4615,NEEDS_EXPERT_VALIDATION
HNP-V03-000146,SYN-REQ-00073,MSV1-A3B44744D1E75C95,HARD_NEGATIVE,LEXICAL_SIMILAR_NOT_GOLD,0.2941,NEEDS_EXPERT_VALIDATION
HNP-V03-000147,SYN-REQ-00074,MSV1-EFE1C0A28FBC9938,HARD_NEGATIVE,LEXICAL_SIMILAR_NOT_GOLD,0.4,NEEDS_EXPERT_VALIDATION
HNP-V03-000148,SYN-REQ-00074,MSV1-67E7329D40C4D62C,HARD_NEGATIVE,LEXICAL_SIMILAR_NOT_GOLD,0.2727,NEEDS_EXPERT_VALIDATION
HNP-V03-000149,SYN-REQ-00075,MSV1-2D4B60BEC1156243,HARD_NEGATIVE,LEXICAL_SIMILAR_NOT_GOLD,0.4286,NEEDS_EXPERT_VALIDATION
HNP-V03-000150,SYN-REQ-00075,MSV1-D109AB09EE9B13E5,HARD_NEGATIVE,LEXICAL_SIMILAR_NOT_GOLD,0.4286,NEEDS_EXPERT_VALIDATION
HNP-V03-000151,SYN-REQ-00076,MSV1-C3E775C5D3C0B676,HARD_NEGATIVE,LEXICAL_SIMILAR_NOT_GOLD,0.6,NEEDS_EXPERT_VALIDATION
HNP-V03-000152,SYN-REQ-00076,MSV1-F9937A7550868B2B,HARD_NEGATIVE,LEXICAL_SIMILAR_NOT_GOLD,0.375,NEEDS_EXPERT_VALIDATION
HNP-V03-000153,SYN-REQ-00077,MSV1-BD68203A8B808BEF,HARD_NEGATIVE,LEXICAL_SIMILAR_NOT_GOLD,0.625,NEEDS_EXPERT_VALIDATION
HNP-V03-000154,SYN-REQ-00077,MSV1-52D3A0E2D06B0548,HARD_NEGATIVE,LEXICAL_SIMILAR_NOT_GOLD,0.4444,NEEDS_EXPERT_VALIDATION
HNP-V03-000155,SYN-REQ-00078,MSV1-711F12AA4D3185FF,HARD_NEGATIVE,LEXICAL_SIMILAR_NOT_GOLD,0.6,NEEDS_EXPERT_VALIDATION
HNP-V03-000156,SYN-REQ-00078,MSV1-99F4EDDAA09747D8,HARD_NEGATIVE,LEXICAL_SIMILAR_NOT_GOLD,0.2381,NEEDS_EXPERT_VALIDATION
HNP-V03-000157,SYN-REQ-00079,MSV1-05217E36FAA07E48,HARD_NEGATIVE,LEXICAL_SIMILAR_NOT_GOLD,0.5,NEEDS_EXPERT_VALIDATION
HNP-V03-000158,SYN-REQ-00079,MSV1-00F7795924711DA1,HARD_NEGATIVE,LEXICAL_SIMILAR_NOT_GOLD,0.3684,NEEDS_EXPERT_VALIDATION
HNP-V03-000159,SYN-REQ-00080,MSV1-4FA6BEE58C0361E0,HARD_NEGATIVE,LEXICAL_SIMILAR_NOT_GOLD,0.4,NEEDS_EXPERT_VALIDATION
HNP-V03-000160,SYN-REQ-00080,MSV1-4FF4D06810F2999B,HARD_NEGATIVE,LEXICAL_SIMILAR_NOT_GOLD,0.2727,NEEDS_EXPERT_VALIDATION
HNP-V03-000161,SYN-REQ-00081,MSV1-524F1288BA847AC5,HARD_NEGATIVE,LEXICAL_SIMILAR_NOT_GOLD,0.3478,NEEDS_EXPERT_VALIDATION
HNP-V03-000162,SYN-REQ-00081,MSV1-744E02484026A2EE,HARD_NEGATIVE,LEXICAL_SIMILAR_NOT_GOLD,0.3333,NEEDS_EXPERT_VALIDATION
HNP-V03-000163,SYN-REQ-00082,MSV1-F2B8C81D9651D8C4,HARD_NEGATIVE,LEXICAL_SIMILAR_NOT_GOLD,0.3636,NEEDS_EXPERT_VALIDATION
HNP-V03-000164,SYN-REQ-00082,MSV1-0C3B87E5036E5A22,HARD_NEGATIVE,LEXICAL_SIMILAR_NOT_GOLD,0.25,NEEDS_EXPERT_VALIDATION
HNP-V03-000165,SYN-REQ-00083,MSV1-A389E4FE9C403BC5,HARD_NEGATIVE,LEXICAL_SIMILAR_NOT_GOLD,0.3,NEEDS_EXPERT_VALIDATION
HNP-V03-000166,SYN-REQ-00083,MSV1-C1F1373B57BB955D,HARD_NEGATIVE,LEXICAL_SIMILAR_NOT_GOLD,0.2903,NEEDS_EXPERT_VALIDATION
HNP-V03-000167,SYN-REQ-00084,MSV1-68B6BF273A128C63,HARD_NEGATIVE,LEXICAL_SIMILAR_NOT_GOLD,0.6471,NEEDS_EXPERT_VALIDATION
HNP-V03-000168,SYN-REQ-00084,MSV1-754DE9975DF57692,HARD_NEGATIVE,LEXICAL_SIMILAR_NOT_GOLD,0.381,NEEDS_EXPERT_VALIDATION
HNP-V03-000169,SYN-REQ-00085,MSV1-CD09D93D7606649D,HARD_NEGATIVE,LEXICAL_SIMILAR_NOT_GOLD,0.3182,NEEDS_EXPERT_VALIDATION
HNP-V03-000170,SYN-REQ-00085,MSV1-0AECE0E993CEA7A8,HARD_NEGATIVE,LEXICAL_SIMILAR_NOT_GOLD,0.2917,NEEDS_EXPERT_VALIDATION
HNP-V03-000171,SYN-REQ-00086,MSV1-7DA6B9E56FAE2646,HARD_NEGATIVE,LEXICAL_SIMILAR_NOT_GOLD,0.2083,NEEDS_EXPERT_VALIDATION
HNP-V03-000172,SYN-REQ-00086,MSV1-EFA4D501C765814C,HARD_NEGATIVE,LEXICAL_SIMILAR_NOT_GOLD,0.1905,NEEDS_EXPERT_VALIDATION
HNP-V03-000173,SYN-REQ-00087,MSV1-963CBAE1082EA5A5,HARD_NEGATIVE,LEXICAL_SIMILAR_NOT_GOLD,0.5625,NEEDS_EXPERT_VALIDATION
HNP-V03-000174,SYN-REQ-00087,MSV1-4AF84E5284FD5FCA,HARD_NEGATIVE,LEXICAL_SIMILAR_NOT_GOLD,0.2632,NEEDS_EXPERT_VALIDATION
HNP-V03-000175,SYN-REQ-00088,MSV1-E1F727A5B35B6642,HARD_NEGATIVE,LEXICAL_SIMILAR_NOT_GOLD,0.5625,NEEDS_EXPERT_VALIDATION
HNP-V03-000176,SYN-REQ-00088,MSV1-9AC60F371BD8BD41,HARD_NEGATIVE,LEXICAL_SIMILAR_NOT_GOLD,0.2273,NEEDS_EXPERT_VALIDATION
HNP-V03-000177,SYN-REQ-00089,MSV1-086E9EC74539323E,HARD_NEGATIVE,LEXICAL_SIMILAR_NOT_GOLD,0.4545,NEEDS_EXPERT_VALIDATION
HNP-V03-000178,SYN-REQ-00089,MSV1-0BA596F8007DA5FA,HARD_NEGATIVE,LEXICAL_SIMILAR_NOT_GOLD,0.4545,NEEDS_EXPERT_VALIDATION
HNP-V03-000179,SYN-REQ-00090,MSV1-EAE3AFA1E85EB80E,HARD_NEGATIVE,LEXICAL_SIMILAR_NOT_GOLD,0.4545,NEEDS_EXPERT_VALIDATION
HNP-V03-000180,SYN-REQ-00090,MSV1-41681B5DC7B59B3F,HARD_NEGATIVE,LEXICAL_SIMILAR_NOT_GOLD,0.2667,NEEDS_EXPERT_VALIDATION
HNP-V03-000181,SYN-REQ-00091,MSV1-EE90A0D9E44D291B,HARD_NEGATIVE,LEXICAL_SIMILAR_NOT_GOLD,0.3636,NEEDS_EXPERT_VALIDATION
HNP-V03-000182,SYN-REQ-00091,MSV1-EFF32CC5E3DF969F,HARD_NEGATIVE,LEXICAL_SIMILAR_NOT_GOLD,0.2143,NEEDS_EXPERT_VALIDATION
HNP-V03-000183,SYN-REQ-00092,MSV1-4E1A7DF4F35380DE,HARD_NEGATIVE,LEXICAL_SIMILAR_NOT_GOLD,0.5,NEEDS_EXPERT_VALIDATION
HNP-V03-000184,SYN-REQ-00092,MSV1-890C4837BAB6AB42,HARD_NEGATIVE,LEXICAL_SIMILAR_NOT_GOLD,0.4783,NEEDS_EXPERT_VALIDATION
HNP-V03-000185,SYN-REQ-00093,MSV1-2AE55817A86B4181,HARD_NEGATIVE,LEXICAL_SIMILAR_NOT_GOLD,0.3333,NEEDS_EXPERT_VALIDATION
HNP-V03-000186,SYN-REQ-00093,MSV1-732DCAA73D7EA204,HARD_NEGATIVE,LEXICAL_SIMILAR_NOT_GOLD,0.2963,NEEDS_EXPERT_VALIDATION
HNP-V03-000187,SYN-REQ-00094,MSV1-DD923D9519598E49,HARD_NEGATIVE,LEXICAL_SIMILAR_NOT_GOLD,0.3,NEEDS_EXPERT_VALIDATION
HNP-V03-000188,SYN-REQ-00094,MSV1-60A0CA84A6F90365,HARD_NEGATIVE,LEXICAL_SIMILAR_NOT_GOLD,0.2,NEEDS_EXPERT_VALIDATION
HNP-V03-000189,SYN-REQ-00095,MSV1-0C870B59777C045A,HARD_NEGATIVE,LEXICAL_SIMILAR_NOT_GOLD,0.5,NEEDS_EXPERT_VALIDATION
HNP-V03-000190,SYN-REQ-00095,MSV1-090315B37F3883FE,HARD_NEGATIVE,LEXICAL_SIMILAR_NOT_GOLD,0.4375,NEEDS_EXPERT_VALIDATION
HNP-V03-000191,SYN-REQ-00096,MSV1-EEEA61349762B9AD,HARD_NEGATIVE,LEXICAL_SIMILAR_NOT_GOLD,0.5625,NEEDS_EXPERT_VALIDATION
HNP-V03-000192,SYN-REQ-00096,MSV1-E32CBB1B629D67D3,HARD_NEGATIVE,LEXICAL_SIMILAR_NOT_GOLD,0.2857,NEEDS_EXPERT_VALIDATION
HNP-V03-000193,SYN-REQ-00097,MSV1-50C6E265D848766B,HARD_NEGATIVE,LEXICAL_SIMILAR_NOT_GOLD,0.625,NEEDS_EXPERT_VALIDATION
HNP-V03-000194,SYN-REQ-00097,MSV1-BAEF6B55EC268A38,HARD_NEGATIVE,LEXICAL_SIMILAR_NOT_GOLD,0.2778,NEEDS_EXPERT_VALIDATION
HNP-V03-000195,SYN-REQ-00098,MSV1-12BC3D2795CA27CD,HARD_NEGATIVE,LEXICAL_SIMILAR_NOT_GOLD,0.4074,NEEDS_EXPERT_VALIDATION
HNP-V03-000196,SYN-REQ-00098,MSV1-F3B06E116167C3C9,HARD_NEGATIVE,LEXICAL_SIMILAR_NOT_GOLD,0.3846,NEEDS_EXPERT_VALIDATION
HNP-V03-000197,SYN-REQ-00099,MSV1-3D86FC786687F45C,HARD_NEGATIVE,LEXICAL_SIMILAR_NOT_GOLD,0.1875,NEEDS_EXPERT_VALIDATION
HNP-V03-000198,SYN-REQ-00099,MSV1-927ED4A0C825C0A6,HARD_NEGATIVE,LEXICAL_SIMILAR_NOT_GOLD,0.1875,NEEDS_EXPERT_VALIDATION
HNP-V03-000199,SYN-REQ-00100,MSV1-85EDF01ED8FA2FFB,HARD_NEGATIVE,LEXICAL_SIMILAR_NOT_GOLD,0.6364,NEEDS_EXPERT_VALIDATION
HNP-V03-000200,SYN-REQ-00100,MSV1-C47EE2F28663D0BE,HARD_NEGATIVE,LEXICAL_SIMILAR_NOT_GOLD,0.2308,NEEDS_EXPERT_VALIDATION
HNP-V03-000201,SYN-REQ-00101,MSV1-318E7EA7018451CF,HARD_NEGATIVE,LEXICAL_SIMILAR_NOT_GOLD,0.5333,NEEDS_EXPERT_VALIDATION
HNP-V03-000202,SYN-REQ-00101,MSV1-4E0D874E40DE9C09,HARD_NEGATIVE,LEXICAL_SIMILAR_NOT_GOLD,0.25,NEEDS_EXPERT_VALIDATION
HNP-V03-000203,SYN-REQ-00102,MSV1-CEC6CD8705FFE9BB,HARD_NEGATIVE,LEXICAL_SIMILAR_NOT_GOLD,0.4231,NEEDS_EXPERT_VALIDATION
HNP-V03-000204,SYN-REQ-00102,MSV1-4802C5D38C00770C,HARD_NEGATIVE,LEXICAL_SIMILAR_NOT_GOLD,0.3214,NEEDS_EXPERT_VALIDATION
HNP-V03-000205,SYN-REQ-00103,MSV1-1C3EEAAF6AF39E6D,HARD_NEGATIVE,LEXICAL_SIMILAR_NOT_GOLD,0.6471,NEEDS_EXPERT_VALIDATION
HNP-V03-000206,SYN-REQ-00103,MSV1-13A37DEFFC4A8D4A,HARD_NEGATIVE,LEXICAL_SIMILAR_NOT_GOLD,0.2273,NEEDS_EXPERT_VALIDATION
HNP-V03-000207,SYN-REQ-00104,MSV1-15291AB8EA5673CA,HARD_NEGATIVE,LEXICAL_SIMILAR_NOT_GOLD,0.2692,NEEDS_EXPERT_VALIDATION
HNP-V03-000208,SYN-REQ-00104,MSV1-D8D38092DC839F77,HARD_NEGATIVE,LEXICAL_SIMILAR_NOT_GOLD,0.2222,NEEDS_EXPERT_VALIDATION
HNP-V03-000209,SYN-REQ-00105,MSV1-166619FDC5DA4526,HARD_NEGATIVE,LEXICAL_SIMILAR_NOT_GOLD,0.6316,NEEDS_EXPERT_VALIDATION
HNP-V03-000210,SYN-REQ-00105,MSV1-5DB73996277B117C,HARD_NEGATIVE,LEXICAL_SIMILAR_NOT_GOLD,0.2917,NEEDS_EXPERT_VALIDATION
HNP-V03-000211,SYN-REQ-00106,MSV1-011A068CE3BBCED7,HARD_NEGATIVE,LEXICAL_SIMILAR_NOT_GOLD,0.5,NEEDS_EXPERT_VALIDATION
HNP-V03-000212,SYN-REQ-00106,MSV1-4BC104BC021BDE99,HARD_NEGATIVE,LEXICAL_SIMILAR_NOT_GOLD,0.4375,NEEDS_EXPERT_VALIDATION
HNP-V03-000213,SYN-REQ-00107,MSV1-65BC0135BA0DC029,HARD_NEGATIVE,LEXICAL_SIMILAR_NOT_GOLD,0.5769,NEEDS_EXPERT_VALIDATION
HNP-V03-000214,SYN-REQ-00107,MSV1-06CB783B465F89E4,HARD_NEGATIVE,LEXICAL_SIMILAR_NOT_GOLD,0.3667,NEEDS_EXPERT_VALIDATION
HNP-V03-000215,SYN-REQ-00108,MSV1-3A95BE141B2C0047,HARD_NEGATIVE,LEXICAL_SIMILAR_NOT_GOLD,0.2069,NEEDS_EXPERT_VALIDATION
HNP-V03-000216,SYN-REQ-00108,MSV1-15F75E9C363DE606,HARD_NEGATIVE,LEXICAL_SIMILAR_NOT_GOLD,0.1923,NEEDS_EXPERT_VALIDATION
HNP-V03-000217,SYN-REQ-00109,MSV1-BFF73C2C4B8446B1,HARD_NEGATIVE,LEXICAL_SIMILAR_NOT_GOLD,0.6,NEEDS_EXPERT_VALIDATION
HNP-V03-000218,SYN-REQ-00109,MSV1-28D33F3DD0EB11CC,HARD_NEGATIVE,LEXICAL_SIMILAR_NOT_GOLD,0.2941,NEEDS_EXPERT_VALIDATION
HNP-V03-000219,SYN-REQ-00110,MSV1-05CE13DB7516C49E,HARD_NEGATIVE,LEXICAL_SIMILAR_NOT_GOLD,0.4615,NEEDS_EXPERT_VALIDATION
HNP-V03-000220,SYN-REQ-00110,MSV1-4F6822532A7855A7,HARD_NEGATIVE,LEXICAL_SIMILAR_NOT_GOLD,0.2143,NEEDS_EXPERT_VALIDATION
HNP-V03-000221,SYN-REQ-00111,MSV1-18CF0C6FB0CA0629,HARD_NEGATIVE,LEXICAL_SIMILAR_NOT_GOLD,0.5556,NEEDS_EXPERT_VALIDATION
HNP-V03-000222,SYN-REQ-00111,MSV1-8DD6A17165B15A28,HARD_NEGATIVE,LEXICAL_SIMILAR_NOT_GOLD,0.4194,NEEDS_EXPERT_VALIDATION
HNP-V03-000223,SYN-REQ-00112,MSV1-2DB6D68C46BE451A,HARD_NEGATIVE,LEXICAL_SIMILAR_NOT_GOLD,0.4167,NEEDS_EXPERT_VALIDATION
HNP-V03-000224,SYN-REQ-00112,MSV1-1313D940B89DCB8E,HARD_NEGATIVE,LEXICAL_SIMILAR_NOT_GOLD,0.2143,NEEDS_EXPERT_VALIDATION
HNP-V03-000225,SYN-REQ-00113,MSV1-FD924BF3A962A873,HARD_NEGATIVE,LEXICAL_SIMILAR_NOT_GOLD,0.5,NEEDS_EXPERT_VALIDATION
HNP-V03-000226,SYN-REQ-00113,MSV1-6D7F1810DF400125,HARD_NEGATIVE,LEXICAL_SIMILAR_NOT_GOLD,0.4783,NEEDS_EXPERT_VALIDATION
HNP-V03-000227,SYN-REQ-00114,MSV1-00D1B38261ADBE8C,HARD_NEGATIVE,LEXICAL_SIMILAR_NOT_GOLD,0.5333,NEEDS_EXPERT_VALIDATION
HNP-V03-000228,SYN-REQ-00114,MSV1-45A44F688AC893E8,HARD_NEGATIVE,LEXICAL_SIMILAR_NOT_GOLD,0.4,NEEDS_EXPERT_VALIDATION
HNP-V03-000229,SYN-REQ-00115,MSV1-848BC97D2A7AA6F3,HARD_NEGATIVE,LEXICAL_SIMILAR_NOT_GOLD,0.35,NEEDS_EXPERT_VALIDATION
HNP-V03-000230,SYN-REQ-00115,MSV1-369F86D55571060B,HARD_NEGATIVE,LEXICAL_SIMILAR_NOT_GOLD,0.25,NEEDS_EXPERT_VALIDATION
HNP-V03-000231,SYN-REQ-00116,MSV1-571ED5DC6E9B59A4,HARD_NEGATIVE,LEXICAL_SIMILAR_NOT_GOLD,0.5714,NEEDS_EXPERT_VALIDATION
HNP-V03-000232,SYN-REQ-00116,MSV1-17F6A70B6528BEC0,HARD_NEGATIVE,LEXICAL_SIMILAR_NOT_GOLD,0.1875,NEEDS_EXPERT_VALIDATION
HNP-V03-000233,SYN-REQ-00117,MSV1-8562A605E6041708,HARD_NEGATIVE,LEXICAL_SIMILAR_NOT_GOLD,0.2083,NEEDS_EXPERT_VALIDATION
HNP-V03-000234,SYN-REQ-00117,MSV1-4DBCE192B8C58C7A,HARD_NEGATIVE,LEXICAL_SIMILAR_NOT_GOLD,0.1905,NEEDS_EXPERT_VALIDATION
HNP-V03-000235,SYN-REQ-00118,MSV1-234525353C9C28C2,HARD_NEGATIVE,LEXICAL_SIMILAR_NOT_GOLD,0.2083,NEEDS_EXPERT_VALIDATION
HNP-V03-000236,SYN-REQ-00118,MSV1-C6F1969984EBC6FA,HARD_NEGATIVE,LEXICAL_SIMILAR_NOT_GOLD,0.1818,NEEDS_EXPERT_VALIDATION
HNP-V03-000237,SYN-REQ-00119,MSV1-60A0CA84A6F90365,HARD_NEGATIVE,LEXICAL_SIMILAR_NOT_GOLD,0.1765,NEEDS_EXPERT_VALIDATION
HNP-V03-000238,SYN-REQ-00119,MSV1-8F27C798F02C3A59,HARD_NEGATIVE,LEXICAL_SIMILAR_NOT_GOLD,0.1667,NEEDS_EXPERT_VALIDATION
HNP-V03-000239,SYN-REQ-00120,MSV1-5B6D087791FF587A,HARD_NEGATIVE,LEXICAL_SIMILAR_NOT_GOLD,0.3333,NEEDS_EXPERT_VALIDATION
HNP-V03-000240,SYN-REQ-00120,MSV1-8620FE06B369134E,HARD_NEGATIVE,LEXICAL_SIMILAR_NOT_GOLD,0.3333,NEEDS_EXPERT_VALIDATION
HNP-V03-000241,SYN-REQ-00121,MSV1-22ABD8979FE8BB21,HARD_NEGATIVE,LEXICAL_SIMILAR_NOT_GOLD,0.4545,NEEDS_EXPERT_VALIDATION
HNP-V03-000242,SYN-REQ-00121,MSV1-E1CC1266C4B5407B,HARD_NEGATIVE,LEXICAL_SIMILAR_NOT_GOLD,0.3077,NEEDS_EXPERT_VALIDATION
HNP-V03-000243,SYN-REQ-00122,MSV1-ACAFD2F4BC5DB334,HARD_NEGATIVE,LEXICAL_SIMILAR_NOT_GOLD,0.6111,NEEDS_EXPERT_VALIDATION
HNP-V03-000244,SYN-REQ-00122,MSV1-7C9255AA2DA813CB,HARD_NEGATIVE,LEXICAL_SIMILAR_NOT_GOLD,0.3333,NEEDS_EXPERT_VALIDATION
HNP-V03-000245,SYN-REQ-00123,MSV1-7F678E2CAFCA8767,HARD_NEGATIVE,LEXICAL_SIMILAR_NOT_GOLD,0.4167,NEEDS_EXPERT_VALIDATION
HNP-V03-000246,SYN-REQ-00123,MSV1-B9FD19D114F8973B,HARD_NEGATIVE,LEXICAL_SIMILAR_NOT_GOLD,0.2667,NEEDS_EXPERT_VALIDATION
HNP-V03-000247,SYN-REQ-00124,MSV1-0B1492EBEA70F1E9,HARD_NEGATIVE,LEXICAL_SIMILAR_NOT_GOLD,0.5,NEEDS_EXPERT_VALIDATION
HNP-V03-000248,SYN-REQ-00124,MSV1-CBFEC3F2F4B3CD9D,HARD_NEGATIVE,LEXICAL_SIMILAR_NOT_GOLD,0.3846,NEEDS_EXPERT_VALIDATION
HNP-V03-000249,SYN-REQ-00125,MSV1-2BF571185780B815,HARD_NEGATIVE,LEXICAL_SIMILAR_NOT_GOLD,0.4583,NEEDS_EXPERT_VALIDATION
HNP-V03-000250,SYN-REQ-00125,MSV1-9A100266216920EE,HARD_NEGATIVE,LEXICAL_SIMILAR_NOT_GOLD,0.3077,NEEDS_EXPERT_VALIDATION
HNP-V03-000251,SYN-REQ-00126,MSV1-E6835A5A59327B36,HARD_NEGATIVE,LEXICAL_SIMILAR_NOT_GOLD,0.45,NEEDS_EXPERT_VALIDATION
HNP-V03-000252,SYN-REQ-00126,MSV1-63359DDEC5B70457,HARD_NEGATIVE,LEXICAL_SIMILAR_NOT_GOLD,0.3182,NEEDS_EXPERT_VALIDATION
HNP-V03-000253,SYN-REQ-00127,MSV1-B9FD19D114F8973B,HARD_NEGATIVE,LEXICAL_SIMILAR_NOT_GOLD,0.2667,NEEDS_EXPERT_VALIDATION
HNP-V03-000254,SYN-REQ-00127,MSV1-61B34B48D696D7E8,HARD_NEGATIVE,LEXICAL_SIMILAR_NOT_GOLD,0.2632,NEEDS_EXPERT_VALIDATION
HNP-V03-000255,SYN-REQ-00128,MSV1-14D550FC60C380AF,HARD_NEGATIVE,LEXICAL_SIMILAR_NOT_GOLD,0.3,NEEDS_EXPERT_VALIDATION
HNP-V03-000256,SYN-REQ-00128,MSV1-60A0CA84A6F90365,HARD_NEGATIVE,LEXICAL_SIMILAR_NOT_GOLD,0.2,NEEDS_EXPERT_VALIDATION
HNP-V03-000257,SYN-REQ-00129,MSV1-00A622357E8D0754,HARD_NEGATIVE,LEXICAL_SIMILAR_NOT_GOLD,0.4167,NEEDS_EXPERT_VALIDATION
HNP-V03-000258,SYN-REQ-00129,MSV1-54BADE09309286FF,HARD_NEGATIVE,LEXICAL_SIMILAR_NOT_GOLD,0.3077,NEEDS_EXPERT_VALIDATION
HNP-V03-000259,SYN-REQ-00130,MSV1-523EE146690ACE4F,HARD_NEGATIVE,LEXICAL_SIMILAR_NOT_GOLD,0.2609,NEEDS_EXPERT_VALIDATION
HNP-V03-000260,SYN-REQ-00130,MSV1-F9258D59645927EB,HARD_NEGATIVE,LEXICAL_SIMILAR_NOT_GOLD,0.2609,NEEDS_EXPERT_VALIDATION
HNP-V03-000261,SYN-REQ-00131,MSV1-0F043E9CF74D92B0,HARD_NEGATIVE,LEXICAL_SIMILAR_NOT_GOLD,0.4828,NEEDS_EXPERT_VALIDATION
HNP-V03-000262,SYN-REQ-00131,MSV1-787BEBEA3A7DEBB7,HARD_NEGATIVE,LEXICAL_SIMILAR_NOT_GOLD,0.4828,NEEDS_EXPERT_VALIDATION
HNP-V03-000263,SYN-REQ-00132,MSV1-1B003F43ABD9161C,HARD_NEGATIVE,LEXICAL_SIMILAR_NOT_GOLD,0.5714,NEEDS_EXPERT_VALIDATION
HNP-V03-000264,SYN-REQ-00132,MSV1-10EE9112368B680C,HARD_NEGATIVE,LEXICAL_SIMILAR_NOT_GOLD,0.4375,NEEDS_EXPERT_VALIDATION
HNP-V03-000265,SYN-REQ-00133,MSV1-55CA7EDE4B6FE995,HARD_NEGATIVE,LEXICAL_SIMILAR_NOT_GOLD,0.1818,NEEDS_EXPERT_VALIDATION
HNP-V03-000266,SYN-REQ-00133,MSV1-50EAF85F04843A2F,HARD_NEGATIVE,LEXICAL_SIMILAR_NOT_GOLD,0.1739,NEEDS_EXPERT_VALIDATION
HNP-V03-000267,SYN-REQ-00134,MSV1-04B38E26112BBD84,HARD_NEGATIVE,LEXICAL_SIMILAR_NOT_GOLD,0.625,NEEDS_EXPERT_VALIDATION
HNP-V03-000268,SYN-REQ-00134,MSV1-957F62F8AB60E977,HARD_NEGATIVE,LEXICAL_SIMILAR_NOT_GOLD,0.2105,NEEDS_EXPERT_VALIDATION
HNP-V03-000269,SYN-REQ-00135,MSV1-B29385A15E55210C,HARD_NEGATIVE,LEXICAL_SIMILAR_NOT_GOLD,0.4167,NEEDS_EXPERT_VALIDATION
HNP-V03-000270,SYN-REQ-00135,MSV1-75124B00A609E25D,HARD_NEGATIVE,LEXICAL_SIMILAR_NOT_GOLD,0.4091,NEEDS_EXPERT_VALIDATION
HNP-V03-000271,SYN-REQ-00136,MSV1-2C77DE9059080E55,HARD_NEGATIVE,LEXICAL_SIMILAR_NOT_GOLD,0.4545,NEEDS_EXPERT_VALIDATION
HNP-V03-000272,SYN-REQ-00136,MSV1-8B083B424EE22463,HARD_NEGATIVE,LEXICAL_SIMILAR_NOT_GOLD,0.2,NEEDS_EXPERT_VALIDATION
HNP-V03-000273,SYN-REQ-00137,MSV1-C1BFEFAADD205E38,HARD_NEGATIVE,LEXICAL_SIMILAR_NOT_GOLD,0.5625,NEEDS_EXPERT_VALIDATION
HNP-V03-000274,SYN-REQ-00137,MSV1-561BEB9BA9CF018C,HARD_NEGATIVE,LEXICAL_SIMILAR_NOT_GOLD,0.3333,NEEDS_EXPERT_VALIDATION
HNP-V03-000275,SYN-REQ-00138,MSV1-43B8209392A4EEF0,HARD_NEGATIVE,LEXICAL_SIMILAR_NOT_GOLD,0.625,NEEDS_EXPERT_VALIDATION
HNP-V03-000276,SYN-REQ-00138,MSV1-F14F546D0EB0F693,HARD_NEGATIVE,LEXICAL_SIMILAR_NOT_GOLD,0.5938,NEEDS_EXPERT_VALIDATION
HNP-V03-000277,SYN-REQ-00139,MSV1-1A2CA47C75721AC8,HARD_NEGATIVE,LEXICAL_SIMILAR_NOT_GOLD,0.4545,NEEDS_EXPERT_VALIDATION
HNP-V03-000278,SYN-REQ-00139,MSV1-22C912871C29A0FE,HARD_NEGATIVE,LEXICAL_SIMILAR_NOT_GOLD,0.3636,NEEDS_EXPERT_VALIDATION
HNP-V03-000279,SYN-REQ-00140,MSV1-4B1B9998C6AD51E5,HARD_NEGATIVE,LEXICAL_SIMILAR_NOT_GOLD,0.32,NEEDS_EXPERT_VALIDATION
HNP-V03-000280,SYN-REQ-00140,MSV1-A5F5431926F15EEA,HARD_NEGATIVE,LEXICAL_SIMILAR_NOT_GOLD,0.25,NEEDS_EXPERT_VALIDATION
HNP-V03-000281,SYN-REQ-00141,MSV1-111580563FB8A2AC,HARD_NEGATIVE,LEXICAL_SIMILAR_NOT_GOLD,0.5,NEEDS_EXPERT_VALIDATION
HNP-V03-000282,SYN-REQ-00141,MSV1-05F147B675844942,HARD_NEGATIVE,LEXICAL_SIMILAR_NOT_GOLD,0.25,NEEDS_EXPERT_VALIDATION
HNP-V03-000283,SYN-REQ-00142,MSV1-8C9CC8C9BC25620A,HARD_NEGATIVE,LEXICAL_SIMILAR_NOT_GOLD,0.1818,NEEDS_EXPERT_VALIDATION
HNP-V03-000284,SYN-REQ-00142,MSV1-D353848AB01D6818,HARD_NEGATIVE,LEXICAL_SIMILAR_NOT_GOLD,0.1818,NEEDS_EXPERT_VALIDATION
HNP-V03-000285,SYN-REQ-00143,MSV1-9750DCB641355EC5,HARD_NEGATIVE,LEXICAL_SIMILAR_NOT_GOLD,0.6471,NEEDS_EXPERT_VALIDATION
HNP-V03-000286,SYN-REQ-00143,MSV1-DC27EE1B7722D4E7,HARD_NEGATIVE,LEXICAL_SIMILAR_NOT_GOLD,0.4737,NEEDS_EXPERT_VALIDATION
HNP-V03-000287,SYN-REQ-00144,MSV1-7ACAED4E3AE185AB,HARD_NEGATIVE,LEXICAL_SIMILAR_NOT_GOLD,0.5625,NEEDS_EXPERT_VALIDATION
HNP-V03-000288,SYN-REQ-00144,MSV1-8A33443F1DFCDD24,HARD_NEGATIVE,LEXICAL_SIMILAR_NOT_GOLD,0.3684,NEEDS_EXPERT_VALIDATION
HNP-V03-000289,SYN-REQ-00145,MSV1-486B4BE9BD8B62C8,HARD_NEGATIVE,LEXICAL_SIMILAR_NOT_GOLD,0.4167,NEEDS_EXPERT_VALIDATION
HNP-V03-000290,SYN-REQ-00145,MSV1-13B5123D579E6D6E,HARD_NEGATIVE,LEXICAL_SIMILAR_NOT_GOLD,0.4,NEEDS_EXPERT_VALIDATION
HNP-V03-000291,SYN-REQ-00146,MSV1-CB7854B696A8E808,HARD_NEGATIVE,LEXICAL_SIMILAR_NOT_GOLD,0.25,NEEDS_EXPERT_VALIDATION
HNP-V03-000292,SYN-REQ-00146,MSV1-CA90D8A99FD511D8,HARD_NEGATIVE,LEXICAL_SIMILAR_NOT_GOLD,0.2414,NEEDS_EXPERT_VALIDATION
HNP-V03-000293,SYN-REQ-00147,MSV1-C7CA50C80E1EE2B6,HARD_NEGATIVE,LEXICAL_SIMILAR_NOT_GOLD,0.4545,NEEDS_EXPERT_VALIDATION
HNP-V03-000294,SYN-REQ-00147,MSV1-04E5D8A57175B110,HARD_NEGATIVE,LEXICAL_SIMILAR_NOT_GOLD,0.2143,NEEDS_EXPERT_VALIDATION
HNP-V03-000295,SYN-REQ-00148,MSV1-F37A8CEFE1C0B328,HARD_NEGATIVE,LEXICAL_SIMILAR_NOT_GOLD,0.3636,NEEDS_EXPERT_VALIDATION
HNP-V03-000296,SYN-REQ-00148,MSV1-6AC97FE74E3AA9AC,HARD_NEGATIVE,LEXICAL_SIMILAR_NOT_GOLD,0.25,NEEDS_EXPERT_VALIDATION
HNP-V03-000297,SYN-REQ-00149,MSV1-DD469613FFF0F506,HARD_NEGATIVE,LEXICAL_SIMILAR_NOT_GOLD,0.3,NEEDS_EXPERT_VALIDATION
HNP-V03-000298,SYN-REQ-00149,MSV1-90AF142438136E10,HARD_NEGATIVE,LEXICAL_SIMILAR_NOT_GOLD,0.2308,NEEDS_EXPERT_VALIDATION
HNP-V03-000299,SYN-REQ-00150,MSV1-2195791FD82B61FE,HARD_NEGATIVE,LEXICAL_SIMILAR_NOT_GOLD,0.1905,NEEDS_EXPERT_VALIDATION
HNP-V03-000300,SYN-REQ-00150,MSV1-2E058B9B40E3A05B,HARD_NEGATIVE,LEXICAL_SIMILAR_NOT_GOLD,0.1429,NEEDS_EXPERT_VALIDATION
HNP-V03-000301,SYN-REQ-00151,MSV1-75C0A7C41231A775,HARD_NEGATIVE,LEXICAL_SIMILAR_NOT_GOLD,0.5,NEEDS_EXPERT_VALIDATION
HNP-V03-000302,SYN-REQ-00151,MSV1-F99714AD47E7ACF2,HARD_NEGATIVE,LEXICAL_SIMILAR_NOT_GOLD,0.3571,NEEDS_EXPERT_VALIDATION
HNP-V03-000303,SYN-REQ-00152,MSV1-07CF447AA729DBBA,HARD_NEGATIVE,LEXICAL_SIMILAR_NOT_GOLD,0.5758,NEEDS_EXPERT_VALIDATION
HNP-V03-000304,SYN-REQ-00152,MSV1-26827D8FC74BC1FA,HARD_NEGATIVE,LEXICAL_SIMILAR_NOT_GOLD,0.5588,NEEDS_EXPERT_VALIDATION
HNP-V03-000305,SYN-REQ-00153,MSV1-86475069CD80AC62,HARD_NEGATIVE,LEXICAL_SIMILAR_NOT_GOLD,0.4545,NEEDS_EXPERT_VALIDATION
HNP-V03-000306,SYN-REQ-00153,MSV1-1FE13719E4D0C280,HARD_NEGATIVE,LEXICAL_SIMILAR_NOT_GOLD,0.4091,NEEDS_EXPERT_VALIDATION
HNP-V03-000307,SYN-REQ-00154,MSV1-DC69A1F28864671E,HARD_NEGATIVE,LEXICAL_SIMILAR_NOT_GOLD,0.6,NEEDS_EXPERT_VALIDATION
HNP-V03-000308,SYN-REQ-00154,MSV1-067FC3CE6F7C1A24,HARD_NEGATIVE,LEXICAL_SIMILAR_NOT_GOLD,0.2273,NEEDS_EXPERT_VALIDATION
HNP-V03-000309,SYN-REQ-00155,MSV1-71FAF9CBBACB33A1,HARD_NEGATIVE,LEXICAL_SIMILAR_NOT_GOLD,0.4048,NEEDS_EXPERT_VALIDATION
HNP-V03-000310,SYN-REQ-00155,MSV1-8D7DD0FAAD020908,HARD_NEGATIVE,LEXICAL_SIMILAR_NOT_GOLD,0.4048,NEEDS_EXPERT_VALIDATION
HNP-V03-000311,SYN-REQ-00156,MSV1-9FF49FCB2BDB3FF1,HARD_NEGATIVE,LEXICAL_SIMILAR_NOT_GOLD,0.4615,NEEDS_EXPERT_VALIDATION
HNP-V03-000312,SYN-REQ-00156,MSV1-C59BC8498DCBA1D0,HARD_NEGATIVE,LEXICAL_SIMILAR_NOT_GOLD,0.25,NEEDS_EXPERT_VALIDATION
HNP-V03-000313,SYN-REQ-00157,MSV1-94D5BDD5BB26E38C,HARD_NEGATIVE,LEXICAL_SIMILAR_NOT_GOLD,0.25,NEEDS_EXPERT_VALIDATION
HNP-V03-000314,SYN-REQ-00157,MSV1-48650196D688E5C9,HARD_NEGATIVE,LEXICAL_SIMILAR_NOT_GOLD,0.2308,NEEDS_EXPERT_VALIDATION
HNP-V03-000315,SYN-REQ-00158,MSV1-07C937872FE491DB,HARD_NEGATIVE,LEXICAL_SIMILAR_NOT_GOLD,0.5185,NEEDS_EXPERT_VALIDATION
HNP-V03-000316,SYN-REQ-00158,MSV1-5FB20B4EA855D903,HARD_NEGATIVE,LEXICAL_SIMILAR_NOT_GOLD,0.4828,NEEDS_EXPERT_VALIDATION
HNP-V03-000317,SYN-REQ-00159,MSV1-60A0CA84A6F90365,HARD_NEGATIVE,LEXICAL_SIMILAR_NOT_GOLD,0.2,NEEDS_EXPERT_VALIDATION
HNP-V03-000318,SYN-REQ-00159,MSV1-15F75E9C363DE606,HARD_NEGATIVE,LEXICAL_SIMILAR_NOT_GOLD,0.1905,NEEDS_EXPERT_VALIDATION
HNP-V03-000319,SYN-REQ-00160,MSV1-B82037DCD6154618,HARD_NEGATIVE,LEXICAL_SIMILAR_NOT_GOLD,0.5,NEEDS_EXPERT_VALIDATION
HNP-V03-000320,SYN-REQ-00160,MSV1-E0AB105D3AFBC004,HARD_NEGATIVE,LEXICAL_SIMILAR_NOT_GOLD,0.2333,NEEDS_EXPERT_VALIDATION
HNP-V03-000321,SYN-REQ-00161,MSV1-1B155F092BA69977,HARD_NEGATIVE,LEXICAL_SIMILAR_NOT_GOLD,0.5172,NEEDS_EXPERT_VALIDATION
HNP-V03-000322,SYN-REQ-00161,MSV1-3F0A4BE6C24C85AB,HARD_NEGATIVE,LEXICAL_SIMILAR_NOT_GOLD,0.5,NEEDS_EXPERT_VALIDATION
HNP-V03-000323,SYN-REQ-00162,MSV1-AC7F2572963CC246,HARD_NEGATIVE,LEXICAL_SIMILAR_NOT_GOLD,0.5882,NEEDS_EXPERT_VALIDATION
HNP-V03-000324,SYN-REQ-00162,MSV1-3A0F654BC9C5DD50,HARD_NEGATIVE,LEXICAL_SIMILAR_NOT_GOLD,0.3333,NEEDS_EXPERT_VALIDATION
HNP-V03-000325,SYN-REQ-00163,MSV1-EF75001EBA6EF3BE,HARD_NEGATIVE,LEXICAL_SIMILAR_NOT_GOLD,0.5333,NEEDS_EXPERT_VALIDATION
HNP-V03-000326,SYN-REQ-00163,MSV1-5D7D47F1A45261B9,HARD_NEGATIVE,LEXICAL_SIMILAR_NOT_GOLD,0.4667,NEEDS_EXPERT_VALIDATION
HNP-V03-000327,SYN-REQ-00164,MSV1-26ABB84A92F0AE4A,HARD_NEGATIVE,LEXICAL_SIMILAR_NOT_GOLD,0.2759,NEEDS_EXPERT_VALIDATION
HNP-V03-000328,SYN-REQ-00164,MSV1-DC6071A2A91F9159,HARD_NEGATIVE,LEXICAL_SIMILAR_NOT_GOLD,0.2188,NEEDS_EXPERT_VALIDATION
HNP-V03-000329,SYN-REQ-00165,MSV1-B3BEA92C6EEA0343,HARD_NEGATIVE,LEXICAL_SIMILAR_NOT_GOLD,0.24,NEEDS_EXPERT_VALIDATION
HNP-V03-000330,SYN-REQ-00165,MSV1-3119CBC9CEECDF42,HARD_NEGATIVE,LEXICAL_SIMILAR_NOT_GOLD,0.2105,NEEDS_EXPERT_VALIDATION
HNP-V03-000331,SYN-REQ-00166,MSV1-A514793FC5D1A95E,HARD_NEGATIVE,LEXICAL_SIMILAR_NOT_GOLD,0.5333,NEEDS_EXPERT_VALIDATION
HNP-V03-000332,SYN-REQ-00166,MSV1-4FB60D397C1EE502,HARD_NEGATIVE,LEXICAL_SIMILAR_NOT_GOLD,0.3043,NEEDS_EXPERT_VALIDATION
HNP-V03-000333,SYN-REQ-00167,MSV1-2016689167D1AEE7,HARD_NEGATIVE,LEXICAL_SIMILAR_NOT_GOLD,0.5333,NEEDS_EXPERT_VALIDATION
HNP-V03-000334,SYN-REQ-00167,MSV1-A3AD2C99F6D3B04C,HARD_NEGATIVE,LEXICAL_SIMILAR_NOT_GOLD,0.2083,NEEDS_EXPERT_VALIDATION
HNP-V03-000335,SYN-REQ-00168,MSV1-85B9DC268CF2DE63,HARD_NEGATIVE,LEXICAL_SIMILAR_NOT_GOLD,0.5882,NEEDS_EXPERT_VALIDATION
HNP-V03-000336,SYN-REQ-00168,MSV1-0E6A573213CBAF58,HARD_NEGATIVE,LEXICAL_SIMILAR_NOT_GOLD,0.2222,NEEDS_EXPERT_VALIDATION
HNP-V03-000337,SYN-REQ-00169,MSV1-6DF7E3EA77188B42,HARD_NEGATIVE,LEXICAL_SIMILAR_NOT_GOLD,0.5385,NEEDS_EXPERT_VALIDATION
HNP-V03-000338,SYN-REQ-00169,MSV1-535ED07B220D1F75,HARD_NEGATIVE,LEXICAL_SIMILAR_NOT_GOLD,0.4286,NEEDS_EXPERT_VALIDATION
HNP-V03-000339,SYN-REQ-00170,MSV1-C9526DDCE45AB8B3,HARD_NEGATIVE,LEXICAL_SIMILAR_NOT_GOLD,0.3478,NEEDS_EXPERT_VALIDATION
HNP-V03-000340,SYN-REQ-00170,MSV1-3821616610D65715,HARD_NEGATIVE,LEXICAL_SIMILAR_NOT_GOLD,0.32,NEEDS_EXPERT_VALIDATION
HNP-V03-000341,SYN-REQ-00171,MSV1-E32CBB1B629D67D3,HARD_NEGATIVE,LEXICAL_SIMILAR_NOT_GOLD,0.25,NEEDS_EXPERT_VALIDATION
HNP-V03-000342,SYN-REQ-00171,MSV1-EFFF058DE0CAD3B3,HARD_NEGATIVE,LEXICAL_SIMILAR_NOT_GOLD,0.2083,NEEDS_EXPERT_VALIDATION
HNP-V03-000343,SYN-REQ-00172,MSV1-95BCE60C018D6B3E,HARD_NEGATIVE,LEXICAL_SIMILAR_NOT_GOLD,0.6,NEEDS_EXPERT_VALIDATION
HNP-V03-000344,SYN-REQ-00172,MSV1-16CDABB471797BE3,HARD_NEGATIVE,LEXICAL_SIMILAR_NOT_GOLD,0.25,NEEDS_EXPERT_VALIDATION
HNP-V03-000345,SYN-REQ-00173,MSV1-8F8C003B73BFB936,HARD_NEGATIVE,LEXICAL_SIMILAR_NOT_GOLD,0.6316,NEEDS_EXPERT_VALIDATION
HNP-V03-000346,SYN-REQ-00173,MSV1-130A57EB74BA95EE,HARD_NEGATIVE,LEXICAL_SIMILAR_NOT_GOLD,0.375,NEEDS_EXPERT_VALIDATION
HNP-V03-000347,SYN-REQ-00174,MSV1-28F4605EBC0E0D0A,HARD_NEGATIVE,LEXICAL_SIMILAR_NOT_GOLD,0.6111,NEEDS_EXPERT_VALIDATION
HNP-V03-000348,SYN-REQ-00174,MSV1-1E6B96779F89689F,HARD_NEGATIVE,LEXICAL_SIMILAR_NOT_GOLD,0.2,NEEDS_EXPERT_VALIDATION
HNP-V03-000349,SYN-REQ-00175,MSV1-125B2DE672B73ACB,HARD_NEGATIVE,LEXICAL_SIMILAR_NOT_GOLD,0.2308,NEEDS_EXPERT_VALIDATION
HNP-V03-000350,SYN-REQ-00175,MSV1-5A3CC7649B86AB83,HARD_NEGATIVE,LEXICAL_SIMILAR_NOT_GOLD,0.1842,NEEDS_EXPERT_VALIDATION
HNP-V03-000351,SYN-REQ-00176,MSV1-D9AEDD8B5CBFE6EE,HARD_NEGATIVE,LEXICAL_SIMILAR_NOT_GOLD,0.5,NEEDS_EXPERT_VALIDATION
HNP-V03-000352,SYN-REQ-00176,MSV1-1B111A6BC0B53C5B,HARD_NEGATIVE,LEXICAL_SIMILAR_NOT_GOLD,0.4828,NEEDS_EXPERT_VALIDATION
HNP-V03-000353,SYN-REQ-00177,MSV1-6904C86861064C83,HARD_NEGATIVE,LEXICAL_SIMILAR_NOT_GOLD,0.3,NEEDS_EXPERT_VALIDATION
HNP-V03-000354,SYN-REQ-00177,MSV1-939FB24642421531,HARD_NEGATIVE,LEXICAL_SIMILAR_NOT_GOLD,0.2727,NEEDS_EXPERT_VALIDATION
HNP-V03-000355,SYN-REQ-00178,MSV1-D3A4A21668A27639,HARD_NEGATIVE,LEXICAL_SIMILAR_NOT_GOLD,0.6111,NEEDS_EXPERT_VALIDATION
HNP-V03-000356,SYN-REQ-00178,MSV1-751AFBB57EB7EB02,HARD_NEGATIVE,LEXICAL_SIMILAR_NOT_GOLD,0.381,NEEDS_EXPERT_VALIDATION
HNP-V03-000357,SYN-REQ-00179,MSV1-2DF1410515B4118F,HARD_NEGATIVE,LEXICAL_SIMILAR_NOT_GOLD,0.5238,NEEDS_EXPERT_VALIDATION
HNP-V03-000358,SYN-REQ-00179,MSV1-401EC19CAB1AA632,HARD_NEGATIVE,LEXICAL_SIMILAR_NOT_GOLD,0.5238,NEEDS_EXPERT_VALIDATION
HNP-V03-000359,SYN-REQ-00180,MSV1-0033123A0B9E2145,HARD_NEGATIVE,LEXICAL_SIMILAR_NOT_GOLD,0.48,NEEDS_EXPERT_VALIDATION
HNP-V03-000360,SYN-REQ-00180,MSV1-C61BA55A5C5E3A0C,HARD_NEGATIVE,LEXICAL_SIMILAR_NOT_GOLD,0.48,NEEDS_EXPERT_VALIDATION
HNP-V03-000361,SYN-REQ-00181,MSV1-3F4B79E961B6FCA7,HARD_NEGATIVE,LEXICAL_SIMILAR_NOT_GOLD,0.5,NEEDS_EXPERT_VALIDATION
HNP-V03-000362,SYN-REQ-00181,MSV1-2B1D885B0AE9C82C,HARD_NEGATIVE,LEXICAL_SIMILAR_NOT_GOLD,0.2667,NEEDS_EXPERT_VALIDATION
HNP-V03-000363,SYN-REQ-00182,MSV1-080C1E7DE9646740,HARD_NEGATIVE,LEXICAL_SIMILAR_NOT_GOLD,0.6316,NEEDS_EXPERT_VALIDATION
HNP-V03-000364,SYN-REQ-00182,MSV1-0D32EA65DD8D1D39,HARD_NEGATIVE,LEXICAL_SIMILAR_NOT_GOLD,0.2857,NEEDS_EXPERT_VALIDATION
HNP-V03-000365,SYN-REQ-00183,MSV1-820EDBB64BC31B95,HARD_NEGATIVE,LEXICAL_SIMILAR_NOT_GOLD,0.625,NEEDS_EXPERT_VALIDATION
HNP-V03-000366,SYN-REQ-00183,MSV1-A9EBBFF19A5C0B0A,HARD_NEGATIVE,LEXICAL_SIMILAR_NOT_GOLD,0.3889,NEEDS_EXPERT_VALIDATION
HNP-V03-000367,SYN-REQ-00184,MSV1-DB8A1BD9026A49D6,HARD_NEGATIVE,LEXICAL_SIMILAR_NOT_GOLD,0.3448,NEEDS_EXPERT_VALIDATION
HNP-V03-000368,SYN-REQ-00184,MSV1-8D5A103D2E31DA0E,HARD_NEGATIVE,LEXICAL_SIMILAR_NOT_GOLD,0.3125,NEEDS_EXPERT_VALIDATION
HNP-V03-000369,SYN-REQ-00185,MSV1-D9AEDD8B5CBFE6EE,HARD_NEGATIVE,LEXICAL_SIMILAR_NOT_GOLD,0.6296,NEEDS_EXPERT_VALIDATION
HNP-V03-000370,SYN-REQ-00185,MSV1-1B111A6BC0B53C5B,HARD_NEGATIVE,LEXICAL_SIMILAR_NOT_GOLD,0.6071,NEEDS_EXPERT_VALIDATION
HNP-V03-000371,SYN-REQ-00186,MSV1-C95334076D7889F3,HARD_NEGATIVE,LEXICAL_SIMILAR_NOT_GOLD,0.5714,NEEDS_EXPERT_VALIDATION
HNP-V03-000372,SYN-REQ-00186,MSV1-8695E6C140385652,HARD_NEGATIVE,LEXICAL_SIMILAR_NOT_GOLD,0.4118,NEEDS_EXPERT_VALIDATION
HNP-V03-000373,SYN-REQ-00187,MSV1-EABF34A578903E3E,HARD_NEGATIVE,LEXICAL_SIMILAR_NOT_GOLD,0.6316,NEEDS_EXPERT_VALIDATION
HNP-V03-000374,SYN-REQ-00187,MSV1-EF965C4E3964D089,HARD_NEGATIVE,LEXICAL_SIMILAR_NOT_GOLD,0.24,NEEDS_EXPERT_VALIDATION
HNP-V03-000375,SYN-REQ-00188,MSV1-0001477062BBF63E,HARD_NEGATIVE,LEXICAL_SIMILAR_NOT_GOLD,0.32,NEEDS_EXPERT_VALIDATION
HNP-V03-000376,SYN-REQ-00188,MSV1-B50138F7C055AAA1,HARD_NEGATIVE,LEXICAL_SIMILAR_NOT_GOLD,0.2917,NEEDS_EXPERT_VALIDATION
HNP-V03-000377,SYN-REQ-00189,MSV1-68D9C659DB6ABE2C,HARD_NEGATIVE,LEXICAL_SIMILAR_NOT_GOLD,0.5385,NEEDS_EXPERT_VALIDATION
HNP-V03-000378,SYN-REQ-00189,MSV1-EFC5A024A3A826DD,HARD_NEGATIVE,LEXICAL_SIMILAR_NOT_GOLD,0.5385,NEEDS_EXPERT_VALIDATION
HNP-V03-000379,SYN-REQ-00190,MSV1-DAABB7733BB55C17,HARD_NEGATIVE,LEXICAL_SIMILAR_NOT_GOLD,0.3913,NEEDS_EXPERT_VALIDATION
HNP-V03-000380,SYN-REQ-00190,MSV1-2794293CF640AF69,HARD_NEGATIVE,LEXICAL_SIMILAR_NOT_GOLD,0.36,NEEDS_EXPERT_VALIDATION
HNP-V03-000381,SYN-REQ-00191,MSV1-3446A7C1914C0F02,HARD_NEGATIVE,LEXICAL_SIMILAR_NOT_GOLD,0.5556,NEEDS_EXPERT_VALIDATION
HNP-V03-000382,SYN-REQ-00191,MSV1-A40EE1C176AD35B3,HARD_NEGATIVE,LEXICAL_SIMILAR_NOT_GOLD,0.5357,NEEDS_EXPERT_VALIDATION
HNP-V03-000383,SYN-REQ-00192,MSV1-FDF070BB23A044C0,HARD_NEGATIVE,LEXICAL_SIMILAR_NOT_GOLD,0.6,NEEDS_EXPERT_VALIDATION
HNP-V03-000384,SYN-REQ-00192,MSV1-55B872FFF3EC6614,HARD_NEGATIVE,LEXICAL_SIMILAR_NOT_GOLD,0.4118,NEEDS_EXPERT_VALIDATION
HNP-V03-000385,SYN-REQ-00193,MSV1-C8DAE4AFEE83DFF6,HARD_NEGATIVE,LEXICAL_SIMILAR_NOT_GOLD,0.4545,NEEDS_EXPERT_VALIDATION
HNP-V03-000386,SYN-REQ-00193,MSV1-67BCC79C9C329F88,HARD_NEGATIVE,LEXICAL_SIMILAR_NOT_GOLD,0.2143,NEEDS_EXPERT_VALIDATION
HNP-V03-000387,SYN-REQ-00194,MSV1-6B1F0A24B7EBC592,HARD_NEGATIVE,LEXICAL_SIMILAR_NOT_GOLD,0.4839,NEEDS_EXPERT_VALIDATION
HNP-V03-000388,SYN-REQ-00194,MSV1-7FA7DFFB718720B5,HARD_NEGATIVE,LEXICAL_SIMILAR_NOT_GOLD,0.4667,NEEDS_EXPERT_VALIDATION
HNP-V03-000389,SYN-REQ-00195,MSV1-D307D09B807479D2,HARD_NEGATIVE,LEXICAL_SIMILAR_NOT_GOLD,0.25,NEEDS_EXPERT_VALIDATION
HNP-V03-000390,SYN-REQ-00195,MSV1-E76A016809507470,HARD_NEGATIVE,LEXICAL_SIMILAR_NOT_GOLD,0.25,NEEDS_EXPERT_VALIDATION
HNP-V03-000391,SYN-REQ-00196,MSV1-BFF138AE3D654175,HARD_NEGATIVE,LEXICAL_SIMILAR_NOT_GOLD,0.4615,NEEDS_EXPERT_VALIDATION
HNP-V03-000392,SYN-REQ-00196,MSV1-0654C47CA32510ED,HARD_NEGATIVE,LEXICAL_SIMILAR_NOT_GOLD,0.2667,NEEDS_EXPERT_VALIDATION
HNP-V03-000393,SYN-REQ-00197,MSV1-2B26777F8538EDD1,HARD_NEGATIVE,LEXICAL_SIMILAR_NOT_GOLD,0.6,NEEDS_EXPERT_VALIDATION
HNP-V03-000394,SYN-REQ-00197,MSV1-CE470CDFF13E0E86,HARD_NEGATIVE,LEXICAL_SIMILAR_NOT_GOLD,0.2692,NEEDS_EXPERT_VALIDATION
HNP-V03-000395,SYN-REQ-00198,MSV1-EB9ABD54FF94C1F1,HARD_NEGATIVE,LEXICAL_SIMILAR_NOT_GOLD,0.2,NEEDS_EXPERT_VALIDATION
HNP-V03-000396,SYN-REQ-00198,MSV1-60A0CA84A6F90365,HARD_NEGATIVE,LEXICAL_SIMILAR_NOT_GOLD,0.1875,NEEDS_EXPERT_VALIDATION
HNP-V03-000397,SYN-REQ-00199,MSV1-CE34C671B1A5C2A1,HARD_NEGATIVE,LEXICAL_SIMILAR_NOT_GOLD,0.6429,NEEDS_EXPERT_VALIDATION
HNP-V03-000398,SYN-REQ-00199,MSV1-5B6D087791FF587A,HARD_NEGATIVE,LEXICAL_SIMILAR_NOT_GOLD,0.4375,NEEDS_EXPERT_VALIDATION
HNP-V03-000399,SYN-REQ-00200,MSV1-3C468A7A9D6AD742,HARD_NEGATIVE,LEXICAL_SIMILAR_NOT_GOLD,0.5862,NEEDS_EXPERT_VALIDATION
HNP-V03-000400,SYN-REQ-00200,MSV1-81E77726E7282BF8,HARD_NEGATIVE,LEXICAL_SIMILAR_NOT_GOLD,0.5862,NEEDS_EXPERT_VALIDATION
HNP-V03-000401,SYN-REQ-00201,MSV1-387C3FAAE82E6619,HARD_NEGATIVE,LEXICAL_SIMILAR_NOT_GOLD,0.5,NEEDS_EXPERT_VALIDATION
HNP-V03-000402,SYN-REQ-00201,MSV1-6218DAE7ED117872,HARD_NEGATIVE,LEXICAL_SIMILAR_NOT_GOLD,0.2,NEEDS_EXPERT_VALIDATION
HNP-V03-000403,SYN-REQ-00202,MSV1-066A4FB163C09ED5,HARD_NEGATIVE,LEXICAL_SIMILAR_NOT_GOLD,0.4483,NEEDS_EXPERT_VALIDATION
HNP-V03-000404,SYN-REQ-00202,MSV1-3272B9E9189A2C7F,HARD_NEGATIVE,LEXICAL_SIMILAR_NOT_GOLD,0.3571,NEEDS_EXPERT_VALIDATION
HNP-V03-000405,SYN-REQ-00203,MSV1-F73A0D50F895099F,HARD_NEGATIVE,LEXICAL_SIMILAR_NOT_GOLD,0.5714,NEEDS_EXPERT_VALIDATION
HNP-V03-000406,SYN-REQ-00203,MSV1-FDC08FD84406DEC8,HARD_NEGATIVE,LEXICAL_SIMILAR_NOT_GOLD,0.1724,NEEDS_EXPERT_VALIDATION
HNP-V03-000407,SYN-REQ-00204,MSV1-B928A0A3EF6025F2,HARD_NEGATIVE,LEXICAL_SIMILAR_NOT_GOLD,0.4,NEEDS_EXPERT_VALIDATION
HNP-V03-000408,SYN-REQ-00204,MSV1-8863D468563ADB85,HARD_NEGATIVE,LEXICAL_SIMILAR_NOT_GOLD,0.2424,NEEDS_EXPERT_VALIDATION
HNP-V03-000409,SYN-REQ-00205,MSV1-844C8E0EC96F7461,HARD_NEGATIVE,LEXICAL_SIMILAR_NOT_GOLD,0.5217,NEEDS_EXPERT_VALIDATION
HNP-V03-000410,SYN-REQ-00205,MSV1-678DB36942E6DD2B,HARD_NEGATIVE,LEXICAL_SIMILAR_NOT_GOLD,0.3214,NEEDS_EXPERT_VALIDATION
HNP-V03-000411,SYN-REQ-00206,MSV1-CE73A2EC0BE6F39F,HARD_NEGATIVE,LEXICAL_SIMILAR_NOT_GOLD,0.5714,NEEDS_EXPERT_VALIDATION
HNP-V03-000412,SYN-REQ-00206,MSV1-A92F49C7BE39920D,HARD_NEGATIVE,LEXICAL_SIMILAR_NOT_GOLD,0.3125,NEEDS_EXPERT_VALIDATION
HNP-V03-000413,SYN-REQ-00207,MSV1-31BE6CFC0ED8434E,HARD_NEGATIVE,LEXICAL_SIMILAR_NOT_GOLD,0.5385,NEEDS_EXPERT_VALIDATION
HNP-V03-000414,SYN-REQ-00207,MSV1-5F83BED1D81FC3A8,HARD_NEGATIVE,LEXICAL_SIMILAR_NOT_GOLD,0.4,NEEDS_EXPERT_VALIDATION
HNP-V03-000415,SYN-REQ-00208,MSV1-FE706CA56DBACD52,HARD_NEGATIVE,LEXICAL_SIMILAR_NOT_GOLD,0.3448,NEEDS_EXPERT_VALIDATION
HNP-V03-000416,SYN-REQ-00208,MSV1-4D5075037077120B,HARD_NEGATIVE,LEXICAL_SIMILAR_NOT_GOLD,0.3103,NEEDS_EXPERT_VALIDATION
HNP-V03-000417,SYN-REQ-00209,MSV1-F62357751119DFE2,HARD_NEGATIVE,LEXICAL_SIMILAR_NOT_GOLD,0.625,NEEDS_EXPERT_VALIDATION
HNP-V03-000418,SYN-REQ-00209,MSV1-B5DCE76985B4D867,HARD_NEGATIVE,LEXICAL_SIMILAR_NOT_GOLD,0.3333,NEEDS_EXPERT_VALIDATION
HNP-V03-000419,SYN-REQ-00210,MSV1-4CF7768815ACF231,HARD_NEGATIVE,LEXICAL_SIMILAR_NOT_GOLD,0.6111,NEEDS_EXPERT_VALIDATION
HNP-V03-000420,SYN-REQ-00210,MSV1-193CF92522E06FA3,HARD_NEGATIVE,LEXICAL_SIMILAR_NOT_GOLD,0.381,NEEDS_EXPERT_VALIDATION
HNP-V03-000421,SYN-REQ-00211,MSV1-5CC8CD4CF72D231B,HARD_NEGATIVE,LEXICAL_SIMILAR_NOT_GOLD,0.3636,NEEDS_EXPERT_VALIDATION
HNP-V03-000422,SYN-REQ-00211,MSV1-4F6C699827942035,HARD_NEGATIVE,LEXICAL_SIMILAR_NOT_GOLD,0.2857,NEEDS_EXPERT_VALIDATION
HNP-V03-000423,SYN-REQ-00212,MSV1-27C115663993634F,HARD_NEGATIVE,LEXICAL_SIMILAR_NOT_GOLD,0.5714,NEEDS_EXPERT_VALIDATION
HNP-V03-000424,SYN-REQ-00212,MSV1-5FE3AFBCE6CDC60E,HARD_NEGATIVE,LEXICAL_SIMILAR_NOT_GOLD,0.3125,NEEDS_EXPERT_VALIDATION
HNP-V03-000425,SYN-REQ-00213,MSV1-EE912F21A62E8B4E,HARD_NEGATIVE,LEXICAL_SIMILAR_NOT_GOLD,0.375,NEEDS_EXPERT_VALIDATION
HNP-V03-000426,SYN-REQ-00213,MSV1-C118DD83527E6ACE,HARD_NEGATIVE,LEXICAL_SIMILAR_NOT_GOLD,0.3333,NEEDS_EXPERT_VALIDATION
HNP-V03-000427,SYN-REQ-00214,MSV1-0B0A01FDC6018203,HARD_NEGATIVE,LEXICAL_SIMILAR_NOT_GOLD,0.6471,NEEDS_EXPERT_VALIDATION
HNP-V03-000428,SYN-REQ-00214,MSV1-49B9E7619ED460AB,HARD_NEGATIVE,LEXICAL_SIMILAR_NOT_GOLD,0.2609,NEEDS_EXPERT_VALIDATION
HNP-V03-000429,SYN-REQ-00215,MSV1-E17EB31262F00169,HARD_NEGATIVE,LEXICAL_SIMILAR_NOT_GOLD,0.5,NEEDS_EXPERT_VALIDATION
HNP-V03-000430,SYN-REQ-00215,MSV1-47B77E66F42B631C,HARD_NEGATIVE,LEXICAL_SIMILAR_NOT_GOLD,0.3571,NEEDS_EXPERT_VALIDATION
HNP-V03-000431,SYN-REQ-00216,MSV1-3AA37D3318FFC273,HARD_NEGATIVE,LEXICAL_SIMILAR_NOT_GOLD,0.375,NEEDS_EXPERT_VALIDATION
HNP-V03-000432,SYN-REQ-00216,MSV1-229DB785CAF139F3,HARD_NEGATIVE,LEXICAL_SIMILAR_NOT_GOLD,0.3571,NEEDS_EXPERT_VALIDATION
HNP-V03-000433,SYN-REQ-00217,MSV1-7D7CBFC0EB57E48F,HARD_NEGATIVE,LEXICAL_SIMILAR_NOT_GOLD,0.3529,NEEDS_EXPERT_VALIDATION
HNP-V03-000434,SYN-REQ-00217,MSV1-BC4D344A75652191,HARD_NEGATIVE,LEXICAL_SIMILAR_NOT_GOLD,0.3529,NEEDS_EXPERT_VALIDATION
HNP-V03-000435,SYN-REQ-00218,MSV1-8B8A9467488BF619,HARD_NEGATIVE,LEXICAL_SIMILAR_NOT_GOLD,0.5385,NEEDS_EXPERT_VALIDATION
HNP-V03-000436,SYN-REQ-00218,MSV1-7C529ED4B8C61A5C,HARD_NEGATIVE,LEXICAL_SIMILAR_NOT_GOLD,0.25,NEEDS_EXPERT_VALIDATION
HNP-V03-000437,SYN-REQ-00219,MSV1-07B3C6C8F17D463D,HARD_NEGATIVE,LEXICAL_SIMILAR_NOT_GOLD,0.4074,NEEDS_EXPERT_VALIDATION
HNP-V03-000438,SYN-REQ-00219,MSV1-737512914CB2B21E,HARD_NEGATIVE,LEXICAL_SIMILAR_NOT_GOLD,0.3333,NEEDS_EXPERT_VALIDATION
HNP-V03-000439,SYN-REQ-00220,MSV1-52128E3E0E3D33A1,HARD_NEGATIVE,LEXICAL_SIMILAR_NOT_GOLD,0.5385,NEEDS_EXPERT_VALIDATION
HNP-V03-000440,SYN-REQ-00220,MSV1-69819AFAC8B3A615,HARD_NEGATIVE,LEXICAL_SIMILAR_NOT_GOLD,0.5,NEEDS_EXPERT_VALIDATION
HNP-V03-000441,SYN-REQ-00221,MSV1-6C32BD460DFB443D,HARD_NEGATIVE,LEXICAL_SIMILAR_NOT_GOLD,0.5,NEEDS_EXPERT_VALIDATION
HNP-V03-000442,SYN-REQ-00221,MSV1-55DC2E9BF4FBF9AB,HARD_NEGATIVE,LEXICAL_SIMILAR_NOT_GOLD,0.3333,NEEDS_EXPERT_VALIDATION
HNP-V03-000443,SYN-REQ-00222,MSV1-96A6B2B43BF3631C,HARD_NEGATIVE,LEXICAL_SIMILAR_NOT_GOLD,0.5882,NEEDS_EXPERT_VALIDATION
HNP-V03-000444,SYN-REQ-00222,MSV1-75F8C49D73FDFC61,HARD_NEGATIVE,LEXICAL_SIMILAR_NOT_GOLD,0.3684,NEEDS_EXPERT_VALIDATION
HNP-V03-000445,SYN-REQ-00223,MSV1-20A085B0DE625A82,HARD_NEGATIVE,LEXICAL_SIMILAR_NOT_GOLD,0.5161,NEEDS_EXPERT_VALIDATION
HNP-V03-000446,SYN-REQ-00223,MSV1-2988EFCB9936FFEE,HARD_NEGATIVE,LEXICAL_SIMILAR_NOT_GOLD,0.4444,NEEDS_EXPERT_VALIDATION
HNP-V03-000447,SYN-REQ-00224,MSV1-05EFC50BCDF6CC63,HARD_NEGATIVE,LEXICAL_SIMILAR_NOT_GOLD,0.4,NEEDS_EXPERT_VALIDATION
HNP-V03-000448,SYN-REQ-00224,MSV1-B3DEB7266369AF7E,HARD_NEGATIVE,LEXICAL_SIMILAR_NOT_GOLD,0.28,NEEDS_EXPERT_VALIDATION
HNP-V03-000449,SYN-REQ-00225,MSV1-1DD2B96769E56A36,HARD_NEGATIVE,LEXICAL_SIMILAR_NOT_GOLD,0.35,NEEDS_EXPERT_VALIDATION
HNP-V03-000450,SYN-REQ-00225,MSV1-BE3B91946DCA2370,HARD_NEGATIVE,LEXICAL_SIMILAR_NOT_GOLD,0.32,NEEDS_EXPERT_VALIDATION
HNP-V03-000451,SYN-REQ-00226,MSV1-9CB1C159E9DE1702,HARD_NEGATIVE,LEXICAL_SIMILAR_NOT_GOLD,0.6316,NEEDS_EXPERT_VALIDATION
HNP-V03-000452,SYN-REQ-00226,MSV1-847176C76CF9B4BE,HARD_NEGATIVE,LEXICAL_SIMILAR_NOT_GOLD,0.2759,NEEDS_EXPERT_VALIDATION
HNP-V03-000453,SYN-REQ-00227,MSV1-A46331E26A19A8BE,HARD_NEGATIVE,LEXICAL_SIMILAR_NOT_GOLD,0.5385,NEEDS_EXPERT_VALIDATION
HNP-V03-000454,SYN-REQ-00227,MSV1-3019F0DF058DB39E,HARD_NEGATIVE,LEXICAL_SIMILAR_NOT_GOLD,0.3571,NEEDS_EXPERT_VALIDATION
HNP-V03-000455,SYN-REQ-00228,MSV1-9FDEDB3D565551F8,HARD_NEGATIVE,LEXICAL_SIMILAR_NOT_GOLD,0.4545,NEEDS_EXPERT_VALIDATION
HNP-V03-000456,SYN-REQ-00228,MSV1-1D9AFB2B8FBE43BD,HARD_NEGATIVE,LEXICAL_SIMILAR_NOT_GOLD,0.2857,NEEDS_EXPERT_VALIDATION
HNP-V03-000457,SYN-REQ-00229,MSV1-0ED2ED1564756B60,HARD_NEGATIVE,LEXICAL_SIMILAR_NOT_GOLD,0.5714,NEEDS_EXPERT_VALIDATION
HNP-V03-000458,SYN-REQ-00229,MSV1-641411B6A2B633A0,HARD_NEGATIVE,LEXICAL_SIMILAR_NOT_GOLD,0.375,NEEDS_EXPERT_VALIDATION
HNP-V03-000459,SYN-REQ-00230,MSV1-448C692AA3C56426,HARD_NEGATIVE,LEXICAL_SIMILAR_NOT_GOLD,0.1364,NEEDS_EXPERT_VALIDATION
HNP-V03-000460,SYN-REQ-00230,MSV1-792E3433FCF98545,HARD_NEGATIVE,LEXICAL_SIMILAR_NOT_GOLD,0.1364,NEEDS_EXPERT_VALIDATION
HNP-V03-000461,SYN-REQ-00231,MSV1-5A74A5E6D6A38847,HARD_NEGATIVE,LEXICAL_SIMILAR_NOT_GOLD,0.4167,NEEDS_EXPERT_VALIDATION
HNP-V03-000462,SYN-REQ-00231,MSV1-0ED2ED1564756B60,HARD_NEGATIVE,LEXICAL_SIMILAR_NOT_GOLD,0.3333,NEEDS_EXPERT_VALIDATION
HNP-V03-000463,SYN-REQ-00232,MSV1-F38435544297EB94,HARD_NEGATIVE,LEXICAL_SIMILAR_NOT_GOLD,0.2963,NEEDS_EXPERT_VALIDATION
HNP-V03-000464,SYN-REQ-00232,MSV1-D4D461726248236C,HARD_NEGATIVE,LEXICAL_SIMILAR_NOT_GOLD,0.2188,NEEDS_EXPERT_VALIDATION
HNP-V03-000465,SYN-REQ-00233,MSV1-02238C4A32A042ED,HARD_NEGATIVE,LEXICAL_SIMILAR_NOT_GOLD,0.5625,NEEDS_EXPERT_VALIDATION
HNP-V03-000466,SYN-REQ-00233,MSV1-6FDCC2710D8C5C2C,HARD_NEGATIVE,LEXICAL_SIMILAR_NOT_GOLD,0.4706,NEEDS_EXPERT_VALIDATION
HNP-V03-000467,SYN-REQ-00234,MSV1-40898EDF142E155F,HARD_NEGATIVE,LEXICAL_SIMILAR_NOT_GOLD,0.3929,NEEDS_EXPERT_VALIDATION
HNP-V03-000468,SYN-REQ-00234,MSV1-B1B7ED75CA1BCC17,HARD_NEGATIVE,LEXICAL_SIMILAR_NOT_GOLD,0.3846,NEEDS_EXPERT_VALIDATION
HNP-V03-000469,SYN-REQ-00235,MSV1-565ABCC69BFC8C21,HARD_NEGATIVE,LEXICAL_SIMILAR_NOT_GOLD,0.5385,NEEDS_EXPERT_VALIDATION
HNP-V03-000470,SYN-REQ-00235,MSV1-0315450B2CB61E4C,HARD_NEGATIVE,LEXICAL_SIMILAR_NOT_GOLD,0.2222,NEEDS_EXPERT_VALIDATION
HNP-V03-000471,SYN-REQ-00236,MSV1-6EF4F048756448C6,HARD_NEGATIVE,LEXICAL_SIMILAR_NOT_GOLD,0.6316,NEEDS_EXPERT_VALIDATION
HNP-V03-000472,SYN-REQ-00236,MSV1-F3D37418D2D392C4,HARD_NEGATIVE,LEXICAL_SIMILAR_NOT_GOLD,0.1739,NEEDS_EXPERT_VALIDATION
HNP-V03-000473,SYN-REQ-00237,MSV1-09C030A5B1A92257,HARD_NEGATIVE,LEXICAL_SIMILAR_NOT_GOLD,0.5,NEEDS_EXPERT_VALIDATION
HNP-V03-000474,SYN-REQ-00237,MSV1-4BC104BC021BDE99,HARD_NEGATIVE,LEXICAL_SIMILAR_NOT_GOLD,0.4375,NEEDS_EXPERT_VALIDATION
HNP-V03-000475,SYN-REQ-00238,MSV1-26484BFC07983288,HARD_NEGATIVE,LEXICAL_SIMILAR_NOT_GOLD,0.3333,NEEDS_EXPERT_VALIDATION
HNP-V03-000476,SYN-REQ-00238,MSV1-60A0CA84A6F90365,HARD_NEGATIVE,LEXICAL_SIMILAR_NOT_GOLD,0.2143,NEEDS_EXPERT_VALIDATION
HNP-V03-000477,SYN-REQ-00239,MSV1-1D72F742F982F4A6,HARD_NEGATIVE,LEXICAL_SIMILAR_NOT_GOLD,0.25,NEEDS_EXPERT_VALIDATION
HNP-V03-000478,SYN-REQ-00239,MSV1-ED0FE1411B49C365,HARD_NEGATIVE,LEXICAL_SIMILAR_NOT_GOLD,0.25,NEEDS_EXPERT_VALIDATION
HNP-V03-000479,SYN-REQ-00240,MSV1-3CA69F283EC3758F,HARD_NEGATIVE,LEXICAL_SIMILAR_NOT_GOLD,0.6,NEEDS_EXPERT_VALIDATION
HNP-V03-000480,SYN-REQ-00240,MSV1-64DE259FE1E0E6C2,HARD_NEGATIVE,LEXICAL_SIMILAR_NOT_GOLD,0.5625,NEEDS_EXPERT_VALIDATION
HNP-V03-000481,SYN-REQ-00241,MSV1-015C28253CFD8853,HARD_NEGATIVE,LEXICAL_SIMILAR_NOT_GOLD,0.3571,NEEDS_EXPERT_VALIDATION
HNP-V03-000482,SYN-REQ-00241,MSV1-69819AFAC8B3A615,HARD_NEGATIVE,LEXICAL_SIMILAR_NOT_GOLD,0.3571,NEEDS_EXPERT_VALIDATION
HNP-V03-000483,SYN-REQ-00242,MSV1-186FC593DE50B73C,HARD_NEGATIVE,LEXICAL_SIMILAR_NOT_GOLD,0.4545,NEEDS_EXPERT_VALIDATION
HNP-V03-000484,SYN-REQ-00242,MSV1-60A0CA84A6F90365,HARD_NEGATIVE,LEXICAL_SIMILAR_NOT_GOLD,0.1875,NEEDS_EXPERT_VALIDATION
HNP-V03-000485,SYN-REQ-00243,MSV1-DF53E1BAA6D6B768,HARD_NEGATIVE,LEXICAL_SIMILAR_NOT_GOLD,0.4412,NEEDS_EXPERT_VALIDATION
HNP-V03-000486,SYN-REQ-00243,MSV1-47E6442A1C74B0C2,HARD_NEGATIVE,LEXICAL_SIMILAR_NOT_GOLD,0.3243,NEEDS_EXPERT_VALIDATION
HNP-V03-000487,SYN-REQ-00244,MSV1-565EF94FE5117E1E,HARD_NEGATIVE,LEXICAL_SIMILAR_NOT_GOLD,0.6111,NEEDS_EXPERT_VALIDATION
HNP-V03-000488,SYN-REQ-00244,MSV1-12F63A801CF866BD,HARD_NEGATIVE,LEXICAL_SIMILAR_NOT_GOLD,0.2609,NEEDS_EXPERT_VALIDATION
HNP-V03-000489,SYN-REQ-00245,MSV1-569A450C2A5622A5,HARD_NEGATIVE,LEXICAL_SIMILAR_NOT_GOLD,0.5882,NEEDS_EXPERT_VALIDATION
HNP-V03-000490,SYN-REQ-00245,MSV1-213E37B9CAA23A80,HARD_NEGATIVE,LEXICAL_SIMILAR_NOT_GOLD,0.381,NEEDS_EXPERT_VALIDATION
HNP-V03-000491,SYN-REQ-00246,MSV1-C8CD7AA62F4A7019,HARD_NEGATIVE,LEXICAL_SIMILAR_NOT_GOLD,0.5385,NEEDS_EXPERT_VALIDATION
HNP-V03-000492,SYN-REQ-00246,MSV1-61B34B48D696D7E8,HARD_NEGATIVE,LEXICAL_SIMILAR_NOT_GOLD,0.25,NEEDS_EXPERT_VALIDATION
HNP-V03-000493,SYN-REQ-00247,MSV1-A965A76E368C3248,HARD_NEGATIVE,LEXICAL_SIMILAR_NOT_GOLD,0.5,NEEDS_EXPERT_VALIDATION
HNP-V03-000494,SYN-REQ-00247,MSV1-32A3818E92FE9F9C,HARD_NEGATIVE,LEXICAL_SIMILAR_NOT_GOLD,0.4545,NEEDS_EXPERT_VALIDATION
HNP-V03-000495,SYN-REQ-00248,MSV1-599769E8CEC9D2E9,HARD_NEGATIVE,LEXICAL_SIMILAR_NOT_GOLD,0.5882,NEEDS_EXPERT_VALIDATION
HNP-V03-000496,SYN-REQ-00248,MSV1-205CE09E12B85D0D,HARD_NEGATIVE,LEXICAL_SIMILAR_NOT_GOLD,0.3333,NEEDS_EXPERT_VALIDATION
HNP-V03-000497,SYN-REQ-00249,MSV1-13205A375C479990,HARD_NEGATIVE,LEXICAL_SIMILAR_NOT_GOLD,0.25,NEEDS_EXPERT_VALIDATION
HNP-V03-000498,SYN-REQ-00249,MSV1-7CA230ED15E04BAA,HARD_NEGATIVE,LEXICAL_SIMILAR_NOT_GOLD,0.2273,NEEDS_EXPERT_VALIDATION
HNP-V03-000499,SYN-REQ-00250,MSV1-29AB6D88AA9E548B,HARD_NEGATIVE,LEXICAL_SIMILAR_NOT_GOLD,0.5357,NEEDS_EXPERT_VALIDATION
HNP-V03-000500,SYN-REQ-00250,MSV1-712A820CC4F47C60,HARD_NEGATIVE,LEXICAL_SIMILAR_NOT_GOLD,0.5357,NEEDS_EXPERT_VALIDATION
HNP-V03-000501,SYN-REQ-00251,MSV1-AAE00D50AF1CD098,HARD_NEGATIVE,LEXICAL_SIMILAR_NOT_GOLD,0.5385,NEEDS_EXPERT_VALIDATION
HNP-V03-000502,SYN-REQ-00251,MSV1-3166266265095AC4,HARD_NEGATIVE,LEXICAL_SIMILAR_NOT_GOLD,0.1765,NEEDS_EXPERT_VALIDATION
HNP-V03-000503,SYN-REQ-00252,MSV1-16B81102B868AB72,HARD_NEGATIVE,LEXICAL_SIMILAR_NOT_GOLD,0.44,NEEDS_EXPERT_VALIDATION
HNP-V03-000504,SYN-REQ-00252,MSV1-1B2ACB868E5F718A,HARD_NEGATIVE,LEXICAL_SIMILAR_NOT_GOLD,0.4,NEEDS_EXPERT_VALIDATION
HNP-V03-000505,SYN-REQ-00253,MSV1-BA9BFF28F6859CD9,HARD_NEGATIVE,LEXICAL_SIMILAR_NOT_GOLD,0.3043,NEEDS_EXPERT_VALIDATION
HNP-V03-000506,SYN-REQ-00253,MSV1-339433C5D0AFDA6F,HARD_NEGATIVE,LEXICAL_SIMILAR_NOT_GOLD,0.2963,NEEDS_EXPERT_VALIDATION
HNP-V03-000507,SYN-REQ-00254,MSV1-0F0C4E41CC5D81C1,HARD_NEGATIVE,LEXICAL_SIMILAR_NOT_GOLD,0.5,NEEDS_EXPERT_VALIDATION
HNP-V03-000508,SYN-REQ-00254,MSV1-404EA9F850872249,HARD_NEGATIVE,LEXICAL_SIMILAR_NOT_GOLD,0.3846,NEEDS_EXPERT_VALIDATION
HNP-V03-000509,SYN-REQ-00255,MSV1-061192ED8ED68A4A,HARD_NEGATIVE,LEXICAL_SIMILAR_NOT_GOLD,0.4091,NEEDS_EXPERT_VALIDATION
HNP-V03-000510,SYN-REQ-00255,MSV1-FDAA5EDF2FFD78E0,HARD_NEGATIVE,LEXICAL_SIMILAR_NOT_GOLD,0.381,NEEDS_EXPERT_VALIDATION
HNP-V03-000511,SYN-REQ-00256,MSV1-6F3E9CF528112016,HARD_NEGATIVE,LEXICAL_SIMILAR_NOT_GOLD,0.32,NEEDS_EXPERT_VALIDATION
HNP-V03-000512,SYN-REQ-00256,MSV1-04E878D0B5215BF3,HARD_NEGATIVE,LEXICAL_SIMILAR_NOT_GOLD,0.3043,NEEDS_EXPERT_VALIDATION
HNP-V03-000513,SYN-REQ-00257,MSV1-2B8F3F5FCC9BA0F9,HARD_NEGATIVE,LEXICAL_SIMILAR_NOT_GOLD,0.3636,NEEDS_EXPERT_VALIDATION
HNP-V03-000514,SYN-REQ-00257,MSV1-354E5E585285811D,HARD_NEGATIVE,LEXICAL_SIMILAR_NOT_GOLD,0.2353,NEEDS_EXPERT_VALIDATION
HNP-V03-000515,SYN-REQ-00258,MSV1-20F792E0924EFE59,HARD_NEGATIVE,LEXICAL_SIMILAR_NOT_GOLD,0.4074,NEEDS_EXPERT_VALIDATION
HNP-V03-000516,SYN-REQ-00258,MSV1-87F68AB4F994D807,HARD_NEGATIVE,LEXICAL_SIMILAR_NOT_GOLD,0.3704,NEEDS_EXPERT_VALIDATION
HNP-V03-000517,SYN-REQ-00259,MSV1-E3B7D83F98A6D404,HARD_NEGATIVE,LEXICAL_SIMILAR_NOT_GOLD,0.6,NEEDS_EXPERT_VALIDATION
HNP-V03-000518,SYN-REQ-00259,MSV1-DB0E7F421461D19D,HARD_NEGATIVE,LEXICAL_SIMILAR_NOT_GOLD,0.5417,NEEDS_EXPERT_VALIDATION
HNP-V03-000519,SYN-REQ-00260,MSV1-60A0CA84A6F90365,HARD_NEGATIVE,LEXICAL_SIMILAR_NOT_GOLD,0.2,NEEDS_EXPERT_VALIDATION
HNP-V03-000520,SYN-REQ-00260,MSV1-8F27C798F02C3A59,HARD_NEGATIVE,LEXICAL_SIMILAR_NOT_GOLD,0.1875,NEEDS_EXPERT_VALIDATION
HNP-V03-000521,SYN-REQ-00261,MSV1-C5D64197CAED8592,HARD_NEGATIVE,LEXICAL_SIMILAR_NOT_GOLD,0.5938,NEEDS_EXPERT_VALIDATION
HNP-V03-000522,SYN-REQ-00261,MSV1-082BF33B5A1498A3,HARD_NEGATIVE,LEXICAL_SIMILAR_NOT_GOLD,0.5758,NEEDS_EXPERT_VALIDATION
HNP-V03-000523,SYN-REQ-00262,MSV1-98DD992119779EA2,HARD_NEGATIVE,LEXICAL_SIMILAR_NOT_GOLD,0.5714,NEEDS_EXPERT_VALIDATION
HNP-V03-000524,SYN-REQ-00262,MSV1-FDC08FD84406DEC8,HARD_NEGATIVE,LEXICAL_SIMILAR_NOT_GOLD,0.2143,NEEDS_EXPERT_VALIDATION
HNP-V03-000525,SYN-REQ-00263,MSV1-2D53BB16EC7F400E,HARD_NEGATIVE,LEXICAL_SIMILAR_NOT_GOLD,0.5714,NEEDS_EXPERT_VALIDATION
HNP-V03-000526,SYN-REQ-00263,MSV1-FF9626EE7F5CF6EF,HARD_NEGATIVE,LEXICAL_SIMILAR_NOT_GOLD,0.375,NEEDS_EXPERT_VALIDATION
HNP-V03-000527,SYN-REQ-00264,MSV1-7180B17CF62EFE2A,HARD_NEGATIVE,LEXICAL_SIMILAR_NOT_GOLD,0.6,NEEDS_EXPERT_VALIDATION
HNP-V03-000528,SYN-REQ-00264,MSV1-146D0B5543C3EC22,HARD_NEGATIVE,LEXICAL_SIMILAR_NOT_GOLD,0.25,NEEDS_EXPERT_VALIDATION
HNP-V03-000529,SYN-REQ-00265,MSV1-B3AE01C5253B58DE,HARD_NEGATIVE,LEXICAL_SIMILAR_NOT_GOLD,0.3636,NEEDS_EXPERT_VALIDATION
HNP-V03-000530,SYN-REQ-00265,MSV1-59F94A26EEA1B302,HARD_NEGATIVE,LEXICAL_SIMILAR_NOT_GOLD,0.2857,NEEDS_EXPERT_VALIDATION
HNP-V03-000531,SYN-REQ-00266,MSV1-9ACC9EEA8D90BF6F,HARD_NEGATIVE,LEXICAL_SIMILAR_NOT_GOLD,0.4167,NEEDS_EXPERT_VALIDATION
HNP-V03-000532,SYN-REQ-00266,MSV1-60A0CA84A6F90365,HARD_NEGATIVE,LEXICAL_SIMILAR_NOT_GOLD,0.3333,NEEDS_EXPERT_VALIDATION
HNP-V03-000533,SYN-REQ-00267,MSV1-A386AD3E540C8D1E,HARD_NEGATIVE,LEXICAL_SIMILAR_NOT_GOLD,0.6111,NEEDS_EXPERT_VALIDATION
HNP-V03-000534,SYN-REQ-00267,MSV1-3D8A1E7C8CD7D8E0,HARD_NEGATIVE,LEXICAL_SIMILAR_NOT_GOLD,0.45,NEEDS_EXPERT_VALIDATION
HNP-V03-000535,SYN-REQ-00268,MSV1-45F8B7782D21E344,HARD_NEGATIVE,LEXICAL_SIMILAR_NOT_GOLD,0.5333,NEEDS_EXPERT_VALIDATION
HNP-V03-000536,SYN-REQ-00268,MSV1-5E286689CE8E7ED2,HARD_NEGATIVE,LEXICAL_SIMILAR_NOT_GOLD,0.375,NEEDS_EXPERT_VALIDATION
HNP-V03-000537,SYN-REQ-00269,MSV1-03268E5211CA256C,HARD_NEGATIVE,LEXICAL_SIMILAR_NOT_GOLD,0.5,NEEDS_EXPERT_VALIDATION
HNP-V03-000538,SYN-REQ-00269,MSV1-10B78AB22184EF9E,HARD_NEGATIVE,LEXICAL_SIMILAR_NOT_GOLD,0.3333,NEEDS_EXPERT_VALIDATION
HNP-V03-000539,SYN-REQ-00270,MSV1-88BBCC0B85B3D707,HARD_NEGATIVE,LEXICAL_SIMILAR_NOT_GOLD,0.5789,NEEDS_EXPERT_VALIDATION
HNP-V03-000540,SYN-REQ-00270,MSV1-6942D8A36B786DFF,HARD_NEGATIVE,LEXICAL_SIMILAR_NOT_GOLD,0.3478,NEEDS_EXPERT_VALIDATION
HNP-V03-000541,SYN-REQ-00271,MSV1-5845C6334253DA28,HARD_NEGATIVE,LEXICAL_SIMILAR_NOT_GOLD,0.3182,NEEDS_EXPERT_VALIDATION
HNP-V03-000542,SYN-REQ-00271,MSV1-BF5BEAAD7467B8EA,HARD_NEGATIVE,LEXICAL_SIMILAR_NOT_GOLD,0.2083,NEEDS_EXPERT_VALIDATION
HNP-V03-000543,SYN-REQ-00272,MSV1-4B3F9D50B896EAD8,HARD_NEGATIVE,LEXICAL_SIMILAR_NOT_GOLD,0.2692,NEEDS_EXPERT_VALIDATION
HNP-V03-000544,SYN-REQ-00272,MSV1-59E4B7ACA71DC0E2,HARD_NEGATIVE,LEXICAL_SIMILAR_NOT_GOLD,0.2692,NEEDS_EXPERT_VALIDATION
HNP-V03-000545,SYN-REQ-00273,MSV1-44BDADFC8332A6DF,HARD_NEGATIVE,LEXICAL_SIMILAR_NOT_GOLD,0.3448,NEEDS_EXPERT_VALIDATION
HNP-V03-000546,SYN-REQ-00273,MSV1-6FE8131DA0706543,HARD_NEGATIVE,LEXICAL_SIMILAR_NOT_GOLD,0.3333,NEEDS_EXPERT_VALIDATION
HNP-V03-000547,SYN-REQ-00274,MSV1-79401F8FB8D9CFCC,HARD_NEGATIVE,LEXICAL_SIMILAR_NOT_GOLD,0.6,NEEDS_EXPERT_VALIDATION
HNP-V03-000548,SYN-REQ-00274,MSV1-1455F6ECF84356B7,HARD_NEGATIVE,LEXICAL_SIMILAR_NOT_GOLD,0.1905,NEEDS_EXPERT_VALIDATION
HNP-V03-000549,SYN-REQ-00275,MSV1-CBB8C9BBA834B626,HARD_NEGATIVE,LEXICAL_SIMILAR_NOT_GOLD,0.6471,NEEDS_EXPERT_VALIDATION
HNP-V03-000550,SYN-REQ-00275,MSV1-28170D40524235E9,HARD_NEGATIVE,LEXICAL_SIMILAR_NOT_GOLD,0.3684,NEEDS_EXPERT_VALIDATION
HNP-V03-000551,SYN-REQ-00276,MSV1-477D1B147B40DA59,HARD_NEGATIVE,LEXICAL_SIMILAR_NOT_GOLD,0.3636,NEEDS_EXPERT_VALIDATION
HNP-V03-000552,SYN-REQ-00276,MSV1-2B61CF337F6978A3,HARD_NEGATIVE,LEXICAL_SIMILAR_NOT_GOLD,0.1765,NEEDS_EXPERT_VALIDATION
HNP-V03-000553,SYN-REQ-00277,MSV1-EBB1F76E63E7B672,HARD_NEGATIVE,LEXICAL_SIMILAR_NOT_GOLD,0.44,NEEDS_EXPERT_VALIDATION
HNP-V03-000554,SYN-REQ-00277,MSV1-524E1F72A3AB8500,HARD_NEGATIVE,LEXICAL_SIMILAR_NOT_GOLD,0.2333,NEEDS_EXPERT_VALIDATION
HNP-V03-000555,SYN-REQ-00278,MSV1-F273AA8C15BF3111,HARD_NEGATIVE,LEXICAL_SIMILAR_NOT_GOLD,0.6,NEEDS_EXPERT_VALIDATION
HNP-V03-000556,SYN-REQ-00278,MSV1-63EAA9B5A69FA98A,HARD_NEGATIVE,LEXICAL_SIMILAR_NOT_GOLD,0.3158,NEEDS_EXPERT_VALIDATION
HNP-V03-000557,SYN-REQ-00279,MSV1-888A2105E7288552,HARD_NEGATIVE,LEXICAL_SIMILAR_NOT_GOLD,0.5714,NEEDS_EXPERT_VALIDATION
HNP-V03-000558,SYN-REQ-00279,MSV1-3B159D1D096879CA,HARD_NEGATIVE,LEXICAL_SIMILAR_NOT_GOLD,0.4375,NEEDS_EXPERT_VALIDATION
HNP-V03-000559,SYN-REQ-00280,MSV1-BDAB1F4C67C230A6,HARD_NEGATIVE,LEXICAL_SIMILAR_NOT_GOLD,0.5517,NEEDS_EXPERT_VALIDATION
HNP-V03-000560,SYN-REQ-00280,MSV1-18CF0C6FB0CA0629,HARD_NEGATIVE,LEXICAL_SIMILAR_NOT_GOLD,0.4444,NEEDS_EXPERT_VALIDATION
HNP-V03-000561,SYN-REQ-00281,MSV1-C993E5F49B7D2E0E,HARD_NEGATIVE,LEXICAL_SIMILAR_NOT_GOLD,0.6111,NEEDS_EXPERT_VALIDATION
HNP-V03-000562,SYN-REQ-00281,MSV1-E0801A01AAEBF0B2,HARD_NEGATIVE,LEXICAL_SIMILAR_NOT_GOLD,0.3333,NEEDS_EXPERT_VALIDATION
HNP-V03-000563,SYN-REQ-00282,MSV1-EE079D577454674B,HARD_NEGATIVE,LEXICAL_SIMILAR_NOT_GOLD,0.5,NEEDS_EXPERT_VALIDATION
HNP-V03-000564,SYN-REQ-00282,MSV1-CA51E311FDBE1D6A,HARD_NEGATIVE,LEXICAL_SIMILAR_NOT_GOLD,0.375,NEEDS_EXPERT_VALIDATION
HNP-V03-000565,SYN-REQ-00283,MSV1-E32CBB1B629D67D3,HARD_NEGATIVE,LEXICAL_SIMILAR_NOT_GOLD,0.3,NEEDS_EXPERT_VALIDATION
HNP-V03-000566,SYN-REQ-00283,MSV1-EFFF058DE0CAD3B3,HARD_NEGATIVE,LEXICAL_SIMILAR_NOT_GOLD,0.25,NEEDS_EXPERT_VALIDATION
HNP-V03-000567,SYN-REQ-00284,MSV1-002303AAFF5A1F93,HARD_NEGATIVE,LEXICAL_SIMILAR_NOT_GOLD,0.5294,NEEDS_EXPERT_VALIDATION
HNP-V03-000568,SYN-REQ-00284,MSV1-3AEBADFE2AAC63BB,HARD_NEGATIVE,LEXICAL_SIMILAR_NOT_GOLD,0.5,NEEDS_EXPERT_VALIDATION
HNP-V03-000569,SYN-REQ-00285,MSV1-AF464C7B8A7C1AD8,HARD_NEGATIVE,LEXICAL_SIMILAR_NOT_GOLD,0.2727,NEEDS_EXPERT_VALIDATION
HNP-V03-000570,SYN-REQ-00285,MSV1-CAF82A75786DDA69,HARD_NEGATIVE,LEXICAL_SIMILAR_NOT_GOLD,0.2174,NEEDS_EXPERT_VALIDATION
HNP-V03-000571,SYN-REQ-00286,MSV1-25BE1098019365FA,HARD_NEGATIVE,LEXICAL_SIMILAR_NOT_GOLD,0.6,NEEDS_EXPERT_VALIDATION
HNP-V03-000572,SYN-REQ-00286,MSV1-03A92D851B2EF5C7,HARD_NEGATIVE,LEXICAL_SIMILAR_NOT_GOLD,0.4706,NEEDS_EXPERT_VALIDATION
HNP-V03-000573,SYN-REQ-00287,MSV1-7A80F0DC3A66C2D5,HARD_NEGATIVE,LEXICAL_SIMILAR_NOT_GOLD,0.5882,NEEDS_EXPERT_VALIDATION
HNP-V03-000574,SYN-REQ-00287,MSV1-10B9A1B9613A59C0,HARD_NEGATIVE,LEXICAL_SIMILAR_NOT_GOLD,0.4211,NEEDS_EXPERT_VALIDATION
HNP-V03-000575,SYN-REQ-00288,MSV1-0A7B523440937E02,HARD_NEGATIVE,LEXICAL_SIMILAR_NOT_GOLD,0.3158,NEEDS_EXPERT_VALIDATION
HNP-V03-000576,SYN-REQ-00288,MSV1-A0F78D6E904521C8,HARD_NEGATIVE,LEXICAL_SIMILAR_NOT_GOLD,0.28,NEEDS_EXPERT_VALIDATION
HNP-V03-000577,SYN-REQ-00289,MSV1-10E0D11BAB6B0242,HARD_NEGATIVE,LEXICAL_SIMILAR_NOT_GOLD,0.4615,NEEDS_EXPERT_VALIDATION
HNP-V03-000578,SYN-REQ-00289,MSV1-129872BA36D7B756,HARD_NEGATIVE,LEXICAL_SIMILAR_NOT_GOLD,0.4444,NEEDS_EXPERT_VALIDATION
HNP-V03-000579,SYN-REQ-00290,MSV1-8E07FDB90B9A883F,HARD_NEGATIVE,LEXICAL_SIMILAR_NOT_GOLD,0.5,NEEDS_EXPERT_VALIDATION
HNP-V03-000580,SYN-REQ-00290,MSV1-B96F0F1350069C83,HARD_NEGATIVE,LEXICAL_SIMILAR_NOT_GOLD,0.4,NEEDS_EXPERT_VALIDATION
HNP-V03-000581,SYN-REQ-00291,MSV1-E5D9EDDF2D5D92A6,HARD_NEGATIVE,LEXICAL_SIMILAR_NOT_GOLD,0.381,NEEDS_EXPERT_VALIDATION
HNP-V03-000582,SYN-REQ-00291,MSV1-198404394CC0ECA8,HARD_NEGATIVE,LEXICAL_SIMILAR_NOT_GOLD,0.35,NEEDS_EXPERT_VALIDATION
HNP-V03-000583,SYN-REQ-00292,MSV1-F3AA0EF7D426AB29,HARD_NEGATIVE,LEXICAL_SIMILAR_NOT_GOLD,0.5758,NEEDS_EXPERT_VALIDATION
HNP-V03-000584,SYN-REQ-00292,MSV1-53C7469BC1B4CAA0,HARD_NEGATIVE,LEXICAL_SIMILAR_NOT_GOLD,0.5455,NEEDS_EXPERT_VALIDATION
HNP-V03-000585,SYN-REQ-00293,MSV1-79D709E0C682DBBA,HARD_NEGATIVE,LEXICAL_SIMILAR_NOT_GOLD,0.5,NEEDS_EXPERT_VALIDATION
HNP-V03-000586,SYN-REQ-00293,MSV1-2B57668DB398D683,HARD_NEGATIVE,LEXICAL_SIMILAR_NOT_GOLD,0.1818,NEEDS_EXPERT_VALIDATION
HNP-V03-000587,SYN-REQ-00294,MSV1-B4ABBC038FCE51BA,HARD_NEGATIVE,LEXICAL_SIMILAR_NOT_GOLD,0.4286,NEEDS_EXPERT_VALIDATION
HNP-V03-000588,SYN-REQ-00294,MSV1-67299639BF0C810D,HARD_NEGATIVE,LEXICAL_SIMILAR_NOT_GOLD,0.2963,NEEDS_EXPERT_VALIDATION
HNP-V03-000589,SYN-REQ-00295,MSV1-2F8DC931B4DAF547,HARD_NEGATIVE,LEXICAL_SIMILAR_NOT_GOLD,0.3333,NEEDS_EXPERT_VALIDATION
HNP-V03-000590,SYN-REQ-00295,MSV1-4387A926D26B543D,HARD_NEGATIVE,LEXICAL_SIMILAR_NOT_GOLD,0.3043,NEEDS_EXPERT_VALIDATION
HNP-V03-000591,SYN-REQ-00296,MSV1-768CC55882795D08,HARD_NEGATIVE,LEXICAL_SIMILAR_NOT_GOLD,0.3714,NEEDS_EXPERT_VALIDATION
HNP-V03-000592,SYN-REQ-00296,MSV1-A3FA7714869C0251,HARD_NEGATIVE,LEXICAL_SIMILAR_NOT_GOLD,0.2195,NEEDS_EXPERT_VALIDATION
HNP-V03-000593,SYN-REQ-00297,MSV1-0CCFE39170EA776B,HARD_NEGATIVE,LEXICAL_SIMILAR_NOT_GOLD,0.5556,NEEDS_EXPERT_VALIDATION
HNP-V03-000594,SYN-REQ-00297,MSV1-2F1002F344674B5A,HARD_NEGATIVE,LEXICAL_SIMILAR_NOT_GOLD,0.5357,NEEDS_EXPERT_VALIDATION
HNP-V03-000595,SYN-REQ-00298,MSV1-0163C3AAD81ECC46,HARD_NEGATIVE,LEXICAL_SIMILAR_NOT_GOLD,0.4348,NEEDS_EXPERT_VALIDATION
HNP-V03-000596,SYN-REQ-00298,MSV1-B244BAB2522B658E,HARD_NEGATIVE,LEXICAL_SIMILAR_NOT_GOLD,0.3103,NEEDS_EXPERT_VALIDATION
HNP-V03-000597,SYN-REQ-00299,MSV1-3A2225E68A275B7E,HARD_NEGATIVE,LEXICAL_SIMILAR_NOT_GOLD,0.6316,NEEDS_EXPERT_VALIDATION
HNP-V03-000598,SYN-REQ-00299,MSV1-38A7137DED930C68,HARD_NEGATIVE,LEXICAL_SIMILAR_NOT_GOLD,0.4348,NEEDS_EXPERT_VALIDATION
HNP-V03-000599,SYN-REQ-00300,MSV1-1D6E77B373843F5B,HARD_NEGATIVE,LEXICAL_SIMILAR_NOT_GOLD,0.4,NEEDS_EXPERT_VALIDATION
HNP-V03-000600,SYN-REQ-00300,MSV1-9A1260B1DFCDE437,HARD_NEGATIVE,LEXICAL_SIMILAR_NOT_GOLD,0.3478,NEEDS_EXPERT_VALIDATION
HNP-V03-000601,SYN-REQ-00301,MSV1-6EA66311D45C6C7E,HARD_NEGATIVE,LEXICAL_SIMILAR_NOT_GOLD,0.5625,NEEDS_EXPERT_VALIDATION
HNP-V03-000602,SYN-REQ-00301,MSV1-E68B3AFAEF0E815A,HARD_NEGATIVE,LEXICAL_SIMILAR_NOT_GOLD,0.375,NEEDS_EXPERT_VALIDATION
HNP-V03-000603,SYN-REQ-00302,MSV1-4C5091FA972E5053,HARD_NEGATIVE,LEXICAL_SIMILAR_NOT_GOLD,0.4615,NEEDS_EXPERT_VALIDATION
HNP-V03-000604,SYN-REQ-00302,MSV1-14EA5811C6007F19,HARD_NEGATIVE,LEXICAL_SIMILAR_NOT_GOLD,0.2222,NEEDS_EXPERT_VALIDATION
HNP-V03-000605,SYN-REQ-00303,MSV1-0E775EBEDD973C1A,HARD_NEGATIVE,LEXICAL_SIMILAR_NOT_GOLD,0.5625,NEEDS_EXPERT_VALIDATION
HNP-V03-000606,SYN-REQ-00303,MSV1-413A7456D8293AEB,HARD_NEGATIVE,LEXICAL_SIMILAR_NOT_GOLD,0.25,NEEDS_EXPERT_VALIDATION
HNP-V03-000607,SYN-REQ-00304,MSV1-2D6B916E4FE3221B,HARD_NEGATIVE,LEXICAL_SIMILAR_NOT_GOLD,0.1429,NEEDS_EXPERT_VALIDATION
HNP-V03-000608,SYN-REQ-00304,MSV1-3EE31CBE161E4674,HARD_NEGATIVE,LEXICAL_SIMILAR_NOT_GOLD,0.1429,NEEDS_EXPERT_VALIDATION
HNP-V03-000609,SYN-REQ-00305,MSV1-BCA487F3E22BDD39,HARD_NEGATIVE,LEXICAL_SIMILAR_NOT_GOLD,0.5714,NEEDS_EXPERT_VALIDATION
HNP-V03-000610,SYN-REQ-00305,MSV1-F13660A754C7B3B9,HARD_NEGATIVE,LEXICAL_SIMILAR_NOT_GOLD,0.2778,NEEDS_EXPERT_VALIDATION
HNP-V03-000611,SYN-REQ-00306,MSV1-63E2BFAC86CFD966,HARD_NEGATIVE,LEXICAL_SIMILAR_NOT_GOLD,0.5714,NEEDS_EXPERT_VALIDATION
HNP-V03-000612,SYN-REQ-00306,MSV1-8D9A4BF95797A1FF,HARD_NEGATIVE,LEXICAL_SIMILAR_NOT_GOLD,0.375,NEEDS_EXPERT_VALIDATION
HNP-V03-000613,SYN-REQ-00307,MSV1-30A86CFD9B49B18B,HARD_NEGATIVE,LEXICAL_SIMILAR_NOT_GOLD,0.3636,NEEDS_EXPERT_VALIDATION
HNP-V03-000614,SYN-REQ-00307,MSV1-900B993961CE83B4,HARD_NEGATIVE,LEXICAL_SIMILAR_NOT_GOLD,0.3636,NEEDS_EXPERT_VALIDATION
HNP-V03-000615,SYN-REQ-00308,MSV1-F81D73B72EBBE3D0,HARD_NEGATIVE,LEXICAL_SIMILAR_NOT_GOLD,0.5625,NEEDS_EXPERT_VALIDATION
HNP-V03-000616,SYN-REQ-00308,MSV1-0C73F0F93A25F4AE,HARD_NEGATIVE,LEXICAL_SIMILAR_NOT_GOLD,0.3043,NEEDS_EXPERT_VALIDATION
HNP-V03-000617,SYN-REQ-00309,MSV1-4C03F90E9DC25FE6,HARD_NEGATIVE,LEXICAL_SIMILAR_NOT_GOLD,0.6111,NEEDS_EXPERT_VALIDATION
HNP-V03-000618,SYN-REQ-00309,MSV1-5F3C5840840235C3,HARD_NEGATIVE,LEXICAL_SIMILAR_NOT_GOLD,0.4545,NEEDS_EXPERT_VALIDATION
HNP-V03-000619,SYN-REQ-00310,MSV1-F39BC8D6D044AE3D,HARD_NEGATIVE,LEXICAL_SIMILAR_NOT_GOLD,0.6316,NEEDS_EXPERT_VALIDATION
HNP-V03-000620,SYN-REQ-00310,MSV1-FA79CCE68FCD9A9D,HARD_NEGATIVE,LEXICAL_SIMILAR_NOT_GOLD,0.4091,NEEDS_EXPERT_VALIDATION
HNP-V03-000621,SYN-REQ-00311,MSV1-92AB7D7273EAB36B,HARD_NEGATIVE,LEXICAL_SIMILAR_NOT_GOLD,0.4333,NEEDS_EXPERT_VALIDATION
HNP-V03-000622,SYN-REQ-00311,MSV1-05EFC50BCDF6CC63,HARD_NEGATIVE,LEXICAL_SIMILAR_NOT_GOLD,0.303,NEEDS_EXPERT_VALIDATION
HNP-V03-000623,SYN-REQ-00312,MSV1-7E98A00F0D0CB39A,HARD_NEGATIVE,LEXICAL_SIMILAR_NOT_GOLD,0.625,NEEDS_EXPERT_VALIDATION
HNP-V03-000624,SYN-REQ-00312,MSV1-D457A76B725DD4DC,HARD_NEGATIVE,LEXICAL_SIMILAR_NOT_GOLD,0.2941,NEEDS_EXPERT_VALIDATION
HNP-V03-000625,SYN-REQ-00313,MSV1-4AAB47ED24374595,HARD_NEGATIVE,LEXICAL_SIMILAR_NOT_GOLD,0.5333,NEEDS_EXPERT_VALIDATION
HNP-V03-000626,SYN-REQ-00313,MSV1-CF9F2ACDE214CFD9,HARD_NEGATIVE,LEXICAL_SIMILAR_NOT_GOLD,0.3684,NEEDS_EXPERT_VALIDATION
HNP-V03-000627,SYN-REQ-00314,MSV1-02F678F06282781A,HARD_NEGATIVE,LEXICAL_SIMILAR_NOT_GOLD,0.6216,NEEDS_EXPERT_VALIDATION
HNP-V03-000628,SYN-REQ-00314,MSV1-6C2B46FD6D8B57B1,HARD_NEGATIVE,LEXICAL_SIMILAR_NOT_GOLD,0.5349,NEEDS_EXPERT_VALIDATION
HNP-V03-000629,SYN-REQ-00315,MSV1-1CB807C7CC32961B,HARD_NEGATIVE,LEXICAL_SIMILAR_NOT_GOLD,0.5385,NEEDS_EXPERT_VALIDATION
HNP-V03-000630,SYN-REQ-00315,MSV1-127389DDC0C7D982,HARD_NEGATIVE,LEXICAL_SIMILAR_NOT_GOLD,0.2353,NEEDS_EXPERT_VALIDATION
HNP-V03-000631,SYN-REQ-00316,MSV1-AA522652EC325B47,HARD_NEGATIVE,LEXICAL_SIMILAR_NOT_GOLD,0.6111,NEEDS_EXPERT_VALIDATION
HNP-V03-000632,SYN-REQ-00316,MSV1-FD56A7F704936867,HARD_NEGATIVE,LEXICAL_SIMILAR_NOT_GOLD,0.4286,NEEDS_EXPERT_VALIDATION
HNP-V03-000633,SYN-REQ-00317,MSV1-F19163E94B519920,HARD_NEGATIVE,LEXICAL_SIMILAR_NOT_GOLD,0.4615,NEEDS_EXPERT_VALIDATION
HNP-V03-000634,SYN-REQ-00317,MSV1-0A286ABF42447401,HARD_NEGATIVE,LEXICAL_SIMILAR_NOT_GOLD,0.2857,NEEDS_EXPERT_VALIDATION
HNP-V03-000635,SYN-REQ-00318,MSV1-3998009649F3E38F,HARD_NEGATIVE,LEXICAL_SIMILAR_NOT_GOLD,0.1379,NEEDS_EXPERT_VALIDATION
HNP-V03-000636,SYN-REQ-00318,MSV1-0DB8704262726F8E,HARD_NEGATIVE,LEXICAL_SIMILAR_NOT_GOLD,0.125,NEEDS_EXPERT_VALIDATION
HNP-V03-000637,SYN-REQ-00319,MSV1-B4388830816E0018,HARD_NEGATIVE,LEXICAL_SIMILAR_NOT_GOLD,0.5,NEEDS_EXPERT_VALIDATION
HNP-V03-000638,SYN-REQ-00319,MSV1-4DD5E835BE1CBC88,HARD_NEGATIVE,LEXICAL_SIMILAR_NOT_GOLD,0.2667,NEEDS_EXPERT_VALIDATION
HNP-V03-000639,SYN-REQ-00320,MSV1-B68732C4DDA80AB6,HARD_NEGATIVE,LEXICAL_SIMILAR_NOT_GOLD,0.5625,NEEDS_EXPERT_VALIDATION
HNP-V03-000640,SYN-REQ-00320,MSV1-5049B14F8737DB9D,HARD_NEGATIVE,LEXICAL_SIMILAR_NOT_GOLD,0.4444,NEEDS_EXPERT_VALIDATION
HNP-V03-000641,SYN-REQ-00321,MSV1-3976C8A7A3797CA0,HARD_NEGATIVE,LEXICAL_SIMILAR_NOT_GOLD,0.6452,NEEDS_EXPERT_VALIDATION
HNP-V03-000642,SYN-REQ-00321,MSV1-699DDE654C621A63,HARD_NEGATIVE,LEXICAL_SIMILAR_NOT_GOLD,0.6061,NEEDS_EXPERT_VALIDATION
HNP-V03-000643,SYN-REQ-00322,MSV1-60A0CA84A6F90365,HARD_NEGATIVE,LEXICAL_SIMILAR_NOT_GOLD,0.1875,NEEDS_EXPERT_VALIDATION
HNP-V03-000644,SYN-REQ-00322,MSV1-8F27C798F02C3A59,HARD_NEGATIVE,LEXICAL_SIMILAR_NOT_GOLD,0.1765,NEEDS_EXPERT_VALIDATION
HNP-V03-000645,SYN-REQ-00323,MSV1-E675DE373C410659,HARD_NEGATIVE,LEXICAL_SIMILAR_NOT_GOLD,0.5333,NEEDS_EXPERT_VALIDATION
HNP-V03-000646,SYN-REQ-00323,MSV1-5D8D5279A6C61703,HARD_NEGATIVE,LEXICAL_SIMILAR_NOT_GOLD,0.3889,NEEDS_EXPERT_VALIDATION
HNP-V03-000647,SYN-REQ-00324,MSV1-3F8404D0A977ECE8,HARD_NEGATIVE,LEXICAL_SIMILAR_NOT_GOLD,0.5,NEEDS_EXPERT_VALIDATION
HNP-V03-000648,SYN-REQ-00324,MSV1-084873E029B423F4,HARD_NEGATIVE,LEXICAL_SIMILAR_NOT_GOLD,0.4815,NEEDS_EXPERT_VALIDATION
HNP-V03-000649,SYN-REQ-00325,MSV1-428ABCEE5364D344,HARD_NEGATIVE,LEXICAL_SIMILAR_NOT_GOLD,0.625,NEEDS_EXPERT_VALIDATION
HNP-V03-000650,SYN-REQ-00325,MSV1-119FFEDB5A5D5474,HARD_NEGATIVE,LEXICAL_SIMILAR_NOT_GOLD,0.4211,NEEDS_EXPERT_VALIDATION
HNP-V03-000651,SYN-REQ-00326,MSV1-2F3326CC808E4D56,HARD_NEGATIVE,LEXICAL_SIMILAR_NOT_GOLD,0.2727,NEEDS_EXPERT_VALIDATION
HNP-V03-000652,SYN-REQ-00326,MSV1-1212FA6047EEEEA9,HARD_NEGATIVE,LEXICAL_SIMILAR_NOT_GOLD,0.2609,NEEDS_EXPERT_VALIDATION
HNP-V03-000653,SYN-REQ-00327,MSV1-6BCB93D7400D1866,HARD_NEGATIVE,LEXICAL_SIMILAR_NOT_GOLD,0.4706,NEEDS_EXPERT_VALIDATION
HNP-V03-000654,SYN-REQ-00327,MSV1-C69C98AB6B44EB0E,HARD_NEGATIVE,LEXICAL_SIMILAR_NOT_GOLD,0.4706,NEEDS_EXPERT_VALIDATION
HNP-V03-000655,SYN-REQ-00328,MSV1-823FE9CA8F6FB864,HARD_NEGATIVE,LEXICAL_SIMILAR_NOT_GOLD,0.4545,NEEDS_EXPERT_VALIDATION
HNP-V03-000656,SYN-REQ-00328,MSV1-49E431328C7F096A,HARD_NEGATIVE,LEXICAL_SIMILAR_NOT_GOLD,0.3333,NEEDS_EXPERT_VALIDATION
HNP-V03-000657,SYN-REQ-00329,MSV1-179E532586228B0C,HARD_NEGATIVE,LEXICAL_SIMILAR_NOT_GOLD,0.3636,NEEDS_EXPERT_VALIDATION
HNP-V03-000658,SYN-REQ-00329,MSV1-85B0142DBCEADB73,HARD_NEGATIVE,LEXICAL_SIMILAR_NOT_GOLD,0.3636,NEEDS_EXPERT_VALIDATION
HNP-V03-000659,SYN-REQ-00330,MSV1-CB961890BBC79554,HARD_NEGATIVE,LEXICAL_SIMILAR_NOT_GOLD,0.4348,NEEDS_EXPERT_VALIDATION
HNP-V03-000660,SYN-REQ-00330,MSV1-B2BEE178A4823A7B,HARD_NEGATIVE,LEXICAL_SIMILAR_NOT_GOLD,0.3571,NEEDS_EXPERT_VALIDATION
HNP-V03-000661,SYN-REQ-00331,MSV1-7B29B02546967198,HARD_NEGATIVE,LEXICAL_SIMILAR_NOT_GOLD,0.5714,NEEDS_EXPERT_VALIDATION
HNP-V03-000662,SYN-REQ-00331,MSV1-B62D3F0299EEB302,HARD_NEGATIVE,LEXICAL_SIMILAR_NOT_GOLD,0.2353,NEEDS_EXPERT_VALIDATION
HNP-V03-000663,SYN-REQ-00332,MSV1-E754B42E792DE312,HARD_NEGATIVE,LEXICAL_SIMILAR_NOT_GOLD,0.3333,NEEDS_EXPERT_VALIDATION
HNP-V03-000664,SYN-REQ-00332,MSV1-6D3A36B9B8CB9BE9,HARD_NEGATIVE,LEXICAL_SIMILAR_NOT_GOLD,0.3,NEEDS_EXPERT_VALIDATION
HNP-V03-000665,SYN-REQ-00333,MSV1-392C885413881BD1,HARD_NEGATIVE,LEXICAL_SIMILAR_NOT_GOLD,0.6,NEEDS_EXPERT_VALIDATION
HNP-V03-000666,SYN-REQ-00333,MSV1-9F0223AAE57352FD,HARD_NEGATIVE,LEXICAL_SIMILAR_NOT_GOLD,0.4118,NEEDS_EXPERT_VALIDATION
HNP-V03-000667,SYN-REQ-00334,MSV1-6A3380832529698C,HARD_NEGATIVE,LEXICAL_SIMILAR_NOT_GOLD,0.2,NEEDS_EXPERT_VALIDATION
HNP-V03-000668,SYN-REQ-00334,MSV1-4BED40E05F6E1FFB,HARD_NEGATIVE,LEXICAL_SIMILAR_NOT_GOLD,0.1905,NEEDS_EXPERT_VALIDATION
HNP-V03-000669,SYN-REQ-00335,MSV1-BEC08E3F9F1C489F,HARD_NEGATIVE,LEXICAL_SIMILAR_NOT_GOLD,0.5882,NEEDS_EXPERT_VALIDATION
HNP-V03-000670,SYN-REQ-00335,MSV1-495950E84F572FA2,HARD_NEGATIVE,LEXICAL_SIMILAR_NOT_GOLD,0.35,NEEDS_EXPERT_VALIDATION
HNP-V03-000671,SYN-REQ-00336,MSV1-C8EB7CCF3332931A,HARD_NEGATIVE,LEXICAL_SIMILAR_NOT_GOLD,0.3913,NEEDS_EXPERT_VALIDATION
HNP-V03-000672,SYN-REQ-00336,MSV1-7BE6DFFEBAEE9BE2,HARD_NEGATIVE,LEXICAL_SIMILAR_NOT_GOLD,0.2692,NEEDS_EXPERT_VALIDATION
HNP-V03-000673,SYN-REQ-00337,MSV1-8368922397287220,HARD_NEGATIVE,LEXICAL_SIMILAR_NOT_GOLD,0.4615,NEEDS_EXPERT_VALIDATION
HNP-V03-000674,SYN-REQ-00337,MSV1-195A4813F8C8A510,HARD_NEGATIVE,LEXICAL_SIMILAR_NOT_GOLD,0.2143,NEEDS_EXPERT_VALIDATION
HNP-V03-000675,SYN-REQ-00338,MSV1-A4C77E6289FA1C32,HARD_NEGATIVE,LEXICAL_SIMILAR_NOT_GOLD,0.5,NEEDS_EXPERT_VALIDATION
HNP-V03-000676,SYN-REQ-00338,MSV1-D1F07A41392B5A91,HARD_NEGATIVE,LEXICAL_SIMILAR_NOT_GOLD,0.2105,NEEDS_EXPERT_VALIDATION
HNP-V03-000677,SYN-REQ-00339,MSV1-347E0D685AE945D0,HARD_NEGATIVE,LEXICAL_SIMILAR_NOT_GOLD,0.5882,NEEDS_EXPERT_VALIDATION
HNP-V03-000678,SYN-REQ-00339,MSV1-99EEB9984BB2623B,HARD_NEGATIVE,LEXICAL_SIMILAR_NOT_GOLD,0.3182,NEEDS_EXPERT_VALIDATION
HNP-V03-000679,SYN-REQ-00340,MSV1-6240528CE35F08BB,HARD_NEGATIVE,LEXICAL_SIMILAR_NOT_GOLD,0.3182,NEEDS_EXPERT_VALIDATION
HNP-V03-000680,SYN-REQ-00340,MSV1-F7216337C5652743,HARD_NEGATIVE,LEXICAL_SIMILAR_NOT_GOLD,0.2917,NEEDS_EXPERT_VALIDATION
HNP-V03-000681,SYN-REQ-00341,MSV1-8E1CED3FCB743EB7,HARD_NEGATIVE,LEXICAL_SIMILAR_NOT_GOLD,0.5,NEEDS_EXPERT_VALIDATION
HNP-V03-000682,SYN-REQ-00341,MSV1-521A56264A8CC1CC,HARD_NEGATIVE,LEXICAL_SIMILAR_NOT_GOLD,0.3158,NEEDS_EXPERT_VALIDATION
HNP-V03-000683,SYN-REQ-00342,MSV1-DE86A259CCAD11E5,HARD_NEGATIVE,LEXICAL_SIMILAR_NOT_GOLD,0.36,NEEDS_EXPERT_VALIDATION
HNP-V03-000684,SYN-REQ-00342,MSV1-609E3649D55B265F,HARD_NEGATIVE,LEXICAL_SIMILAR_NOT_GOLD,0.3333,NEEDS_EXPERT_VALIDATION
HNP-V03-000685,SYN-REQ-00343,MSV1-4EC4C48B497D9D98,HARD_NEGATIVE,LEXICAL_SIMILAR_NOT_GOLD,0.5652,NEEDS_EXPERT_VALIDATION
HNP-V03-000686,SYN-REQ-00343,MSV1-0815EBB79CB628EE,HARD_NEGATIVE,LEXICAL_SIMILAR_NOT_GOLD,0.5,NEEDS_EXPERT_VALIDATION
HNP-V03-000687,SYN-REQ-00344,MSV1-E84D2CE67A96F4C8,HARD_NEGATIVE,LEXICAL_SIMILAR_NOT_GOLD,0.5625,NEEDS_EXPERT_VALIDATION
HNP-V03-000688,SYN-REQ-00344,MSV1-C95E3A03BAC3B9F2,HARD_NEGATIVE,LEXICAL_SIMILAR_NOT_GOLD,0.4118,NEEDS_EXPERT_VALIDATION
HNP-V03-000689,SYN-REQ-00345,MSV1-C9C2307BDB56B972,HARD_NEGATIVE,LEXICAL_SIMILAR_NOT_GOLD,0.4545,NEEDS_EXPERT_VALIDATION
HNP-V03-000690,SYN-REQ-00345,MSV1-60A0CA84A6F90365,HARD_NEGATIVE,LEXICAL_SIMILAR_NOT_GOLD,0.1875,NEEDS_EXPERT_VALIDATION
HNP-V03-000691,SYN-REQ-00346,MSV1-D4824D3DCC4D07D0,HARD_NEGATIVE,LEXICAL_SIMILAR_NOT_GOLD,0.5517,NEEDS_EXPERT_VALIDATION
HNP-V03-000692,SYN-REQ-00346,MSV1-968663C4E1FAFDD2,HARD_NEGATIVE,LEXICAL_SIMILAR_NOT_GOLD,0.4074,NEEDS_EXPERT_VALIDATION
HNP-V03-000693,SYN-REQ-00347,MSV1-8A77EC0BFB604C29,HARD_NEGATIVE,LEXICAL_SIMILAR_NOT_GOLD,0.3636,NEEDS_EXPERT_VALIDATION
HNP-V03-000694,SYN-REQ-00347,MSV1-37F3738CED5E46E6,HARD_NEGATIVE,LEXICAL_SIMILAR_NOT_GOLD,0.3077,NEEDS_EXPERT_VALIDATION
HNP-V03-000695,SYN-REQ-00348,MSV1-50455E265980C9D9,HARD_NEGATIVE,LEXICAL_SIMILAR_NOT_GOLD,0.3,NEEDS_EXPERT_VALIDATION
HNP-V03-000696,SYN-REQ-00348,MSV1-E70EE6E967D175DC,HARD_NEGATIVE,LEXICAL_SIMILAR_NOT_GOLD,0.2963,NEEDS_EXPERT_VALIDATION
HNP-V03-000697,SYN-REQ-00349,MSV1-6A3CC6FFA769B278,HARD_NEGATIVE,LEXICAL_SIMILAR_NOT_GOLD,0.1724,NEEDS_EXPERT_VALIDATION
HNP-V03-000698,SYN-REQ-00349,MSV1-BB9A41AFC1CFD0ED,HARD_NEGATIVE,LEXICAL_SIMILAR_NOT_GOLD,0.1562,NEEDS_EXPERT_VALIDATION
HNP-V03-000699,SYN-REQ-00350,MSV1-2A0DE93F114A5816,HARD_NEGATIVE,LEXICAL_SIMILAR_NOT_GOLD,0.5652,NEEDS_EXPERT_VALIDATION
HNP-V03-000700,SYN-REQ-00350,MSV1-38F173EB1153C6A9,HARD_NEGATIVE,LEXICAL_SIMILAR_NOT_GOLD,0.5652,NEEDS_EXPERT_VALIDATION
HNP-V03-000701,SYN-REQ-00351,MSV1-4971086D304AD9F8,HARD_NEGATIVE,LEXICAL_SIMILAR_NOT_GOLD,0.5909,NEEDS_EXPERT_VALIDATION
HNP-V03-000702,SYN-REQ-00351,MSV1-BFF847BAB5A68855,HARD_NEGATIVE,LEXICAL_SIMILAR_NOT_GOLD,0.36,NEEDS_EXPERT_VALIDATION
HNP-V03-000703,SYN-REQ-00352,MSV1-7A6F9EA5AA0F77D6,HARD_NEGATIVE,LEXICAL_SIMILAR_NOT_GOLD,0.5333,NEEDS_EXPERT_VALIDATION
HNP-V03-000704,SYN-REQ-00352,MSV1-5354C6681537D9C2,HARD_NEGATIVE,LEXICAL_SIMILAR_NOT_GOLD,0.2632,NEEDS_EXPERT_VALIDATION
HNP-V03-000705,SYN-REQ-00353,MSV1-75A0DACB1C491C12,HARD_NEGATIVE,LEXICAL_SIMILAR_NOT_GOLD,0.5862,NEEDS_EXPERT_VALIDATION
HNP-V03-000706,SYN-REQ-00353,MSV1-8EE51FC53C52309D,HARD_NEGATIVE,LEXICAL_SIMILAR_NOT_GOLD,0.5667,NEEDS_EXPERT_VALIDATION
HNP-V03-000707,SYN-REQ-00354,MSV1-DF5935920744861B,HARD_NEGATIVE,LEXICAL_SIMILAR_NOT_GOLD,0.35,NEEDS_EXPERT_VALIDATION
HNP-V03-000708,SYN-REQ-00354,MSV1-0327FD4FB638C2BD,HARD_NEGATIVE,LEXICAL_SIMILAR_NOT_GOLD,0.32,NEEDS_EXPERT_VALIDATION
HNP-V03-000709,SYN-REQ-00355,MSV1-841F84754A655383,HARD_NEGATIVE,LEXICAL_SIMILAR_NOT_GOLD,0.6486,NEEDS_EXPERT_VALIDATION
HNP-V03-000710,SYN-REQ-00355,MSV1-42AAD2E72D8AA8B0,HARD_NEGATIVE,LEXICAL_SIMILAR_NOT_GOLD,0.3714,NEEDS_EXPERT_VALIDATION
HNP-V03-000711,SYN-REQ-00356,MSV1-6F0BD71D54580E0F,HARD_NEGATIVE,LEXICAL_SIMILAR_NOT_GOLD,0.2759,NEEDS_EXPERT_VALIDATION
HNP-V03-000712,SYN-REQ-00356,MSV1-656870087AB81B46,HARD_NEGATIVE,LEXICAL_SIMILAR_NOT_GOLD,0.2593,NEEDS_EXPERT_VALIDATION
HNP-V03-000713,SYN-REQ-00357,MSV1-29AB6D88AA9E548B,HARD_NEGATIVE,LEXICAL_SIMILAR_NOT_GOLD,0.5357,NEEDS_EXPERT_VALIDATION
HNP-V03-000714,SYN-REQ-00357,MSV1-712A820CC4F47C60,HARD_NEGATIVE,LEXICAL_SIMILAR_NOT_GOLD,0.5357,NEEDS_EXPERT_VALIDATION
HNP-V03-000715,SYN-REQ-00358,MSV1-27172F9470801D6E,HARD_NEGATIVE,LEXICAL_SIMILAR_NOT_GOLD,0.3235,NEEDS_EXPERT_VALIDATION
HNP-V03-000716,SYN-REQ-00358,MSV1-FCE1ABFB03A1D6AE,HARD_NEGATIVE,LEXICAL_SIMILAR_NOT_GOLD,0.2432,NEEDS_EXPERT_VALIDATION
HNP-V03-000717,SYN-REQ-00359,MSV1-8E84EA61F7ACA512,HARD_NEGATIVE,LEXICAL_SIMILAR_NOT_GOLD,0.5882,NEEDS_EXPERT_VALIDATION
HNP-V03-000718,SYN-REQ-00359,MSV1-55F2EDD479CC6A13,HARD_NEGATIVE,LEXICAL_SIMILAR_NOT_GOLD,0.3333,NEEDS_EXPERT_VALIDATION
HNP-V03-000719,SYN-REQ-00360,MSV1-467BEA1D1103DDD6,HARD_NEGATIVE,LEXICAL_SIMILAR_NOT_GOLD,0.5,NEEDS_EXPERT_VALIDATION
HNP-V03-000720,SYN-REQ-00360,MSV1-B5DCE76985B4D867,HARD_NEGATIVE,LEXICAL_SIMILAR_NOT_GOLD,0.3333,NEEDS_EXPERT_VALIDATION
HNP-V03-000721,SYN-REQ-00361,MSV1-3C4EC59EEC78D39C,HARD_NEGATIVE,LEXICAL_SIMILAR_NOT_GOLD,0.6316,NEEDS_EXPERT_VALIDATION
HNP-V03-000722,SYN-REQ-00361,MSV1-87A9D1374DCF2443,HARD_NEGATIVE,LEXICAL_SIMILAR_NOT_GOLD,0.4545,NEEDS_EXPERT_VALIDATION
HNP-V03-000723,SYN-REQ-00362,MSV1-B00ED36EAB7B0FC3,HARD_NEGATIVE,LEXICAL_SIMILAR_NOT_GOLD,0.5,NEEDS_EXPERT_VALIDATION
HNP-V03-000724,SYN-REQ-00362,MSV1-ED1BB32D05EDA5BE,HARD_NEGATIVE,LEXICAL_SIMILAR_NOT_GOLD,0.5,NEEDS_EXPERT_VALIDATION
HNP-V03-000725,SYN-REQ-00363,MSV1-B9DBFD3A9D0FE036,HARD_NEGATIVE,LEXICAL_SIMILAR_NOT_GOLD,0.6111,NEEDS_EXPERT_VALIDATION
HNP-V03-000726,SYN-REQ-00363,MSV1-EC5AD37FE3EBDA2F,HARD_NEGATIVE,LEXICAL_SIMILAR_NOT_GOLD,0.2857,NEEDS_EXPERT_VALIDATION
HNP-V03-000727,SYN-REQ-00364,MSV1-2FEF17E29C0F7ED7,HARD_NEGATIVE,LEXICAL_SIMILAR_NOT_GOLD,0.5312,NEEDS_EXPERT_VALIDATION
HNP-V03-000728,SYN-REQ-00364,MSV1-589DD310C3139C88,HARD_NEGATIVE,LEXICAL_SIMILAR_NOT_GOLD,0.5,NEEDS_EXPERT_VALIDATION
HNP-V03-000729,SYN-REQ-00365,MSV1-380ACAC40B3539C3,HARD_NEGATIVE,LEXICAL_SIMILAR_NOT_GOLD,0.6,NEEDS_EXPERT_VALIDATION
HNP-V03-000730,SYN-REQ-00365,MSV1-436ACE74FCCF9A2A,HARD_NEGATIVE,LEXICAL_SIMILAR_NOT_GOLD,0.4706,NEEDS_EXPERT_VALIDATION
HNP-V03-000731,SYN-REQ-00366,MSV1-443F69924EAE181D,HARD_NEGATIVE,LEXICAL_SIMILAR_NOT_GOLD,0.5,NEEDS_EXPERT_VALIDATION
HNP-V03-000732,SYN-REQ-00366,MSV1-DEE1F9EDBDFBE04B,HARD_NEGATIVE,LEXICAL_SIMILAR_NOT_GOLD,0.3846,NEEDS_EXPERT_VALIDATION
HNP-V03-000733,SYN-REQ-00367,MSV1-1E748CA454C06BF9,HARD_NEGATIVE,LEXICAL_SIMILAR_NOT_GOLD,0.3333,NEEDS_EXPERT_VALIDATION
HNP-V03-000734,SYN-REQ-00367,MSV1-60A0CA84A6F90365,HARD_NEGATIVE,LEXICAL_SIMILAR_NOT_GOLD,0.2143,NEEDS_EXPERT_VALIDATION
HNP-V03-000735,SYN-REQ-00368,MSV1-FB649A4CD6F909BB,HARD_NEGATIVE,LEXICAL_SIMILAR_NOT_GOLD,0.2222,NEEDS_EXPERT_VALIDATION
HNP-V03-000736,SYN-REQ-00368,MSV1-517E3D976079C378,HARD_NEGATIVE,LEXICAL_SIMILAR_NOT_GOLD,0.2174,NEEDS_EXPERT_VALIDATION
HNP-V03-000737,SYN-REQ-00369,MSV1-DE46A9BC65D4C54B,HARD_NEGATIVE,LEXICAL_SIMILAR_NOT_GOLD,0.2727,NEEDS_EXPERT_VALIDATION
HNP-V03-000738,SYN-REQ-00369,MSV1-8F7B1CEC93673957,HARD_NEGATIVE,LEXICAL_SIMILAR_NOT_GOLD,0.2308,NEEDS_EXPERT_VALIDATION
HNP-V03-000739,SYN-REQ-00370,MSV1-C0B2C144597CCE89,HARD_NEGATIVE,LEXICAL_SIMILAR_NOT_GOLD,0.4,NEEDS_EXPERT_VALIDATION
HNP-V03-000740,SYN-REQ-00370,MSV1-62DC9346E43550BE,HARD_NEGATIVE,LEXICAL_SIMILAR_NOT_GOLD,0.2143,NEEDS_EXPERT_VALIDATION
HNP-V03-000741,SYN-REQ-00371,MSV1-127A749C7FB4E421,HARD_NEGATIVE,LEXICAL_SIMILAR_NOT_GOLD,0.2941,NEEDS_EXPERT_VALIDATION
HNP-V03-000742,SYN-REQ-00371,MSV1-70FFBCFC41F5CF32,HARD_NEGATIVE,LEXICAL_SIMILAR_NOT_GOLD,0.2941,NEEDS_EXPERT_VALIDATION
HNP-V03-000743,SYN-REQ-00372,MSV1-6EA7383F2C20E2B4,HARD_NEGATIVE,LEXICAL_SIMILAR_NOT_GOLD,0.5625,NEEDS_EXPERT_VALIDATION
HNP-V03-000744,SYN-REQ-00372,MSV1-5CA08E98D614B857,HARD_NEGATIVE,LEXICAL_SIMILAR_NOT_GOLD,0.3889,NEEDS_EXPERT_VALIDATION
HNP-V03-000745,SYN-REQ-00373,MSV1-2C2DFC25B7E3F82A,HARD_NEGATIVE,LEXICAL_SIMILAR_NOT_GOLD,0.625,NEEDS_EXPERT_VALIDATION
HNP-V03-000746,SYN-REQ-00373,MSV1-DD29E5E09F1F1776,HARD_NEGATIVE,LEXICAL_SIMILAR_NOT_GOLD,0.3333,NEEDS_EXPERT_VALIDATION
HNP-V03-000747,SYN-REQ-00374,MSV1-4B13C9C91A8B13B4,HARD_NEGATIVE,LEXICAL_SIMILAR_NOT_GOLD,0.6,NEEDS_EXPERT_VALIDATION
HNP-V03-000748,SYN-REQ-00374,MSV1-7872CD17AB43772C,HARD_NEGATIVE,LEXICAL_SIMILAR_NOT_GOLD,0.3871,NEEDS_EXPERT_VALIDATION
HNP-V03-000749,SYN-REQ-00375,MSV1-9F1D96C2BCB6F512,HARD_NEGATIVE,LEXICAL_SIMILAR_NOT_GOLD,0.3,NEEDS_EXPERT_VALIDATION
HNP-V03-000750,SYN-REQ-00375,MSV1-60A0CA84A6F90365,HARD_NEGATIVE,LEXICAL_SIMILAR_NOT_GOLD,0.2,NEEDS_EXPERT_VALIDATION
HNP-V03-000751,SYN-REQ-00376,MSV1-2EF28AF0949A6C2E,HARD_NEGATIVE,LEXICAL_SIMILAR_NOT_GOLD,0.2121,NEEDS_EXPERT_VALIDATION
HNP-V03-000752,SYN-REQ-00376,MSV1-86121D9B82E026CA,HARD_NEGATIVE,LEXICAL_SIMILAR_NOT_GOLD,0.1892,NEEDS_EXPERT_VALIDATION
HNP-V03-000753,SYN-REQ-00377,MSV1-377FE3B4590FC6F2,HARD_NEGATIVE,LEXICAL_SIMILAR_NOT_GOLD,0.3333,NEEDS_EXPERT_VALIDATION
HNP-V03-000754,SYN-REQ-00377,MSV1-BB9FD86DEA65180F,HARD_NEGATIVE,LEXICAL_SIMILAR_NOT_GOLD,0.3333,NEEDS_EXPERT_VALIDATION
HNP-V03-000755,SYN-REQ-00378,MSV1-543BA45B6EE75A86,HARD_NEGATIVE,LEXICAL_SIMILAR_NOT_GOLD,0.4545,NEEDS_EXPERT_VALIDATION
HNP-V03-000756,SYN-REQ-00378,MSV1-0E7AEEE98010CAF6,HARD_NEGATIVE,LEXICAL_SIMILAR_NOT_GOLD,0.25,NEEDS_EXPERT_VALIDATION
HNP-V03-000757,SYN-REQ-00379,MSV1-B56A6F78DA6132C5,HARD_NEGATIVE,LEXICAL_SIMILAR_NOT_GOLD,0.4483,NEEDS_EXPERT_VALIDATION
HNP-V03-000758,SYN-REQ-00379,MSV1-E8A02004261BC77D,HARD_NEGATIVE,LEXICAL_SIMILAR_NOT_GOLD,0.1875,NEEDS_EXPERT_VALIDATION
HNP-V03-000759,SYN-REQ-00380,MSV1-9210ADF132247E45,HARD_NEGATIVE,LEXICAL_SIMILAR_NOT_GOLD,0.6471,NEEDS_EXPERT_VALIDATION
HNP-V03-000760,SYN-REQ-00380,MSV1-F0F724D3C3EE19AD,HARD_NEGATIVE,LEXICAL_SIMILAR_NOT_GOLD,0.2381,NEEDS_EXPERT_VALIDATION
HNP-V03-000761,SYN-REQ-00381,MSV1-F77615A5A703FE83,HARD_NEGATIVE,LEXICAL_SIMILAR_NOT_GOLD,0.375,NEEDS_EXPERT_VALIDATION
HNP-V03-000762,SYN-REQ-00381,MSV1-064634CEB5160D04,HARD_NEGATIVE,LEXICAL_SIMILAR_NOT_GOLD,0.3438,NEEDS_EXPERT_VALIDATION
HNP-V03-000763,SYN-REQ-00382,MSV1-8DB5FC0905AF0C80,HARD_NEGATIVE,LEXICAL_SIMILAR_NOT_GOLD,0.5,NEEDS_EXPERT_VALIDATION
HNP-V03-000764,SYN-REQ-00382,MSV1-6DD8E39C4ED70F8A,HARD_NEGATIVE,LEXICAL_SIMILAR_NOT_GOLD,0.4516,NEEDS_EXPERT_VALIDATION
HNP-V03-000765,SYN-REQ-00383,MSV1-80CA61033D3BC13B,HARD_NEGATIVE,LEXICAL_SIMILAR_NOT_GOLD,0.4545,NEEDS_EXPERT_VALIDATION
HNP-V03-000766,SYN-REQ-00383,MSV1-B7993C40AE182500,HARD_NEGATIVE,LEXICAL_SIMILAR_NOT_GOLD,0.3333,NEEDS_EXPERT_VALIDATION
HNP-V03-000767,SYN-REQ-00384,MSV1-A64B56FB351697F7,HARD_NEGATIVE,LEXICAL_SIMILAR_NOT_GOLD,0.3889,NEEDS_EXPERT_VALIDATION
HNP-V03-000768,SYN-REQ-00384,MSV1-454E0093FC576599,HARD_NEGATIVE,LEXICAL_SIMILAR_NOT_GOLD,0.3514,NEEDS_EXPERT_VALIDATION
HNP-V03-000769,SYN-REQ-00385,MSV1-017CB0E7DAFB30F0,HARD_NEGATIVE,LEXICAL_SIMILAR_NOT_GOLD,0.4615,NEEDS_EXPERT_VALIDATION
HNP-V03-000770,SYN-REQ-00385,MSV1-CCDA0B0F7332CDF1,HARD_NEGATIVE,LEXICAL_SIMILAR_NOT_GOLD,0.2941,NEEDS_EXPERT_VALIDATION
HNP-V03-000771,SYN-REQ-00386,MSV1-3B159D1D096879CA,HARD_NEGATIVE,LEXICAL_SIMILAR_NOT_GOLD,0.6,NEEDS_EXPERT_VALIDATION
HNP-V03-000772,SYN-REQ-00386,MSV1-888A2105E7288552,HARD_NEGATIVE,LEXICAL_SIMILAR_NOT_GOLD,0.4375,NEEDS_EXPERT_VALIDATION
HNP-V03-000773,SYN-REQ-00387,MSV1-71024E39E04E1EB5,HARD_NEGATIVE,LEXICAL_SIMILAR_NOT_GOLD,0.4545,NEEDS_EXPERT_VALIDATION
HNP-V03-000774,SYN-REQ-00387,MSV1-45CD2F955078F2DF,HARD_NEGATIVE,LEXICAL_SIMILAR_NOT_GOLD,0.2857,NEEDS_EXPERT_VALIDATION
HNP-V03-000775,SYN-REQ-00388,MSV1-EAC7B0DBC88AC9B9,HARD_NEGATIVE,LEXICAL_SIMILAR_NOT_GOLD,0.5333,NEEDS_EXPERT_VALIDATION
HNP-V03-000776,SYN-REQ-00388,MSV1-5F9F6190236499FD,HARD_NEGATIVE,LEXICAL_SIMILAR_NOT_GOLD,0.375,NEEDS_EXPERT_VALIDATION
HNP-V03-000777,SYN-REQ-00389,MSV1-5CA1156A7881D475,HARD_NEGATIVE,LEXICAL_SIMILAR_NOT_GOLD,0.5,NEEDS_EXPERT_VALIDATION
HNP-V03-000778,SYN-REQ-00389,MSV1-178417B59DD09744,HARD_NEGATIVE,LEXICAL_SIMILAR_NOT_GOLD,0.25,NEEDS_EXPERT_VALIDATION
HNP-V03-000779,SYN-REQ-00390,MSV1-D0023A8E1BE6D07E,HARD_NEGATIVE,LEXICAL_SIMILAR_NOT_GOLD,0.3,NEEDS_EXPERT_VALIDATION
HNP-V03-000780,SYN-REQ-00390,MSV1-60A0CA84A6F90365,HARD_NEGATIVE,LEXICAL_SIMILAR_NOT_GOLD,0.2,NEEDS_EXPERT_VALIDATION
HNP-V03-000781,SYN-REQ-00391,MSV1-8E61C4DE31FE044D,HARD_NEGATIVE,LEXICAL_SIMILAR_NOT_GOLD,0.5,NEEDS_EXPERT_VALIDATION
HNP-V03-000782,SYN-REQ-00391,MSV1-AE06420A03C86C36,HARD_NEGATIVE,LEXICAL_SIMILAR_NOT_GOLD,0.2632,NEEDS_EXPERT_VALIDATION
HNP-V03-000783,SYN-REQ-00392,MSV1-AF464C7B8A7C1AD8,HARD_NEGATIVE,LEXICAL_SIMILAR_NOT_GOLD,0.2941,NEEDS_EXPERT_VALIDATION
HNP-V03-000784,SYN-REQ-00392,MSV1-127389DDC0C7D982,HARD_NEGATIVE,LEXICAL_SIMILAR_NOT_GOLD,0.2667,NEEDS_EXPERT_VALIDATION
HNP-V03-000785,SYN-REQ-00393,MSV1-C082970A40867853,HARD_NEGATIVE,LEXICAL_SIMILAR_NOT_GOLD,0.3636,NEEDS_EXPERT_VALIDATION
HNP-V03-000786,SYN-REQ-00393,MSV1-38FE067F6DE67052,HARD_NEGATIVE,LEXICAL_SIMILAR_NOT_GOLD,0.3462,NEEDS_EXPERT_VALIDATION
HNP-V03-000787,SYN-REQ-00394,MSV1-DAFC59B58A318E33,HARD_NEGATIVE,LEXICAL_SIMILAR_NOT_GOLD,0.6471,NEEDS_EXPERT_VALIDATION
HNP-V03-000788,SYN-REQ-00394,MSV1-B5C35E69E38313D5,HARD_NEGATIVE,LEXICAL_SIMILAR_NOT_GOLD,0.3333,NEEDS_EXPERT_VALIDATION
HNP-V03-000789,SYN-REQ-00395,MSV1-BE0E1491E25E9F2E,HARD_NEGATIVE,LEXICAL_SIMILAR_NOT_GOLD,0.5652,NEEDS_EXPERT_VALIDATION
HNP-V03-000790,SYN-REQ-00395,MSV1-69E3739B9F0443D0,HARD_NEGATIVE,LEXICAL_SIMILAR_NOT_GOLD,0.5,NEEDS_EXPERT_VALIDATION
HNP-V03-000791,SYN-REQ-00396,MSV1-32E52B593B7DC278,HARD_NEGATIVE,LEXICAL_SIMILAR_NOT_GOLD,0.5385,NEEDS_EXPERT_VALIDATION
HNP-V03-000792,SYN-REQ-00396,MSV1-2B3C6D0EEFB982DC,HARD_NEGATIVE,LEXICAL_SIMILAR_NOT_GOLD,0.3333,NEEDS_EXPERT_VALIDATION
HNP-V03-000793,SYN-REQ-00397,MSV1-84D049DD9A981888,HARD_NEGATIVE,LEXICAL_SIMILAR_NOT_GOLD,0.2632,NEEDS_EXPERT_VALIDATION
HNP-V03-000794,SYN-REQ-00397,MSV1-B6C0ACA640CB7DFF,HARD_NEGATIVE,LEXICAL_SIMILAR_NOT_GOLD,0.2308,NEEDS_EXPERT_VALIDATION
HNP-V03-000795,SYN-REQ-00398,MSV1-A9DFB9F8BF41252F,HARD_NEGATIVE,LEXICAL_SIMILAR_NOT_GOLD,0.3125,NEEDS_EXPERT_VALIDATION
HNP-V03-000796,SYN-REQ-00398,MSV1-212C87DB16376670,HARD_NEGATIVE,LEXICAL_SIMILAR_NOT_GOLD,0.2917,NEEDS_EXPERT_VALIDATION
HNP-V03-000797,SYN-REQ-00399,MSV1-6F79AB681819AFF7,HARD_NEGATIVE,LEXICAL_SIMILAR_NOT_GOLD,0.6,NEEDS_EXPERT_VALIDATION
HNP-V03-000798,SYN-REQ-00399,MSV1-1718D8641DEA5B20,HARD_NEGATIVE,LEXICAL_SIMILAR_NOT_GOLD,0.2609,NEEDS_EXPERT_VALIDATION
HNP-V03-000799,SYN-REQ-00400,MSV1-396B9F0C95AD7599,HARD_NEGATIVE,LEXICAL_SIMILAR_NOT_GOLD,0.6471,NEEDS_EXPERT_VALIDATION
HNP-V03-000800,SYN-REQ-00400,MSV1-63DDC239AEBA33A3,HARD_NEGATIVE,LEXICAL_SIMILAR_NOT_GOLD,0.45,NEEDS_EXPERT_VALIDATION
HNP-V03-000801,SYN-REQ-00401,MSV1-A21B751D6D3B497F,HARD_NEGATIVE,LEXICAL_SIMILAR_NOT_GOLD,0.3636,NEEDS_EXPERT_VALIDATION
HNP-V03-000802,SYN-REQ-00401,MSV1-C946978F6C769877,HARD_NEGATIVE,LEXICAL_SIMILAR_NOT_GOLD,0.3636,NEEDS_EXPERT_VALIDATION
HNP-V03-000803,SYN-REQ-00402,MSV1-E3A803A48E427D15,HARD_NEGATIVE,LEXICAL_SIMILAR_NOT_GOLD,0.5333,NEEDS_EXPERT_VALIDATION
HNP-V03-000804,SYN-REQ-00402,MSV1-DCCE6F2467810AE8,HARD_NEGATIVE,LEXICAL_SIMILAR_NOT_GOLD,0.3889,NEEDS_EXPERT_VALIDATION
HNP-V03-000805,SYN-REQ-00403,MSV1-6CC417F297F5AA45,HARD_NEGATIVE,LEXICAL_SIMILAR_NOT_GOLD,0.6111,NEEDS_EXPERT_VALIDATION
HNP-V03-000806,SYN-REQ-00403,MSV1-4A211A2D0BC9B0C2,HARD_NEGATIVE,LEXICAL_SIMILAR_NOT_GOLD,0.2917,NEEDS_EXPERT_VALIDATION
HNP-V03-000807,SYN-REQ-00404,MSV1-92926A9863B6C9D3,HARD_NEGATIVE,LEXICAL_SIMILAR_NOT_GOLD,0.5185,NEEDS_EXPERT_VALIDATION
HNP-V03-000808,SYN-REQ-00404,MSV1-2D2E1576ACE82A48,HARD_NEGATIVE,LEXICAL_SIMILAR_NOT_GOLD,0.5,NEEDS_EXPERT_VALIDATION
HNP-V03-000809,SYN-REQ-00405,MSV1-DE4B89C235785FF9,HARD_NEGATIVE,LEXICAL_SIMILAR_NOT_GOLD,0.625,NEEDS_EXPERT_VALIDATION
HNP-V03-000810,SYN-REQ-00405,MSV1-D9EF67BAD53BF76E,HARD_NEGATIVE,LEXICAL_SIMILAR_NOT_GOLD,0.24,NEEDS_EXPERT_VALIDATION
HNP-V03-000811,SYN-REQ-00406,MSV1-C781CFCFCE314A39,HARD_NEGATIVE,LEXICAL_SIMILAR_NOT_GOLD,0.2963,NEEDS_EXPERT_VALIDATION
HNP-V03-000812,SYN-REQ-00406,MSV1-BA9BFF28F6859CD9,HARD_NEGATIVE,LEXICAL_SIMILAR_NOT_GOLD,0.25,NEEDS_EXPERT_VALIDATION
HNP-V03-000813,SYN-REQ-00407,MSV1-A7683908C223BC23,HARD_NEGATIVE,LEXICAL_SIMILAR_NOT_GOLD,0.4615,NEEDS_EXPERT_VALIDATION
HNP-V03-000814,SYN-REQ-00407,MSV1-E662D2D6C705EA80,HARD_NEGATIVE,LEXICAL_SIMILAR_NOT_GOLD,0.2,NEEDS_EXPERT_VALIDATION
HNP-V03-000815,SYN-REQ-00408,MSV1-C019B859A9616AB2,HARD_NEGATIVE,LEXICAL_SIMILAR_NOT_GOLD,0.24,NEEDS_EXPERT_VALIDATION
HNP-V03-000816,SYN-REQ-00408,MSV1-CB8EFFE31BB40920,HARD_NEGATIVE,LEXICAL_SIMILAR_NOT_GOLD,0.2069,NEEDS_EXPERT_VALIDATION
HNP-V03-000817,SYN-REQ-00409,MSV1-03464ED5C19CD7CE,HARD_NEGATIVE,LEXICAL_SIMILAR_NOT_GOLD,0.625,NEEDS_EXPERT_VALIDATION
HNP-V03-000818,SYN-REQ-00409,MSV1-34BA012B913EBDA5,HARD_NEGATIVE,LEXICAL_SIMILAR_NOT_GOLD,0.4118,NEEDS_EXPERT_VALIDATION
HNP-V03-000819,SYN-REQ-00410,MSV1-468431F32F6D7E07,HARD_NEGATIVE,LEXICAL_SIMILAR_NOT_GOLD,0.3846,NEEDS_EXPERT_VALIDATION
HNP-V03-000820,SYN-REQ-00410,MSV1-1CB72C0C5F9A74CD,HARD_NEGATIVE,LEXICAL_SIMILAR_NOT_GOLD,0.3636,NEEDS_EXPERT_VALIDATION
HNP-V03-000821,SYN-REQ-00411,MSV1-82324921FE9FE7C6,HARD_NEGATIVE,LEXICAL_SIMILAR_NOT_GOLD,0.2381,NEEDS_EXPERT_VALIDATION
HNP-V03-000822,SYN-REQ-00411,MSV1-48F13CB93B7837E6,HARD_NEGATIVE,LEXICAL_SIMILAR_NOT_GOLD,0.2273,NEEDS_EXPERT_VALIDATION
HNP-V03-000823,SYN-REQ-00412,MSV1-0AD974D779DA249B,HARD_NEGATIVE,LEXICAL_SIMILAR_NOT_GOLD,0.5,NEEDS_EXPERT_VALIDATION
HNP-V03-000824,SYN-REQ-00412,MSV1-FC42A355D846A905,HARD_NEGATIVE,LEXICAL_SIMILAR_NOT_GOLD,0.2083,NEEDS_EXPERT_VALIDATION
HNP-V03-000825,SYN-REQ-00413,MSV1-25272EE05C9BA113,HARD_NEGATIVE,LEXICAL_SIMILAR_NOT_GOLD,0.4194,NEEDS_EXPERT_VALIDATION
HNP-V03-000826,SYN-REQ-00413,MSV1-63AF65462483729D,HARD_NEGATIVE,LEXICAL_SIMILAR_NOT_GOLD,0.4194,NEEDS_EXPERT_VALIDATION
HNP-V03-000827,SYN-REQ-00414,MSV1-A257516F3EC2A8B1,HARD_NEGATIVE,LEXICAL_SIMILAR_NOT_GOLD,0.4348,NEEDS_EXPERT_VALIDATION
HNP-V03-000828,SYN-REQ-00414,MSV1-65F5B43641672BAD,HARD_NEGATIVE,LEXICAL_SIMILAR_NOT_GOLD,0.36,NEEDS_EXPERT_VALIDATION
HNP-V03-000829,SYN-REQ-00415,MSV1-C1D6C24635986D15,HARD_NEGATIVE,LEXICAL_SIMILAR_NOT_GOLD,0.6,NEEDS_EXPERT_VALIDATION
HNP-V03-000830,SYN-REQ-00415,MSV1-1B003F43ABD9161C,HARD_NEGATIVE,LEXICAL_SIMILAR_NOT_GOLD,0.2778,NEEDS_EXPERT_VALIDATION
HNP-V03-000831,SYN-REQ-00416,MSV1-DD9F5C4380AD4411,HARD_NEGATIVE,LEXICAL_SIMILAR_NOT_GOLD,0.5,NEEDS_EXPERT_VALIDATION
HNP-V03-000832,SYN-REQ-00416,MSV1-482B51AC6133DCCE,HARD_NEGATIVE,LEXICAL_SIMILAR_NOT_GOLD,0.375,NEEDS_EXPERT_VALIDATION
HNP-V03-000833,SYN-REQ-00417,MSV1-92365031CA8F15FF,HARD_NEGATIVE,LEXICAL_SIMILAR_NOT_GOLD,0.6111,NEEDS_EXPERT_VALIDATION
HNP-V03-000834,SYN-REQ-00417,MSV1-188B0C98430F4E0B,HARD_NEGATIVE,LEXICAL_SIMILAR_NOT_GOLD,0.4737,NEEDS_EXPERT_VALIDATION
HNP-V03-000835,SYN-REQ-00418,MSV1-50D677FAEF97D71B,HARD_NEGATIVE,LEXICAL_SIMILAR_NOT_GOLD,0.56,NEEDS_EXPERT_VALIDATION
HNP-V03-000836,SYN-REQ-00418,MSV1-176C31F25B399F20,HARD_NEGATIVE,LEXICAL_SIMILAR_NOT_GOLD,0.5,NEEDS_EXPERT_VALIDATION
HNP-V03-000837,SYN-REQ-00419,MSV1-C7B913B6C3BE5367,HARD_NEGATIVE,LEXICAL_SIMILAR_NOT_GOLD,0.5641,NEEDS_EXPERT_VALIDATION
HNP-V03-000838,SYN-REQ-00419,MSV1-1B54FB4C1F9534D2,HARD_NEGATIVE,LEXICAL_SIMILAR_NOT_GOLD,0.45,NEEDS_EXPERT_VALIDATION
HNP-V03-000839,SYN-REQ-00420,MSV1-142D546E83E27E03,HARD_NEGATIVE,LEXICAL_SIMILAR_NOT_GOLD,0.6471,NEEDS_EXPERT_VALIDATION
HNP-V03-000840,SYN-REQ-00420,MSV1-D17110DD137BE201,HARD_NEGATIVE,LEXICAL_SIMILAR_NOT_GOLD,0.4737,NEEDS_EXPERT_VALIDATION
HNP-V03-000841,SYN-REQ-00421,MSV1-3B09DD80D638EE00,HARD_NEGATIVE,LEXICAL_SIMILAR_NOT_GOLD,0.2609,NEEDS_EXPERT_VALIDATION
HNP-V03-000842,SYN-REQ-00421,MSV1-76196C38AC50CAF6,HARD_NEGATIVE,LEXICAL_SIMILAR_NOT_GOLD,0.2609,NEEDS_EXPERT_VALIDATION
HNP-V03-000843,SYN-REQ-00422,MSV1-3922E2E8283E1ED1,HARD_NEGATIVE,LEXICAL_SIMILAR_NOT_GOLD,0.6316,NEEDS_EXPERT_VALIDATION
HNP-V03-000844,SYN-REQ-00422,MSV1-00DCF0D6DACBE2FC,HARD_NEGATIVE,LEXICAL_SIMILAR_NOT_GOLD,0.55,NEEDS_EXPERT_VALIDATION
HNP-V03-000845,SYN-REQ-00423,MSV1-990AFE27FB7B8365,HARD_NEGATIVE,LEXICAL_SIMILAR_NOT_GOLD,0.5625,NEEDS_EXPERT_VALIDATION
HNP-V03-000846,SYN-REQ-00423,MSV1-3CCC5D33F54C0345,HARD_NEGATIVE,LEXICAL_SIMILAR_NOT_GOLD,0.3889,NEEDS_EXPERT_VALIDATION
HNP-V03-000847,SYN-REQ-00424,MSV1-D801D102FE2BD6A2,HARD_NEGATIVE,LEXICAL_SIMILAR_NOT_GOLD,0.5789,NEEDS_EXPERT_VALIDATION
HNP-V03-000848,SYN-REQ-00424,MSV1-20B0FAD567A9A780,HARD_NEGATIVE,LEXICAL_SIMILAR_NOT_GOLD,0.2857,NEEDS_EXPERT_VALIDATION
HNP-V03-000849,SYN-REQ-00425,MSV1-5658EAA7B071864C,HARD_NEGATIVE,LEXICAL_SIMILAR_NOT_GOLD,0.6111,NEEDS_EXPERT_VALIDATION
HNP-V03-000850,SYN-REQ-00425,MSV1-5624C27F89C69E57,HARD_NEGATIVE,LEXICAL_SIMILAR_NOT_GOLD,0.4211,NEEDS_EXPERT_VALIDATION
HNP-V03-000851,SYN-REQ-00426,MSV1-07648FBF8834E958,HARD_NEGATIVE,LEXICAL_SIMILAR_NOT_GOLD,0.6471,NEEDS_EXPERT_VALIDATION
HNP-V03-000852,SYN-REQ-00426,MSV1-02CEE529AF3A633E,HARD_NEGATIVE,LEXICAL_SIMILAR_NOT_GOLD,0.2609,NEEDS_EXPERT_VALIDATION
HNP-V03-000853,SYN-REQ-00427,MSV1-E4174DB63992C7E3,HARD_NEGATIVE,LEXICAL_SIMILAR_NOT_GOLD,0.4516,NEEDS_EXPERT_VALIDATION
HNP-V03-000854,SYN-REQ-00427,MSV1-FF8064AB8F1EF206,HARD_NEGATIVE,LEXICAL_SIMILAR_NOT_GOLD,0.4333,NEEDS_EXPERT_VALIDATION
HNP-V03-000855,SYN-REQ-00428,MSV1-5E27689706F17062,HARD_NEGATIVE,LEXICAL_SIMILAR_NOT_GOLD,0.5,NEEDS_EXPERT_VALIDATION
HNP-V03-000856,SYN-REQ-00428,MSV1-994F53A9D87111D8,HARD_NEGATIVE,LEXICAL_SIMILAR_NOT_GOLD,0.3333,NEEDS_EXPERT_VALIDATION
HNP-V03-000857,SYN-REQ-00429,MSV1-9EEE37A143458AA9,HARD_NEGATIVE,LEXICAL_SIMILAR_NOT_GOLD,0.5625,NEEDS_EXPERT_VALIDATION
HNP-V03-000858,SYN-REQ-00429,MSV1-EFFF058DE0CAD3B3,HARD_NEGATIVE,LEXICAL_SIMILAR_NOT_GOLD,0.3,NEEDS_EXPERT_VALIDATION
HNP-V03-000859,SYN-REQ-00430,MSV1-43E351C9EA66B46E,HARD_NEGATIVE,LEXICAL_SIMILAR_NOT_GOLD,0.4583,NEEDS_EXPERT_VALIDATION
HNP-V03-000860,SYN-REQ-00430,MSV1-BED7234F7DB28D6F,HARD_NEGATIVE,LEXICAL_SIMILAR_NOT_GOLD,0.4583,NEEDS_EXPERT_VALIDATION
HNP-V03-000861,SYN-REQ-00431,MSV1-11CB33D91242C23F,HARD_NEGATIVE,LEXICAL_SIMILAR_NOT_GOLD,0.5882,NEEDS_EXPERT_VALIDATION
HNP-V03-000862,SYN-REQ-00431,MSV1-BF5893D608E8E721,HARD_NEGATIVE,LEXICAL_SIMILAR_NOT_GOLD,0.45,NEEDS_EXPERT_VALIDATION
HNP-V03-000863,SYN-REQ-00432,MSV1-D20C2F1805790CB0,HARD_NEGATIVE,LEXICAL_SIMILAR_NOT_GOLD,0.28,NEEDS_EXPERT_VALIDATION
HNP-V03-000864,SYN-REQ-00432,MSV1-4673EFF6F2DF5F23,HARD_NEGATIVE,LEXICAL_SIMILAR_NOT_GOLD,0.2593,NEEDS_EXPERT_VALIDATION
HNP-V03-000865,SYN-REQ-00433,MSV1-1B89C1CC34462261,HARD_NEGATIVE,LEXICAL_SIMILAR_NOT_GOLD,0.3636,NEEDS_EXPERT_VALIDATION
HNP-V03-000866,SYN-REQ-00433,MSV1-26C35B03163AAF3E,HARD_NEGATIVE,LEXICAL_SIMILAR_NOT_GOLD,0.25,NEEDS_EXPERT_VALIDATION
HNP-V03-000867,SYN-REQ-00434,MSV1-8C21E3788CE63755,HARD_NEGATIVE,LEXICAL_SIMILAR_NOT_GOLD,0.5385,NEEDS_EXPERT_VALIDATION
HNP-V03-000868,SYN-REQ-00434,MSV1-6BBFAF6615755486,HARD_NEGATIVE,LEXICAL_SIMILAR_NOT_GOLD,0.3571,NEEDS_EXPERT_VALIDATION
HNP-V03-000869,SYN-REQ-00435,MSV1-EA20CB6DA58F4394,HARD_NEGATIVE,LEXICAL_SIMILAR_NOT_GOLD,0.5,NEEDS_EXPERT_VALIDATION
HNP-V03-000870,SYN-REQ-00435,MSV1-5E6EB67447613972,HARD_NEGATIVE,LEXICAL_SIMILAR_NOT_GOLD,0.2727,NEEDS_EXPERT_VALIDATION
HNP-V03-000871,SYN-REQ-00436,MSV1-181B1FD89ADED6F4,HARD_NEGATIVE,LEXICAL_SIMILAR_NOT_GOLD,0.6,NEEDS_EXPERT_VALIDATION
HNP-V03-000872,SYN-REQ-00436,MSV1-B02A7A4E84D7EB45,HARD_NEGATIVE,LEXICAL_SIMILAR_NOT_GOLD,0.5,NEEDS_EXPERT_VALIDATION
HNP-V03-000873,SYN-REQ-00437,MSV1-E5B141DC417C2A77,HARD_NEGATIVE,LEXICAL_SIMILAR_NOT_GOLD,0.5385,NEEDS_EXPERT_VALIDATION
HNP-V03-000874,SYN-REQ-00437,MSV1-B64DBE546AAB1273,HARD_NEGATIVE,LEXICAL_SIMILAR_NOT_GOLD,0.3571,NEEDS_EXPERT_VALIDATION
HNP-V03-000875,SYN-REQ-00438,MSV1-C28E716A721C1238,HARD_NEGATIVE,LEXICAL_SIMILAR_NOT_GOLD,0.3636,NEEDS_EXPERT_VALIDATION
HNP-V03-000876,SYN-REQ-00438,MSV1-433733E5A76893CB,HARD_NEGATIVE,LEXICAL_SIMILAR_NOT_GOLD,0.2667,NEEDS_EXPERT_VALIDATION
HNP-V03-000877,SYN-REQ-00439,MSV1-086BB6BAF89C2164,HARD_NEGATIVE,LEXICAL_SIMILAR_NOT_GOLD,0.5714,NEEDS_EXPERT_VALIDATION
HNP-V03-000878,SYN-REQ-00439,MSV1-26B20DFEF54275BD,HARD_NEGATIVE,LEXICAL_SIMILAR_NOT_GOLD,0.5714,NEEDS_EXPERT_VALIDATION
HNP-V03-000879,SYN-REQ-00440,MSV1-B6FCC568A13D6A33,HARD_NEGATIVE,LEXICAL_SIMILAR_NOT_GOLD,0.6,NEEDS_EXPERT_VALIDATION
HNP-V03-000880,SYN-REQ-00440,MSV1-260F6086E30C344A,HARD_NEGATIVE,LEXICAL_SIMILAR_NOT_GOLD,0.3913,NEEDS_EXPERT_VALIDATION
HNP-V03-000881,SYN-REQ-00441,MSV1-815332B2E9CB2222,HARD_NEGATIVE,LEXICAL_SIMILAR_NOT_GOLD,0.5625,NEEDS_EXPERT_VALIDATION
HNP-V03-000882,SYN-REQ-00441,MSV1-0E871C8CA22D711A,HARD_NEGATIVE,LEXICAL_SIMILAR_NOT_GOLD,0.5294,NEEDS_EXPERT_VALIDATION
HNP-V03-000883,SYN-REQ-00442,MSV1-97FDB6D1C77EAB44,HARD_NEGATIVE,LEXICAL_SIMILAR_NOT_GOLD,0.6471,NEEDS_EXPERT_VALIDATION
HNP-V03-000884,SYN-REQ-00442,MSV1-46B73B33F0A8A3E9,HARD_NEGATIVE,LEXICAL_SIMILAR_NOT_GOLD,0.3333,NEEDS_EXPERT_VALIDATION
HNP-V03-000885,SYN-REQ-00443,MSV1-6CDA180D892E8F51,HARD_NEGATIVE,LEXICAL_SIMILAR_NOT_GOLD,0.5625,NEEDS_EXPERT_VALIDATION
HNP-V03-000886,SYN-REQ-00443,MSV1-6ECD16068BB2D1FC,HARD_NEGATIVE,LEXICAL_SIMILAR_NOT_GOLD,0.2609,NEEDS_EXPERT_VALIDATION
HNP-V03-000887,SYN-REQ-00444,MSV1-656870087AB81B46,HARD_NEGATIVE,LEXICAL_SIMILAR_NOT_GOLD,0.4545,NEEDS_EXPERT_VALIDATION
HNP-V03-000888,SYN-REQ-00444,MSV1-029E0E41F28A99D8,HARD_NEGATIVE,LEXICAL_SIMILAR_NOT_GOLD,0.2414,NEEDS_EXPERT_VALIDATION
HNP-V03-000889,SYN-REQ-00445,MSV1-842FCBE5505A732F,HARD_NEGATIVE,LEXICAL_SIMILAR_NOT_GOLD,0.6154,NEEDS_EXPERT_VALIDATION
HNP-V03-000890,SYN-REQ-00445,MSV1-0E113D479CBADF38,HARD_NEGATIVE,LEXICAL_SIMILAR_NOT_GOLD,0.2174,NEEDS_EXPERT_VALIDATION
HNP-V03-000891,SYN-REQ-00446,MSV1-127389DDC0C7D982,HARD_NEGATIVE,LEXICAL_SIMILAR_NOT_GOLD,0.1875,NEEDS_EXPERT_VALIDATION
HNP-V03-000892,SYN-REQ-00446,MSV1-7D564C7425C6C2FC,HARD_NEGATIVE,LEXICAL_SIMILAR_NOT_GOLD,0.1765,NEEDS_EXPERT_VALIDATION
HNP-V03-000893,SYN-REQ-00447,MSV1-5ADD3D60CA016E4C,HARD_NEGATIVE,LEXICAL_SIMILAR_NOT_GOLD,0.4545,NEEDS_EXPERT_VALIDATION
HNP-V03-000894,SYN-REQ-00447,MSV1-D3F9DC7A5FFFFD82,HARD_NEGATIVE,LEXICAL_SIMILAR_NOT_GOLD,0.4091,NEEDS_EXPERT_VALIDATION
HNP-V03-000895,SYN-REQ-00448,MSV1-4F907BC57013E669,HARD_NEGATIVE,LEXICAL_SIMILAR_NOT_GOLD,0.6316,NEEDS_EXPERT_VALIDATION
HNP-V03-000896,SYN-REQ-00448,MSV1-38477D2C9BD29B36,HARD_NEGATIVE,LEXICAL_SIMILAR_NOT_GOLD,0.5,NEEDS_EXPERT_VALIDATION
HNP-V03-000897,SYN-REQ-00449,MSV1-3E7D6A5C543F21D7,HARD_NEGATIVE,LEXICAL_SIMILAR_NOT_GOLD,0.6111,NEEDS_EXPERT_VALIDATION
HNP-V03-000898,SYN-REQ-00449,MSV1-1369B1800667DE02,HARD_NEGATIVE,LEXICAL_SIMILAR_NOT_GOLD,0.4091,NEEDS_EXPERT_VALIDATION
HNP-V03-000899,SYN-REQ-00450,MSV1-B86C511C7801B5DD,HARD_NEGATIVE,LEXICAL_SIMILAR_NOT_GOLD,0.625,NEEDS_EXPERT_VALIDATION
HNP-V03-000900,SYN-REQ-00450,MSV1-39568E681DA4207C,HARD_NEGATIVE,LEXICAL_SIMILAR_NOT_GOLD,0.3,NEEDS_EXPERT_VALIDATION
HNP-V03-000901,SYN-REQ-00451,MSV1-CA9C586B2F3C6840,HARD_NEGATIVE,LEXICAL_SIMILAR_NOT_GOLD,0.4615,NEEDS_EXPERT_VALIDATION
HNP-V03-000902,SYN-REQ-00451,MSV1-E99E4A75F2FB3962,HARD_NEGATIVE,LEXICAL_SIMILAR_NOT_GOLD,0.25,NEEDS_EXPERT_VALIDATION
HNP-V03-000903,SYN-REQ-00452,MSV1-EC9DC6A62F27447D,HARD_NEGATIVE,LEXICAL_SIMILAR_NOT_GOLD,0.5625,NEEDS_EXPERT_VALIDATION
HNP-V03-000904,SYN-REQ-00452,MSV1-D406663266DF0F94,HARD_NEGATIVE,LEXICAL_SIMILAR_NOT_GOLD,0.2778,NEEDS_EXPERT_VALIDATION
HNP-V03-000905,SYN-REQ-00453,MSV1-C5B947ECD533F831,HARD_NEGATIVE,LEXICAL_SIMILAR_NOT_GOLD,0.6471,NEEDS_EXPERT_VALIDATION
HNP-V03-000906,SYN-REQ-00453,MSV1-AD9CB6BAD99A4ADA,HARD_NEGATIVE,LEXICAL_SIMILAR_NOT_GOLD,0.44,NEEDS_EXPERT_VALIDATION
HNP-V03-000907,SYN-REQ-00454,MSV1-31DFD61B2EE4B155,HARD_NEGATIVE,LEXICAL_SIMILAR_NOT_GOLD,0.2069,NEEDS_EXPERT_VALIDATION
HNP-V03-000908,SYN-REQ-00454,MSV1-00C7745F6BE5A02F,HARD_NEGATIVE,LEXICAL_SIMILAR_NOT_GOLD,0.1935,NEEDS_EXPERT_VALIDATION
HNP-V03-000909,SYN-REQ-00455,MSV1-08959040B0874265,HARD_NEGATIVE,LEXICAL_SIMILAR_NOT_GOLD,0.6471,NEEDS_EXPERT_VALIDATION
HNP-V03-000910,SYN-REQ-00455,MSV1-C8D3EDEE8D08FB6D,HARD_NEGATIVE,LEXICAL_SIMILAR_NOT_GOLD,0.2273,NEEDS_EXPERT_VALIDATION
HNP-V03-000911,SYN-REQ-00456,MSV1-A5B89489E2562068,HARD_NEGATIVE,LEXICAL_SIMILAR_NOT_GOLD,0.2903,NEEDS_EXPERT_VALIDATION
HNP-V03-000912,SYN-REQ-00456,MSV1-81EAFD3E0430E9DE,HARD_NEGATIVE,LEXICAL_SIMILAR_NOT_GOLD,0.2727,NEEDS_EXPERT_VALIDATION
HNP-V03-000913,SYN-REQ-00457,MSV1-7ADE0A81D74342DF,HARD_NEGATIVE,LEXICAL_SIMILAR_NOT_GOLD,0.4167,NEEDS_EXPERT_VALIDATION
HNP-V03-000914,SYN-REQ-00457,MSV1-10F968924E0CC1E8,HARD_NEGATIVE,LEXICAL_SIMILAR_NOT_GOLD,0.2308,NEEDS_EXPERT_VALIDATION
HNP-V03-000915,SYN-REQ-00458,MSV1-DB6A301F08F9D6BB,HARD_NEGATIVE,LEXICAL_SIMILAR_NOT_GOLD,0.5,NEEDS_EXPERT_VALIDATION
HNP-V03-000916,SYN-REQ-00458,MSV1-3B4FEC53F32D307D,HARD_NEGATIVE,LEXICAL_SIMILAR_NOT_GOLD,0.3846,NEEDS_EXPERT_VALIDATION
HNP-V03-000917,SYN-REQ-00459,MSV1-9572BE7E1FC047BE,HARD_NEGATIVE,LEXICAL_SIMILAR_NOT_GOLD,0.5,NEEDS_EXPERT_VALIDATION
HNP-V03-000918,SYN-REQ-00459,MSV1-CDF7983C2006E10E,HARD_NEGATIVE,LEXICAL_SIMILAR_NOT_GOLD,0.4194,NEEDS_EXPERT_VALIDATION
HNP-V03-000919,SYN-REQ-00460,MSV1-146D0B5543C3EC22,HARD_NEGATIVE,LEXICAL_SIMILAR_NOT_GOLD,0.4545,NEEDS_EXPERT_VALIDATION
HNP-V03-000920,SYN-REQ-00460,MSV1-EC9918713E6C04F4,HARD_NEGATIVE,LEXICAL_SIMILAR_NOT_GOLD,0.4545,NEEDS_EXPERT_VALIDATION
HNP-V03-000921,SYN-REQ-00461,MSV1-60A0CA84A6F90365,HARD_NEGATIVE,LEXICAL_SIMILAR_NOT_GOLD,0.3333,NEEDS_EXPERT_VALIDATION
HNP-V03-000922,SYN-REQ-00461,MSV1-E99E4A75F2FB3962,HARD_NEGATIVE,LEXICAL_SIMILAR_NOT_GOLD,0.2667,NEEDS_EXPERT_VALIDATION
HNP-V03-000923,SYN-REQ-00462,MSV1-089403A3300C7952,HARD_NEGATIVE,LEXICAL_SIMILAR_NOT_GOLD,0.3125,NEEDS_EXPERT_VALIDATION
HNP-V03-000924,SYN-REQ-00462,MSV1-0F0241408E419D98,HARD_NEGATIVE,LEXICAL_SIMILAR_NOT_GOLD,0.2857,NEEDS_EXPERT_VALIDATION
HNP-V03-000925,SYN-REQ-00463,MSV1-087152DA9E744459,HARD_NEGATIVE,LEXICAL_SIMILAR_NOT_GOLD,0.5294,NEEDS_EXPERT_VALIDATION
HNP-V03-000926,SYN-REQ-00463,MSV1-9223815ECE077548,HARD_NEGATIVE,LEXICAL_SIMILAR_NOT_GOLD,0.375,NEEDS_EXPERT_VALIDATION
HNP-V03-000927,SYN-REQ-00464,MSV1-1794E9FADB37F7D1,HARD_NEGATIVE,LEXICAL_SIMILAR_NOT_GOLD,0.3143,NEEDS_EXPERT_VALIDATION
HNP-V03-000928,SYN-REQ-00464,MSV1-55E95F9B0C3A28F8,HARD_NEGATIVE,LEXICAL_SIMILAR_NOT_GOLD,0.2727,NEEDS_EXPERT_VALIDATION
HNP-V03-000929,SYN-REQ-00465,MSV1-AD189A2B100406D8,HARD_NEGATIVE,LEXICAL_SIMILAR_NOT_GOLD,0.6111,NEEDS_EXPERT_VALIDATION
HNP-V03-000930,SYN-REQ-00465,MSV1-A6C4BF514FF402ED,HARD_NEGATIVE,LEXICAL_SIMILAR_NOT_GOLD,0.45,NEEDS_EXPERT_VALIDATION
HNP-V03-000931,SYN-REQ-00466,MSV1-B05833509A9FBFCD,HARD_NEGATIVE,LEXICAL_SIMILAR_NOT_GOLD,0.5641,NEEDS_EXPERT_VALIDATION
HNP-V03-000932,SYN-REQ-00466,MSV1-B85315A3FC55E702,HARD_NEGATIVE,LEXICAL_SIMILAR_NOT_GOLD,0.5,NEEDS_EXPERT_VALIDATION
HNP-V03-000933,SYN-REQ-00467,MSV1-888B2ED3BA2183EA,HARD_NEGATIVE,LEXICAL_SIMILAR_NOT_GOLD,0.5714,NEEDS_EXPERT_VALIDATION
HNP-V03-000934,SYN-REQ-00467,MSV1-F063872E78D59D16,HARD_NEGATIVE,LEXICAL_SIMILAR_NOT_GOLD,0.4118,NEEDS_EXPERT_VALIDATION
HNP-V03-000935,SYN-REQ-00468,MSV1-934ACE15992D7B8D,HARD_NEGATIVE,LEXICAL_SIMILAR_NOT_GOLD,0.625,NEEDS_EXPERT_VALIDATION
HNP-V03-000936,SYN-REQ-00468,MSV1-B7C0C68591F6B4AC,HARD_NEGATIVE,LEXICAL_SIMILAR_NOT_GOLD,0.2941,NEEDS_EXPERT_VALIDATION
HNP-V03-000937,SYN-REQ-00469,MSV1-4FE44A045963DD3B,HARD_NEGATIVE,LEXICAL_SIMILAR_NOT_GOLD,0.4286,NEEDS_EXPERT_VALIDATION
HNP-V03-000938,SYN-REQ-00469,MSV1-53F3BBC88862424F,HARD_NEGATIVE,LEXICAL_SIMILAR_NOT_GOLD,0.4,NEEDS_EXPERT_VALIDATION
HNP-V03-000939,SYN-REQ-00470,MSV1-6735E1D0B8982D89,HARD_NEGATIVE,LEXICAL_SIMILAR_NOT_GOLD,0.3462,NEEDS_EXPERT_VALIDATION
HNP-V03-000940,SYN-REQ-00470,MSV1-D8E0AD0442C64407,HARD_NEGATIVE,LEXICAL_SIMILAR_NOT_GOLD,0.3333,NEEDS_EXPERT_VALIDATION
HNP-V03-000941,SYN-REQ-00471,MSV1-16CA7B32FE5CDDEA,HARD_NEGATIVE,LEXICAL_SIMILAR_NOT_GOLD,0.3333,NEEDS_EXPERT_VALIDATION
HNP-V03-000942,SYN-REQ-00471,MSV1-043E5FC0B5AE616F,HARD_NEGATIVE,LEXICAL_SIMILAR_NOT_GOLD,0.2727,NEEDS_EXPERT_VALIDATION
HNP-V03-000943,SYN-REQ-00472,MSV1-4481950565EF738D,HARD_NEGATIVE,LEXICAL_SIMILAR_NOT_GOLD,0.1852,NEEDS_EXPERT_VALIDATION
HNP-V03-000944,SYN-REQ-00472,MSV1-B66438E7B5E7852F,HARD_NEGATIVE,LEXICAL_SIMILAR_NOT_GOLD,0.1515,NEEDS_EXPERT_VALIDATION
HNP-V03-000945,SYN-REQ-00473,MSV1-FCD81FA52C63B121,HARD_NEGATIVE,LEXICAL_SIMILAR_NOT_GOLD,0.2308,NEEDS_EXPERT_VALIDATION
HNP-V03-000946,SYN-REQ-00473,MSV1-35708B17D2EF275E,HARD_NEGATIVE,LEXICAL_SIMILAR_NOT_GOLD,0.2188,NEEDS_EXPERT_VALIDATION
HNP-V03-000947,SYN-REQ-00474,MSV1-A4B2B7F0978B07A9,HARD_NEGATIVE,LEXICAL_SIMILAR_NOT_GOLD,0.3929,NEEDS_EXPERT_VALIDATION
HNP-V03-000948,SYN-REQ-00474,MSV1-4449E35DD7025EBF,HARD_NEGATIVE,LEXICAL_SIMILAR_NOT_GOLD,0.3571,NEEDS_EXPERT_VALIDATION
HNP-V03-000949,SYN-REQ-00475,MSV1-8C9813E7A5C1AE1A,HARD_NEGATIVE,LEXICAL_SIMILAR_NOT_GOLD,0.3,NEEDS_EXPERT_VALIDATION
HNP-V03-000950,SYN-REQ-00475,MSV1-60A0CA84A6F90365,HARD_NEGATIVE,LEXICAL_SIMILAR_NOT_GOLD,0.2,NEEDS_EXPERT_VALIDATION
HNP-V03-000951,SYN-REQ-00476,MSV1-5CB078B8A0EE29BD,HARD_NEGATIVE,LEXICAL_SIMILAR_NOT_GOLD,0.2424,NEEDS_EXPERT_VALIDATION
HNP-V03-000952,SYN-REQ-00476,MSV1-5DEA4162803F0E7A,HARD_NEGATIVE,LEXICAL_SIMILAR_NOT_GOLD,0.2414,NEEDS_EXPERT_VALIDATION
HNP-V03-000953,SYN-REQ-00477,MSV1-5F15D28246A0C9B3,HARD_NEGATIVE,LEXICAL_SIMILAR_NOT_GOLD,0.2857,NEEDS_EXPERT_VALIDATION
HNP-V03-000954,SYN-REQ-00477,MSV1-78ED6BE36389346D,HARD_NEGATIVE,LEXICAL_SIMILAR_NOT_GOLD,0.25,NEEDS_EXPERT_VALIDATION
HNP-V03-000955,SYN-REQ-00478,MSV1-F8AC0F174B5BFD32,HARD_NEGATIVE,LEXICAL_SIMILAR_NOT_GOLD,0.3333,NEEDS_EXPERT_VALIDATION
HNP-V03-000956,SYN-REQ-00478,MSV1-632EFDE9D3E44AD5,HARD_NEGATIVE,LEXICAL_SIMILAR_NOT_GOLD,0.2609,NEEDS_EXPERT_VALIDATION
HNP-V03-000957,SYN-REQ-00479,MSV1-179E532586228B0C,HARD_NEGATIVE,LEXICAL_SIMILAR_NOT_GOLD,0.6471,NEEDS_EXPERT_VALIDATION
HNP-V03-000958,SYN-REQ-00479,MSV1-F54EC771F6702BCF,HARD_NEGATIVE,LEXICAL_SIMILAR_NOT_GOLD,0.4737,NEEDS_EXPERT_VALIDATION
HNP-V03-000959,SYN-REQ-00480,MSV1-AE34F80E70FECD31,HARD_NEGATIVE,LEXICAL_SIMILAR_NOT_GOLD,0.6,NEEDS_EXPERT_VALIDATION
HNP-V03-000960,SYN-REQ-00480,MSV1-E51EFF904E171FD3,HARD_NEGATIVE,LEXICAL_SIMILAR_NOT_GOLD,0.2381,NEEDS_EXPERT_VALIDATION
HNP-V03-000961,SYN-REQ-00481,MSV1-7D22707BD68E9A4D,HARD_NEGATIVE,LEXICAL_SIMILAR_NOT_GOLD,0.6486,NEEDS_EXPERT_VALIDATION
HNP-V03-000962,SYN-REQ-00481,MSV1-26BC5B42986A3674,HARD_NEGATIVE,LEXICAL_SIMILAR_NOT_GOLD,0.6154,NEEDS_EXPERT_VALIDATION
HNP-V03-000963,SYN-REQ-00482,MSV1-2EF28AF0949A6C2E,HARD_NEGATIVE,LEXICAL_SIMILAR_NOT_GOLD,0.2414,NEEDS_EXPERT_VALIDATION
HNP-V03-000964,SYN-REQ-00482,MSV1-C59BC8498DCBA1D0,HARD_NEGATIVE,LEXICAL_SIMILAR_NOT_GOLD,0.2381,NEEDS_EXPERT_VALIDATION
HNP-V03-000965,SYN-REQ-00483,MSV1-FAD28C881AAFCA91,HARD_NEGATIVE,LEXICAL_SIMILAR_NOT_GOLD,0.4615,NEEDS_EXPERT_VALIDATION
HNP-V03-000966,SYN-REQ-00483,MSV1-F6AA5A446774A8EB,HARD_NEGATIVE,LEXICAL_SIMILAR_NOT_GOLD,0.3125,NEEDS_EXPERT_VALIDATION
HNP-V03-000967,SYN-REQ-00484,MSV1-556458F4AA118330,HARD_NEGATIVE,LEXICAL_SIMILAR_NOT_GOLD,0.625,NEEDS_EXPERT_VALIDATION
HNP-V03-000968,SYN-REQ-00484,MSV1-81C29607F0A6FDD3,HARD_NEGATIVE,LEXICAL_SIMILAR_NOT_GOLD,0.45,NEEDS_EXPERT_VALIDATION
HNP-V03-000969,SYN-REQ-00485,MSV1-C4E49037250BCF4B,HARD_NEGATIVE,LEXICAL_SIMILAR_NOT_GOLD,0.4545,NEEDS_EXPERT_VALIDATION
HNP-V03-000970,SYN-REQ-00485,MSV1-6E44C59DEF902D8C,HARD_NEGATIVE,LEXICAL_SIMILAR_NOT_GOLD,0.25,NEEDS_EXPERT_VALIDATION
HNP-V03-000971,SYN-REQ-00486,MSV1-BD7BEDBB4EBB0991,HARD_NEGATIVE,LEXICAL_SIMILAR_NOT_GOLD,0.5714,NEEDS_EXPERT_VALIDATION
HNP-V03-000972,SYN-REQ-00486,MSV1-9866B6BDECAAE039,HARD_NEGATIVE,LEXICAL_SIMILAR_NOT_GOLD,0.5455,NEEDS_EXPERT_VALIDATION
HNP-V03-000973,SYN-REQ-00487,MSV1-3D7D9CE445FC2612,HARD_NEGATIVE,LEXICAL_SIMILAR_NOT_GOLD,0.6471,NEEDS_EXPERT_VALIDATION
HNP-V03-000974,SYN-REQ-00487,MSV1-2E058B9B40E3A05B,HARD_NEGATIVE,LEXICAL_SIMILAR_NOT_GOLD,0.5556,NEEDS_EXPERT_VALIDATION
HNP-V03-000975,SYN-REQ-00488,MSV1-3B8B90EB541594E0,HARD_NEGATIVE,LEXICAL_SIMILAR_NOT_GOLD,0.3,NEEDS_EXPERT_VALIDATION
HNP-V03-000976,SYN-REQ-00488,MSV1-A5CD2B7D7E01ED0A,HARD_NEGATIVE,LEXICAL_SIMILAR_NOT_GOLD,0.3,NEEDS_EXPERT_VALIDATION
HNP-V03-000977,SYN-REQ-00489,MSV1-21F5BD212BCE5F9D,HARD_NEGATIVE,LEXICAL_SIMILAR_NOT_GOLD,0.6111,NEEDS_EXPERT_VALIDATION
HNP-V03-000978,SYN-REQ-00489,MSV1-45DCA8EDCC39844D,HARD_NEGATIVE,LEXICAL_SIMILAR_NOT_GOLD,0.3636,NEEDS_EXPERT_VALIDATION
HNP-V03-000979,SYN-REQ-00490,MSV1-3CF351F62F261331,HARD_NEGATIVE,LEXICAL_SIMILAR_NOT_GOLD,0.6316,NEEDS_EXPERT_VALIDATION
HNP-V03-000980,SYN-REQ-00490,MSV1-E51EFF904E171FD3,HARD_NEGATIVE,LEXICAL_SIMILAR_NOT_GOLD,0.25,NEEDS_EXPERT_VALIDATION
HNP-V03-000981,SYN-REQ-00491,MSV1-B59FDF5BA3F7F4C4,HARD_NEGATIVE,LEXICAL_SIMILAR_NOT_GOLD,0.6,NEEDS_EXPERT_VALIDATION
HNP-V03-000982,SYN-REQ-00491,MSV1-CABDDA5D7FF1FC0C,HARD_NEGATIVE,LEXICAL_SIMILAR_NOT_GOLD,0.2727,NEEDS_EXPERT_VALIDATION
HNP-V03-000983,SYN-REQ-00492,MSV1-16FFE60D44FC0D83,HARD_NEGATIVE,LEXICAL_SIMILAR_NOT_GOLD,0.5882,NEEDS_EXPERT_VALIDATION
HNP-V03-000984,SYN-REQ-00492,MSV1-41557216FE1E19A1,HARD_NEGATIVE,LEXICAL_SIMILAR_NOT_GOLD,0.3,NEEDS_EXPERT_VALIDATION
HNP-V03-000985,SYN-REQ-00493,MSV1-FFDF8809AE6087B2,HARD_NEGATIVE,LEXICAL_SIMILAR_NOT_GOLD,0.5625,NEEDS_EXPERT_VALIDATION
HNP-V03-000986,SYN-REQ-00493,MSV1-91D030C583B42172,HARD_NEGATIVE,LEXICAL_SIMILAR_NOT_GOLD,0.2273,NEEDS_EXPERT_VALIDATION
HNP-V03-000987,SYN-REQ-00494,MSV1-E830B7AB80CFF62C,HARD_NEGATIVE,LEXICAL_SIMILAR_NOT_GOLD,0.5217,NEEDS_EXPERT_VALIDATION
HNP-V03-000988,SYN-REQ-00494,MSV1-E765B40601DC3656,HARD_NEGATIVE,LEXICAL_SIMILAR_NOT_GOLD,0.5,NEEDS_EXPERT_VALIDATION
HNP-V03-000989,SYN-REQ-00495,MSV1-D240A95454B9718D,HARD_NEGATIVE,LEXICAL_SIMILAR_NOT_GOLD,0.6316,NEEDS_EXPERT_VALIDATION
HNP-V03-000990,SYN-REQ-00495,MSV1-FE88BB2527867BC4,HARD_NEGATIVE,LEXICAL_SIMILAR_NOT_GOLD,0.3571,NEEDS_EXPERT_VALIDATION
HNP-V03-000991,SYN-REQ-00496,MSV1-685096BACD18BA09,HARD_NEGATIVE,LEXICAL_SIMILAR_NOT_GOLD,0.2903,NEEDS_EXPERT_VALIDATION
HNP-V03-000992,SYN-REQ-00496,MSV1-416482B30E6E6336,HARD_NEGATIVE,LEXICAL_SIMILAR_NOT_GOLD,0.2059,NEEDS_EXPERT_VALIDATION
HNP-V03-000993,SYN-REQ-00497,MSV1-0748DA3CEDF8EF9F,HARD_NEGATIVE,LEXICAL_SIMILAR_NOT_GOLD,0.4583,NEEDS_EXPERT_VALIDATION
HNP-V03-000994,SYN-REQ-00497,MSV1-3B2F1C8266FBE9E7,HARD_NEGATIVE,LEXICAL_SIMILAR_NOT_GOLD,0.4583,NEEDS_EXPERT_VALIDATION
HNP-V03-000995,SYN-REQ-00498,MSV1-BF184135DEBB0DFF,HARD_NEGATIVE,LEXICAL_SIMILAR_NOT_GOLD,0.5,NEEDS_EXPERT_VALIDATION
HNP-V03-000996,SYN-REQ-00498,MSV1-A6F75043795261A6,HARD_NEGATIVE,LEXICAL_SIMILAR_NOT_GOLD,0.4375,NEEDS_EXPERT_VALIDATION
HNP-V03-000997,SYN-REQ-00499,MSV1-C0CFE867D411324B,HARD_NEGATIVE,LEXICAL_SIMILAR_NOT_GOLD,0.5,NEEDS_EXPERT_VALIDATION
HNP-V03-000998,SYN-REQ-00499,MSV1-F6ED5671DB6481B4,HARD_NEGATIVE,LEXICAL_SIMILAR_NOT_GOLD,0.4091,NEEDS_EXPERT_VALIDATION
HNP-V03-000999,SYN-REQ-00500,MSV1-566DF3E3F0B01795,HARD_NEGATIVE,LEXICAL_SIMILAR_NOT_GOLD,0.5217,NEEDS_EXPERT_VALIDATION
HNP-V03-001000,SYN-REQ-00500,MSV1-40F3A3F474B2F4A7,HARD_NEGATIVE,LEXICAL_SIMILAR_NOT_GOLD,0.5,NEEDS_EXPERT_VALIDATION
HNP-V03-001001,SYN-REQ-00501,MSV1-690900C71FCEDFF1,HARD_NEGATIVE,LEXICAL_SIMILAR_NOT_GOLD,0.3125,NEEDS_EXPERT_VALIDATION
HNP-V03-001002,SYN-REQ-00501,MSV1-3AA37D3318FFC273,HARD_NEGATIVE,LEXICAL_SIMILAR_NOT_GOLD,0.2941,NEEDS_EXPERT_VALIDATION
HNP-V03-001003,SYN-REQ-00502,MSV1-9D1E2F9893B98EBD,HARD_NEGATIVE,LEXICAL_SIMILAR_NOT_GOLD,0.5625,NEEDS_EXPERT_VALIDATION
HNP-V03-001004,SYN-REQ-00502,MSV1-0B957B126536ED5C,HARD_NEGATIVE,LEXICAL_SIMILAR_NOT_GOLD,0.3889,NEEDS_EXPERT_VALIDATION
HNP-V03-001005,SYN-REQ-00503,MSV1-0B0C713E0853493C,HARD_NEGATIVE,LEXICAL_SIMILAR_NOT_GOLD,0.2333,NEEDS_EXPERT_VALIDATION
HNP-V03-001006,SYN-REQ-00503,MSV1-AB8300E1C7364284,HARD_NEGATIVE,LEXICAL_SIMILAR_NOT_GOLD,0.2333,NEEDS_EXPERT_VALIDATION
HNP-V03-001007,SYN-REQ-00504,MSV1-665047A543A9A773,HARD_NEGATIVE,LEXICAL_SIMILAR_NOT_GOLD,0.3043,NEEDS_EXPERT_VALIDATION
HNP-V03-001008,SYN-REQ-00504,MSV1-EACE660B38094286,HARD_NEGATIVE,LEXICAL_SIMILAR_NOT_GOLD,0.2857,NEEDS_EXPERT_VALIDATION
HNP-V03-001009,SYN-REQ-00505,MSV1-662A4477D549AEBA,HARD_NEGATIVE,LEXICAL_SIMILAR_NOT_GOLD,0.3929,NEEDS_EXPERT_VALIDATION
HNP-V03-001010,SYN-REQ-00505,MSV1-30FC3A09F521A845,HARD_NEGATIVE,LEXICAL_SIMILAR_NOT_GOLD,0.375,NEEDS_EXPERT_VALIDATION
HNP-V03-001011,SYN-REQ-00506,MSV1-18E93B2AF39979D8,HARD_NEGATIVE,LEXICAL_SIMILAR_NOT_GOLD,0.5455,NEEDS_EXPERT_VALIDATION
HNP-V03-001012,SYN-REQ-00506,MSV1-C298CE5B7562BCCB,HARD_NEGATIVE,LEXICAL_SIMILAR_NOT_GOLD,0.4706,NEEDS_EXPERT_VALIDATION
HNP-V03-001013,SYN-REQ-00507,MSV1-0B3C78E34129B338,HARD_NEGATIVE,LEXICAL_SIMILAR_NOT_GOLD,0.5714,NEEDS_EXPERT_VALIDATION
HNP-V03-001014,SYN-REQ-00507,MSV1-E98C31BA3D5D7F48,HARD_NEGATIVE,LEXICAL_SIMILAR_NOT_GOLD,0.4667,NEEDS_EXPERT_VALIDATION
HNP-V03-001015,SYN-REQ-00508,MSV1-577470BC253129BE,HARD_NEGATIVE,LEXICAL_SIMILAR_NOT_GOLD,0.5714,NEEDS_EXPERT_VALIDATION
HNP-V03-001016,SYN-REQ-00508,MSV1-546FD2E98D0BCCB9,HARD_NEGATIVE,LEXICAL_SIMILAR_NOT_GOLD,0.4375,NEEDS_EXPERT_VALIDATION
HNP-V03-001017,SYN-REQ-00509,MSV1-21BA06BF53536A41,HARD_NEGATIVE,LEXICAL_SIMILAR_NOT_GOLD,0.5,NEEDS_EXPERT_VALIDATION
HNP-V03-001018,SYN-REQ-00509,MSV1-6B34415A9F3F4CB3,HARD_NEGATIVE,LEXICAL_SIMILAR_NOT_GOLD,0.2778,NEEDS_EXPERT_VALIDATION
HNP-V03-001019,SYN-REQ-00510,MSV1-1578B33D18277BA6,HARD_NEGATIVE,LEXICAL_SIMILAR_NOT_GOLD,0.3158,NEEDS_EXPERT_VALIDATION
HNP-V03-001020,SYN-REQ-00510,MSV1-1B003F43ABD9161C,HARD_NEGATIVE,LEXICAL_SIMILAR_NOT_GOLD,0.2778,NEEDS_EXPERT_VALIDATION
HNP-V03-001021,SYN-REQ-00511,MSV1-422490487EF1D879,HARD_NEGATIVE,LEXICAL_SIMILAR_NOT_GOLD,0.4615,NEEDS_EXPERT_VALIDATION
HNP-V03-001022,SYN-REQ-00511,MSV1-16EE302A16A1F513,HARD_NEGATIVE,LEXICAL_SIMILAR_NOT_GOLD,0.44,NEEDS_EXPERT_VALIDATION
HNP-V03-001023,SYN-REQ-00512,MSV1-AB275EA9C0EAFE07,HARD_NEGATIVE,LEXICAL_SIMILAR_NOT_GOLD,0.1389,NEEDS_EXPERT_VALIDATION
HNP-V03-001024,SYN-REQ-00512,MSV1-6C949DECCC7DA032,HARD_NEGATIVE,LEXICAL_SIMILAR_NOT_GOLD,0.1333,NEEDS_EXPERT_VALIDATION
HNP-V03-001025,SYN-REQ-00513,MSV1-8E4D050B7DE08FB2,HARD_NEGATIVE,LEXICAL_SIMILAR_NOT_GOLD,0.4,NEEDS_EXPERT_VALIDATION
HNP-V03-001026,SYN-REQ-00513,MSV1-5F12E649C9DDDEE3,HARD_NEGATIVE,LEXICAL_SIMILAR_NOT_GOLD,0.3704,NEEDS_EXPERT_VALIDATION
HNP-V03-001027,SYN-REQ-00514,MSV1-DD9AA12488B8DCB7,HARD_NEGATIVE,LEXICAL_SIMILAR_NOT_GOLD,0.6111,NEEDS_EXPERT_VALIDATION
HNP-V03-001028,SYN-REQ-00514,MSV1-48F80F83DD77B21F,HARD_NEGATIVE,LEXICAL_SIMILAR_NOT_GOLD,0.25,NEEDS_EXPERT_VALIDATION
HNP-V03-001029,SYN-REQ-00515,MSV1-99A822F06CF56196,HARD_NEGATIVE,LEXICAL_SIMILAR_NOT_GOLD,0.3793,NEEDS_EXPERT_VALIDATION
HNP-V03-001030,SYN-REQ-00515,MSV1-873A43218FAB5577,HARD_NEGATIVE,LEXICAL_SIMILAR_NOT_GOLD,0.3077,NEEDS_EXPERT_VALIDATION
HNP-V03-001031,SYN-REQ-00516,MSV1-3EEAB0FBD7F4D071,HARD_NEGATIVE,LEXICAL_SIMILAR_NOT_GOLD,0.6111,NEEDS_EXPERT_VALIDATION
HNP-V03-001032,SYN-REQ-00516,MSV1-1D991DB2180DE443,HARD_NEGATIVE,LEXICAL_SIMILAR_NOT_GOLD,0.4286,NEEDS_EXPERT_VALIDATION
HNP-V03-001033,SYN-REQ-00517,MSV1-E7BA2BA5DC5984B4,HARD_NEGATIVE,LEXICAL_SIMILAR_NOT_GOLD,0.6111,NEEDS_EXPERT_VALIDATION
HNP-V03-001034,SYN-REQ-00517,MSV1-82B3520398EB826E,HARD_NEGATIVE,LEXICAL_SIMILAR_NOT_GOLD,0.24,NEEDS_EXPERT_VALIDATION
HNP-V03-001035,SYN-REQ-00518,MSV1-7978AF3762DFDD22,HARD_NEGATIVE,LEXICAL_SIMILAR_NOT_GOLD,0.5333,NEEDS_EXPERT_VALIDATION
HNP-V03-001036,SYN-REQ-00518,MSV1-6D5B0E1F9759EC1D,HARD_NEGATIVE,LEXICAL_SIMILAR_NOT_GOLD,0.4118,NEEDS_EXPERT_VALIDATION
HNP-V03-001037,SYN-REQ-00519,MSV1-9D226C60E51C6792,HARD_NEGATIVE,LEXICAL_SIMILAR_NOT_GOLD,0.3478,NEEDS_EXPERT_VALIDATION
HNP-V03-001038,SYN-REQ-00519,MSV1-CB2F27CC01E49268,HARD_NEGATIVE,LEXICAL_SIMILAR_NOT_GOLD,0.3182,NEEDS_EXPERT_VALIDATION
HNP-V03-001039,SYN-REQ-00520,MSV1-12E4DA605B77D027,HARD_NEGATIVE,LEXICAL_SIMILAR_NOT_GOLD,0.5,NEEDS_EXPERT_VALIDATION
HNP-V03-001040,SYN-REQ-00520,MSV1-5F7ACE1845F0172C,HARD_NEGATIVE,LEXICAL_SIMILAR_NOT_GOLD,0.2632,NEEDS_EXPERT_VALIDATION
HNP-V03-001041,SYN-REQ-00521,MSV1-8EA80A49D7C2843F,HARD_NEGATIVE,LEXICAL_SIMILAR_NOT_GOLD,0.6471,NEEDS_EXPERT_VALIDATION
HNP-V03-001042,SYN-REQ-00521,MSV1-6C13FC26EA6AC21B,HARD_NEGATIVE,LEXICAL_SIMILAR_NOT_GOLD,0.3478,NEEDS_EXPERT_VALIDATION
HNP-V03-001043,SYN-REQ-00522,MSV1-51BB67DDCAD57DBE,HARD_NEGATIVE,LEXICAL_SIMILAR_NOT_GOLD,0.6316,NEEDS_EXPERT_VALIDATION
HNP-V03-001044,SYN-REQ-00522,MSV1-BB060B36D5579E78,HARD_NEGATIVE,LEXICAL_SIMILAR_NOT_GOLD,0.3043,NEEDS_EXPERT_VALIDATION
HNP-V03-001045,SYN-REQ-00523,MSV1-43B8209392A4EEF0,HARD_NEGATIVE,LEXICAL_SIMILAR_NOT_GOLD,0.2927,NEEDS_EXPERT_VALIDATION
HNP-V03-001046,SYN-REQ-00523,MSV1-963535220932BDC9,HARD_NEGATIVE,LEXICAL_SIMILAR_NOT_GOLD,0.2821,NEEDS_EXPERT_VALIDATION
HNP-V03-001047,SYN-REQ-00524,MSV1-E6A6F87A64D4041B,HARD_NEGATIVE,LEXICAL_SIMILAR_NOT_GOLD,0.4,NEEDS_EXPERT_VALIDATION
HNP-V03-001048,SYN-REQ-00524,MSV1-1E780AD1280F4AAF,HARD_NEGATIVE,LEXICAL_SIMILAR_NOT_GOLD,0.375,NEEDS_EXPERT_VALIDATION
HNP-V03-001049,SYN-REQ-00525,MSV1-455A2B5C5AB1EA8C,HARD_NEGATIVE,LEXICAL_SIMILAR_NOT_GOLD,0.28,NEEDS_EXPERT_VALIDATION
HNP-V03-001050,SYN-REQ-00525,MSV1-191A2240E81313FA,HARD_NEGATIVE,LEXICAL_SIMILAR_NOT_GOLD,0.24,NEEDS_EXPERT_VALIDATION
HNP-V03-001051,SYN-REQ-00526,MSV1-19C080400C20DD74,HARD_NEGATIVE,LEXICAL_SIMILAR_NOT_GOLD,0.3,NEEDS_EXPERT_VALIDATION
HNP-V03-001052,SYN-REQ-00526,MSV1-FB84D0E5B73A5747,HARD_NEGATIVE,LEXICAL_SIMILAR_NOT_GOLD,0.2143,NEEDS_EXPERT_VALIDATION
HNP-V03-001053,SYN-REQ-00527,MSV1-2545C841E1377EFF,HARD_NEGATIVE,LEXICAL_SIMILAR_NOT_GOLD,0.5882,NEEDS_EXPERT_VALIDATION
HNP-V03-001054,SYN-REQ-00527,MSV1-E576131D045BCA78,HARD_NEGATIVE,LEXICAL_SIMILAR_NOT_GOLD,0.3158,NEEDS_EXPERT_VALIDATION
HNP-V03-001055,SYN-REQ-00528,MSV1-F13073F9D44C3F08,HARD_NEGATIVE,LEXICAL_SIMILAR_NOT_GOLD,0.5714,NEEDS_EXPERT_VALIDATION
HNP-V03-001056,SYN-REQ-00528,MSV1-1167528D7839968D,HARD_NEGATIVE,LEXICAL_SIMILAR_NOT_GOLD,0.2353,NEEDS_EXPERT_VALIDATION
HNP-V03-001057,SYN-REQ-00529,MSV1-E87E6E53B21DC3FC,HARD_NEGATIVE,LEXICAL_SIMILAR_NOT_GOLD,0.3636,NEEDS_EXPERT_VALIDATION
HNP-V03-001058,SYN-REQ-00529,MSV1-689CBF4C6B453AC6,HARD_NEGATIVE,LEXICAL_SIMILAR_NOT_GOLD,0.3333,NEEDS_EXPERT_VALIDATION
HNP-V03-001059,SYN-REQ-00530,MSV1-5059C0A832A1017F,HARD_NEGATIVE,LEXICAL_SIMILAR_NOT_GOLD,0.5714,NEEDS_EXPERT_VALIDATION
HNP-V03-001060,SYN-REQ-00530,MSV1-89A5AF0839073DB4,HARD_NEGATIVE,LEXICAL_SIMILAR_NOT_GOLD,0.3333,NEEDS_EXPERT_VALIDATION
HNP-V03-001061,SYN-REQ-00531,MSV1-9E6828E3CDE66B13,HARD_NEGATIVE,LEXICAL_SIMILAR_NOT_GOLD,0.625,NEEDS_EXPERT_VALIDATION
HNP-V03-001062,SYN-REQ-00531,MSV1-6D18704AEB225FD3,HARD_NEGATIVE,LEXICAL_SIMILAR_NOT_GOLD,0.2,NEEDS_EXPERT_VALIDATION
HNP-V03-001063,SYN-REQ-00532,MSV1-6A2F6A25A1A10FA8,HARD_NEGATIVE,LEXICAL_SIMILAR_NOT_GOLD,0.5625,NEEDS_EXPERT_VALIDATION
HNP-V03-001064,SYN-REQ-00532,MSV1-B9FD19D114F8973B,HARD_NEGATIVE,LEXICAL_SIMILAR_NOT_GOLD,0.2105,NEEDS_EXPERT_VALIDATION
HNP-V03-001065,SYN-REQ-00533,MSV1-14D2886115E41E15,HARD_NEGATIVE,LEXICAL_SIMILAR_NOT_GOLD,0.4167,NEEDS_EXPERT_VALIDATION
HNP-V03-001066,SYN-REQ-00533,MSV1-B9FD19D114F8973B,HARD_NEGATIVE,LEXICAL_SIMILAR_NOT_GOLD,0.2667,NEEDS_EXPERT_VALIDATION
HNP-V03-001067,SYN-REQ-00534,MSV1-AD4B51A121CEA966,HARD_NEGATIVE,LEXICAL_SIMILAR_NOT_GOLD,0.6,NEEDS_EXPERT_VALIDATION
HNP-V03-001068,SYN-REQ-00534,MSV1-6FBB22D61D565A75,HARD_NEGATIVE,LEXICAL_SIMILAR_NOT_GOLD,0.35,NEEDS_EXPERT_VALIDATION
HNP-V03-001069,SYN-REQ-00535,MSV1-2089DBD0943B205B,HARD_NEGATIVE,LEXICAL_SIMILAR_NOT_GOLD,0.4545,NEEDS_EXPERT_VALIDATION
HNP-V03-001070,SYN-REQ-00535,MSV1-A67568BBE4CE7A55,HARD_NEGATIVE,LEXICAL_SIMILAR_NOT_GOLD,0.25,NEEDS_EXPERT_VALIDATION
HNP-V03-001071,SYN-REQ-00536,MSV1-543D65B1E40E48B0,HARD_NEGATIVE,LEXICAL_SIMILAR_NOT_GOLD,0.5417,NEEDS_EXPERT_VALIDATION
HNP-V03-001072,SYN-REQ-00536,MSV1-B0D25BE35A121640,HARD_NEGATIVE,LEXICAL_SIMILAR_NOT_GOLD,0.5217,NEEDS_EXPERT_VALIDATION
HNP-V03-001073,SYN-REQ-00537,MSV1-10EBE9D8F9A16788,HARD_NEGATIVE,LEXICAL_SIMILAR_NOT_GOLD,0.375,NEEDS_EXPERT_VALIDATION
HNP-V03-001074,SYN-REQ-00537,MSV1-1F376B4C61BA0AF1,HARD_NEGATIVE,LEXICAL_SIMILAR_NOT_GOLD,0.3182,NEEDS_EXPERT_VALIDATION
HNP-V03-001075,SYN-REQ-00538,MSV1-C393B2D704B6D626,HARD_NEGATIVE,LEXICAL_SIMILAR_NOT_GOLD,0.6471,NEEDS_EXPERT_VALIDATION
HNP-V03-001076,SYN-REQ-00538,MSV1-C0089EE76B3A7056,HARD_NEGATIVE,LEXICAL_SIMILAR_NOT_GOLD,0.2174,NEEDS_EXPERT_VALIDATION
HNP-V03-001077,SYN-REQ-00539,MSV1-7650EA4AF81D4153,HARD_NEGATIVE,LEXICAL_SIMILAR_NOT_GOLD,0.5625,NEEDS_EXPERT_VALIDATION
HNP-V03-001078,SYN-REQ-00539,MSV1-50EAF85F04843A2F,HARD_NEGATIVE,LEXICAL_SIMILAR_NOT_GOLD,0.2174,NEEDS_EXPERT_VALIDATION
HNP-V03-001079,SYN-REQ-00540,MSV1-69C3310823B66CDD,HARD_NEGATIVE,LEXICAL_SIMILAR_NOT_GOLD,0.5333,NEEDS_EXPERT_VALIDATION
HNP-V03-001080,SYN-REQ-00540,MSV1-6E4AB3524C9C9249,HARD_NEGATIVE,LEXICAL_SIMILAR_NOT_GOLD,0.3158,NEEDS_EXPERT_VALIDATION
HNP-V03-001081,SYN-REQ-00541,MSV1-602551A6414A656D,HARD_NEGATIVE,LEXICAL_SIMILAR_NOT_GOLD,0.4167,NEEDS_EXPERT_VALIDATION
HNP-V03-001082,SYN-REQ-00541,MSV1-E8D15BE6B3B074F9,HARD_NEGATIVE,LEXICAL_SIMILAR_NOT_GOLD,0.3333,NEEDS_EXPERT_VALIDATION
HNP-V03-001083,SYN-REQ-00542,MSV1-3569C3E3BFC37622,HARD_NEGATIVE,LEXICAL_SIMILAR_NOT_GOLD,0.4,NEEDS_EXPERT_VALIDATION
HNP-V03-001084,SYN-REQ-00542,MSV1-C4E5D8825366E1E9,HARD_NEGATIVE,LEXICAL_SIMILAR_NOT_GOLD,0.2667,NEEDS_EXPERT_VALIDATION
HNP-V03-001085,SYN-REQ-00543,MSV1-52A4FC6EAEBF8FE1,HARD_NEGATIVE,LEXICAL_SIMILAR_NOT_GOLD,0.4167,NEEDS_EXPERT_VALIDATION
HNP-V03-001086,SYN-REQ-00543,MSV1-9058D1D719295823,HARD_NEGATIVE,LEXICAL_SIMILAR_NOT_GOLD,0.4167,NEEDS_EXPERT_VALIDATION
HNP-V03-001087,SYN-REQ-00544,MSV1-F92F1E8CD551E648,HARD_NEGATIVE,LEXICAL_SIMILAR_NOT_GOLD,0.5333,NEEDS_EXPERT_VALIDATION
HNP-V03-001088,SYN-REQ-00544,MSV1-BD8E99AA22CD0D1D,HARD_NEGATIVE,LEXICAL_SIMILAR_NOT_GOLD,0.2727,NEEDS_EXPERT_VALIDATION
HNP-V03-001089,SYN-REQ-00545,MSV1-0BC1DC90C290AE44,HARD_NEGATIVE,LEXICAL_SIMILAR_NOT_GOLD,0.5385,NEEDS_EXPERT_VALIDATION
HNP-V03-001090,SYN-REQ-00545,MSV1-19A22F2F49B7F517,HARD_NEGATIVE,LEXICAL_SIMILAR_NOT_GOLD,0.1304,NEEDS_EXPERT_VALIDATION
HNP-V03-001091,SYN-REQ-00546,MSV1-1B07DFEB63524F90,HARD_NEGATIVE,LEXICAL_SIMILAR_NOT_GOLD,0.3103,NEEDS_EXPERT_VALIDATION
HNP-V03-001092,SYN-REQ-00546,MSV1-BDB1CCAFD3AA8770,HARD_NEGATIVE,LEXICAL_SIMILAR_NOT_GOLD,0.2069,NEEDS_EXPERT_VALIDATION
HNP-V03-001093,SYN-REQ-00547,MSV1-FAEACA009198C23C,HARD_NEGATIVE,LEXICAL_SIMILAR_NOT_GOLD,0.5,NEEDS_EXPERT_VALIDATION
HNP-V03-001094,SYN-REQ-00547,MSV1-6FE7D914B1A65017,HARD_NEGATIVE,LEXICAL_SIMILAR_NOT_GOLD,0.375,NEEDS_EXPERT_VALIDATION
HNP-V03-001095,SYN-REQ-00548,MSV1-58B5DBC2D7158456,HARD_NEGATIVE,LEXICAL_SIMILAR_NOT_GOLD,0.2222,NEEDS_EXPERT_VALIDATION
HNP-V03-001096,SYN-REQ-00548,MSV1-230DBF74C5D1038F,HARD_NEGATIVE,LEXICAL_SIMILAR_NOT_GOLD,0.2,NEEDS_EXPERT_VALIDATION
HNP-V03-001097,SYN-REQ-00549,MSV1-3F2C2146470A6AAC,HARD_NEGATIVE,LEXICAL_SIMILAR_NOT_GOLD,0.3636,NEEDS_EXPERT_VALIDATION
HNP-V03-001098,SYN-REQ-00549,MSV1-41AF7A1A5FE0801B,HARD_NEGATIVE,LEXICAL_SIMILAR_NOT_GOLD,0.1875,NEEDS_EXPERT_VALIDATION
HNP-V03-001099,SYN-REQ-00550,MSV1-C6FE464F34D42839,HARD_NEGATIVE,LEXICAL_SIMILAR_NOT_GOLD,0.4615,NEEDS_EXPERT_VALIDATION
HNP-V03-001100,SYN-REQ-00550,MSV1-9536AE36C8E33FE9,HARD_NEGATIVE,LEXICAL_SIMILAR_NOT_GOLD,0.4348,NEEDS_EXPERT_VALIDATION
HNP-V03-001101,SYN-REQ-00551,MSV1-00EB36660B430D0F,HARD_NEGATIVE,LEXICAL_SIMILAR_NOT_GOLD,0.5714,NEEDS_EXPERT_VALIDATION
HNP-V03-001102,SYN-REQ-00551,MSV1-972256B7FE341D16,HARD_NEGATIVE,LEXICAL_SIMILAR_NOT_GOLD,0.2632,NEEDS_EXPERT_VALIDATION
HNP-V03-001103,SYN-REQ-00552,MSV1-B0344AAFDAF8BB3A,HARD_NEGATIVE,LEXICAL_SIMILAR_NOT_GOLD,0.5333,NEEDS_EXPERT_VALIDATION
HNP-V03-001104,SYN-REQ-00552,MSV1-E1B8124BDA5FFDBB,HARD_NEGATIVE,LEXICAL_SIMILAR_NOT_GOLD,0.25,NEEDS_EXPERT_VALIDATION
HNP-V03-001105,SYN-REQ-00553,MSV1-F172E68440804D18,HARD_NEGATIVE,LEXICAL_SIMILAR_NOT_GOLD,0.6471,NEEDS_EXPERT_VALIDATION
HNP-V03-001106,SYN-REQ-00553,MSV1-5A3273CB7D37C4D6,HARD_NEGATIVE,LEXICAL_SIMILAR_NOT_GOLD,0.4,NEEDS_EXPERT_VALIDATION
HNP-V03-001107,SYN-REQ-00554,MSV1-7197D8C8C1BD791D,HARD_NEGATIVE,LEXICAL_SIMILAR_NOT_GOLD,0.5,NEEDS_EXPERT_VALIDATION
HNP-V03-001108,SYN-REQ-00554,MSV1-9ED6E9C355AB5E96,HARD_NEGATIVE,LEXICAL_SIMILAR_NOT_GOLD,0.3125,NEEDS_EXPERT_VALIDATION
HNP-V03-001109,SYN-REQ-00555,MSV1-1108A4565FF812F1,HARD_NEGATIVE,LEXICAL_SIMILAR_NOT_GOLD,0.6316,NEEDS_EXPERT_VALIDATION
HNP-V03-001110,SYN-REQ-00555,MSV1-2B9F8C0285806C7E,HARD_NEGATIVE,LEXICAL_SIMILAR_NOT_GOLD,0.3913,NEEDS_EXPERT_VALIDATION
HNP-V03-001111,SYN-REQ-00556,MSV1-5C67164DA4A5D860,HARD_NEGATIVE,LEXICAL_SIMILAR_NOT_GOLD,0.4615,NEEDS_EXPERT_VALIDATION
HNP-V03-001112,SYN-REQ-00556,MSV1-8170FF35CB0A5526,HARD_NEGATIVE,LEXICAL_SIMILAR_NOT_GOLD,0.375,NEEDS_EXPERT_VALIDATION
HNP-V03-001113,SYN-REQ-00557,MSV1-2F5A4F715585131C,HARD_NEGATIVE,LEXICAL_SIMILAR_NOT_GOLD,0.5,NEEDS_EXPERT_VALIDATION
HNP-V03-001114,SYN-REQ-00557,MSV1-E34784D32A2082FD,HARD_NEGATIVE,LEXICAL_SIMILAR_NOT_GOLD,0.4615,NEEDS_EXPERT_VALIDATION
HNP-V03-001115,SYN-REQ-00558,MSV1-CCDAA13B33E58744,HARD_NEGATIVE,LEXICAL_SIMILAR_NOT_GOLD,0.3182,NEEDS_EXPERT_VALIDATION
HNP-V03-001116,SYN-REQ-00558,MSV1-CCFF55A4816B4E3A,HARD_NEGATIVE,LEXICAL_SIMILAR_NOT_GOLD,0.3182,NEEDS_EXPERT_VALIDATION
HNP-V03-001117,SYN-REQ-00559,MSV1-CAEA5057AA99D757,HARD_NEGATIVE,LEXICAL_SIMILAR_NOT_GOLD,0.2857,NEEDS_EXPERT_VALIDATION
HNP-V03-001118,SYN-REQ-00559,MSV1-4CFBA0AFA96C97BF,HARD_NEGATIVE,LEXICAL_SIMILAR_NOT_GOLD,0.2593,NEEDS_EXPERT_VALIDATION
HNP-V03-001119,SYN-REQ-00560,MSV1-602FC37CE550527E,HARD_NEGATIVE,LEXICAL_SIMILAR_NOT_GOLD,0.4783,NEEDS_EXPERT_VALIDATION
HNP-V03-001120,SYN-REQ-00560,MSV1-D38A3DDE473B5A72,HARD_NEGATIVE,LEXICAL_SIMILAR_NOT_GOLD,0.4167,NEEDS_EXPERT_VALIDATION
HNP-V03-001121,SYN-REQ-00561,MSV1-9AB1A969471C0407,HARD_NEGATIVE,LEXICAL_SIMILAR_NOT_GOLD,0.4643,NEEDS_EXPERT_VALIDATION
HNP-V03-001122,SYN-REQ-00561,MSV1-5935CB0719E22D17,HARD_NEGATIVE,LEXICAL_SIMILAR_NOT_GOLD,0.4286,NEEDS_EXPERT_VALIDATION
HNP-V03-001123,SYN-REQ-00562,MSV1-A7757FC2454AC6A0,HARD_NEGATIVE,LEXICAL_SIMILAR_NOT_GOLD,0.5,NEEDS_EXPERT_VALIDATION
HNP-V03-001124,SYN-REQ-00562,MSV1-5F3ED20F4F98A7DF,HARD_NEGATIVE,LEXICAL_SIMILAR_NOT_GOLD,0.3571,NEEDS_EXPERT_VALIDATION
HNP-V03-001125,SYN-REQ-00563,MSV1-1374183292DB273D,HARD_NEGATIVE,LEXICAL_SIMILAR_NOT_GOLD,0.5769,NEEDS_EXPERT_VALIDATION
HNP-V03-001126,SYN-REQ-00563,MSV1-31D74D8820DBC3E4,HARD_NEGATIVE,LEXICAL_SIMILAR_NOT_GOLD,0.5769,NEEDS_EXPERT_VALIDATION
HNP-V03-001127,SYN-REQ-00564,MSV1-32F07BB92D269E24,HARD_NEGATIVE,LEXICAL_SIMILAR_NOT_GOLD,0.3636,NEEDS_EXPERT_VALIDATION
HNP-V03-001128,SYN-REQ-00564,MSV1-33814E964FCFC342,HARD_NEGATIVE,LEXICAL_SIMILAR_NOT_GOLD,0.2143,NEEDS_EXPERT_VALIDATION
HNP-V03-001129,SYN-REQ-00565,MSV1-7DA6B9E56FAE2646,HARD_NEGATIVE,LEXICAL_SIMILAR_NOT_GOLD,0.6111,NEEDS_EXPERT_VALIDATION
HNP-V03-001130,SYN-REQ-00565,MSV1-AA2C4B5851C2A514,HARD_NEGATIVE,LEXICAL_SIMILAR_NOT_GOLD,0.3,NEEDS_EXPERT_VALIDATION
HNP-V03-001131,SYN-REQ-00566,MSV1-31717025AED3BD45,HARD_NEGATIVE,LEXICAL_SIMILAR_NOT_GOLD,0.4615,NEEDS_EXPERT_VALIDATION
HNP-V03-001132,SYN-REQ-00566,MSV1-0138F5E2A8DAC761,HARD_NEGATIVE,LEXICAL_SIMILAR_NOT_GOLD,0.2632,NEEDS_EXPERT_VALIDATION
HNP-V03-001133,SYN-REQ-00567,MSV1-2A1412B2C45D81D5,HARD_NEGATIVE,LEXICAL_SIMILAR_NOT_GOLD,0.6071,NEEDS_EXPERT_VALIDATION
HNP-V03-001134,SYN-REQ-00567,MSV1-CB697A4A0DE9392D,HARD_NEGATIVE,LEXICAL_SIMILAR_NOT_GOLD,0.4444,NEEDS_EXPERT_VALIDATION
HNP-V03-001135,SYN-REQ-00568,MSV1-E6EEAFF6FB0933A5,HARD_NEGATIVE,LEXICAL_SIMILAR_NOT_GOLD,0.3,NEEDS_EXPERT_VALIDATION
HNP-V03-001136,SYN-REQ-00568,MSV1-60A0CA84A6F90365,HARD_NEGATIVE,LEXICAL_SIMILAR_NOT_GOLD,0.2,NEEDS_EXPERT_VALIDATION
HNP-V03-001137,SYN-REQ-00569,MSV1-2FB5D1A7E4662E26,HARD_NEGATIVE,LEXICAL_SIMILAR_NOT_GOLD,0.5625,NEEDS_EXPERT_VALIDATION
HNP-V03-001138,SYN-REQ-00569,MSV1-02238C4A32A042ED,HARD_NEGATIVE,LEXICAL_SIMILAR_NOT_GOLD,0.3889,NEEDS_EXPERT_VALIDATION
HNP-V03-001139,SYN-REQ-00570,MSV1-551007D3ED7ADF51,HARD_NEGATIVE,LEXICAL_SIMILAR_NOT_GOLD,0.5,NEEDS_EXPERT_VALIDATION
HNP-V03-001140,SYN-REQ-00570,MSV1-17F6A70B6528BEC0,HARD_NEGATIVE,LEXICAL_SIMILAR_NOT_GOLD,0.2143,NEEDS_EXPERT_VALIDATION
HNP-V03-001141,SYN-REQ-00571,MSV1-D0D6CD09F635A7DA,HARD_NEGATIVE,LEXICAL_SIMILAR_NOT_GOLD,0.4167,NEEDS_EXPERT_VALIDATION
HNP-V03-001142,SYN-REQ-00571,MSV1-B5DCE76985B4D867,HARD_NEGATIVE,LEXICAL_SIMILAR_NOT_GOLD,0.3333,NEEDS_EXPERT_VALIDATION
HNP-V03-001143,SYN-REQ-00572,MSV1-2A560695C632FCC1,HARD_NEGATIVE,LEXICAL_SIMILAR_NOT_GOLD,0.55,NEEDS_EXPERT_VALIDATION
HNP-V03-001144,SYN-REQ-00572,MSV1-91595C735ADEC1F7,HARD_NEGATIVE,LEXICAL_SIMILAR_NOT_GOLD,0.3333,NEEDS_EXPERT_VALIDATION
HNP-V03-001145,SYN-REQ-00573,MSV1-2AB74332D9947BFC,HARD_NEGATIVE,LEXICAL_SIMILAR_NOT_GOLD,0.4583,NEEDS_EXPERT_VALIDATION
HNP-V03-001146,SYN-REQ-00573,MSV1-E70F39393C3A672C,HARD_NEGATIVE,LEXICAL_SIMILAR_NOT_GOLD,0.4,NEEDS_EXPERT_VALIDATION
HNP-V03-001147,SYN-REQ-00574,MSV1-014A83480C6FAFDB,HARD_NEGATIVE,LEXICAL_SIMILAR_NOT_GOLD,0.2667,NEEDS_EXPERT_VALIDATION
HNP-V03-001148,SYN-REQ-00574,MSV1-4387A926D26B543D,HARD_NEGATIVE,LEXICAL_SIMILAR_NOT_GOLD,0.2593,NEEDS_EXPERT_VALIDATION
HNP-V03-001149,SYN-REQ-00575,MSV1-9CE7B06F2887AF4A,HARD_NEGATIVE,LEXICAL_SIMILAR_NOT_GOLD,0.2917,NEEDS_EXPERT_VALIDATION
HNP-V03-001150,SYN-REQ-00575,MSV1-168C5084AE4B7562,HARD_NEGATIVE,LEXICAL_SIMILAR_NOT_GOLD,0.28,NEEDS_EXPERT_VALIDATION
HNP-V03-001151,SYN-REQ-00576,MSV1-E78A349293755457,HARD_NEGATIVE,LEXICAL_SIMILAR_NOT_GOLD,0.5,NEEDS_EXPERT_VALIDATION
HNP-V03-001152,SYN-REQ-00576,MSV1-7B5E913ED436578F,HARD_NEGATIVE,LEXICAL_SIMILAR_NOT_GOLD,0.375,NEEDS_EXPERT_VALIDATION
HNP-V03-001153,SYN-REQ-00577,MSV1-CFC56594468080F1,HARD_NEGATIVE,LEXICAL_SIMILAR_NOT_GOLD,0.6471,NEEDS_EXPERT_VALIDATION
HNP-V03-001154,SYN-REQ-00577,MSV1-150024FBE833365F,HARD_NEGATIVE,LEXICAL_SIMILAR_NOT_GOLD,0.2308,NEEDS_EXPERT_VALIDATION
HNP-V03-001155,SYN-REQ-00578,MSV1-130C5C793D80700D,HARD_NEGATIVE,LEXICAL_SIMILAR_NOT_GOLD,0.4167,NEEDS_EXPERT_VALIDATION
HNP-V03-001156,SYN-REQ-00578,MSV1-2D4D22C41CFD52AE,HARD_NEGATIVE,LEXICAL_SIMILAR_NOT_GOLD,0.3913,NEEDS_EXPERT_VALIDATION
HNP-V03-001157,SYN-REQ-00579,MSV1-5710D522955C9E65,HARD_NEGATIVE,LEXICAL_SIMILAR_NOT_GOLD,0.48,NEEDS_EXPERT_VALIDATION
HNP-V03-001158,SYN-REQ-00579,MSV1-81FD669A6D32F6E7,HARD_NEGATIVE,LEXICAL_SIMILAR_NOT_GOLD,0.4615,NEEDS_EXPERT_VALIDATION
HNP-V03-001159,SYN-REQ-00580,MSV1-35466451BA1E49C6,HARD_NEGATIVE,LEXICAL_SIMILAR_NOT_GOLD,0.4138,NEEDS_EXPERT_VALIDATION
HNP-V03-001160,SYN-REQ-00580,MSV1-B97864372CC1C0CF,HARD_NEGATIVE,LEXICAL_SIMILAR_NOT_GOLD,0.375,NEEDS_EXPERT_VALIDATION
HNP-V03-001161,SYN-REQ-00581,MSV1-310AB9D81FFB0426,HARD_NEGATIVE,LEXICAL_SIMILAR_NOT_GOLD,0.5769,NEEDS_EXPERT_VALIDATION
HNP-V03-001162,SYN-REQ-00581,MSV1-40669BC02AF0C08F,HARD_NEGATIVE,LEXICAL_SIMILAR_NOT_GOLD,0.5769,NEEDS_EXPERT_VALIDATION
HNP-V03-001163,SYN-REQ-00582,MSV1-2E84423DF528C5B9,HARD_NEGATIVE,LEXICAL_SIMILAR_NOT_GOLD,0.3333,NEEDS_EXPERT_VALIDATION
HNP-V03-001164,SYN-REQ-00582,MSV1-9223815ECE077548,HARD_NEGATIVE,LEXICAL_SIMILAR_NOT_GOLD,0.2143,NEEDS_EXPERT_VALIDATION
HNP-V03-001165,SYN-REQ-00583,MSV1-5734CE826443F5ED,HARD_NEGATIVE,LEXICAL_SIMILAR_NOT_GOLD,0.3421,NEEDS_EXPERT_VALIDATION
HNP-V03-001166,SYN-REQ-00583,MSV1-825557F51DE16DB9,HARD_NEGATIVE,LEXICAL_SIMILAR_NOT_GOLD,0.3243,NEEDS_EXPERT_VALIDATION
HNP-V03-001167,SYN-REQ-00584,MSV1-A1376AEA64DC665C,HARD_NEGATIVE,LEXICAL_SIMILAR_NOT_GOLD,0.6,NEEDS_EXPERT_VALIDATION
HNP-V03-001168,SYN-REQ-00584,MSV1-0B677531595D86E9,HARD_NEGATIVE,LEXICAL_SIMILAR_NOT_GOLD,0.2778,NEEDS_EXPERT_VALIDATION
HNP-V03-001169,SYN-REQ-00585,MSV1-64E49339BCC22D04,HARD_NEGATIVE,LEXICAL_SIMILAR_NOT_GOLD,0.5556,NEEDS_EXPERT_VALIDATION
HNP-V03-001170,SYN-REQ-00585,MSV1-384E6B7094E5BF9A,HARD_NEGATIVE,LEXICAL_SIMILAR_NOT_GOLD,0.4615,NEEDS_EXPERT_VALIDATION
HNP-V03-001171,SYN-REQ-00586,MSV1-ECE5618620B723B0,HARD_NEGATIVE,LEXICAL_SIMILAR_NOT_GOLD,0.3462,NEEDS_EXPERT_VALIDATION
HNP-V03-001172,SYN-REQ-00586,MSV1-538A89BEECF431A6,HARD_NEGATIVE,LEXICAL_SIMILAR_NOT_GOLD,0.3333,NEEDS_EXPERT_VALIDATION
HNP-V03-001173,SYN-REQ-00587,MSV1-73E47154EDF36C4B,HARD_NEGATIVE,LEXICAL_SIMILAR_NOT_GOLD,0.5714,NEEDS_EXPERT_VALIDATION
HNP-V03-001174,SYN-REQ-00587,MSV1-BDE76327270BD9CF,HARD_NEGATIVE,LEXICAL_SIMILAR_NOT_GOLD,0.32,NEEDS_EXPERT_VALIDATION
HNP-V03-001175,SYN-REQ-00588,MSV1-0B6BC926A6388056,HARD_NEGATIVE,LEXICAL_SIMILAR_NOT_GOLD,0.6333,NEEDS_EXPERT_VALIDATION
HNP-V03-001176,SYN-REQ-00588,MSV1-107CEF90EEAE5317,HARD_NEGATIVE,LEXICAL_SIMILAR_NOT_GOLD,0.6333,NEEDS_EXPERT_VALIDATION
HNP-V03-001177,SYN-REQ-00589,MSV1-1C7E6005371916FB,HARD_NEGATIVE,LEXICAL_SIMILAR_NOT_GOLD,0.4,NEEDS_EXPERT_VALIDATION
HNP-V03-001178,SYN-REQ-00589,MSV1-B9FD19D114F8973B,HARD_NEGATIVE,LEXICAL_SIMILAR_NOT_GOLD,0.1333,NEEDS_EXPERT_VALIDATION
HNP-V03-001179,SYN-REQ-00590,MSV1-823AF00A383D81DC,HARD_NEGATIVE,LEXICAL_SIMILAR_NOT_GOLD,0.4167,NEEDS_EXPERT_VALIDATION
HNP-V03-001180,SYN-REQ-00590,MSV1-C9B78C33D2AD6909,HARD_NEGATIVE,LEXICAL_SIMILAR_NOT_GOLD,0.3077,NEEDS_EXPERT_VALIDATION
HNP-V03-001181,SYN-REQ-00591,MSV1-516C52C75435FD70,HARD_NEGATIVE,LEXICAL_SIMILAR_NOT_GOLD,0.4286,NEEDS_EXPERT_VALIDATION
HNP-V03-001182,SYN-REQ-00591,MSV1-6B49E5D0D6070545,HARD_NEGATIVE,LEXICAL_SIMILAR_NOT_GOLD,0.4286,NEEDS_EXPERT_VALIDATION
HNP-V03-001183,SYN-REQ-00592,MSV1-967AE8D6C51C5D1A,HARD_NEGATIVE,LEXICAL_SIMILAR_NOT_GOLD,0.28,NEEDS_EXPERT_VALIDATION
HNP-V03-001184,SYN-REQ-00592,MSV1-2EF28AF0949A6C2E,HARD_NEGATIVE,LEXICAL_SIMILAR_NOT_GOLD,0.2759,NEEDS_EXPERT_VALIDATION
HNP-V03-001185,SYN-REQ-00593,MSV1-2F9F673A8AA70B22,HARD_NEGATIVE,LEXICAL_SIMILAR_NOT_GOLD,0.4194,NEEDS_EXPERT_VALIDATION
HNP-V03-001186,SYN-REQ-00593,MSV1-7CF1D93D242C55F3,HARD_NEGATIVE,LEXICAL_SIMILAR_NOT_GOLD,0.3704,NEEDS_EXPERT_VALIDATION
HNP-V03-001187,SYN-REQ-00594,MSV1-1C80BDE2E0F549E4,HARD_NEGATIVE,LEXICAL_SIMILAR_NOT_GOLD,0.4615,NEEDS_EXPERT_VALIDATION
HNP-V03-001188,SYN-REQ-00594,MSV1-4EADDFC734B8669D,HARD_NEGATIVE,LEXICAL_SIMILAR_NOT_GOLD,0.3333,NEEDS_EXPERT_VALIDATION
HNP-V03-001189,SYN-REQ-00595,MSV1-A9C2B4E14774207F,HARD_NEGATIVE,LEXICAL_SIMILAR_NOT_GOLD,0.5333,NEEDS_EXPERT_VALIDATION
HNP-V03-001190,SYN-REQ-00595,MSV1-B0F338A352D19F83,HARD_NEGATIVE,LEXICAL_SIMILAR_NOT_GOLD,0.4,NEEDS_EXPERT_VALIDATION
HNP-V03-001191,SYN-REQ-00596,MSV1-E3E8D8FACBD76B8D,HARD_NEGATIVE,LEXICAL_SIMILAR_NOT_GOLD,0.5625,NEEDS_EXPERT_VALIDATION
HNP-V03-001192,SYN-REQ-00596,MSV1-41557216FE1E19A1,HARD_NEGATIVE,LEXICAL_SIMILAR_NOT_GOLD,0.3158,NEEDS_EXPERT_VALIDATION
HNP-V03-001193,SYN-REQ-00597,MSV1-BE9678DBA1CD4B56,HARD_NEGATIVE,LEXICAL_SIMILAR_NOT_GOLD,0.4706,NEEDS_EXPERT_VALIDATION
HNP-V03-001194,SYN-REQ-00597,MSV1-F727BE1401D3AB0F,HARD_NEGATIVE,LEXICAL_SIMILAR_NOT_GOLD,0.4706,NEEDS_EXPERT_VALIDATION
HNP-V03-001195,SYN-REQ-00598,MSV1-76EF991EF661E5DB,HARD_NEGATIVE,LEXICAL_SIMILAR_NOT_GOLD,0.4615,NEEDS_EXPERT_VALIDATION
HNP-V03-001196,SYN-REQ-00598,MSV1-A13AC65E8085A617,HARD_NEGATIVE,LEXICAL_SIMILAR_NOT_GOLD,0.3571,NEEDS_EXPERT_VALIDATION
HNP-V03-001197,SYN-REQ-00599,MSV1-611FCB7E9E02ED4E,HARD_NEGATIVE,LEXICAL_SIMILAR_NOT_GOLD,0.3,NEEDS_EXPERT_VALIDATION
HNP-V03-001198,SYN-REQ-00599,MSV1-E51EFF904E171FD3,HARD_NEGATIVE,LEXICAL_SIMILAR_NOT_GOLD,0.2609,NEEDS_EXPERT_VALIDATION
HNP-V03-001199,SYN-REQ-00600,MSV1-7100AE289AE97D59,HARD_NEGATIVE,LEXICAL_SIMILAR_NOT_GOLD,0.5,NEEDS_EXPERT_VALIDATION
HNP-V03-001200,SYN-REQ-00600,MSV1-CC8F3AD83B5544C2,HARD_NEGATIVE,LEXICAL_SIMILAR_NOT_GOLD,0.2778,NEEDS_EXPERT_VALIDATION
HNP-V03-001201,SYN-REQ-00601,MSV1-06FC1C402CD96414,HARD_NEGATIVE,LEXICAL_SIMILAR_NOT_GOLD,0.2353,NEEDS_EXPERT_VALIDATION
HNP-V03-001202,SYN-REQ-00601,MSV1-67CD9E910DC334E8,HARD_NEGATIVE,LEXICAL_SIMILAR_NOT_GOLD,0.2353,NEEDS_EXPERT_VALIDATION
HNP-V03-001203,SYN-REQ-00602,MSV1-09FA19410287D54E,HARD_NEGATIVE,LEXICAL_SIMILAR_NOT_GOLD,0.4615,NEEDS_EXPERT_VALIDATION
HNP-V03-001204,SYN-REQ-00602,MSV1-139DE06CCFF5AB31,HARD_NEGATIVE,LEXICAL_SIMILAR_NOT_GOLD,0.25,NEEDS_EXPERT_VALIDATION
HNP-V03-001205,SYN-REQ-00603,MSV1-42F4E7EB33A1D949,HARD_NEGATIVE,LEXICAL_SIMILAR_NOT_GOLD,0.4,NEEDS_EXPERT_VALIDATION
HNP-V03-001206,SYN-REQ-00603,MSV1-ABE37D8966709D32,HARD_NEGATIVE,LEXICAL_SIMILAR_NOT_GOLD,0.2727,NEEDS_EXPERT_VALIDATION
HNP-V03-001207,SYN-REQ-00604,MSV1-D1667EAF136A9DAB,HARD_NEGATIVE,LEXICAL_SIMILAR_NOT_GOLD,0.6452,NEEDS_EXPERT_VALIDATION
HNP-V03-001208,SYN-REQ-00604,MSV1-C6CBF244814DB78A,HARD_NEGATIVE,LEXICAL_SIMILAR_NOT_GOLD,0.4545,NEEDS_EXPERT_VALIDATION
HNP-V03-001209,SYN-REQ-00605,MSV1-462F786FE3830BE9,HARD_NEGATIVE,LEXICAL_SIMILAR_NOT_GOLD,0.625,NEEDS_EXPERT_VALIDATION
HNP-V03-001210,SYN-REQ-00605,MSV1-A24873BACC3CD4F0,HARD_NEGATIVE,LEXICAL_SIMILAR_NOT_GOLD,0.4,NEEDS_EXPERT_VALIDATION
HNP-V03-001211,SYN-REQ-00606,MSV1-318A017F224E64AC,HARD_NEGATIVE,LEXICAL_SIMILAR_NOT_GOLD,0.5714,NEEDS_EXPERT_VALIDATION
HNP-V03-001212,SYN-REQ-00606,MSV1-609F48B537881A3A,HARD_NEGATIVE,LEXICAL_SIMILAR_NOT_GOLD,0.3125,NEEDS_EXPERT_VALIDATION
HNP-V03-001213,SYN-REQ-00607,MSV1-304ED5034A5B79CB,HARD_NEGATIVE,LEXICAL_SIMILAR_NOT_GOLD,0.5714,NEEDS_EXPERT_VALIDATION
HNP-V03-001214,SYN-REQ-00607,MSV1-4C5D80F16B9E7234,HARD_NEGATIVE,LEXICAL_SIMILAR_NOT_GOLD,0.1905,NEEDS_EXPERT_VALIDATION
HNP-V03-001215,SYN-REQ-00608,MSV1-200235EC09E2C268,HARD_NEGATIVE,LEXICAL_SIMILAR_NOT_GOLD,0.25,NEEDS_EXPERT_VALIDATION
HNP-V03-001216,SYN-REQ-00608,MSV1-D903E4EA00FD3959,HARD_NEGATIVE,LEXICAL_SIMILAR_NOT_GOLD,0.2381,NEEDS_EXPERT_VALIDATION
HNP-V03-001217,SYN-REQ-00609,MSV1-FFA6F79404506785,HARD_NEGATIVE,LEXICAL_SIMILAR_NOT_GOLD,0.6471,NEEDS_EXPERT_VALIDATION
HNP-V03-001218,SYN-REQ-00609,MSV1-A75721EF3E4063E2,HARD_NEGATIVE,LEXICAL_SIMILAR_NOT_GOLD,0.35,NEEDS_EXPERT_VALIDATION
HNP-V03-001219,SYN-REQ-00610,MSV1-D7992CCC431F0AE5,HARD_NEGATIVE,LEXICAL_SIMILAR_NOT_GOLD,0.3548,NEEDS_EXPERT_VALIDATION
HNP-V03-001220,SYN-REQ-00610,MSV1-AF2B254BD0D84805,HARD_NEGATIVE,LEXICAL_SIMILAR_NOT_GOLD,0.3438,NEEDS_EXPERT_VALIDATION
HNP-V03-001221,SYN-REQ-00611,MSV1-0BFD941611896A0A,HARD_NEGATIVE,LEXICAL_SIMILAR_NOT_GOLD,0.4074,NEEDS_EXPERT_VALIDATION
HNP-V03-001222,SYN-REQ-00611,MSV1-5ECC195195713E42,HARD_NEGATIVE,LEXICAL_SIMILAR_NOT_GOLD,0.3103,NEEDS_EXPERT_VALIDATION
HNP-V03-001223,SYN-REQ-00612,MSV1-3B6D22545228CBCD,HARD_NEGATIVE,LEXICAL_SIMILAR_NOT_GOLD,0.5385,NEEDS_EXPERT_VALIDATION
HNP-V03-001224,SYN-REQ-00612,MSV1-B9FD19D114F8973B,HARD_NEGATIVE,LEXICAL_SIMILAR_NOT_GOLD,0.25,NEEDS_EXPERT_VALIDATION
HNP-V03-001225,SYN-REQ-00613,MSV1-25EB4163FF4761F8,HARD_NEGATIVE,LEXICAL_SIMILAR_NOT_GOLD,0.6,NEEDS_EXPERT_VALIDATION
HNP-V03-001226,SYN-REQ-00613,MSV1-C59BC8498DCBA1D0,HARD_NEGATIVE,LEXICAL_SIMILAR_NOT_GOLD,0.2222,NEEDS_EXPERT_VALIDATION
HNP-V03-001227,SYN-REQ-00614,MSV1-C6B32D87E227C66B,HARD_NEGATIVE,LEXICAL_SIMILAR_NOT_GOLD,0.4167,NEEDS_EXPERT_VALIDATION
HNP-V03-001228,SYN-REQ-00614,MSV1-28F14C6E5E466C2D,HARD_NEGATIVE,LEXICAL_SIMILAR_NOT_GOLD,0.3333,NEEDS_EXPERT_VALIDATION
HNP-V03-001229,SYN-REQ-00615,MSV1-2A0DE93F114A5816,HARD_NEGATIVE,LEXICAL_SIMILAR_NOT_GOLD,0.5417,NEEDS_EXPERT_VALIDATION
HNP-V03-001230,SYN-REQ-00615,MSV1-38F173EB1153C6A9,HARD_NEGATIVE,LEXICAL_SIMILAR_NOT_GOLD,0.5417,NEEDS_EXPERT_VALIDATION
HNP-V03-001231,SYN-REQ-00616,MSV1-1ED1A4380DD1472D,HARD_NEGATIVE,LEXICAL_SIMILAR_NOT_GOLD,0.5833,NEEDS_EXPERT_VALIDATION
HNP-V03-001232,SYN-REQ-00616,MSV1-67497004867CCCC0,HARD_NEGATIVE,LEXICAL_SIMILAR_NOT_GOLD,0.4483,NEEDS_EXPERT_VALIDATION
HNP-V03-001233,SYN-REQ-00617,MSV1-751B09B2A3E9B0DB,HARD_NEGATIVE,LEXICAL_SIMILAR_NOT_GOLD,0.4,NEEDS_EXPERT_VALIDATION
HNP-V03-001234,SYN-REQ-00617,MSV1-15B8D8F3313C6002,HARD_NEGATIVE,LEXICAL_SIMILAR_NOT_GOLD,0.2857,NEEDS_EXPERT_VALIDATION
HNP-V03-001235,SYN-REQ-00618,MSV1-08637EF5B43D9BC4,HARD_NEGATIVE,LEXICAL_SIMILAR_NOT_GOLD,0.5,NEEDS_EXPERT_VALIDATION
HNP-V03-001236,SYN-REQ-00618,MSV1-107C0559C4C39395,HARD_NEGATIVE,LEXICAL_SIMILAR_NOT_GOLD,0.5,NEEDS_EXPERT_VALIDATION
HNP-V03-001237,SYN-REQ-00619,MSV1-C4F256E4EE87008D,HARD_NEGATIVE,LEXICAL_SIMILAR_NOT_GOLD,0.5,NEEDS_EXPERT_VALIDATION
HNP-V03-001238,SYN-REQ-00619,MSV1-B411C3F781F20C34,HARD_NEGATIVE,LEXICAL_SIMILAR_NOT_GOLD,0.1739,NEEDS_EXPERT_VALIDATION
HNP-V03-001239,SYN-REQ-00620,MSV1-26E106007547FB2D,HARD_NEGATIVE,LEXICAL_SIMILAR_NOT_GOLD,0.6471,NEEDS_EXPERT_VALIDATION
HNP-V03-001240,SYN-REQ-00620,MSV1-5181587A1558E4D3,HARD_NEGATIVE,LEXICAL_SIMILAR_NOT_GOLD,0.4,NEEDS_EXPERT_VALIDATION
HNP-V03-001241,SYN-REQ-00621,MSV1-0FBC9BAF111E9155,HARD_NEGATIVE,LEXICAL_SIMILAR_NOT_GOLD,0.5,NEEDS_EXPERT_VALIDATION
HNP-V03-001242,SYN-REQ-00621,MSV1-B9FD19D114F8973B,HARD_NEGATIVE,LEXICAL_SIMILAR_NOT_GOLD,0.2667,NEEDS_EXPERT_VALIDATION
HNP-V03-001243,SYN-REQ-00622,MSV1-E804FDDC3BC2F480,HARD_NEGATIVE,LEXICAL_SIMILAR_NOT_GOLD,0.6,NEEDS_EXPERT_VALIDATION
HNP-V03-001244,SYN-REQ-00622,MSV1-FE7E3096BC4B01B2,HARD_NEGATIVE,LEXICAL_SIMILAR_NOT_GOLD,0.3684,NEEDS_EXPERT_VALIDATION
HNP-V03-001245,SYN-REQ-00623,MSV1-6133420719FE11BD,HARD_NEGATIVE,LEXICAL_SIMILAR_NOT_GOLD,0.4615,NEEDS_EXPERT_VALIDATION
HNP-V03-001246,SYN-REQ-00623,MSV1-F4A4A66BA00BC489,HARD_NEGATIVE,LEXICAL_SIMILAR_NOT_GOLD,0.3125,NEEDS_EXPERT_VALIDATION
HNP-V03-001247,SYN-REQ-00624,MSV1-0A7B523440937E02,HARD_NEGATIVE,LEXICAL_SIMILAR_NOT_GOLD,0.28,NEEDS_EXPERT_VALIDATION
HNP-V03-001248,SYN-REQ-00624,MSV1-C24DFAE5666B6DD2,HARD_NEGATIVE,LEXICAL_SIMILAR_NOT_GOLD,0.2667,NEEDS_EXPERT_VALIDATION
HNP-V03-001249,SYN-REQ-00625,MSV1-3051D17FB0AE9B75,HARD_NEGATIVE,LEXICAL_SIMILAR_NOT_GOLD,0.5217,NEEDS_EXPERT_VALIDATION
HNP-V03-001250,SYN-REQ-00625,MSV1-C8096F200D6C0363,HARD_NEGATIVE,LEXICAL_SIMILAR_NOT_GOLD,0.3462,NEEDS_EXPERT_VALIDATION
HNP-V03-001251,SYN-REQ-00626,MSV1-7005BF57991C3CF9,HARD_NEGATIVE,LEXICAL_SIMILAR_NOT_GOLD,0.6111,NEEDS_EXPERT_VALIDATION
HNP-V03-001252,SYN-REQ-00626,MSV1-37469D76D20F991E,HARD_NEGATIVE,LEXICAL_SIMILAR_NOT_GOLD,0.4091,NEEDS_EXPERT_VALIDATION
HNP-V03-001253,SYN-REQ-00627,MSV1-4DAE1F97F7650C90,HARD_NEGATIVE,LEXICAL_SIMILAR_NOT_GOLD,0.5172,NEEDS_EXPERT_VALIDATION
HNP-V03-001254,SYN-REQ-00627,MSV1-EC7C443A988F48D8,HARD_NEGATIVE,LEXICAL_SIMILAR_NOT_GOLD,0.4242,NEEDS_EXPERT_VALIDATION
HNP-V03-001255,SYN-REQ-00628,MSV1-A82107923E8CC5A1,HARD_NEGATIVE,LEXICAL_SIMILAR_NOT_GOLD,0.2857,NEEDS_EXPERT_VALIDATION
HNP-V03-001256,SYN-REQ-00628,MSV1-4B8F8CE942798CB4,HARD_NEGATIVE,LEXICAL_SIMILAR_NOT_GOLD,0.2667,NEEDS_EXPERT_VALIDATION
HNP-V03-001257,SYN-REQ-00629,MSV1-2D0B29DC58C887E9,HARD_NEGATIVE,LEXICAL_SIMILAR_NOT_GOLD,0.4091,NEEDS_EXPERT_VALIDATION
HNP-V03-001258,SYN-REQ-00629,MSV1-C9A923F54356FFE0,HARD_NEGATIVE,LEXICAL_SIMILAR_NOT_GOLD,0.2069,NEEDS_EXPERT_VALIDATION
HNP-V03-001259,SYN-REQ-00630,MSV1-1690A8750FA09B4D,HARD_NEGATIVE,LEXICAL_SIMILAR_NOT_GOLD,0.3478,NEEDS_EXPERT_VALIDATION
HNP-V03-001260,SYN-REQ-00630,MSV1-BE3B91946DCA2370,HARD_NEGATIVE,LEXICAL_SIMILAR_NOT_GOLD,0.3103,NEEDS_EXPERT_VALIDATION
HNP-V03-001261,SYN-REQ-00631,MSV1-2403317BCEE64212,HARD_NEGATIVE,LEXICAL_SIMILAR_NOT_GOLD,0.5333,NEEDS_EXPERT_VALIDATION
HNP-V03-001262,SYN-REQ-00631,MSV1-9F1D7D89A7ECA956,HARD_NEGATIVE,LEXICAL_SIMILAR_NOT_GOLD,0.4375,NEEDS_EXPERT_VALIDATION
HNP-V03-001263,SYN-REQ-00632,MSV1-3D4F3A5423911BBF,HARD_NEGATIVE,LEXICAL_SIMILAR_NOT_GOLD,0.5333,NEEDS_EXPERT_VALIDATION
HNP-V03-001264,SYN-REQ-00632,MSV1-B9FD19D114F8973B,HARD_NEGATIVE,LEXICAL_SIMILAR_NOT_GOLD,0.2222,NEEDS_EXPERT_VALIDATION
HNP-V03-001265,SYN-REQ-00633,MSV1-F66BEAC95D138E9C,HARD_NEGATIVE,LEXICAL_SIMILAR_NOT_GOLD,0.44,NEEDS_EXPERT_VALIDATION
HNP-V03-001266,SYN-REQ-00633,MSV1-A272A6B335D6C75B,HARD_NEGATIVE,LEXICAL_SIMILAR_NOT_GOLD,0.4,NEEDS_EXPERT_VALIDATION
HNP-V03-001267,SYN-REQ-00634,MSV1-A487AF116DC351FB,HARD_NEGATIVE,LEXICAL_SIMILAR_NOT_GOLD,0.4615,NEEDS_EXPERT_VALIDATION
HNP-V03-001268,SYN-REQ-00634,MSV1-1B003F43ABD9161C,HARD_NEGATIVE,LEXICAL_SIMILAR_NOT_GOLD,0.4,NEEDS_EXPERT_VALIDATION
HNP-V03-001269,SYN-REQ-00635,MSV1-65AA91A23EC23121,HARD_NEGATIVE,LEXICAL_SIMILAR_NOT_GOLD,0.625,NEEDS_EXPERT_VALIDATION
HNP-V03-001270,SYN-REQ-00635,MSV1-CDC9ACFEB79F744E,HARD_NEGATIVE,LEXICAL_SIMILAR_NOT_GOLD,0.3684,NEEDS_EXPERT_VALIDATION
HNP-V03-001271,SYN-REQ-00636,MSV1-5C0DB65C39FDB5FB,HARD_NEGATIVE,LEXICAL_SIMILAR_NOT_GOLD,0.4828,NEEDS_EXPERT_VALIDATION
HNP-V03-001272,SYN-REQ-00636,MSV1-9A6DE05740044E90,HARD_NEGATIVE,LEXICAL_SIMILAR_NOT_GOLD,0.4194,NEEDS_EXPERT_VALIDATION
HNP-V03-001273,SYN-REQ-00637,MSV1-0F0C24BC032739B6,HARD_NEGATIVE,LEXICAL_SIMILAR_NOT_GOLD,0.6471,NEEDS_EXPERT_VALIDATION
HNP-V03-001274,SYN-REQ-00637,MSV1-E3077059560F5C3C,HARD_NEGATIVE,LEXICAL_SIMILAR_NOT_GOLD,0.5263,NEEDS_EXPERT_VALIDATION
HNP-V03-001275,SYN-REQ-00638,MSV1-E3C746F476C53841,HARD_NEGATIVE,LEXICAL_SIMILAR_NOT_GOLD,0.5882,NEEDS_EXPERT_VALIDATION
HNP-V03-001276,SYN-REQ-00638,MSV1-11EE2ACC0F38005C,HARD_NEGATIVE,LEXICAL_SIMILAR_NOT_GOLD,0.2414,NEEDS_EXPERT_VALIDATION
HNP-V03-001277,SYN-REQ-00639,MSV1-3E3EDD029B3617FE,HARD_NEGATIVE,LEXICAL_SIMILAR_NOT_GOLD,0.4167,NEEDS_EXPERT_VALIDATION
HNP-V03-001278,SYN-REQ-00639,MSV1-60A0CA84A6F90365,HARD_NEGATIVE,LEXICAL_SIMILAR_NOT_GOLD,0.3333,NEEDS_EXPERT_VALIDATION
HNP-V03-001279,SYN-REQ-00640,MSV1-012453D264996034,HARD_NEGATIVE,LEXICAL_SIMILAR_NOT_GOLD,0.4615,NEEDS_EXPERT_VALIDATION
HNP-V03-001280,SYN-REQ-00640,MSV1-7111201FA67FAD57,HARD_NEGATIVE,LEXICAL_SIMILAR_NOT_GOLD,0.4615,NEEDS_EXPERT_VALIDATION
HNP-V03-001281,SYN-REQ-00641,MSV1-87FEC3C96B907FD9,HARD_NEGATIVE,LEXICAL_SIMILAR_NOT_GOLD,0.5714,NEEDS_EXPERT_VALIDATION
HNP-V03-001282,SYN-REQ-00641,MSV1-ADA90E1D34994013,HARD_NEGATIVE,LEXICAL_SIMILAR_NOT_GOLD,0.3529,NEEDS_EXPERT_VALIDATION
HNP-V03-001283,SYN-REQ-00642,MSV1-0E1DD6ACEF84B8EB,HARD_NEGATIVE,LEXICAL_SIMILAR_NOT_GOLD,0.32,NEEDS_EXPERT_VALIDATION
HNP-V03-001284,SYN-REQ-00642,MSV1-13EA3FB830E9953C,HARD_NEGATIVE,LEXICAL_SIMILAR_NOT_GOLD,0.2121,NEEDS_EXPERT_VALIDATION
HNP-V03-001285,SYN-REQ-00643,MSV1-4BB2A956ADA0BF95,HARD_NEGATIVE,LEXICAL_SIMILAR_NOT_GOLD,0.5217,NEEDS_EXPERT_VALIDATION
HNP-V03-001286,SYN-REQ-00643,MSV1-E5726998059F5908,HARD_NEGATIVE,LEXICAL_SIMILAR_NOT_GOLD,0.52,NEEDS_EXPERT_VALIDATION
HNP-V03-001287,SYN-REQ-00644,MSV1-18AE19B3C91FC660,HARD_NEGATIVE,LEXICAL_SIMILAR_NOT_GOLD,0.6136,NEEDS_EXPERT_VALIDATION
HNP-V03-001288,SYN-REQ-00644,MSV1-459675C9FE0F4D2E,HARD_NEGATIVE,LEXICAL_SIMILAR_NOT_GOLD,0.6,NEEDS_EXPERT_VALIDATION
HNP-V03-001289,SYN-REQ-00645,MSV1-75A0DACB1C491C12,HARD_NEGATIVE,LEXICAL_SIMILAR_NOT_GOLD,0.5862,NEEDS_EXPERT_VALIDATION
HNP-V03-001290,SYN-REQ-00645,MSV1-8EE51FC53C52309D,HARD_NEGATIVE,LEXICAL_SIMILAR_NOT_GOLD,0.5667,NEEDS_EXPERT_VALIDATION
HNP-V03-001291,SYN-REQ-00646,MSV1-3C616020D0B2D561,HARD_NEGATIVE,LEXICAL_SIMILAR_NOT_GOLD,0.6316,NEEDS_EXPERT_VALIDATION
HNP-V03-001292,SYN-REQ-00646,MSV1-69DF26E1DC946584,HARD_NEGATIVE,LEXICAL_SIMILAR_NOT_GOLD,0.4348,NEEDS_EXPERT_VALIDATION
HNP-V03-001293,SYN-REQ-00647,MSV1-8104DF533F9449E7,HARD_NEGATIVE,LEXICAL_SIMILAR_NOT_GOLD,0.4,NEEDS_EXPERT_VALIDATION
HNP-V03-001294,SYN-REQ-00647,MSV1-B7618F93E21516E8,HARD_NEGATIVE,LEXICAL_SIMILAR_NOT_GOLD,0.2727,NEEDS_EXPERT_VALIDATION
HNP-V03-001295,SYN-REQ-00648,MSV1-BDC634ED5FAE5251,HARD_NEGATIVE,LEXICAL_SIMILAR_NOT_GOLD,0.4167,NEEDS_EXPERT_VALIDATION
HNP-V03-001296,SYN-REQ-00648,MSV1-B9FD19D114F8973B,HARD_NEGATIVE,LEXICAL_SIMILAR_NOT_GOLD,0.2667,NEEDS_EXPERT_VALIDATION
HNP-V03-001297,SYN-REQ-00649,MSV1-BEA0B0F3441CF947,HARD_NEGATIVE,LEXICAL_SIMILAR_NOT_GOLD,0.3,NEEDS_EXPERT_VALIDATION
HNP-V03-001298,SYN-REQ-00649,MSV1-60A0CA84A6F90365,HARD_NEGATIVE,LEXICAL_SIMILAR_NOT_GOLD,0.2,NEEDS_EXPERT_VALIDATION
HNP-V03-001299,SYN-REQ-00650,MSV1-60B648B6C2BB0F99,HARD_NEGATIVE,LEXICAL_SIMILAR_NOT_GOLD,0.4615,NEEDS_EXPERT_VALIDATION
HNP-V03-001300,SYN-REQ-00650,MSV1-12C4CF04EA2B9277,HARD_NEGATIVE,LEXICAL_SIMILAR_NOT_GOLD,0.25,NEEDS_EXPERT_VALIDATION
HNP-V03-001301,SYN-REQ-00651,MSV1-8C6144924EA305CB,HARD_NEGATIVE,LEXICAL_SIMILAR_NOT_GOLD,0.4615,NEEDS_EXPERT_VALIDATION
HNP-V03-001302,SYN-REQ-00651,MSV1-063FABAC4A707C87,HARD_NEGATIVE,LEXICAL_SIMILAR_NOT_GOLD,0.3793,NEEDS_EXPERT_VALIDATION
HNP-V03-001303,SYN-REQ-00652,MSV1-EF12F5AA5A68CA82,HARD_NEGATIVE,LEXICAL_SIMILAR_NOT_GOLD,0.5882,NEEDS_EXPERT_VALIDATION
HNP-V03-001304,SYN-REQ-00652,MSV1-AD2244C3A5EA9408,HARD_NEGATIVE,LEXICAL_SIMILAR_NOT_GOLD,0.2857,NEEDS_EXPERT_VALIDATION
HNP-V03-001305,SYN-REQ-00653,MSV1-6904DB0BF2E7D617,HARD_NEGATIVE,LEXICAL_SIMILAR_NOT_GOLD,0.3333,NEEDS_EXPERT_VALIDATION
HNP-V03-001306,SYN-REQ-00653,MSV1-DD165BC48EC540DB,HARD_NEGATIVE,LEXICAL_SIMILAR_NOT_GOLD,0.32,NEEDS_EXPERT_VALIDATION
HNP-V03-001307,SYN-REQ-00654,MSV1-2D7F06C7C61ED3BD,HARD_NEGATIVE,LEXICAL_SIMILAR_NOT_GOLD,0.32,NEEDS_EXPERT_VALIDATION
HNP-V03-001308,SYN-REQ-00654,MSV1-7301D1B6367C2CF5,HARD_NEGATIVE,LEXICAL_SIMILAR_NOT_GOLD,0.32,NEEDS_EXPERT_VALIDATION
HNP-V03-001309,SYN-REQ-00655,MSV1-165A6DF16A6AA9A6,HARD_NEGATIVE,LEXICAL_SIMILAR_NOT_GOLD,0.5333,NEEDS_EXPERT_VALIDATION
HNP-V03-001310,SYN-REQ-00655,MSV1-27E7338BE3C2BCD3,HARD_NEGATIVE,LEXICAL_SIMILAR_NOT_GOLD,0.3158,NEEDS_EXPERT_VALIDATION
HNP-V03-001311,SYN-REQ-00656,MSV1-C094021B41C5C091,HARD_NEGATIVE,LEXICAL_SIMILAR_NOT_GOLD,0.6111,NEEDS_EXPERT_VALIDATION
HNP-V03-001312,SYN-REQ-00656,MSV1-1C0B2B54CD4E4511,HARD_NEGATIVE,LEXICAL_SIMILAR_NOT_GOLD,0.2759,NEEDS_EXPERT_VALIDATION
HNP-V03-001313,SYN-REQ-00657,MSV1-083AFBB17DB556A2,HARD_NEGATIVE,LEXICAL_SIMILAR_NOT_GOLD,0.4167,NEEDS_EXPERT_VALIDATION
HNP-V03-001314,SYN-REQ-00657,MSV1-4A3E67E42D8B9419,HARD_NEGATIVE,LEXICAL_SIMILAR_NOT_GOLD,0.3846,NEEDS_EXPERT_VALIDATION
HNP-V03-001315,SYN-REQ-00658,MSV1-49790E6845BD44FB,HARD_NEGATIVE,LEXICAL_SIMILAR_NOT_GOLD,0.6111,NEEDS_EXPERT_VALIDATION
HNP-V03-001316,SYN-REQ-00658,MSV1-9A5C9B6F6080D385,HARD_NEGATIVE,LEXICAL_SIMILAR_NOT_GOLD,0.3333,NEEDS_EXPERT_VALIDATION
HNP-V03-001317,SYN-REQ-00659,MSV1-368BCA6A439D6E5C,HARD_NEGATIVE,LEXICAL_SIMILAR_NOT_GOLD,0.6087,NEEDS_EXPERT_VALIDATION
HNP-V03-001318,SYN-REQ-00659,MSV1-BAE8C9E388B20232,HARD_NEGATIVE,LEXICAL_SIMILAR_NOT_GOLD,0.4815,NEEDS_EXPERT_VALIDATION
HNP-V03-001319,SYN-REQ-00660,MSV1-CCEFCD7269450314,HARD_NEGATIVE,LEXICAL_SIMILAR_NOT_GOLD,0.3333,NEEDS_EXPERT_VALIDATION
HNP-V03-001320,SYN-REQ-00660,MSV1-C27535C8BC978DB2,HARD_NEGATIVE,LEXICAL_SIMILAR_NOT_GOLD,0.3077,NEEDS_EXPERT_VALIDATION
HNP-V03-001321,SYN-REQ-00661,MSV1-2E3A4D774F8E61BA,HARD_NEGATIVE,LEXICAL_SIMILAR_NOT_GOLD,0.35,NEEDS_EXPERT_VALIDATION
HNP-V03-001322,SYN-REQ-00661,MSV1-C34FAB05A84C3B9D,HARD_NEGATIVE,LEXICAL_SIMILAR_NOT_GOLD,0.3478,NEEDS_EXPERT_VALIDATION
HNP-V03-001323,SYN-REQ-00662,MSV1-DC3AAFCC673A5BC6,HARD_NEGATIVE,LEXICAL_SIMILAR_NOT_GOLD,0.6471,NEEDS_EXPERT_VALIDATION
HNP-V03-001324,SYN-REQ-00662,MSV1-E85C56A6275E10BD,HARD_NEGATIVE,LEXICAL_SIMILAR_NOT_GOLD,0.4211,NEEDS_EXPERT_VALIDATION
HNP-V03-001325,SYN-REQ-00663,MSV1-0B9D139B4F15A83F,HARD_NEGATIVE,LEXICAL_SIMILAR_NOT_GOLD,0.5238,NEEDS_EXPERT_VALIDATION
HNP-V03-001326,SYN-REQ-00663,MSV1-76E29E99D1B833ED,HARD_NEGATIVE,LEXICAL_SIMILAR_NOT_GOLD,0.3636,NEEDS_EXPERT_VALIDATION
HNP-V03-001327,SYN-REQ-00664,MSV1-3F6F85074614F4BE,HARD_NEGATIVE,LEXICAL_SIMILAR_NOT_GOLD,0.6,NEEDS_EXPERT_VALIDATION
HNP-V03-001328,SYN-REQ-00664,MSV1-7872CD17AB43772C,HARD_NEGATIVE,LEXICAL_SIMILAR_NOT_GOLD,0.3871,NEEDS_EXPERT_VALIDATION
HNP-V03-001329,SYN-REQ-00665,MSV1-CD4E46850B25CFAD,HARD_NEGATIVE,LEXICAL_SIMILAR_NOT_GOLD,0.5,NEEDS_EXPERT_VALIDATION
HNP-V03-001330,SYN-REQ-00665,MSV1-F5381FB562A81827,HARD_NEGATIVE,LEXICAL_SIMILAR_NOT_GOLD,0.2381,NEEDS_EXPERT_VALIDATION
HNP-V03-001331,SYN-REQ-00666,MSV1-55DA3FE48DD6787B,HARD_NEGATIVE,LEXICAL_SIMILAR_NOT_GOLD,0.625,NEEDS_EXPERT_VALIDATION
HNP-V03-001332,SYN-REQ-00666,MSV1-572E6AB22DCE39A0,HARD_NEGATIVE,LEXICAL_SIMILAR_NOT_GOLD,0.4444,NEEDS_EXPERT_VALIDATION
HNP-V03-001333,SYN-REQ-00667,MSV1-AFED1FD16B0FE120,HARD_NEGATIVE,LEXICAL_SIMILAR_NOT_GOLD,0.5,NEEDS_EXPERT_VALIDATION
HNP-V03-001334,SYN-REQ-00667,MSV1-5F47C76B4107D7B8,HARD_NEGATIVE,LEXICAL_SIMILAR_NOT_GOLD,0.2273,NEEDS_EXPERT_VALIDATION
HNP-V03-001335,SYN-REQ-00668,MSV1-4B88ED11B7A6F43E,HARD_NEGATIVE,LEXICAL_SIMILAR_NOT_GOLD,0.5833,NEEDS_EXPERT_VALIDATION
HNP-V03-001336,SYN-REQ-00668,MSV1-5CEE3AF4D4FDE4EC,HARD_NEGATIVE,LEXICAL_SIMILAR_NOT_GOLD,0.5714,NEEDS_EXPERT_VALIDATION
HNP-V03-001337,SYN-REQ-00669,MSV1-7E6FEDE799600050,HARD_NEGATIVE,LEXICAL_SIMILAR_NOT_GOLD,0.4167,NEEDS_EXPERT_VALIDATION
HNP-V03-001338,SYN-REQ-00669,MSV1-FED3C57FC9BF6228,HARD_NEGATIVE,LEXICAL_SIMILAR_NOT_GOLD,0.2308,NEEDS_EXPERT_VALIDATION
HNP-V03-001339,SYN-REQ-00670,MSV1-5B6D087791FF587A,HARD_NEGATIVE,LEXICAL_SIMILAR_NOT_GOLD,0.3889,NEEDS_EXPERT_VALIDATION
HNP-V03-001340,SYN-REQ-00670,MSV1-8620FE06B369134E,HARD_NEGATIVE,LEXICAL_SIMILAR_NOT_GOLD,0.3889,NEEDS_EXPERT_VALIDATION
HNP-V03-001341,SYN-REQ-00671,MSV1-08637EF5B43D9BC4,HARD_NEGATIVE,LEXICAL_SIMILAR_NOT_GOLD,0.5,NEEDS_EXPERT_VALIDATION
HNP-V03-001342,SYN-REQ-00671,MSV1-107C0559C4C39395,HARD_NEGATIVE,LEXICAL_SIMILAR_NOT_GOLD,0.5,NEEDS_EXPERT_VALIDATION
HNP-V03-001343,SYN-REQ-00672,MSV1-01C36FAACE34D636,HARD_NEGATIVE,LEXICAL_SIMILAR_NOT_GOLD,0.5185,NEEDS_EXPERT_VALIDATION
HNP-V03-001344,SYN-REQ-00672,MSV1-C60A0693863765B3,HARD_NEGATIVE,LEXICAL_SIMILAR_NOT_GOLD,0.5185,NEEDS_EXPERT_VALIDATION
HNP-V03-001345,SYN-REQ-00673,MSV1-CB4D1ECD82C907F6,HARD_NEGATIVE,LEXICAL_SIMILAR_NOT_GOLD,0.2424,NEEDS_EXPERT_VALIDATION
HNP-V03-001346,SYN-REQ-00673,MSV1-5D9300AE919503E6,HARD_NEGATIVE,LEXICAL_SIMILAR_NOT_GOLD,0.2353,NEEDS_EXPERT_VALIDATION
HNP-V03-001347,SYN-REQ-00674,MSV1-F5381FB562A81827,HARD_NEGATIVE,LEXICAL_SIMILAR_NOT_GOLD,0.6316,NEEDS_EXPERT_VALIDATION
HNP-V03-001348,SYN-REQ-00674,MSV1-B1F4DA1330A1A65E,HARD_NEGATIVE,LEXICAL_SIMILAR_NOT_GOLD,0.3,NEEDS_EXPERT_VALIDATION
HNP-V03-001349,SYN-REQ-00675,MSV1-6575706750EC8D92,HARD_NEGATIVE,LEXICAL_SIMILAR_NOT_GOLD,0.36,NEEDS_EXPERT_VALIDATION
HNP-V03-001350,SYN-REQ-00675,MSV1-E420587EB7DF8F7C,HARD_NEGATIVE,LEXICAL_SIMILAR_NOT_GOLD,0.3333,NEEDS_EXPERT_VALIDATION
HNP-V03-001351,SYN-REQ-00676,MSV1-3F61A6872CF3F50E,HARD_NEGATIVE,LEXICAL_SIMILAR_NOT_GOLD,0.5,NEEDS_EXPERT_VALIDATION
HNP-V03-001352,SYN-REQ-00676,MSV1-05EF1C9E91F6F167,HARD_NEGATIVE,LEXICAL_SIMILAR_NOT_GOLD,0.3125,NEEDS_EXPERT_VALIDATION
HNP-V03-001353,SYN-REQ-00677,MSV1-D2149388C0441848,HARD_NEGATIVE,LEXICAL_SIMILAR_NOT_GOLD,0.6111,NEEDS_EXPERT_VALIDATION
HNP-V03-001354,SYN-REQ-00677,MSV1-7A7C3DBEF269B7C5,HARD_NEGATIVE,LEXICAL_SIMILAR_NOT_GOLD,0.24,NEEDS_EXPERT_VALIDATION
HNP-V03-001355,SYN-REQ-00678,MSV1-FB7B4C565DBA1A4E,HARD_NEGATIVE,LEXICAL_SIMILAR_NOT_GOLD,0.56,NEEDS_EXPERT_VALIDATION
HNP-V03-001356,SYN-REQ-00678,MSV1-839E89D525C6C2F1,HARD_NEGATIVE,LEXICAL_SIMILAR_NOT_GOLD,0.32,NEEDS_EXPERT_VALIDATION
HNP-V03-001357,SYN-REQ-00679,MSV1-753E580AE67D1F8B,HARD_NEGATIVE,LEXICAL_SIMILAR_NOT_GOLD,0.5,NEEDS_EXPERT_VALIDATION
HNP-V03-001358,SYN-REQ-00679,MSV1-40A6CB286460FF12,HARD_NEGATIVE,LEXICAL_SIMILAR_NOT_GOLD,0.3846,NEEDS_EXPERT_VALIDATION
HNP-V03-001359,SYN-REQ-00680,MSV1-65EF867D9EA26860,HARD_NEGATIVE,LEXICAL_SIMILAR_NOT_GOLD,0.5882,NEEDS_EXPERT_VALIDATION
HNP-V03-001360,SYN-REQ-00680,MSV1-F7FC7303D172520B,HARD_NEGATIVE,LEXICAL_SIMILAR_NOT_GOLD,0.5,NEEDS_EXPERT_VALIDATION
HNP-V03-001361,SYN-REQ-00681,MSV1-8DCCC5584E0CB9DF,HARD_NEGATIVE,LEXICAL_SIMILAR_NOT_GOLD,0.3704,NEEDS_EXPERT_VALIDATION
HNP-V03-001362,SYN-REQ-00681,MSV1-B48BC862703474CA,HARD_NEGATIVE,LEXICAL_SIMILAR_NOT_GOLD,0.2963,NEEDS_EXPERT_VALIDATION
HNP-V03-001363,SYN-REQ-00682,MSV1-368B3AA582C8F66F,HARD_NEGATIVE,LEXICAL_SIMILAR_NOT_GOLD,0.5,NEEDS_EXPERT_VALIDATION
HNP-V03-001364,SYN-REQ-00682,MSV1-60A0CA84A6F90365,HARD_NEGATIVE,LEXICAL_SIMILAR_NOT_GOLD,0.1765,NEEDS_EXPERT_VALIDATION
HNP-V03-001365,SYN-REQ-00683,MSV1-2047B4B35339D861,HARD_NEGATIVE,LEXICAL_SIMILAR_NOT_GOLD,0.6111,NEEDS_EXPERT_VALIDATION
HNP-V03-001366,SYN-REQ-00683,MSV1-A958D5E04FC0F3A1,HARD_NEGATIVE,LEXICAL_SIMILAR_NOT_GOLD,0.45,NEEDS_EXPERT_VALIDATION
HNP-V03-001367,SYN-REQ-00684,MSV1-2691B242D21C8BFF,HARD_NEGATIVE,LEXICAL_SIMILAR_NOT_GOLD,0.5833,NEEDS_EXPERT_VALIDATION
HNP-V03-001368,SYN-REQ-00684,MSV1-FAE3D164963F63AF,HARD_NEGATIVE,LEXICAL_SIMILAR_NOT_GOLD,0.4848,NEEDS_EXPERT_VALIDATION
HNP-V03-001369,SYN-REQ-00685,MSV1-6BF3A7CB50BB17D9,HARD_NEGATIVE,LEXICAL_SIMILAR_NOT_GOLD,0.5385,NEEDS_EXPERT_VALIDATION
HNP-V03-001370,SYN-REQ-00685,MSV1-1DD2B96769E56A36,HARD_NEGATIVE,LEXICAL_SIMILAR_NOT_GOLD,0.3529,NEEDS_EXPERT_VALIDATION
HNP-V03-001371,SYN-REQ-00686,MSV1-97C9FBC010D001BD,HARD_NEGATIVE,LEXICAL_SIMILAR_NOT_GOLD,0.4167,NEEDS_EXPERT_VALIDATION
HNP-V03-001372,SYN-REQ-00686,MSV1-3114C3C35958F3C7,HARD_NEGATIVE,LEXICAL_SIMILAR_NOT_GOLD,0.2353,NEEDS_EXPERT_VALIDATION
HNP-V03-001373,SYN-REQ-00687,MSV1-93C384AA47C60071,HARD_NEGATIVE,LEXICAL_SIMILAR_NOT_GOLD,0.5385,NEEDS_EXPERT_VALIDATION
HNP-V03-001374,SYN-REQ-00687,MSV1-18CFAE2A6A993BCF,HARD_NEGATIVE,LEXICAL_SIMILAR_NOT_GOLD,0.2667,NEEDS_EXPERT_VALIDATION
HNP-V03-001375,SYN-REQ-00688,MSV1-7A8735D689F399D3,HARD_NEGATIVE,LEXICAL_SIMILAR_NOT_GOLD,0.4231,NEEDS_EXPERT_VALIDATION
HNP-V03-001376,SYN-REQ-00688,MSV1-28B96EAAB205DB7D,HARD_NEGATIVE,LEXICAL_SIMILAR_NOT_GOLD,0.4167,NEEDS_EXPERT_VALIDATION
HNP-V03-001377,SYN-REQ-00689,MSV1-63FC9F4C010792F5,HARD_NEGATIVE,LEXICAL_SIMILAR_NOT_GOLD,0.2727,NEEDS_EXPERT_VALIDATION
HNP-V03-001378,SYN-REQ-00689,MSV1-00BD07CE81FA6910,HARD_NEGATIVE,LEXICAL_SIMILAR_NOT_GOLD,0.2333,NEEDS_EXPERT_VALIDATION
HNP-V03-001379,SYN-REQ-00690,MSV1-60A0CA84A6F90365,HARD_NEGATIVE,LEXICAL_SIMILAR_NOT_GOLD,0.3333,NEEDS_EXPERT_VALIDATION
HNP-V03-001380,SYN-REQ-00690,MSV1-2E7043216C35CD81,HARD_NEGATIVE,LEXICAL_SIMILAR_NOT_GOLD,0.3125,NEEDS_EXPERT_VALIDATION
HNP-V03-001381,SYN-REQ-00691,MSV1-21D07670B3F10E2B,HARD_NEGATIVE,LEXICAL_SIMILAR_NOT_GOLD,0.3913,NEEDS_EXPERT_VALIDATION
HNP-V03-001382,SYN-REQ-00691,MSV1-E8BBAF1EBB82F9FA,HARD_NEGATIVE,LEXICAL_SIMILAR_NOT_GOLD,0.3333,NEEDS_EXPERT_VALIDATION
HNP-V03-001383,SYN-REQ-00692,MSV1-6BC56D0B5181B6D8,HARD_NEGATIVE,LEXICAL_SIMILAR_NOT_GOLD,0.2609,NEEDS_EXPERT_VALIDATION
HNP-V03-001384,SYN-REQ-00692,MSV1-3BEE6C90A621CDC8,HARD_NEGATIVE,LEXICAL_SIMILAR_NOT_GOLD,0.2381,NEEDS_EXPERT_VALIDATION
HNP-V03-001385,SYN-REQ-00693,MSV1-7577AA8ECFF83147,HARD_NEGATIVE,LEXICAL_SIMILAR_NOT_GOLD,0.5862,NEEDS_EXPERT_VALIDATION
HNP-V03-001386,SYN-REQ-00693,MSV1-9A10AD58E7F274B1,HARD_NEGATIVE,LEXICAL_SIMILAR_NOT_GOLD,0.5862,NEEDS_EXPERT_VALIDATION
HNP-V03-001387,SYN-REQ-00694,MSV1-E7248DFDFF7FA278,HARD_NEGATIVE,LEXICAL_SIMILAR_NOT_GOLD,0.3448,NEEDS_EXPERT_VALIDATION
HNP-V03-001388,SYN-REQ-00694,MSV1-C87813EC53B1FF53,HARD_NEGATIVE,LEXICAL_SIMILAR_NOT_GOLD,0.2903,NEEDS_EXPERT_VALIDATION
HNP-V03-001389,SYN-REQ-00695,MSV1-735207E0DE37EF7C,HARD_NEGATIVE,LEXICAL_SIMILAR_NOT_GOLD,0.3478,NEEDS_EXPERT_VALIDATION
HNP-V03-001390,SYN-REQ-00695,MSV1-C59A7FD3D890871C,HARD_NEGATIVE,LEXICAL_SIMILAR_NOT_GOLD,0.3478,NEEDS_EXPERT_VALIDATION
HNP-V03-001391,SYN-REQ-00696,MSV1-C187F61EEE4C1606,HARD_NEGATIVE,LEXICAL_SIMILAR_NOT_GOLD,0.625,NEEDS_EXPERT_VALIDATION
HNP-V03-001392,SYN-REQ-00696,MSV1-18DD32B53DA74A7E,HARD_NEGATIVE,LEXICAL_SIMILAR_NOT_GOLD,0.3333,NEEDS_EXPERT_VALIDATION
HNP-V03-001393,SYN-REQ-00697,MSV1-8849487AFD8B71DC,HARD_NEGATIVE,LEXICAL_SIMILAR_NOT_GOLD,0.3684,NEEDS_EXPERT_VALIDATION
HNP-V03-001394,SYN-REQ-00697,MSV1-D883C25F2D987A81,HARD_NEGATIVE,LEXICAL_SIMILAR_NOT_GOLD,0.2857,NEEDS_EXPERT_VALIDATION
HNP-V03-001395,SYN-REQ-00698,MSV1-6A3C4ECEBE35A802,HARD_NEGATIVE,LEXICAL_SIMILAR_NOT_GOLD,0.5,NEEDS_EXPERT_VALIDATION
HNP-V03-001396,SYN-REQ-00698,MSV1-241F95F93DD92977,HARD_NEGATIVE,LEXICAL_SIMILAR_NOT_GOLD,0.4783,NEEDS_EXPERT_VALIDATION
HNP-V03-001397,SYN-REQ-00699,MSV1-92A822FD7A87683B,HARD_NEGATIVE,LEXICAL_SIMILAR_NOT_GOLD,0.6111,NEEDS_EXPERT_VALIDATION
HNP-V03-001398,SYN-REQ-00699,MSV1-45A2599AF639E291,HARD_NEGATIVE,LEXICAL_SIMILAR_NOT_GOLD,0.35,NEEDS_EXPERT_VALIDATION
HNP-V03-001399,SYN-REQ-00700,MSV1-46AB05A57D5246C7,HARD_NEGATIVE,LEXICAL_SIMILAR_NOT_GOLD,0.625,NEEDS_EXPERT_VALIDATION
HNP-V03-001400,SYN-REQ-00700,MSV1-65644F2988E1370E,HARD_NEGATIVE,LEXICAL_SIMILAR_NOT_GOLD,0.625,NEEDS_EXPERT_VALIDATION
HNP-V03-001401,SYN-REQ-00701,MSV1-5734CE826443F5ED,HARD_NEGATIVE,LEXICAL_SIMILAR_NOT_GOLD,0.4062,NEEDS_EXPERT_VALIDATION
HNP-V03-001402,SYN-REQ-00701,MSV1-825557F51DE16DB9,HARD_NEGATIVE,LEXICAL_SIMILAR_NOT_GOLD,0.3871,NEEDS_EXPERT_VALIDATION
HNP-V03-001403,SYN-REQ-00702,MSV1-FABDD023AD3FEDDD,HARD_NEGATIVE,LEXICAL_SIMILAR_NOT_GOLD,0.6111,NEEDS_EXPERT_VALIDATION
HNP-V03-001404,SYN-REQ-00702,MSV1-769E4B149CE18CEF,HARD_NEGATIVE,LEXICAL_SIMILAR_NOT_GOLD,0.3333,NEEDS_EXPERT_VALIDATION
HNP-V03-001405,SYN-REQ-00703,MSV1-520220166D412BE9,HARD_NEGATIVE,LEXICAL_SIMILAR_NOT_GOLD,0.4545,NEEDS_EXPERT_VALIDATION
HNP-V03-001406,SYN-REQ-00703,MSV1-80EC96E86C7B910F,HARD_NEGATIVE,LEXICAL_SIMILAR_NOT_GOLD,0.2667,NEEDS_EXPERT_VALIDATION
HNP-V03-001407,SYN-REQ-00704,MSV1-796858985E6D0F17,HARD_NEGATIVE,LEXICAL_SIMILAR_NOT_GOLD,0.3871,NEEDS_EXPERT_VALIDATION
HNP-V03-001408,SYN-REQ-00704,MSV1-90172DAE5E75CEC4,HARD_NEGATIVE,LEXICAL_SIMILAR_NOT_GOLD,0.3448,NEEDS_EXPERT_VALIDATION
HNP-V03-001409,SYN-REQ-00705,MSV1-FE33C9A41F1A7613,HARD_NEGATIVE,LEXICAL_SIMILAR_NOT_GOLD,0.4545,NEEDS_EXPERT_VALIDATION
HNP-V03-001410,SYN-REQ-00705,MSV1-27466FC7F3810B7D,HARD_NEGATIVE,LEXICAL_SIMILAR_NOT_GOLD,0.2105,NEEDS_EXPERT_VALIDATION
HNP-V03-001411,SYN-REQ-00706,MSV1-544E8322FD2A47D0,HARD_NEGATIVE,LEXICAL_SIMILAR_NOT_GOLD,0.625,NEEDS_EXPERT_VALIDATION
HNP-V03-001412,SYN-REQ-00706,MSV1-5A71C7CA43C143B3,HARD_NEGATIVE,LEXICAL_SIMILAR_NOT_GOLD,0.2609,NEEDS_EXPERT_VALIDATION
HNP-V03-001413,SYN-REQ-00707,MSV1-FEE74EC9C953D623,HARD_NEGATIVE,LEXICAL_SIMILAR_NOT_GOLD,0.375,NEEDS_EXPERT_VALIDATION
HNP-V03-001414,SYN-REQ-00707,MSV1-2A32D41881312B03,HARD_NEGATIVE,LEXICAL_SIMILAR_NOT_GOLD,0.3103,NEEDS_EXPERT_VALIDATION
HNP-V03-001415,SYN-REQ-00708,MSV1-EC617ECCDF639783,HARD_NEGATIVE,LEXICAL_SIMILAR_NOT_GOLD,0.3871,NEEDS_EXPERT_VALIDATION
HNP-V03-001416,SYN-REQ-00708,MSV1-1EED74D297CE5BDB,HARD_NEGATIVE,LEXICAL_SIMILAR_NOT_GOLD,0.3611,NEEDS_EXPERT_VALIDATION
HNP-V03-001417,SYN-REQ-00709,MSV1-CFEAB7145A9908C3,HARD_NEGATIVE,LEXICAL_SIMILAR_NOT_GOLD,0.625,NEEDS_EXPERT_VALIDATION
HNP-V03-001418,SYN-REQ-00709,MSV1-B8BD4EBCFF390BB0,HARD_NEGATIVE,LEXICAL_SIMILAR_NOT_GOLD,0.5,NEEDS_EXPERT_VALIDATION
HNP-V03-001419,SYN-REQ-00710,MSV1-684C03C8E01C0315,HARD_NEGATIVE,LEXICAL_SIMILAR_NOT_GOLD,0.2353,NEEDS_EXPERT_VALIDATION
HNP-V03-001420,SYN-REQ-00710,MSV1-BB232D45D4F27ACF,HARD_NEGATIVE,LEXICAL_SIMILAR_NOT_GOLD,0.2333,NEEDS_EXPERT_VALIDATION
HNP-V03-001421,SYN-REQ-00711,MSV1-7A4B27E1868ABA7A,HARD_NEGATIVE,LEXICAL_SIMILAR_NOT_GOLD,0.3684,NEEDS_EXPERT_VALIDATION
HNP-V03-001422,SYN-REQ-00711,MSV1-99334C892F4B14BE,HARD_NEGATIVE,LEXICAL_SIMILAR_NOT_GOLD,0.3636,NEEDS_EXPERT_VALIDATION
HNP-V03-001423,SYN-REQ-00712,MSV1-712AFFD04B031D97,HARD_NEGATIVE,LEXICAL_SIMILAR_NOT_GOLD,0.6,NEEDS_EXPERT_VALIDATION
HNP-V03-001424,SYN-REQ-00712,MSV1-287CB843C0E629FC,HARD_NEGATIVE,LEXICAL_SIMILAR_NOT_GOLD,0.4828,NEEDS_EXPERT_VALIDATION
HNP-V03-001425,SYN-REQ-00713,MSV1-939FB24642421531,HARD_NEGATIVE,LEXICAL_SIMILAR_NOT_GOLD,0.4,NEEDS_EXPERT_VALIDATION
HNP-V03-001426,SYN-REQ-00713,MSV1-FEFB1641EB774D80,HARD_NEGATIVE,LEXICAL_SIMILAR_NOT_GOLD,0.2727,NEEDS_EXPERT_VALIDATION
HNP-V03-001427,SYN-REQ-00714,MSV1-E771968D3C6060E3,HARD_NEGATIVE,LEXICAL_SIMILAR_NOT_GOLD,0.6111,NEEDS_EXPERT_VALIDATION
HNP-V03-001428,SYN-REQ-00714,MSV1-FDC0316DFFBEF4F4,HARD_NEGATIVE,LEXICAL_SIMILAR_NOT_GOLD,0.2857,NEEDS_EXPERT_VALIDATION
HNP-V03-001429,SYN-REQ-00715,MSV1-DD165BC48EC540DB,HARD_NEGATIVE,LEXICAL_SIMILAR_NOT_GOLD,0.32,NEEDS_EXPERT_VALIDATION
HNP-V03-001430,SYN-REQ-00715,MSV1-E7C9D2138631B1A3,HARD_NEGATIVE,LEXICAL_SIMILAR_NOT_GOLD,0.3182,NEEDS_EXPERT_VALIDATION
HNP-V03-001431,SYN-REQ-00716,MSV1-BC2B8A34DA3307FC,HARD_NEGATIVE,LEXICAL_SIMILAR_NOT_GOLD,0.2857,NEEDS_EXPERT_VALIDATION
HNP-V03-001432,SYN-REQ-00716,MSV1-C62D39A11652AE97,HARD_NEGATIVE,LEXICAL_SIMILAR_NOT_GOLD,0.2667,NEEDS_EXPERT_VALIDATION
HNP-V03-001433,SYN-REQ-00717,MSV1-48A2DAD26EDCD991,HARD_NEGATIVE,LEXICAL_SIMILAR_NOT_GOLD,0.6111,NEEDS_EXPERT_VALIDATION
HNP-V03-001434,SYN-REQ-00717,MSV1-CF0B45CB57DE6155,HARD_NEGATIVE,LEXICAL_SIMILAR_NOT_GOLD,0.3636,NEEDS_EXPERT_VALIDATION
HNP-V03-001435,SYN-REQ-00718,MSV1-39B6DD3CFF94C9C0,HARD_NEGATIVE,LEXICAL_SIMILAR_NOT_GOLD,0.2917,NEEDS_EXPERT_VALIDATION
HNP-V03-001436,SYN-REQ-00718,MSV1-81E3C3CFF17BB3CD,HARD_NEGATIVE,LEXICAL_SIMILAR_NOT_GOLD,0.2857,NEEDS_EXPERT_VALIDATION
HNP-V03-001437,SYN-REQ-00719,MSV1-60A0CA84A6F90365,HARD_NEGATIVE,LEXICAL_SIMILAR_NOT_GOLD,0.3333,NEEDS_EXPERT_VALIDATION
HNP-V03-001438,SYN-REQ-00719,MSV1-8391E3E8F7181C7F,HARD_NEGATIVE,LEXICAL_SIMILAR_NOT_GOLD,0.2857,NEEDS_EXPERT_VALIDATION
HNP-V03-001439,SYN-REQ-00720,MSV1-87CE3E4C6478A6ED,HARD_NEGATIVE,LEXICAL_SIMILAR_NOT_GOLD,0.5417,NEEDS_EXPERT_VALIDATION
HNP-V03-001440,SYN-REQ-00720,MSV1-EAF784F9A9D3C0E6,HARD_NEGATIVE,LEXICAL_SIMILAR_NOT_GOLD,0.4583,NEEDS_EXPERT_VALIDATION
HNP-V03-001441,SYN-REQ-00721,MSV1-AEFD8B0D2D895E5A,HARD_NEGATIVE,LEXICAL_SIMILAR_NOT_GOLD,0.6,NEEDS_EXPERT_VALIDATION
HNP-V03-001442,SYN-REQ-00721,MSV1-D281FCFD9FD576DC,HARD_NEGATIVE,LEXICAL_SIMILAR_NOT_GOLD,0.6,NEEDS_EXPERT_VALIDATION
HNP-V03-001443,SYN-REQ-00722,MSV1-106273C5C7B8A56A,HARD_NEGATIVE,LEXICAL_SIMILAR_NOT_GOLD,0.5,NEEDS_EXPERT_VALIDATION
HNP-V03-001444,SYN-REQ-00722,MSV1-458854BC43796EFB,HARD_NEGATIVE,LEXICAL_SIMILAR_NOT_GOLD,0.5,NEEDS_EXPERT_VALIDATION
HNP-V03-001445,SYN-REQ-00723,MSV1-9D6F267B260F3AC3,HARD_NEGATIVE,LEXICAL_SIMILAR_NOT_GOLD,0.6316,NEEDS_EXPERT_VALIDATION
HNP-V03-001446,SYN-REQ-00723,MSV1-FC18E17BC6F8FEAA,HARD_NEGATIVE,LEXICAL_SIMILAR_NOT_GOLD,0.3636,NEEDS_EXPERT_VALIDATION
HNP-V03-001447,SYN-REQ-00724,MSV1-27F129ABA8A3F7F0,HARD_NEGATIVE,LEXICAL_SIMILAR_NOT_GOLD,0.2424,NEEDS_EXPERT_VALIDATION
HNP-V03-001448,SYN-REQ-00724,MSV1-D8D38092DC839F77,HARD_NEGATIVE,LEXICAL_SIMILAR_NOT_GOLD,0.2424,NEEDS_EXPERT_VALIDATION
HNP-V03-001449,SYN-REQ-00725,MSV1-04B55FF429E3E648,HARD_NEGATIVE,LEXICAL_SIMILAR_NOT_GOLD,0.4242,NEEDS_EXPERT_VALIDATION
HNP-V03-001450,SYN-REQ-00725,MSV1-808474780D0DDB1F,HARD_NEGATIVE,LEXICAL_SIMILAR_NOT_GOLD,0.4194,NEEDS_EXPERT_VALIDATION
HNP-V03-001451,SYN-REQ-00726,MSV1-F35AE925EBFC11DD,HARD_NEGATIVE,LEXICAL_SIMILAR_NOT_GOLD,0.625,NEEDS_EXPERT_VALIDATION
HNP-V03-001452,SYN-REQ-00726,MSV1-927EE858548DEE87,HARD_NEGATIVE,LEXICAL_SIMILAR_NOT_GOLD,0.4706,NEEDS_EXPERT_VALIDATION
HNP-V03-001453,SYN-REQ-00727,MSV1-6CF7A66D8F987754,HARD_NEGATIVE,LEXICAL_SIMILAR_NOT_GOLD,0.5294,NEEDS_EXPERT_VALIDATION
HNP-V03-001454,SYN-REQ-00727,MSV1-2C1D5178D4EB109D,HARD_NEGATIVE,LEXICAL_SIMILAR_NOT_GOLD,0.4706,NEEDS_EXPERT_VALIDATION
HNP-V03-001455,SYN-REQ-00728,MSV1-D386B9FDF0206B02,HARD_NEGATIVE,LEXICAL_SIMILAR_NOT_GOLD,0.6471,NEEDS_EXPERT_VALIDATION
HNP-V03-001456,SYN-REQ-00728,MSV1-3320CEB7982FD0E0,HARD_NEGATIVE,LEXICAL_SIMILAR_NOT_GOLD,0.3182,NEEDS_EXPERT_VALIDATION
HNP-V03-001457,SYN-REQ-00729,MSV1-EB348CEC469EC6BF,HARD_NEGATIVE,LEXICAL_SIMILAR_NOT_GOLD,0.2059,NEEDS_EXPERT_VALIDATION
HNP-V03-001458,SYN-REQ-00729,MSV1-EAE0040D602150CF,HARD_NEGATIVE,LEXICAL_SIMILAR_NOT_GOLD,0.2045,NEEDS_EXPERT_VALIDATION
HNP-V03-001459,SYN-REQ-00730,MSV1-4F085542A96B4C84,HARD_NEGATIVE,LEXICAL_SIMILAR_NOT_GOLD,0.48,NEEDS_EXPERT_VALIDATION
HNP-V03-001460,SYN-REQ-00730,MSV1-5CCFAE054DEF182D,HARD_NEGATIVE,LEXICAL_SIMILAR_NOT_GOLD,0.4231,NEEDS_EXPERT_VALIDATION
HNP-V03-001461,SYN-REQ-00731,MSV1-0297A301F29B7411,HARD_NEGATIVE,LEXICAL_SIMILAR_NOT_GOLD,0.56,NEEDS_EXPERT_VALIDATION
HNP-V03-001462,SYN-REQ-00731,MSV1-F5CFF02F95F27DFF,HARD_NEGATIVE,LEXICAL_SIMILAR_NOT_GOLD,0.4643,NEEDS_EXPERT_VALIDATION
HNP-V03-001463,SYN-REQ-00732,MSV1-39819873CA6C1C01,HARD_NEGATIVE,LEXICAL_SIMILAR_NOT_GOLD,0.5217,NEEDS_EXPERT_VALIDATION
HNP-V03-001464,SYN-REQ-00732,MSV1-46FCB056583CF586,HARD_NEGATIVE,LEXICAL_SIMILAR_NOT_GOLD,0.5,NEEDS_EXPERT_VALIDATION
HNP-V03-001465,SYN-REQ-00733,MSV1-73F193F69D3ABC41,HARD_NEGATIVE,LEXICAL_SIMILAR_NOT_GOLD,0.381,NEEDS_EXPERT_VALIDATION
HNP-V03-001466,SYN-REQ-00733,MSV1-46967339B270C933,HARD_NEGATIVE,LEXICAL_SIMILAR_NOT_GOLD,0.3478,NEEDS_EXPERT_VALIDATION
HNP-V03-001467,SYN-REQ-00734,MSV1-D873A8F19878BBBC,HARD_NEGATIVE,LEXICAL_SIMILAR_NOT_GOLD,0.6111,NEEDS_EXPERT_VALIDATION
HNP-V03-001468,SYN-REQ-00734,MSV1-2DE851D9014778EB,HARD_NEGATIVE,LEXICAL_SIMILAR_NOT_GOLD,0.2917,NEEDS_EXPERT_VALIDATION
HNP-V03-001469,SYN-REQ-00735,MSV1-D724C0BBB1ED5D95,HARD_NEGATIVE,LEXICAL_SIMILAR_NOT_GOLD,0.5,NEEDS_EXPERT_VALIDATION
HNP-V03-001470,SYN-REQ-00735,MSV1-F527A880F09611F7,HARD_NEGATIVE,LEXICAL_SIMILAR_NOT_GOLD,0.4,NEEDS_EXPERT_VALIDATION
HNP-V03-001471,SYN-REQ-00736,MSV1-A3CDDDB1D7105F2B,HARD_NEGATIVE,LEXICAL_SIMILAR_NOT_GOLD,0.3636,NEEDS_EXPERT_VALIDATION
HNP-V03-001472,SYN-REQ-00736,MSV1-A33D066FBD6C20BC,HARD_NEGATIVE,LEXICAL_SIMILAR_NOT_GOLD,0.3333,NEEDS_EXPERT_VALIDATION
HNP-V03-001473,SYN-REQ-00737,MSV1-70EE8B40D57FD173,HARD_NEGATIVE,LEXICAL_SIMILAR_NOT_GOLD,0.4167,NEEDS_EXPERT_VALIDATION
HNP-V03-001474,SYN-REQ-00737,MSV1-29A3639DBD3200BB,HARD_NEGATIVE,LEXICAL_SIMILAR_NOT_GOLD,0.15,NEEDS_EXPERT_VALIDATION
HNP-V03-001475,SYN-REQ-00738,MSV1-D852872CA3FF27B7,HARD_NEGATIVE,LEXICAL_SIMILAR_NOT_GOLD,0.5,NEEDS_EXPERT_VALIDATION
HNP-V03-001476,SYN-REQ-00738,MSV1-42F6667A05006267,HARD_NEGATIVE,LEXICAL_SIMILAR_NOT_GOLD,0.4,NEEDS_EXPERT_VALIDATION
HNP-V03-001477,SYN-REQ-00739,MSV1-8E4805094541488C,HARD_NEGATIVE,LEXICAL_SIMILAR_NOT_GOLD,0.5455,NEEDS_EXPERT_VALIDATION
HNP-V03-001478,SYN-REQ-00739,MSV1-A9D221AD7605FA29,HARD_NEGATIVE,LEXICAL_SIMILAR_NOT_GOLD,0.2812,NEEDS_EXPERT_VALIDATION
HNP-V03-001479,SYN-REQ-00740,MSV1-C2C436249E3514C7,HARD_NEGATIVE,LEXICAL_SIMILAR_NOT_GOLD,0.5,NEEDS_EXPERT_VALIDATION
HNP-V03-001480,SYN-REQ-00740,MSV1-21C10B8757247A78,HARD_NEGATIVE,LEXICAL_SIMILAR_NOT_GOLD,0.3125,NEEDS_EXPERT_VALIDATION
HNP-V03-001481,SYN-REQ-00741,MSV1-CA8A4C0006D28419,HARD_NEGATIVE,LEXICAL_SIMILAR_NOT_GOLD,0.5,NEEDS_EXPERT_VALIDATION
HNP-V03-001482,SYN-REQ-00741,MSV1-84EC4C24561A0F12,HARD_NEGATIVE,LEXICAL_SIMILAR_NOT_GOLD,0.2667,NEEDS_EXPERT_VALIDATION
HNP-V03-001483,SYN-REQ-00742,MSV1-F657CF4D6FDA0369,HARD_NEGATIVE,LEXICAL_SIMILAR_NOT_GOLD,0.3636,NEEDS_EXPERT_VALIDATION
HNP-V03-001484,SYN-REQ-00742,MSV1-056E5426CDD61D0F,HARD_NEGATIVE,LEXICAL_SIMILAR_NOT_GOLD,0.2857,NEEDS_EXPERT_VALIDATION
HNP-V03-001485,SYN-REQ-00743,MSV1-01BF3FD547FE6775,HARD_NEGATIVE,LEXICAL_SIMILAR_NOT_GOLD,0.5385,NEEDS_EXPERT_VALIDATION
HNP-V03-001486,SYN-REQ-00743,MSV1-9B8E6499547FAD54,HARD_NEGATIVE,LEXICAL_SIMILAR_NOT_GOLD,0.375,NEEDS_EXPERT_VALIDATION
HNP-V03-001487,SYN-REQ-00744,MSV1-D81A0EB2A148B2EA,HARD_NEGATIVE,LEXICAL_SIMILAR_NOT_GOLD,0.4348,NEEDS_EXPERT_VALIDATION
HNP-V03-001488,SYN-REQ-00744,MSV1-BF0C438E0FAF6FBB,HARD_NEGATIVE,LEXICAL_SIMILAR_NOT_GOLD,0.4,NEEDS_EXPERT_VALIDATION
HNP-V03-001489,SYN-REQ-00745,MSV1-06244C23B75E5E41,HARD_NEGATIVE,LEXICAL_SIMILAR_NOT_GOLD,0.5,NEEDS_EXPERT_VALIDATION
HNP-V03-001490,SYN-REQ-00745,MSV1-11637E1518A4185E,HARD_NEGATIVE,LEXICAL_SIMILAR_NOT_GOLD,0.4,NEEDS_EXPERT_VALIDATION
HNP-V03-001491,SYN-REQ-00746,MSV1-E70EE6E967D175DC,HARD_NEGATIVE,LEXICAL_SIMILAR_NOT_GOLD,0.3214,NEEDS_EXPERT_VALIDATION
HNP-V03-001492,SYN-REQ-00746,MSV1-32259BA5B0C28758,HARD_NEGATIVE,LEXICAL_SIMILAR_NOT_GOLD,0.2727,NEEDS_EXPERT_VALIDATION
HNP-V03-001493,SYN-REQ-00747,MSV1-88B9D405D946CE85,HARD_NEGATIVE,LEXICAL_SIMILAR_NOT_GOLD,0.1875,NEEDS_EXPERT_VALIDATION
HNP-V03-001494,SYN-REQ-00747,MSV1-8CF2935A1016C814,HARD_NEGATIVE,LEXICAL_SIMILAR_NOT_GOLD,0.1765,NEEDS_EXPERT_VALIDATION
HNP-V03-001495,SYN-REQ-00748,MSV1-9B91D3D0E451751F,HARD_NEGATIVE,LEXICAL_SIMILAR_NOT_GOLD,0.5333,NEEDS_EXPERT_VALIDATION
HNP-V03-001496,SYN-REQ-00748,MSV1-DAAEBE834376F94B,HARD_NEGATIVE,LEXICAL_SIMILAR_NOT_GOLD,0.25,NEEDS_EXPERT_VALIDATION
HNP-V03-001497,SYN-REQ-00749,MSV1-E89D12BCE0DA9D6D,HARD_NEGATIVE,LEXICAL_SIMILAR_NOT_GOLD,0.5,NEEDS_EXPERT_VALIDATION
HNP-V03-001498,SYN-REQ-00749,MSV1-6808090C6A198B18,HARD_NEGATIVE,LEXICAL_SIMILAR_NOT_GOLD,0.3529,NEEDS_EXPERT_VALIDATION
HNP-V03-001499,SYN-REQ-00750,MSV1-A745C49AB77678BF,HARD_NEGATIVE,LEXICAL_SIMILAR_NOT_GOLD,0.3182,NEEDS_EXPERT_VALIDATION
HNP-V03-001500,SYN-REQ-00750,MSV1-ED83696822B2E02A,HARD_NEGATIVE,LEXICAL_SIMILAR_NOT_GOLD,0.2667,NEEDS_EXPERT_VALIDATION
HNP-V03-001501,SYN-REQ-00751,MSV1-3AB6FE7DD33D5923,HARD_NEGATIVE,LEXICAL_SIMILAR_NOT_GOLD,0.5385,NEEDS_EXPERT_VALIDATION
HNP-V03-001502,SYN-REQ-00751,MSV1-8B313486CA2D806B,HARD_NEGATIVE,LEXICAL_SIMILAR_NOT_GOLD,0.5185,NEEDS_EXPERT_VALIDATION
HNP-V03-001503,SYN-REQ-00752,MSV1-370D89561A9E15F8,HARD_NEGATIVE,LEXICAL_SIMILAR_NOT_GOLD,0.5882,NEEDS_EXPERT_VALIDATION
HNP-V03-001504,SYN-REQ-00752,MSV1-17F76FD4F8F4577E,HARD_NEGATIVE,LEXICAL_SIMILAR_NOT_GOLD,0.1538,NEEDS_EXPERT_VALIDATION
HNP-V03-001505,SYN-REQ-00753,MSV1-0F960AAAC16ECA2C,HARD_NEGATIVE,LEXICAL_SIMILAR_NOT_GOLD,0.5385,NEEDS_EXPERT_VALIDATION
HNP-V03-001506,SYN-REQ-00753,MSV1-E51EFF904E171FD3,HARD_NEGATIVE,LEXICAL_SIMILAR_NOT_GOLD,0.2,NEEDS_EXPERT_VALIDATION
HNP-V03-001507,SYN-REQ-00754,MSV1-931BF689F9A41DBB,HARD_NEGATIVE,LEXICAL_SIMILAR_NOT_GOLD,0.5714,NEEDS_EXPERT_VALIDATION
HNP-V03-001508,SYN-REQ-00754,MSV1-93CAFAF513635160,HARD_NEGATIVE,LEXICAL_SIMILAR_NOT_GOLD,0.4118,NEEDS_EXPERT_VALIDATION
HNP-V03-001509,SYN-REQ-00755,MSV1-64D39E4681E9CDCA,HARD_NEGATIVE,LEXICAL_SIMILAR_NOT_GOLD,0.5714,NEEDS_EXPERT_VALIDATION
HNP-V03-001510,SYN-REQ-00755,MSV1-45AD134C246D6EA1,HARD_NEGATIVE,LEXICAL_SIMILAR_NOT_GOLD,0.5455,NEEDS_EXPERT_VALIDATION
HNP-V03-001511,SYN-REQ-00756,MSV1-12EA4CBAF4312F46,HARD_NEGATIVE,LEXICAL_SIMILAR_NOT_GOLD,0.3636,NEEDS_EXPERT_VALIDATION
HNP-V03-001512,SYN-REQ-00756,MSV1-4EA687770980E447,HARD_NEGATIVE,LEXICAL_SIMILAR_NOT_GOLD,0.1875,NEEDS_EXPERT_VALIDATION
HNP-V03-001513,SYN-REQ-00757,MSV1-2B1D885B0AE9C82C,HARD_NEGATIVE,LEXICAL_SIMILAR_NOT_GOLD,0.5385,NEEDS_EXPERT_VALIDATION
HNP-V03-001514,SYN-REQ-00757,MSV1-FD8856D8E747AF3E,HARD_NEGATIVE,LEXICAL_SIMILAR_NOT_GOLD,0.2857,NEEDS_EXPERT_VALIDATION
HNP-V03-001515,SYN-REQ-00758,MSV1-17C15EF79D13AC4C,HARD_NEGATIVE,LEXICAL_SIMILAR_NOT_GOLD,0.6111,NEEDS_EXPERT_VALIDATION
HNP-V03-001516,SYN-REQ-00758,MSV1-18EB812C3BAFDB34,HARD_NEGATIVE,LEXICAL_SIMILAR_NOT_GOLD,0.2857,NEEDS_EXPERT_VALIDATION
HNP-V03-001517,SYN-REQ-00759,MSV1-5FC09869B61A0559,HARD_NEGATIVE,LEXICAL_SIMILAR_NOT_GOLD,0.6471,NEEDS_EXPERT_VALIDATION
HNP-V03-001518,SYN-REQ-00759,MSV1-67D6DC9935AC5945,HARD_NEGATIVE,LEXICAL_SIMILAR_NOT_GOLD,0.1538,NEEDS_EXPERT_VALIDATION
HNP-V03-001519,SYN-REQ-00760,MSV1-A72DD2530BCEA658,HARD_NEGATIVE,LEXICAL_SIMILAR_NOT_GOLD,0.6471,NEEDS_EXPERT_VALIDATION
HNP-V03-001520,SYN-REQ-00760,MSV1-0473F88514A5679C,HARD_NEGATIVE,LEXICAL_SIMILAR_NOT_GOLD,0.45,NEEDS_EXPERT_VALIDATION
HNP-V03-001521,SYN-REQ-00761,MSV1-6BBFAF6615755486,HARD_NEGATIVE,LEXICAL_SIMILAR_NOT_GOLD,0.5,NEEDS_EXPERT_VALIDATION
HNP-V03-001522,SYN-REQ-00761,MSV1-8C21E3788CE63755,HARD_NEGATIVE,LEXICAL_SIMILAR_NOT_GOLD,0.3571,NEEDS_EXPERT_VALIDATION
HNP-V03-001523,SYN-REQ-00762,MSV1-BFC1088FF128FD65,HARD_NEGATIVE,LEXICAL_SIMILAR_NOT_GOLD,0.5625,NEEDS_EXPERT_VALIDATION
HNP-V03-001524,SYN-REQ-00762,MSV1-192AB424ADA34679,HARD_NEGATIVE,LEXICAL_SIMILAR_NOT_GOLD,0.2778,NEEDS_EXPERT_VALIDATION
HNP-V03-001525,SYN-REQ-00763,MSV1-127FCD99DBE418DC,HARD_NEGATIVE,LEXICAL_SIMILAR_NOT_GOLD,0.1515,NEEDS_EXPERT_VALIDATION
HNP-V03-001526,SYN-REQ-00763,MSV1-A9B9B1F934EA6920,HARD_NEGATIVE,LEXICAL_SIMILAR_NOT_GOLD,0.1515,NEEDS_EXPERT_VALIDATION
HNP-V03-001527,SYN-REQ-00764,MSV1-3D6821E927F6DA97,HARD_NEGATIVE,LEXICAL_SIMILAR_NOT_GOLD,0.6,NEEDS_EXPERT_VALIDATION
HNP-V03-001528,SYN-REQ-00764,MSV1-B9FD19D114F8973B,HARD_NEGATIVE,LEXICAL_SIMILAR_NOT_GOLD,0.2941,NEEDS_EXPERT_VALIDATION
HNP-V03-001529,SYN-REQ-00765,MSV1-D1F3B2AB59F6BFCB,HARD_NEGATIVE,LEXICAL_SIMILAR_NOT_GOLD,0.3056,NEEDS_EXPERT_VALIDATION
HNP-V03-001530,SYN-REQ-00765,MSV1-F7E14802FD502237,HARD_NEGATIVE,LEXICAL_SIMILAR_NOT_GOLD,0.2857,NEEDS_EXPERT_VALIDATION
HNP-V03-001531,SYN-REQ-00766,MSV1-BF5BEAAD7467B8EA,HARD_NEGATIVE,LEXICAL_SIMILAR_NOT_GOLD,0.625,NEEDS_EXPERT_VALIDATION
HNP-V03-001532,SYN-REQ-00766,MSV1-59909151172AD669,HARD_NEGATIVE,LEXICAL_SIMILAR_NOT_GOLD,0.3333,NEEDS_EXPERT_VALIDATION
HNP-V03-001533,SYN-REQ-00767,MSV1-ACAF8F3DC95699D8,HARD_NEGATIVE,LEXICAL_SIMILAR_NOT_GOLD,0.5882,NEEDS_EXPERT_VALIDATION
HNP-V03-001534,SYN-REQ-00767,MSV1-BE47F72BEA4E401C,HARD_NEGATIVE,LEXICAL_SIMILAR_NOT_GOLD,0.4211,NEEDS_EXPERT_VALIDATION
HNP-V03-001535,SYN-REQ-00768,MSV1-CFACA9E66205ADC6,HARD_NEGATIVE,LEXICAL_SIMILAR_NOT_GOLD,0.3077,NEEDS_EXPERT_VALIDATION
HNP-V03-001536,SYN-REQ-00768,MSV1-8E4805094541488C,HARD_NEGATIVE,LEXICAL_SIMILAR_NOT_GOLD,0.175,NEEDS_EXPERT_VALIDATION
HNP-V03-001537,SYN-REQ-00769,MSV1-E866C99335C53356,HARD_NEGATIVE,LEXICAL_SIMILAR_NOT_GOLD,0.625,NEEDS_EXPERT_VALIDATION
HNP-V03-001538,SYN-REQ-00769,MSV1-652D0718DB3894CF,HARD_NEGATIVE,LEXICAL_SIMILAR_NOT_GOLD,0.4706,NEEDS_EXPERT_VALIDATION
HNP-V03-001539,SYN-REQ-00770,MSV1-0CFA920633687119,HARD_NEGATIVE,LEXICAL_SIMILAR_NOT_GOLD,0.4615,NEEDS_EXPERT_VALIDATION
HNP-V03-001540,SYN-REQ-00770,MSV1-1B003F43ABD9161C,HARD_NEGATIVE,LEXICAL_SIMILAR_NOT_GOLD,0.3125,NEEDS_EXPERT_VALIDATION
HNP-V03-001541,SYN-REQ-00771,MSV1-886B47F18F600A5A,HARD_NEGATIVE,LEXICAL_SIMILAR_NOT_GOLD,0.5,NEEDS_EXPERT_VALIDATION
HNP-V03-001542,SYN-REQ-00771,MSV1-DF2BC40143EF176B,HARD_NEGATIVE,LEXICAL_SIMILAR_NOT_GOLD,0.3125,NEEDS_EXPERT_VALIDATION
HNP-V03-001543,SYN-REQ-00772,MSV1-B88B253FA12C89E3,HARD_NEGATIVE,LEXICAL_SIMILAR_NOT_GOLD,0.6,NEEDS_EXPERT_VALIDATION
HNP-V03-001544,SYN-REQ-00772,MSV1-EE54C6ED7D9CD138,HARD_NEGATIVE,LEXICAL_SIMILAR_NOT_GOLD,0.5,NEEDS_EXPERT_VALIDATION
HNP-V03-001545,SYN-REQ-00773,MSV1-743B927CD4E80ADC,HARD_NEGATIVE,LEXICAL_SIMILAR_NOT_GOLD,0.6364,NEEDS_EXPERT_VALIDATION
HNP-V03-001546,SYN-REQ-00773,MSV1-BB9A41AFC1CFD0ED,HARD_NEGATIVE,LEXICAL_SIMILAR_NOT_GOLD,0.2778,NEEDS_EXPERT_VALIDATION
HNP-V03-001547,SYN-REQ-00774,MSV1-3CB055239CA5C245,HARD_NEGATIVE,LEXICAL_SIMILAR_NOT_GOLD,0.6316,NEEDS_EXPERT_VALIDATION
HNP-V03-001548,SYN-REQ-00774,MSV1-28F4FE7A042FA66C,HARD_NEGATIVE,LEXICAL_SIMILAR_NOT_GOLD,0.3636,NEEDS_EXPERT_VALIDATION
HNP-V03-001549,SYN-REQ-00775,MSV1-0F83629E33D7983B,HARD_NEGATIVE,LEXICAL_SIMILAR_NOT_GOLD,0.625,NEEDS_EXPERT_VALIDATION
HNP-V03-001550,SYN-REQ-00775,MSV1-57EB59F59302ABCF,HARD_NEGATIVE,LEXICAL_SIMILAR_NOT_GOLD,0.5294,NEEDS_EXPERT_VALIDATION
HNP-V03-001551,SYN-REQ-00776,MSV1-DD01F73CAF7FBDF6,HARD_NEGATIVE,LEXICAL_SIMILAR_NOT_GOLD,0.5333,NEEDS_EXPERT_VALIDATION
HNP-V03-001552,SYN-REQ-00776,MSV1-71CBF5ECC22969ED,HARD_NEGATIVE,LEXICAL_SIMILAR_NOT_GOLD,0.4375,NEEDS_EXPERT_VALIDATION
HNP-V03-001553,SYN-REQ-00777,MSV1-679787A3A469F193,HARD_NEGATIVE,LEXICAL_SIMILAR_NOT_GOLD,0.5,NEEDS_EXPERT_VALIDATION
HNP-V03-001554,SYN-REQ-00777,MSV1-732939BF55135934,HARD_NEGATIVE,LEXICAL_SIMILAR_NOT_GOLD,0.5,NEEDS_EXPERT_VALIDATION
HNP-V03-001555,SYN-REQ-00778,MSV1-1B003F43ABD9161C,HARD_NEGATIVE,LEXICAL_SIMILAR_NOT_GOLD,0.35,NEEDS_EXPERT_VALIDATION
HNP-V03-001556,SYN-REQ-00778,MSV1-10EE9112368B680C,HARD_NEGATIVE,LEXICAL_SIMILAR_NOT_GOLD,0.3333,NEEDS_EXPERT_VALIDATION
HNP-V03-001557,SYN-REQ-00779,MSV1-C92EE5EBD90C01EE,HARD_NEGATIVE,LEXICAL_SIMILAR_NOT_GOLD,0.5,NEEDS_EXPERT_VALIDATION
HNP-V03-001558,SYN-REQ-00779,MSV1-B9FD19D114F8973B,HARD_NEGATIVE,LEXICAL_SIMILAR_NOT_GOLD,0.2667,NEEDS_EXPERT_VALIDATION
HNP-V03-001559,SYN-REQ-00780,MSV1-E32CBB1B629D67D3,HARD_NEGATIVE,LEXICAL_SIMILAR_NOT_GOLD,0.25,NEEDS_EXPERT_VALIDATION
HNP-V03-001560,SYN-REQ-00780,MSV1-EFFF058DE0CAD3B3,HARD_NEGATIVE,LEXICAL_SIMILAR_NOT_GOLD,0.2083,NEEDS_EXPERT_VALIDATION
HNP-V03-001561,SYN-REQ-00781,MSV1-77125918D8ECD443,HARD_NEGATIVE,LEXICAL_SIMILAR_NOT_GOLD,0.6,NEEDS_EXPERT_VALIDATION
HNP-V03-001562,SYN-REQ-00781,MSV1-E84D2CE67A96F4C8,HARD_NEGATIVE,LEXICAL_SIMILAR_NOT_GOLD,0.3333,NEEDS_EXPERT_VALIDATION
HNP-V03-001563,SYN-REQ-00782,MSV1-BE35AF16F2D0972F,HARD_NEGATIVE,LEXICAL_SIMILAR_NOT_GOLD,0.5882,NEEDS_EXPERT_VALIDATION
HNP-V03-001564,SYN-REQ-00782,MSV1-9BB200AB8EDFD544,HARD_NEGATIVE,LEXICAL_SIMILAR_NOT_GOLD,0.4,NEEDS_EXPERT_VALIDATION
HNP-V03-001565,SYN-REQ-00783,MSV1-56909A3A4D3F0EE8,HARD_NEGATIVE,LEXICAL_SIMILAR_NOT_GOLD,0.5385,NEEDS_EXPERT_VALIDATION
HNP-V03-001566,SYN-REQ-00783,MSV1-DEE1F9EDBDFBE04B,HARD_NEGATIVE,LEXICAL_SIMILAR_NOT_GOLD,0.3571,NEEDS_EXPERT_VALIDATION
HNP-V03-001567,SYN-REQ-00784,MSV1-02FE204BBC5C29BD,HARD_NEGATIVE,LEXICAL_SIMILAR_NOT_GOLD,0.6,NEEDS_EXPERT_VALIDATION
HNP-V03-001568,SYN-REQ-00784,MSV1-E9CFA00516E8BDE0,HARD_NEGATIVE,LEXICAL_SIMILAR_NOT_GOLD,0.5294,NEEDS_EXPERT_VALIDATION
HNP-V03-001569,SYN-REQ-00785,MSV1-7B72654420194C45,HARD_NEGATIVE,LEXICAL_SIMILAR_NOT_GOLD,0.625,NEEDS_EXPERT_VALIDATION
HNP-V03-001570,SYN-REQ-00785,MSV1-7F3C72732EE70EEC,HARD_NEGATIVE,LEXICAL_SIMILAR_NOT_GOLD,0.5,NEEDS_EXPERT_VALIDATION
HNP-V03-001571,SYN-REQ-00786,MSV1-48DB4603842D43B0,HARD_NEGATIVE,LEXICAL_SIMILAR_NOT_GOLD,0.6471,NEEDS_EXPERT_VALIDATION
HNP-V03-001572,SYN-REQ-00786,MSV1-2268050647F99243,HARD_NEGATIVE,LEXICAL_SIMILAR_NOT_GOLD,0.5556,NEEDS_EXPERT_VALIDATION
HNP-V03-001573,SYN-REQ-00787,MSV1-F0B26830323F9C6F,HARD_NEGATIVE,LEXICAL_SIMILAR_NOT_GOLD,0.2759,NEEDS_EXPERT_VALIDATION
HNP-V03-001574,SYN-REQ-00787,MSV1-0F10FA8D4BB9F6F8,HARD_NEGATIVE,LEXICAL_SIMILAR_NOT_GOLD,0.2692,NEEDS_EXPERT_VALIDATION
HNP-V03-001575,SYN-REQ-00788,MSV1-C5D64197CAED8592,HARD_NEGATIVE,LEXICAL_SIMILAR_NOT_GOLD,0.5862,NEEDS_EXPERT_VALIDATION
HNP-V03-001576,SYN-REQ-00788,MSV1-082BF33B5A1498A3,HARD_NEGATIVE,LEXICAL_SIMILAR_NOT_GOLD,0.5667,NEEDS_EXPERT_VALIDATION
HNP-V03-001577,SYN-REQ-00789,MSV1-85B0142DBCEADB73,HARD_NEGATIVE,LEXICAL_SIMILAR_NOT_GOLD,0.3158,NEEDS_EXPERT_VALIDATION
HNP-V03-001578,SYN-REQ-00789,MSV1-CC963AF73122B520,HARD_NEGATIVE,LEXICAL_SIMILAR_NOT_GOLD,0.2857,NEEDS_EXPERT_VALIDATION
HNP-V03-001579,SYN-REQ-00790,MSV1-8577F2B5CDD96C00,HARD_NEGATIVE,LEXICAL_SIMILAR_NOT_GOLD,0.6,NEEDS_EXPERT_VALIDATION
HNP-V03-001580,SYN-REQ-00790,MSV1-5A0AAADBACDA364C,HARD_NEGATIVE,LEXICAL_SIMILAR_NOT_GOLD,0.3182,NEEDS_EXPERT_VALIDATION
HNP-V03-001581,SYN-REQ-00791,MSV1-290FB2D40E7E098F,HARD_NEGATIVE,LEXICAL_SIMILAR_NOT_GOLD,0.5833,NEEDS_EXPERT_VALIDATION
HNP-V03-001582,SYN-REQ-00791,MSV1-66DBDC001285B1BF,HARD_NEGATIVE,LEXICAL_SIMILAR_NOT_GOLD,0.5417,NEEDS_EXPERT_VALIDATION
HNP-V03-001583,SYN-REQ-00792,MSV1-8FF49B69E9350464,HARD_NEGATIVE,LEXICAL_SIMILAR_NOT_GOLD,0.3548,NEEDS_EXPERT_VALIDATION
HNP-V03-001584,SYN-REQ-00792,MSV1-8C5F266A8D69B02F,HARD_NEGATIVE,LEXICAL_SIMILAR_NOT_GOLD,0.2692,NEEDS_EXPERT_VALIDATION
HNP-V03-001585,SYN-REQ-00793,MSV1-D3C982E04C432082,HARD_NEGATIVE,LEXICAL_SIMILAR_NOT_GOLD,0.6111,NEEDS_EXPERT_VALIDATION
HNP-V03-001586,SYN-REQ-00793,MSV1-71DC5D956F6A99C7,HARD_NEGATIVE,LEXICAL_SIMILAR_NOT_GOLD,0.4762,NEEDS_EXPERT_VALIDATION
HNP-V03-001587,SYN-REQ-00794,MSV1-6ABAB628FE1B3197,HARD_NEGATIVE,LEXICAL_SIMILAR_NOT_GOLD,0.4783,NEEDS_EXPERT_VALIDATION
HNP-V03-001588,SYN-REQ-00794,MSV1-204D353D260327B6,HARD_NEGATIVE,LEXICAL_SIMILAR_NOT_GOLD,0.4167,NEEDS_EXPERT_VALIDATION
HNP-V03-001589,SYN-REQ-00795,MSV1-879D33D96D2819C8,HARD_NEGATIVE,LEXICAL_SIMILAR_NOT_GOLD,0.5,NEEDS_EXPERT_VALIDATION
HNP-V03-001590,SYN-REQ-00795,MSV1-311ECA511F1F8928,HARD_NEGATIVE,LEXICAL_SIMILAR_NOT_GOLD,0.2941,NEEDS_EXPERT_VALIDATION
HNP-V03-001591,SYN-REQ-00796,MSV1-1A148C5C1B87E916,HARD_NEGATIVE,LEXICAL_SIMILAR_NOT_GOLD,0.6452,NEEDS_EXPERT_VALIDATION
HNP-V03-001592,SYN-REQ-00796,MSV1-609E3649D55B265F,HARD_NEGATIVE,LEXICAL_SIMILAR_NOT_GOLD,0.3438,NEEDS_EXPERT_VALIDATION
HNP-V03-001593,SYN-REQ-00797,MSV1-E559A78F898B1FA6,HARD_NEGATIVE,LEXICAL_SIMILAR_NOT_GOLD,0.5,NEEDS_EXPERT_VALIDATION
HNP-V03-001594,SYN-REQ-00797,MSV1-6CD028161C5AB95D,HARD_NEGATIVE,LEXICAL_SIMILAR_NOT_GOLD,0.2941,NEEDS_EXPERT_VALIDATION
HNP-V03-001595,SYN-REQ-00798,MSV1-01659CA462CBADD3,HARD_NEGATIVE,LEXICAL_SIMILAR_NOT_GOLD,0.625,NEEDS_EXPERT_VALIDATION
HNP-V03-001596,SYN-REQ-00798,MSV1-C031EF0F03F00C0E,HARD_NEGATIVE,LEXICAL_SIMILAR_NOT_GOLD,0.1923,NEEDS_EXPERT_VALIDATION
HNP-V03-001597,SYN-REQ-00799,MSV1-E4F0EAFED7357141,HARD_NEGATIVE,LEXICAL_SIMILAR_NOT_GOLD,0.4783,NEEDS_EXPERT_VALIDATION
HNP-V03-001598,SYN-REQ-00799,MSV1-EB2349A0B5A22185,HARD_NEGATIVE,LEXICAL_SIMILAR_NOT_GOLD,0.4286,NEEDS_EXPERT_VALIDATION
HNP-V03-001599,SYN-REQ-00800,MSV1-8ADFC6CF36B15492,HARD_NEGATIVE,LEXICAL_SIMILAR_NOT_GOLD,0.3529,NEEDS_EXPERT_VALIDATION
HNP-V03-001600,SYN-REQ-00800,MSV1-1C752AF886519717,HARD_NEGATIVE,LEXICAL_SIMILAR_NOT_GOLD,0.3438,NEEDS_EXPERT_VALIDATION
HNP-V03-001601,SYN-REQ-00801,MSV1-C38A70CB3382D604,HARD_NEGATIVE,LEXICAL_SIMILAR_NOT_GOLD,0.5,NEEDS_EXPERT_VALIDATION
HNP-V03-001602,SYN-REQ-00801,MSV1-F894F564585C5663,HARD_NEGATIVE,LEXICAL_SIMILAR_NOT_GOLD,0.2667,NEEDS_EXPERT_VALIDATION
HNP-V03-001603,SYN-REQ-00802,MSV1-86D5E95B5CDEE836,HARD_NEGATIVE,LEXICAL_SIMILAR_NOT_GOLD,0.5,NEEDS_EXPERT_VALIDATION
HNP-V03-001604,SYN-REQ-00802,MSV1-258BF8B045EBBCEA,HARD_NEGATIVE,LEXICAL_SIMILAR_NOT_GOLD,0.4,NEEDS_EXPERT_VALIDATION
HNP-V03-001605,SYN-REQ-00803,MSV1-9F7CBC11DB990A8C,HARD_NEGATIVE,LEXICAL_SIMILAR_NOT_GOLD,0.6,NEEDS_EXPERT_VALIDATION
HNP-V03-001606,SYN-REQ-00803,MSV1-2C277C7FDFE2B432,HARD_NEGATIVE,LEXICAL_SIMILAR_NOT_GOLD,0.5385,NEEDS_EXPERT_VALIDATION
HNP-V03-001607,SYN-REQ-00804,MSV1-33FC160D92EF36E4,HARD_NEGATIVE,LEXICAL_SIMILAR_NOT_GOLD,0.4091,NEEDS_EXPERT_VALIDATION
HNP-V03-001608,SYN-REQ-00804,MSV1-0CD7ED2F03732BDF,HARD_NEGATIVE,LEXICAL_SIMILAR_NOT_GOLD,0.3478,NEEDS_EXPERT_VALIDATION
HNP-V03-001609,SYN-REQ-00805,MSV1-DFF5DE86B37A36D7,HARD_NEGATIVE,LEXICAL_SIMILAR_NOT_GOLD,0.4348,NEEDS_EXPERT_VALIDATION
HNP-V03-001610,SYN-REQ-00805,MSV1-82F0F684C981CCB8,HARD_NEGATIVE,LEXICAL_SIMILAR_NOT_GOLD,0.3043,NEEDS_EXPERT_VALIDATION
HNP-V03-001611,SYN-REQ-00806,MSV1-9DBF60B5909EDF25,HARD_NEGATIVE,LEXICAL_SIMILAR_NOT_GOLD,0.625,NEEDS_EXPERT_VALIDATION
HNP-V03-001612,SYN-REQ-00806,MSV1-13FEAF8A8DF5D1BA,HARD_NEGATIVE,LEXICAL_SIMILAR_NOT_GOLD,0.5294,NEEDS_EXPERT_VALIDATION
HNP-V03-001613,SYN-REQ-00807,MSV1-B29529E3B2690990,HARD_NEGATIVE,LEXICAL_SIMILAR_NOT_GOLD,0.5333,NEEDS_EXPERT_VALIDATION
HNP-V03-001614,SYN-REQ-00807,MSV1-60A0CA84A6F90365,HARD_NEGATIVE,LEXICAL_SIMILAR_NOT_GOLD,0.2778,NEEDS_EXPERT_VALIDATION
HNP-V03-001615,SYN-REQ-00808,MSV1-0457F49B1AE537B3,HARD_NEGATIVE,LEXICAL_SIMILAR_NOT_GOLD,0.5217,NEEDS_EXPERT_VALIDATION
HNP-V03-001616,SYN-REQ-00808,MSV1-5DF4BA5E0280E0DB,HARD_NEGATIVE,LEXICAL_SIMILAR_NOT_GOLD,0.5217,NEEDS_EXPERT_VALIDATION
HNP-V03-001617,SYN-REQ-00809,MSV1-D7EB9F26560E2242,HARD_NEGATIVE,LEXICAL_SIMILAR_NOT_GOLD,0.4615,NEEDS_EXPERT_VALIDATION
HNP-V03-001618,SYN-REQ-00809,MSV1-88FAE8E42210C1D2,HARD_NEGATIVE,LEXICAL_SIMILAR_NOT_GOLD,0.3571,NEEDS_EXPERT_VALIDATION
HNP-V03-001619,SYN-REQ-00810,MSV1-369F86D55571060B,HARD_NEGATIVE,LEXICAL_SIMILAR_NOT_GOLD,0.5,NEEDS_EXPERT_VALIDATION
HNP-V03-001620,SYN-REQ-00810,MSV1-F2828415122C524D,HARD_NEGATIVE,LEXICAL_SIMILAR_NOT_GOLD,0.3125,NEEDS_EXPERT_VALIDATION
HNP-V03-001621,SYN-REQ-00811,MSV1-7E27A6264C80BDC9,HARD_NEGATIVE,LEXICAL_SIMILAR_NOT_GOLD,0.2414,NEEDS_EXPERT_VALIDATION
HNP-V03-001622,SYN-REQ-00811,MSV1-A77E61D3461DC0FA,HARD_NEGATIVE,LEXICAL_SIMILAR_NOT_GOLD,0.2308,NEEDS_EXPERT_VALIDATION
HNP-V03-001623,SYN-REQ-00812,MSV1-FE7297D58A8780CF,HARD_NEGATIVE,LEXICAL_SIMILAR_NOT_GOLD,0.6471,NEEDS_EXPERT_VALIDATION
HNP-V03-001624,SYN-REQ-00812,MSV1-4656CB1E605DC114,HARD_NEGATIVE,LEXICAL_SIMILAR_NOT_GOLD,0.4286,NEEDS_EXPERT_VALIDATION
HNP-V03-001625,SYN-REQ-00813,MSV1-C4B0E1A904F9794B,HARD_NEGATIVE,LEXICAL_SIMILAR_NOT_GOLD,0.5,NEEDS_EXPERT_VALIDATION
HNP-V03-001626,SYN-REQ-00813,MSV1-EA38586DB0EB42CF,HARD_NEGATIVE,LEXICAL_SIMILAR_NOT_GOLD,0.2647,NEEDS_EXPERT_VALIDATION
HNP-V03-001627,SYN-REQ-00814,MSV1-A9470C744FE596AB,HARD_NEGATIVE,LEXICAL_SIMILAR_NOT_GOLD,0.64,NEEDS_EXPERT_VALIDATION
HNP-V03-001628,SYN-REQ-00814,MSV1-D94534EF0B3F3B0D,HARD_NEGATIVE,LEXICAL_SIMILAR_NOT_GOLD,0.64,NEEDS_EXPERT_VALIDATION
HNP-V03-001629,SYN-REQ-00815,MSV1-40649E9EE20FC5D1,HARD_NEGATIVE,LEXICAL_SIMILAR_NOT_GOLD,0.4167,NEEDS_EXPERT_VALIDATION
HNP-V03-001630,SYN-REQ-00815,MSV1-4749EFD4B0996F65,HARD_NEGATIVE,LEXICAL_SIMILAR_NOT_GOLD,0.2667,NEEDS_EXPERT_VALIDATION
HNP-V03-001631,SYN-REQ-00816,MSV1-2A0DE93F114A5816,HARD_NEGATIVE,LEXICAL_SIMILAR_NOT_GOLD,0.5652,NEEDS_EXPERT_VALIDATION
HNP-V03-001632,SYN-REQ-00816,MSV1-38F173EB1153C6A9,HARD_NEGATIVE,LEXICAL_SIMILAR_NOT_GOLD,0.5652,NEEDS_EXPERT_VALIDATION
HNP-V03-001633,SYN-REQ-00817,MSV1-CA51D358B9B26505,HARD_NEGATIVE,LEXICAL_SIMILAR_NOT_GOLD,0.5,NEEDS_EXPERT_VALIDATION
HNP-V03-001634,SYN-REQ-00817,MSV1-40119C1B7076C45C,HARD_NEGATIVE,LEXICAL_SIMILAR_NOT_GOLD,0.44,NEEDS_EXPERT_VALIDATION
HNP-V03-001635,SYN-REQ-00818,MSV1-F3FE4782A0A9DBF6,HARD_NEGATIVE,LEXICAL_SIMILAR_NOT_GOLD,0.4857,NEEDS_EXPERT_VALIDATION
HNP-V03-001636,SYN-REQ-00818,MSV1-06D649438323545E,HARD_NEGATIVE,LEXICAL_SIMILAR_NOT_GOLD,0.4545,NEEDS_EXPERT_VALIDATION
HNP-V03-001637,SYN-REQ-00819,MSV1-D15E9F7E65496B84,HARD_NEGATIVE,LEXICAL_SIMILAR_NOT_GOLD,0.6471,NEEDS_EXPERT_VALIDATION
HNP-V03-001638,SYN-REQ-00819,MSV1-67C0A81D1A6B0287,HARD_NEGATIVE,LEXICAL_SIMILAR_NOT_GOLD,0.2727,NEEDS_EXPERT_VALIDATION
HNP-V03-001639,SYN-REQ-00820,MSV1-85D5196653201866,HARD_NEGATIVE,LEXICAL_SIMILAR_NOT_GOLD,0.6111,NEEDS_EXPERT_VALIDATION
HNP-V03-001640,SYN-REQ-00820,MSV1-D8CA4EB662304BD8,HARD_NEGATIVE,LEXICAL_SIMILAR_NOT_GOLD,0.5263,NEEDS_EXPERT_VALIDATION
HNP-V03-001641,SYN-REQ-00821,MSV1-3D8093EAAE511881,HARD_NEGATIVE,LEXICAL_SIMILAR_NOT_GOLD,0.5,NEEDS_EXPERT_VALIDATION
HNP-V03-001642,SYN-REQ-00821,MSV1-98241D588FEDCF5A,HARD_NEGATIVE,LEXICAL_SIMILAR_NOT_GOLD,0.5,NEEDS_EXPERT_VALIDATION
HNP-V03-001643,SYN-REQ-00822,MSV1-A620BD696EF66F7B,HARD_NEGATIVE,LEXICAL_SIMILAR_NOT_GOLD,0.5625,NEEDS_EXPERT_VALIDATION
HNP-V03-001644,SYN-REQ-00822,MSV1-7A52CC085A9686A3,HARD_NEGATIVE,LEXICAL_SIMILAR_NOT_GOLD,0.3158,NEEDS_EXPERT_VALIDATION
HNP-V03-001645,SYN-REQ-00823,MSV1-39819873CA6C1C01,HARD_NEGATIVE,LEXICAL_SIMILAR_NOT_GOLD,0.4615,NEEDS_EXPERT_VALIDATION
HNP-V03-001646,SYN-REQ-00823,MSV1-550662EA86B8DC4F,HARD_NEGATIVE,LEXICAL_SIMILAR_NOT_GOLD,0.4615,NEEDS_EXPERT_VALIDATION
HNP-V03-001647,SYN-REQ-00824,MSV1-B04DCCD90B574DF0,HARD_NEGATIVE,LEXICAL_SIMILAR_NOT_GOLD,0.6471,NEEDS_EXPERT_VALIDATION
HNP-V03-001648,SYN-REQ-00824,MSV1-991B5FBBD861B46D,HARD_NEGATIVE,LEXICAL_SIMILAR_NOT_GOLD,0.3889,NEEDS_EXPERT_VALIDATION
HNP-V03-001649,SYN-REQ-00825,MSV1-B3E537D7CBC96060,HARD_NEGATIVE,LEXICAL_SIMILAR_NOT_GOLD,0.5,NEEDS_EXPERT_VALIDATION
HNP-V03-001650,SYN-REQ-00825,MSV1-0983E2A8FC71287F,HARD_NEGATIVE,LEXICAL_SIMILAR_NOT_GOLD,0.2143,NEEDS_EXPERT_VALIDATION
HNP-V03-001651,SYN-REQ-00826,MSV1-BD8E99AA22CD0D1D,HARD_NEGATIVE,LEXICAL_SIMILAR_NOT_GOLD,0.4091,NEEDS_EXPERT_VALIDATION
HNP-V03-001652,SYN-REQ-00826,MSV1-3DABEC07CF3DC26A,HARD_NEGATIVE,LEXICAL_SIMILAR_NOT_GOLD,0.2857,NEEDS_EXPERT_VALIDATION
HNP-V03-001653,SYN-REQ-00827,MSV1-A0F78D6E904521C8,HARD_NEGATIVE,LEXICAL_SIMILAR_NOT_GOLD,0.2121,NEEDS_EXPERT_VALIDATION
HNP-V03-001654,SYN-REQ-00827,MSV1-ABB22359B2C8EE81,HARD_NEGATIVE,LEXICAL_SIMILAR_NOT_GOLD,0.1842,NEEDS_EXPERT_VALIDATION
HNP-V03-001655,SYN-REQ-00828,MSV1-F135F40E534E4AFE,HARD_NEGATIVE,LEXICAL_SIMILAR_NOT_GOLD,0.6316,NEEDS_EXPERT_VALIDATION
HNP-V03-001656,SYN-REQ-00828,MSV1-536745B090C34947,HARD_NEGATIVE,LEXICAL_SIMILAR_NOT_GOLD,0.2759,NEEDS_EXPERT_VALIDATION
HNP-V03-001657,SYN-REQ-00829,MSV1-34330526A790EB6C,HARD_NEGATIVE,LEXICAL_SIMILAR_NOT_GOLD,0.5625,NEEDS_EXPERT_VALIDATION
HNP-V03-001658,SYN-REQ-00829,MSV1-BA2207DEEE80CCCD,HARD_NEGATIVE,LEXICAL_SIMILAR_NOT_GOLD,0.3684,NEEDS_EXPERT_VALIDATION
HNP-V03-001659,SYN-REQ-00830,MSV1-5A57CB42F662A1D9,HARD_NEGATIVE,LEXICAL_SIMILAR_NOT_GOLD,0.3636,NEEDS_EXPERT_VALIDATION
HNP-V03-001660,SYN-REQ-00830,MSV1-8033820FCD5D6826,HARD_NEGATIVE,LEXICAL_SIMILAR_NOT_GOLD,0.2,NEEDS_EXPERT_VALIDATION
HNP-V03-001661,SYN-REQ-00831,MSV1-F2F2048179DF6D66,HARD_NEGATIVE,LEXICAL_SIMILAR_NOT_GOLD,0.2558,NEEDS_EXPERT_VALIDATION
HNP-V03-001662,SYN-REQ-00831,MSV1-76431C8331CB1361,HARD_NEGATIVE,LEXICAL_SIMILAR_NOT_GOLD,0.2545,NEEDS_EXPERT_VALIDATION
HNP-V03-001663,SYN-REQ-00832,MSV1-096A07C774B7C6B8,HARD_NEGATIVE,LEXICAL_SIMILAR_NOT_GOLD,0.625,NEEDS_EXPERT_VALIDATION
HNP-V03-001664,SYN-REQ-00832,MSV1-73C272356CF5EBBE,HARD_NEGATIVE,LEXICAL_SIMILAR_NOT_GOLD,0.2,NEEDS_EXPERT_VALIDATION
HNP-V03-001665,SYN-REQ-00833,MSV1-B47752853A334DAA,HARD_NEGATIVE,LEXICAL_SIMILAR_NOT_GOLD,0.6316,NEEDS_EXPERT_VALIDATION
HNP-V03-001666,SYN-REQ-00833,MSV1-587F1D18C4EDFD88,HARD_NEGATIVE,LEXICAL_SIMILAR_NOT_GOLD,0.6,NEEDS_EXPERT_VALIDATION
HNP-V03-001667,SYN-REQ-00834,MSV1-A5BD76CD8A21930B,HARD_NEGATIVE,LEXICAL_SIMILAR_NOT_GOLD,0.3462,NEEDS_EXPERT_VALIDATION
HNP-V03-001668,SYN-REQ-00834,MSV1-6DF845D1551C4264,HARD_NEGATIVE,LEXICAL_SIMILAR_NOT_GOLD,0.2963,NEEDS_EXPERT_VALIDATION
HNP-V03-001669,SYN-REQ-00835,MSV1-F4F57AB5C8B5025B,HARD_NEGATIVE,LEXICAL_SIMILAR_NOT_GOLD,0.3913,NEEDS_EXPERT_VALIDATION
HNP-V03-001670,SYN-REQ-00835,MSV1-EE008836471D0FC9,HARD_NEGATIVE,LEXICAL_SIMILAR_NOT_GOLD,0.2727,NEEDS_EXPERT_VALIDATION
HNP-V03-001671,SYN-REQ-00836,MSV1-2CCAB1199DE39FE4,HARD_NEGATIVE,LEXICAL_SIMILAR_NOT_GOLD,0.4615,NEEDS_EXPERT_VALIDATION
HNP-V03-001672,SYN-REQ-00836,MSV1-5FB3D94113380606,HARD_NEGATIVE,LEXICAL_SIMILAR_NOT_GOLD,0.1818,NEEDS_EXPERT_VALIDATION
HNP-V03-001673,SYN-REQ-00837,MSV1-994F53A9D87111D8,HARD_NEGATIVE,LEXICAL_SIMILAR_NOT_GOLD,0.4615,NEEDS_EXPERT_VALIDATION
HNP-V03-001674,SYN-REQ-00837,MSV1-5E27689706F17062,HARD_NEGATIVE,LEXICAL_SIMILAR_NOT_GOLD,0.3333,NEEDS_EXPERT_VALIDATION
HNP-V03-001675,SYN-REQ-00838,MSV1-7D9E652C74BB5C4E,HARD_NEGATIVE,LEXICAL_SIMILAR_NOT_GOLD,0.4615,NEEDS_EXPERT_VALIDATION
HNP-V03-001676,SYN-REQ-00838,MSV1-E084EAB1795483EB,HARD_NEGATIVE,LEXICAL_SIMILAR_NOT_GOLD,0.2222,NEEDS_EXPERT_VALIDATION
HNP-V03-001677,SYN-REQ-00839,MSV1-9D56316A93D8FDF8,HARD_NEGATIVE,LEXICAL_SIMILAR_NOT_GOLD,0.5333,NEEDS_EXPERT_VALIDATION
HNP-V03-001678,SYN-REQ-00839,MSV1-ECDB31DDAB9E140E,HARD_NEGATIVE,LEXICAL_SIMILAR_NOT_GOLD,0.3333,NEEDS_EXPERT_VALIDATION
HNP-V03-001679,SYN-REQ-00840,MSV1-7AB5039571E9E67A,HARD_NEGATIVE,LEXICAL_SIMILAR_NOT_GOLD,0.5,NEEDS_EXPERT_VALIDATION
HNP-V03-001680,SYN-REQ-00840,MSV1-61B34B48D696D7E8,HARD_NEGATIVE,LEXICAL_SIMILAR_NOT_GOLD,0.3,NEEDS_EXPERT_VALIDATION
HNP-V03-001681,SYN-REQ-00841,MSV1-D2918CA11B61E508,HARD_NEGATIVE,LEXICAL_SIMILAR_NOT_GOLD,0.55,NEEDS_EXPERT_VALIDATION
HNP-V03-001682,SYN-REQ-00841,MSV1-6198927D0C4117D8,HARD_NEGATIVE,LEXICAL_SIMILAR_NOT_GOLD,0.45,NEEDS_EXPERT_VALIDATION
HNP-V03-001683,SYN-REQ-00842,MSV1-87F809B0C62B58A9,HARD_NEGATIVE,LEXICAL_SIMILAR_NOT_GOLD,0.4545,NEEDS_EXPERT_VALIDATION
HNP-V03-001684,SYN-REQ-00842,MSV1-60A0CA84A6F90365,HARD_NEGATIVE,LEXICAL_SIMILAR_NOT_GOLD,0.1875,NEEDS_EXPERT_VALIDATION
HNP-V03-001685,SYN-REQ-00843,MSV1-55123E49934C70A8,HARD_NEGATIVE,LEXICAL_SIMILAR_NOT_GOLD,0.375,NEEDS_EXPERT_VALIDATION
HNP-V03-001686,SYN-REQ-00843,MSV1-D3FE47102924D4E1,HARD_NEGATIVE,LEXICAL_SIMILAR_NOT_GOLD,0.375,NEEDS_EXPERT_VALIDATION
HNP-V03-001687,SYN-REQ-00844,MSV1-60FD1B2EE7331C33,HARD_NEGATIVE,LEXICAL_SIMILAR_NOT_GOLD,0.4167,NEEDS_EXPERT_VALIDATION
HNP-V03-001688,SYN-REQ-00844,MSV1-76F36DBD1C762D41,HARD_NEGATIVE,LEXICAL_SIMILAR_NOT_GOLD,0.3077,NEEDS_EXPERT_VALIDATION
HNP-V03-001689,SYN-REQ-00845,MSV1-15887A7E10DEA1F3,HARD_NEGATIVE,LEXICAL_SIMILAR_NOT_GOLD,0.5882,NEEDS_EXPERT_VALIDATION
HNP-V03-001690,SYN-REQ-00845,MSV1-07C937872FE491DB,HARD_NEGATIVE,LEXICAL_SIMILAR_NOT_GOLD,0.36,NEEDS_EXPERT_VALIDATION
HNP-V03-001691,SYN-REQ-00846,MSV1-E325A3D104362444,HARD_NEGATIVE,LEXICAL_SIMILAR_NOT_GOLD,0.5,NEEDS_EXPERT_VALIDATION
HNP-V03-001692,SYN-REQ-00846,MSV1-E05CAD957EFAC393,HARD_NEGATIVE,LEXICAL_SIMILAR_NOT_GOLD,0.4286,NEEDS_EXPERT_VALIDATION
HNP-V03-001693,SYN-REQ-00847,MSV1-B9FD19D114F8973B,HARD_NEGATIVE,LEXICAL_SIMILAR_NOT_GOLD,0.2667,NEEDS_EXPERT_VALIDATION
HNP-V03-001694,SYN-REQ-00847,MSV1-61B34B48D696D7E8,HARD_NEGATIVE,LEXICAL_SIMILAR_NOT_GOLD,0.2632,NEEDS_EXPERT_VALIDATION
HNP-V03-001695,SYN-REQ-00848,MSV1-1D24D2498087CA01,HARD_NEGATIVE,LEXICAL_SIMILAR_NOT_GOLD,0.6111,NEEDS_EXPERT_VALIDATION
HNP-V03-001696,SYN-REQ-00848,MSV1-ED6768BD94FA9E61,HARD_NEGATIVE,LEXICAL_SIMILAR_NOT_GOLD,0.3684,NEEDS_EXPERT_VALIDATION
HNP-V03-001697,SYN-REQ-00849,MSV1-8CC4A5EF345D7385,HARD_NEGATIVE,LEXICAL_SIMILAR_NOT_GOLD,0.3636,NEEDS_EXPERT_VALIDATION
HNP-V03-001698,SYN-REQ-00849,MSV1-477C3472CBF07401,HARD_NEGATIVE,LEXICAL_SIMILAR_NOT_GOLD,0.3,NEEDS_EXPERT_VALIDATION
HNP-V03-001699,SYN-REQ-00850,MSV1-84490A62250372E6,HARD_NEGATIVE,LEXICAL_SIMILAR_NOT_GOLD,0.4167,NEEDS_EXPERT_VALIDATION
HNP-V03-001700,SYN-REQ-00850,MSV1-60A0CA84A6F90365,HARD_NEGATIVE,LEXICAL_SIMILAR_NOT_GOLD,0.3333,NEEDS_EXPERT_VALIDATION
HNP-V03-001701,SYN-REQ-00851,MSV1-1D7183A324C2E7BF,HARD_NEGATIVE,LEXICAL_SIMILAR_NOT_GOLD,0.5714,NEEDS_EXPERT_VALIDATION
HNP-V03-001702,SYN-REQ-00851,MSV1-654BDCE24D9CEDAA,HARD_NEGATIVE,LEXICAL_SIMILAR_NOT_GOLD,0.375,NEEDS_EXPERT_VALIDATION
HNP-V03-001703,SYN-REQ-00852,MSV1-EC352053D0D7D1A6,HARD_NEGATIVE,LEXICAL_SIMILAR_NOT_GOLD,0.4074,NEEDS_EXPERT_VALIDATION
HNP-V03-001704,SYN-REQ-00852,MSV1-2710260EC53652D8,HARD_NEGATIVE,LEXICAL_SIMILAR_NOT_GOLD,0.4,NEEDS_EXPERT_VALIDATION
HNP-V03-001705,SYN-REQ-00853,MSV1-6F09903C8ED48A1A,HARD_NEGATIVE,LEXICAL_SIMILAR_NOT_GOLD,0.4167,NEEDS_EXPERT_VALIDATION
HNP-V03-001706,SYN-REQ-00853,MSV1-9F19F88CD0854E87,HARD_NEGATIVE,LEXICAL_SIMILAR_NOT_GOLD,0.2273,NEEDS_EXPERT_VALIDATION
HNP-V03-001707,SYN-REQ-00854,MSV1-F8565B6E7B10F3D0,HARD_NEGATIVE,LEXICAL_SIMILAR_NOT_GOLD,0.3,NEEDS_EXPERT_VALIDATION
HNP-V03-001708,SYN-REQ-00854,MSV1-60A0CA84A6F90365,HARD_NEGATIVE,LEXICAL_SIMILAR_NOT_GOLD,0.2,NEEDS_EXPERT_VALIDATION
HNP-V03-001709,SYN-REQ-00855,MSV1-818BB47FB5687701,HARD_NEGATIVE,LEXICAL_SIMILAR_NOT_GOLD,0.6,NEEDS_EXPERT_VALIDATION
HNP-V03-001710,SYN-REQ-00855,MSV1-E49BAC93F3EC9EAC,HARD_NEGATIVE,LEXICAL_SIMILAR_NOT_GOLD,0.381,NEEDS_EXPERT_VALIDATION
HNP-V03-001711,SYN-REQ-00856,MSV1-2231C429A27DAFB3,HARD_NEGATIVE,LEXICAL_SIMILAR_NOT_GOLD,0.625,NEEDS_EXPERT_VALIDATION
HNP-V03-001712,SYN-REQ-00856,MSV1-0B9DDC21F8023C2F,HARD_NEGATIVE,LEXICAL_SIMILAR_NOT_GOLD,0.4737,NEEDS_EXPERT_VALIDATION
HNP-V03-001713,SYN-REQ-00857,MSV1-547E81A9538F942C,HARD_NEGATIVE,LEXICAL_SIMILAR_NOT_GOLD,0.5417,NEEDS_EXPERT_VALIDATION
HNP-V03-001714,SYN-REQ-00857,MSV1-02FF6884509FF9B2,HARD_NEGATIVE,LEXICAL_SIMILAR_NOT_GOLD,0.375,NEEDS_EXPERT_VALIDATION
HNP-V03-001715,SYN-REQ-00858,MSV1-60A0CA84A6F90365,HARD_NEGATIVE,LEXICAL_SIMILAR_NOT_GOLD,0.2941,NEEDS_EXPERT_VALIDATION
HNP-V03-001716,SYN-REQ-00858,MSV1-538ACB6B7A8DAD79,HARD_NEGATIVE,LEXICAL_SIMILAR_NOT_GOLD,0.25,NEEDS_EXPERT_VALIDATION
HNP-V03-001717,SYN-REQ-00859,MSV1-8AF950011A7B5FB5,HARD_NEGATIVE,LEXICAL_SIMILAR_NOT_GOLD,0.5714,NEEDS_EXPERT_VALIDATION
HNP-V03-001718,SYN-REQ-00859,MSV1-920F2BED1BAE0A23,HARD_NEGATIVE,LEXICAL_SIMILAR_NOT_GOLD,0.1818,NEEDS_EXPERT_VALIDATION
HNP-V03-001719,SYN-REQ-00860,MSV1-66FBA66DF4B1DEA4,HARD_NEGATIVE,LEXICAL_SIMILAR_NOT_GOLD,0.5,NEEDS_EXPERT_VALIDATION
HNP-V03-001720,SYN-REQ-00860,MSV1-5264B04A1EEC8F30,HARD_NEGATIVE,LEXICAL_SIMILAR_NOT_GOLD,0.2143,NEEDS_EXPERT_VALIDATION
HNP-V03-001721,SYN-REQ-00861,MSV1-238440F8B1C5DF30,HARD_NEGATIVE,LEXICAL_SIMILAR_NOT_GOLD,0.2667,NEEDS_EXPERT_VALIDATION
HNP-V03-001722,SYN-REQ-00861,MSV1-121E312273C342CD,HARD_NEGATIVE,LEXICAL_SIMILAR_NOT_GOLD,0.25,NEEDS_EXPERT_VALIDATION
HNP-V03-001723,SYN-REQ-00862,MSV1-6FA8613B2679FC3D,HARD_NEGATIVE,LEXICAL_SIMILAR_NOT_GOLD,0.4615,NEEDS_EXPERT_VALIDATION
HNP-V03-001724,SYN-REQ-00862,MSV1-AE6998E69861A626,HARD_NEGATIVE,LEXICAL_SIMILAR_NOT_GOLD,0.2222,NEEDS_EXPERT_VALIDATION
HNP-V03-001725,SYN-REQ-00863,MSV1-68E2062CD1CB522F,HARD_NEGATIVE,LEXICAL_SIMILAR_NOT_GOLD,0.641,NEEDS_EXPERT_VALIDATION
HNP-V03-001726,SYN-REQ-00863,MSV1-5BBAAFFD15037AE0,HARD_NEGATIVE,LEXICAL_SIMILAR_NOT_GOLD,0.6,NEEDS_EXPERT_VALIDATION
HNP-V03-001727,SYN-REQ-00864,MSV1-E9A91F232471CBE7,HARD_NEGATIVE,LEXICAL_SIMILAR_NOT_GOLD,0.5333,NEEDS_EXPERT_VALIDATION
HNP-V03-001728,SYN-REQ-00864,MSV1-1F963F8F12E382B7,HARD_NEGATIVE,LEXICAL_SIMILAR_NOT_GOLD,0.3529,NEEDS_EXPERT_VALIDATION
HNP-V03-001729,SYN-REQ-00865,MSV1-386637383FC282C8,HARD_NEGATIVE,LEXICAL_SIMILAR_NOT_GOLD,0.4545,NEEDS_EXPERT_VALIDATION
HNP-V03-001730,SYN-REQ-00865,MSV1-B43A0F5D6EFF7E1F,HARD_NEGATIVE,LEXICAL_SIMILAR_NOT_GOLD,0.4348,NEEDS_EXPERT_VALIDATION
HNP-V03-001731,SYN-REQ-00866,MSV1-9510BC4C2521FE97,HARD_NEGATIVE,LEXICAL_SIMILAR_NOT_GOLD,0.2632,NEEDS_EXPERT_VALIDATION
HNP-V03-001732,SYN-REQ-00866,MSV1-D19FE22811709381,HARD_NEGATIVE,LEXICAL_SIMILAR_NOT_GOLD,0.2632,NEEDS_EXPERT_VALIDATION
HNP-V03-001733,SYN-REQ-00867,MSV1-8DD88E06679813F1,HARD_NEGATIVE,LEXICAL_SIMILAR_NOT_GOLD,0.5333,NEEDS_EXPERT_VALIDATION
HNP-V03-001734,SYN-REQ-00867,MSV1-D66D56C3465AC55A,HARD_NEGATIVE,LEXICAL_SIMILAR_NOT_GOLD,0.3158,NEEDS_EXPERT_VALIDATION
HNP-V03-001735,SYN-REQ-00868,MSV1-BED0F818CAEDA1ED,HARD_NEGATIVE,LEXICAL_SIMILAR_NOT_GOLD,0.6,NEEDS_EXPERT_VALIDATION
HNP-V03-001736,SYN-REQ-00868,MSV1-C9AF281CF4BD3F30,HARD_NEGATIVE,LEXICAL_SIMILAR_NOT_GOLD,0.5714,NEEDS_EXPERT_VALIDATION
HNP-V03-001737,SYN-REQ-00869,MSV1-98256302AC15C8CC,HARD_NEGATIVE,LEXICAL_SIMILAR_NOT_GOLD,0.5625,NEEDS_EXPERT_VALIDATION
HNP-V03-001738,SYN-REQ-00869,MSV1-234525353C9C28C2,HARD_NEGATIVE,LEXICAL_SIMILAR_NOT_GOLD,0.2174,NEEDS_EXPERT_VALIDATION
HNP-V03-001739,SYN-REQ-00870,MSV1-C699DFAC0E1B7257,HARD_NEGATIVE,LEXICAL_SIMILAR_NOT_GOLD,0.6,NEEDS_EXPERT_VALIDATION
HNP-V03-001740,SYN-REQ-00870,MSV1-F0DC50F84C19BCE0,HARD_NEGATIVE,LEXICAL_SIMILAR_NOT_GOLD,0.3889,NEEDS_EXPERT_VALIDATION
HNP-V03-001741,SYN-REQ-00871,MSV1-80161C072E4A0018,HARD_NEGATIVE,LEXICAL_SIMILAR_NOT_GOLD,0.4074,NEEDS_EXPERT_VALIDATION
HNP-V03-001742,SYN-REQ-00871,MSV1-B7B48F24E1196905,HARD_NEGATIVE,LEXICAL_SIMILAR_NOT_GOLD,0.2414,NEEDS_EXPERT_VALIDATION
HNP-V03-001743,SYN-REQ-00872,MSV1-A034B38E363C5064,HARD_NEGATIVE,LEXICAL_SIMILAR_NOT_GOLD,0.5172,NEEDS_EXPERT_VALIDATION
HNP-V03-001744,SYN-REQ-00872,MSV1-7296CE3C74E44BAC,HARD_NEGATIVE,LEXICAL_SIMILAR_NOT_GOLD,0.5,NEEDS_EXPERT_VALIDATION
HNP-V03-001745,SYN-REQ-00873,MSV1-247D916EB5E2E24E,HARD_NEGATIVE,LEXICAL_SIMILAR_NOT_GOLD,0.2174,NEEDS_EXPERT_VALIDATION
HNP-V03-001746,SYN-REQ-00873,MSV1-44BDADFC8332A6DF,HARD_NEGATIVE,LEXICAL_SIMILAR_NOT_GOLD,0.2059,NEEDS_EXPERT_VALIDATION
HNP-V03-001747,SYN-REQ-00874,MSV1-B6C3FAC2FE75921A,HARD_NEGATIVE,LEXICAL_SIMILAR_NOT_GOLD,0.4375,NEEDS_EXPERT_VALIDATION
HNP-V03-001748,SYN-REQ-00874,MSV1-ACC649958510C657,HARD_NEGATIVE,LEXICAL_SIMILAR_NOT_GOLD,0.4242,NEEDS_EXPERT_VALIDATION
HNP-V03-001749,SYN-REQ-00875,MSV1-C289E6B9EA073630,HARD_NEGATIVE,LEXICAL_SIMILAR_NOT_GOLD,0.3636,NEEDS_EXPERT_VALIDATION
HNP-V03-001750,SYN-REQ-00875,MSV1-98F6FE96D1487907,HARD_NEGATIVE,LEXICAL_SIMILAR_NOT_GOLD,0.25,NEEDS_EXPERT_VALIDATION
HNP-V03-001751,SYN-REQ-00876,MSV1-2DE1D575920BA99C,HARD_NEGATIVE,LEXICAL_SIMILAR_NOT_GOLD,0.4,NEEDS_EXPERT_VALIDATION
HNP-V03-001752,SYN-REQ-00876,MSV1-75D17610AAAAED46,HARD_NEGATIVE,LEXICAL_SIMILAR_NOT_GOLD,0.3077,NEEDS_EXPERT_VALIDATION
HNP-V03-001753,SYN-REQ-00877,MSV1-1797972A368204BC,HARD_NEGATIVE,LEXICAL_SIMILAR_NOT_GOLD,0.4167,NEEDS_EXPERT_VALIDATION
HNP-V03-001754,SYN-REQ-00877,MSV1-0C788AAC92FDC811,HARD_NEGATIVE,LEXICAL_SIMILAR_NOT_GOLD,0.2667,NEEDS_EXPERT_VALIDATION
HNP-V03-001755,SYN-REQ-00878,MSV1-A9A97BD9BB6AE6FC,HARD_NEGATIVE,LEXICAL_SIMILAR_NOT_GOLD,0.5714,NEEDS_EXPERT_VALIDATION
HNP-V03-001756,SYN-REQ-00878,MSV1-C0CFE867D411324B,HARD_NEGATIVE,LEXICAL_SIMILAR_NOT_GOLD,0.2083,NEEDS_EXPERT_VALIDATION
HNP-V03-001757,SYN-REQ-00879,MSV1-979572DD37015507,HARD_NEGATIVE,LEXICAL_SIMILAR_NOT_GOLD,0.5,NEEDS_EXPERT_VALIDATION
HNP-V03-001758,SYN-REQ-00879,MSV1-2F18E6AD60B374AB,HARD_NEGATIVE,LEXICAL_SIMILAR_NOT_GOLD,0.3846,NEEDS_EXPERT_VALIDATION
HNP-V03-001759,SYN-REQ-00880,MSV1-84ED0BE258E875E4,HARD_NEGATIVE,LEXICAL_SIMILAR_NOT_GOLD,0.5588,NEEDS_EXPERT_VALIDATION
HNP-V03-001760,SYN-REQ-00880,MSV1-4F161479F7DFBC66,HARD_NEGATIVE,LEXICAL_SIMILAR_NOT_GOLD,0.4839,NEEDS_EXPERT_VALIDATION
HNP-V03-001761,SYN-REQ-00881,MSV1-8DF7224CDD7D13C9,HARD_NEGATIVE,LEXICAL_SIMILAR_NOT_GOLD,0.4167,NEEDS_EXPERT_VALIDATION
HNP-V03-001762,SYN-REQ-00881,MSV1-C59BC8498DCBA1D0,HARD_NEGATIVE,LEXICAL_SIMILAR_NOT_GOLD,0.1875,NEEDS_EXPERT_VALIDATION
HNP-V03-001763,SYN-REQ-00882,MSV1-1B111A6BC0B53C5B,HARD_NEGATIVE,LEXICAL_SIMILAR_NOT_GOLD,0.6296,NEEDS_EXPERT_VALIDATION
HNP-V03-001764,SYN-REQ-00882,MSV1-491964D91E4E9D59,HARD_NEGATIVE,LEXICAL_SIMILAR_NOT_GOLD,0.6296,NEEDS_EXPERT_VALIDATION
HNP-V03-001765,SYN-REQ-00883,MSV1-D0E4D8E2875253E7,HARD_NEGATIVE,LEXICAL_SIMILAR_NOT_GOLD,0.3636,NEEDS_EXPERT_VALIDATION
HNP-V03-001766,SYN-REQ-00883,MSV1-E101D3B064FFBB24,HARD_NEGATIVE,LEXICAL_SIMILAR_NOT_GOLD,0.3636,NEEDS_EXPERT_VALIDATION
HNP-V03-001767,SYN-REQ-00884,MSV1-A770E4120A14AB8A,HARD_NEGATIVE,LEXICAL_SIMILAR_NOT_GOLD,0.5,NEEDS_EXPERT_VALIDATION
HNP-V03-001768,SYN-REQ-00884,MSV1-58DDAFA76A327814,HARD_NEGATIVE,LEXICAL_SIMILAR_NOT_GOLD,0.4667,NEEDS_EXPERT_VALIDATION
HNP-V03-001769,SYN-REQ-00885,MSV1-B24F67219968D6A4,HARD_NEGATIVE,LEXICAL_SIMILAR_NOT_GOLD,0.5385,NEEDS_EXPERT_VALIDATION
HNP-V03-001770,SYN-REQ-00885,MSV1-D757E5F070C56F6F,HARD_NEGATIVE,LEXICAL_SIMILAR_NOT_GOLD,0.2941,NEEDS_EXPERT_VALIDATION
HNP-V03-001771,SYN-REQ-00886,MSV1-8421F19A48943528,HARD_NEGATIVE,LEXICAL_SIMILAR_NOT_GOLD,0.5882,NEEDS_EXPERT_VALIDATION
HNP-V03-001772,SYN-REQ-00886,MSV1-3994BDB42E18F9ED,HARD_NEGATIVE,LEXICAL_SIMILAR_NOT_GOLD,0.2917,NEEDS_EXPERT_VALIDATION
HNP-V03-001773,SYN-REQ-00887,MSV1-4AC4F791326EF49B,HARD_NEGATIVE,LEXICAL_SIMILAR_NOT_GOLD,0.3158,NEEDS_EXPERT_VALIDATION
HNP-V03-001774,SYN-REQ-00887,MSV1-4D8451DF20086334,HARD_NEGATIVE,LEXICAL_SIMILAR_NOT_GOLD,0.2727,NEEDS_EXPERT_VALIDATION
HNP-V03-001775,SYN-REQ-00888,MSV1-C5D8A317200F30FB,HARD_NEGATIVE,LEXICAL_SIMILAR_NOT_GOLD,0.2581,NEEDS_EXPERT_VALIDATION
HNP-V03-001776,SYN-REQ-00888,MSV1-7C0CACF465F3F4D2,HARD_NEGATIVE,LEXICAL_SIMILAR_NOT_GOLD,0.2424,NEEDS_EXPERT_VALIDATION
HNP-V03-001777,SYN-REQ-00889,MSV1-13205A375C479990,HARD_NEGATIVE,LEXICAL_SIMILAR_NOT_GOLD,0.1667,NEEDS_EXPERT_VALIDATION
HNP-V03-001778,SYN-REQ-00889,MSV1-3EE31CBE161E4674,HARD_NEGATIVE,LEXICAL_SIMILAR_NOT_GOLD,0.15,NEEDS_EXPERT_VALIDATION
HNP-V03-001779,SYN-REQ-00890,MSV1-7CAE814C9164B4CF,HARD_NEGATIVE,LEXICAL_SIMILAR_NOT_GOLD,0.5385,NEEDS_EXPERT_VALIDATION
HNP-V03-001780,SYN-REQ-00890,MSV1-50D7245722FF08D1,HARD_NEGATIVE,LEXICAL_SIMILAR_NOT_GOLD,0.2857,NEEDS_EXPERT_VALIDATION
HNP-V03-001781,SYN-REQ-00891,MSV1-F1626F92CE42E52A,HARD_NEGATIVE,LEXICAL_SIMILAR_NOT_GOLD,0.1786,NEEDS_EXPERT_VALIDATION
HNP-V03-001782,SYN-REQ-00891,MSV1-67BCC79C9C329F88,HARD_NEGATIVE,LEXICAL_SIMILAR_NOT_GOLD,0.1667,NEEDS_EXPERT_VALIDATION
HNP-V03-001783,SYN-REQ-00892,MSV1-7DCFEA171928E512,HARD_NEGATIVE,LEXICAL_SIMILAR_NOT_GOLD,0.4,NEEDS_EXPERT_VALIDATION
HNP-V03-001784,SYN-REQ-00892,MSV1-9572BE7E1FC047BE,HARD_NEGATIVE,LEXICAL_SIMILAR_NOT_GOLD,0.3226,NEEDS_EXPERT_VALIDATION
HNP-V03-001785,SYN-REQ-00893,MSV1-016B4BBA4B2C2B6F,HARD_NEGATIVE,LEXICAL_SIMILAR_NOT_GOLD,0.4762,NEEDS_EXPERT_VALIDATION
HNP-V03-001786,SYN-REQ-00893,MSV1-5F6BBF021E4ECC15,HARD_NEGATIVE,LEXICAL_SIMILAR_NOT_GOLD,0.4762,NEEDS_EXPERT_VALIDATION
HNP-V03-001787,SYN-REQ-00894,MSV1-82199A1DF4AFD019,HARD_NEGATIVE,LEXICAL_SIMILAR_NOT_GOLD,0.5417,NEEDS_EXPERT_VALIDATION
HNP-V03-001788,SYN-REQ-00894,MSV1-6E502F4B9169267E,HARD_NEGATIVE,LEXICAL_SIMILAR_NOT_GOLD,0.5185,NEEDS_EXPERT_VALIDATION
HNP-V03-001789,SYN-REQ-00895,MSV1-70DB8D035FB934D3,HARD_NEGATIVE,LEXICAL_SIMILAR_NOT_GOLD,0.4,NEEDS_EXPERT_VALIDATION
HNP-V03-001790,SYN-REQ-00895,MSV1-096029D9876281B0,HARD_NEGATIVE,LEXICAL_SIMILAR_NOT_GOLD,0.2727,NEEDS_EXPERT_VALIDATION
HNP-V03-001791,SYN-REQ-00896,MSV1-340975A8EB7E5A85,HARD_NEGATIVE,LEXICAL_SIMILAR_NOT_GOLD,0.5714,NEEDS_EXPERT_VALIDATION
HNP-V03-001792,SYN-REQ-00896,MSV1-8CAAE75F8F7EFD24,HARD_NEGATIVE,LEXICAL_SIMILAR_NOT_GOLD,0.3158,NEEDS_EXPERT_VALIDATION
HNP-V03-001793,SYN-REQ-00897,MSV1-1A080B02114D5C74,HARD_NEGATIVE,LEXICAL_SIMILAR_NOT_GOLD,0.4615,NEEDS_EXPERT_VALIDATION
HNP-V03-001794,SYN-REQ-00897,MSV1-2313F44B3CE4C9FC,HARD_NEGATIVE,LEXICAL_SIMILAR_NOT_GOLD,0.3333,NEEDS_EXPERT_VALIDATION
HNP-V03-001795,SYN-REQ-00898,MSV1-85B4BC89979BACEC,HARD_NEGATIVE,LEXICAL_SIMILAR_NOT_GOLD,0.5882,NEEDS_EXPERT_VALIDATION
HNP-V03-001796,SYN-REQ-00898,MSV1-96655AC5C3447EC5,HARD_NEGATIVE,LEXICAL_SIMILAR_NOT_GOLD,0.35,NEEDS_EXPERT_VALIDATION
HNP-V03-001797,SYN-REQ-00899,MSV1-6A99FE460D7C8510,HARD_NEGATIVE,LEXICAL_SIMILAR_NOT_GOLD,0.5714,NEEDS_EXPERT_VALIDATION
HNP-V03-001798,SYN-REQ-00899,MSV1-32F03DD48B616E1C,HARD_NEGATIVE,LEXICAL_SIMILAR_NOT_GOLD,0.4667,NEEDS_EXPERT_VALIDATION
HNP-V03-001799,SYN-REQ-00900,MSV1-524FD90285AC107D,HARD_NEGATIVE,LEXICAL_SIMILAR_NOT_GOLD,0.6,NEEDS_EXPERT_VALIDATION
HNP-V03-001800,SYN-REQ-00900,MSV1-44B3C6A048185273,HARD_NEGATIVE,LEXICAL_SIMILAR_NOT_GOLD,0.375,NEEDS_EXPERT_VALIDATION
HNP-V03-001801,SYN-REQ-00901,MSV1-8C9D864A89D35792,HARD_NEGATIVE,LEXICAL_SIMILAR_NOT_GOLD,0.6,NEEDS_EXPERT_VALIDATION
HNP-V03-001802,SYN-REQ-00901,MSV1-10EBE9D8F9A16788,HARD_NEGATIVE,LEXICAL_SIMILAR_NOT_GOLD,0.2778,NEEDS_EXPERT_VALIDATION
HNP-V03-001803,SYN-REQ-00902,MSV1-B43A0F5D6EFF7E1F,HARD_NEGATIVE,LEXICAL_SIMILAR_NOT_GOLD,0.36,NEEDS_EXPERT_VALIDATION
HNP-V03-001804,SYN-REQ-00902,MSV1-AECE203FCD82F0D9,HARD_NEGATIVE,LEXICAL_SIMILAR_NOT_GOLD,0.24,NEEDS_EXPERT_VALIDATION
HNP-V03-001805,SYN-REQ-00903,MSV1-B3AA39A7FEE11B08,HARD_NEGATIVE,LEXICAL_SIMILAR_NOT_GOLD,0.5882,NEEDS_EXPERT_VALIDATION
HNP-V03-001806,SYN-REQ-00903,MSV1-E7F2FA96E6731BC1,HARD_NEGATIVE,LEXICAL_SIMILAR_NOT_GOLD,0.25,NEEDS_EXPERT_VALIDATION
HNP-V03-001807,SYN-REQ-00904,MSV1-ABBDDCCF63C3A03E,HARD_NEGATIVE,LEXICAL_SIMILAR_NOT_GOLD,0.2692,NEEDS_EXPERT_VALIDATION
HNP-V03-001808,SYN-REQ-00904,MSV1-5254B742D1837CCE,HARD_NEGATIVE,LEXICAL_SIMILAR_NOT_GOLD,0.1786,NEEDS_EXPERT_VALIDATION
HNP-V03-001809,SYN-REQ-00905,MSV1-B5C0CFF933167790,HARD_NEGATIVE,LEXICAL_SIMILAR_NOT_GOLD,0.625,NEEDS_EXPERT_VALIDATION
HNP-V03-001810,SYN-REQ-00905,MSV1-E2183C805120FCC3,HARD_NEGATIVE,LEXICAL_SIMILAR_NOT_GOLD,0.3043,NEEDS_EXPERT_VALIDATION
HNP-V03-001811,SYN-REQ-00906,MSV1-3D86FC786687F45C,HARD_NEGATIVE,LEXICAL_SIMILAR_NOT_GOLD,0.48,NEEDS_EXPERT_VALIDATION
HNP-V03-001812,SYN-REQ-00906,MSV1-B620CEB97B2E886B,HARD_NEGATIVE,LEXICAL_SIMILAR_NOT_GOLD,0.44,NEEDS_EXPERT_VALIDATION
HNP-V03-001813,SYN-REQ-00907,MSV1-01F8821A3D9711A0,HARD_NEGATIVE,LEXICAL_SIMILAR_NOT_GOLD,0.5333,NEEDS_EXPERT_VALIDATION
HNP-V03-001814,SYN-REQ-00907,MSV1-087F0FFB490E20CC,HARD_NEGATIVE,LEXICAL_SIMILAR_NOT_GOLD,0.2941,NEEDS_EXPERT_VALIDATION
HNP-V03-001815,SYN-REQ-00908,MSV1-FC041CADB6EB2D85,HARD_NEGATIVE,LEXICAL_SIMILAR_NOT_GOLD,0.6111,NEEDS_EXPERT_VALIDATION
HNP-V03-001816,SYN-REQ-00908,MSV1-8B6F6D929543098D,HARD_NEGATIVE,LEXICAL_SIMILAR_NOT_GOLD,0.5263,NEEDS_EXPERT_VALIDATION
HNP-V03-001817,SYN-REQ-00909,MSV1-02FCBCCA03862E8E,HARD_NEGATIVE,LEXICAL_SIMILAR_NOT_GOLD,0.4615,NEEDS_EXPERT_VALIDATION
HNP-V03-001818,SYN-REQ-00909,MSV1-FCFA66DD4A22EC9F,HARD_NEGATIVE,LEXICAL_SIMILAR_NOT_GOLD,0.4615,NEEDS_EXPERT_VALIDATION
HNP-V03-001819,SYN-REQ-00910,MSV1-1A32658D017D9FCE,HARD_NEGATIVE,LEXICAL_SIMILAR_NOT_GOLD,0.4167,NEEDS_EXPERT_VALIDATION
HNP-V03-001820,SYN-REQ-00910,MSV1-FB3EE92C8AF1290C,HARD_NEGATIVE,LEXICAL_SIMILAR_NOT_GOLD,0.4,NEEDS_EXPERT_VALIDATION
HNP-V03-001821,SYN-REQ-00911,MSV1-C706468E165D3A57,HARD_NEGATIVE,LEXICAL_SIMILAR_NOT_GOLD,0.5333,NEEDS_EXPERT_VALIDATION
HNP-V03-001822,SYN-REQ-00911,MSV1-65B57E1159174C48,HARD_NEGATIVE,LEXICAL_SIMILAR_NOT_GOLD,0.2174,NEEDS_EXPERT_VALIDATION
HNP-V03-001823,SYN-REQ-00912,MSV1-387CA72AE246FC39,HARD_NEGATIVE,LEXICAL_SIMILAR_NOT_GOLD,0.5385,NEEDS_EXPERT_VALIDATION
HNP-V03-001824,SYN-REQ-00912,MSV1-80E21C824165ADD8,HARD_NEGATIVE,LEXICAL_SIMILAR_NOT_GOLD,0.2941,NEEDS_EXPERT_VALIDATION
HNP-V03-001825,SYN-REQ-00913,MSV1-4E8A755F7D494B6A,HARD_NEGATIVE,LEXICAL_SIMILAR_NOT_GOLD,0.28,NEEDS_EXPERT_VALIDATION
HNP-V03-001826,SYN-REQ-00913,MSV1-4B15F06BBDE10885,HARD_NEGATIVE,LEXICAL_SIMILAR_NOT_GOLD,0.2308,NEEDS_EXPERT_VALIDATION
HNP-V03-001827,SYN-REQ-00914,MSV1-6630E45F3E45E1BD,HARD_NEGATIVE,LEXICAL_SIMILAR_NOT_GOLD,0.3529,NEEDS_EXPERT_VALIDATION
HNP-V03-001828,SYN-REQ-00914,MSV1-684C03C8E01C0315,HARD_NEGATIVE,LEXICAL_SIMILAR_NOT_GOLD,0.3243,NEEDS_EXPERT_VALIDATION
HNP-V03-001829,SYN-REQ-00915,MSV1-749F3CAC4937F5A4,HARD_NEGATIVE,LEXICAL_SIMILAR_NOT_GOLD,0.2353,NEEDS_EXPERT_VALIDATION
HNP-V03-001830,SYN-REQ-00915,MSV1-96E1BF8BE0A704BB,HARD_NEGATIVE,LEXICAL_SIMILAR_NOT_GOLD,0.2353,NEEDS_EXPERT_VALIDATION
HNP-V03-001831,SYN-REQ-00916,MSV1-60A0CA84A6F90365,HARD_NEGATIVE,LEXICAL_SIMILAR_NOT_GOLD,0.2,NEEDS_EXPERT_VALIDATION
HNP-V03-001832,SYN-REQ-00916,MSV1-8F27C798F02C3A59,HARD_NEGATIVE,LEXICAL_SIMILAR_NOT_GOLD,0.1875,NEEDS_EXPERT_VALIDATION
HNP-V03-001833,SYN-REQ-00917,MSV1-246FE19FAA064D29,HARD_NEGATIVE,LEXICAL_SIMILAR_NOT_GOLD,0.5,NEEDS_EXPERT_VALIDATION
HNP-V03-001834,SYN-REQ-00917,MSV1-1CE979A61548F00B,HARD_NEGATIVE,LEXICAL_SIMILAR_NOT_GOLD,0.3846,NEEDS_EXPERT_VALIDATION
HNP-V03-001835,SYN-REQ-00918,MSV1-02EAA00D80390442,HARD_NEGATIVE,LEXICAL_SIMILAR_NOT_GOLD,0.5357,NEEDS_EXPERT_VALIDATION
HNP-V03-001836,SYN-REQ-00918,MSV1-EBD18694DF1F7ED3,HARD_NEGATIVE,LEXICAL_SIMILAR_NOT_GOLD,0.4062,NEEDS_EXPERT_VALIDATION
HNP-V03-001837,SYN-REQ-00919,MSV1-EDD383EB27F7A0BF,HARD_NEGATIVE,LEXICAL_SIMILAR_NOT_GOLD,0.5455,NEEDS_EXPERT_VALIDATION
HNP-V03-001838,SYN-REQ-00919,MSV1-4802C5D38C00770C,HARD_NEGATIVE,LEXICAL_SIMILAR_NOT_GOLD,0.4167,NEEDS_EXPERT_VALIDATION
HNP-V03-001839,SYN-REQ-00920,MSV1-37E07A60C3BF12F7,HARD_NEGATIVE,LEXICAL_SIMILAR_NOT_GOLD,0.3667,NEEDS_EXPERT_VALIDATION
HNP-V03-001840,SYN-REQ-00920,MSV1-08B2E85C2BCB924D,HARD_NEGATIVE,LEXICAL_SIMILAR_NOT_GOLD,0.3235,NEEDS_EXPERT_VALIDATION
HNP-V03-001841,SYN-REQ-00921,MSV1-4F4815BCA1267260,HARD_NEGATIVE,LEXICAL_SIMILAR_NOT_GOLD,0.2917,NEEDS_EXPERT_VALIDATION
HNP-V03-001842,SYN-REQ-00921,MSV1-72813140092B3833,HARD_NEGATIVE,LEXICAL_SIMILAR_NOT_GOLD,0.2917,NEEDS_EXPERT_VALIDATION
HNP-V03-001843,SYN-REQ-00922,MSV1-561222127D0DC3CD,HARD_NEGATIVE,LEXICAL_SIMILAR_NOT_GOLD,0.4167,NEEDS_EXPERT_VALIDATION
HNP-V03-001844,SYN-REQ-00922,MSV1-B9FD19D114F8973B,HARD_NEGATIVE,LEXICAL_SIMILAR_NOT_GOLD,0.2667,NEEDS_EXPERT_VALIDATION
HNP-V03-001845,SYN-REQ-00923,MSV1-06979552EC91427B,HARD_NEGATIVE,LEXICAL_SIMILAR_NOT_GOLD,0.4,NEEDS_EXPERT_VALIDATION
HNP-V03-001846,SYN-REQ-00923,MSV1-80F11D482D495B52,HARD_NEGATIVE,LEXICAL_SIMILAR_NOT_GOLD,0.2727,NEEDS_EXPERT_VALIDATION
HNP-V03-001847,SYN-REQ-00924,MSV1-8EE35B8DA289473A,HARD_NEGATIVE,LEXICAL_SIMILAR_NOT_GOLD,0.4783,NEEDS_EXPERT_VALIDATION
HNP-V03-001848,SYN-REQ-00924,MSV1-C956F39F4CBE6C55,HARD_NEGATIVE,LEXICAL_SIMILAR_NOT_GOLD,0.2963,NEEDS_EXPERT_VALIDATION
HNP-V03-001849,SYN-REQ-00925,MSV1-C2CF6B8891B60F2C,HARD_NEGATIVE,LEXICAL_SIMILAR_NOT_GOLD,0.6,NEEDS_EXPERT_VALIDATION
HNP-V03-001850,SYN-REQ-00925,MSV1-31FBDC08624DDF35,HARD_NEGATIVE,LEXICAL_SIMILAR_NOT_GOLD,0.3636,NEEDS_EXPERT_VALIDATION
HNP-V03-001851,SYN-REQ-00926,MSV1-6F8A5F66CF6433E2,HARD_NEGATIVE,LEXICAL_SIMILAR_NOT_GOLD,0.6296,NEEDS_EXPERT_VALIDATION
HNP-V03-001852,SYN-REQ-00926,MSV1-E4174DB63992C7E3,HARD_NEGATIVE,LEXICAL_SIMILAR_NOT_GOLD,0.6071,NEEDS_EXPERT_VALIDATION
HNP-V03-001853,SYN-REQ-00927,MSV1-2E8E6051F26E203D,HARD_NEGATIVE,LEXICAL_SIMILAR_NOT_GOLD,0.3077,NEEDS_EXPERT_VALIDATION
HNP-V03-001854,SYN-REQ-00927,MSV1-178BF610B45FE60B,HARD_NEGATIVE,LEXICAL_SIMILAR_NOT_GOLD,0.2917,NEEDS_EXPERT_VALIDATION
HNP-V03-001855,SYN-REQ-00928,MSV1-6BDF9D07A7424A41,HARD_NEGATIVE,LEXICAL_SIMILAR_NOT_GOLD,0.5,NEEDS_EXPERT_VALIDATION
HNP-V03-001856,SYN-REQ-00928,MSV1-2CDE5E0328CE94A1,HARD_NEGATIVE,LEXICAL_SIMILAR_NOT_GOLD,0.4545,NEEDS_EXPERT_VALIDATION
HNP-V03-001857,SYN-REQ-00929,MSV1-C1C74928B04837C6,HARD_NEGATIVE,LEXICAL_SIMILAR_NOT_GOLD,0.5,NEEDS_EXPERT_VALIDATION
HNP-V03-001858,SYN-REQ-00929,MSV1-F881F7C0FE48E470,HARD_NEGATIVE,LEXICAL_SIMILAR_NOT_GOLD,0.3846,NEEDS_EXPERT_VALIDATION
HNP-V03-001859,SYN-REQ-00930,MSV1-3845E4127457E77E,HARD_NEGATIVE,LEXICAL_SIMILAR_NOT_GOLD,0.5,NEEDS_EXPERT_VALIDATION
HNP-V03-001860,SYN-REQ-00930,MSV1-6D05034C6D44442E,HARD_NEGATIVE,LEXICAL_SIMILAR_NOT_GOLD,0.3333,NEEDS_EXPERT_VALIDATION
HNP-V03-001861,SYN-REQ-00931,MSV1-5E071F7AE3358530,HARD_NEGATIVE,LEXICAL_SIMILAR_NOT_GOLD,0.5,NEEDS_EXPERT_VALIDATION
HNP-V03-001862,SYN-REQ-00931,MSV1-3DABEC07CF3DC26A,HARD_NEGATIVE,LEXICAL_SIMILAR_NOT_GOLD,0.2105,NEEDS_EXPERT_VALIDATION
HNP-V03-001863,SYN-REQ-00932,MSV1-F6BAB5C5201D5B3E,HARD_NEGATIVE,LEXICAL_SIMILAR_NOT_GOLD,0.5714,NEEDS_EXPERT_VALIDATION
HNP-V03-001864,SYN-REQ-00932,MSV1-B4601FECA10DDA65,HARD_NEGATIVE,LEXICAL_SIMILAR_NOT_GOLD,0.5556,NEEDS_EXPERT_VALIDATION
HNP-V03-001865,SYN-REQ-00933,MSV1-F122B0958D6CAC79,HARD_NEGATIVE,LEXICAL_SIMILAR_NOT_GOLD,0.3077,NEEDS_EXPERT_VALIDATION
HNP-V03-001866,SYN-REQ-00933,MSV1-3F4B79E961B6FCA7,HARD_NEGATIVE,LEXICAL_SIMILAR_NOT_GOLD,0.2381,NEEDS_EXPERT_VALIDATION
HNP-V03-001867,SYN-REQ-00934,MSV1-C036308CB5AFF510,HARD_NEGATIVE,LEXICAL_SIMILAR_NOT_GOLD,0.5385,NEEDS_EXPERT_VALIDATION
HNP-V03-001868,SYN-REQ-00934,MSV1-EF57BA4826021B77,HARD_NEGATIVE,LEXICAL_SIMILAR_NOT_GOLD,0.4783,NEEDS_EXPERT_VALIDATION
HNP-V03-001869,SYN-REQ-00935,MSV1-DD5684CAC743FAEF,HARD_NEGATIVE,LEXICAL_SIMILAR_NOT_GOLD,0.5333,NEEDS_EXPERT_VALIDATION
HNP-V03-001870,SYN-REQ-00935,MSV1-F9BEFE18C475E8BC,HARD_NEGATIVE,LEXICAL_SIMILAR_NOT_GOLD,0.2941,NEEDS_EXPERT_VALIDATION
HNP-V03-001871,SYN-REQ-00936,MSV1-EE656E8BCB471B63,HARD_NEGATIVE,LEXICAL_SIMILAR_NOT_GOLD,0.4074,NEEDS_EXPERT_VALIDATION
HNP-V03-001872,SYN-REQ-00936,MSV1-F68D344C283FF64B,HARD_NEGATIVE,LEXICAL_SIMILAR_NOT_GOLD,0.4074,NEEDS_EXPERT_VALIDATION
HNP-V03-001873,SYN-REQ-00937,MSV1-95062497874A5468,HARD_NEGATIVE,LEXICAL_SIMILAR_NOT_GOLD,0.5333,NEEDS_EXPERT_VALIDATION
HNP-V03-001874,SYN-REQ-00937,MSV1-0F5F0E7C2B2C8D41,HARD_NEGATIVE,LEXICAL_SIMILAR_NOT_GOLD,0.3182,NEEDS_EXPERT_VALIDATION
HNP-V03-001875,SYN-REQ-00938,MSV1-8F36BEAE61B10983,HARD_NEGATIVE,LEXICAL_SIMILAR_NOT_GOLD,0.5882,NEEDS_EXPERT_VALIDATION
HNP-V03-001876,SYN-REQ-00938,MSV1-E1C5B472CE8C5B55,HARD_NEGATIVE,LEXICAL_SIMILAR_NOT_GOLD,0.3077,NEEDS_EXPERT_VALIDATION
HNP-V03-001877,SYN-REQ-00939,MSV1-AA3DCC7A406B1940,HARD_NEGATIVE,LEXICAL_SIMILAR_NOT_GOLD,0.4167,NEEDS_EXPERT_VALIDATION
HNP-V03-001878,SYN-REQ-00939,MSV1-4706B7DB6E46A98B,HARD_NEGATIVE,LEXICAL_SIMILAR_NOT_GOLD,0.375,NEEDS_EXPERT_VALIDATION
HNP-V03-001879,SYN-REQ-00940,MSV1-234525353C9C28C2,HARD_NEGATIVE,LEXICAL_SIMILAR_NOT_GOLD,0.1923,NEEDS_EXPERT_VALIDATION
HNP-V03-001880,SYN-REQ-00940,MSV1-E5FA5D3AB5494980,HARD_NEGATIVE,LEXICAL_SIMILAR_NOT_GOLD,0.1852,NEEDS_EXPERT_VALIDATION
HNP-V03-001881,SYN-REQ-00941,MSV1-3DECA3E4C184D9D9,HARD_NEGATIVE,LEXICAL_SIMILAR_NOT_GOLD,0.5714,NEEDS_EXPERT_VALIDATION
HNP-V03-001882,SYN-REQ-00941,MSV1-31158D538EBF3F7B,HARD_NEGATIVE,LEXICAL_SIMILAR_NOT_GOLD,0.3158,NEEDS_EXPERT_VALIDATION
HNP-V03-001883,SYN-REQ-00942,MSV1-0806383C008A60BA,HARD_NEGATIVE,LEXICAL_SIMILAR_NOT_GOLD,0.5714,NEEDS_EXPERT_VALIDATION
HNP-V03-001884,SYN-REQ-00942,MSV1-05C5F932CA3D3683,HARD_NEGATIVE,LEXICAL_SIMILAR_NOT_GOLD,0.375,NEEDS_EXPERT_VALIDATION
HNP-V03-001885,SYN-REQ-00943,MSV1-0D21EC1C2B265219,HARD_NEGATIVE,LEXICAL_SIMILAR_NOT_GOLD,0.3704,NEEDS_EXPERT_VALIDATION
HNP-V03-001886,SYN-REQ-00943,MSV1-A296F11D51E9A48B,HARD_NEGATIVE,LEXICAL_SIMILAR_NOT_GOLD,0.3214,NEEDS_EXPERT_VALIDATION
HNP-V03-001887,SYN-REQ-00944,MSV1-33A0A63E29881CF1,HARD_NEGATIVE,LEXICAL_SIMILAR_NOT_GOLD,0.5625,NEEDS_EXPERT_VALIDATION
HNP-V03-001888,SYN-REQ-00944,MSV1-B87E86B280FD1F41,HARD_NEGATIVE,LEXICAL_SIMILAR_NOT_GOLD,0.3333,NEEDS_EXPERT_VALIDATION
HNP-V03-001889,SYN-REQ-00945,MSV1-D6C6E8FE9841FDE2,HARD_NEGATIVE,LEXICAL_SIMILAR_NOT_GOLD,0.52,NEEDS_EXPERT_VALIDATION
HNP-V03-001890,SYN-REQ-00945,MSV1-CE2893248F953724,HARD_NEGATIVE,LEXICAL_SIMILAR_NOT_GOLD,0.2903,NEEDS_EXPERT_VALIDATION
HNP-V03-001891,SYN-REQ-00946,MSV1-6553044D67495531,HARD_NEGATIVE,LEXICAL_SIMILAR_NOT_GOLD,0.5385,NEEDS_EXPERT_VALIDATION
HNP-V03-001892,SYN-REQ-00946,MSV1-1A76BD43006B5444,HARD_NEGATIVE,LEXICAL_SIMILAR_NOT_GOLD,0.2857,NEEDS_EXPERT_VALIDATION
HNP-V03-001893,SYN-REQ-00947,MSV1-5F9EF41E3561B899,HARD_NEGATIVE,LEXICAL_SIMILAR_NOT_GOLD,0.5789,NEEDS_EXPERT_VALIDATION
HNP-V03-001894,SYN-REQ-00947,MSV1-FE7EAF0D0CE257BB,HARD_NEGATIVE,LEXICAL_SIMILAR_NOT_GOLD,0.5556,NEEDS_EXPERT_VALIDATION
HNP-V03-001895,SYN-REQ-00948,MSV1-9B515111D549AA5D,HARD_NEGATIVE,LEXICAL_SIMILAR_NOT_GOLD,0.5882,NEEDS_EXPERT_VALIDATION
HNP-V03-001896,SYN-REQ-00948,MSV1-6A9B8FCAC27042A3,HARD_NEGATIVE,LEXICAL_SIMILAR_NOT_GOLD,0.1818,NEEDS_EXPERT_VALIDATION
HNP-V03-001897,SYN-REQ-00949,MSV1-4FFDAE799768538C,HARD_NEGATIVE,LEXICAL_SIMILAR_NOT_GOLD,0.3871,NEEDS_EXPERT_VALIDATION
HNP-V03-001898,SYN-REQ-00949,MSV1-C6F4E704C21A3171,HARD_NEGATIVE,LEXICAL_SIMILAR_NOT_GOLD,0.3548,NEEDS_EXPERT_VALIDATION
HNP-V03-001899,SYN-REQ-00950,MSV1-3A3BBADDCD4F6807,HARD_NEGATIVE,LEXICAL_SIMILAR_NOT_GOLD,0.625,NEEDS_EXPERT_VALIDATION
HNP-V03-001900,SYN-REQ-00950,MSV1-B9FD19D114F8973B,HARD_NEGATIVE,LEXICAL_SIMILAR_NOT_GOLD,0.2105,NEEDS_EXPERT_VALIDATION
HNP-V03-001901,SYN-REQ-00951,MSV1-ECCD3EE09EBBE886,HARD_NEGATIVE,LEXICAL_SIMILAR_NOT_GOLD,0.25,NEEDS_EXPERT_VALIDATION
HNP-V03-001902,SYN-REQ-00951,MSV1-60A0CA84A6F90365,HARD_NEGATIVE,LEXICAL_SIMILAR_NOT_GOLD,0.2381,NEEDS_EXPERT_VALIDATION
HNP-V03-001903,SYN-REQ-00952,MSV1-FF429E7730402A85,HARD_NEGATIVE,LEXICAL_SIMILAR_NOT_GOLD,0.4865,NEEDS_EXPERT_VALIDATION
HNP-V03-001904,SYN-REQ-00952,MSV1-9DB52E1E9A3328D9,HARD_NEGATIVE,LEXICAL_SIMILAR_NOT_GOLD,0.2308,NEEDS_EXPERT_VALIDATION
HNP-V03-001905,SYN-REQ-00953,MSV1-DC2B994A1F05D729,HARD_NEGATIVE,LEXICAL_SIMILAR_NOT_GOLD,0.3846,NEEDS_EXPERT_VALIDATION
HNP-V03-001906,SYN-REQ-00953,MSV1-006467B9B47FCC03,HARD_NEGATIVE,LEXICAL_SIMILAR_NOT_GOLD,0.1875,NEEDS_EXPERT_VALIDATION
HNP-V03-001907,SYN-REQ-00954,MSV1-2A525A306CAB40E9,HARD_NEGATIVE,LEXICAL_SIMILAR_NOT_GOLD,0.25,NEEDS_EXPERT_VALIDATION
HNP-V03-001908,SYN-REQ-00954,MSV1-DC767FE0BCD5BD22,HARD_NEGATIVE,LEXICAL_SIMILAR_NOT_GOLD,0.25,NEEDS_EXPERT_VALIDATION
HNP-V03-001909,SYN-REQ-00955,MSV1-4C1FE0C1794F4373,HARD_NEGATIVE,LEXICAL_SIMILAR_NOT_GOLD,0.5714,NEEDS_EXPERT_VALIDATION
HNP-V03-001910,SYN-REQ-00955,MSV1-C59BC8498DCBA1D0,HARD_NEGATIVE,LEXICAL_SIMILAR_NOT_GOLD,0.2353,NEEDS_EXPERT_VALIDATION
HNP-V03-001911,SYN-REQ-00956,MSV1-F4FB7F5F27336446,HARD_NEGATIVE,LEXICAL_SIMILAR_NOT_GOLD,0.4,NEEDS_EXPERT_VALIDATION
HNP-V03-001912,SYN-REQ-00956,MSV1-0E4142640F1B9F05,HARD_NEGATIVE,LEXICAL_SIMILAR_NOT_GOLD,0.3684,NEEDS_EXPERT_VALIDATION
HNP-V03-001913,SYN-REQ-00957,MSV1-1C42BEA654382E66,HARD_NEGATIVE,LEXICAL_SIMILAR_NOT_GOLD,0.4583,NEEDS_EXPERT_VALIDATION
HNP-V03-001914,SYN-REQ-00957,MSV1-B493CE7A16862B84,HARD_NEGATIVE,LEXICAL_SIMILAR_NOT_GOLD,0.4231,NEEDS_EXPERT_VALIDATION
HNP-V03-001915,SYN-REQ-00958,MSV1-71C8D631DB74EA47,HARD_NEGATIVE,LEXICAL_SIMILAR_NOT_GOLD,0.2727,NEEDS_EXPERT_VALIDATION
HNP-V03-001916,SYN-REQ-00958,MSV1-9A0CEE75B3FDB46A,HARD_NEGATIVE,LEXICAL_SIMILAR_NOT_GOLD,0.2692,NEEDS_EXPERT_VALIDATION
HNP-V03-001917,SYN-REQ-00959,MSV1-DB7C71DD2695111E,HARD_NEGATIVE,LEXICAL_SIMILAR_NOT_GOLD,0.6316,NEEDS_EXPERT_VALIDATION
HNP-V03-001918,SYN-REQ-00959,MSV1-234525353C9C28C2,HARD_NEGATIVE,LEXICAL_SIMILAR_NOT_GOLD,0.24,NEEDS_EXPERT_VALIDATION
HNP-V03-001919,SYN-REQ-00960,MSV1-C8288014EDD6E539,HARD_NEGATIVE,LEXICAL_SIMILAR_NOT_GOLD,0.5385,NEEDS_EXPERT_VALIDATION
HNP-V03-001920,SYN-REQ-00960,MSV1-2F3326CC808E4D56,HARD_NEGATIVE,LEXICAL_SIMILAR_NOT_GOLD,0.2,NEEDS_EXPERT_VALIDATION
HNP-V03-001921,SYN-REQ-00961,MSV1-B221ABA4A7B378E3,HARD_NEGATIVE,LEXICAL_SIMILAR_NOT_GOLD,0.625,NEEDS_EXPERT_VALIDATION
HNP-V03-001922,SYN-REQ-00961,MSV1-6BBD687BE2E7DE49,HARD_NEGATIVE,LEXICAL_SIMILAR_NOT_GOLD,0.4,NEEDS_EXPERT_VALIDATION
HNP-V03-001923,SYN-REQ-00962,MSV1-153FC234F190779D,HARD_NEGATIVE,LEXICAL_SIMILAR_NOT_GOLD,0.5333,NEEDS_EXPERT_VALIDATION
HNP-V03-001924,SYN-REQ-00962,MSV1-597D567A03C3FB08,HARD_NEGATIVE,LEXICAL_SIMILAR_NOT_GOLD,0.4375,NEEDS_EXPERT_VALIDATION
HNP-V03-001925,SYN-REQ-00963,MSV1-76CCA987ECB1ED9F,HARD_NEGATIVE,LEXICAL_SIMILAR_NOT_GOLD,0.5,NEEDS_EXPERT_VALIDATION
HNP-V03-001926,SYN-REQ-00963,MSV1-D962B503F492CA08,HARD_NEGATIVE,LEXICAL_SIMILAR_NOT_GOLD,0.4583,NEEDS_EXPERT_VALIDATION
HNP-V03-001927,SYN-REQ-00964,MSV1-6B7E78F7C6F58AA7,HARD_NEGATIVE,LEXICAL_SIMILAR_NOT_GOLD,0.3611,NEEDS_EXPERT_VALIDATION
HNP-V03-001928,SYN-REQ-00964,MSV1-6630E45F3E45E1BD,HARD_NEGATIVE,LEXICAL_SIMILAR_NOT_GOLD,0.2286,NEEDS_EXPERT_VALIDATION
HNP-V03-001929,SYN-REQ-00965,MSV1-4FD3343D0CAEE116,HARD_NEGATIVE,LEXICAL_SIMILAR_NOT_GOLD,0.5385,NEEDS_EXPERT_VALIDATION
HNP-V03-001930,SYN-REQ-00965,MSV1-FA26E8932A414198,HARD_NEGATIVE,LEXICAL_SIMILAR_NOT_GOLD,0.3333,NEEDS_EXPERT_VALIDATION
HNP-V03-001931,SYN-REQ-00966,MSV1-C00231B7FFD0DCE7,HARD_NEGATIVE,LEXICAL_SIMILAR_NOT_GOLD,0.3,NEEDS_EXPERT_VALIDATION
HNP-V03-001932,SYN-REQ-00966,MSV1-0A68442BD6AFC130,HARD_NEGATIVE,LEXICAL_SIMILAR_NOT_GOLD,0.2857,NEEDS_EXPERT_VALIDATION
HNP-V03-001933,SYN-REQ-00967,MSV1-CC44CE89F232497F,HARD_NEGATIVE,LEXICAL_SIMILAR_NOT_GOLD,0.5,NEEDS_EXPERT_VALIDATION
HNP-V03-001934,SYN-REQ-00967,MSV1-C59BC8498DCBA1D0,HARD_NEGATIVE,LEXICAL_SIMILAR_NOT_GOLD,0.3125,NEEDS_EXPERT_VALIDATION
HNP-V03-001935,SYN-REQ-00968,MSV1-FFD8EE40449EDE7E,HARD_NEGATIVE,LEXICAL_SIMILAR_NOT_GOLD,0.3913,NEEDS_EXPERT_VALIDATION
HNP-V03-001936,SYN-REQ-00968,MSV1-8253C9C8D67B3E79,HARD_NEGATIVE,LEXICAL_SIMILAR_NOT_GOLD,0.3478,NEEDS_EXPERT_VALIDATION
HNP-V03-001937,SYN-REQ-00969,MSV1-BD0EF00B5452C8A9,HARD_NEGATIVE,LEXICAL_SIMILAR_NOT_GOLD,0.5,NEEDS_EXPERT_VALIDATION
HNP-V03-001938,SYN-REQ-00969,MSV1-E60E1B06AC026634,HARD_NEGATIVE,LEXICAL_SIMILAR_NOT_GOLD,0.5,NEEDS_EXPERT_VALIDATION
HNP-V03-001939,SYN-REQ-00970,MSV1-02555EB972BB62E7,HARD_NEGATIVE,LEXICAL_SIMILAR_NOT_GOLD,0.625,NEEDS_EXPERT_VALIDATION
HNP-V03-001940,SYN-REQ-00970,MSV1-B2AF4C1B1B28197C,HARD_NEGATIVE,LEXICAL_SIMILAR_NOT_GOLD,0.32,NEEDS_EXPERT_VALIDATION
HNP-V03-001941,SYN-REQ-00971,MSV1-7C529ED4B8C61A5C,HARD_NEGATIVE,LEXICAL_SIMILAR_NOT_GOLD,0.5385,NEEDS_EXPERT_VALIDATION
HNP-V03-001942,SYN-REQ-00971,MSV1-6BCED27DBB9B84F1,HARD_NEGATIVE,LEXICAL_SIMILAR_NOT_GOLD,0.3571,NEEDS_EXPERT_VALIDATION
HNP-V03-001943,SYN-REQ-00972,MSV1-18AE19B3C91FC660,HARD_NEGATIVE,LEXICAL_SIMILAR_NOT_GOLD,0.6429,NEEDS_EXPERT_VALIDATION
HNP-V03-001944,SYN-REQ-00972,MSV1-8B2E4D4EA2C42E36,HARD_NEGATIVE,LEXICAL_SIMILAR_NOT_GOLD,0.6364,NEEDS_EXPERT_VALIDATION
HNP-V03-001945,SYN-REQ-00973,MSV1-B534D5411AE5176C,HARD_NEGATIVE,LEXICAL_SIMILAR_NOT_GOLD,0.5385,NEEDS_EXPERT_VALIDATION
HNP-V03-001946,SYN-REQ-00973,MSV1-C8007C706B730333,HARD_NEGATIVE,LEXICAL_SIMILAR_NOT_GOLD,0.3333,NEEDS_EXPERT_VALIDATION
HNP-V03-001947,SYN-REQ-00974,MSV1-A85411A278BF8F89,HARD_NEGATIVE,LEXICAL_SIMILAR_NOT_GOLD,0.6471,NEEDS_EXPERT_VALIDATION
HNP-V03-001948,SYN-REQ-00974,MSV1-7825550997C67D21,HARD_NEGATIVE,LEXICAL_SIMILAR_NOT_GOLD,0.4737,NEEDS_EXPERT_VALIDATION
HNP-V03-001949,SYN-REQ-00975,MSV1-4900EE9F3B0C57FC,HARD_NEGATIVE,LEXICAL_SIMILAR_NOT_GOLD,0.4,NEEDS_EXPERT_VALIDATION
HNP-V03-001950,SYN-REQ-00975,MSV1-50EAF85F04843A2F,HARD_NEGATIVE,LEXICAL_SIMILAR_NOT_GOLD,0.1579,NEEDS_EXPERT_VALIDATION
HNP-V03-001951,SYN-REQ-00976,MSV1-102D0676361B30E8,HARD_NEGATIVE,LEXICAL_SIMILAR_NOT_GOLD,0.28,NEEDS_EXPERT_VALIDATION
HNP-V03-001952,SYN-REQ-00976,MSV1-2A01471AFE6973E1,HARD_NEGATIVE,LEXICAL_SIMILAR_NOT_GOLD,0.28,NEEDS_EXPERT_VALIDATION
HNP-V03-001953,SYN-REQ-00977,MSV1-5A0A06019EE9C692,HARD_NEGATIVE,LEXICAL_SIMILAR_NOT_GOLD,0.6316,NEEDS_EXPERT_VALIDATION
HNP-V03-001954,SYN-REQ-00977,MSV1-1E4BF64EF633C867,HARD_NEGATIVE,LEXICAL_SIMILAR_NOT_GOLD,0.5714,NEEDS_EXPERT_VALIDATION
HNP-V03-001955,SYN-REQ-00978,MSV1-97643AE0E775E74B,HARD_NEGATIVE,LEXICAL_SIMILAR_NOT_GOLD,0.4615,NEEDS_EXPERT_VALIDATION
HNP-V03-001956,SYN-REQ-00978,MSV1-3AA37D3318FFC273,HARD_NEGATIVE,LEXICAL_SIMILAR_NOT_GOLD,0.2941,NEEDS_EXPERT_VALIDATION
HNP-V03-001957,SYN-REQ-00979,MSV1-6B93AF7840924104,HARD_NEGATIVE,LEXICAL_SIMILAR_NOT_GOLD,0.625,NEEDS_EXPERT_VALIDATION
HNP-V03-001958,SYN-REQ-00979,MSV1-CAF82A75786DDA69,HARD_NEGATIVE,LEXICAL_SIMILAR_NOT_GOLD,0.1739,NEEDS_EXPERT_VALIDATION
HNP-V03-001959,SYN-REQ-00980,MSV1-3812D3C80FDA9B1C,HARD_NEGATIVE,LEXICAL_SIMILAR_NOT_GOLD,0.3871,NEEDS_EXPERT_VALIDATION
HNP-V03-001960,SYN-REQ-00980,MSV1-9DF877D80EB2D1CB,HARD_NEGATIVE,LEXICAL_SIMILAR_NOT_GOLD,0.375,NEEDS_EXPERT_VALIDATION
HNP-V03-001961,SYN-REQ-00981,MSV1-0B957B126536ED5C,HARD_NEGATIVE,LEXICAL_SIMILAR_NOT_GOLD,0.5625,NEEDS_EXPERT_VALIDATION
HNP-V03-001962,SYN-REQ-00981,MSV1-102A071C48191BAD,HARD_NEGATIVE,LEXICAL_SIMILAR_NOT_GOLD,0.4706,NEEDS_EXPERT_VALIDATION
HNP-V03-001963,SYN-REQ-00982,MSV1-60A0CA84A6F90365,HARD_NEGATIVE,LEXICAL_SIMILAR_NOT_GOLD,0.2667,NEEDS_EXPERT_VALIDATION
HNP-V03-001964,SYN-REQ-00982,MSV1-3585B55AE850AC98,HARD_NEGATIVE,LEXICAL_SIMILAR_NOT_GOLD,0.2353,NEEDS_EXPERT_VALIDATION
HNP-V03-001965,SYN-REQ-00983,MSV1-EA930E300E4EC4EC,HARD_NEGATIVE,LEXICAL_SIMILAR_NOT_GOLD,0.4815,NEEDS_EXPERT_VALIDATION
HNP-V03-001966,SYN-REQ-00983,MSV1-E54BBE92D3D90CBE,HARD_NEGATIVE,LEXICAL_SIMILAR_NOT_GOLD,0.4615,NEEDS_EXPERT_VALIDATION
HNP-V03-001967,SYN-REQ-00984,MSV1-392EE0FF84BB6D5B,HARD_NEGATIVE,LEXICAL_SIMILAR_NOT_GOLD,0.4,NEEDS_EXPERT_VALIDATION
HNP-V03-001968,SYN-REQ-00984,MSV1-9F0D89F16AC521E2,HARD_NEGATIVE,LEXICAL_SIMILAR_NOT_GOLD,0.2143,NEEDS_EXPERT_VALIDATION
HNP-V03-001969,SYN-REQ-00985,MSV1-4D8451DF20086334,HARD_NEGATIVE,LEXICAL_SIMILAR_NOT_GOLD,0.3,NEEDS_EXPERT_VALIDATION
HNP-V03-001970,SYN-REQ-00985,MSV1-4AC4F791326EF49B,HARD_NEGATIVE,LEXICAL_SIMILAR_NOT_GOLD,0.2778,NEEDS_EXPERT_VALIDATION
HNP-V03-001971,SYN-REQ-00986,MSV1-1869DCF97E58D7DF,HARD_NEGATIVE,LEXICAL_SIMILAR_NOT_GOLD,0.625,NEEDS_EXPERT_VALIDATION
HNP-V03-001972,SYN-REQ-00986,MSV1-B00A65BEBB2CD68C,HARD_NEGATIVE,LEXICAL_SIMILAR_NOT_GOLD,0.4,NEEDS_EXPERT_VALIDATION
HNP-V03-001973,SYN-REQ-00987,MSV1-B7B6FE5FCA483CBE,HARD_NEGATIVE,LEXICAL_SIMILAR_NOT_GOLD,0.6316,NEEDS_EXPERT_VALIDATION
HNP-V03-001974,SYN-REQ-00987,MSV1-2C7ED102E823E515,HARD_NEGATIVE,LEXICAL_SIMILAR_NOT_GOLD,0.3636,NEEDS_EXPERT_VALIDATION
HNP-V03-001975,SYN-REQ-00988,MSV1-9A2AB58ABBC5D6B9,HARD_NEGATIVE,LEXICAL_SIMILAR_NOT_GOLD,0.25,NEEDS_EXPERT_VALIDATION
HNP-V03-001976,SYN-REQ-00988,MSV1-29D7D034D5594228,HARD_NEGATIVE,LEXICAL_SIMILAR_NOT_GOLD,0.24,NEEDS_EXPERT_VALIDATION
HNP-V03-001977,SYN-REQ-00989,MSV1-8FB8D8223778918A,HARD_NEGATIVE,LEXICAL_SIMILAR_NOT_GOLD,0.6,NEEDS_EXPERT_VALIDATION
HNP-V03-001978,SYN-REQ-00989,MSV1-75088FC4E69D29EC,HARD_NEGATIVE,LEXICAL_SIMILAR_NOT_GOLD,0.3158,NEEDS_EXPERT_VALIDATION
HNP-V03-001979,SYN-REQ-00990,MSV1-234525353C9C28C2,HARD_NEGATIVE,LEXICAL_SIMILAR_NOT_GOLD,0.2692,NEEDS_EXPERT_VALIDATION
HNP-V03-001980,SYN-REQ-00990,MSV1-8F003007DC5FF681,HARD_NEGATIVE,LEXICAL_SIMILAR_NOT_GOLD,0.2424,NEEDS_EXPERT_VALIDATION
HNP-V03-001981,SYN-REQ-00991,MSV1-3065B11DE8C833AE,HARD_NEGATIVE,LEXICAL_SIMILAR_NOT_GOLD,0.6471,NEEDS_EXPERT_VALIDATION
HNP-V03-001982,SYN-REQ-00991,MSV1-2A525A306CAB40E9,HARD_NEGATIVE,LEXICAL_SIMILAR_NOT_GOLD,0.4,NEEDS_EXPERT_VALIDATION
HNP-V03-001983,SYN-REQ-00992,MSV1-08B2E85C2BCB924D,HARD_NEGATIVE,LEXICAL_SIMILAR_NOT_GOLD,0.5,NEEDS_EXPERT_VALIDATION
HNP-V03-001984,SYN-REQ-00992,MSV1-A88D477667825394,HARD_NEGATIVE,LEXICAL_SIMILAR_NOT_GOLD,0.3793,NEEDS_EXPERT_VALIDATION
HNP-V03-001985,SYN-REQ-00993,MSV1-56C9D0EA9FBB04E8,HARD_NEGATIVE,LEXICAL_SIMILAR_NOT_GOLD,0.6,NEEDS_EXPERT_VALIDATION
HNP-V03-001986,SYN-REQ-00993,MSV1-51CD2D86D40F0749,HARD_NEGATIVE,LEXICAL_SIMILAR_NOT_GOLD,0.25,NEEDS_EXPERT_VALIDATION
HNP-V03-001987,SYN-REQ-00994,MSV1-7CA9C70A8581A477,HARD_NEGATIVE,LEXICAL_SIMILAR_NOT_GOLD,0.4545,NEEDS_EXPERT_VALIDATION
HNP-V03-001988,SYN-REQ-00994,MSV1-94DB39F14BAD4C62,HARD_NEGATIVE,LEXICAL_SIMILAR_NOT_GOLD,0.25,NEEDS_EXPERT_VALIDATION
HNP-V03-001989,SYN-REQ-00995,MSV1-51B710D66FBFF38A,HARD_NEGATIVE,LEXICAL_SIMILAR_NOT_GOLD,0.6316,NEEDS_EXPERT_VALIDATION
HNP-V03-001990,SYN-REQ-00995,MSV1-948E9ABAB680E545,HARD_NEGATIVE,LEXICAL_SIMILAR_NOT_GOLD,0.4762,NEEDS_EXPERT_VALIDATION
HNP-V03-001991,SYN-REQ-00996,MSV1-BA4B893488BAA456,HARD_NEGATIVE,LEXICAL_SIMILAR_NOT_GOLD,0.5714,NEEDS_EXPERT_VALIDATION
HNP-V03-001992,SYN-REQ-00996,MSV1-09CC39917819EE09,HARD_NEGATIVE,LEXICAL_SIMILAR_NOT_GOLD,0.1765,NEEDS_EXPERT_VALIDATION
HNP-V03-001993,SYN-REQ-00997,MSV1-B499B8F0BBA33876,HARD_NEGATIVE,LEXICAL_SIMILAR_NOT_GOLD,0.3636,NEEDS_EXPERT_VALIDATION
HNP-V03-001994,SYN-REQ-00997,MSV1-09D6EB2CA544074E,HARD_NEGATIVE,LEXICAL_SIMILAR_NOT_GOLD,0.2308,NEEDS_EXPERT_VALIDATION
HNP-V03-001995,SYN-REQ-00998,MSV1-8B80EB10383F6590,HARD_NEGATIVE,LEXICAL_SIMILAR_NOT_GOLD,0.6,NEEDS_EXPERT_VALIDATION
HNP-V03-001996,SYN-REQ-00998,MSV1-FEAF7C32EED61A48,HARD_NEGATIVE,LEXICAL_SIMILAR_NOT_GOLD,0.25,NEEDS_EXPERT_VALIDATION
HNP-V03-001997,SYN-REQ-00999,MSV1-BFCE35B94878E7E0,HARD_NEGATIVE,LEXICAL_SIMILAR_NOT_GOLD,0.5,NEEDS_EXPERT_VALIDATION
HNP-V03-001998,SYN-REQ-00999,MSV1-E99E4A75F2FB3962,HARD_NEGATIVE,LEXICAL_SIMILAR_NOT_GOLD,0.1875,NEEDS_EXPERT_VALIDATION
HNP-V03-001999,SYN-REQ-01000,MSV1-75843BE2B7912D15,HARD_NEGATIVE,LEXICAL_SIMILAR_NOT_GOLD,0.2609,NEEDS_EXPERT_VALIDATION
HNP-V03-002000,SYN-REQ-01000,MSV1-C4787C5341E6D906,HARD_NEGATIVE,LEXICAL_SIMILAR_NOT_GOLD,0.2381,NEEDS_EXPERT_VALIDATION
