regional_variant_id,standard_id,standard_number,source_title,target_language,variant_text,validation_status,authority_status
RV-V03-000001,MSV1-5D0BA51F8738085C,IS 19763:2026,Textile floor coverings - Aircraft Woven Carpet - Specification,hi,NOT_TRANSLATED,NEEDS_HUMAN_OR_MODEL_VALIDATION,AUXILIARY_ONLY
RV-V03-000002,MSV1-20BC1DA075E1C350,IS 19822:2026,FIBRE ROPES — ELECTROSTATIC SURFACE POTENTIAL MEASURING METHOD,hi,NOT_TRANSLATED,NEEDS_HUMAN_OR_MODEL_VALIDATION,AUXILIARY_ONLY
RV-V03-000003,MSV1-F4236670B769271D,IS 19783:2026,Textiles — 100 Percent Nylon Woven Fabric — Specifications,hi,NOT_TRANSLATED,NEEDS_HUMAN_OR_MODEL_VALIDATION,AUXILIARY_ONLY
RV-V03-000004,MSV1-356EEF4C2E00D4E4,IS 1608 (Part 5):2026,Metallic materials — Tensile testing Part 5: Specification for testing miniaturised test pieces,hi,NOT_TRANSLATED,NEEDS_HUMAN_OR_MODEL_VALIDATION,AUXILIARY_ONLY
RV-V03-000005,MSV1-58D4F26A33B657A5,IS 19881:2026,ASSIMILATIVE AND CARRYING CAPACITY ASSESSMENT OF AMBIENT AIR POLLUTION — METHODOLOGY,hi,NOT_TRANSLATED,NEEDS_HUMAN_OR_MODEL_VALIDATION,AUXILIARY_ONLY
RV-V03-000006,MSV1-77A59E41C9A194C0,IS 19879:2026,PREPARATION OF AIR QUALITY MANAGEMENT PLAN — CODE OF PRACTICE,hi,NOT_TRANSLATED,NEEDS_HUMAN_OR_MODEL_VALIDATION,AUXILIARY_ONLY
RV-V03-000007,MSV1-67937071AB131EA2,IS 19880:2026,CONTROL OF AIR POLLUTION FROM PLASTIC WASTE PYROLYSIS — CODE OF PRACTICE,hi,NOT_TRANSLATED,NEEDS_HUMAN_OR_MODEL_VALIDATION,AUXILIARY_ONLY
RV-V03-000008,MSV1-9B2179E3A5E26B8E,IS 19882 (Part 1):2026,Soil quality — Sampling — Part 1: Preliminary investigations,hi,NOT_TRANSLATED,NEEDS_HUMAN_OR_MODEL_VALIDATION,AUXILIARY_ONLY
RV-V03-000009,MSV1-F74A73AEDF348B67,IS 19882 (Part 2):2026,Soil quality — Sampling — Part 2: Investigation of potentially contaminated sites,hi,NOT_TRANSLATED,NEEDS_HUMAN_OR_MODEL_VALIDATION,AUXILIARY_ONLY
RV-V03-000010,MSV1-7CD6FE241264991E,IS 19882 (Part 3):2026,"Soil quality — Sampling — Part 3: Guidance on the procedure for investigation of natural, near-natural and cultivated sites",hi,NOT_TRANSLATED,NEEDS_HUMAN_OR_MODEL_VALIDATION,AUXILIARY_ONLY
RV-V03-000011,MSV1-4A86F08FC2974589,IS 8324:2026,Safe Use and Maintenance on Non Calibrated Round Steel Link Lifting Chains and Chain Slings Code of Practice (Second Revision),hi,NOT_TRANSLATED,NEEDS_HUMAN_OR_MODEL_VALIDATION,AUXILIARY_ONLY
RV-V03-000012,MSV1-5D692F4BDF89CE03,IS 13872:2026,HOUSEHOLD SEWING MACHINE - STITCH REGULATORS - SPECIFICATION ( First Revision ),hi,NOT_TRANSLATED,NEEDS_HUMAN_OR_MODEL_VALIDATION,AUXILIARY_ONLY
RV-V03-000013,MSV1-7C4E13F808C720BA,IS 9874:2026,Arm and Bed Assembly for Sewing Machines for Household Purposes — Specification ( First Revision ),hi,NOT_TRANSLATED,NEEDS_HUMAN_OR_MODEL_VALIDATION,AUXILIARY_ONLY
RV-V03-000014,MSV1-20ACEEB0051A3B01,IS 10325:2026,"Square tins of 15 kg or 15 litre capacity for ghee, vanaspati, edible oils and bakery shortenings — Specification (third revision)",hi,NOT_TRANSLATED,NEEDS_HUMAN_OR_MODEL_VALIDATION,AUXILIARY_ONLY
RV-V03-000015,MSV1-D8EEC4771AE63FE3,IS 12112:2026,Control of Air Pollution in Refractory Industries — Code of Practice (First Revision),hi,NOT_TRANSLATED,NEEDS_HUMAN_OR_MODEL_VALIDATION,AUXILIARY_ONLY
RV-V03-000016,MSV1-DF1D95FB49D5F0E3,IS 7385:2026,Taper grooved pins — Half-length progressive grooves — Specification (third revision),hi,NOT_TRANSLATED,NEEDS_HUMAN_OR_MODEL_VALIDATION,AUXILIARY_ONLY
RV-V03-000017,MSV1-E79E9873164FB2F5,IS 13618:2026,Mine Haulages - Direct Rope (50 kW to 150 kW) - General Requirements,hi,NOT_TRANSLATED,NEEDS_HUMAN_OR_MODEL_VALIDATION,AUXILIARY_ONLY
RV-V03-000018,MSV1-7BDE2FF9C85BC665,IS 12185:2026,CONTROL OF AIR POLLUTION IN ALUMINIUM INDUSTRY — CODE OF PRACTICE (First Revision),hi,NOT_TRANSLATED,NEEDS_HUMAN_OR_MODEL_VALIDATION,AUXILIARY_ONLY
RV-V03-000019,MSV1-27E0843782F7412B,IS 11916:2026,Textiles – Continuous filament glass yarn for aerospace and other purposes – Specification (second revision),hi,NOT_TRANSLATED,NEEDS_HUMAN_OR_MODEL_VALIDATION,AUXILIARY_ONLY
RV-V03-000020,MSV1-391106B5860F79C6,IS 10447:2026,Solid Waste Management in Iron and Steel Plants — Guidelines ( First Revision ),hi,NOT_TRANSLATED,NEEDS_HUMAN_OR_MODEL_VALIDATION,AUXILIARY_ONLY
RV-V03-000021,MSV1-B14B163A001A39A0,IS 11304:2026,CONTROL OF AIR POLLUTION IN IRON AND STEEL PLANTS — CODE OF PRACTICE (First Revision),hi,NOT_TRANSLATED,NEEDS_HUMAN_OR_MODEL_VALIDATION,AUXILIARY_ONLY
RV-V03-000022,MSV1-1DDE68C6A175E748,IS 16810 (Part 1):2026,Safety of Machinery — Safety-Related Parts of Control Systems Part 1 General Principles for Design (First Revision),hi,NOT_TRANSLATED,NEEDS_HUMAN_OR_MODEL_VALIDATION,AUXILIARY_ONLY
RV-V03-000023,MSV1-6C72DBECC4610B49,IS 16815:2026,Safety of Machinery — Positioning of Safeguards with Respect to the Approach of the Human Body (First Revision),hi,NOT_TRANSLATED,NEEDS_HUMAN_OR_MODEL_VALIDATION,AUXILIARY_ONLY
RV-V03-000024,MSV1-CAA5A939E23855D9,IS 7967:2026,Controlling Pollution of Marine Coastal Outfalls — Guidelines ( First Revision ),hi,NOT_TRANSLATED,NEEDS_HUMAN_OR_MODEL_VALIDATION,AUXILIARY_ONLY
RV-V03-000025,MSV1-2102B9299AE692BD,IS 3256:2026,Textiles — Inland Packaging of Ropes and Cordages — Code of Practice (Second Revision),hi,NOT_TRANSLATED,NEEDS_HUMAN_OR_MODEL_VALIDATION,AUXILIARY_ONLY
RV-V03-000026,MSV1-DA4934D3570DA0D7,IS 5175:2026,"Fibre ropes — Polypropylene split film monofilament and multifilament — 3-, 4-, 8- and 12- strand ropes (fifth revision)",hi,NOT_TRANSLATED,NEEDS_HUMAN_OR_MODEL_VALIDATION,AUXILIARY_ONLY
RV-V03-000027,MSV1-8DF868A81D7A0E2A,IS 13450 (Part 2/Sec 6):2026,Medical Electrical Equipment Part 2 Particular Requirements for Basic Safety and Essential Performance Section 6 Particular requirements for the basic safety and essential performance of microwave therapy equipment IEC 60601-2-6: 2022 MOD First Revision,hi,NOT_TRANSLATED,NEEDS_HUMAN_OR_MODEL_VALIDATION,AUXILIARY_ONLY
RV-V03-000028,MSV1-52A9639E1762156A,IS 15732 (Part 1):2026,Endoscopes - Medical Endoscopes and Endotherapy Devices Part 1 General Requirements (Second Revision),hi,NOT_TRANSLATED,NEEDS_HUMAN_OR_MODEL_VALIDATION,AUXILIARY_ONLY
RV-V03-000029,MSV1-AC4D3D747EFD6CC3,IS 15732 (Part 4):2026,Endoscopes - Medical endoscopes and endotherapy devices Part 4 Determination of maximum width of insertion portion (Second Revision),hi,NOT_TRANSLATED,NEEDS_HUMAN_OR_MODEL_VALIDATION,AUXILIARY_ONLY
RV-V03-000030,MSV1-52A4FC6EAEBF8FE1,IS 13450 (Part 2/Sec 75):2026,Medical electrical equipment Part 2 Particular requirements for the basic safety and essential performance Section 75 Photodynamic therapy and photodynamic diagnosis equipment,hi,NOT_TRANSLATED,NEEDS_HUMAN_OR_MODEL_VALIDATION,AUXILIARY_ONLY
RV-V03-000031,MSV1-F6BAB5C5201D5B3E,IS 13450 (Part 2/Sec 83):2026,Medical electrical equipment Part 2 Particular requirements for the basic safety and essential performance Section 83 Home light therapy equipment,hi,NOT_TRANSLATED,NEEDS_HUMAN_OR_MODEL_VALIDATION,AUXILIARY_ONLY
RV-V03-000032,MSV1-CB5033454CF46F97,IS 5647:2026,p-TOLUIDINE SPECIFICATION,hi,NOT_TRANSLATED,NEEDS_HUMAN_OR_MODEL_VALIDATION,AUXILIARY_ONLY
RV-V03-000033,MSV1-1D08C26BAABC450A,IS 5649:2026,o-Toluidine,hi,NOT_TRANSLATED,NEEDS_HUMAN_OR_MODEL_VALIDATION,AUXILIARY_ONLY
RV-V03-000034,MSV1-121E312273C342CD,IS 6156:2026,Chlorosulphonic Acid — Code of Safety (First Revision),hi,NOT_TRANSLATED,NEEDS_HUMAN_OR_MODEL_VALIDATION,AUXILIARY_ONLY
RV-V03-000035,MSV1-238440F8B1C5DF30,IS 10870:2026,Hexane — Code of Safety (First Revision),hi,NOT_TRANSLATED,NEEDS_HUMAN_OR_MODEL_VALIDATION,AUXILIARY_ONLY
RV-V03-000036,MSV1-17AB49410C808873,IS 19887:2026,"Monocalcium phosphate, animal feed grade — Specification",hi,NOT_TRANSLATED,NEEDS_HUMAN_OR_MODEL_VALIDATION,AUXILIARY_ONLY
RV-V03-000037,MSV1-3AC813ED272F47C7,IS 19901:2026,Safe Handling of Biotherapeutic Products Used in Homoeopathy — Guidelines,hi,NOT_TRANSLATED,NEEDS_HUMAN_OR_MODEL_VALIDATION,AUXILIARY_ONLY
RV-V03-000038,MSV1-56488BF2DE8D3C2D,IS 19897:2026,Homoeopathic Mother Tinctures (Hydro-Alcoholic Extracts) — Test Methods,hi,NOT_TRANSLATED,NEEDS_HUMAN_OR_MODEL_VALIDATION,AUXILIARY_ONLY
RV-V03-000039,MSV1-C29C1E6215CD70B8,IS 19900:2026,Echinacea Angustifolia DC. Whole Plant for Use in Traditional Medicine — Specification,hi,NOT_TRANSLATED,NEEDS_HUMAN_OR_MODEL_VALIDATION,AUXILIARY_ONLY
RV-V03-000040,MSV1-C7A0A2CEA9EDCDAA,IS 19898:2026,Echinacea Angustifolia Hydro-Alcoholic Extract for Use in Homoeopathy — Specification,hi,NOT_TRANSLATED,NEEDS_HUMAN_OR_MODEL_VALIDATION,AUXILIARY_ONLY
RV-V03-000041,MSV1-073BAA08B6122FF1,IS 302 (Part 2/Sec 16):2026,Household and Similar Electrical Appliances - Safety Part 2 Particular Requirements Section 16 Food Waste Disposers,hi,NOT_TRANSLATED,NEEDS_HUMAN_OR_MODEL_VALIDATION,AUXILIARY_ONLY
RV-V03-000042,MSV1-9E8CA76691AB77AD,IS 302 (Part 2/Sec 36):2026,"Household and Similar Electrical Appliances — Safety Part 2 Particular Requirements Section 36 Commercial Electric Cooking Ranges, Ovens, Hobs and Hob Elements",hi,NOT_TRANSLATED,NEEDS_HUMAN_OR_MODEL_VALIDATION,AUXILIARY_ONLY
RV-V03-000043,MSV1-9568373A9402869B,IS 302 (Part 2/Sec 49):2026,Household and Similar Electrical Appliances — Safety Part 2 Particular Requirements Section 49 Commercial Electric Appliances for Keeping Food and Crockery Warm,hi,NOT_TRANSLATED,NEEDS_HUMAN_OR_MODEL_VALIDATION,AUXILIARY_ONLY
RV-V03-000044,MSV1-4F790F6EDA5FADBE,IS 302 (Part 2/Sec 54):2026,Household and Similar Electrical Appliances — Safety Part 2 Particular Requirements Section 54 Surface-Cleaning Appliances for Household Use Employing Liquids or Steam,hi,NOT_TRANSLATED,NEEDS_HUMAN_OR_MODEL_VALIDATION,AUXILIARY_ONLY
RV-V03-000045,MSV1-0D3263E3039E279B,IS/ISO/IEC/IEEE 8802 (Part 1):2021,Telecommunications and Exchange Between Information Technology Systems Requirements for Local and Metropolitan Area Networks Part 1X: Port-Based Network Access Control First Revision,hi,NOT_TRANSLATED,NEEDS_HUMAN_OR_MODEL_VALIDATION,AUXILIARY_ONLY
RV-V03-000046,MSV1-A9D21EFE6B4252C1,IS/ISO/IEC 11179 (Part 6):2023,Information Technology Metadata Registries MDR Part 6: Registration First Revision,hi,NOT_TRANSLATED,NEEDS_HUMAN_OR_MODEL_VALIDATION,AUXILIARY_ONLY
RV-V03-000047,MSV1-9CFA1FE8910113D0,IS/ISO/IEC 14882:2024,Programming languages C + + (Second Revision),hi,NOT_TRANSLATED,NEEDS_HUMAN_OR_MODEL_VALIDATION,AUXILIARY_ONLY
RV-V03-000048,MSV1-0C86F9F21218E54B,IS 302 (Part 2/Sec 26):2026,Household and Similar Electrical Appliances —— Safety Part 2 Particular Requirements Section 26 Clocks (Second Revision),hi,NOT_TRANSLATED,NEEDS_HUMAN_OR_MODEL_VALIDATION,AUXILIARY_ONLY
RV-V03-000049,MSV1-7999720A6F32853F,IS 7324:2026,BRIX HYDROMETERS SPECIFICATION Second Revision,hi,NOT_TRANSLATED,NEEDS_HUMAN_OR_MODEL_VALIDATION,AUXILIARY_ONLY
RV-V03-000050,MSV1-3377AE13642F3A3E,IS 15284 (Part 1):2026,Design and Construction for Ground Improvement — Code of Practice : Part 1 Stone Columns,hi,NOT_TRANSLATED,NEEDS_HUMAN_OR_MODEL_VALIDATION,AUXILIARY_ONLY
RV-V03-000051,MSV1-C956F39F4CBE6C55,IS 15284 (Part 2):2026,Design and Construction for Ground Improvement - Code of Practice : Part 2 Preconsolidation Using Vertical Drains,hi,NOT_TRANSLATED,NEEDS_HUMAN_OR_MODEL_VALIDATION,AUXILIARY_ONLY
RV-V03-000052,MSV1-A9948391AE2E7355,IS 6452:2026,High Alumina Cement for Structural Use - Specification (Second Revision),hi,NOT_TRANSLATED,NEEDS_HUMAN_OR_MODEL_VALIDATION,AUXILIARY_ONLY
RV-V03-000053,MSV1-28E0EFBB542CB521,IS 11233:2026,"Design and Construction of Foundations for Radar and Satellite Tracking Antennas, Microwave, Mobile and Television Towers — Code of Practice (First Revision)",hi,NOT_TRANSLATED,NEEDS_HUMAN_OR_MODEL_VALIDATION,AUXILIARY_ONLY
RV-V03-000054,MSV1-06A04D781D01A2C6,IS 17425:2026,Irrigation Equipment - Quick Coupled Polyethylene Pipes and Fittings for Sprinkler Irrigation Systems - Specification (First Revision),hi,NOT_TRANSLATED,NEEDS_HUMAN_OR_MODEL_VALIDATION,AUXILIARY_ONLY
RV-V03-000055,MSV1-EE967F00771BBFCC,IS 5306:2025,"Sodium carboxymethyl cellulose, food grade - Specification (third revision)",hi,NOT_TRANSLATED,NEEDS_HUMAN_OR_MODEL_VALIDATION,AUXILIARY_ONLY
RV-V03-000056,MSV1-B34CAE2322CD0273,IS 5867:2026,Leather Board for Footwear Insole - Specification (First Revision ),hi,NOT_TRANSLATED,NEEDS_HUMAN_OR_MODEL_VALIDATION,AUXILIARY_ONLY
RV-V03-000057,MSV1-A0F5D002CD6D8458,IS 7328:2026,POLYETHYLENE PE MATERIAL FOR MOULDING AND EXTRUSION SPECIFICATION Third Revision,hi,NOT_TRANSLATED,NEEDS_HUMAN_OR_MODEL_VALIDATION,AUXILIARY_ONLY
RV-V03-000058,MSV1-4E3774B3A1934884,IS 8122 (Part 2):2026,Combine Harvester — Part 2 Test Code (Second Revision),hi,NOT_TRANSLATED,NEEDS_HUMAN_OR_MODEL_VALIDATION,AUXILIARY_ONLY
RV-V03-000059,MSV1-94037F90D8E26E91,IS 8122 (Part 1):2026,Combine Harvester - Part 1 Terminology (Second Revision),hi,NOT_TRANSLATED,NEEDS_HUMAN_OR_MODEL_VALIDATION,AUXILIARY_ONLY
RV-V03-000060,MSV1-229DB785CAF139F3,IS 7585:2026,Wines - Methods of analysis (Second Revision),hi,NOT_TRANSLATED,NEEDS_HUMAN_OR_MODEL_VALIDATION,AUXILIARY_ONLY
RV-V03-000061,MSV1-38FC966A8B23DAF1,IS 9374:2026 P,Flour Milling Industry – Glossary (First Revision),hi,NOT_TRANSLATED,NEEDS_HUMAN_OR_MODEL_VALIDATION,AUXILIARY_ONLY
RV-V03-000062,MSV1-D4104E86FD409C9A,IS 1989 (Part 1):2026,Specification for leather safety boots and shoes: Part 1 for miners (Fifth Revision),hi,NOT_TRANSLATED,NEEDS_HUMAN_OR_MODEL_VALIDATION,AUXILIARY_ONLY
RV-V03-000063,MSV1-341D8871D06A8302,IS 1989 (Part 2):2026,Specification for leather safety boots and shoes: Part 2 for heavy metal industries (Fifth Revision),hi,NOT_TRANSLATED,NEEDS_HUMAN_OR_MODEL_VALIDATION,AUXILIARY_ONLY
RV-V03-000064,MSV1-306742234323BAD0,IS 2553 (Part 3):2026,Safety Glass — Specification Part 3 Solar Applications (First Revision),hi,NOT_TRANSLATED,NEEDS_HUMAN_OR_MODEL_VALIDATION,AUXILIARY_ONLY
RV-V03-000065,MSV1-D23D7435D3D50E05,IS 19655 (Part 6):2026,Handmade Paper for Certificates Specification,hi,NOT_TRANSLATED,NEEDS_HUMAN_OR_MODEL_VALIDATION,AUXILIARY_ONLY
RV-V03-000066,MSV1-B5CC69A422B27985,IS 19535:2026,Board - Determination of puncture resistance using a pendulum device,hi,NOT_TRANSLATED,NEEDS_HUMAN_OR_MODEL_VALIDATION,AUXILIARY_ONLY
RV-V03-000067,MSV1-545BE6EB7DCC4BB8,IS 19792:2026,Pharmacovigilance Centre for Ayurveda Siddha Sowa-Rigpa Unani and Homoeopathy ( ASU & H) systems Service Requirements,hi,NOT_TRANSLATED,NEEDS_HUMAN_OR_MODEL_VALIDATION,AUXILIARY_ONLY
RV-V03-000068,MSV1-C34C901843DA2D5A,IS 19878:2026,Metallic and Other Inorganic Coatings — Electropolishing as a Means of Smoothing and Passivating Stainless Steel,hi,NOT_TRANSLATED,NEEDS_HUMAN_OR_MODEL_VALIDATION,AUXILIARY_ONLY
RV-V03-000069,MSV1-802357F71631AFFF,IS 19885:2026,Geosynthetics - Drainage Geo-composite - Specification,hi,NOT_TRANSLATED,NEEDS_HUMAN_OR_MODEL_VALIDATION,AUXILIARY_ONLY
RV-V03-000070,MSV1-F4FC3A7D922E676B,IS 19700:2026,Stationery — Cutter Blades — Specification,hi,NOT_TRANSLATED,NEEDS_HUMAN_OR_MODEL_VALIDATION,AUXILIARY_ONLY
RV-V03-000071,MSV1-9DC23A884D902E31,IS 14452:2026,Textiles — Care Labelling Code Using Symbols (third revision),hi,NOT_TRANSLATED,NEEDS_HUMAN_OR_MODEL_VALIDATION,AUXILIARY_ONLY
RV-V03-000072,MSV1-FA7820263D6EA9F6,IS 17862:2026,E-Waste Management — Guidelines ( First Revision ),hi,NOT_TRANSLATED,NEEDS_HUMAN_OR_MODEL_VALIDATION,AUXILIARY_ONLY
RV-V03-000073,MSV1-EE4D9D49A42FE982,IS 19884:2026,Geosynthetic Clay Liner — Specification,hi,NOT_TRANSLATED,NEEDS_HUMAN_OR_MODEL_VALIDATION,AUXILIARY_ONLY
RV-V03-000074,MSV1-C81800F032E101C9,IS 12157:2026,Requirements for Construction of Work Platform of Powered Industrial Trucks (For Maintenance Purposes) (First Revision of IS 12157:1987),hi,NOT_TRANSLATED,NEEDS_HUMAN_OR_MODEL_VALIDATION,AUXILIARY_ONLY
RV-V03-000075,MSV1-1FF94D72C7865560,IS/ISO 7425 (Part 2):2021,"Hydraulic fluid power cylinders — Dimensions and tolerances of housings for elastomer energized, plastic-faced seals Part 2: Rod seal housings (first revision)",hi,NOT_TRANSLATED,NEEDS_HUMAN_OR_MODEL_VALIDATION,AUXILIARY_ONLY
RV-V03-000076,MSV1-0D94781525B38165,IS 7386:2026,Reverse-taper grooved pins — Half-length progressive grooves — Specification (Third Revision),hi,NOT_TRANSLATED,NEEDS_HUMAN_OR_MODEL_VALIDATION,AUXILIARY_ONLY
RV-V03-000077,MSV1-94D5BDD5BB26E38C,IS 16812:2026,Safety of Machinery — Interlocking Devices Associated with Guards — Principles for Design and Selection (First Revision),hi,NOT_TRANSLATED,NEEDS_HUMAN_OR_MODEL_VALIDATION,AUXILIARY_ONLY
RV-V03-000078,MSV1-302C8184BB21228D,IS 19841:2026,Galvanizing Grade (GG) Zinc Alloy Ingots for Hot Dip Galvanizing of Steel — Specification,hi,NOT_TRANSLATED,NEEDS_HUMAN_OR_MODEL_VALIDATION,AUXILIARY_ONLY
RV-V03-000079,MSV1-0853047EBA4C2BBA,IS 19592:2026,Gauge Block Comparator — Calibration,hi,NOT_TRANSLATED,NEEDS_HUMAN_OR_MODEL_VALIDATION,AUXILIARY_ONLY
RV-V03-000080,MSV1-A3AD2C99F6D3B04C,IS 3346:2026,Method for the Determination of Thermal Conductivity of Thermal Insulation Materials (Guarded Hot - Plate Method) (Second Revision),hi,NOT_TRANSLATED,NEEDS_HUMAN_OR_MODEL_VALIDATION,AUXILIARY_ONLY
RV-V03-000081,MSV1-C09219C191CD1358,IS 9357:2025,"Triallate, technical - Specification (first revision)",hi,NOT_TRANSLATED,NEEDS_HUMAN_OR_MODEL_VALIDATION,AUXILIARY_ONLY
RV-V03-000082,MSV1-6E2AC4A879DA5C3E,IS 14550:2025,Hexaconazole emulsifiable concentrate (EC) - Specification (first revision),hi,NOT_TRANSLATED,NEEDS_HUMAN_OR_MODEL_VALIDATION,AUXILIARY_ONLY
RV-V03-000083,MSV1-1C3D1AA19851F6FF,IS 16122:2026,Microbiology of the food chain — General requirements and guidance for microbiological examinations,hi,NOT_TRANSLATED,NEEDS_HUMAN_OR_MODEL_VALIDATION,AUXILIARY_ONLY
RV-V03-000084,MSV1-B9D1FE08BA19B57A,IS 19864:2026,DETERMINATION OF POLAR PESTICIDES IN RAW FOOD COMMODITIES OF PLANT ORIGIN BY LIQUID CHROMATOGRAPHY-TRIPLE QUADRUPOLE MASS SPECTROMETRY — METHOD OF TEST,hi,NOT_TRANSLATED,NEEDS_HUMAN_OR_MODEL_VALIDATION,AUXILIARY_ONLY
RV-V03-000085,MSV1-7451C258E34A751F,IS 19866:2026,Estimation of Paraquat and Diquat Residues in Plant Origin Products with Acidified Methanol Using LC-MS/MS — Method of Test,hi,NOT_TRANSLATED,NEEDS_HUMAN_OR_MODEL_VALIDATION,AUXILIARY_ONLY
RV-V03-000086,MSV1-64EB12ECDD1A95D0,IS 17874 (Part 2):2026,Glossary of Yoga Terminology - Part 2 Commonly used Terms from Gheranda Samhita,hi,NOT_TRANSLATED,NEEDS_HUMAN_OR_MODEL_VALIDATION,AUXILIARY_ONLY
RV-V03-000087,MSV1-66867C227F828F27,IS 17874 (Part 3):2026,Glossary of Yoga Terminology - Part 3 Commonly Used Terms from Hatha Yoga Pradipika,hi,NOT_TRANSLATED,NEEDS_HUMAN_OR_MODEL_VALIDATION,AUXILIARY_ONLY
RV-V03-000088,MSV1-DF3ED66004F6B364,IS 19510:2025,"Ametryn, technical - Specification",hi,NOT_TRANSLATED,NEEDS_HUMAN_OR_MODEL_VALIDATION,AUXILIARY_ONLY
RV-V03-000089,MSV1-B037D56F0ED5BAED,IS 19823:2026,"POTENTIOMETRIC DETERMINATION OF CHLORIDE IN MILK, MILK PRODUCTS AND MILK BASED NUTRITION FORMULATIONS (INFANT & ADULT) - METHOD OF TEST",hi,NOT_TRANSLATED,NEEDS_HUMAN_OR_MODEL_VALIDATION,AUXILIARY_ONLY
RV-V03-000090,MSV1-AE53EE491FC386E3,IS 19846:2026,Heat-processed foods in hermetically sealed containers — Determination of pH,hi,NOT_TRANSLATED,NEEDS_HUMAN_OR_MODEL_VALIDATION,AUXILIARY_ONLY
RV-V03-000091,MSV1-5BD5EE33863BBF72,IS 17113 (Part 7):2026,Microbiology of the food chain — Method validation — Part 7 : Protocol for the validation of identification methods of microorganisms,hi,NOT_TRANSLATED,NEEDS_HUMAN_OR_MODEL_VALIDATION,AUXILIARY_ONLY
RV-V03-000092,MSV1-698C080561EB07EC,IS 19844:2026,Microbiology of the food chain — Polymerase chain reaction (PCR) for the detection of microorganisms — Thermal performance testing of thermal cyclers,hi,NOT_TRANSLATED,NEEDS_HUMAN_OR_MODEL_VALIDATION,AUXILIARY_ONLY
RV-V03-000093,MSV1-23D3C2D3A60BC824,IS 19843:2026,Microbiology of the food chain — Detection and quantification of histamine in fish and fishery products — HPLC method,hi,NOT_TRANSLATED,NEEDS_HUMAN_OR_MODEL_VALIDATION,AUXILIARY_ONLY
RV-V03-000094,MSV1-55A346C419609FAE,IS 19859:2026,Water quality — Enumeration of intestinal enterococci Most probable number method,hi,NOT_TRANSLATED,NEEDS_HUMAN_OR_MODEL_VALIDATION,AUXILIARY_ONLY
RV-V03-000095,MSV1-01D376125BA0F557,IS 19848:2026,Water quality — Requirements for the comparison of the relative recovery of microorganisms by two quantitative methods,hi,NOT_TRANSLATED,NEEDS_HUMAN_OR_MODEL_VALIDATION,AUXILIARY_ONLY
RV-V03-000096,MSV1-D3876678EC2A0499,IS 19847:2026,"Water quality — Polymerase chain reaction (PCR) for the detection and quantification of microorganisms and viruses — General requirements, quality assurance and validation",hi,NOT_TRANSLATED,NEEDS_HUMAN_OR_MODEL_VALIDATION,AUXILIARY_ONLY
RV-V03-000097,MSV1-A92FA5B8E06BF287,IS 19860:2026,Water Quality — Detection and Quantification of Legionella spp. and/or Legionella Pneumophila by Concentration and Genic Amplification by Quantitative Polymerase Chain Reaction (qPCR) — On-Site Methods,hi,NOT_TRANSLATED,NEEDS_HUMAN_OR_MODEL_VALIDATION,AUXILIARY_ONLY
RV-V03-000098,MSV1-5FFC9FE2B0387F2D,IS 19845:2026,Water quality — Sampling for microbiological analysis,hi,NOT_TRANSLATED,NEEDS_HUMAN_OR_MODEL_VALIDATION,AUXILIARY_ONLY
RV-V03-000099,MSV1-82F0E9CD35E8A931,IS 302 (Part 2/Sec 17):2026,"Household and Similar Electrical Appliances — Safety Part 2 Particular Requirements Section 17 Blankets, Pads, Clothing and Similar Flexible Heating Appliances",hi,NOT_TRANSLATED,NEEDS_HUMAN_OR_MODEL_VALIDATION,AUXILIARY_ONLY
RV-V03-000100,MSV1-A7DCF70681073EAE,IS 302 (Part 2/Sec 10):2026,Household and Similar Electrical Appliances — Safety Part 2 Particular Requirements Section 10 Floor Treatment Machines and Wet Scrubbing Machines,hi,NOT_TRANSLATED,NEEDS_HUMAN_OR_MODEL_VALIDATION,AUXILIARY_ONLY
RV-V03-000101,MSV1-91EF7F4B938D71E1,IS 302 (Part 2/Sec 28):2026,Household and Similar Electrical Appliances — Safety Part 2 Particular Requirements Section 28 Sewing Machines,hi,NOT_TRANSLATED,NEEDS_HUMAN_OR_MODEL_VALIDATION,AUXILIARY_ONLY
RV-V03-000102,MSV1-37560BE34E3558A6,IS 302 (Part 2/Sec 37):2026,Household and Similar Electrical Appliances — Safety Part 2 Particular Requirements Section 37 Commercial Electric Doughnut Fryers and Deep Fat Fryers,hi,NOT_TRANSLATED,NEEDS_HUMAN_OR_MODEL_VALIDATION,AUXILIARY_ONLY
RV-V03-000103,MSV1-9A31F5182B4BEF80,IS 302 (Part 2/Sec 48):2026,Household and Similar Electrical Appliances — Safety Part 2 Particular Requirements Section 48 Commercial Electric Grillers and Toasters,hi,NOT_TRANSLATED,NEEDS_HUMAN_OR_MODEL_VALIDATION,AUXILIARY_ONLY
RV-V03-000104,MSV1-31DE370A379FB808,IS 302 (Part 2/Sec 98):2026,Household and Similar Electrical Appliances — Safety Part 2 Particular Requirements Section 98 Humidifiers,hi,NOT_TRANSLATED,NEEDS_HUMAN_OR_MODEL_VALIDATION,AUXILIARY_ONLY
RV-V03-000105,MSV1-A272A6B335D6C75B,IS 19762:2026,Interconnection and Interoperability of Inverter-Based Resources (IBRs) Interconnecting with Associated Transmission Electric Power Systems,hi,NOT_TRANSLATED,NEEDS_HUMAN_OR_MODEL_VALIDATION,AUXILIARY_ONLY
RV-V03-000106,MSV1-E58C9523625C8DB7,IS 17017 (Part 23):2026,ELECTRIC VEHICLE CONDUCTIVE CHARGING SYSTEM PART 23: DC ELECTRIC VEHICLE SUPPLY EQUIPMENT First Revision,hi,NOT_TRANSLATED,NEEDS_HUMAN_OR_MODEL_VALIDATION,AUXILIARY_ONLY
RV-V03-000107,MSV1-7C9255AA2DA813CB,IS 13940:2026,"Cardiovascular Surgery Instruments — Bulldog Clamp, DeBakey Pattern —Specification ( First Revision )",hi,NOT_TRANSLATED,NEEDS_HUMAN_OR_MODEL_VALIDATION,AUXILIARY_ONLY
RV-V03-000108,MSV1-DE67857A5AA29730,IS/ISO/IEC 5218:2022,Information Technology Codes for the Representation of Human Sexes First Revision,hi,NOT_TRANSLATED,NEEDS_HUMAN_OR_MODEL_VALIDATION,AUXILIARY_ONLY
RV-V03-000109,MSV1-F8AE740159F945BD,IS 10680 (Part 1):2026,Programming languages Fortran Part 1: Base language Second Revision,hi,NOT_TRANSLATED,NEEDS_HUMAN_OR_MODEL_VALIDATION,AUXILIARY_ONLY
RV-V03-000110,MSV1-F0B2BE9C15DF3DEF,IS 14943 (Part 1):2026,Financial-Transaction-Card-Originated Messages — Interchange Message Specifications,hi,NOT_TRANSLATED,NEEDS_HUMAN_OR_MODEL_VALIDATION,AUXILIARY_ONLY
RV-V03-000111,MSV1-4F6822532A7855A7,IS/ISO 56001:2024,Innovation Management System — Requirements,hi,NOT_TRANSLATED,NEEDS_HUMAN_OR_MODEL_VALIDATION,AUXILIARY_ONLY
RV-V03-000112,MSV1-55C19B284F89F3CC,IS 19814:2026,Surgical Instruments - Scalpel Handle,hi,NOT_TRANSLATED,NEEDS_HUMAN_OR_MODEL_VALIDATION,AUXILIARY_ONLY
RV-V03-000113,MSV1-4D453E0ABEF71EAC,IS 19815:2026,Surgical Instruments - Scalpel Blade,hi,NOT_TRANSLATED,NEEDS_HUMAN_OR_MODEL_VALIDATION,AUXILIARY_ONLY
RV-V03-000114,MSV1-9EC291E6A78CC274,IS 19811:2026,Surgical Instruments - Disposable Scalpel,hi,NOT_TRANSLATED,NEEDS_HUMAN_OR_MODEL_VALIDATION,AUXILIARY_ONLY
RV-V03-000115,MSV1-C395702C2F0790E3,IS 19863 (Part 1):2026,Financial services -Financial information eXchange session layer -Part 1: FIX tagvalue encoding,hi,NOT_TRANSLATED,NEEDS_HUMAN_OR_MODEL_VALIDATION,AUXILIARY_ONLY
RV-V03-000116,MSV1-07FA5BBFD5BF4BDD,IS 19863 (Part 2):2026,Financial services -Financial information eXchange session layer -Part 2: FIX session layer,hi,NOT_TRANSLATED,NEEDS_HUMAN_OR_MODEL_VALIDATION,AUXILIARY_ONLY
RV-V03-000117,MSV1-05FC10FBF6167552,IS 19863 (Part 3):2026,Financial services -Financial information eXchange session layer -Part 3: FIX session layer test cases,hi,NOT_TRANSLATED,NEEDS_HUMAN_OR_MODEL_VALIDATION,AUXILIARY_ONLY
RV-V03-000118,MSV1-B2CC836DA84D217D,IS 1622:2026,Methods of Sampling and Microbiological Examination of Water and Wastewater (Second Revision),hi,NOT_TRANSLATED,NEEDS_HUMAN_OR_MODEL_VALIDATION,AUXILIARY_ONLY
RV-V03-000119,MSV1-970DCFD26B6F6889,IS/ISO 8573 (Part 5):2026,Compressed Air Part 5 Test Methods for Oil Vapour and Organic Solvent Content ( First Revision ),hi,NOT_TRANSLATED,NEEDS_HUMAN_OR_MODEL_VALIDATION,AUXILIARY_ONLY
RV-V03-000120,MSV1-6574984A1544326D,IS 16264:2026,Gas Analysis — Comparison Methods for Determining and Checking the Composition of Calibration Gas Mixtures ( First Revision ),hi,NOT_TRANSLATED,NEEDS_HUMAN_OR_MODEL_VALIDATION,AUXILIARY_ONLY
RV-V03-000121,MSV1-A6F75043795261A6,IS 16252:2026,Gas Analysis — Conversion of Gas Mixture Composition Data ( First Revision ),hi,NOT_TRANSLATED,NEEDS_HUMAN_OR_MODEL_VALIDATION,AUXILIARY_ONLY
RV-V03-000122,MSV1-F330FA1D4B0316D3,IS 5760:2026,"Argon, Compressed and Liquid - Specification (Third Revision)",hi,NOT_TRANSLATED,NEEDS_HUMAN_OR_MODEL_VALIDATION,AUXILIARY_ONLY
RV-V03-000123,MSV1-32CCDC9483073D23,IS 15583:2026,Compressed Helium Gas - Specification (First Revision),hi,NOT_TRANSLATED,NEEDS_HUMAN_OR_MODEL_VALIDATION,AUXILIARY_ONLY
RV-V03-000124,MSV1-4971086D304AD9F8,IS 17274 (Part 11):2026,Respiratory Protective Devices - Methods of Test and Test Equipment : Part 11 Determination of Field of Vision (First Revision),hi,NOT_TRANSLATED,NEEDS_HUMAN_OR_MODEL_VALIDATION,AUXILIARY_ONLY
RV-V03-000125,MSV1-30BD38FB77E4063B,IS 19872:2026,Gas analysis — Preparation of calibration gas mixtures — Part 2 Gravimetric method for Class II mixtures,hi,NOT_TRANSLATED,NEEDS_HUMAN_OR_MODEL_VALIDATION,AUXILIARY_ONLY
RV-V03-000126,MSV1-351334F4825A512F,IS 19875:2026,Gas analysis — Comparison methods for the determination of the composition of gas mixtures based on one- and two-point calibration,hi,NOT_TRANSLATED,NEEDS_HUMAN_OR_MODEL_VALIDATION,AUXILIARY_ONLY
RV-V03-000127,MSV1-C63CACDA59C7FFFE,IS 19869:2026,Gas mixtures — Gravimetric preparation — Mastering correlations in composition,hi,NOT_TRANSLATED,NEEDS_HUMAN_OR_MODEL_VALIDATION,AUXILIARY_ONLY
RV-V03-000128,MSV1-5C6AD0791B914EDD,IS 19873:2026,Gas analysis — Analytical methods for hydrogen fuel — Proton exchange membrane (PEM) fuel cell applications for road vehicles,hi,NOT_TRANSLATED,NEEDS_HUMAN_OR_MODEL_VALIDATION,AUXILIARY_ONLY
RV-V03-000129,MSV1-CD2C0FD60BB29751,IS 19874:2026,Gas analysis — Sampling guidelines,hi,NOT_TRANSLATED,NEEDS_HUMAN_OR_MODEL_VALIDATION,AUXILIARY_ONLY
RV-V03-000130,MSV1-C29F6D71616D5AF5,IS 19870:2026,Gas analysis — Purity analysis and the treatment of purity data,hi,NOT_TRANSLATED,NEEDS_HUMAN_OR_MODEL_VALIDATION,AUXILIARY_ONLY
RV-V03-000131,MSV1-3B7AE8EA1EE01995,IS 19871:2026,Gas analysis — General quality aspects and metrological traceability of calibration gas mixtures,hi,NOT_TRANSLATED,NEEDS_HUMAN_OR_MODEL_VALIDATION,AUXILIARY_ONLY
RV-V03-000132,MSV1-8DA8C9CE7C52D024,IS 5870:2026,Glass Enclosures for Internal Lighting of Passenger Coaches — Specification (First Revision),hi,NOT_TRANSLATED,NEEDS_HUMAN_OR_MODEL_VALIDATION,AUXILIARY_ONLY
RV-V03-000133,MSV1-D7DC7D9EF56657D0,IS 5681:2026,GENERAL METEOROLOGICAL LIQUID IN-GLASS THERMOMETERS — SPECIFICATION (Third Revision),hi,NOT_TRANSLATED,NEEDS_HUMAN_OR_MODEL_VALIDATION,AUXILIARY_ONLY
RV-V03-000134,MSV1-54BE620E17C32F33,IS 8697:2026,Export Packaging of Glass Container Ware - Code of practice (First Revision),hi,NOT_TRANSLATED,NEEDS_HUMAN_OR_MODEL_VALIDATION,AUXILIARY_ONLY
RV-V03-000135,MSV1-F5381FB562A81827,IS 8787:2026,Principles of design construction and Use of liquid-In-Glass Thermometers (Second Revision),hi,NOT_TRANSLATED,NEEDS_HUMAN_OR_MODEL_VALIDATION,AUXILIARY_ONLY
RV-V03-000136,MSV1-C2A1537F20395513,IS 7219:2026,Determination of Protein by Kjeldahl Method in Foods and Feeds —Methods of Test,hi,NOT_TRANSLATED,NEEDS_HUMAN_OR_MODEL_VALIDATION,AUXILIARY_ONLY
RV-V03-000137,MSV1-80B26619E5F31557,IS 8751 (Part 2):2026,Footwear Sizes in Mondopoint System Part 2 Length Grading (First Revision),hi,NOT_TRANSLATED,NEEDS_HUMAN_OR_MODEL_VALIDATION,AUXILIARY_ONLY
RV-V03-000138,MSV1-ACF95066F94D6435,IS 19857:2026,Preparation of Kuṭinīr Tablet (Decoction tablet) – Code of Practice,hi,NOT_TRANSLATED,NEEDS_HUMAN_OR_MODEL_VALIDATION,AUXILIARY_ONLY
RV-V03-000139,MSV1-06BEF344E49B7CD0,IS 19856:2026,Preparation of Cūraṇam tablet (Medicinal Powder tablet) - Code of Practice,hi,NOT_TRANSLATED,NEEDS_HUMAN_OR_MODEL_VALIDATION,AUXILIARY_ONLY
RV-V03-000140,MSV1-B6EE9EEFF75C4216,IS 19834:2026,Enterprise Architecture (EA) Security – Code of Practice,hi,NOT_TRANSLATED,NEEDS_HUMAN_OR_MODEL_VALIDATION,AUXILIARY_ONLY
RV-V03-000141,MSV1-57D6835421F7AD08,IS 19835:2026,Zero Trust Architecture (ZTA) - Implementation Framework,hi,NOT_TRANSLATED,NEEDS_HUMAN_OR_MODEL_VALIDATION,AUXILIARY_ONLY
RV-V03-000142,MSV1-9B108F9A928BB368,IS/ISO/IEC 8663:2025,Information Technology - Brain-Computer Interfaces - Vocabulary,hi,NOT_TRANSLATED,NEEDS_HUMAN_OR_MODEL_VALIDATION,AUXILIARY_ONLY
RV-V03-000143,MSV1-EA256D74D020A692,IS/ISO/IEC 27031:2025,Cybersecurity — Information and communication technology readiness for business continuity,hi,NOT_TRANSLATED,NEEDS_HUMAN_OR_MODEL_VALIDATION,AUXILIARY_ONLY
RV-V03-000144,MSV1-BDC3F6277CFB5DE7,IS 16500:2026,Devanagari Script and Hindi Spellings (First Revision),hi,NOT_TRANSLATED,NEEDS_HUMAN_OR_MODEL_VALIDATION,AUXILIARY_ONLY
RV-V03-000145,MSV1-ABB22359B2C8EE81,IS/ISO/IEC 19896 (Part 1):2025,"Information Security, Cybersecurity and Privacy Protection — Requirements for the Competence of IT Security Conformance Assessment Body Personnel Part 1 Overview and Concepts (First Revision )",hi,NOT_TRANSLATED,NEEDS_HUMAN_OR_MODEL_VALIDATION,AUXILIARY_ONLY
RV-V03-000146,MSV1-FDC490D362DA9389,IS/ISO/IEC 19896 (Part 3):2025,"Information Security, Cybersecurity and Privacy Protection — Requirements for the Competence of IT Security Conformance Assessment Body Personnel Part 3 Knowledge and Skills Requirements for Evaluators and Reviewers According to the ISO/IEC 15408 Series and ISO/IEC 18045 ( First Revision )",hi,NOT_TRANSLATED,NEEDS_HUMAN_OR_MODEL_VALIDATION,AUXILIARY_ONLY
RV-V03-000147,MSV1-62608CE1EDD2F938,IS/ISO/IEC 27018:2025,"Information Security, Cybersecurity and Privacy Protection — Guidelines for Protection of Personally Identifiable Information (PII) in Public Clouds Acting as PII Processors ( First Revision )",hi,NOT_TRANSLATED,NEEDS_HUMAN_OR_MODEL_VALIDATION,AUXILIARY_ONLY
RV-V03-000148,MSV1-9987B09C822D494D,IS 14990 (Part 5):2026,"Information Security, Cybersecurity and Privacy Protection - Evaluation Criteria for IT Security Part 5: Pre-defined Packages of Security Requirements",hi,NOT_TRANSLATED,NEEDS_HUMAN_OR_MODEL_VALIDATION,AUXILIARY_ONLY
RV-V03-000149,MSV1-E198DC907C72DF2C,IS 19751 (Part 1):2026,Railway infrastructure — Rail fastening systems: Part 1 Vocabulary,hi,NOT_TRANSLATED,NEEDS_HUMAN_OR_MODEL_VALIDATION,AUXILIARY_ONLY
RV-V03-000150,MSV1-51401E3EF8BDCDD9,IS 19751 (Part 2):2026,Railway infrastructure — Rail fastening systems: Part 2 Test method for longitudinal rail restraint,hi,NOT_TRANSLATED,NEEDS_HUMAN_OR_MODEL_VALIDATION,AUXILIARY_ONLY
RV-V03-000151,MSV1-B6B1EABBF5EA66B5,IS 19751 (Part 3):2026,Railway infrastructure — Rail fastening systems: Part 3 Proof load test method for pull-out resistance,hi,NOT_TRANSLATED,NEEDS_HUMAN_OR_MODEL_VALIDATION,AUXILIARY_ONLY
RV-V03-000152,MSV1-5A29EB1E2FA03E87,IS 19751 (Part 4):2026,Railway infrastructure — Rail fastening systems: Part 4 Test methods for resistance to repeated loading,hi,NOT_TRANSLATED,NEEDS_HUMAN_OR_MODEL_VALIDATION,AUXILIARY_ONLY
RV-V03-000153,MSV1-6457A583CCDE567B,IS 19751 (Part 5):2026,Railway infrastructure — Rail fastening systems: Part 5 Test method for electrical resistance,hi,NOT_TRANSLATED,NEEDS_HUMAN_OR_MODEL_VALIDATION,AUXILIARY_ONLY
RV-V03-000154,MSV1-31F47BDE1FCD3153,IS 19751 (Part 6):2026,Railway infrastructure — Rail fastening systems: Part 6 Test method for resistance to severe environmental conditions,hi,NOT_TRANSLATED,NEEDS_HUMAN_OR_MODEL_VALIDATION,AUXILIARY_ONLY
RV-V03-000155,MSV1-4C3205A4DE389B0B,IS 19751 (Part 7):2026,Railway infrastructure — Rail fastening systems: Part 7 Test method for clamping force and uplift stiffness,hi,NOT_TRANSLATED,NEEDS_HUMAN_OR_MODEL_VALIDATION,AUXILIARY_ONLY
RV-V03-000156,MSV1-16BCFA28DF39AC06,IS 19751 (Part 8):2026,Railway infrastructure — Rail fastening systems: Part 8 Test method for vertical stiffness,hi,NOT_TRANSLATED,NEEDS_HUMAN_OR_MODEL_VALIDATION,AUXILIARY_ONLY
RV-V03-000157,MSV1-668D485AA73DDB82,IS 1459:2026,KEROSENE SPECIFICATION,hi,NOT_TRANSLATED,NEEDS_HUMAN_OR_MODEL_VALIDATION,AUXILIARY_ONLY
RV-V03-000158,MSV1-B2B9F9C290A80FAE,IS 5508 (Part 18):2026,BENZENE - SPECIFICATION,hi,NOT_TRANSLATED,NEEDS_HUMAN_OR_MODEL_VALIDATION,AUXILIARY_ONLY
RV-V03-000159,MSV1-E9609669F0C94312,IS 3608 (Part 2):2026,GLASS ALCOHOLOMETERS SPECIFICATION PART 2 GLASS ALCOHOLOMETERS WITH THERMOMETER THERMO-ALCOHOLOMETERS (Second Revision),hi,NOT_TRANSLATED,NEEDS_HUMAN_OR_MODEL_VALIDATION,AUXILIARY_ONLY
RV-V03-000160,MSV1-85B77D77E91620F9,IS 10226 (Part 2):2026,DETERMINATION OF CRUDE FIBRE CONTENT IN FOOD PRODUCTS METHOD OF TEST PART II MODIFIED SCHARRER METHOD,hi,NOT_TRANSLATED,NEEDS_HUMAN_OR_MODEL_VALIDATION,AUXILIARY_ONLY
RV-V03-000161,MSV1-E82F324C886068BE,IS 10226 (Part 1):2026,DETERMINATION OF CRUDE FIBRE CONTENT IN FOOD PRODUCTS METHOD OF TEST PART 1 GENERAL METHOD (First Revision),hi,NOT_TRANSLATED,NEEDS_HUMAN_OR_MODEL_VALIDATION,AUXILIARY_ONLY
RV-V03-000162,MSV1-3A23B16CB0138F65,IS 12435:2026,Grading of Hides and Skins on the basis of Mass and Size — Guidelines (First Revision),hi,NOT_TRANSLATED,NEEDS_HUMAN_OR_MODEL_VALIDATION,AUXILIARY_ONLY
RV-V03-000163,MSV1-4DD5E835BE1CBC88,IS 1017:2026,Chamois Leather - Specification (Third Revision),hi,NOT_TRANSLATED,NEEDS_HUMAN_OR_MODEL_VALIDATION,AUXILIARY_ONLY
RV-V03-000164,MSV1-A804138002226807,IS 19877T:2026,Assessment of Potential Biodegradability of Plastics Under Controlled Laboratory Conditions,hi,NOT_TRANSLATED,NEEDS_HUMAN_OR_MODEL_VALIDATION,AUXILIARY_ONLY
RV-V03-000165,MSV1-FB8BCBD045328B17,IS 302 (Part 2/Sec 99):2026,Household and Similar Electrical Appliances — Safety Part 2 Particular Requirements Section 99 Commercial Electric Hoods,hi,NOT_TRANSLATED,NEEDS_HUMAN_OR_MODEL_VALIDATION,AUXILIARY_ONLY
RV-V03-000166,MSV1-77C37A240892FBD0,IS 19465:2025,TIME-DELAY SWITCHES TDS FOR HOUSEHOLD AND SIMILAR FIXED ELECTRICAL INSTALLATIONS - PARTICULAR REQUIREMENTS,hi,NOT_TRANSLATED,NEEDS_HUMAN_OR_MODEL_VALIDATION,AUXILIARY_ONLY
RV-V03-000167,MSV1-D04449759384997F,IS/IEC 60136:2024,Dimensions marking and testing of carbon brushes and dimensions of brush-holders for electrical machinery,hi,NOT_TRANSLATED,NEEDS_HUMAN_OR_MODEL_VALIDATION,AUXILIARY_ONLY
RV-V03-000168,MSV1-886B47F18F600A5A,IS 29997:2025,Internships Quality Guidelines for Host Organizations,hi,NOT_TRANSLATED,NEEDS_HUMAN_OR_MODEL_VALIDATION,AUXILIARY_ONLY
RV-V03-000169,MSV1-1DD2B96769E56A36,IS 1944:2026,Code of Practice for Road and Tunnel Lighting (Second Revision),hi,NOT_TRANSLATED,NEEDS_HUMAN_OR_MODEL_VALIDATION,AUXILIARY_ONLY
RV-V03-000170,MSV1-4BA2BE9D6DB89F85,IS 8783 (Part 2):2026,Winding wires for submersible motors - Specification: Part 2 materials for dielectric and jacket (Second Revision),hi,NOT_TRANSLATED,NEEDS_HUMAN_OR_MODEL_VALIDATION,AUXILIARY_ONLY
RV-V03-000171,MSV1-AE65C821030951E1,IS 8783 (Part 3):2026,Winding wires for submersible motors - Specification: Part 3 methods of tests (Second Revision),hi,NOT_TRANSLATED,NEEDS_HUMAN_OR_MODEL_VALIDATION,AUXILIARY_ONLY
RV-V03-000172,MSV1-826B40FDC1F56190,IS 8783 (Part 4/Sec 1):2026,Winding wires for submersible motors - Specification: Part 4 specification for indmdual wires: Sec 1 HR PVC insulated wires (Second Revision),hi,NOT_TRANSLATED,NEEDS_HUMAN_OR_MODEL_VALIDATION,AUXILIARY_ONLY
RV-V03-000173,MSV1-90CDBF2A07DCD8CA,IS 8783 (Part 4/Sec 2):2026,Winding wires for submersible motors - specification: Part 4 specification for individual wires: Sec 2 crosslinked polyethylene insulated and polyamide jacketed wires (Second Revision),hi,NOT_TRANSLATED,NEEDS_HUMAN_OR_MODEL_VALIDATION,AUXILIARY_ONLY
RV-V03-000174,MSV1-FCA73DFDC8A5CA07,IS 8783 (Part 4/Sec 3):2026,Winding wires for submersible motors - Specification: Part 4 specification for individual wires: Sec 3 polyester and polypropylene insulated winding wires (Second Revision),hi,NOT_TRANSLATED,NEEDS_HUMAN_OR_MODEL_VALIDATION,AUXILIARY_ONLY
RV-V03-000175,MSV1-1361C9DE1AC6A6B8,IS 16234:2026,Ships and Marine Technology Embarkation Ladders — Specification (First Revision),hi,NOT_TRANSLATED,NEEDS_HUMAN_OR_MODEL_VALIDATION,AUXILIARY_ONLY
RV-V03-000176,MSV1-FD7914B52EDD17A1,IS 9131:2026,Rim Locks and Latches (Mechanically Operated) - Specification (Second Revision),hi,NOT_TRANSLATED,NEEDS_HUMAN_OR_MODEL_VALIDATION,AUXILIARY_ONLY
RV-V03-000177,MSV1-3E4312BA66F2E3C0,IS 19757:2026,Alternative Drinking Water Service Provision During a Crisis — Guidelines,hi,NOT_TRANSLATED,NEEDS_HUMAN_OR_MODEL_VALIDATION,AUXILIARY_ONLY
RV-V03-000178,MSV1-53D526C9681923DB,IS 19607:2026,Gasket and Packing — Wire Reinforced Asbestos Fibre-Based Jointing Sheet — Specification,hi,NOT_TRANSLATED,NEEDS_HUMAN_OR_MODEL_VALIDATION,AUXILIARY_ONLY
RV-V03-000179,MSV1-A5DE34A469292C11,IS 19819:2026,Chemical Analysis of Refractory Products by X-ray Fluorescence (XRF) — Fused Cast-bead Method,hi,NOT_TRANSLATED,NEEDS_HUMAN_OR_MODEL_VALIDATION,AUXILIARY_ONLY
RV-V03-000180,MSV1-37BC8F33D6129131,IS 12410:2026,Soil Reclamation - Terminology (first revision),hi,NOT_TRANSLATED,NEEDS_HUMAN_OR_MODEL_VALIDATION,AUXILIARY_ONLY
RV-V03-000181,MSV1-85D5196653201866,IS 14685:2026,Total sulphur and sulphur compounds in soils - Methods of determination (first revision),hi,NOT_TRANSLATED,NEEDS_HUMAN_OR_MODEL_VALIDATION,AUXILIARY_ONLY
RV-V03-000182,MSV1-D8CA4EB662304BD8,IS 14684:2026,Total nitrogen and nitrogen Compounds in soils — Methods of determination (First Revision),hi,NOT_TRANSLATED,NEEDS_HUMAN_OR_MODEL_VALIDATION,AUXILIARY_ONLY
RV-V03-000183,MSV1-EA0B52630C714976,IS 101 (Part 5/Sec 1):2026,"Methods of sampling and test for paints, varnishes and related products: Part 5 Mechanical test on paint films: Sec 1 hardness tests (Fourth Revision)",hi,NOT_TRANSLATED,NEEDS_HUMAN_OR_MODEL_VALIDATION,AUXILIARY_ONLY
RV-V03-000184,MSV1-8BC9502746E56796,IS 1420:2026,Light basic magnesium carbonate - Specification (Third Revision),hi,NOT_TRANSLATED,NEEDS_HUMAN_OR_MODEL_VALIDATION,AUXILIARY_ONLY
RV-V03-000185,MSV1-A068ECD5E637B269,IS 13213:2026,Solvent-Borne Polyurethane Enamel Paint (Two Pack) — Specification (Second Revision),hi,NOT_TRANSLATED,NEEDS_HUMAN_OR_MODEL_VALIDATION,AUXILIARY_ONLY
RV-V03-000186,MSV1-D3478EB0536FB3E5,IS 15386:2026,Pressurized Irrigation Systems - Graphic Symbols (First Revision),hi,NOT_TRANSLATED,NEEDS_HUMAN_OR_MODEL_VALIDATION,AUXILIARY_ONLY
RV-V03-000187,MSV1-F9937A7550868B2B,IS 75:2026,"LINSEED / FLAXSEED OIL, RAW AND REFINED — SPECIFICATION",hi,NOT_TRANSLATED,NEEDS_HUMAN_OR_MODEL_VALIDATION,AUXILIARY_ONLY
RV-V03-000188,MSV1-99E3E7D36786FEFC,IS 887:2026,ANIMAL TALLOW — SPECIFICATION (Third Revision of IS 887),hi,NOT_TRANSLATED,NEEDS_HUMAN_OR_MODEL_VALIDATION,AUXILIARY_ONLY
RV-V03-000189,MSV1-F03896B7D2416F7E,IS 19854:2026,"Alternanthera sessilis (L.) R. Br., ex DC. Whole Plant for Use in Traditional Medicine – Specification",hi,NOT_TRANSLATED,NEEDS_HUMAN_OR_MODEL_VALIDATION,AUXILIARY_ONLY
RV-V03-000190,MSV1-68A238D847FCBFFA,IS 19852:2026,Butea monosperma (Lam.) Kuntze. seed for use in Traditional medicine – Specification,hi,NOT_TRANSLATED,NEEDS_HUMAN_OR_MODEL_VALIDATION,AUXILIARY_ONLY
RV-V03-000191,MSV1-99561B84C00FC8AB,IS 19851:2026,Hydnocarpus pentandra (Buch.-Ham.) Oken seed for use in Traditional medicine – Specification,hi,NOT_TRANSLATED,NEEDS_HUMAN_OR_MODEL_VALIDATION,AUXILIARY_ONLY
RV-V03-000192,MSV1-E52487131B483C3F,IS 19853:2026,Nelumbo nucifera Gaertn. Flower for use in Traditional Medicine – Specification,hi,NOT_TRANSLATED,NEEDS_HUMAN_OR_MODEL_VALIDATION,AUXILIARY_ONLY
RV-V03-000193,MSV1-E8C281A414419951,IS 19861:2026,Strychnos nux-vomica L. seed for use in Traditional medicine – Specification,hi,NOT_TRANSLATED,NEEDS_HUMAN_OR_MODEL_VALIDATION,AUXILIARY_ONLY
RV-V03-000194,MSV1-31E0472BB055514D,IS 19855:2026,Phyla nodiflora (L.) Greene Whole Plant for Use in Traditional Medicine – Specification,hi,NOT_TRANSLATED,NEEDS_HUMAN_OR_MODEL_VALIDATION,AUXILIARY_ONLY
RV-V03-000195,MSV1-BFAD4AB7AE7928D5,IS 19858:2026,Preparation of Cattu Tablet (Herbal extract tablet)- Code of Practice,hi,NOT_TRANSLATED,NEEDS_HUMAN_OR_MODEL_VALIDATION,AUXILIARY_ONLY
RV-V03-000196,MSV1-EE57B5C7DF35B8FB,IS 19809:2026,Vegetable oils — Determination of mineral oil saturated hydrocarbons (MOSH) and mineral oil aromatic hydrocarbons (MOAH) with online-coupled high performance liquid chromatography-gas chromatography-flame ionization detection (HPLC-GC-FID) analysis — Method for low limit of quantification,hi,NOT_TRANSLATED,NEEDS_HUMAN_OR_MODEL_VALIDATION,AUXILIARY_ONLY
RV-V03-000197,MSV1-7906DC506BF7935B,IS 8682:2026,Treatment and Disposal of Effluents of Dairy Industry – Guidelines (First Revision),hi,NOT_TRANSLATED,NEEDS_HUMAN_OR_MODEL_VALIDATION,AUXILIARY_ONLY
RV-V03-000198,MSV1-D9F9B3C979B5CEB1,IS/ISO 7507 (Part 2):2022,Petroleum and Liquid Petroleum Products — Calibration of Vertical Cylindrical Tanks Part 2 Optical-Reference-Line Method or Electro-Optical Distance-Ranging Method (First Revision),hi,NOT_TRANSLATED,NEEDS_HUMAN_OR_MODEL_VALIDATION,AUXILIARY_ONLY
RV-V03-000199,MSV1-9754D22D173BC3FB,IS 19726:2026,Textiles — Jute Shopping Bag — Specification,hi,NOT_TRANSLATED,NEEDS_HUMAN_OR_MODEL_VALIDATION,AUXILIARY_ONLY
RV-V03-000200,MSV1-05CE13DB7516C49E,IS 20201:2026,Community Seed Bank Management System - Requirements,hi,NOT_TRANSLATED,NEEDS_HUMAN_OR_MODEL_VALIDATION,AUXILIARY_ONLY
RV-V03-000201,MSV1-61F07B3B05559454,IS 432 (Part 1):2026,Specification for Mild Steel And Medium Tensile Steel Bars and Hard-Drawn Steel Wire for Concrete Reinforcement Part 1 Mild Steel and Medium Tensile Steel Bars Fourth Revision,hi,NOT_TRANSLATED,NEEDS_HUMAN_OR_MODEL_VALIDATION,AUXILIARY_ONLY
RV-V03-000202,MSV1-2C9E6E9AD5C687EE,IS 10125:2026,Copper Carbonate -- Specification (First Revision),hi,NOT_TRANSLATED,NEEDS_HUMAN_OR_MODEL_VALIDATION,AUXILIARY_ONLY
RV-V03-000203,MSV1-AE06420A03C86C36,IS 12292:2026,lead suboxide (Lead Oxide) for lead - Acid storage battery - Specification (First Revision),hi,NOT_TRANSLATED,NEEDS_HUMAN_OR_MODEL_VALIDATION,AUXILIARY_ONLY
RV-V03-000204,MSV1-6AB61EF743E6F7F7,IS 19519:2025,Sheesham Dalbergia sissoo Roxb dried Stem Bark for use in Traditional Medicine Specification,hi,NOT_TRANSLATED,NEEDS_HUMAN_OR_MODEL_VALIDATION,AUXILIARY_ONLY
RV-V03-000205,MSV1-EC3D5D050B097FB4,IS 4289 (Part 1):2026,Flexible Cables for Lifts and other Flexible Connections- Specification Part 1 Elastomer Insulated Cables,hi,NOT_TRANSLATED,NEEDS_HUMAN_OR_MODEL_VALIDATION,AUXILIARY_ONLY
RV-V03-000206,MSV1-54E050D46725A958,IS 16805:2026,Secondary Cells and Batteries Containing Alkaline or Other Non-Acid Electrolytes Safety Requirements for Secondary Lithium Cells and Batteries For Use in Industrial Applications (First Revision),hi,NOT_TRANSLATED,NEEDS_HUMAN_OR_MODEL_VALIDATION,AUXILIARY_ONLY
RV-V03-000207,MSV1-73E89D7DB746CA43,IS 16893 (Part 1):2026,Secondary Lithium-Ion Cells for the Propulsion of Electric Road Vehicles Part 1 Performance Testing (First Revision),hi,NOT_TRANSLATED,NEEDS_HUMAN_OR_MODEL_VALIDATION,AUXILIARY_ONLY
RV-V03-000208,MSV1-1C0B2B54CD4E4511,IS 16893 (Part 2):2026,Secondary Lithium-Ion Cells for the Propulsion of Electric Road Vehicles Part 2 Reliability and Abuse Testing (First Revision),hi,NOT_TRANSLATED,NEEDS_HUMAN_OR_MODEL_VALIDATION,AUXILIARY_ONLY
RV-V03-000209,MSV1-1ED1A4380DD1472D,IS 16893 (Part 3):2026,Secondary Lithium-Ion Cells for the Propulsion of Electric Road Vehicles Part 3 Safety Requirements First Revision,hi,NOT_TRANSLATED,NEEDS_HUMAN_OR_MODEL_VALIDATION,AUXILIARY_ONLY
RV-V03-000210,MSV1-198A1D4914B5D859,IS 19775:2026,Aircraft batteries Part 1 general test requirements and performance levels,hi,NOT_TRANSLATED,NEEDS_HUMAN_OR_MODEL_VALIDATION,AUXILIARY_ONLY
RV-V03-000211,MSV1-751B09B2A3E9B0DB,IS 19826:2026,Service excellence — Maturity model,hi,NOT_TRANSLATED,NEEDS_HUMAN_OR_MODEL_VALIDATION,AUXILIARY_ONLY
RV-V03-000212,MSV1-EAD3FFD7ADF43EAB,IS 19829:2026,Recreational diving services — Requirements for rebreather instructor training,hi,NOT_TRANSLATED,NEEDS_HUMAN_OR_MODEL_VALIDATION,AUXILIARY_ONLY
RV-V03-000213,MSV1-31735219AB7E2CF2,IS 19830:2026,Tourism and Related Services—Guidance on a Contingency Plan for Infection Prevention and Control (IPC) in the Exhibition Industry,hi,NOT_TRANSLATED,NEEDS_HUMAN_OR_MODEL_VALIDATION,AUXILIARY_ONLY
RV-V03-000214,MSV1-A021BE5BBBDD0699,IS 19828:2026,Service excellence — Measuring service excellence performance,hi,NOT_TRANSLATED,NEEDS_HUMAN_OR_MODEL_VALIDATION,AUXILIARY_ONLY
RV-V03-000215,MSV1-370DB5849FB56D3D,IS 19831:2026,Recreational diving services — Requirements for artificial open water sites,hi,NOT_TRANSLATED,NEEDS_HUMAN_OR_MODEL_VALIDATION,AUXILIARY_ONLY
RV-V03-000216,MSV1-62BFBFD8A77A7F75,IS/IEC 61537:2023,Cable management Cable tray systems and cable ladder systems (First Revision),hi,NOT_TRANSLATED,NEEDS_HUMAN_OR_MODEL_VALIDATION,AUXILIARY_ONLY
RV-V03-000217,MSV1-89988CEA147CDB80,IS 16724:2026,"Explosive atmospheres — Electrical installation design, selection and installation of equipment, including initial inspection",hi,NOT_TRANSLATED,NEEDS_HUMAN_OR_MODEL_VALIDATION,AUXILIARY_ONLY
RV-V03-000218,MSV1-748EE3CB0201C75B,IS 8810:2026,"Rougine for Lacrimal Sac, Rollet’s Pattern — Specification",hi,NOT_TRANSLATED,NEEDS_HUMAN_OR_MODEL_VALIDATION,AUXILIARY_ONLY
RV-V03-000219,MSV1-78A5C049E52B3C96,IS 19778:2026,Use of Geospatial Tools and Technologies in Environmental Impact Assessment and Environment Management Plan — Recommendations,hi,NOT_TRANSLATED,NEEDS_HUMAN_OR_MODEL_VALIDATION,AUXILIARY_ONLY
RV-V03-000220,MSV1-F31F0649C99A8268,IS 19711:2026,DataContent Standard for Geospatial Information - Part 3 Geology,hi,NOT_TRANSLATED,NEEDS_HUMAN_OR_MODEL_VALIDATION,AUXILIARY_ONLY
RV-V03-000221,MSV1-DB6F18169B480538,IS 19632:2026,Fall Detectors - Specification,hi,NOT_TRANSLATED,NEEDS_HUMAN_OR_MODEL_VALIDATION,AUXILIARY_ONLY
RV-V03-000222,MSV1-3B8B90EB541594E0,IS 19359:2026,e-EXPLODERS – SPECIFICATION,hi,NOT_TRANSLATED,NEEDS_HUMAN_OR_MODEL_VALIDATION,AUXILIARY_ONLY
RV-V03-000223,MSV1-BBB3160A079DBCEB,IS 19636:2026,Renewable Energy Power Forecasting Technology,hi,NOT_TRANSLATED,NEEDS_HUMAN_OR_MODEL_VALIDATION,AUXILIARY_ONLY
RV-V03-000224,MSV1-A057E509E5F93AD9,IS 19827:2026,Service excellence — Implementation approach for ISO 23592,hi,NOT_TRANSLATED,NEEDS_HUMAN_OR_MODEL_VALIDATION,AUXILIARY_ONLY
RV-V03-000225,MSV1-803C171CC7C12F34,IS 19832:2026,Recreational diving services—Requirements for rebreather diver training — No-decompression diving,hi,NOT_TRANSLATED,NEEDS_HUMAN_OR_MODEL_VALIDATION,AUXILIARY_ONLY
RV-V03-000226,MSV1-D47B0ED7C2D1DE67,IS 19833:2026,Recreational diving services—Requirements for rebreather diver training—Decompression diving to 45 m,hi,NOT_TRANSLATED,NEEDS_HUMAN_OR_MODEL_VALIDATION,AUXILIARY_ONLY
RV-V03-000227,MSV1-217500899F036188,IS 3009:2026,Brushes Shoe Polishing Specification Fourth Revision,hi,NOT_TRANSLATED,NEEDS_HUMAN_OR_MODEL_VALIDATION,AUXILIARY_ONLY
RV-V03-000228,MSV1-20ED8D3877728144,IS 18698:2026,DIMETHYL ETHER (DME) BLENDED LIQUEFIED PETROLEUM GAS (LPG) — SPECIFICATION,hi,NOT_TRANSLATED,NEEDS_HUMAN_OR_MODEL_VALIDATION,AUXILIARY_ONLY
RV-V03-000229,MSV1-D7404BE2DF5D03A6,IS 19749:2026,Probabilistic Risk Assessment of Nuclear Power Plants - Guidelines,hi,NOT_TRANSLATED,NEEDS_HUMAN_OR_MODEL_VALIDATION,AUXILIARY_ONLY
RV-V03-000230,MSV1-79AAE7280CE07BC8,IS 19788:2026,Clothianidin technical - Specification,hi,NOT_TRANSLATED,NEEDS_HUMAN_OR_MODEL_VALIDATION,AUXILIARY_ONLY
RV-V03-000231,MSV1-501036F01D0A3050,IS 19850:2026,"E22, E25, E27 & E30 FUEL – ADMIXTURE OF ANHYDROUS ETHANOL AND GASOLINE — SPECIFICATION",hi,NOT_TRANSLATED,NEEDS_HUMAN_OR_MODEL_VALIDATION,AUXILIARY_ONLY
RV-V03-000232,MSV1-3B092CDA007CF5B4,IS/ISO 14001:2026,Environmental management systems - Requirements with guidance for use (Third Revision),hi,NOT_TRANSLATED,NEEDS_HUMAN_OR_MODEL_VALIDATION,AUXILIARY_ONLY
RV-V03-000233,MSV1-26E3675C9AF667D5,IS 19756:2026,Benchmarking of Environmental Monitoring Services — Guidelines,hi,NOT_TRANSLATED,NEEDS_HUMAN_OR_MODEL_VALIDATION,AUXILIARY_ONLY
RV-V03-000234,MSV1-C88969FDF58BD311,IS 19782:2026,Textiles —Knitted Pyjamas — Specification,hi,NOT_TRANSLATED,NEEDS_HUMAN_OR_MODEL_VALIDATION,AUXILIARY_ONLY
RV-V03-000235,MSV1-43EA6B7F4FF541A3,IS 19766 (Part 2):2026,Sustainability in buildings and civil engineering works — Sustainability indicators — Part 2: Framework for the development of indicators for civil engineering works,hi,NOT_TRANSLATED,NEEDS_HUMAN_OR_MODEL_VALIDATION,AUXILIARY_ONLY
RV-V03-000236,MSV1-7F3C72732EE70EEC,IS 12036:2026,Agricultural Tractors - Test Procedures - Power Tests for Power Take -Off (second revision),hi,NOT_TRANSLATED,NEEDS_HUMAN_OR_MODEL_VALIDATION,AUXILIARY_ONLY
RV-V03-000237,MSV1-68CCFFB28918F54C,IS 17905:2026,Animal feeding stuffs — Determination of phytase activity (First Revision),hi,NOT_TRANSLATED,NEEDS_HUMAN_OR_MODEL_VALIDATION,AUXILIARY_ONLY
RV-V03-000238,MSV1-1BEF13BF4A8B6029,IS 12062:2026,Agricultural Tractors — Exhaust Smoke Emitted — Method of Measurement (First Revision),hi,NOT_TRANSLATED,NEEDS_HUMAN_OR_MODEL_VALIDATION,AUXILIARY_ONLY
RV-V03-000239,MSV1-267EB8A04BF8E475,IS 101 (Part 1/Sec 3):2026,Methods of Sampling and Test for Paints Varnishes and Related Products Part 1 Tests on Liquid Paints General and Physical Section 3 Preparation of Panels (Fourth Revision),hi,NOT_TRANSLATED,NEEDS_HUMAN_OR_MODEL_VALIDATION,AUXILIARY_ONLY
RV-V03-000240,MSV1-97CC7B2B2A4885FE,IS 2072:2026,COMB FOUNDATION FOR APICULTURE — SPECIFICATION,hi,NOT_TRANSLATED,NEEDS_HUMAN_OR_MODEL_VALIDATION,AUXILIARY_ONLY
RV-V03-000241,MSV1-92D196DAFA00DB59,IS 101 (Part 4/Sec 1):2026,"Methods of sampling and test for paints, varnishes and related products: Part 4 optical test: Sec 1 opacity (Hiding Power) (Fourth Revision)",hi,NOT_TRANSLATED,NEEDS_HUMAN_OR_MODEL_VALIDATION,AUXILIARY_ONLY
RV-V03-000242,MSV1-E51EFF904E171FD3,IS 82:2026,Methods of sampling and test for thinners and solvents for paints (Second Revision),hi,NOT_TRANSLATED,NEEDS_HUMAN_OR_MODEL_VALIDATION,AUXILIARY_ONLY
RV-V03-000243,MSV1-ABA29E795E9789E5,IS 19790:2026,Glass in building — Electrochromic glazings — Tests and requirements (ISO 18543 : 2021. MOD),hi,NOT_TRANSLATED,NEEDS_HUMAN_OR_MODEL_VALIDATION,AUXILIARY_ONLY
RV-V03-000244,MSV1-2B3A9DF5389FF4A3,IS 19047 (Part 6):2026,Siddha - Glossary of Terms Part 6 Standardized Terminology for Processes and Medicine,hi,NOT_TRANSLATED,NEEDS_HUMAN_OR_MODEL_VALIDATION,AUXILIARY_ONLY
RV-V03-000245,MSV1-CFFCE91E007EB3D7,IS 19741:2026,Gymnema sylvestre R Br Root for Use in Traditional Medicine Specification,hi,NOT_TRANSLATED,NEEDS_HUMAN_OR_MODEL_VALIDATION,AUXILIARY_ONLY
RV-V03-000246,MSV1-F511D49CB57D10C5,IS 19821:2026,Water-Borne Polyurethane Enamel Paint (Two Pack) — Specification,hi,NOT_TRANSLATED,NEEDS_HUMAN_OR_MODEL_VALIDATION,AUXILIARY_ONLY
RV-V03-000247,MSV1-C0A2ADB906046B98,IS 10273:2026,Labelling of Agricultural and Forestry Tractors - Guidelines (Second Revision),hi,NOT_TRANSLATED,NEEDS_HUMAN_OR_MODEL_VALIDATION,AUXILIARY_ONLY
RV-V03-000248,MSV1-7B72654420194C45,IS 12226:2026,Agricultural Tractors — Test Procedures — Power Tests for Drawbar (Second Revision),hi,NOT_TRANSLATED,NEEDS_HUMAN_OR_MODEL_VALIDATION,AUXILIARY_ONLY
RV-V03-000249,MSV1-89D2FA09F8E2DF57,IS 15365:2026,Amino resins for paints (Second Revision),hi,NOT_TRANSLATED,NEEDS_HUMAN_OR_MODEL_VALIDATION,AUXILIARY_ONLY
RV-V03-000250,MSV1-963535220932BDC9,IS 101 (Part 5/Sec 4):2026,"Methods of sampling and test for paints, varnishes and related products: Part 5 Mechanical tests: Sec 4 Print free test (Fourth Revision)",hi,NOT_TRANSLATED,NEEDS_HUMAN_OR_MODEL_VALIDATION,AUXILIARY_ONLY
RV-V03-000251,MSV1-40F971BAA1A241DE,IS 101 (Part 3/Sec 1):2026,"Methods of sampling and test for paints, varnishes and related products: Part 3 tests on paint film formation: Sec 1 drying time (Fourth Revision)",hi,NOT_TRANSLATED,NEEDS_HUMAN_OR_MODEL_VALIDATION,AUXILIARY_ONLY
RV-V03-000252,MSV1-B41BB0B51E3E0983,IS 13425:2026,Ammonium nitrate for nitrous oxide production - Specification (first revision),hi,NOT_TRANSLATED,NEEDS_HUMAN_OR_MODEL_VALIDATION,AUXILIARY_ONLY
RV-V03-000253,MSV1-622AEF15401A67A2,IS 19787:2026,Tea bags - Specification,hi,NOT_TRANSLATED,NEEDS_HUMAN_OR_MODEL_VALIDATION,AUXILIARY_ONLY
RV-V03-000254,MSV1-DCC520809C8C17C8,IS 19736:2026,Citrullus colocynthis L Schrad Unripe fruit for Use in Traditional Medicine Specification,hi,NOT_TRANSLATED,NEEDS_HUMAN_OR_MODEL_VALIDATION,AUXILIARY_ONLY
RV-V03-000255,MSV1-E7C9D2138631B1A3,IS 19740:2026,Justicia adhatoda L Root for Use in Traditional Medicine Specification,hi,NOT_TRANSLATED,NEEDS_HUMAN_OR_MODEL_VALIDATION,AUXILIARY_ONLY
RV-V03-000256,MSV1-DD165BC48EC540DB,IS 19742:2026,Corallocarpus epigaeus Benth ex Hook f Tuberous root for Use in Traditional Medicine Specification,hi,NOT_TRANSLATED,NEEDS_HUMAN_OR_MODEL_VALIDATION,AUXILIARY_ONLY
RV-V03-000257,MSV1-07A306CF1FCDAB40,IS 19735:2026,Siddha Poti Timirtal Powder Rubbing Therapy Code of Practice,hi,NOT_TRANSLATED,NEEDS_HUMAN_OR_MODEL_VALIDATION,AUXILIARY_ONLY
RV-V03-000258,MSV1-18D6A6A660AE0306,IS 19737:2026,Siddha Pukai Fumigation Therapy Code of Practice,hi,NOT_TRANSLATED,NEEDS_HUMAN_OR_MODEL_VALIDATION,AUXILIARY_ONLY
RV-V03-000259,MSV1-E40F4A23845447F6,IS 7762:2026,"Specification for hook, eyelid",hi,NOT_TRANSLATED,NEEDS_HUMAN_OR_MODEL_VALIDATION,AUXILIARY_ONLY
RV-V03-000260,MSV1-B47752853A334DAA,IS 6420:2026,"Eye Surgery Instruments - Retractor, Eye Lachrymal Sac, Muller's Pattern - Specification (First Revision)",hi,NOT_TRANSLATED,NEEDS_HUMAN_OR_MODEL_VALIDATION,AUXILIARY_ONLY
RV-V03-000261,MSV1-7386EA3121FB9D6F,IS 7758:2026,"Specification For Curette, Eye, Evacuation, Moorfield's Pattern",hi,NOT_TRANSLATED,NEEDS_HUMAN_OR_MODEL_VALIDATION,AUXILIARY_ONLY
RV-V03-000262,MSV1-2522B9AFCAB75123,IS 8771:2026,"Specification For Needle Holder, Eye, Scissors And Forceps Combined, Castroviejo's Pattern (First Revision)",hi,NOT_TRANSLATED,NEEDS_HUMAN_OR_MODEL_VALIDATION,AUXILIARY_ONLY
RV-V03-000263,MSV1-D1766E239B24555F,IS 7767:2026,"Specification For Spatula, Eye, Cyclodialysis, Sinclair's Pattern",hi,NOT_TRANSLATED,NEEDS_HUMAN_OR_MODEL_VALIDATION,AUXILIARY_ONLY
RV-V03-000264,MSV1-472C7BC92305327E,IS 9062:2026,"Specification For Probes, Lacrimal, Bowman's Pattern",hi,NOT_TRANSLATED,NEEDS_HUMAN_OR_MODEL_VALIDATION,AUXILIARY_ONLY
RV-V03-000265,MSV1-8D9A4BF95797A1FF,IS 5722:2026,"Specification For Hook, Eye, Iris (Tyrrell's Pattern)",hi,NOT_TRANSLATED,NEEDS_HUMAN_OR_MODEL_VALIDATION,AUXILIARY_ONLY
RV-V03-000266,MSV1-D17033B89B1B647F,IS 10009:2026,"Breaker And Holder, Razor Blade, Barraquer's Pattern- Specification",hi,NOT_TRANSLATED,NEEDS_HUMAN_OR_MODEL_VALIDATION,AUXILIARY_ONLY
RV-V03-000267,MSV1-0DFB9F51EE8EB402,IS 9061:2026,"Eye Surgery Instruments - Dilators, Punctum, Wilder's Pattern - Specification (Second Revision)",hi,NOT_TRANSLATED,NEEDS_HUMAN_OR_MODEL_VALIDATION,AUXILIARY_ONLY
RV-V03-000268,MSV1-591E1857731C2643,IS 9134:2026,"Specification For Trephine, Corneal, Castroviejo's Pattern (First Revision)",hi,NOT_TRANSLATED,NEEDS_HUMAN_OR_MODEL_VALIDATION,AUXILIARY_ONLY
RV-V03-000269,MSV1-DE125E7EA48BEF8E,IS 11244:2026,"Specification for trephine, bone lacrimal with handle",hi,NOT_TRANSLATED,NEEDS_HUMAN_OR_MODEL_VALIDATION,AUXILIARY_ONLY
RV-V03-000270,MSV1-EEACA665BF5B9B58,IS 19734:2026,Aluminium and Aluminium Alloy Billets and Slabs — Specification,hi,NOT_TRANSLATED,NEEDS_HUMAN_OR_MODEL_VALIDATION,AUXILIARY_ONLY
RV-V03-000271,MSV1-FF2BC1E89908A113,IS 4296 (Part 1):2026,Tools for Pressing - Punches Part 1 Round Punches with 60 Degree Conical Head and Straight Shank (Third Revision),hi,NOT_TRANSLATED,NEEDS_HUMAN_OR_MODEL_VALIDATION,AUXILIARY_ONLY
RV-V03-000272,MSV1-D467484302055315,IS 15511:2026,Cycle Chains — Specification (First Revision),hi,NOT_TRANSLATED,NEEDS_HUMAN_OR_MODEL_VALIDATION,AUXILIARY_ONLY
RV-V03-000273,MSV1-6FE7D914B1A65017,IS 8533:2026,General Purpose Carabiners for Mountaineering — Specification (First Revision),hi,NOT_TRANSLATED,NEEDS_HUMAN_OR_MODEL_VALIDATION,AUXILIARY_ONLY
RV-V03-000274,MSV1-8C9CC8C9BC25620A,IS 16762:2026,Skis — Vocabulary (First Revision),hi,NOT_TRANSLATED,NEEDS_HUMAN_OR_MODEL_VALIDATION,AUXILIARY_ONLY
RV-V03-000275,MSV1-A1AF196C5F7266D3,SP 7:2026,National Building Construction Standards 2026,hi,NOT_TRANSLATED,NEEDS_HUMAN_OR_MODEL_VALIDATION,AUXILIARY_ONLY
RV-V03-000276,MSV1-7EB759C563841553,IS 8605:2026,Construction of Masonry in Dams — Code of Practice,hi,NOT_TRANSLATED,NEEDS_HUMAN_OR_MODEL_VALIDATION,AUXILIARY_ONLY
RV-V03-000277,MSV1-6A22B6D195FFC6C5,IS 4997:2026,Design of Hydraulic Jump Type Stilling Basins with Horizontal and Sloping Apron — Criteria,hi,NOT_TRANSLATED,NEEDS_HUMAN_OR_MODEL_VALIDATION,AUXILIARY_ONLY
RV-V03-000278,MSV1-BCD60D4E8A303BB0,IS 9401 (Part 1):2026,METHOD OF MEASUREMENT OF WORKS IN RIVER VALLEY PROJECTS DAMS AND APPURTENANT STRUCTURES PART 1 EXCAVATION FOR FOUNDATION,hi,NOT_TRANSLATED,NEEDS_HUMAN_OR_MODEL_VALIDATION,AUXILIARY_ONLY
RV-V03-000279,MSV1-D0D785503AF95DF8,IS 9401 (Part 9):2026,METHOD OF MEASUREMENT OF WORKS IN RIVER VALLEY PROJECTS DAMS AND APPURTENANT STRUCTURES PART 9 LINING,hi,NOT_TRANSLATED,NEEDS_HUMAN_OR_MODEL_VALIDATION,AUXILIARY_ONLY
RV-V03-000280,MSV1-684105A322D7D671,IS 9401 (Part 10):2026,METHOD OF MEASUREMENT OF WORKS IN RIVER VALLEY PROJECTS DAMS AND APPURTENANT STRUCTURES PART 10 FORMWORK,hi,NOT_TRANSLATED,NEEDS_HUMAN_OR_MODEL_VALIDATION,AUXILIARY_ONLY
RV-V03-000281,MSV1-6D3A36B9B8CB9BE9,IS 9401 (Part 12):2026,METHODS OF MEASUREMENT OF WORK IN RIVER VALLEY PROJECTS DAMS AND APPURTENANT STRUCTURES PART 12 TOPOGRAPHICAL SURVEYS,hi,NOT_TRANSLATED,NEEDS_HUMAN_OR_MODEL_VALIDATION,AUXILIARY_ONLY
RV-V03-000282,MSV1-269DBE4FA8EF9D34,IS 5878 (Part 1):2026,CONSTRUCTION OF TUNNELS CONVEYING WATER PART 1 PRECISION SURVEY AND SETTING OUT CODE OF PRACTICE First Revision of IS 5878 Part 1,hi,NOT_TRANSLATED,NEEDS_HUMAN_OR_MODEL_VALIDATION,AUXILIARY_ONLY
RV-V03-000283,MSV1-8B9CAE5924824CC7,IS 12633:2026,FIRST FILLING AND EMPTYING OF PRESSURE TUNNELS GUIDELINES First Revision of IS 12633,hi,NOT_TRANSLATED,NEEDS_HUMAN_OR_MODEL_VALIDATION,AUXILIARY_ONLY
RV-V03-000284,MSV1-1924A37A30C5BED4,IS 10334:2026,SELECTION SPLICING INSTALLATION AND PROVIDING PROTECTION TO THE OPEN ENDS OF CABLES USED FOR CONNECTING RESISTANCE TYPE MEASURING DEVICES IN CONCRETE AND MASONRY DAMS CODE OF PRACTICE,hi,NOT_TRANSLATED,NEEDS_HUMAN_OR_MODEL_VALIDATION,AUXILIARY_ONLY
RV-V03-000285,MSV1-47E6442A1C74B0C2,IS 10434 (Part 2):2026,INSTALLATION MAINTENANCE AND OBSERVATION OF DEFORMATION MEASURING DEVICES IN CONCRETE AND MASONRY DAMS GUIDELINES PART 2 VIBRATING WIRE TYPE JOINTMETER,hi,NOT_TRANSLATED,NEEDS_HUMAN_OR_MODEL_VALIDATION,AUXILIARY_ONLY
RV-V03-000286,MSV1-48650196D688E5C9,IS 15310:2026,HYDRAULIC DESIGN OF PUMP SUMPS AND INTAKES GUIDELINES First Revision of IS 15310,hi,NOT_TRANSLATED,NEEDS_HUMAN_OR_MODEL_VALIDATION,AUXILIARY_ONLY
RV-V03-000287,MSV1-6349650D432FE853,IS 11639 (Part 3):2026,CRITERIA FOR STRUCTURAL DESIGN OF PENSTOCK GUIDELINES PART 3 SPECIALS FOR PENSTOCKS First Revision of IS 11639 Part 3,hi,NOT_TRANSLATED,NEEDS_HUMAN_OR_MODEL_VALIDATION,AUXILIARY_ONLY
RV-V03-000288,MSV1-833B05278CE1B56A,IS 12615:2026,Line Operated Three Phase ac Motors IE CODE Efficiency Classes and Performance Specification,hi,NOT_TRANSLATED,NEEDS_HUMAN_OR_MODEL_VALIDATION,AUXILIARY_ONLY
RV-V03-000289,MSV1-F7E4D117444287F9,IS 19789:2026,Absorbent Incontinence Products for Urine andor Faeces Basic Principles for Evaluation of Single Use Adult Products from the Perspective of Users and Caregivers First Revision of ISISO 16021,hi,NOT_TRANSLATED,NEEDS_HUMAN_OR_MODEL_VALIDATION,AUXILIARY_ONLY
RV-V03-000290,MSV1-1A280FA566CCC20F,IS 17900 (Part 3/Sec 2):2025,LIFTS FOR THE TRANSPORT OF PERSONS AND GOODS PART 3: SPECIFICATIONS FOR PLANNING AND SELECTION : Section 2: Goods Automobile Lift,hi,NOT_TRANSLATED,NEEDS_HUMAN_OR_MODEL_VALIDATION,AUXILIARY_ONLY
RV-V03-000291,MSV1-2A29FA39961F77C9,IS/IEC 60068 (Part 2/Sec 11):2021,Environmental Testing Part 2: Tests Section 11: Test Ka - Salt mist,hi,NOT_TRANSLATED,NEEDS_HUMAN_OR_MODEL_VALIDATION,AUXILIARY_ONLY
RV-V03-000292,MSV1-110152D17C58BA1A,IS 19791:2026,ENT Surgery Instruments –– Microdebrider — Specification,hi,NOT_TRANSLATED,NEEDS_HUMAN_OR_MODEL_VALIDATION,AUXILIARY_ONLY
RV-V03-000293,MSV1-92BD1D35A93A7C92,IS/IEC 62563 (Part 1):2026,Medical Electrical Equipment Medical Image Display Systems Part 1 Evaluation methods First Revision,hi,NOT_TRANSLATED,NEEDS_HUMAN_OR_MODEL_VALIDATION,AUXILIARY_ONLY
RV-V03-000294,MSV1-49D4D2E583AC2F0F,IS 8317:2026,Cardiovascular Surgery Instruments – Angled Vascular Clamps – Specification,hi,NOT_TRANSLATED,NEEDS_HUMAN_OR_MODEL_VALIDATION,AUXILIARY_ONLY
RV-V03-000295,MSV1-E9E2DF0149CC118C,IS 16783:2026,Cable Cleats for Electrical Installations (First Revision),hi,NOT_TRANSLATED,NEEDS_HUMAN_OR_MODEL_VALIDATION,AUXILIARY_ONLY
RV-V03-000296,MSV1-E6ECB337B7C405FC,IS 17039:2026,Industrial Cable Reels (First Revision),hi,NOT_TRANSLATED,NEEDS_HUMAN_OR_MODEL_VALIDATION,AUXILIARY_ONLY
RV-V03-000297,MSV1-6F4B76BD17CFECB1,IS 19797:2026,"Security and resilience — Authenticity, integrity and trust for products and documents — Guidelines for securing physical documents",hi,NOT_TRANSLATED,NEEDS_HUMAN_OR_MODEL_VALIDATION,AUXILIARY_ONLY
RV-V03-000298,MSV1-C10F89FA0696976E,IS 19771:2026,Medical electrical equipment Dosimeters with ionization chambers as used in Radiotherapy IEC 60731:2011AMD1:2016 CSV MOD,hi,NOT_TRANSLATED,NEEDS_HUMAN_OR_MODEL_VALIDATION,AUXILIARY_ONLY
RV-V03-000299,MSV1-3FF81A66567F7963,IS 10284:2026,Lipsalve — Specification (First Revision),hi,NOT_TRANSLATED,NEEDS_HUMAN_OR_MODEL_VALIDATION,AUXILIARY_ONLY
RV-V03-000300,MSV1-4CEA10F60E3A8229,IS 8861:2026,"1,4-DICHLORO-2-NITROBENZENE SPECIFICATION",hi,NOT_TRANSLATED,NEEDS_HUMAN_OR_MODEL_VALIDATION,AUXILIARY_ONLY
RV-V03-000301,MSV1-FFDB9705C8F74515,IS 8873:2026,"Monomethylamine , Technical - Specification (First Revision)",hi,NOT_TRANSLATED,NEEDS_HUMAN_OR_MODEL_VALIDATION,AUXILIARY_ONLY
RV-V03-000302,MSV1-CFE9548F3AD8A2B0,IS 4887:2026,PETROLEUM JELLY FOR COSMETIC INDUSTRY - SPECIFICATION,hi,NOT_TRANSLATED,NEEDS_HUMAN_OR_MODEL_VALIDATION,AUXILIARY_ONLY
RV-V03-000303,MSV1-DD882D06A45F1DCE,IS 507:2026,GENERAL PURPOSE GREASE FOR DEFENCE APPLICATIONS SPECIFICATION,hi,NOT_TRANSLATED,NEEDS_HUMAN_OR_MODEL_VALIDATION,AUXILIARY_ONLY
RV-V03-000304,MSV1-E32CBB1B629D67D3,IS 9611:2026,SPECIFICATION FOR CUTTING OIL SOLUBLE CLEAR First Revision of IS 9611,hi,NOT_TRANSLATED,NEEDS_HUMAN_OR_MODEL_VALIDATION,AUXILIARY_ONLY
RV-V03-000305,MSV1-11DA08AE8A11FCFE,IS 5573:2026,Ethylene Oxide — Specification (Second Revision),hi,NOT_TRANSLATED,NEEDS_HUMAN_OR_MODEL_VALIDATION,AUXILIARY_ONLY
RV-V03-000306,MSV1-3923E5DA85B7FB5B,IS 3916:2026,Pig housing — Code of Practice (First Revision),hi,NOT_TRANSLATED,NEEDS_HUMAN_OR_MODEL_VALIDATION,AUXILIARY_ONLY
RV-V03-000307,MSV1-18519CD0197B68B4,IS 8543 (Part 1/Sec 1):2026,PLASTICS METHODS OF TESTING PART 1 CHARACTERIZATION OF POLYMER STRUCTURE AND SIZE SECTION 1 DETERMINATION OF MOLECULAR MASS FROM VISCOSITY first revision,hi,NOT_TRANSLATED,NEEDS_HUMAN_OR_MODEL_VALIDATION,AUXILIARY_ONLY
RV-V03-000308,MSV1-A5404AB7FEC6ECE9,IS 1216:2026,Tar and bituminous materials - Determination of solubility in trichloroethylene or toluene - Methods of test (Third Revision),hi,NOT_TRANSLATED,NEEDS_HUMAN_OR_MODEL_VALIDATION,AUXILIARY_ONLY
RV-V03-000309,MSV1-2E036130E29D827B,IS 101 (Part 1/Sec 7):2026,Methods of Sampling and Test for Paints Varnishes and Related Products Part 1 Test on Liquid Paints General and Physical Section 7 Mass per 10 litres - Determination of Density - Pycnometer Method (Fifth Revision),hi,NOT_TRANSLATED,NEEDS_HUMAN_OR_MODEL_VALIDATION,AUXILIARY_ONLY
RV-V03-000310,MSV1-08323FECACE1C244,IS 8461:2026,Cane knives - Specification (First Revision),hi,NOT_TRANSLATED,NEEDS_HUMAN_OR_MODEL_VALIDATION,AUXILIARY_ONLY
RV-V03-000311,MSV1-796858985E6D0F17,IS 1448 (Part 97):2026,Methods of test for petroleum and its products [p : 97] determination of thermal oxidation stability of gas turbine fuels - Jftot method (First Revision),hi,NOT_TRANSLATED,NEEDS_HUMAN_OR_MODEL_VALIDATION,AUXILIARY_ONLY
RV-V03-000312,MSV1-37FA75225AE8727F,IS 1448 (Part 186):2026,Petroleum Products and Related Products Determination of Kinematic Viscosity Method by Stabinger Type Viscometer,hi,NOT_TRANSLATED,NEEDS_HUMAN_OR_MODEL_VALIDATION,AUXILIARY_ONLY
RV-V03-000313,MSV1-3104558A317B4E25,IS 1448 (Part 187):2026,Methods of test for Petroleum and its Products Part 187 Petroleum Products-Determination of Sulfated Ash in Lubricating Oils and Additives,hi,NOT_TRANSLATED,NEEDS_HUMAN_OR_MODEL_VALIDATION,AUXILIARY_ONLY
RV-V03-000314,MSV1-9C14FC480F72864A,IS 1448 (Part 208):2019,PETROLEUM AND ITS PRODUCTS - TEST METHODS PART XX DETERMINATION OF DISTILLATION CHARACTERISTICS OF PETROLEUM PRODUCTS BY MICRO DISTILLATION METHOD,hi,NOT_TRANSLATED,NEEDS_HUMAN_OR_MODEL_VALIDATION,AUXILIARY_ONLY
RV-V03-000315,MSV1-225C5B0738E05B9A,IS 1448 (Part 210):2019,PETROLEUM AND ITS PRODUCTS - TEST METHODS PART XX EVALUATION OF LUBRICITY OF AVIATION TURBINE FUELS BY USING THE BALL-ON-CYLINDER LUBRICITY EVALUATOR BOCLE,hi,NOT_TRANSLATED,NEEDS_HUMAN_OR_MODEL_VALIDATION,AUXILIARY_ONLY
RV-V03-000316,MSV1-6A82E56751A0B0E0,IS 1448 (Part 211):2019,PETROLEUM AND ITS PRODUCTS - TEST METHODS PART STANDARD TEST METHOD FOR VAPOR PRESSURE OF PETROLEUM PRODUCTS MINI METHOD,hi,NOT_TRANSLATED,NEEDS_HUMAN_OR_MODEL_VALIDATION,AUXILIARY_ONLY
RV-V03-000317,MSV1-F4A9107A9C5717FE,IS 1448 (Part 212):2019,PETROLEUM AND ITS PRODUCTS - TEST METHODS PART XX DETERMINATION OF TRACE IMPURITIES IN MONOCYCLIC AROMATIC HYDROCARBONS WITH CARBON NUMBER SEPERATION BY GAS CHROMTOGRAPGHY METHOD,hi,NOT_TRANSLATED,NEEDS_HUMAN_OR_MODEL_VALIDATION,AUXILIARY_ONLY
RV-V03-000318,MSV1-ADF7BEC01A4445A5,IS 13360 (Part 5/Sec 5/Sub-Sec 1):2025,PLASTICS — METHODS OF TESTING PART 5 MECHANICAL PROPERTIES SECTION 5 DETERMINATION OF CHARPY IMPACT PROPERTIES SUBSEC 1 NON-INSTRUMENTED IMPACT TEST (Second Revision),hi,NOT_TRANSLATED,NEEDS_HUMAN_OR_MODEL_VALIDATION,AUXILIARY_ONLY
RV-V03-000319,MSV1-CDF8E3ECCB51FDD0,IS 16861:2026,HIGH FLASH HIGH SPEED DIESEL SPECIFICATION,hi,NOT_TRANSLATED,NEEDS_HUMAN_OR_MODEL_VALIDATION,AUXILIARY_ONLY
RV-V03-000320,MSV1-E50F4F5DC4070A00,IS 13360 (Part 3/Sec 2):2025,PLASTICS — METHODS OF TESTING PART 3 PHYSICAL AND DIMENSIONAL PROPERTIES Section 2 Determination of Apparent Density of Material that Can be Poured from a Specified Funnel (First Revision),hi,NOT_TRANSLATED,NEEDS_HUMAN_OR_MODEL_VALIDATION,AUXILIARY_ONLY
RV-V03-000321,MSV1-7E648C690DCEFC97,IS 14385:2026,ALUMINIUM COLD ROLLING OILS - FOIL AND SHEET ROLLING SPECIFICATION First Revision of IS 14385,hi,NOT_TRANSLATED,NEEDS_HUMAN_OR_MODEL_VALIDATION,AUXILIARY_ONLY
RV-V03-000322,MSV1-DD678452E1F8F45A,IS 13123:2025,POLY ETHYLENE TEREPHTHALATE PET BOTTLES FOR PACKAGING OF LIQUID PESTICIDES UP TO 5 LITRES CAPACITY SPECIFICATION,hi,NOT_TRANSLATED,NEEDS_HUMAN_OR_MODEL_VALIDATION,AUXILIARY_ONLY
RV-V03-000323,MSV1-EFFF058DE0CAD3B3,IS 16061:2026,HYDROGEN FUEL QUALITY PRODUCT SPECIFICATION Second Revision of IS 16061,hi,NOT_TRANSLATED,NEEDS_HUMAN_OR_MODEL_VALIDATION,AUXILIARY_ONLY
RV-V03-000324,MSV1-3E917D100EE4DBB5,IS 13360 (Part 3/Sec 9):2026,PLASTICS METHODS OF TESTING PART 3 PHYSICAL AND DIMENSIONAL PROPERTIES Section 9 Determination of Moisture First Revision,hi,NOT_TRANSLATED,NEEDS_HUMAN_OR_MODEL_VALIDATION,AUXILIARY_ONLY
RV-V03-000325,MSV1-679787A3A469F193,IS 11604:2026,WOVEN (MESH) TYPE SUPPORTING SCREENS FOR CONTINUOUS CENTRIFUGAL MACHINES USED IN SUGAR INDUSTRY ⸺ SPECIFICATION,hi,NOT_TRANSLATED,NEEDS_HUMAN_OR_MODEL_VALIDATION,AUXILIARY_ONLY
RV-V03-000326,MSV1-153679605DA38059,IS 15641 (Part 3):2026,Natural gas - Determination of water by karl fischer method: Part 3 coulometric procedure,hi,NOT_TRANSLATED,NEEDS_HUMAN_OR_MODEL_VALIDATION,AUXILIARY_ONLY
RV-V03-000327,MSV1-2B5C2837FEA56268,IS 19685:2026,SUNSCREEN COSMETIC PRODUCTS SPECIFICATION,hi,NOT_TRANSLATED,NEEDS_HUMAN_OR_MODEL_VALIDATION,AUXILIARY_ONLY
RV-V03-000328,MSV1-1BEBD16120FAE0ED,IS 19681:2026,FACE WASH - SPECIFICATION,hi,NOT_TRANSLATED,NEEDS_HUMAN_OR_MODEL_VALIDATION,AUXILIARY_ONLY
RV-V03-000329,MSV1-57568ED4982BCD60,IS 19683:2026,FACE AND BODY SCRUB - SPECIFICATION,hi,NOT_TRANSLATED,NEEDS_HUMAN_OR_MODEL_VALIDATION,AUXILIARY_ONLY
RV-V03-000330,MSV1-D189201813913042,IS 19682:2026,SHOWER GEL BODY WASH SPECIFICATION,hi,NOT_TRANSLATED,NEEDS_HUMAN_OR_MODEL_VALIDATION,AUXILIARY_ONLY
RV-V03-000331,MSV1-0BE02EEFFC1D07F7,IS 19487:2025,SAFE HANDLING OF BITUMEN AND BITUMEN PRODUCTS CODE OF PRACTICE,hi,NOT_TRANSLATED,NEEDS_HUMAN_OR_MODEL_VALIDATION,AUXILIARY_ONLY
RV-V03-000332,MSV1-E482FB2FB777EA04,IS 19733:2026,Hexylene Glycol - Specification,hi,NOT_TRANSLATED,NEEDS_HUMAN_OR_MODEL_VALIDATION,AUXILIARY_ONLY
RV-V03-000333,MSV1-5B7DFD32A536C975,IS 19694:2026,PLASTICS EVALUATION OF THE ACTION OF MICROORGANISMS,hi,NOT_TRANSLATED,NEEDS_HUMAN_OR_MODEL_VALIDATION,AUXILIARY_ONLY
RV-V03-000334,MSV1-195A4813F8C8A510,IS 19769:2026,Tarpana Code of Practice,hi,NOT_TRANSLATED,NEEDS_HUMAN_OR_MODEL_VALIDATION,AUXILIARY_ONLY
RV-V03-000335,MSV1-13EA422DFC3171B2,IS 17118 (Part 15):2026,Indoor Air Part 15 Sampling Strategy for Nitrogen Dioxide NO2,hi,NOT_TRANSLATED,NEEDS_HUMAN_OR_MODEL_VALIDATION,AUXILIARY_ONLY
RV-V03-000336,MSV1-CBE280705A7C0B5E,IS 19768:2026,Agnikarma Code of Practice,hi,NOT_TRANSLATED,NEEDS_HUMAN_OR_MODEL_VALIDATION,AUXILIARY_ONLY
RV-V03-000337,MSV1-D953ED15FD8E6A15,IS 8345:2026,Thoracic Surgery Instruments Bulldog Clamps Specification,hi,NOT_TRANSLATED,NEEDS_HUMAN_OR_MODEL_VALIDATION,AUXILIARY_ONLY
RV-V03-000338,MSV1-3CC6D2FF3CA2DDA1,IS 7116:2026,Obstetric Forceps Short - Specification First revision,hi,NOT_TRANSLATED,NEEDS_HUMAN_OR_MODEL_VALIDATION,AUXILIARY_ONLY
RV-V03-000339,MSV1-AD53C8F6C5FA2632,IS 7117:2026,Umbilical Cord Scissors — Specification First Revision,hi,NOT_TRANSLATED,NEEDS_HUMAN_OR_MODEL_VALIDATION,AUXILIARY_ONLY
RV-V03-000340,MSV1-CF3247DA4F7ACFE8,IS 11889:2026,Simultaneous Interpreting Interpreters Working Environment Part 1: Requirements and Recommendations for Permanent Booths Second Revision,hi,NOT_TRANSLATED,NEEDS_HUMAN_OR_MODEL_VALIDATION,AUXILIARY_ONLY
RV-V03-000341,MSV1-3DBA5BE73C5C046D,IS 12256:2026,UTERINE BIOPSY CURETTE ANGLED SPECIFICATION First Revision of IS 12256,hi,NOT_TRANSLATED,NEEDS_HUMAN_OR_MODEL_VALIDATION,AUXILIARY_ONLY
RV-V03-000342,MSV1-531AC2F0B9F8E1EA,IS 8773:2026,"Specification For Dissector, Lacrimal Sac, Lang's Pattern (First Revision)",hi,NOT_TRANSLATED,NEEDS_HUMAN_OR_MODEL_VALIDATION,AUXILIARY_ONLY
RV-V03-000343,MSV1-2777B4E599C748A1,IEC 61000 (Part 5/Sec 2):2026,Electromagnetic Compatibility EMC Part 5: Installation and Mitigation Guidelines Section 2: Earthing and Cabling,hi,NOT_TRANSLATED,NEEDS_HUMAN_OR_MODEL_VALIDATION,AUXILIARY_ONLY
RV-V03-000344,MSV1-539041168086BA67,IS 19638 (Part 4):2026,Prosthetics and Orthotics Limb Deficiencies Part 4: Description of Causal Conditions Leading to Amputation,hi,NOT_TRANSLATED,NEEDS_HUMAN_OR_MODEL_VALIDATION,AUXILIARY_ONLY
RV-V03-000345,MSV1-6AC0C838C6E5B4DA,IS 19638 (Part 5):2026,Prosthetics and Orthotics Limb Deficiencies Part 5 Description of the Clinical Condition of the Person Who Has Had an Amputation,hi,NOT_TRANSLATED,NEEDS_HUMAN_OR_MODEL_VALIDATION,AUXILIARY_ONLY
RV-V03-000346,MSV1-CB707A41C4A8B140,IS 19512 (Part 2):2025,Implants for Surgery Pre-Clinical Mechanical Assessment of Spinal Implants and Particular Requirements Part 2 Spinal Intervertebral Body Fusion Devices,hi,NOT_TRANSLATED,NEEDS_HUMAN_OR_MODEL_VALIDATION,AUXILIARY_ONLY
RV-V03-000347,MSV1-576A146F9F2808F1,IS 18972 (Part 101):2026,"Marine energy – Wave, tidal and other water current converters – Part 101: Wave energy resource assessment and characterization",hi,NOT_TRANSLATED,NEEDS_HUMAN_OR_MODEL_VALIDATION,AUXILIARY_ONLY
RV-V03-000348,MSV1-2C83D60E7A9DB8BF,IS 18972 (Part 200):2026,"Marine energy – Wave, tidal and other water current converters – Part 200: Electricity producing tidal energy converters – Power performance assessment",hi,NOT_TRANSLATED,NEEDS_HUMAN_OR_MODEL_VALIDATION,AUXILIARY_ONLY
RV-V03-000349,MSV1-883CDFA249A74372,IS 18972 (Part 201):2026,"Marine energy – Wave, tidal and other water current converters – Part 201: Tidal energy resource assessment and characterization",hi,NOT_TRANSLATED,NEEDS_HUMAN_OR_MODEL_VALIDATION,AUXILIARY_ONLY
RV-V03-000350,MSV1-3F3DD9F13DE13514,IS 18972 (Part 202):2026,"Marine energy – Wave, tidal and other water current converters – Part 202: Early stage development of tidal energy converters – Best practices and recommended procedures for the testing of pre-prototy",hi,NOT_TRANSLATED,NEEDS_HUMAN_OR_MODEL_VALIDATION,AUXILIARY_ONLY
RV-V03-000351,MSV1-19E90945D0B67938,IS/IEC 60669 (Part 2/Sec 2):2024,Switches for Household and Similar Fixed Electrical Installations Part 2 Particular Requirements Section 2 Electromagnetic remote-control switches RCS (First Revision),hi,NOT_TRANSLATED,NEEDS_HUMAN_OR_MODEL_VALIDATION,AUXILIARY_ONLY
RV-V03-000352,MSV1-B37B1BF5CFF0A238,IS 7039:2026,Medical Laboratory Glassware Culture tube with screw cap - Specification First Revision,hi,NOT_TRANSLATED,NEEDS_HUMAN_OR_MODEL_VALIDATION,AUXILIARY_ONLY
RV-V03-000353,MSV1-CD63D5A3774B4CE8,IS 10156:2026,Cannula Intra-Uterine Hysterosalpingography Specification First Revision,hi,NOT_TRANSLATED,NEEDS_HUMAN_OR_MODEL_VALIDATION,AUXILIARY_ONLY
RV-V03-000354,MSV1-6FC7BD13E387CA85,IS 7080 (Part 1):2026,M.T.P Suction Apparatus Specification Part 1 Manually Operated Third Revision,hi,NOT_TRANSLATED,NEEDS_HUMAN_OR_MODEL_VALIDATION,AUXILIARY_ONLY
RV-V03-000355,MSV1-E3B8E22E75BC4EF2,IS 6510:2026,Suction Type Endometrial Biopsy Curette Specification First Revision of IS 6510,hi,NOT_TRANSLATED,NEEDS_HUMAN_OR_MODEL_VALIDATION,AUXILIARY_ONLY
RV-V03-000356,MSV1-72C0C0B406766E3C,IS 6589:2026,Gynaecological Instruments Forceps Uterine Dressing Bozemanns Pattern Shape and Dimensions Second Revision of IS 6589,hi,NOT_TRANSLATED,NEEDS_HUMAN_OR_MODEL_VALIDATION,AUXILIARY_ONLY
RV-V03-000357,MSV1-64EADA5ADD28F797,IS 6436:2026,"Thoracic Surgery Instruments – Rib Spreader, Finochietto’s Pattern, Adult Size – Specification",hi,NOT_TRANSLATED,NEEDS_HUMAN_OR_MODEL_VALIDATION,AUXILIARY_ONLY
RV-V03-000358,MSV1-BCEBA40E6CF09152,IS 7432:2026,Myomectomy Clamp Bonneys Pattern Specification First Revision,hi,NOT_TRANSLATED,NEEDS_HUMAN_OR_MODEL_VALIDATION,AUXILIARY_ONLY
RV-V03-000359,MSV1-E4E804DF035A4656,IS 16463 (Part 10):2026,Low-Voltage Surge Protective Devices - Part 32: Surge Protective Devices Connected to the dc Side of Photovoltaic Installations - Selection and Application Principles,hi,NOT_TRANSLATED,NEEDS_HUMAN_OR_MODEL_VALIDATION,AUXILIARY_ONLY
RV-V03-000360,MSV1-EA5F1C9DB1C3C9C4,IS 19808:2026,Reference materials Requirements and recommendations for use,hi,NOT_TRANSLATED,NEEDS_HUMAN_OR_MODEL_VALIDATION,AUXILIARY_ONLY
RV-V03-000361,MSV1-9650718BC49C0DAF,IS 19806:2026,Reference materials Approaches for characterization and assessment of homogeneity and stability,hi,NOT_TRANSLATED,NEEDS_HUMAN_OR_MODEL_VALIDATION,AUXILIARY_ONLY
RV-V03-000362,MSV1-921A5471DE3FB6B7,IS 19804:2026,Approaches for the production of reference materials with qualitative properties,hi,NOT_TRANSLATED,NEEDS_HUMAN_OR_MODEL_VALIDATION,AUXILIARY_ONLY
RV-V03-000363,MSV1-EEFE9F6CB0851C36,IS 19805:2026,Guidance for the production of pure organic substance certified reference materials,hi,NOT_TRANSLATED,NEEDS_HUMAN_OR_MODEL_VALIDATION,AUXILIARY_ONLY
RV-V03-000364,MSV1-A1FAA5739992D001,IS 19807:2026,"Reference materials — Contents of certificates, labels and accompanying documentation",hi,NOT_TRANSLATED,NEEDS_HUMAN_OR_MODEL_VALIDATION,AUXILIARY_ONLY
RV-V03-000365,MSV1-3C201F7F9EBD328E,IS 19631:2026,Portable Ramps - Specification,hi,NOT_TRANSLATED,NEEDS_HUMAN_OR_MODEL_VALIDATION,AUXILIARY_ONLY
RV-V03-000366,MSV1-B6F0C7EE4DA46928,IS 16463 (Part 31):2026,Low-Voltage Surge Protective Devices Part 31: Requirements and Test Methods for SPDs for Photovoltaic Installations,hi,NOT_TRANSLATED,NEEDS_HUMAN_OR_MODEL_VALIDATION,AUXILIARY_ONLY
RV-V03-000367,MSV1-1AE3C4F5161DA74A,IS 13970 (Part 4):2026,Prosthetics and orthotics Vocabulary Part 4 Terms relating to limb amputation,hi,NOT_TRANSLATED,NEEDS_HUMAN_OR_MODEL_VALIDATION,AUXILIARY_ONLY
RV-V03-000368,MSV1-2EF28AF0949A6C2E,IS 19642:2026,Assistive Products Accessibility Guidelines and Requirements to Survey the Needs of Persons with Sensory Disabilities for Assistive Products and Services,hi,NOT_TRANSLATED,NEEDS_HUMAN_OR_MODEL_VALIDATION,AUXILIARY_ONLY
RV-V03-000369,MSV1-D0C6C77C47CDDD59,IS/ISO/IEC 5259 (Part 5):2025,Artificial Intelligence — Data Quality for Analytics and Machine Learning (ML) Part 5 Data Quality Governance Framework,hi,NOT_TRANSLATED,NEEDS_HUMAN_OR_MODEL_VALIDATION,AUXILIARY_ONLY
RV-V03-000370,MSV1-C4E11E6A1280639A,IS/ISO/IEC 42005:2025,Information technology Artificial intelligence AI AI system impact assessment,hi,NOT_TRANSLATED,NEEDS_HUMAN_OR_MODEL_VALIDATION,AUXILIARY_ONLY
RV-V03-000371,MSV1-BD03618B644D2E5D,IS/ISO/IEC 42006:2025,Information technology Artificial intelligence AI Requirements for bodies providing audit and certification of artificial intelligence management systems,hi,NOT_TRANSLATED,NEEDS_HUMAN_OR_MODEL_VALIDATION,AUXILIARY_ONLY
RV-V03-000372,MSV1-1DF9CCAA220B6CAC,IS/ISO/IECTR 20226:2025,Information technology Artificial intelligence AI Environmental sustainability aspects of AI systems,hi,NOT_TRANSLATED,NEEDS_HUMAN_OR_MODEL_VALIDATION,AUXILIARY_ONLY
RV-V03-000373,MSV1-A0A3A733244CC7BF,IS/ISO/IECTS 12791:2024,Information technology Artificial intelligence AI Treatment of unwanted bias in classification and regression machine learning tasks,hi,NOT_TRANSLATED,NEEDS_HUMAN_OR_MODEL_VALIDATION,AUXILIARY_ONLY
RV-V03-000374,MSV1-93715754BF79CD30,IS/ISO/IECTR 24027:2021,Information technology Artificial intelligence AI Bias in AI systems and AI aided decision making,hi,NOT_TRANSLATED,NEEDS_HUMAN_OR_MODEL_VALIDATION,AUXILIARY_ONLY
RV-V03-000375,MSV1-20C83BE8E95D217F,IS 12556:2026,Binary Direct Voltage Signals for Process Measurement and Control Systems-Specification (First Revision),hi,NOT_TRANSLATED,NEEDS_HUMAN_OR_MODEL_VALIDATION,AUXILIARY_ONLY
RV-V03-000376,MSV1-030943AF1131CD23,IS 8572:2025,Paper - Covered flexible / stranded copper conductors for transformer leads - Specification,hi,NOT_TRANSLATED,NEEDS_HUMAN_OR_MODEL_VALIDATION,AUXILIARY_ONLY
RV-V03-000377,MSV1-B2AE64DB0F35C1A4,IS 13970 (Part 2):2026,Prosthetics and Orthotics Vocabulary Part 2 Terms Relating to External Limb Prostheses Second Revision of IS 13970 Part 2,hi,NOT_TRANSLATED,NEEDS_HUMAN_OR_MODEL_VALIDATION,AUXILIARY_ONLY
RV-V03-000378,MSV1-E7CC616D8F05ED8E,IS 19490 (Part 1):2026,Implants for Surgery Metal Intramedullary Nailing Systems Part 1 Intramedullary Nails,hi,NOT_TRANSLATED,NEEDS_HUMAN_OR_MODEL_VALIDATION,AUXILIARY_ONLY
RV-V03-000379,MSV1-98F10713CBB670C3,IS 10408:2026,"Specification For Spatula, Eye, Green's Pattern",hi,NOT_TRANSLATED,NEEDS_HUMAN_OR_MODEL_VALIDATION,AUXILIARY_ONLY
RV-V03-000380,MSV1-505093E07EE2122F,IS 5367:2026,"Specification For Forceps, Eye, Strabismus, For Advancement (Prince's And Worth's Patterns)",hi,NOT_TRANSLATED,NEEDS_HUMAN_OR_MODEL_VALIDATION,AUXILIARY_ONLY
RV-V03-000381,MSV1-79CE2FA9C0DEAD65,IS 7906 (Part 5):2026,HELICAL COMPRESSION SPRINGS PART 5 HOT COILED SPRINGS MADE FROM CIRCULAR SECTION BARS SPECIFICATION (Third Revision),hi,NOT_TRANSLATED,NEEDS_HUMAN_OR_MODEL_VALIDATION,AUXILIARY_ONLY
RV-V03-000382,MSV1-F696B02A67CC987F,IS 2742 (Part 6):2026,Automotive Vehicles Brake Linings Part 6 Compressive Strain Test Methods First Revision,hi,NOT_TRANSLATED,NEEDS_HUMAN_OR_MODEL_VALIDATION,AUXILIARY_ONLY
RV-V03-000383,MSV1-8BD62AAB63FE65B7,IS 1887:2026,Textiles - Plied Jute Roves - Specification (third revision),hi,NOT_TRANSLATED,NEEDS_HUMAN_OR_MODEL_VALIDATION,AUXILIARY_ONLY
RV-V03-000384,MSV1-BE1518FAA8CB864A,IS 19780:2026,TEXTILES — WOVEN CLOTH LABELS — SPECIFICATION,hi,NOT_TRANSLATED,NEEDS_HUMAN_OR_MODEL_VALIDATION,AUXILIARY_ONLY
RV-V03-000385,MSV1-9A5F2C8EE30C1959,IS 11682:2025,Criteria for Design of Reinforced Concrete Staging for Elevated Liquid Storage Tanks,hi,NOT_TRANSLATED,NEEDS_HUMAN_OR_MODEL_VALIDATION,AUXILIARY_ONLY
RV-V03-000386,MSV1-5737F9820C4F5327,IS 813 (Part 1):2026,Welding and allied processes: Part 1 Symbolic representation on drawings — Welded joints (Third Revision),hi,NOT_TRANSLATED,NEEDS_HUMAN_OR_MODEL_VALIDATION,AUXILIARY_ONLY
RV-V03-000387,MSV1-B30FCD072562CF06,IS 8604:2026,Determination of compression strength of iron ore pellets after reduction - Method of test,hi,NOT_TRANSLATED,NEEDS_HUMAN_OR_MODEL_VALIDATION,AUXILIARY_ONLY
RV-V03-000388,MSV1-93BB3D748DC0DA0A,IS 19773:2026,High chrome grinding media ball for cement mills - Specification,hi,NOT_TRANSLATED,NEEDS_HUMAN_OR_MODEL_VALIDATION,AUXILIARY_ONLY
RV-V03-000389,MSV1-F2B7875857B16D88,IS 19766 (Part 1):2026,Sustainability in Building and Civil Engineering Works — Sustainability Indicators — Part 1 Framework for the Development of Indicators and a Core Set of Indicators for Buildings,hi,NOT_TRANSLATED,NEEDS_HUMAN_OR_MODEL_VALIDATION,AUXILIARY_ONLY
RV-V03-000390,MSV1-4F8E6C3EE15CDC00,IS 19784:2026,Fish Cage Net Structures Used in Aquaculture — Glossary of Terms,hi,NOT_TRANSLATED,NEEDS_HUMAN_OR_MODEL_VALIDATION,AUXILIARY_ONLY
RV-V03-000391,MSV1-0A47B9E52A8D8249,IS 19754:2026,Textiles — Determination of Dyes after Methanol Extraction,hi,NOT_TRANSLATED,NEEDS_HUMAN_OR_MODEL_VALIDATION,AUXILIARY_ONLY
RV-V03-000392,MSV1-A5A5205906009740,IS 19704:2026,Jute Packaging Material — Determination of Mineral Oil Saturated Hydrocarbons (MOSH) and Mineral Oil Aromatic Hydrocarbons (MOAH) with Online-Coupled High-Performance Liquid Chromatography–Gas Chromatography–Flame Ionization Detection (HPLC-GC-FID) Analysis,hi,NOT_TRANSLATED,NEEDS_HUMAN_OR_MODEL_VALIDATION,AUXILIARY_ONLY
RV-V03-000393,MSV1-F108D592C3898C98,IS 19755:2026,Textiles — Determination of Pesticide Residues Content,hi,NOT_TRANSLATED,NEEDS_HUMAN_OR_MODEL_VALIDATION,AUXILIARY_ONLY
RV-V03-000394,MSV1-8DBE8CE6840E5B88,IS/ISO 14067:2018,GREENHOUSE GASES — CARBON FOOTPRINT OF PRODUCTS — REQUIREMENTS AND GUIDELINES FOR QUANTIFICATION,hi,NOT_TRANSLATED,NEEDS_HUMAN_OR_MODEL_VALIDATION,AUXILIARY_ONLY
RV-V03-000395,MSV1-CECA5B8818795C0E,IS 8593 (Part 1):2026,Recommendations for Centralised Lubrication as Applied to Plant and Machinery : Part 1 Oil Lubrication,hi,NOT_TRANSLATED,NEEDS_HUMAN_OR_MODEL_VALIDATION,AUXILIARY_ONLY
RV-V03-000396,MSV1-05E23420221FB3D8,IS 19795:2026,"Security and resilience — Authenticity, integrity and trust for products and documents — Framework for establishing trustworthy supply and value chains",hi,NOT_TRANSLATED,NEEDS_HUMAN_OR_MODEL_VALIDATION,AUXILIARY_ONLY
RV-V03-000397,MSV1-D89DF6C009A04601,IS 19802:2026,"Security and resilience — Authenticity, integrity and trust for products and documents — Specification and usage of visible digital seal (VDS) data format for authentication, verification and acquisition of data carried by a document or object",hi,NOT_TRANSLATED,NEEDS_HUMAN_OR_MODEL_VALIDATION,AUXILIARY_ONLY
RV-V03-000398,MSV1-E8684EF5AAB39EE8,IS 19800:2026,"Security and resilience — Authenticity, integrity and trust for products and documents — Guidelines for establishing interoperability among object identification systems to deter counterfeiting and illicit trade",hi,NOT_TRANSLATED,NEEDS_HUMAN_OR_MODEL_VALIDATION,AUXILIARY_ONLY
RV-V03-000399,MSV1-375325DC5C075ECD,IS 19799:2026,"Security and resilience — Community resilience — Principles, framework and guidelines on urban resilience",hi,NOT_TRANSLATED,NEEDS_HUMAN_OR_MODEL_VALIDATION,AUXILIARY_ONLY
RV-V03-000400,MSV1-D8D4AD03A9B34728,IS 19798:2026,Security and resilience — Community resilience — Guidelines for infrastructure resilience,hi,NOT_TRANSLATED,NEEDS_HUMAN_OR_MODEL_VALIDATION,AUXILIARY_ONLY
RV-V03-000401,MSV1-3955A89D25FA9D2A,IS 19796:2026,"Security and resilience — Crisis management — Concepts, principles and framework",hi,NOT_TRANSLATED,NEEDS_HUMAN_OR_MODEL_VALIDATION,AUXILIARY_ONLY
RV-V03-000402,MSV1-B82633C7EE46F4B7,IS 19793:2026,Societal security — Guidelines for establishing partnering arrangements,hi,NOT_TRANSLATED,NEEDS_HUMAN_OR_MODEL_VALIDATION,AUXILIARY_ONLY
RV-V03-000403,MSV1-1843753C0B919D36,IS 19794:2026,"Security and resilience — Authenticity, integrity and trust for products and documents — Guidelines to establish a framework for trust and interoperability",hi,NOT_TRANSLATED,NEEDS_HUMAN_OR_MODEL_VALIDATION,AUXILIARY_ONLY
RV-V03-000404,MSV1-38889A60A465F80D,IS/ISO 19803:2026,Security and Resilience - Vocabulary (First Revision),hi,NOT_TRANSLATED,NEEDS_HUMAN_OR_MODEL_VALIDATION,AUXILIARY_ONLY
RV-V03-000405,MSV1-4CD79274064CE669,IS/ISO 19801:2026,Security and resilience — Community resilience — Guidelines for planning recovery and renewal (First Revision),hi,NOT_TRANSLATED,NEEDS_HUMAN_OR_MODEL_VALIDATION,AUXILIARY_ONLY
RV-V03-000406,MSV1-40A40BCCAD26D7B9,IS 19684:2026,ORAL RINSES FOR COSMETICS — SPECIFICATION,hi,NOT_TRANSLATED,NEEDS_HUMAN_OR_MODEL_VALIDATION,AUXILIARY_ONLY
RV-V03-000407,MSV1-FEBA6825CC55602D,IS 6592:2026,SOIL THERMOMETERS — SPECIFICATION (First Revision),hi,NOT_TRANSLATED,NEEDS_HUMAN_OR_MODEL_VALIDATION,AUXILIARY_ONLY
RV-V03-000408,MSV1-83BA6BC8EAB036F8,IS 18568:2026,MICROBIOLOGY OF THE FOOD CHAIN TECHNICAL REQUIREMENTS AND GUIDANCE ON THE ESTABLISHMENT OR REVISION OF A STANDARDIZED REFERENCE METHOD,hi,NOT_TRANSLATED,NEEDS_HUMAN_OR_MODEL_VALIDATION,AUXILIARY_ONLY
RV-V03-000409,MSV1-D7DF26341B009FEE,IS 3018:2026,Standard silica sand for raw material testing in foundries - Specification (first revision),hi,NOT_TRANSLATED,NEEDS_HUMAN_OR_MODEL_VALIDATION,AUXILIARY_ONLY
RV-V03-000410,MSV1-29A951A7293F6AB0,IS 1171:2026,Ferromanganese — Specification (Sixth Revision ),hi,NOT_TRANSLATED,NEEDS_HUMAN_OR_MODEL_VALIDATION,AUXILIARY_ONLY
RV-V03-000411,MSV1-3591FAE177A27116,IS 10386 (Part 11):2026,"Construction, Operation and Maintenance of River Valley Projects — Safety Guidelines Part 11 Underground Excavation ( First Revision )",hi,NOT_TRANSLATED,NEEDS_HUMAN_OR_MODEL_VALIDATION,AUXILIARY_ONLY
RV-V03-000412,MSV1-7706B91EA08C3876,IS 1200 (Part 12):2026,Method of Measurement of Building and Civil Engineering Works Part 12 Plastering and Pointing,hi,NOT_TRANSLATED,NEEDS_HUMAN_OR_MODEL_VALIDATION,AUXILIARY_ONLY
RV-V03-000413,MSV1-B66438E7B5E7852F,IS 18641:2026,"Welding consumables — Technical delivery conditions for filler materials and fluxes — Type of product, dimensions, tolerances and markings (First Revision)",hi,NOT_TRANSLATED,NEEDS_HUMAN_OR_MODEL_VALIDATION,AUXILIARY_ONLY
RV-V03-000414,MSV1-5A3E332B76FF84E6,IS 19738:2026,Parameters and Assessment Criteria for Downstream Flow to Maintain Ecological Balance — Guidelines,hi,NOT_TRANSLATED,NEEDS_HUMAN_OR_MODEL_VALIDATION,AUXILIARY_ONLY
RV-V03-000415,MSV1-DBAC501026022F62,IS 19452:2026,Design Installation Testing and Maintenance of Condensed Aerosol Fire Extinguishing System - Code of Practice,hi,NOT_TRANSLATED,NEEDS_HUMAN_OR_MODEL_VALIDATION,AUXILIARY_ONLY
RV-V03-000416,MSV1-9B41392A9A554A81,IS 19744:2026,Preparation of Catchment Area Treatment (CAT) Plan — Guidelines,hi,NOT_TRANSLATED,NEEDS_HUMAN_OR_MODEL_VALIDATION,AUXILIARY_ONLY
RV-V03-000417,MSV1-1780D5FDAA08D919,IS 228 (Part 25):2025,Methods for chemical analysis of steels: Part 25 Determination of sulphur content — Infrared absorption method after combustion in an induction furnace,hi,NOT_TRANSLATED,NEEDS_HUMAN_OR_MODEL_VALIDATION,AUXILIARY_ONLY
RV-V03-000418,MSV1-4BA22D13E1870256,IS 8073:2026,TREATMENT AND DISPOSAL OF STEEL PLANT EFFLUENTS - GUIDELINES (First Revision ),hi,NOT_TRANSLATED,NEEDS_HUMAN_OR_MODEL_VALIDATION,AUXILIARY_ONLY
RV-V03-000419,MSV1-CA547ECA43376908,IS 6231:2026,Angle Gauge Blocks -- Specification (first revision),hi,NOT_TRANSLATED,NEEDS_HUMAN_OR_MODEL_VALIDATION,AUXILIARY_ONLY
RV-V03-000420,MSV1-1A4758E39603DC96,IS 2977:2026,Textiles — Method of Test — Determination of Dimensional Changes on Soaking in Water for Fabrics (Other Than Wool) (Second Revision),hi,NOT_TRANSLATED,NEEDS_HUMAN_OR_MODEL_VALIDATION,AUXILIARY_ONLY
RV-V03-000421,MSV1-DD890A9457AAEA17,IS 2637:2025,"Steel Roller Chains, Types S and C, Attachments and Sprockets (ISO 487 : 1998, MOD) (Third Revision)",hi,NOT_TRANSLATED,NEEDS_HUMAN_OR_MODEL_VALIDATION,AUXILIARY_ONLY
RV-V03-000422,MSV1-B723271A89D07BB2,IS 5273:2026,Radius gauges - Specification (First Revision),hi,NOT_TRANSLATED,NEEDS_HUMAN_OR_MODEL_VALIDATION,AUXILIARY_ONLY
RV-V03-000423,MSV1-AF092ED0EF0C027A,IS 12991:2026,TEXTILES — CAMPING TENTS AND CARAVAN AWNINGS — VOCABULARY (Second Revision),hi,NOT_TRANSLATED,NEEDS_HUMAN_OR_MODEL_VALIDATION,AUXILIARY_ONLY
RV-V03-000424,MSV1-3CF351F62F261331,IS 13162 (Part 4):2026,Geosynthetics — Methods of Test Part 4 Dynamic Perforation (Cone Drop Test) ( Second Revision ),hi,NOT_TRANSLATED,NEEDS_HUMAN_OR_MODEL_VALIDATION,AUXILIARY_ONLY
RV-V03-000425,MSV1-6EB2E68D9CC41068,IS 14351:2026,Textiles — Ground Sheets (Light Weight) — Specification (First Revision),hi,NOT_TRANSLATED,NEEDS_HUMAN_OR_MODEL_VALIDATION,AUXILIARY_ONLY
RV-V03-000426,MSV1-43820611B794DBA7,IS 5085:2026,"Textiles — Berets, Wool, Knitted — Specification (Third Revision)",hi,NOT_TRANSLATED,NEEDS_HUMAN_OR_MODEL_VALIDATION,AUXILIARY_ONLY
RV-V03-000427,MSV1-9BB06A9EFAF34BF6,IS 11740:2026,"Motorcycle Chains — Characteristics and Test Methods (ISO 10190 : 2008, MOD) (Second Revision)",hi,NOT_TRANSLATED,NEEDS_HUMAN_OR_MODEL_VALIDATION,AUXILIARY_ONLY
RV-V03-000428,MSV1-33683CC81F97785C,IS 2873:2026,Textiles — Packaging of Jute Products in Bales — Specification (Third Revision),hi,NOT_TRANSLATED,NEEDS_HUMAN_OR_MODEL_VALIDATION,AUXILIARY_ONLY
RV-V03-000429,MSV1-087B866DBA81E85E,IS 9846:2026,Textiles — Grading of Uncut Indian Mesta (First Revision),hi,NOT_TRANSLATED,NEEDS_HUMAN_OR_MODEL_VALIDATION,AUXILIARY_ONLY
RV-V03-000430,MSV1-76A7D564FA236BB6,IS 11596:2026,Textiles — Grading of Uncut Indian Bimli (First Revision),hi,NOT_TRANSLATED,NEEDS_HUMAN_OR_MODEL_VALIDATION,AUXILIARY_ONLY
RV-V03-000431,MSV1-72E32CE716F4C663,IS 1433:2026,Beam Scales — Specification (Third Revision),hi,NOT_TRANSLATED,NEEDS_HUMAN_OR_MODEL_VALIDATION,AUXILIARY_ONLY
RV-V03-000432,MSV1-73E6CD75D62C3D01,IS 5934:2026,Rolling Bearings — Chamfer Dimensions — Geometrical Product Specification (GPS) and Values (Third Revision),hi,NOT_TRANSLATED,NEEDS_HUMAN_OR_MODEL_VALIDATION,AUXILIARY_ONLY
RV-V03-000433,MSV1-FE88BB2527867BC4,IS 17474:2026,Textile Floor Coverings — Determination of Resistance to Damage at Cut Edges Using the Modified Vettermann Drum Test (First Revision),hi,NOT_TRANSLATED,NEEDS_HUMAN_OR_MODEL_VALIDATION,AUXILIARY_ONLY
RV-V03-000434,MSV1-1313D940B89DCB8E,IS 19706:2026,Medical Textiles — Scrub Suit — Specification,hi,NOT_TRANSLATED,NEEDS_HUMAN_OR_MODEL_VALIDATION,AUXILIARY_ONLY
RV-V03-000435,MSV1-82F8ECB5450ACECD,IS 19728:2026,"Textiles — Jute Bags for filling 5 kg, 10 kg and 15 kg Foodgrains — Specification",hi,NOT_TRANSLATED,NEEDS_HUMAN_OR_MODEL_VALIDATION,AUXILIARY_ONLY
RV-V03-000436,MSV1-9F7DBA4ADCD1F04F,IS 19758:2026,Windsocks -- Specification,hi,NOT_TRANSLATED,NEEDS_HUMAN_OR_MODEL_VALIDATION,AUXILIARY_ONLY
RV-V03-000437,MSV1-CD8C07472F5F90F4,IS 19727:2026,TEXTILES — COIR BASED GREEN ROOF MODULE — SPECIFICATION,hi,NOT_TRANSLATED,NEEDS_HUMAN_OR_MODEL_VALIDATION,AUXILIARY_ONLY
RV-V03-000438,MSV1-8E51B1A78C05F517,IS 19777:2026,Textiles — Determination of Index Ingredient in Coloured Textiles Dyed with Himalayan Rhubarb,hi,NOT_TRANSLATED,NEEDS_HUMAN_OR_MODEL_VALIDATION,AUXILIARY_ONLY
RV-V03-000439,MSV1-58ABFB2B3627316D,IS 19776:2026,Textiles — Determination of Index Ingredient in Coloured Textiles Dyed with Hibiscus,hi,NOT_TRANSLATED,NEEDS_HUMAN_OR_MODEL_VALIDATION,AUXILIARY_ONLY
RV-V03-000440,MSV1-F1280933A06B5B80,IS 19703:2026,Textiles —Method of test — Determination of polycyclic aromatic hydrocarbons after toluene extraction by gas chromatography-mass spectrometry,hi,NOT_TRANSLATED,NEEDS_HUMAN_OR_MODEL_VALIDATION,AUXILIARY_ONLY
RV-V03-000441,MSV1-8A9360B217B077EA,IS 19660:2026,Determination of long-term flow of geosynthetic drains,hi,NOT_TRANSLATED,NEEDS_HUMAN_OR_MODEL_VALIDATION,AUXILIARY_ONLY
RV-V03-000442,MSV1-CDD953D711285526,IS 19764 (Part 2):2026,Geosynthetics — Determination of compression behaviour — Part 2 : Determination of short-term compression behaviour,hi,NOT_TRANSLATED,NEEDS_HUMAN_OR_MODEL_VALIDATION,AUXILIARY_ONLY
RV-V03-000443,MSV1-0158BD88E3DCCDE4,IS 19767:2026,CONTROL OF AIR POLLUTION IN COAL BASED THERMAL POWER PLANT — CODE OF PRACTICE,hi,NOT_TRANSLATED,NEEDS_HUMAN_OR_MODEL_VALIDATION,AUXILIARY_ONLY
RV-V03-000444,MSV1-7C8A9312C6D36B76,IS 18538 (Part 2):2026,"Gaseous Hydrogen — Fuelling Stations Part 2 Dispensers and Dispensing Systems (ISO 19880-2 : 2025, MOD)",hi,NOT_TRANSLATED,NEEDS_HUMAN_OR_MODEL_VALIDATION,AUXILIARY_ONLY
RV-V03-000445,MSV1-F18C77008A7967A1,IS 19774:2026,TEXTILES — BAXTER FLYER FOR SLIP DRAFT JUTE SPINNING FRAME — SPECIFICATION,hi,NOT_TRANSLATED,NEEDS_HUMAN_OR_MODEL_VALIDATION,AUXILIARY_ONLY
RV-V03-000446,MSV1-C7D907546D98F5F5,IS 17260 (Part 2):2026,Textile Floor Coverings — Production of Changes in Appearance Part 2 Hexapod Tumbler Test (First Revision),hi,NOT_TRANSLATED,NEEDS_HUMAN_OR_MODEL_VALIDATION,AUXILIARY_ONLY
RV-V03-000447,MSV1-58EC34346550698E,IS 2974 (Part 1):2026,Design and Construction of Machine Foundations Code of Practice: Part 1 General Provisions Third Revision,hi,NOT_TRANSLATED,NEEDS_HUMAN_OR_MODEL_VALIDATION,AUXILIARY_ONLY
RV-V03-000448,MSV1-29B1C3A0FB140A36,IS 2974 (Part 2):2026,Design and Construction of Machine Foundations Code of Practice: Part 2 Block Foundations (Second Revision),hi,NOT_TRANSLATED,NEEDS_HUMAN_OR_MODEL_VALIDATION,AUXILIARY_ONLY
RV-V03-000449,MSV1-566D94804DB08023,IS 2974 (Part 3):2026,Design and Construction of Machine Foundations Code of Practice : Part 3 Frame Foundations First Revision,hi,NOT_TRANSLATED,NEEDS_HUMAN_OR_MODEL_VALIDATION,AUXILIARY_ONLY
RV-V03-000450,MSV1-39819873CA6C1C01,IS 2974 (Part 4):2026,Design and Construction of Machine Foundations Code of Practice: Part 4 Foundations for Hammers and Presses (Second Revision),hi,NOT_TRANSLATED,NEEDS_HUMAN_OR_MODEL_VALIDATION,AUXILIARY_ONLY
RV-V03-000451,MSV1-3D47271D42BCF0B6,IS 3111:2026,Silver Thread - Specification,hi,NOT_TRANSLATED,NEEDS_HUMAN_OR_MODEL_VALIDATION,AUXILIARY_ONLY
RV-V03-000452,MSV1-7369FEB0106D28B4,IS 19687:2026,Safety Guidelines and General Precautions for Abandonment of Tube Wells and Bore Wells,hi,NOT_TRANSLATED,NEEDS_HUMAN_OR_MODEL_VALIDATION,AUXILIARY_ONLY
RV-V03-000453,MSV1-F2D1B32BA8B9726B,IS 11442:2026,Agricultural Tractors — Drivers Field of Vision — Requirements (Second Revision),hi,NOT_TRANSLATED,NEEDS_HUMAN_OR_MODEL_VALIDATION,AUXILIARY_ONLY
RV-V03-000454,MSV1-E942A1869C552E38,IS 5042:2026,1-AMINOANTHRAQUINONE - SPECIFICATION,hi,NOT_TRANSLATED,NEEDS_HUMAN_OR_MODEL_VALIDATION,AUXILIARY_ONLY
RV-V03-000455,MSV1-57F6D6AAC935472F,IS 9863:2026,Nutrient Requirements for Poultry ( Second Revision ),hi,NOT_TRANSLATED,NEEDS_HUMAN_OR_MODEL_VALIDATION,AUXILIARY_ONLY
RV-V03-000456,MSV1-C24E53D6C037112E,IS 9341:2026,Sulphamic Acid for Electroplating — Specification (First Revision),hi,NOT_TRANSLATED,NEEDS_HUMAN_OR_MODEL_VALIDATION,AUXILIARY_ONLY
RV-V03-000457,MSV1-019B275B862D7EF0,IS 5182 (Part 9):2026,Air Pollution Methods for Measurement Part 9 Oxidant (First Revision),hi,NOT_TRANSLATED,NEEDS_HUMAN_OR_MODEL_VALIDATION,AUXILIARY_ONLY
RV-V03-000458,MSV1-177302233E87BB0F,IS 5182 (Part 6/Sec 1):2026,Air Pollution Methods for Measurement Part 6 Oxides of Nitrogen Section 1 Colorimetric method using NEDA,hi,NOT_TRANSLATED,NEEDS_HUMAN_OR_MODEL_VALIDATION,AUXILIARY_ONLY
RV-V03-000459,MSV1-99D3D44F2B8491BF,IS 12161:2026,Animal Carts — Test Code (First Revision),hi,NOT_TRANSLATED,NEEDS_HUMAN_OR_MODEL_VALIDATION,AUXILIARY_ONLY
RV-V03-000460,MSV1-B3DEB7266369AF7E,IS 12061:2026,Agricultural Tractors - Braking Performance - Method of Test (Second Revision),hi,NOT_TRANSLATED,NEEDS_HUMAN_OR_MODEL_VALIDATION,AUXILIARY_ONLY
RV-V03-000461,MSV1-80E21C824165ADD8,IS 11081:2026,Half cage wheel for agricultural tractors ─ Specification (second revision),hi,NOT_TRANSLATED,NEEDS_HUMAN_OR_MODEL_VALIDATION,AUXILIARY_ONLY
RV-V03-000462,MSV1-3BF5854DE1D80FA7,IS 13172:2026,Fluvalinate emulsifiable concentrate (EC) - Specification (first revision),hi,NOT_TRANSLATED,NEEDS_HUMAN_OR_MODEL_VALIDATION,AUXILIARY_ONLY
RV-V03-000463,MSV1-DE2E950BC924911E,IS 5676:2026,Moulded Rubber Unit Outsoles - Specification (Third Revision),hi,NOT_TRANSLATED,NEEDS_HUMAN_OR_MODEL_VALIDATION,AUXILIARY_ONLY
RV-V03-000464,MSV1-1EC1BAF55CD77F23,IS 16991:2026,Footwear Critical Substances Potentially Present in Footwear and Footwear Components Determination of Dimethyl Fumarate DMFU First Revision,hi,NOT_TRANSLATED,NEEDS_HUMAN_OR_MODEL_VALIDATION,AUXILIARY_ONLY
RV-V03-000465,MSV1-B0C4200D46E1751A,IS 6664:2026,Microcellular Rubber Sheets for Outsoles - Specification (Second Revision),hi,NOT_TRANSLATED,NEEDS_HUMAN_OR_MODEL_VALIDATION,AUXILIARY_ONLY
RV-V03-000466,MSV1-36F9D9992EA69259,IS 1982:2026,ANTE-MORTEM AND POST-MORTEM INSPECTION OF MEAT ANIMALS CODE OF PRACTICE Third Revision of IS 1982,hi,NOT_TRANSLATED,NEEDS_HUMAN_OR_MODEL_VALIDATION,AUXILIARY_ONLY
RV-V03-000467,MSV1-A7351661BCC347C5,IS 563:2026,"DDT, technical - Specification (third revision)",hi,NOT_TRANSLATED,NEEDS_HUMAN_OR_MODEL_VALIDATION,AUXILIARY_ONLY
RV-V03-000468,MSV1-CD98B9631E9AE285,IS 1050:2026,Lime sulphur solution - Specification (second revision),hi,NOT_TRANSLATED,NEEDS_HUMAN_OR_MODEL_VALIDATION,AUXILIARY_ONLY
RV-V03-000469,MSV1-BC3C2227DA4F913A,IS 19770:2026,SLAUGHTERHOUSE WASTE MANAGEMENT CODE OF PRACTICE,hi,NOT_TRANSLATED,NEEDS_HUMAN_OR_MODEL_VALIDATION,AUXILIARY_ONLY
RV-V03-000470,MSV1-5A57CB42F662A1D9,IS 19760:2026,Polypropylene Enema Can - Specification,hi,NOT_TRANSLATED,NEEDS_HUMAN_OR_MODEL_VALIDATION,AUXILIARY_ONLY
RV-V03-000471,MSV1-55CA7EDE4B6FE995,IS 19467:2026,Herbal Raw Materials for use in Traditional Medicine - Methods of Test,hi,NOT_TRANSLATED,NEEDS_HUMAN_OR_MODEL_VALIDATION,AUXILIARY_ONLY
RV-V03-000472,MSV1-43FA86D37C1C6EFF,IS 17118 (Part 6):2026,Indoor Air Part 6 Determination of Organic Compounds VVOC VOC SVOC In Indoor and Test Chamber Air by Active Sampling on Sorbent Tubes Thermal Desorption and Gas Chromatography Using MS or MS FID,hi,NOT_TRANSLATED,NEEDS_HUMAN_OR_MODEL_VALIDATION,AUXILIARY_ONLY
RV-V03-000473,MSV1-112566D8DAABA1CB,IS 17118 (Part 7):2026,Indoor air Part 7: Sampling strategy for determination of airborne asbestos fibre concentrations,hi,NOT_TRANSLATED,NEEDS_HUMAN_OR_MODEL_VALIDATION,AUXILIARY_ONLY
RV-V03-000474,MSV1-16F6FAE8CB093695,IS 17118 (Part 10):2026,Indoor Air Part 10 Determination of the emission of volatile organic compounds from building products and furnishing Emission test cell method,hi,NOT_TRANSLATED,NEEDS_HUMAN_OR_MODEL_VALIDATION,AUXILIARY_ONLY
RV-V03-000475,MSV1-57CBC8C3E9AEA116,IS 4825:2026,LIQUID-IN-GLASS SOLID-STEM REFERENCE THERMOMETERS — SPECIFICATION (Second Revision),hi,NOT_TRANSLATED,NEEDS_HUMAN_OR_MODEL_VALIDATION,AUXILIARY_ONLY
RV-V03-000476,MSV1-7032235F8C34996D,IS 6017:2026,THERMOMETER FOR WHIRLING PSYCHROMETERS — SPECIFICATION (First Revision),hi,NOT_TRANSLATED,NEEDS_HUMAN_OR_MODEL_VALIDATION,AUXILIARY_ONLY
RV-V03-000477,MSV1-ADD43216F21BD8E5,IS 8728:2026,ADJUSTABLE RANGE THERMOMETERS - SPECIFICATION (First Revision),hi,NOT_TRANSLATED,NEEDS_HUMAN_OR_MODEL_VALIDATION,AUXILIARY_ONLY
RV-V03-000478,MSV1-4E793C5A8C89708E,IS 12244 (Part 1):2026,CALORIMETER THERMOMETERS SPECIFICATION PART 1 SOLID-STEM THERMOMETERS (First Revision),hi,NOT_TRANSLATED,NEEDS_HUMAN_OR_MODEL_VALIDATION,AUXILIARY_ONLY
RV-V03-000479,MSV1-C894E94E0FB5D312,IS 5868 (Part 3):2026,Leather - Methods of Sampling Part 3 Specimen and Test Piece Conditioning for Physical and Mechanical Tests (second revision),hi,NOT_TRANSLATED,NEEDS_HUMAN_OR_MODEL_VALIDATION,AUXILIARY_ONLY
RV-V03-000480,MSV1-1AF45E74ACB92C93,IS 8751 (Part 1):2026,Footwear Sizes in Mondopoint System Part 1 Fundamental Characteristics (First Revision),hi,NOT_TRANSLATED,NEEDS_HUMAN_OR_MODEL_VALIDATION,AUXILIARY_ONLY
RV-V03-000481,MSV1-B64EB3901743D0DE,IS 17118 (Part 5):2026,Indoor Air Part 5 Sampling Strategy for Volatile Organic Compounds VOCs,hi,NOT_TRANSLATED,NEEDS_HUMAN_OR_MODEL_VALIDATION,AUXILIARY_ONLY
RV-V03-000482,MSV1-B3A8E73686F72794,IS 17118 (Part 11):2026,Indoor Air Part 11 Determination of the Emission of Volatile Organic Compounds from Samples of Building Products and Furnishing - Sampling Storage of Samples and Preparation of Test Specimens,hi,NOT_TRANSLATED,NEEDS_HUMAN_OR_MODEL_VALIDATION,AUXILIARY_ONLY
RV-V03-000483,MSV1-22D802F1D4DA7072,IS 7080 (Part 2):2026,MTP Suction Apparatus Specification Part 2 Electrical-Cum-Manually Operated Second Revision,hi,NOT_TRANSLATED,NEEDS_HUMAN_OR_MODEL_VALIDATION,AUXILIARY_ONLY
RV-V03-000484,MSV1-E24767401003C671,IS 11646 (Part 2):2026,Cane for Persons with Visual Impairment - Specification Part 2 Folding Type First Revision,hi,NOT_TRANSLATED,NEEDS_HUMAN_OR_MODEL_VALIDATION,AUXILIARY_ONLY
RV-V03-000485,MSV1-6FD58695C29DF68E,IS 5145:2026,Specification for Walking Sticks first revision,hi,NOT_TRANSLATED,NEEDS_HUMAN_OR_MODEL_VALIDATION,AUXILIARY_ONLY
RV-V03-000486,MSV1-BF7AFA5DF89256FA,IS 6112:2026,Sims Pattern Double-ended Vaginal Speculum Specification First Revision of IS 6112,hi,NOT_TRANSLATED,NEEDS_HUMAN_OR_MODEL_VALIDATION,AUXILIARY_ONLY
RV-V03-000487,MSV1-FD382BB20E645930,IS 6464:2026,ENT Diagnostic Instruments - Tuning Forks — Specification,hi,NOT_TRANSLATED,NEEDS_HUMAN_OR_MODEL_VALIDATION,AUXILIARY_ONLY
RV-V03-000488,MSV1-AFF2E09CEE898F60,IS 19477 (Part 2):2026,Dentistry Dental Furnace Part 2 Test Method for Evaluation of Furnace Programme via Firing Glaze,hi,NOT_TRANSLATED,NEEDS_HUMAN_OR_MODEL_VALIDATION,AUXILIARY_ONLY
RV-V03-000489,MSV1-1DE9DEAF71D232B4,IS 19477:2026,Dentistry Dental Furnace Test Method for Temperature Measurement with Separate Thermocouple,hi,NOT_TRANSLATED,NEEDS_HUMAN_OR_MODEL_VALIDATION,AUXILIARY_ONLY
RV-V03-000490,MSV1-37469D76D20F991E,IS 18875 (Part 10421):2026,Health Informatics — Device Interoperability Part 10421 Personal Health Device Communication — Device Specialization — Peak Expiratory Flow Monitor (Peak Flow),hi,NOT_TRANSLATED,NEEDS_HUMAN_OR_MODEL_VALIDATION,AUXILIARY_ONLY
RV-V03-000491,MSV1-4F395BEA0B0B0776,IS 19433:2025,Health Informatics — Security Requirements for Archiving of Electronic Health Records — Guidelines,hi,NOT_TRANSLATED,NEEDS_HUMAN_OR_MODEL_VALIDATION,AUXILIARY_ONLY
RV-V03-000492,MSV1-219F63701F2A51B9,IS 18667 (Part 5):2025,Health Informatics — Medical Waveform Format Part 5 Neurophysiological Signals,hi,NOT_TRANSLATED,NEEDS_HUMAN_OR_MODEL_VALIDATION,AUXILIARY_ONLY
RV-V03-000493,MSV1-A4C7A3B2D3290EE6,IS 18875 (Part 10206):2026,Health Informatics — Device Interoperability Part 10206 Personal Health Device Communication — Abstract Content Information Model,hi,NOT_TRANSLATED,NEEDS_HUMAN_OR_MODEL_VALIDATION,AUXILIARY_ONLY
RV-V03-000494,MSV1-0AC3A28815BB2E38,IS 18875 (Part 10700):2026,Health Informatics — Device Interoperability Part 10700 Point-of-Care Medical Device Communication — Standard for Base Requirements for Participants in a Service-Oriented Device Connectivity (SDC) System,hi,NOT_TRANSLATED,NEEDS_HUMAN_OR_MODEL_VALIDATION,AUXILIARY_ONLY
RV-V03-000495,MSV1-42D736C057CD6002,IS 18875 (Part 10701):2026,Health Informatics — Device Interoperability Part 10701 Point-of-Care Medical Device Communication — Metric Provisioning by Participants in a Service-Oriented Device Connectivity (SDC) System,hi,NOT_TRANSLATED,NEEDS_HUMAN_OR_MODEL_VALIDATION,AUXILIARY_ONLY
RV-V03-000496,MSV1-BB323269ACA16C58,IS 19638 (Part 1):2026,Prosthetics and orthotics Limb deficiencies Part 1: Method of describing limb deficiencies present at birth,hi,NOT_TRANSLATED,NEEDS_HUMAN_OR_MODEL_VALIDATION,AUXILIARY_ONLY
RV-V03-000497,MSV1-28DB58588DAEAF5C,IS 19638 (Part 2):2026,Prosthetics and orthotics Limb deficiencies Part 2 Method of describing lower limb amputation stumps,hi,NOT_TRANSLATED,NEEDS_HUMAN_OR_MODEL_VALIDATION,AUXILIARY_ONLY
RV-V03-000498,MSV1-367A01C97D85F921,IS 19697:2026,Compatibility of lubricants with synthetic male condoms,hi,NOT_TRANSLATED,NEEDS_HUMAN_OR_MODEL_VALIDATION,AUXILIARY_ONLY
RV-V03-000499,MSV1-79F2980B88427000,IS 6909:2026,Supersulphated Cement - Specification (Second Revision of IS 6909),hi,NOT_TRANSLATED,NEEDS_HUMAN_OR_MODEL_VALIDATION,AUXILIARY_ONLY
RV-V03-000500,MSV1-A86F063CA3FF72C2,IS 8041:2026,Rapid Hardening Portland Cement Specification Third Revision of IS 8041,hi,NOT_TRANSLATED,NEEDS_HUMAN_OR_MODEL_VALIDATION,AUXILIARY_ONLY
RV-V03-000501,MSV1-27F2BB91DABFF6E3,IS 8043:2026,Hydrophobic Portland Cement Specification Third Revision of IS 8043,hi,NOT_TRANSLATED,NEEDS_HUMAN_OR_MODEL_VALIDATION,AUXILIARY_ONLY
RV-V03-000502,MSV1-DC3AAFCC673A5BC6,IS 4410 (Part 19):2026,Glossary of Terms related to River Valley Projects Part 19 Grouting,hi,NOT_TRANSLATED,NEEDS_HUMAN_OR_MODEL_VALIDATION,AUXILIARY_ONLY
RV-V03-000503,MSV1-205248B6EF80A3A3,IS 5897:2026,"Welding Consumables — Wire electrodes, wires and rods for welding of aluminium and aluminium alloys — Specification ( Second Revision )",hi,NOT_TRANSLATED,NEEDS_HUMAN_OR_MODEL_VALIDATION,AUXILIARY_ONLY
RV-V03-000504,MSV1-3922E2E8283E1ED1,IS 813 (Part 2):2026,Welding and allied processes: Part 2 Nomenclature of processes and reference numbers (Third Revision),hi,NOT_TRANSLATED,NEEDS_HUMAN_OR_MODEL_VALIDATION,AUXILIARY_ONLY
RV-V03-000505,MSV1-9B08E9CA05B5D715,IS 19752 (Part 1):2026,Floor and Wall tiling — Guidelines : Part 1 Characteristics and Requirements of tile and Stone Laying Materials and Design Data,hi,NOT_TRANSLATED,NEEDS_HUMAN_OR_MODEL_VALIDATION,AUXILIARY_ONLY
RV-V03-000506,MSV1-7928FE9C5D979D22,IS 19752 (Part 2):2026,Floor and Wall tiling — Guidelines : Part 2 Installation Inspection and Maintenance of Tile and Stone Systems,hi,NOT_TRANSLATED,NEEDS_HUMAN_OR_MODEL_VALIDATION,AUXILIARY_ONLY
RV-V03-000507,MSV1-961D2679ABD2D780,IS/IEC 60947 (Part 4/Sec 1):2023,Low-Voltage Switchgear and Controlgear Part 4 Contactors and Motor-Starters Section 1 Electromechanical Contactors and Motor-Starters,hi,NOT_TRANSLATED,NEEDS_HUMAN_OR_MODEL_VALIDATION,AUXILIARY_ONLY
RV-V03-000508,MSV1-069AFD90FDDAC0CB,IS 7391 (Part 1):2026,Cotton Covered Copper Conductors — Specification Part 1 Round Conductors,hi,NOT_TRANSLATED,NEEDS_HUMAN_OR_MODEL_VALIDATION,AUXILIARY_ONLY
RV-V03-000509,MSV1-E5A7682653747142,IS 7391 (Part 2):2026,Cotton Covered Copper Conductors — Specification Part 2 Rectangular Conductors,hi,NOT_TRANSLATED,NEEDS_HUMAN_OR_MODEL_VALIDATION,AUXILIARY_ONLY
RV-V03-000510,MSV1-67299639BF0C810D,IS 1146:2026,Rubber and Plastics Containers for Lead-Acid Storage Batteries — Specification ( Third Revision ),hi,NOT_TRANSLATED,NEEDS_HUMAN_OR_MODEL_VALIDATION,AUXILIARY_ONLY
RV-V03-000511,MSV1-90CDFE4A1AF562AD,IS 15429:2026,Storage installation and maintenance of DC motors - Code of practice,hi,NOT_TRANSLATED,NEEDS_HUMAN_OR_MODEL_VALIDATION,AUXILIARY_ONLY
RV-V03-000512,MSV1-C8C7E8B281D34B1D,IS 16179:2026,Statistical Methods - Guidelines for the Evaluation of Conformity with Specified Requirements,hi,NOT_TRANSLATED,NEEDS_HUMAN_OR_MODEL_VALIDATION,AUXILIARY_ONLY
RV-V03-000513,MSV1-93A8D153A409103C,IS 19761:2026,Power installations exceeding 1 kV a.c. and 1.5 kV d.c. Part 0 Principles to be observed in the design and erection of high voltage installations- Safety of high voltage installations,hi,NOT_TRANSLATED,NEEDS_HUMAN_OR_MODEL_VALIDATION,AUXILIARY_ONLY
RV-V03-000514,MSV1-A19BBA97D6A66DD6,IS 16463 (Part 22):2026,Low-Voltage Surge Protective Devices - Part 22: Surge Protective Devices Connected to Telecommunications and Signalling Networks - Selection and Application Principles,hi,NOT_TRANSLATED,NEEDS_HUMAN_OR_MODEL_VALIDATION,AUXILIARY_ONLY
RV-V03-000515,MSV1-96345B75F9939159,IS/IEC 61936 (Part 2):2023,Power Installations Exceeding 1 kV a.c. and 1.5 kV d.c. Part 2 d.c. (First Revision),hi,NOT_TRANSLATED,NEEDS_HUMAN_OR_MODEL_VALIDATION,AUXILIARY_ONLY
RV-V03-000516,MSV1-DCDEDE71AD6C7A92,IS 3466:2026,Masonry cement - Specification,hi,NOT_TRANSLATED,NEEDS_HUMAN_OR_MODEL_VALIDATION,AUXILIARY_ONLY
RV-V03-000517,MSV1-1B003F43ABD9161C,IS 4305:2026,Glossary of terms relating to pozzolana (First Revision),hi,NOT_TRANSLATED,NEEDS_HUMAN_OR_MODEL_VALIDATION,AUXILIARY_ONLY
RV-V03-000518,MSV1-19F627E474E16E01,IS 4845:2026,Definitions and terminology relating to hydraulic cement First Revision of IS 4845,hi,NOT_TRANSLATED,NEEDS_HUMAN_OR_MODEL_VALIDATION,AUXILIARY_ONLY
RV-V03-000519,MSV1-F95A9807F0D1AA18,IS 10080:2026,Vibration Machine for casting standard cement mortar cubes Specification First Revision of IS 10080,hi,NOT_TRANSLATED,NEEDS_HUMAN_OR_MODEL_VALIDATION,AUXILIARY_ONLY
RV-V03-000520,MSV1-F148739CF0F37848,IS 875 (Part 1):2026,Design Loads Other than Earthquake for Buildings and Structures Code of Practice Part 1 Dead Loads Unit Weights of Building Construction and Stored Materials,hi,NOT_TRANSLATED,NEEDS_HUMAN_OR_MODEL_VALIDATION,AUXILIARY_ONLY
RV-V03-000521,MSV1-D87E95A582F73F7A,IS 2601:2026,Brass Anodes for Electroplating Specification,hi,NOT_TRANSLATED,NEEDS_HUMAN_OR_MODEL_VALIDATION,AUXILIARY_ONLY
RV-V03-000522,MSV1-609E3649D55B265F,IS 1528 (Part 14):2026,Methods of sampling and physical tests for refractory materials: Part 14 determination of sieve analysis (First Revision),hi,NOT_TRANSLATED,NEEDS_HUMAN_OR_MODEL_VALIDATION,AUXILIARY_ONLY
RV-V03-000523,MSV1-D0E86AA1480F48D6,IS 18632:2026,Welding consumables — Procurement of filler materials and fluxes (First Revision),hi,NOT_TRANSLATED,NEEDS_HUMAN_OR_MODEL_VALIDATION,AUXILIARY_ONLY
RV-V03-000524,MSV1-1BE52BCEBE7713EA,IS 6016:2026,"Gas welding equipment — Hose connections for equipment for welding, cutting and allied processes — Listing of connections which are either standardized or in common use (Third Revision)",hi,NOT_TRANSLATED,NEEDS_HUMAN_OR_MODEL_VALIDATION,AUXILIARY_ONLY
RV-V03-000525,MSV1-B7407C4EFB611347,IS 8376:2026 P,Metallic coatings — Electroplated coatings of nickel plus chromium on plastics materials,hi,NOT_TRANSLATED,NEEDS_HUMAN_OR_MODEL_VALIDATION,AUXILIARY_ONLY
RV-V03-000526,MSV1-FCD0098BEEEE5352,IS 9838:2026,Conversion coatings on metallic materials — Determination of coating mass per unit area — Gravimetric methods,hi,NOT_TRANSLATED,NEEDS_HUMAN_OR_MODEL_VALIDATION,AUXILIARY_ONLY
RV-V03-000527,MSV1-7C52A490930BB931,IS 19750:2026,Welding Measurement of preheating temperature interpass temperature and preheat maintenance temperature,hi,NOT_TRANSLATED,NEEDS_HUMAN_OR_MODEL_VALIDATION,AUXILIARY_ONLY
RV-V03-000528,MSV1-4F383FFDFF41BF6C,IS 19743:2026,BUILDING CONSTRUCTION MACHINERY AND EQUIPMENT PILE DRIVING AND EXTRACTING EQUIPMENT TERMINOLOGY AND COMMERCIAL SPECIFICATIONS Adoption of ISO 11886,hi,NOT_TRANSLATED,NEEDS_HUMAN_OR_MODEL_VALIDATION,AUXILIARY_ONLY
RV-V03-000529,MSV1-9170131BE1C0CEBE,IS 19765:2026,Road Construction and Maintenance Equipment — Pavers-finishers — Commercial Specifications ( First Revision ),hi,NOT_TRANSLATED,NEEDS_HUMAN_OR_MODEL_VALIDATION,AUXILIARY_ONLY
RV-V03-000530,MSV1-21D453DDC8C2C579,IS 19667:2026,Nanotechnology — Nanoparticles in powder form — Characteristics and measurements,hi,NOT_TRANSLATED,NEEDS_HUMAN_OR_MODEL_VALIDATION,AUXILIARY_ONLY
RV-V03-000531,MSV1-45003C697DBF8166,IS 10058:2026,"Specification For Forceps, Fixation, Graefe's Pattern",hi,NOT_TRANSLATED,NEEDS_HUMAN_OR_MODEL_VALIDATION,AUXILIARY_ONLY
RV-V03-000532,MSV1-C9FCB8F8A6875175,IS 10390:2026,Specification for muscle hook,hi,NOT_TRANSLATED,NEEDS_HUMAN_OR_MODEL_VALIDATION,AUXILIARY_ONLY
RV-V03-000533,MSV1-4EF71BCCBEB4E59F,IS 10045:2026,"Specification For Punch, Lacrymal Bone, Beyer's Pattern",hi,NOT_TRANSLATED,NEEDS_HUMAN_OR_MODEL_VALIDATION,AUXILIARY_ONLY
RV-V03-000534,MSV1-2BA125EF8F51ED7B,IS 4569 (Part 2):2026,"Specification for scissors, Eye part 2 Conjunctival, Blunt and Sharp-Point Scissors",hi,NOT_TRANSLATED,NEEDS_HUMAN_OR_MODEL_VALIDATION,AUXILIARY_ONLY
RV-V03-000535,MSV1-AD01B2F74328DA22,IS 4569 (Part 3):2026,"Specification for scissors, eye: part 3 scissors, tenotomy (Second Revision)",hi,NOT_TRANSLATED,NEEDS_HUMAN_OR_MODEL_VALIDATION,AUXILIARY_ONLY
RV-V03-000536,MSV1-B8CC1961535AC336,IS 5157:2026,"Specification for forceps, eye, Iris (First Revision)",hi,NOT_TRANSLATED,NEEDS_HUMAN_OR_MODEL_VALIDATION,AUXILIARY_ONLY
RV-V03-000537,MSV1-26B20DFEF54275BD,IS 8106:2026,"Specification For Needle Holder, Eye, Kalt's Pattern",hi,NOT_TRANSLATED,NEEDS_HUMAN_OR_MODEL_VALIDATION,AUXILIARY_ONLY
RV-V03-000538,MSV1-436ACE74FCCF9A2A,IS 5182 (Part 25):2026,Air Pollution — Methods for Measurement Part 25 Ammonia (First Revision),hi,NOT_TRANSLATED,NEEDS_HUMAN_OR_MODEL_VALIDATION,AUXILIARY_ONLY
RV-V03-000539,MSV1-CCE5548EE5DC3200,IS 14656:2026,Ceramic Fibre Products - Methods of Test (First Revision),hi,NOT_TRANSLATED,NEEDS_HUMAN_OR_MODEL_VALIDATION,AUXILIARY_ONLY
RV-V03-000540,MSV1-DC55115A2D3224F2,IS 4263:2026,Chlorine — Code of Safety (First Revision),hi,NOT_TRANSLATED,NEEDS_HUMAN_OR_MODEL_VALIDATION,AUXILIARY_ONLY
RV-V03-000541,MSV1-327E0A6862FE433B,IS 6719:2026,Moulded PVC Unit Outsole - Specification (First Revision),hi,NOT_TRANSLATED,NEEDS_HUMAN_OR_MODEL_VALIDATION,AUXILIARY_ONLY
RV-V03-000542,MSV1-9E34EA1FB710CE26,IS 18066 (Part 4):2026,Measurement of Radioactivity in the Environment - Air Radon-222 Part 4 Integrated Measurement Method for Determining Average Activity Concentration Using Passive Sampling and Delayed Analysis,hi,NOT_TRANSLATED,NEEDS_HUMAN_OR_MODEL_VALIDATION,AUXILIARY_ONLY
RV-V03-000543,MSV1-7843F0495A064779,IS 18066 (Part 6):2026,Measurement of Radioactivity in the Environment - Air Radon-222 Part 6 Spot Measurement Methods of the Activity Concentration,hi,NOT_TRANSLATED,NEEDS_HUMAN_OR_MODEL_VALIDATION,AUXILIARY_ONLY
RV-V03-000544,MSV1-834F46E27C6679A4,IS 19627:2026,Footwear Critical Substances Potentially Present in Footwear and Footwear Components Test Method to Quantitatively Determine Dimethylformamide in Footwear Materials,hi,NOT_TRANSLATED,NEEDS_HUMAN_OR_MODEL_VALIDATION,AUXILIARY_ONLY
RV-V03-000545,MSV1-D16B7D52A77FAEC3,IS 19628:2026,Footwear Critical Substances Potentially Present in Footwear and Footwear Components Test Method to Quantitatively Determine Polycyclic Aromatic Hydrocarbons PAHs in Footwear Materials,hi,NOT_TRANSLATED,NEEDS_HUMAN_OR_MODEL_VALIDATION,AUXILIARY_ONLY
RV-V03-000546,MSV1-6DF845D1551C4264,IS 17614 (Part 27):2026,Water Quality — Sampling Part 27 Guidance on sampling for the parameters of the oceanic carbon dioxide system,hi,NOT_TRANSLATED,NEEDS_HUMAN_OR_MODEL_VALIDATION,AUXILIARY_ONLY
RV-V03-000547,MSV1-6C9ECDC3A93908F1,IS 19748:2026,Ophthalmic implants - Irrigating solutions for ophthalmic surgery,hi,NOT_TRANSLATED,NEEDS_HUMAN_OR_MODEL_VALIDATION,AUXILIARY_ONLY
RV-V03-000548,MSV1-16F593CA0A1F31D9,IS 10847:2026,"Specification for Speculum with Screw Adjustment, Eye, Right and Left, Arruga's Pattern",hi,NOT_TRANSLATED,NEEDS_HUMAN_OR_MODEL_VALIDATION,AUXILIARY_ONLY
RV-V03-000549,MSV1-2EA48FF9DB9F960A,IS 4569 (Part 1):2026,"Specification for scissors, eye: Part 1 corneal (Second Revision)",hi,NOT_TRANSLATED,NEEDS_HUMAN_OR_MODEL_VALIDATION,AUXILIARY_ONLY
RV-V03-000550,MSV1-6AAC44CFBC729748,IS 7786:2026,"Specification For Retractor, Eyelid, Desmarre's Pattern",hi,NOT_TRANSLATED,NEEDS_HUMAN_OR_MODEL_VALIDATION,AUXILIARY_ONLY
RV-V03-000551,MSV1-9E9EBB59DA6FEB57,IS 9688:2026,"Eye surgery instruments - Hooks, strabismus - Specification ( first revision)",hi,NOT_TRANSLATED,NEEDS_HUMAN_OR_MODEL_VALIDATION,AUXILIARY_ONLY
RV-V03-000552,MSV1-FE43741F67AB412C,IS 9983:2026,"Specification for wire vectis and lens expressor, eye",hi,NOT_TRANSLATED,NEEDS_HUMAN_OR_MODEL_VALIDATION,AUXILIARY_ONLY
RV-V03-000553,MSV1-82CFD3AF6105A210,IS 8109:2026,"Specification For Needle Holder, Eye, Castroviejo's Pattern",hi,NOT_TRANSLATED,NEEDS_HUMAN_OR_MODEL_VALIDATION,AUXILIARY_ONLY
RV-V03-000554,MSV1-0E516720044C9685,IS 9329:2026,"Specification For Speculum, Eye, Clark's Pattern (Modified) (First Revision)",hi,NOT_TRANSLATED,NEEDS_HUMAN_OR_MODEL_VALIDATION,AUXILIARY_ONLY
RV-V03-000555,MSV1-E58F5D0CA6B764DA,IS 19692:2026,MEDIA AND ENTERTAINMENT SOUND AND MUSIC SERVICES VOCABULARY,hi,NOT_TRANSLATED,NEEDS_HUMAN_OR_MODEL_VALIDATION,AUXILIARY_ONLY
RV-V03-000556,MSV1-47E1986CC6327878,IS 4755:2026,Acoustics Reference zero for the calibration of audiometric equipment Part 1: Reference equivalent threshold sound pressure levels for pure tones and supra-aural earphones Second Revision,hi,NOT_TRANSLATED,NEEDS_HUMAN_OR_MODEL_VALIDATION,AUXILIARY_ONLY
RV-V03-000557,MSV1-BF0609419C822A85,IS 8327:2026,ENT Surgery Instruments –– Chevalier Jackson’s Type Pattern Vocal Nodule Forceps — Specification ( First Revision ),hi,NOT_TRANSLATED,NEEDS_HUMAN_OR_MODEL_VALIDATION,AUXILIARY_ONLY
RV-V03-000558,MSV1-D22D8BD7A7FA5005,IS 8734:2026,ENT Surgery Instruments –Chevalier Jackson’s Type Pattern Forceps – Specification ( First Revision ),hi,NOT_TRANSLATED,NEEDS_HUMAN_OR_MODEL_VALIDATION,AUXILIARY_ONLY
RV-V03-000559,MSV1-6E95EA007C2E9837,IS 8743:2026,ENT Surgery Instruments–– Irwin Moore's Type Pattern Direct Bronchoscopy Forceps –– Specification ( Second Revision ),hi,NOT_TRANSLATED,NEEDS_HUMAN_OR_MODEL_VALIDATION,AUXILIARY_ONLY
RV-V03-000560,MSV1-CE57A2E72A7E10B8,IS 8838:2026,ENT Surgery Instruments – Straight Cup Forceps – Specification (First Revision),hi,NOT_TRANSLATED,NEEDS_HUMAN_OR_MODEL_VALIDATION,AUXILIARY_ONLY
RV-V03-000561,MSV1-B846137C789B471A,IS 8839:2026,ENT Surgery Instruments – Upwards Cup Forceps – Specification (First Revision),hi,NOT_TRANSLATED,NEEDS_HUMAN_OR_MODEL_VALIDATION,AUXILIARY_ONLY
RV-V03-000562,MSV1-E887DC8A767D27C6,IS 8840:2026,ENT Surgery Instruments – Scissors – Specification (First Revision ),hi,NOT_TRANSLATED,NEEDS_HUMAN_OR_MODEL_VALIDATION,AUXILIARY_ONLY
RV-V03-000563,MSV1-A3241C0083BBCFB9,IS 17034:2025,Jaipur Foot — Specification,hi,NOT_TRANSLATED,NEEDS_HUMAN_OR_MODEL_VALIDATION,AUXILIARY_ONLY
RV-V03-000564,MSV1-669DC6E21638BD25,IS 19731:2026,ENT Surgery Instruments –– Otology Drill — Specification,hi,NOT_TRANSLATED,NEEDS_HUMAN_OR_MODEL_VALIDATION,AUXILIARY_ONLY
RV-V03-000565,MSV1-1B2446ED80DCD3D3,IS 19615:2026,Extracellular Vesicles - Characterization,hi,NOT_TRANSLATED,NEEDS_HUMAN_OR_MODEL_VALIDATION,AUXILIARY_ONLY
RV-V03-000566,MSV1-8B56191E49BEC03C,IS/ISO 6039:2023,Blockchain and Distributed Ledger Technologies - Identifiers of Subjects and Objects for the Design of Blockchain Systems,hi,NOT_TRANSLATED,NEEDS_HUMAN_OR_MODEL_VALIDATION,AUXILIARY_ONLY
RV-V03-000567,MSV1-38A04B6C2EE78EBE,IS/IEC 61400 (Part 5):2020,Wind energy generation systems Part 5: Wind turbine blades,hi,NOT_TRANSLATED,NEEDS_HUMAN_OR_MODEL_VALIDATION,AUXILIARY_ONLY
RV-V03-000568,MSV1-304EF9F64DF4D82E,IS/IEC 61400 (Part 6):2020,Wind energy generation systems Part 6: Tower and foundation design requirements,hi,NOT_TRANSLATED,NEEDS_HUMAN_OR_MODEL_VALIDATION,AUXILIARY_ONLY
RV-V03-000569,MSV1-C54BAC7B972B7915,IS/IEC 61400 (Part 3/Sec 1):2019,Wind energy generation systems Part 3 Design Requirements Section 1 Fixed Offshore Wind Turbines,hi,NOT_TRANSLATED,NEEDS_HUMAN_OR_MODEL_VALIDATION,AUXILIARY_ONLY
RV-V03-000570,MSV1-1F1963D813713C20,IS 19583:2026,Orthoimagery- Data Acquisition and Accuracy Assessment,hi,NOT_TRANSLATED,NEEDS_HUMAN_OR_MODEL_VALIDATION,AUXILIARY_ONLY
RV-V03-000571,MSV1-188079A7722D267E,IS 14230:2026,C - Band parabolic dish antenna Specification,hi,NOT_TRANSLATED,NEEDS_HUMAN_OR_MODEL_VALIDATION,AUXILIARY_ONLY
RV-V03-000572,MSV1-7B1E8F64CC1BBA64,IS 7136:2026,Specification for megaphones,hi,NOT_TRANSLATED,NEEDS_HUMAN_OR_MODEL_VALIDATION,AUXILIARY_ONLY
RV-V03-000573,MSV1-8FB288129B0F12E7,IS 14481 (Part 1):2026,Nuclear power plants - Instrumentation important to safety - Radiation monitoring for accident and post - Accident conditions: Part 1 general requirements (Second Revision),hi,NOT_TRANSLATED,NEEDS_HUMAN_OR_MODEL_VALIDATION,AUXILIARY_ONLY
RV-V03-000574,MSV1-89DC28EC303F413D,IS 15996:2026,Information and Documentation — Library Performance Indicators (Second Revision),hi,NOT_TRANSLATED,NEEDS_HUMAN_OR_MODEL_VALIDATION,AUXILIARY_ONLY
RV-V03-000575,MSV1-BBEACB625669062A,IS 9558:2026,PTFE (Teflon) Piston Depth Gauge – Specification(First revision),hi,NOT_TRANSLATED,NEEDS_HUMAN_OR_MODEL_VALIDATION,AUXILIARY_ONLY
RV-V03-000576,MSV1-2D2C4730040D0FDC,IS 15994 (Part 2):2026,Information and documentation — Metadata for managing records Part 2: Conceptual and implementation issues,hi,NOT_TRANSLATED,NEEDS_HUMAN_OR_MODEL_VALIDATION,AUXILIARY_ONLY
RV-V03-000577,MSV1-B1F4DA1330A1A65E,IS 2627:2026,LIQUID-IN-GLASS THERMOMETERS - GLOSSARY (Second Revision),hi,NOT_TRANSLATED,NEEDS_HUMAN_OR_MODEL_VALIDATION,AUXILIARY_ONLY
RV-V03-000578,MSV1-C8041068FC3E2FB9,IS 7000:2026,GENERAL PURPOSE MAXIMUM AND MINIMUM THERMOMETERS SPECIFICATION (First Revision),hi,NOT_TRANSLATED,NEEDS_HUMAN_OR_MODEL_VALIDATION,AUXILIARY_ONLY
RV-V03-000579,MSV1-47F7D1E8D9C3B4FD,IS 12244 (Part 2):2026,CALORIMETER THERMOMETERS SPECIFICATION PART 2 ENCLOSED SCALE THERMOMETERS (First Revision),hi,NOT_TRANSLATED,NEEDS_HUMAN_OR_MODEL_VALIDATION,AUXILIARY_ONLY
RV-V03-000580,MSV1-4D06BCCCE49880CB,IS 3677:2026,Unbonded Rock and Slag Wool for Thermal Insulation - Specification Third Revision,hi,NOT_TRANSLATED,NEEDS_HUMAN_OR_MODEL_VALIDATION,AUXILIARY_ONLY
RV-V03-000581,MSV1-DD0DA552FA6D6C63,IS 12533:2026,Photography — Rolls of sensitized material for the pre-press industry — Dimensions and related requirements (First Revision),hi,NOT_TRANSLATED,NEEDS_HUMAN_OR_MODEL_VALIDATION,AUXILIARY_ONLY
RV-V03-000582,MSV1-1B8B8C2109AA9732,IS 12517:2026,Photography Sheets of sensitized material for the pre-press industry Dimensions and related requirements First Revision,hi,NOT_TRANSLATED,NEEDS_HUMAN_OR_MODEL_VALIDATION,AUXILIARY_ONLY
RV-V03-000583,MSV1-0BA7C2F1A8FCB230,IS 7038:2026,Chloroplatinic acid (Platinum chloride) — Specification (First Revision),hi,NOT_TRANSLATED,NEEDS_HUMAN_OR_MODEL_VALIDATION,AUXILIARY_ONLY
RV-V03-000584,MSV1-CFA03221EA7ACD61,IS 7130:2026,"Chlorosulphonic Acid, Technical - Specification",hi,NOT_TRANSLATED,NEEDS_HUMAN_OR_MODEL_VALIDATION,AUXILIARY_ONLY
RV-V03-000585,MSV1-759B7D522E4A7C70,IS 3894:2026,MANUALLY-OPERATED COMB FOUNDATION MILL — SPECIFICATION (Second Revision ),hi,NOT_TRANSLATED,NEEDS_HUMAN_OR_MODEL_VALIDATION,AUXILIARY_ONLY
RV-V03-000586,MSV1-68D9C659DB6ABE2C,IS 8325:2026,Specification for nickel formate for nickel catalyst (First Revision),hi,NOT_TRANSLATED,NEEDS_HUMAN_OR_MODEL_VALIDATION,AUXILIARY_ONLY
RV-V03-000587,MSV1-96A95D1FEB2B3F86,IS 6565:2026,Foetoscope For Foetal Heart Sounds Pinards Pattern Specification First Revision of IS 6565,hi,NOT_TRANSLATED,NEEDS_HUMAN_OR_MODEL_VALIDATION,AUXILIARY_ONLY
RV-V03-000588,MSV1-27F8F9FDB6F555B3,IS 6578:2026,Obstetrics Instruments Forceps Ovum Shape and Dimensions Second Revision of IS 6578,hi,NOT_TRANSLATED,NEEDS_HUMAN_OR_MODEL_VALIDATION,AUXILIARY_ONLY
RV-V03-000589,MSV1-3E8C065979ABCCCF,IS/IEC 62314:2022,Solid-State Relays - Safety Requirements (First Revision),hi,NOT_TRANSLATED,NEEDS_HUMAN_OR_MODEL_VALIDATION,AUXILIARY_ONLY
RV-V03-000590,MSV1-C24E1C1AF21D7EC1,IS/IEC 61812 (Part 1):2023,Time Relays and Coupling Relays for Industrial and Residential Use Part 1 Requirements and Tests (First Revision),hi,NOT_TRANSLATED,NEEDS_HUMAN_OR_MODEL_VALIDATION,AUXILIARY_ONLY
RV-V03-000591,MSV1-7F392C84E09761F0,IS 9708:2026,Overhead lines Requirements and tests for aeolian vibration dampers,hi,NOT_TRANSLATED,NEEDS_HUMAN_OR_MODEL_VALIDATION,AUXILIARY_ONLY
RV-V03-000592,MSV1-A2B40F2C4437B690,IS/IEC 60079 (Part 17):2023,Explosive atmospheres - Part 17: Electrical installations inspection and maintenance (Second Revision),hi,NOT_TRANSLATED,NEEDS_HUMAN_OR_MODEL_VALIDATION,AUXILIARY_ONLY
RV-V03-000593,MSV1-91E442BC27AAC1B2,IS 2381:2026,Information and Documentation — Guidelines for Bibliographic References and Citations to Information Resources (Fourth Revision),hi,NOT_TRANSLATED,NEEDS_HUMAN_OR_MODEL_VALIDATION,AUXILIARY_ONLY
RV-V03-000594,MSV1-2A06025DAF3035B1,IS/ISO 15924:2022,Information and documentation - Codes for the representation of names of scripts,hi,NOT_TRANSLATED,NEEDS_HUMAN_OR_MODEL_VALIDATION,AUXILIARY_ONLY
RV-V03-000595,MSV1-116E974985244DD8,IS 14836 (Part 1):2026,Codes for the Representation of Names of Countries and their Subdivisions Part 1 Country Codes ( Third Revision),hi,NOT_TRANSLATED,NEEDS_HUMAN_OR_MODEL_VALIDATION,AUXILIARY_ONLY
RV-V03-000596,MSV1-304251846C388A26,IS 14836 (Part 2):2026,Codes for the representation of names of countries and their subdivisions: Part 2 country subdivision codes,hi,NOT_TRANSLATED,NEEDS_HUMAN_OR_MODEL_VALIDATION,AUXILIARY_ONLY
RV-V03-000597,MSV1-E83C4B7DC1C4B39C,IS 14836 (Part 3):2026,Codes for the representation of namesof countries and their subdivisions: Part 3 code for formerly used names of countries,hi,NOT_TRANSLATED,NEEDS_HUMAN_OR_MODEL_VALIDATION,AUXILIARY_ONLY
RV-V03-000598,MSV1-6782EABA3FBFD9F2,IS 16276 (Part 2):2026,Document Management ” Portable Document Format Part 2 PDF 2.0,hi,NOT_TRANSLATED,NEEDS_HUMAN_OR_MODEL_VALIDATION,AUXILIARY_ONLY
RV-V03-000599,MSV1-67BCC79C9C329F88,IS/IEC 60773:2021,Rotating electrical machines — Test methods and apparatus for the measurement of the operational characteristics of brushes,hi,NOT_TRANSLATED,NEEDS_HUMAN_OR_MODEL_VALIDATION,AUXILIARY_ONLY
RV-V03-000600,MSV1-B0F338A352D19F83,IS 4647:2026,INLAND VESSELS - DETACHABLE STEEL LADDER - SPECIFICATION,hi,NOT_TRANSLATED,NEEDS_HUMAN_OR_MODEL_VALIDATION,AUXILIARY_ONLY
RV-V03-000601,MSV1-47A081B8CD3F5DFF,IS 1399:2026,Optical Technology — Glossary of Terms ( First Revision ),hi,NOT_TRANSLATED,NEEDS_HUMAN_OR_MODEL_VALIDATION,AUXILIARY_ONLY
RV-V03-000602,MSV1-E5866EB5897D11E4,IS 6454 (Part 2):2026,Radial spherical roller bearings Part 2 Double row with cylindrical or tapered bore — Specification (First Revision),hi,NOT_TRANSLATED,NEEDS_HUMAN_OR_MODEL_VALIDATION,AUXILIARY_ONLY
RV-V03-000603,MSV1-9B92A0C8F5EF6B04,IS 2462:2026,Parallel Bars Used in Gymnastics — Specification ( Second Revision ),hi,NOT_TRANSLATED,NEEDS_HUMAN_OR_MODEL_VALIDATION,AUXILIARY_ONLY
RV-V03-000604,MSV1-07E321597F4F9AA6,IS 1895:2026,Textiles — Cotton Newar — Specification (Third Revision),hi,NOT_TRANSLATED,NEEDS_HUMAN_OR_MODEL_VALIDATION,AUXILIARY_ONLY
RV-V03-000605,MSV1-DCE972B8D6922AF8,IS 5352 (Part 2):2026,Textiles — Glass and Glass-Polyester Fibre Woven Tapes Part 2 Methods of Test (Fourth Revision),hi,NOT_TRANSLATED,NEEDS_HUMAN_OR_MODEL_VALIDATION,AUXILIARY_ONLY
RV-V03-000606,MSV1-40C8F9F26D7A7273,IS 199:2026,"Textiles — Test Method — Determination of Moisture, Total Size or Finish, Ash and Fatty Matter in Grey and Finished Cotton Textile Materials (Fourth Revision)",hi,NOT_TRANSLATED,NEEDS_HUMAN_OR_MODEL_VALIDATION,AUXILIARY_ONLY
RV-V03-000607,MSV1-3D82D7598CF3AE3C,IS 665:2026,Textiles — Method of Test — Determination of Dimensional Changes of Fabrics Containing Wool on Soaking in Water (Second Revision),hi,NOT_TRANSLATED,NEEDS_HUMAN_OR_MODEL_VALIDATION,AUXILIARY_ONLY
RV-V03-000608,MSV1-000837EAFC9CA14F,IS 1299:2026,Textiles — Method of Test — Determination of Dimensional Changes on Washing of Fabrics Woven from Rayon and Synthetic Fibres (Third Revision),hi,NOT_TRANSLATED,NEEDS_HUMAN_OR_MODEL_VALIDATION,AUXILIARY_ONLY
RV-V03-000609,MSV1-8E4D8D10442FB698,IS 4419:2026,Textiles — Method of Test — Determination of Dimensional Stability of Knitted Fabrics Made of Synthetic Fibres (First Revision),hi,NOT_TRANSLATED,NEEDS_HUMAN_OR_MODEL_VALIDATION,AUXILIARY_ONLY
RV-V03-000610,MSV1-0F2CB622262B5089,IS 171:2025,Textiles — Grey Spun Cotton Yarn — Specifications (Fifth Revision),hi,NOT_TRANSLATED,NEEDS_HUMAN_OR_MODEL_VALIDATION,AUXILIARY_ONLY
RV-V03-000611,MSV1-3BF79C6DE9B897EE,IS 293:2025,"Textiles — Packaging of Staple Fibers, Yarns, Sewing Threads and Cloths/Fabrics — Code (Fourth Revision)",hi,NOT_TRANSLATED,NEEDS_HUMAN_OR_MODEL_VALIDATION,AUXILIARY_ONLY
RV-V03-000612,MSV1-AB1E6AFE781B677C,IS/ISO 603:2024,Bonded abrasive products — Dimensions Part 8 Grinding wheels for Deburring and Fettling/Snagging on Stationary Machine (First Revision),hi,NOT_TRANSLATED,NEEDS_HUMAN_OR_MODEL_VALIDATION,AUXILIARY_ONLY
RV-V03-000613,MSV1-F97D0A8E4C8699CD,IS/ISO 8000 (Part 115):2024,Data quality: Part 115 Master Data -- Exchange of quality identifiers -- Syntactic semantic and resolution requirements first revision,hi,NOT_TRANSLATED,NEEDS_HUMAN_OR_MODEL_VALIDATION,AUXILIARY_ONLY
RV-V03-000614,MSV1-3E6B4A06F7363ECE,IS 14739:2026,Geotextiles and geotextile-related products - Determination of tensile creep and creep rupture behaviour (second revision ),hi,NOT_TRANSLATED,NEEDS_HUMAN_OR_MODEL_VALIDATION,AUXILIARY_ONLY
RV-V03-000615,MSV1-D27E69C898314981,IS 3650:2026,Combination Side Cutting Pliers — Specification (Third Revision),hi,NOT_TRANSLATED,NEEDS_HUMAN_OR_MODEL_VALIDATION,AUXILIARY_ONLY
RV-V03-000616,MSV1-0FE9BA408239FEE3,IS 8857:2026,Textiles — Canvas Water Bucket — Specification ( Second Revision ),hi,NOT_TRANSLATED,NEEDS_HUMAN_OR_MODEL_VALIDATION,AUXILIARY_ONLY
RV-V03-000617,MSV1-6D6C10BE34E24B1D,IS 4003 (Part 1):2026,Pipe Wrenches - Specification Part 1 General Purpose(Third revision),hi,NOT_TRANSLATED,NEEDS_HUMAN_OR_MODEL_VALIDATION,AUXILIARY_ONLY
RV-V03-000618,MSV1-1FDDA6E5EC85026C,IS 7044:2026,Textiles — Method of Test — Determination of Sodium Chlorite Content in Textile Materials (First Revision),hi,NOT_TRANSLATED,NEEDS_HUMAN_OR_MODEL_VALIDATION,AUXILIARY_ONLY
RV-V03-000619,MSV1-08FD6ABB28022C7B,IS 7045:2026,Textiles — Method of Test — Determination of Hydrogen Peroxide Content in Textile Materials (First Revision),hi,NOT_TRANSLATED,NEEDS_HUMAN_OR_MODEL_VALIDATION,AUXILIARY_ONLY
RV-V03-000620,MSV1-4FB60D397C1EE502,IS 17260 (Part 1):2026,Textile Floor Coverings — Production of Changes in Appearance Part 1 Vettermann Drum Test (First Revision),hi,NOT_TRANSLATED,NEEDS_HUMAN_OR_MODEL_VALIDATION,AUXILIARY_ONLY
RV-V03-000621,MSV1-2B073EC9BB996BC5,IS 14820:2026,"Lasers and Laser-Related Equipment — Laser Beam Widths, Divergence Angles and Beam Propagation Ratios — Methods of Test Part 2 General Astigmatic Beams ( First Revision )",hi,NOT_TRANSLATED,NEEDS_HUMAN_OR_MODEL_VALIDATION,AUXILIARY_ONLY
RV-V03-000622,MSV1-635C73F9296FDA73,IS 19597:2026,Landing Mats used in Gymnastics - Specification,hi,NOT_TRANSLATED,NEEDS_HUMAN_OR_MODEL_VALIDATION,AUXILIARY_ONLY
RV-V03-000623,MSV1-FBED99197E27B201,IS 19723:2026,Measurement of Diameter and Girth of Trees - Guidelines,hi,NOT_TRANSLATED,NEEDS_HUMAN_OR_MODEL_VALIDATION,AUXILIARY_ONLY
RV-V03-000624,MSV1-50A134F50D10581B,IS 19701 (Part 1):2026,Automation Systems and Integration — Nuclear Digital Ecosystem Part 1 Overview and Framework,hi,NOT_TRANSLATED,NEEDS_HUMAN_OR_MODEL_VALIDATION,AUXILIARY_ONLY
RV-V03-000625,MSV1-67D6DC9935AC5945,IS 17192 (Part 3):2026,Robotics — Performance Criteria and Related Test Methods for Service Robots Part 3 Manipulation,hi,NOT_TRANSLATED,NEEDS_HUMAN_OR_MODEL_VALIDATION,AUXILIARY_ONLY
RV-V03-000626,MSV1-DB7CF655470DACEF,IS 19699:2026,Textile Floor Coverings — Broadloom Woven Carpet — Specification,hi,NOT_TRANSLATED,NEEDS_HUMAN_OR_MODEL_VALIDATION,AUXILIARY_ONLY
RV-V03-000627,MSV1-635E178AA979ED6C,IS/ISO 20140 (Part 5):2024,Automation Systems and Integration — Evaluating Energy Efficiency and other Factors of Manufacturing Systems that Influence the Environment Part 5 Environmental Performance Evaluation Data ( First Revision ),hi,NOT_TRANSLATED,NEEDS_HUMAN_OR_MODEL_VALIDATION,AUXILIARY_ONLY
RV-V03-000628,MSV1-6240528CE35F08BB,IS 19702:2026,Shanks for Pneumatic Tools and Fitting of Chuck Bushings — Dimensions,hi,NOT_TRANSLATED,NEEDS_HUMAN_OR_MODEL_VALIDATION,AUXILIARY_ONLY
RV-V03-000629,MSV1-5E34F98B26014B48,IS 12193 (Part 2):2026,Methods of measurement on radio receivers for various classes of emission Part 3: Receivers for amplitude-modulated sound-broadcasting emissions First Revision,hi,NOT_TRANSLATED,NEEDS_HUMAN_OR_MODEL_VALIDATION,AUXILIARY_ONLY
RV-V03-000630,MSV1-3689C01E61C14757,IS 2189:2026,Selection Installation and Maintenance of Automatic Fire Detection and Alarm System - Code of Practice Fifth Revision,hi,NOT_TRANSLATED,NEEDS_HUMAN_OR_MODEL_VALIDATION,AUXILIARY_ONLY
RV-V03-000631,MSV1-BDE76327270BD9CF,IS 4456 (Part 1):2026,CHEMICAL RESISTANT MORTARS — METHODS OF TEST PART 1 SILICATE TYPE AND RESIN TYPE ( First revision ),hi,NOT_TRANSLATED,NEEDS_HUMAN_OR_MODEL_VALIDATION,AUXILIARY_ONLY
RV-V03-000632,MSV1-97710F1727A17117,IS 4456 (Part 2):2026,CHEMICAL RESISTANT MORTARS — METHODS OF TEST PART 2 SULPHUR TYPE ( First Revision ),hi,NOT_TRANSLATED,NEEDS_HUMAN_OR_MODEL_VALIDATION,AUXILIARY_ONLY
RV-V03-000633,MSV1-0BF88B14B836DF9B,IS 1200 (Part 1):2026,Method of Measurement of Building and Civil Engineering Works Part 1 Earthwork,hi,NOT_TRANSLATED,NEEDS_HUMAN_OR_MODEL_VALIDATION,AUXILIARY_ONLY
RV-V03-000634,MSV1-5AACEFA70EA13A58,IS 1200 (Part 9):2026,Method of Measurement of Building and Civil Engineering Works Part 9 Roof Covering Including Cladding,hi,NOT_TRANSLATED,NEEDS_HUMAN_OR_MODEL_VALIDATION,AUXILIARY_ONLY
RV-V03-000635,MSV1-BFA88B3333817B92,IS 1200 (Part 3):2026,Method of Measurement of Building and Civil Engineering Works Part 3 Brickwork,hi,NOT_TRANSLATED,NEEDS_HUMAN_OR_MODEL_VALIDATION,AUXILIARY_ONLY
RV-V03-000636,MSV1-5A0A06019EE9C692,IS 1200 (Part 4):2026,Method of Measurement of Building and Civil Engineering Works Part 4 Stone Masonry,hi,NOT_TRANSLATED,NEEDS_HUMAN_OR_MODEL_VALIDATION,AUXILIARY_ONLY
RV-V03-000637,MSV1-FA47BB94CC9D86C6,IS 19559:2026,Hot Rolled Alloy Steel Bars Specification,hi,NOT_TRANSLATED,NEEDS_HUMAN_OR_MODEL_VALIDATION,AUXILIARY_ONLY
RV-V03-000638,MSV1-4F561AB0226FEEC2,IS 19600:2026,Gasket and Packing Flexible Graphite Material Specification,hi,NOT_TRANSLATED,NEEDS_HUMAN_OR_MODEL_VALIDATION,AUXILIARY_ONLY
RV-V03-000639,MSV1-6B34415A9F3F4CB3,IS 19747:2026,Steel wire ropes — Determination of the actual modulus of elasticity,hi,NOT_TRANSLATED,NEEDS_HUMAN_OR_MODEL_VALIDATION,AUXILIARY_ONLY
RV-V03-000640,MSV1-F4CF36E63B645CCC,IS 19745:2026,STEEL WIRE ROPES — DETERMINATION OF THE TRANSVERS RIGIDITY OF STEEL WIRE ROPES UNDER NO AXIAL LOAD CONDITION,hi,NOT_TRANSLATED,NEEDS_HUMAN_OR_MODEL_VALIDATION,AUXILIARY_ONLY
RV-V03-000641,MSV1-21BA06BF53536A41,IS 19746:2026,STEEL WIRE ROPES — DETERMINATION OF ROTATIONAL PROPERTIES,hi,NOT_TRANSLATED,NEEDS_HUMAN_OR_MODEL_VALIDATION,AUXILIARY_ONLY
RV-V03-000642,MSV1-9DA7A9E6A9034E63,IS 6499:2026,SIMS PATTERN DOUBLE-ENDED SHARP UTERINE CURETTE SPECIFICATION First Revision,hi,NOT_TRANSLATED,NEEDS_HUMAN_OR_MODEL_VALIDATION,AUXILIARY_ONLY
RV-V03-000643,MSV1-0BBE11DFF89373A8,IS/IEC 61439 (Part 3):2024,Low-voltage switchgear and controlgear assemblies Part 3: Distribution boards intended to be operated by ordinary persons DBO First Revision,hi,NOT_TRANSLATED,NEEDS_HUMAN_OR_MODEL_VALIDATION,AUXILIARY_ONLY
RV-V03-000644,MSV1-F47A448381AD4F5B,IS/IEC 61439 (Part 4):2024,Low-Voltage Switchgear and Controlgear Assemblies Part 4: Particular requirements for assemblies for construction sites ACS First Revision,hi,NOT_TRANSLATED,NEEDS_HUMAN_OR_MODEL_VALIDATION,AUXILIARY_ONLY
RV-V03-000645,MSV1-00966380F287A744,IS 15596 (Part 7):2026,Sound System Equipment Part 7: Headphones and Earphones Second Revision,hi,NOT_TRANSLATED,NEEDS_HUMAN_OR_MODEL_VALIDATION,AUXILIARY_ONLY
RV-V03-000646,MSV1-0401D0E66387D769,IS 16602 (Part 3):2026,Information & Documentation- RFID in Libraries Part 3 Fixed Lenth Encoding,hi,NOT_TRANSLATED,NEEDS_HUMAN_OR_MODEL_VALIDATION,AUXILIARY_ONLY
RV-V03-000647,MSV1-E9EB32E415F1E87A,IS 19635:2026,Grid Integration of Renewable Energy Generation Terms and Definitions,hi,NOT_TRANSLATED,NEEDS_HUMAN_OR_MODEL_VALIDATION,AUXILIARY_ONLY
RV-V03-000648,MSV1-DC6FDA9BAD33EE9F,IS 19637:2026,Grid code compliance assessment methods for grid connection of wind and PV Power plants,hi,NOT_TRANSLATED,NEEDS_HUMAN_OR_MODEL_VALIDATION,AUXILIARY_ONLY
RV-V03-000649,MSV1-AB95E7FBCB44FF02,IS/IEC 63002:2025,Interoperability Specifications and Communication Method for External Power Supplies used with Computing and Consumer Electronics Devices,hi,NOT_TRANSLATED,NEEDS_HUMAN_OR_MODEL_VALIDATION,AUXILIARY_ONLY
RV-V03-000650,MSV1-EF75001EBA6EF3BE,IS 9786:2026,Vinyl Chloride (VCM) — Code of safety (First Revision),hi,NOT_TRANSLATED,NEEDS_HUMAN_OR_MODEL_VALIDATION,AUXILIARY_ONLY
RV-V03-000651,MSV1-E6CAC8A7685216EB,IS 447:2026,RUBBER HOSES FOR WELDING SPECIFICATION,hi,NOT_TRANSLATED,NEEDS_HUMAN_OR_MODEL_VALIDATION,AUXILIARY_ONLY
RV-V03-000652,MSV1-441091E2D9DEE0F7,IS 14424:2026,RUBBER THREADS SPECIFICATION,hi,NOT_TRANSLATED,NEEDS_HUMAN_OR_MODEL_VALIDATION,AUXILIARY_ONLY
RV-V03-000653,MSV1-7FA4958D513B43BD,IS 5190:2026,CODE OF PACKAGING OF NATURAL RUBBER LATEX IN DRUMS,hi,NOT_TRANSLATED,NEEDS_HUMAN_OR_MODEL_VALIDATION,AUXILIARY_ONLY
RV-V03-000654,MSV1-5D91AEC3F17D1A9F,IS 12076:2026,PRECIPITATED SILICA FOR RUBBER INDUSTRY SPECIFICATION,hi,NOT_TRANSLATED,NEEDS_HUMAN_OR_MODEL_VALIDATION,AUXILIARY_ONLY
RV-V03-000655,MSV1-77AEE7D11A453A7B,IS 14127:2026,INSOLUBLE AMORPHOUS SULPHUR FOR RUBBER INDUSTRY SPECIFICATION,hi,NOT_TRANSLATED,NEEDS_HUMAN_OR_MODEL_VALIDATION,AUXILIARY_ONLY
RV-V03-000656,MSV1-432DF62DC44D7EDB,IS 6954:2026,Caustic Potash — Code of safety (First Revision),hi,NOT_TRANSLATED,NEEDS_HUMAN_OR_MODEL_VALIDATION,AUXILIARY_ONLY
RV-V03-000657,MSV1-76ED2CEC2E8C0FDB,IS 1448 (Part 149):2026,PETROLEUM PRODUCTS AND RELATED PRODUCTS PART 149 DIESEL FUEL — ASSESSMENT OF LUBRICITY USING THE HIGH-FREQUENCY RECIPROCATING RIG (HFRR) — TEST METHOD (Third Revision),hi,NOT_TRANSLATED,NEEDS_HUMAN_OR_MODEL_VALIDATION,AUXILIARY_ONLY
RV-V03-000658,MSV1-EED7633F2EA0A2DD,IS 19556 (Part 2):2026,Irrigation Techniques - Localised/Remote Monitoring and Control for Irrigation Part 2 Tests,hi,NOT_TRANSLATED,NEEDS_HUMAN_OR_MODEL_VALIDATION,AUXILIARY_ONLY
RV-V03-000659,MSV1-2729F5BC280AD808,IS 19516:2026,Determination of Fatty Acids in Natural and Synthetic Perfumery Materials by Gas Chromatography,hi,NOT_TRANSLATED,NEEDS_HUMAN_OR_MODEL_VALIDATION,AUXILIARY_ONLY
RV-V03-000660,MSV1-37EEC86056BE5A47,IS 19729:2026,Naturopathy Therapeutic Fasting — Code of Practice,hi,NOT_TRANSLATED,NEEDS_HUMAN_OR_MODEL_VALIDATION,AUXILIARY_ONLY
RV-V03-000661,MSV1-B96F0F1350069C83,IS 19630:2026,Naturopathy Back Massage Therapy — Code of Practice,hi,NOT_TRANSLATED,NEEDS_HUMAN_OR_MODEL_VALIDATION,AUXILIARY_ONLY
RV-V03-000662,MSV1-D681B1D98922368A,IS 19655 (Part 1):2026,Handmade Paper for Carry Bags Specification,hi,NOT_TRANSLATED,NEEDS_HUMAN_OR_MODEL_VALIDATION,AUXILIARY_ONLY
RV-V03-000663,MSV1-E827B99DB470DCDD,IS 19655 (Part 3):2026,Handmade Paper for Packaging Specification,hi,NOT_TRANSLATED,NEEDS_HUMAN_OR_MODEL_VALIDATION,AUXILIARY_ONLY
RV-V03-000664,MSV1-F95844F9878A5291,IS 19655 (Part 4):2026,Handmade Paper for Envelopes Specification,hi,NOT_TRANSLATED,NEEDS_HUMAN_OR_MODEL_VALIDATION,AUXILIARY_ONLY
RV-V03-000665,MSV1-278A318FA1314DD1,IS 19655 (Part 5):2026,Handmade Paper - Specification Part 5 for Writing,hi,NOT_TRANSLATED,NEEDS_HUMAN_OR_MODEL_VALIDATION,AUXILIARY_ONLY
RV-V03-000666,MSV1-FC8062DDE8744A5D,IS 19668:2026,Rubber raw natural Guidelines for the specification of technically specified rubber TSR,hi,NOT_TRANSLATED,NEEDS_HUMAN_OR_MODEL_VALIDATION,AUXILIARY_ONLY
RV-V03-000667,MSV1-DFF4440FC93A0A25,IS 1448 (Part 213):2026,PETROLEUM AND ITS PRODUCTS TEST METHODS DETERMINATION OF ELEMENTS IN UN-USED LUBRICATING GREASES BY INDUCTIVELY COUPLED PLASMA ATOMIC EMISSION SPECTROMETER,hi,NOT_TRANSLATED,NEEDS_HUMAN_OR_MODEL_VALIDATION,AUXILIARY_ONLY
RV-V03-000668,MSV1-D0553FA7F6C84A01,IS 5749:2026,Forged Ramshorn Hooks ― Specification,hi,NOT_TRANSLATED,NEEDS_HUMAN_OR_MODEL_VALIDATION,AUXILIARY_ONLY
RV-V03-000669,MSV1-5338F49AAEDB10F2,IS 19730:2026,"Reuse, Recycling and Disposal of Bearing Materials",hi,NOT_TRANSLATED,NEEDS_HUMAN_OR_MODEL_VALIDATION,AUXILIARY_ONLY
RV-V03-000670,MSV1-3B6423E7BD374968,IS 19664:2026,Geosynthetics — Guidelines for the assessment of durability,hi,NOT_TRANSLATED,NEEDS_HUMAN_OR_MODEL_VALIDATION,AUXILIARY_ONLY
RV-V03-000671,MSV1-D39E0868E3701942,IS 19663:2026,Geosynthetics — Test method for the determination of water discharge capacity for prefabricated vertical drains,hi,NOT_TRANSLATED,NEEDS_HUMAN_OR_MODEL_VALIDATION,AUXILIARY_ONLY
RV-V03-000672,MSV1-551AE50F39357CDE,IS 19732 (Part 1):2026,Rolling Bearings — Measuring Methods for Vibration Part 1 Fundamentals,hi,NOT_TRANSLATED,NEEDS_HUMAN_OR_MODEL_VALIDATION,AUXILIARY_ONLY
RV-V03-000673,MSV1-FC7095A54BBA4A9F,IS 17141 (Part 5):2026,Petroleum and Liquid Petroleum Products — Measurement of Level and Temperature in Storage Tanks by Automatic Methods Part 5 Measurement of Temperature in Marine Vessels ( First Revision ),hi,NOT_TRANSLATED,NEEDS_HUMAN_OR_MODEL_VALIDATION,AUXILIARY_ONLY
RV-V03-000674,MSV1-0D6FCB8086383614,IS/ISO 603:2022,Bonded abrasive products — Dimensions Part 16 Cutting-off wheels on hand held power tools (First Revision),hi,NOT_TRANSLATED,NEEDS_HUMAN_OR_MODEL_VALIDATION,AUXILIARY_ONLY
RV-V03-000675,MSV1-03BC3044830451AF,IS 16237:2026,Geotextiles and geotextile-related products — Determination of the characteristic opening size (Wet sieving) (first revision)),hi,NOT_TRANSLATED,NEEDS_HUMAN_OR_MODEL_VALIDATION,AUXILIARY_ONLY
RV-V03-000676,MSV1-9EF9F1C79BCC64F5,IS 16635:2026,Geosynthetics — Wide-width tensile test (first revision),hi,NOT_TRANSLATED,NEEDS_HUMAN_OR_MODEL_VALIDATION,AUXILIARY_ONLY
RV-V03-000677,MSV1-B67DAB7E8FF00576,IS 6457:2026,Single Row Cylindrical Roller Bearings — Specification ( Second Revision ),hi,NOT_TRANSLATED,NEEDS_HUMAN_OR_MODEL_VALIDATION,AUXILIARY_ONLY
RV-V03-000678,MSV1-5FE99BA041160489,IS 4003 (Part 2):2026,Pipe Wrenches — Specification Part 2 Heavy Duty (Second Revision),hi,NOT_TRANSLATED,NEEDS_HUMAN_OR_MODEL_VALIDATION,AUXILIARY_ONLY
RV-V03-000679,MSV1-95E6C49A0EB25357,IS 10203:2026,Thin-Walled Plain Bearings — Specification (First Revision),hi,NOT_TRANSLATED,NEEDS_HUMAN_OR_MODEL_VALIDATION,AUXILIARY_ONLY
RV-V03-000680,MSV1-6C6E5E8E75543BBF,IS 14478:2026,"Plain bearings - Thick - Walled bushes, plain and flange type, full - Round (without any joint or slit) - Specification",hi,NOT_TRANSLATED,NEEDS_HUMAN_OR_MODEL_VALIDATION,AUXILIARY_ONLY
RV-V03-000681,MSV1-C019B859A9616AB2,IS 15624:2026,Thermoplastic Polymers for Plain Bearings — Classification and Designation ( First Revision ),hi,NOT_TRANSLATED,NEEDS_HUMAN_OR_MODEL_VALIDATION,AUXILIARY_ONLY
RV-V03-000682,MSV1-BB751C27FECF0F96,IS 12576:2026,Seed/Grain Processing Machinery — Indented Cylinder Grader — Specification and Test Code ( First Revision ),hi,NOT_TRANSLATED,NEEDS_HUMAN_OR_MODEL_VALIDATION,AUXILIARY_ONLY
RV-V03-000683,MSV1-5200C307DEAF047D,IS 1448 (Part 1/Sec 2):2026,PETROLEUM AND ITS PRODUCTS TEST METHODS PART 1 DETERMINATION OF BASE NUMBER OF PETROLEUM PRODUCTS SECTION 2 POTENTIOMETRIC TITRATION,hi,NOT_TRANSLATED,NEEDS_HUMAN_OR_MODEL_VALIDATION,AUXILIARY_ONLY
RV-V03-000684,MSV1-7EAC7235549771D6,IS 5311:2026,Carbon Tetrachloride — Code of Safety (First Revision ),hi,NOT_TRANSLATED,NEEDS_HUMAN_OR_MODEL_VALIDATION,AUXILIARY_ONLY
RV-V03-000685,MSV1-433733E5A76893CB,IS 411:2026,Titanium Dioxide for Pigmentary Applications - Specification (Fifth Revision),hi,NOT_TRANSLATED,NEEDS_HUMAN_OR_MODEL_VALIDATION,AUXILIARY_ONLY
RV-V03-000686,MSV1-C826F288DA275241,IS 19689:2026,PETROLEUM AND ITS PRODUCTS - TEST METHODS PART XXX DETERMINATION OF TOTAL VOLATILE SULPHUR IN GASEOUS HYDROCARBONS AND LIQUEFIED PETROLEUM GASES THROUGH ULTRAVIOLET FLUORESCENCE DETECTION,hi,NOT_TRANSLATED,NEEDS_HUMAN_OR_MODEL_VALIDATION,AUXILIARY_ONLY
RV-V03-000687,MSV1-3D859517788119FC,IS 19688:2026,LUBRICANTS - METHODS OF TESTS DETERMINATION OF WEAR PREVENTIVE CHARACTERISTICS - FOUR-BALL METHOD,hi,NOT_TRANSLATED,NEEDS_HUMAN_OR_MODEL_VALIDATION,AUXILIARY_ONLY
RV-V03-000688,MSV1-34B7E01BD714DC48,IS 19585:2026,Power Operated Coconut Dehusker — Specification and Test Code,hi,NOT_TRANSLATED,NEEDS_HUMAN_OR_MODEL_VALIDATION,AUXILIARY_ONLY
RV-V03-000689,MSV1-1BB6F2D5B00E37EE,IS 19532:2026,Dried Distillers Grain with Solubles (DDGS) as Livestock Feed Ingredient — Specification,hi,NOT_TRANSLATED,NEEDS_HUMAN_OR_MODEL_VALIDATION,AUXILIARY_ONLY
RV-V03-000690,MSV1-D1705CB4EFFB4B93,IS 1448 (Part 207):2019,PETROLEUM AND ITS PRODUCTS - TEST METHODS PART XX DETERMINATION OF AROMATIC HYDROCARBON TYPES IN AVIATION TURBINE FUELS KEROSENE TYPE AND PETROLEUM DISTILLATES - HIGH PERFORMANCE LIQUID CHROMATOGRAPHY METHOD WITH REFRACTIVE INDEX DETECTION,hi,NOT_TRANSLATED,NEEDS_HUMAN_OR_MODEL_VALIDATION,AUXILIARY_ONLY
RV-V03-000691,MSV1-E89F9D5377BAA1B1,IS 1448 (Part 209):2019,PETROLEUM AND ITS PRODUCTS - TEST METHODS PART DETERMINATION OF FATTY ACID METHYL ESTERS FAME CONTENT DERIVED FROM BIO-DIESEL FUEL IN AVIATION TURBINE FUEL - GC-MS WITH SELECTIVE ION MONITORINGSCAN DETECTION METHOD,hi,NOT_TRANSLATED,NEEDS_HUMAN_OR_MODEL_VALIDATION,AUXILIARY_ONLY
RV-V03-000692,MSV1-ABFC028CE549ABA0,IS 19533:2026,Paper and board Determination of bending stiffness General principles for two-point three-point and four-point methods,hi,NOT_TRANSLATED,NEEDS_HUMAN_OR_MODEL_VALIDATION,AUXILIARY_ONLY
RV-V03-000693,MSV1-BE27582ACCC1B7EF,IS 17614 (Part 26):2026,Water Quality — Sampling Part 26 Guideline on the validation of the storage time of water samples,hi,NOT_TRANSLATED,NEEDS_HUMAN_OR_MODEL_VALIDATION,AUXILIARY_ONLY
RV-V03-000694,MSV1-E1C5B472CE8C5B55,IS 16463 (Part 12):2026,Low-voltage surge protective devices Part 12: Surge protective devices connected to low-voltage power systems Selection and application principles First Revision,hi,NOT_TRANSLATED,NEEDS_HUMAN_OR_MODEL_VALIDATION,AUXILIARY_ONLY
RV-V03-000695,MSV1-69FF494C09DC0A3F,IS 17120:2026,In-cable control and protection device IC-CPD for mode 2 charging of electric road vehicles (First Revision),hi,NOT_TRANSLATED,NEEDS_HUMAN_OR_MODEL_VALIDATION,AUXILIARY_ONLY
RV-V03-000696,MSV1-0DDD6D41255EF4EC,IS/IEC 60947 (Part 5/Sec 1):2024,Low-Voltage Switchgear and Controlgear Part 5 Control Circuit Devices and Switching Elements Section 1 Electromechanical Control Circuit Devices (Third Revision),hi,NOT_TRANSLATED,NEEDS_HUMAN_OR_MODEL_VALIDATION,AUXILIARY_ONLY
RV-V03-000697,MSV1-5516B3DAED2F842F,IS/IEC 61439 (Part 5):2023,Low-voltage switchgear and controlgear assemblies Part 5: Assemblies for power distribution in public networks First Revision,hi,NOT_TRANSLATED,NEEDS_HUMAN_OR_MODEL_VALIDATION,AUXILIARY_ONLY
RV-V03-000698,MSV1-12570C0486ACD326,IS 6822:2026,Dental Distal Arch Wire Cutter — Specification (First Revision),hi,NOT_TRANSLATED,NEEDS_HUMAN_OR_MODEL_VALIDATION,AUXILIARY_ONLY
RV-V03-000699,MSV1-A5B89489E2562068,IS 16602 (Part 2):2026,Information and Documentation RFID in Libraries Part 2: Encoding of RFID Data Elements Based on Rules from ISOIEC 15962 Second Revision,hi,NOT_TRANSLATED,NEEDS_HUMAN_OR_MODEL_VALIDATION,AUXILIARY_ONLY
RV-V03-000700,MSV1-F7FC7303D172520B,IS 10101:2026,Information and Documentation International Standard Serial Number ISSN Fourth Revision,hi,NOT_TRANSLATED,NEEDS_HUMAN_OR_MODEL_VALIDATION,AUXILIARY_ONLY
RV-V03-000701,MSV1-0C8F73FCF04BA079,IS/ISO 30302:2022,Information and Documentation -” Management Systems for Records ”- Guidelines for Implementation (First Revision),hi,NOT_TRANSLATED,NEEDS_HUMAN_OR_MODEL_VALIDATION,AUXILIARY_ONLY
RV-V03-000702,MSV1-41BF4FB19061CE6C,IS 16602 (Part 1):2026,Information and documentation - RFID in libraries: Part 1 data elements and general guidelines for implementation,hi,NOT_TRANSLATED,NEEDS_HUMAN_OR_MODEL_VALIDATION,AUXILIARY_ONLY
RV-V03-000703,MSV1-CA6E26F3E88D0CBA,IS 19611 (Part 2):2026,Elastomeric Parts for Parenterals and for Devices for Pharmaceutical Use Part 2 Identification and Characterization,hi,NOT_TRANSLATED,NEEDS_HUMAN_OR_MODEL_VALIDATION,AUXILIARY_ONLY
RV-V03-000704,MSV1-ED0F5D88825A85A6,IS 19282 (Part 5):2026,Needle-Based Injection Systems for Medical Use — Requirements and Test Methods Part 5 Automated Functions,hi,NOT_TRANSLATED,NEEDS_HUMAN_OR_MODEL_VALIDATION,AUXILIARY_ONLY
RV-V03-000705,MSV1-1FD3C10F2A6ECC07,IS 19282 (Part 6):2026,Needle-Based Injection Systems for Medical Use — Requirements and Test Methods Part 6 On-body Delivery Systems,hi,NOT_TRANSLATED,NEEDS_HUMAN_OR_MODEL_VALIDATION,AUXILIARY_ONLY
RV-V03-000706,MSV1-1A534CD03A225087,IS 18292 (Part 8):2026,Intravascular Catheters — Sterile and Single-Use Catheters Part 8 Catheters for Extracorporeal Blood Treatment,hi,NOT_TRANSLATED,NEEDS_HUMAN_OR_MODEL_VALIDATION,AUXILIARY_ONLY
RV-V03-000707,MSV1-4EA687770980E447,IS 19489:2026,Non-active Surgical Implants Implants for Osteosynthesis Particular Requirements,hi,NOT_TRANSLATED,NEEDS_HUMAN_OR_MODEL_VALIDATION,AUXILIARY_ONLY
RV-V03-000708,MSV1-C262D10CC3C3E2CF,IS 19492 (Part 2):2026,Implants for Surgery Wear of Total Intervertebral Spinal Disc Prostheses Part 2 Nucleus Replacements,hi,NOT_TRANSLATED,NEEDS_HUMAN_OR_MODEL_VALIDATION,AUXILIARY_ONLY
RV-V03-000709,MSV1-A5A24E453F2A726A,IS 19613:2026,"Sterilization of health care products — Low temperature vaporized hydrogen peroxide — Requirements for the development, validation and routine control of a sterilization process for medical devices",hi,NOT_TRANSLATED,NEEDS_HUMAN_OR_MODEL_VALIDATION,AUXILIARY_ONLY
RV-V03-000710,MSV1-0DE216BA7279CA70,IS 19490 (Part 3):2026,Implants for Surgery Metal Intramedullary Nailing Systems Part 3 Connection Devices and Reamer Diameter Measurements,hi,NOT_TRANSLATED,NEEDS_HUMAN_OR_MODEL_VALIDATION,AUXILIARY_ONLY
RV-V03-000711,MSV1-813D89CB45837180,IS 19720:2026,Information and documentation — Presentation and identification of periodicals,hi,NOT_TRANSLATED,NEEDS_HUMAN_OR_MODEL_VALIDATION,AUXILIARY_ONLY
RV-V03-000712,MSV1-BB9FD86DEA65180F,IS 19693:2026,Full Immersion Bath Therapy —Code Of Practice,hi,NOT_TRANSLATED,NEEDS_HUMAN_OR_MODEL_VALIDATION,AUXILIARY_ONLY
RV-V03-000713,MSV1-49C5C8CE4C9EE864,IS 19669:2026,Enema Procedure - Code of Practice,hi,NOT_TRANSLATED,NEEDS_HUMAN_OR_MODEL_VALIDATION,AUXILIARY_ONLY
RV-V03-000714,MSV1-377FE3B4590FC6F2,IS 19686:2026,Full Mud Bath Therapy -Code of Practice,hi,NOT_TRANSLATED,NEEDS_HUMAN_OR_MODEL_VALIDATION,AUXILIARY_ONLY
RV-V03-000715,MSV1-DA6F4C1AAC45FB89,IS 7983:2026,Liquid Toilet Cleaner Hydrochloric Acid Based Specification Second Revision,hi,NOT_TRANSLATED,NEEDS_HUMAN_OR_MODEL_VALIDATION,AUXILIARY_ONLY
RV-V03-000716,MSV1-DEA0DE085C312CC2,IS 3008:2026,Brushes shoe blacking - Specification fifth revision,hi,NOT_TRANSLATED,NEEDS_HUMAN_OR_MODEL_VALIDATION,AUXILIARY_ONLY
RV-V03-000717,MSV1-5FA957C2ADB563C0,IS 3090:2026,Installation and Maintenance of Rolling Bearings — Code of Practice (First Revision),hi,NOT_TRANSLATED,NEEDS_HUMAN_OR_MODEL_VALIDATION,AUXILIARY_ONLY
RV-V03-000718,MSV1-3E70920DB3CFB033,IS 16137 (Part 1):2026,Automotive Vehicles — Methods of Measurement of Braking Coefficient of Road Surfaces Part 1 SRTT Method (First Revision),hi,NOT_TRANSLATED,NEEDS_HUMAN_OR_MODEL_VALIDATION,AUXILIARY_ONLY
RV-V03-000719,MSV1-849E1DB5E752EB83,IS 16605 (Part 1):2026,Rolling Bearings — Accessories Part 1 Adapter Sleeve Assemblies and Withdrawal Sleeves — Specification (First Revision),hi,NOT_TRANSLATED,NEEDS_HUMAN_OR_MODEL_VALIDATION,AUXILIARY_ONLY
RV-V03-000720,MSV1-3D00AE472DBBFBE7,IS 1434:2026,Counter Weighing Machines — Specification (First Revision),hi,NOT_TRANSLATED,NEEDS_HUMAN_OR_MODEL_VALIDATION,AUXILIARY_ONLY
RV-V03-000721,MSV1-3264D715FD106874,IS 3980:2026,Sintered Bearings — Specification (Second Revision),hi,NOT_TRANSLATED,NEEDS_HUMAN_OR_MODEL_VALIDATION,AUXILIARY_ONLY
RV-V03-000722,MSV1-2B42E054E494D15E,IS 3047:2026,Accuracy Requirements for Volumetric Container Filling Machines Used in Petroleum Trade ( First Revision ),hi,NOT_TRANSLATED,NEEDS_HUMAN_OR_MODEL_VALIDATION,AUXILIARY_ONLY
RV-V03-000723,MSV1-DC43203CB7DB7F84,IS/ISO 6621 (Part 5):2020,INTERNAL COMBUSTION ENGINES PISTON RINGS PART 5: QUALITY REQUIREMENTS,hi,NOT_TRANSLATED,NEEDS_HUMAN_OR_MODEL_VALIDATION,AUXILIARY_ONLY
RV-V03-000724,MSV1-16687A16A75E4629,IS 19596:2026,Textiles — Filled Jacket — Specification,hi,NOT_TRANSLATED,NEEDS_HUMAN_OR_MODEL_VALIDATION,AUXILIARY_ONLY
RV-V03-000725,MSV1-0C7B61F1170E1066,IS 19712:2026,Textiles - Determination of dimensional change of fabrics - Accelerated machine method,hi,NOT_TRANSLATED,NEEDS_HUMAN_OR_MODEL_VALIDATION,AUXILIARY_ONLY
RV-V03-000726,MSV1-D7C024A5B804E116,IS 19602:2026,Textiles — Peak Cap — Specification,hi,NOT_TRANSLATED,NEEDS_HUMAN_OR_MODEL_VALIDATION,AUXILIARY_ONLY
RV-V03-000727,MSV1-2724854C609CB5AB,IS 19695:2026,Petroleum and Liquid Petroleum Products — Calibration of Spherical Tanks — External Electro-Optical Distance-Ranging Method,hi,NOT_TRANSLATED,NEEDS_HUMAN_OR_MODEL_VALIDATION,AUXILIARY_ONLY
RV-V03-000728,MSV1-2DB7D8B6C172CDDE,IS 18305 (Part 3):2026,Performance Evaluation Protocol for Digital Fitting Systems Part 3: Digital Fitting Performance - Gap,hi,NOT_TRANSLATED,NEEDS_HUMAN_OR_MODEL_VALIDATION,AUXILIARY_ONLY
RV-V03-000729,MSV1-ECE5618620B723B0,IS/ISO 8559 (Part 4):2023,Size Designation of Clothes Part 4: Determination of the Coverage Ratios of Body Measurement Tables,hi,NOT_TRANSLATED,NEEDS_HUMAN_OR_MODEL_VALIDATION,AUXILIARY_ONLY
RV-V03-000730,MSV1-B28837895300CE6F,IS/ISO 8559 (Part 5):2023,Size Designation of Clothes Part 5 Anthropometric Measurements for the Head and Face,hi,NOT_TRANSLATED,NEEDS_HUMAN_OR_MODEL_VALIDATION,AUXILIARY_ONLY
RV-V03-000731,MSV1-F116BCFA96A2ED48,IS 228 (Part 26):2026,Methods for chemical analysis of steels: Part 26 Determination of nickel content — Flame atomic absorption spectrometric method,hi,NOT_TRANSLATED,NEEDS_HUMAN_OR_MODEL_VALIDATION,AUXILIARY_ONLY
RV-V03-000732,MSV1-BDC461C90AC603A5,IS 228 (Part 27):2026,Methods for Chemical Analysis of Steels Part 27 Determination of Silicon Content — Inductively Coupled Plasma Atomic Emission Spectrometric Method,hi,NOT_TRANSLATED,NEEDS_HUMAN_OR_MODEL_VALIDATION,AUXILIARY_ONLY
RV-V03-000733,MSV1-05AADE0A5E6956B5,IS 13063:2026,Design and Construction of Shallow Foundations on Rocks — Guidelines (First Revision),hi,NOT_TRANSLATED,NEEDS_HUMAN_OR_MODEL_VALIDATION,AUXILIARY_ONLY
RV-V03-000734,MSV1-1D4296C466BFDA57,IS 12608:2026,Determination of Rebound Hardness of Rock - Method of Test (First Revision),hi,NOT_TRANSLATED,NEEDS_HUMAN_OR_MODEL_VALIDATION,AUXILIARY_ONLY
RV-V03-000735,MSV1-B42C7BD02527C483,IS 5421:2026,Glossary of Terms Relating to Test Sieves and Test Sieving (Third Revision of IS 5421),hi,NOT_TRANSLATED,NEEDS_HUMAN_OR_MODEL_VALIDATION,AUXILIARY_ONLY
RV-V03-000736,MSV1-75088FC4E69D29EC,IS 2265:2026,Specification for galvanized steel wire strand for signaling purposes (First Revision),hi,NOT_TRANSLATED,NEEDS_HUMAN_OR_MODEL_VALIDATION,AUXILIARY_ONLY
RV-V03-000737,MSV1-EF822A1F33F7F77E,IS 19655 (Part 2):2026,Handmade Paper Board for File Covers and Folders — Specification (,hi,NOT_TRANSLATED,NEEDS_HUMAN_OR_MODEL_VALIDATION,AUXILIARY_ONLY
RV-V03-000738,MSV1-47A8401C55AA9597,IS 19511:2026,Ushba Smilax aristolociaefolia Mill dried root for use in Traditional Medicine Specification,hi,NOT_TRANSLATED,NEEDS_HUMAN_OR_MODEL_VALIDATION,AUXILIARY_ONLY
RV-V03-000739,MSV1-35B849799F578CEE,IS 19517 (Part 3):2026,"Eye and Face Protection — Sunglasses and Related Eyewear Part 3 Sunglasses for Running, Cycling and Similar Active Lifestyles",hi,NOT_TRANSLATED,NEEDS_HUMAN_OR_MODEL_VALIDATION,AUXILIARY_ONLY
RV-V03-000740,MSV1-DC40FD0C82DDCBF6,IS 19531:2026,Paper and board Determination of bending stiffness Resonance method,hi,NOT_TRANSLATED,NEEDS_HUMAN_OR_MODEL_VALIDATION,AUXILIARY_ONLY
RV-V03-000741,MSV1-907012C280BB7AF0,IS 19527 (Part 2):2026,Paper and board Determination of grease resistance Part 2: Surface repellency test,hi,NOT_TRANSLATED,NEEDS_HUMAN_OR_MODEL_VALIDATION,AUXILIARY_ONLY
RV-V03-000742,MSV1-DA188ABC8949A4BF,IS 19644:2026,Water Quality — Guidance and requirements for designing an interlaboratory trial for validation of analytical methods,hi,NOT_TRANSLATED,NEEDS_HUMAN_OR_MODEL_VALIDATION,AUXILIARY_ONLY
RV-V03-000743,MSV1-8A9FEB2880ED95FF,IS 6542:2026,HYGIENIC CONDITIONS FOR FRUIT AND VEGETABLE CANNING UNITS CODE OF PRACTICE,hi,NOT_TRANSLATED,NEEDS_HUMAN_OR_MODEL_VALIDATION,AUXILIARY_ONLY
RV-V03-000744,MSV1-4EA9B3FF5B3C0A03,IS 19611 (Part 5):2026,Elastomeric Parts for Parenterals and for Devices for Pharmaceutical Use Part 5 Functional Requirements and Testing,hi,NOT_TRANSLATED,NEEDS_HUMAN_OR_MODEL_VALIDATION,AUXILIARY_ONLY
RV-V03-000745,MSV1-228A026E660C7BE1,IS 19612:2026,Aluminium Caps and Aluminium/Plastic Caps for Infusion Bottles and Injection Vials — General Requirements and Test Methods,hi,NOT_TRANSLATED,NEEDS_HUMAN_OR_MODEL_VALIDATION,AUXILIARY_ONLY
RV-V03-000746,MSV1-0B9D139B4F15A83F,IS 19329 (Part 6):2026,Prefilled Syringes Part 6 Plastic Barrels for Injectables and Sterilized Subassembled Syringes Ready for Filling,hi,NOT_TRANSLATED,NEEDS_HUMAN_OR_MODEL_VALIDATION,AUXILIARY_ONLY
RV-V03-000747,MSV1-DBDF296A13C7FB2F,IS 19282 (Part 3):2026,Needle-Based Injection Systems for Medical Use — Requirements and Test Methods Part 3 Containers and Integrated Fluid Paths,hi,NOT_TRANSLATED,NEEDS_HUMAN_OR_MODEL_VALIDATION,AUXILIARY_ONLY
RV-V03-000748,MSV1-00879A6C36BB5B38,IS 19282 (Part 7):2026,Needle-Based Injection Systems for Medical Use — Requirements and Test Methods Part 7 Accessibility for Persons with Visual Impairment,hi,NOT_TRANSLATED,NEEDS_HUMAN_OR_MODEL_VALIDATION,AUXILIARY_ONLY
RV-V03-000749,MSV1-370D89561A9E15F8,IS 19690:2026,VIDEO AND DIGITAL GAMES – AGE-RATING AND CONTENT DESCRIPTOR LABELS – SPECIFICATIONS,hi,NOT_TRANSLATED,NEEDS_HUMAN_OR_MODEL_VALIDATION,AUXILIARY_ONLY
RV-V03-000750,MSV1-3593FA73A9F41FE8,IS 8181:2026,"Specification for repositor, Iris",hi,NOT_TRANSLATED,NEEDS_HUMAN_OR_MODEL_VALIDATION,AUXILIARY_ONLY
RV-V03-000751,MSV1-557CF03939E38739,IS 9378:2026,"Specification For Speculum, Eye, Castroviejo's Pattern (First Revision)",hi,NOT_TRANSLATED,NEEDS_HUMAN_OR_MODEL_VALIDATION,AUXILIARY_ONLY
RV-V03-000752,MSV1-4BC5CAC1ECDBDBDD,IS 8772:2026,"Specification For Needle Holder, Eye, Barraquer's Pattern(First Revision)",hi,NOT_TRANSLATED,NEEDS_HUMAN_OR_MODEL_VALIDATION,AUXILIARY_ONLY
RV-V03-000753,MSV1-C031EF0F03F00C0E,IS 19724 (Part 2):2026,Document Management Information Classification Marking and Handling Part 2: Functional and Technical Requirements for ICMH Solutions,hi,NOT_TRANSLATED,NEEDS_HUMAN_OR_MODEL_VALIDATION,AUXILIARY_ONLY
RV-V03-000754,MSV1-1EA83310E75202A6,IS 19714:2026,Information and Documentation - Paper for Documents - Requirements for Permanence,hi,NOT_TRANSLATED,NEEDS_HUMAN_OR_MODEL_VALIDATION,AUXILIARY_ONLY
RV-V03-000755,MSV1-57B2BD9021D06C76,IS 19716:2026,Information and Documentation - Archival Paper - Requirements for Permanence and Durability,hi,NOT_TRANSLATED,NEEDS_HUMAN_OR_MODEL_VALIDATION,AUXILIARY_ONLY
RV-V03-000756,MSV1-891D65C9051EB3F7,IS 19715:2026,Impact Assessment for Museums,hi,NOT_TRANSLATED,NEEDS_HUMAN_OR_MODEL_VALIDATION,AUXILIARY_ONLY
RV-V03-000757,MSV1-0B2AF497ABF621B9,IS 19677:2026,Security and Resilience — Guidelines for Complexity Assessment Process,hi,NOT_TRANSLATED,NEEDS_HUMAN_OR_MODEL_VALIDATION,AUXILIARY_ONLY
RV-V03-000758,MSV1-5ED84A370DF5A5AB,IS 19676:2026,"Security and Resilience – Authenticity, Integrity and Trust for Products and Documents — Guidelines for Interoperable Object Identification and Related Authentication Systems to Deter Counterfeiting and Illicit Trade",hi,NOT_TRANSLATED,NEEDS_HUMAN_OR_MODEL_VALIDATION,AUXILIARY_ONLY
RV-V03-000759,MSV1-D05E438A88E98B42,IS 19680:2026,"Security and Resilience – Authenticity, Integrity and Trust for Products and Documents — General Principles for Product Fraud Risk and Countermeasures",hi,NOT_TRANSLATED,NEEDS_HUMAN_OR_MODEL_VALIDATION,AUXILIARY_ONLY
RV-V03-000760,MSV1-157CFA4209394CE1,IS 19679:2026,"Security and Resilience – Authenticity, Integrity and Trust for Products and Documents — Guidelines for the Content, Security, Issuance and Examination of Excise Tax Stamps",hi,NOT_TRANSLATED,NEEDS_HUMAN_OR_MODEL_VALIDATION,AUXILIARY_ONLY
RV-V03-000761,MSV1-9851455CFBE2F20C,IS 19678:2026,"Security and Resilience – Authenticity, Integrity and Trust for Products and Documents — Validation Procedures for the Application of Artefact Metrics",hi,NOT_TRANSLATED,NEEDS_HUMAN_OR_MODEL_VALIDATION,AUXILIARY_ONLY
RV-V03-000762,MSV1-333F613675EECF89,IS 19717:2026,Document management applications Specification for a digital safe,hi,NOT_TRANSLATED,NEEDS_HUMAN_OR_MODEL_VALIDATION,AUXILIARY_ONLY
RV-V03-000763,MSV1-FD5033790355B36B,IS 19724 (Part 1):2026,"Document management — Information classification, marking and handling Part 1: Requirements",hi,NOT_TRANSLATED,NEEDS_HUMAN_OR_MODEL_VALIDATION,AUXILIARY_ONLY
RV-V03-000764,MSV1-64BA63545CC87060,IS 19721:2026,Application of blockchain-based traceability platform for cold chain food,hi,NOT_TRANSLATED,NEEDS_HUMAN_OR_MODEL_VALIDATION,AUXILIARY_ONLY
RV-V03-000765,MSV1-DE2C123DD5D32B92,IS 19718:2026,Information and documentation — Principles of identification,hi,NOT_TRANSLATED,NEEDS_HUMAN_OR_MODEL_VALIDATION,AUXILIARY_ONLY
RV-V03-000766,MSV1-6A6CC5DB5E9EAB3C,IS 19722:2026,Information and documentation — Papers and boards used for conservation — Measurement of impact of volatiles on cellulose in paper,hi,NOT_TRANSLATED,NEEDS_HUMAN_OR_MODEL_VALIDATION,AUXILIARY_ONLY
RV-V03-000767,MSV1-3777A7E9153EE0C5,IS 19719:2026,"Trusted mobile e-document framework — Requirements, functionality and criteria for ensuring reliable and safe mobile e-business",hi,NOT_TRANSLATED,NEEDS_HUMAN_OR_MODEL_VALIDATION,AUXILIARY_ONLY
RV-V03-000768,MSV1-D0D69762DA57EED4,IS 16194:2026,Information and documentation - International standard music number (ISMN) (First Revision),hi,NOT_TRANSLATED,NEEDS_HUMAN_OR_MODEL_VALIDATION,AUXILIARY_ONLY
RV-V03-000769,MSV1-E8E8A23BAE6E4AB6,IS 16789:2026,Information and documentation - Digital records conversion and migration process,hi,NOT_TRANSLATED,NEEDS_HUMAN_OR_MODEL_VALIDATION,AUXILIARY_ONLY
RV-V03-000770,MSV1-3805B12DAD7CDDD1,IS/ISO 14533 (Part 3):2025,Processes data elements and documents in commerce industry and administration- Long term signature profiles- Part 3: Long term signature profiles for PDF Advanced Electronic Signatures PAdES,hi,NOT_TRANSLATED,NEEDS_HUMAN_OR_MODEL_VALIDATION,AUXILIARY_ONLY
RV-V03-000771,MSV1-DF0816327EA1CB88,IS 18474 (Part 4):2026,"Transfusion Equipment for Medical Use Part 4 Transfusion Sets for Single Use, Gravity Feed",hi,NOT_TRANSLATED,NEEDS_HUMAN_OR_MODEL_VALIDATION,AUXILIARY_ONLY
RV-V03-000772,MSV1-8EE51FC53C52309D,IS 18294 (Part 1):2026,"Sterilization of Health Care Products — Radiation Part 1 Requirements for the Development, Validation and Routine Control of a Sterilization Process for Medical Devices",hi,NOT_TRANSLATED,NEEDS_HUMAN_OR_MODEL_VALIDATION,AUXILIARY_ONLY
RV-V03-000773,MSV1-219DADD8A923DC12,IS 18344 (Part 1):2026,"Washer-Disinfectors Part 1 General Requirements, Terms and Definitions and Tests",hi,NOT_TRANSLATED,NEEDS_HUMAN_OR_MODEL_VALIDATION,AUXILIARY_ONLY
RV-V03-000774,MSV1-A7757FC2454AC6A0,IS 18344 (Part 2):2026,Washer-Disinfectors Part 2 Requirements and Tests for Washer-Disinfectors Employing Thermal Disinfection for Critical and Semi-Critical Medical Devices,hi,NOT_TRANSLATED,NEEDS_HUMAN_OR_MODEL_VALIDATION,AUXILIARY_ONLY
RV-V03-000775,MSV1-E372E13027F75AA4,IS 18344 (Part 3):2026,Washer-Disinfectors Part 3 Requirements and Tests for Washer-Disinfectors Employing Thermal Disinfection for Human Waste Containers,hi,NOT_TRANSLATED,NEEDS_HUMAN_OR_MODEL_VALIDATION,AUXILIARY_ONLY
RV-V03-000776,MSV1-15DF588CF9E4C2C7,IS 1984 (Part 7):2026,Injection Containers and Accessories Part 7 Injection Caps Made of Aluminium-Plastics Combinations Without Overlapping Plastics Part,hi,NOT_TRANSLATED,NEEDS_HUMAN_OR_MODEL_VALIDATION,AUXILIARY_ONLY
RV-V03-000777,MSV1-F37186164001ABC6,IS 19611 (Part 1):2026,Elastomeric Parts for Parenterals and for Devices for Pharmaceutical Use Part 1 Extractables in Aqueous Autoclavates,hi,NOT_TRANSLATED,NEEDS_HUMAN_OR_MODEL_VALIDATION,AUXILIARY_ONLY
RV-V03-000778,MSV1-128F5A60C6D1FEC7,IS 19611 (Part 3):2026,Elastomeric Parts for Parenterals and for Devices for Pharmaceutical Use Part 3 Determination of Released-Particle Count,hi,NOT_TRANSLATED,NEEDS_HUMAN_OR_MODEL_VALIDATION,AUXILIARY_ONLY
RV-V03-000779,MSV1-F14B4D47546A711C,IS 19611 (Part 4):2026,Elastomeric Parts for Parenterals and for Devices for Pharmaceutical Use Part 4 Biological Requirements and Test Methods,hi,NOT_TRANSLATED,NEEDS_HUMAN_OR_MODEL_VALIDATION,AUXILIARY_ONLY
RV-V03-000780,MSV1-76E29E99D1B833ED,IS 19329 (Part 7):2026,Prefilled Syringes Part 7 Packaging Systems for Sterilized Subassembled Syringes Ready for Filling,hi,NOT_TRANSLATED,NEEDS_HUMAN_OR_MODEL_VALIDATION,AUXILIARY_ONLY
RV-V03-000781,MSV1-037ECE5F843B2116,IS 19329 (Part 8):2026,Prefilled Syringes Part 8 Requirements and Test Methods for Finished Prefilled Syringes,hi,NOT_TRANSLATED,NEEDS_HUMAN_OR_MODEL_VALIDATION,AUXILIARY_ONLY
RV-V03-000782,MSV1-913A992DEAA6550B,IS 19282 (Part 4):2026,Needle-Based Injection Systems for Medical Use — Requirements and Test Methods Part 4 Needle-Based Injection Systems Containing Electronics,hi,NOT_TRANSLATED,NEEDS_HUMAN_OR_MODEL_VALIDATION,AUXILIARY_ONLY
RV-V03-000783,MSV1-1C2E401FA22707C5,IS 18474 (Part 5):2026,Transfusion Equipment for Medical Use Part 5 Transfusion Sets for Single Use with Pressure Infusion Apparatus (First Revision),hi,NOT_TRANSLATED,NEEDS_HUMAN_OR_MODEL_VALIDATION,AUXILIARY_ONLY
RV-V03-000784,MSV1-B411C3F781F20C34,IS 18879 (Part 6):2026,Infusion Equipment for Medical Use Part 6 Freeze Drying Closures for Infusion Bottles (First Revision),hi,NOT_TRANSLATED,NEEDS_HUMAN_OR_MODEL_VALIDATION,AUXILIARY_ONLY
RV-V03-000785,MSV1-D842226166CD0C93,IS 18879 (Part 13):2026,Infusion Equipment for Medical Use Part 13 Graduated Flow Regulators for Single Use with Fluid Contact (First Revision),hi,NOT_TRANSLATED,NEEDS_HUMAN_OR_MODEL_VALIDATION,AUXILIARY_ONLY
RV-V03-000786,MSV1-4EF9BC47D74FDE78,IS 19594:2026,Textiles — Woven Trouser — Specification,hi,NOT_TRANSLATED,NEEDS_HUMAN_OR_MODEL_VALIDATION,AUXILIARY_ONLY
RV-V03-000787,MSV1-2E7D4E362401712E,IS 19656:2026,TEXTILES — GREIGE AND DIPPED POLYESTER TYRE CORD FABRIC FOR AUTOMOTIVE TYRES — SPECIFICATION,hi,NOT_TRANSLATED,NEEDS_HUMAN_OR_MODEL_VALIDATION,AUXILIARY_ONLY
RV-V03-000788,MSV1-51B0ACACFA8402E8,IS 19593:2026,Textiles — Woven Shirt — Specification,hi,NOT_TRANSLATED,NEEDS_HUMAN_OR_MODEL_VALIDATION,AUXILIARY_ONLY
RV-V03-000789,MSV1-62D9774C382F649C,IS 19725:2026,Assembly Tools for Screws and Nuts Single-Head Engineers Wrenches for Lower Torque Applications Maximum Outside Dimensions of Heads and Test Torques,hi,NOT_TRANSLATED,NEEDS_HUMAN_OR_MODEL_VALIDATION,AUXILIARY_ONLY
RV-V03-000790,MSV1-66E9ED0BBC1B3010,IS 19662:2026,Textiles — Field Service Cap — Specification,hi,NOT_TRANSLATED,NEEDS_HUMAN_OR_MODEL_VALIDATION,AUXILIARY_ONLY
RV-V03-000791,MSV1-49954C68A703A6FC,IS 19713:2026,Plain bearings — Handling of plain bearings,hi,NOT_TRANSLATED,NEEDS_HUMAN_OR_MODEL_VALIDATION,AUXILIARY_ONLY
RV-V03-000792,MSV1-4BCAE7052A937499,IS 19709:2026,Plain bearings — Sintered bushes — Dimensions and tolerances,hi,NOT_TRANSLATED,NEEDS_HUMAN_OR_MODEL_VALIDATION,AUXILIARY_ONLY
RV-V03-000793,MSV1-5D5149950F6E6A83,IS 7163:2026,Potassium Iodide Pure and Analytical Reagent - Specification (Second Revision),hi,NOT_TRANSLATED,NEEDS_HUMAN_OR_MODEL_VALIDATION,AUXILIARY_ONLY
RV-V03-000794,MSV1-9F1F37CA52D0C385,IS 5191:2026,"Sodium alginate, food grade - Specification (second revision)",hi,NOT_TRANSLATED,NEEDS_HUMAN_OR_MODEL_VALIDATION,AUXILIARY_ONLY
RV-V03-000795,MSV1-809769A3FE04DEDB,IS 2557:2026,Annatto colour for food products - Specification (second revision),hi,NOT_TRANSLATED,NEEDS_HUMAN_OR_MODEL_VALIDATION,AUXILIARY_ONLY
RV-V03-000796,MSV1-FFA4EB4836728A28,IS 8153:2026,SENSORY EVALUATION OF FRESH AND FRESH-CUT FRUITS METHOD OF TEST,hi,NOT_TRANSLATED,NEEDS_HUMAN_OR_MODEL_VALIDATION,AUXILIARY_ONLY
RV-V03-000797,MSV1-FBFA5C9B4B039352,IS 868:2026,SEALING WAX SPECIFICATION,hi,NOT_TRANSLATED,NEEDS_HUMAN_OR_MODEL_VALIDATION,AUXILIARY_ONLY
RV-V03-000798,MSV1-9BD440287327CDC3,IS 8497:2026,Paraquat dichloride water soluble concentrate - Specification (second revision),hi,NOT_TRANSLATED,NEEDS_HUMAN_OR_MODEL_VALIDATION,AUXILIARY_ONLY
RV-V03-000799,MSV1-33CAFE08B4044246,IS 9358:2026,Triallate emulsifiable concentrate EC - Specification first revision,hi,NOT_TRANSLATED,NEEDS_HUMAN_OR_MODEL_VALIDATION,AUXILIARY_ONLY
RV-V03-000800,MSV1-CA905C620C001EFF,IS 13454:2026,Pirimiphos-methyl wettable powder WP Specification first revision,hi,NOT_TRANSLATED,NEEDS_HUMAN_OR_MODEL_VALIDATION,AUXILIARY_ONLY
RV-V03-000801,MSV1-7CCFE09B7D7E20D6,IS 13456:2026,Pirimiphos methyl space spray - Specification (first revision),hi,NOT_TRANSLATED,NEEDS_HUMAN_OR_MODEL_VALIDATION,AUXILIARY_ONLY
RV-V03-000802,MSV1-98D73D9C478FC14E,IS 13328:2026,"Triadimefon, technical - Specification (first revision)",hi,NOT_TRANSLATED,NEEDS_HUMAN_OR_MODEL_VALIDATION,AUXILIARY_ONLY
RV-V03-000803,MSV1-E28AF495F52B9B5A,IS 13785:2026,Dodine wettable powder (WP) - Specification (first revision),hi,NOT_TRANSLATED,NEEDS_HUMAN_OR_MODEL_VALIDATION,AUXILIARY_ONLY
RV-V03-000804,MSV1-F8F0D3D381F222EB,IS 14549:2026,"Hexaconazole, technical - Specification (first revision)",hi,NOT_TRANSLATED,NEEDS_HUMAN_OR_MODEL_VALIDATION,AUXILIARY_ONLY
RV-V03-000805,MSV1-2C25D1AD9355736A,IS 3387:2026,Manual Toothbrush — Specification (Third Revision),hi,NOT_TRANSLATED,NEEDS_HUMAN_OR_MODEL_VALIDATION,AUXILIARY_ONLY
RV-V03-000806,MSV1-730B581DA2F8015B,IS 7415:2026,Aniline — Code of Safety (First Revision),hi,NOT_TRANSLATED,NEEDS_HUMAN_OR_MODEL_VALIDATION,AUXILIARY_ONLY
RV-V03-000807,MSV1-4F216B753C024E55,IS 1312:2026,Methyl bromide - Specification (third revision),hi,NOT_TRANSLATED,NEEDS_HUMAN_OR_MODEL_VALIDATION,AUXILIARY_ONLY
RV-V03-000808,MSV1-7910FC09467F82BD,IS 19562:2026,Maize or Corn Silage as Livestock Fodder — Specification,hi,NOT_TRANSLATED,NEEDS_HUMAN_OR_MODEL_VALIDATION,AUXILIARY_ONLY
RV-V03-000809,MSV1-3A31590A28F64ED1,IS 19575:2026,"Efficiency Assessment of Anion Exchange Membrane, Proton Exchange Membrane and Alkaline Water Electrolysers",hi,NOT_TRANSLATED,NEEDS_HUMAN_OR_MODEL_VALIDATION,AUXILIARY_ONLY
RV-V03-000810,MSV1-EA336E2227255149,IS 19522:2026,Safety Harness for Child to be Carried on Two Wheelers Specifications,hi,NOT_TRANSLATED,NEEDS_HUMAN_OR_MODEL_VALIDATION,AUXILIARY_ONLY
RV-V03-000811,MSV1-54BADE09309286FF,IS 19561:2026,Sodium Cyanide — Code of Safety,hi,NOT_TRANSLATED,NEEDS_HUMAN_OR_MODEL_VALIDATION,AUXILIARY_ONLY
RV-V03-000812,MSV1-B38408FF54461A0F,IS 14700 (Part 1/Sec 1):2026,Electromagnetic Compatibility EMC Part 1: General Section 1: Application and Interpretation of Fundamental Definitions and Terms First Revision,hi,NOT_TRANSLATED,NEEDS_HUMAN_OR_MODEL_VALIDATION,AUXILIARY_ONLY
RV-V03-000813,MSV1-792A091DEA2CEC79,IS 14700 (Part 4/Sec 6):2026,Electromagnetic Compatibility EMC Part 4: Testing and Measurement Techniques Section 6: Immunity to Conducted Disturbances Induced by Radio-Frequency Fields First Revision,hi,NOT_TRANSLATED,NEEDS_HUMAN_OR_MODEL_VALIDATION,AUXILIARY_ONLY
RV-V03-000814,MSV1-DE3C320AE33C5413,IS 4569 (Part 4):2026,"Specification For Scissors, Eye Part 4 Scissors,Enucleation (Second Revision)",hi,NOT_TRANSLATED,NEEDS_HUMAN_OR_MODEL_VALIDATION,AUXILIARY_ONLY
RV-V03-000815,MSV1-D05552B7EA0BA204,IS 4569 (Part 6):2026,"Specification For Scissors, Eye Part 6 Scissors, Iris (Second Revision)",hi,NOT_TRANSLATED,NEEDS_HUMAN_OR_MODEL_VALIDATION,AUXILIARY_ONLY
RV-V03-000816,MSV1-F6AD0E59C4CBEF5D,IS 14700 (Part 5/Sec 1):2026,Electromagnetic Compatibility EMC Part 5: Installation and Mitigation Guidelines Section 1: General Considerations,hi,NOT_TRANSLATED,NEEDS_HUMAN_OR_MODEL_VALIDATION,AUXILIARY_ONLY
RV-V03-000817,MSV1-BCB277EF8E4090E4,IS 15040:2026,Vehicles Boats and Internal Combustion Engines - Radio Disturbance Characteristics Limits and Methods of Measurement for the Protection of On-Board Receivers,hi,NOT_TRANSLATED,NEEDS_HUMAN_OR_MODEL_VALIDATION,AUXILIARY_ONLY
RV-V03-000818,MSV1-8B2B937ACB9EE9BA,IS/IEc 62232:2022,Determination of RF field strength power density and SAR in the vicinity of base stations for the purpose of evaluating human exposure,hi,NOT_TRANSLATED,NEEDS_HUMAN_OR_MODEL_VALIDATION,AUXILIARY_ONLY
RV-V03-000819,MSV1-31B96513885EC906,IS/IEc IEEE 63195 (Part 2):2022,Assessment of Power Density of Human Exposure to Radio Frequency Fields from Wireless Devices in Close Proximity to the Head and Body Frequency Range of 6 Ghz to 300 Ghz Part 2 Computational Procedure,hi,NOT_TRANSLATED,NEEDS_HUMAN_OR_MODEL_VALIDATION,AUXILIARY_ONLY
RV-V03-000820,MSV1-EC72C2AFE9F3AFA8,IS 19691:2026,Lighting systems Characteristics for selected outdoor applications,hi,NOT_TRANSLATED,NEEDS_HUMAN_OR_MODEL_VALIDATION,AUXILIARY_ONLY
RV-V03-000821,MSV1-2CACC330A2421022,IS 19490 (Part 2):2026,Implants for Surgery Metal Intramedullary Nailing Systems Part 2 Locking Components,hi,NOT_TRANSLATED,NEEDS_HUMAN_OR_MODEL_VALIDATION,AUXILIARY_ONLY
RV-V03-000822,MSV1-BB870C936BC2F403,IS 9471 (Part 2):2026,Specification for Modular Lower Limb Orthotic Components Part 2 Stirrups Split First Revision,hi,NOT_TRANSLATED,NEEDS_HUMAN_OR_MODEL_VALIDATION,AUXILIARY_ONLY
RV-V03-000823,MSV1-0AD3F17C5AFB1B07,IS 6584:2026,Single-ended Hegars Pattern Uterine Dilators Specification First Revision of IS 6584,hi,NOT_TRANSLATED,NEEDS_HUMAN_OR_MODEL_VALIDATION,AUXILIARY_ONLY
RV-V03-000824,MSV1-06748A884B356198,IS/IEC 61124:2023,Reliability Testing Compliance Tests for Constant Failure Rate and Constant Failure Intensity First Revision,hi,NOT_TRANSLATED,NEEDS_HUMAN_OR_MODEL_VALIDATION,AUXILIARY_ONLY
RV-V03-000825,MSV1-B9FD19D114F8973B,IS/IEC 62506:2023,Methods for Product Accelerated Testing First Revision,hi,NOT_TRANSLATED,NEEDS_HUMAN_OR_MODEL_VALIDATION,AUXILIARY_ONLY
RV-V03-000826,MSV1-0ED101370E8EABC3,IS 19330:2026,Formaldehyde Dosimeter - Specification,hi,NOT_TRANSLATED,NEEDS_HUMAN_OR_MODEL_VALIDATION,AUXILIARY_ONLY
RV-V03-000827,MSV1-8B7CC053B46BA0D3,IS/ISO 22739:2026,Blockchain and Distributed Ledger Technologies — Vocabulary (First Revision),hi,NOT_TRANSLATED,NEEDS_HUMAN_OR_MODEL_VALIDATION,AUXILIARY_ONLY
RV-V03-000828,MSV1-D0D75732BE28829A,IS/ISO 23644:2023,Blockchain and Distributed Ledger Technologies (DLTs) - Overview of Trust Anchors for DLT-Based Identity Management,hi,NOT_TRANSLATED,NEEDS_HUMAN_OR_MODEL_VALIDATION,AUXILIARY_ONLY
RV-V03-000829,MSV1-82A836660DAD7670,IS 19496:2026,Dentistry Refractory Investment and Die Material,hi,NOT_TRANSLATED,NEEDS_HUMAN_OR_MODEL_VALIDATION,AUXILIARY_ONLY
RV-V03-000830,MSV1-6D579B8A3310AFEA,IS 19610:2026,TRANSPORTATION OF CLOSED BODY VEHICLES GUIDELINES,hi,NOT_TRANSLATED,NEEDS_HUMAN_OR_MODEL_VALIDATION,AUXILIARY_ONLY
RV-V03-000831,MSV1-B9BBE7BB2A3E0C63,IS 19674:2026,Financial services — Third-party payment service providers,hi,NOT_TRANSLATED,NEEDS_HUMAN_OR_MODEL_VALIDATION,AUXILIARY_ONLY
RV-V03-000832,MSV1-9679D363E02CF6A6,IS 19673:2026,Financial services — Security information for PKI in blockchain and DLT implementations,hi,NOT_TRANSLATED,NEEDS_HUMAN_OR_MODEL_VALIDATION,AUXILIARY_ONLY
RV-V03-000833,MSV1-0446CF8193E78AA9,IS 19696:2026,Requirements and Recommendations for Food Traceability in Cold Chain Logistics,hi,NOT_TRANSLATED,NEEDS_HUMAN_OR_MODEL_VALIDATION,AUXILIARY_ONLY
RV-V03-000834,MSV1-970C54840FF67FFE,IS 15474 (Part 1):2026,Dependability Management Part 1: Managing Dependability First Revision,hi,NOT_TRANSLATED,NEEDS_HUMAN_OR_MODEL_VALIDATION,AUXILIARY_ONLY
RV-V03-000835,MSV1-855BF0099DADB6CF,IS 15474 (Part 3/Sec 14):2026,Dependability Management Part 3: Application Guide Section 14: Supportability and Support (First Revision),hi,NOT_TRANSLATED,NEEDS_HUMAN_OR_MODEL_VALIDATION,AUXILIARY_ONLY
RV-V03-000836,MSV1-BB9158F772D49F6B,IS/ISO/IEC 24759:2025,Information security cybersecurity and privacy protection Test requirements for cryptographic modules First Revision,hi,NOT_TRANSLATED,NEEDS_HUMAN_OR_MODEL_VALIDATION,AUXILIARY_ONLY
RV-V03-000837,MSV1-0F899B321E5C4A47,IS/ISO/IEC 18004:2024,Information Technology Automatic Identification and Data Capture Techniques QR Code Bar Code Symbology Specification First Revision,hi,NOT_TRANSLATED,NEEDS_HUMAN_OR_MODEL_VALIDATION,AUXILIARY_ONLY
RV-V03-000838,MSV1-204D353D260327B6,IS 14202 (Part 8):2026,Identification Cards Integrated Circuit Cards Part 8 Commands and Mechanisms for Security Operations Second Revision,hi,NOT_TRANSLATED,NEEDS_HUMAN_OR_MODEL_VALIDATION,AUXILIARY_ONLY
RV-V03-000839,MSV1-AF96055E5DC65BA9,IS 14202 (Part 11):2026,Identification Cards Integrated Circuit Cards Part 11 Personal Verification through Biometric Methods Second Revision,hi,NOT_TRANSLATED,NEEDS_HUMAN_OR_MODEL_VALIDATION,AUXILIARY_ONLY
RV-V03-000840,MSV1-B4BB6533B4F5AE87,IS/IEC/IEE 63195 (Part 1):2022,Assessment of Power Density of Human Exposure to Radio Frequency Fields from Wireless Devices in Close Proximity to the Head and Body Frequency Range of 6 Ghz to 300 Ghz Part 1: Measurement Procedure,hi,NOT_TRANSLATED,NEEDS_HUMAN_OR_MODEL_VALIDATION,AUXILIARY_ONLY
RV-V03-000841,MSV1-CDE6DBBEC5070444,IS/ISO/IECTR 10822 (Part 1):2025,Cloud computing — Multi-Cloud management Part 1: Overview and use cases,hi,NOT_TRANSLATED,NEEDS_HUMAN_OR_MODEL_VALIDATION,AUXILIARY_ONLY
RV-V03-000842,MSV1-EBE24F4E4FFE324F,IS/ISO/IEC 22237 (Part 2):2024,Information technology — Data centre facilities and infrastructures Part 2: Building construction,hi,NOT_TRANSLATED,NEEDS_HUMAN_OR_MODEL_VALIDATION,AUXILIARY_ONLY
RV-V03-000843,MSV1-1F11C0AD0EADA59A,IS/ISO/IEC 22237 (Part 6):2024,Information technology — Data centre facilities and infrastructuresPart 6: Security systems,hi,NOT_TRANSLATED,NEEDS_HUMAN_OR_MODEL_VALIDATION,AUXILIARY_ONLY
RV-V03-000844,MSV1-43A85FA152E6C1F9,IS 14231 (Part 10):2026,Cable Distribution System for Television and Sound Signals Part 10: Optical Equipment Consumption First Revision,hi,NOT_TRANSLATED,NEEDS_HUMAN_OR_MODEL_VALIDATION,AUXILIARY_ONLY
RV-V03-000845,MSV1-E194740E6309322D,IS/IEC 62623:2022,Desktop and Notebook Computers Measurement of Energy Consumption First Revision,hi,NOT_TRANSLATED,NEEDS_HUMAN_OR_MODEL_VALIDATION,AUXILIARY_ONLY
RV-V03-000846,MSV1-E71967B80466CA7D,IS/IEC 62087 (Part 3):2023,Audio Video and Related Equipment- Determination of Power Consumption Part 3: Television Sets First Revision,hi,NOT_TRANSLATED,NEEDS_HUMAN_OR_MODEL_VALIDATION,AUXILIARY_ONLY
RV-V03-000847,MSV1-01312BDEA76B49D6,IS 19529:2026,MAINTENANCE AND REPAIR SERVICES REQUIREMENTS,hi,NOT_TRANSLATED,NEEDS_HUMAN_OR_MODEL_VALIDATION,AUXILIARY_ONLY
RV-V03-000848,MSV1-C361C8E57FDB3CDB,IS 19671:2026,Financial services Code-scanning payment security,hi,NOT_TRANSLATED,NEEDS_HUMAN_OR_MODEL_VALIDATION,AUXILIARY_ONLY
RV-V03-000849,MSV1-A04EBA9D4C6BB8CE,IS 19672:2026,Security aspects for digital currencies,hi,NOT_TRANSLATED,NEEDS_HUMAN_OR_MODEL_VALIDATION,AUXILIARY_ONLY
RV-V03-000850,MSV1-FF705639E18AFA4F,IS 19670:2026,Financial services — Biometrics — Security framework,hi,NOT_TRANSLATED,NEEDS_HUMAN_OR_MODEL_VALIDATION,AUXILIARY_ONLY
RV-V03-000851,MSV1-0A706A7218C4A6E8,IS 4387:2026,Uneven Bars used in Gymnastics -- Specifications ( First Revision ),hi,NOT_TRANSLATED,NEEDS_HUMAN_OR_MODEL_VALIDATION,AUXILIARY_ONLY
RV-V03-000852,MSV1-616705751FAA0F8E,IS 6078:2026,"Pliers and nippers — Engineers and Linemans pliers — Dimensions and test values (ISO 5746 : 2021, MOD) ( Fourth Revision )",hi,NOT_TRANSLATED,NEEDS_HUMAN_OR_MODEL_VALIDATION,AUXILIARY_ONLY
RV-V03-000853,MSV1-A55A41F1559FF105,IS 19537:2026,Hydraulic Torque Wrench — Specification,hi,NOT_TRANSLATED,NEEDS_HUMAN_OR_MODEL_VALIDATION,AUXILIARY_ONLY
RV-V03-000854,MSV1-03364F49FF315D04,IS 19708:2026,Graphical Symbols - Safety Colours and Safety Signs - Guidance for the Development and use of a Safety Signing System,hi,NOT_TRANSLATED,NEEDS_HUMAN_OR_MODEL_VALIDATION,AUXILIARY_ONLY
RV-V03-000855,MSV1-FFE942A60A38872B,IS 19705:2026,Spanners and Wrenches — Spline Drive ends for Power Socket Wrenches,hi,NOT_TRANSLATED,NEEDS_HUMAN_OR_MODEL_VALIDATION,AUXILIARY_ONLY
RV-V03-000856,MSV1-D10E7D2DDF97A0F2,IS 5643:2026,Tobacco and Tobacco Products — Methods of Test (Fourth Revision),hi,NOT_TRANSLATED,NEEDS_HUMAN_OR_MODEL_VALIDATION,AUXILIARY_ONLY
RV-V03-000857,MSV1-790CD656D9F25C3C,IS 13080:2026,Pirimiphos-methyl technical - Specification first revision,hi,NOT_TRANSLATED,NEEDS_HUMAN_OR_MODEL_VALIDATION,AUXILIARY_ONLY
RV-V03-000858,MSV1-7775397BB3EAA657,IS 13097:2026,Fluvalinate technical - Specification (first revision),hi,NOT_TRANSLATED,NEEDS_HUMAN_OR_MODEL_VALIDATION,AUXILIARY_ONLY
RV-V03-000859,MSV1-811AC425605A5D19,IS 13784:2026,"Dodine, technical - Specification (first revision)",hi,NOT_TRANSLATED,NEEDS_HUMAN_OR_MODEL_VALIDATION,AUXILIARY_ONLY
RV-V03-000860,MSV1-9D7588C4D73FC376,IS 13403:2026,Anilophos emulsifiable concentrate (EC) - Specification (first revision),hi,NOT_TRANSLATED,NEEDS_HUMAN_OR_MODEL_VALIDATION,AUXILIARY_ONLY
RV-V03-000861,MSV1-CF90953F49A30599,IS 14300:2026,Neem based EC containing azadirachtin - Specification (first revision),hi,NOT_TRANSLATED,NEEDS_HUMAN_OR_MODEL_VALIDATION,AUXILIARY_ONLY
RV-V03-000862,MSV1-F037E59FF272F2C4,IS 15465:2026,Gases and gas mixtures Determination of fire potential and oxidizing ability for the selection of cylinder valve outlets (Second Revision),hi,NOT_TRANSLATED,NEEDS_HUMAN_OR_MODEL_VALIDATION,AUXILIARY_ONLY
RV-V03-000863,MSV1-576C0294AB80E3AC,IS 12496:2026,Photography Industrial radiographic films roll and sheet and metal intensifying screens Dimensions First Revision,hi,NOT_TRANSLATED,NEEDS_HUMAN_OR_MODEL_VALIDATION,AUXILIARY_ONLY
RV-V03-000864,MSV1-C8F477418AAF3D3D,IS 10396:2026,Imaging materials Photographic film and paper Determination of curl (First Revision),hi,NOT_TRANSLATED,NEEDS_HUMAN_OR_MODEL_VALIDATION,AUXILIARY_ONLY
RV-V03-000865,MSV1-82F7E3132DB2A4F0,IS 10419:2026,Imaging materials Photographic films and papers Wedge test for brittleness (First Revision),hi,NOT_TRANSLATED,NEEDS_HUMAN_OR_MODEL_VALIDATION,AUXILIARY_ONLY
RV-V03-000866,MSV1-A756753FAC5BA03F,IS 565:2026,DDT water dispersible powder concentrate - Specification (fourth revision),hi,NOT_TRANSLATED,NEEDS_HUMAN_OR_MODEL_VALIDATION,AUXILIARY_ONLY
RV-V03-000867,MSV1-C39B8D4F00EF904D,IS 19515:2026,Spiral Separator — Specification and Test code,hi,NOT_TRANSLATED,NEEDS_HUMAN_OR_MODEL_VALIDATION,AUXILIARY_ONLY
RV-V03-000868,MSV1-8445E95732DAF6BD,IS 19589:2026,Plant Layout and Optimal Process for Production of Biomass Pellets — Guidelines,hi,NOT_TRANSLATED,NEEDS_HUMAN_OR_MODEL_VALIDATION,AUXILIARY_ONLY
RV-V03-000869,MSV1-1B60D81DE123D8E9,IS 19588:2026,Biomass Shredder — Specification and Test Code,hi,NOT_TRANSLATED,NEEDS_HUMAN_OR_MODEL_VALIDATION,AUXILIARY_ONLY
RV-V03-000870,MSV1-72E02AEE944E2243,IS 19587:2026,Biomass Hammer Mill — Specification and Test Code,hi,NOT_TRANSLATED,NEEDS_HUMAN_OR_MODEL_VALIDATION,AUXILIARY_ONLY
RV-V03-000871,MSV1-692F4E0ECD85BD66,IS 19590:2026,Biomass Pelletiser — Ring Die Type — Specification and Test Code,hi,NOT_TRANSLATED,NEEDS_HUMAN_OR_MODEL_VALIDATION,AUXILIARY_ONLY
RV-V03-000872,MSV1-90543A17E45A3B58,IS 19586:2026,Biomass Pelletiser — Crank-Piston-Cylinder Type — Specification and Test Code,hi,NOT_TRANSLATED,NEEDS_HUMAN_OR_MODEL_VALIDATION,AUXILIARY_ONLY
RV-V03-000873,MSV1-9AA5E1FF30E5A32C,IS 19527 (Part 3):2026,Paper and board Determination of grease resistance Part 3: Turpentine test for voids in glassine and greaseproof papers,hi,NOT_TRANSLATED,NEEDS_HUMAN_OR_MODEL_VALIDATION,AUXILIARY_ONLY
RV-V03-000874,MSV1-047FCAF47000AFD7,IS 1060 (Part 5/Sec 22):2026,Method of Sampling and Test for Paper and Allied Products Part 5 Method of Test for Paper and Board Section 22 Determination of roughness smoothness Air leak methods - Oken method,hi,NOT_TRANSLATED,NEEDS_HUMAN_OR_MODEL_VALIDATION,AUXILIARY_ONLY
RV-V03-000875,MSV1-D7F7E55D3CF36380,IS 19582:2026,"Vegetable fats and oils — Determination of aflatoxins B1, B2, G1 and G2 by immunoaffinity column clean-up and high-performance liquid chromatography",hi,NOT_TRANSLATED,NEEDS_HUMAN_OR_MODEL_VALIDATION,AUXILIARY_ONLY
RV-V03-000876,MSV1-01F4BC12258A19AC,IS 11282:2026,LABORATORY POT-GRATE SINTERING TESTS FOR IRON ORE FINES - GUIDELINES,hi,NOT_TRANSLATED,NEEDS_HUMAN_OR_MODEL_VALIDATION,AUXILIARY_ONLY
RV-V03-000877,MSV1-AD7C0E40FFFF089B,IS 12783:2026,HARDMETALS- VICKERS HARDNESS TEST ( First Revision ),hi,NOT_TRANSLATED,NEEDS_HUMAN_OR_MODEL_VALIDATION,AUXILIARY_ONLY
RV-V03-000878,MSV1-A09ECE2C7ADB148F,IS 13159 (Part 1):2026,Pipe Flanges and Flanged Fittings — Code of Practice (First Revision),hi,NOT_TRANSLATED,NEEDS_HUMAN_OR_MODEL_VALIDATION,AUXILIARY_ONLY
RV-V03-000879,MSV1-4D48634A12E63B0C,IS 4090:2026,Criteria for the design of reinforced concrete arches,hi,NOT_TRANSLATED,NEEDS_HUMAN_OR_MODEL_VALIDATION,AUXILIARY_ONLY
RV-V03-000880,MSV1-34B4EB2F7231B07D,IS 7506:2026,NICKEL POWDER FOR HEAVY ALLOYS AND HARD METALS - SPECIFICATION Second Revision,hi,NOT_TRANSLATED,NEEDS_HUMAN_OR_MODEL_VALIDATION,AUXILIARY_ONLY
RV-V03-000881,MSV1-A38B584DBDF188F3,IS 14795:2026,Iron Ore Pellets for Shaft Direct-reduction Feedstocks - Determination of the Clustering Index,hi,NOT_TRANSLATED,NEEDS_HUMAN_OR_MODEL_VALIDATION,AUXILIARY_ONLY
RV-V03-000882,MSV1-3326C80808711EF1,IS 17175 (Part 2):2026,Steel Measurement Method for the Evaluation of Hydrogen Embrittlement Resistance of High-Strength Steels Part 2: Slow Strain Rate Test,hi,NOT_TRANSLATED,NEEDS_HUMAN_OR_MODEL_VALIDATION,AUXILIARY_ONLY
RV-V03-000883,MSV1-EB0BA09C76100F92,IS 6882:2026 P,Platinum Electrodes - Specification (First Revision),hi,NOT_TRANSLATED,NEEDS_HUMAN_OR_MODEL_VALIDATION,AUXILIARY_ONLY
RV-V03-000884,MSV1-76E3B649DBBDABEB,IS 19411:2026,GLOSSARY OF TERMS RELATED TO COASTAL ENGINEERING,hi,NOT_TRANSLATED,NEEDS_HUMAN_OR_MODEL_VALIDATION,AUXILIARY_ONLY
RV-V03-000885,MSV1-EBE270D66E4F2938,IS 19657:2026,Microbeam analysis Scanning electron microscopy Guidelines for calibrating image magnification,hi,NOT_TRANSLATED,NEEDS_HUMAN_OR_MODEL_VALIDATION,AUXILIARY_ONLY
RV-V03-000886,MSV1-71B652294131B92F,IS 19555:2026,Acoustics — Determination of Sound Power Levels and Sound Energy Levels of Noise Sources using Sound Pressure — Engineering Methods for an Essentially Free Field over a Reflecting Plane,hi,NOT_TRANSLATED,NEEDS_HUMAN_OR_MODEL_VALIDATION,AUXILIARY_ONLY
RV-V03-000887,MSV1-050FF8EAFC43CF7E,IS 19580:2026,Iron ore and direct reduced iron - Vocabulary,hi,NOT_TRANSLATED,NEEDS_HUMAN_OR_MODEL_VALIDATION,AUXILIARY_ONLY
RV-V03-000888,MSV1-46FB9F7A6485F2D3,IS 13218 (Part 1):2026,PROFORMA FOR REPORTING PROGRESS DURING CONSTRUCTION FOR RIVER VALLEY PROJECTS PART 1 IRRIGATION WORKS First Revision of IS 13218 Part 1,hi,NOT_TRANSLATED,NEEDS_HUMAN_OR_MODEL_VALIDATION,AUXILIARY_ONLY
RV-V03-000889,MSV1-830231827690694E,IS 19407:2026,Method of measurement of hydrogen permeation and determination of hydrogen uptake and transport in metals by an electrochemical technique,hi,NOT_TRANSLATED,NEEDS_HUMAN_OR_MODEL_VALIDATION,AUXILIARY_ONLY
RV-V03-000890,MSV1-F16E47A416E9395F,IS 15287 (Part 2):2026,Coated abrasives — Determination and designation of grain size distribution Part 2 Macrogrit sizes P12 to P220 (First Revision),hi,NOT_TRANSLATED,NEEDS_HUMAN_OR_MODEL_VALIDATION,AUXILIARY_ONLY
RV-V03-000891,MSV1-FD9AC638524E8250,IS 14342:2026,Textiles — Jute Yarn/Twine Packaging Code ( First Revision ),hi,NOT_TRANSLATED,NEEDS_HUMAN_OR_MODEL_VALIDATION,AUXILIARY_ONLY
RV-V03-000892,MSV1-5C21DEE41C8351F8,IS 14369:2026,Coated Abrasives -- Abrasive belts -- Selection of width/length combination (First Revision),hi,NOT_TRANSLATED,NEEDS_HUMAN_OR_MODEL_VALIDATION,AUXILIARY_ONLY
RV-V03-000893,MSV1-DD6845D2E9ECE730,IS 2460:2026,Horses and Bucks used in Gymnastics -- Specification ( Second Revision ),hi,NOT_TRANSLATED,NEEDS_HUMAN_OR_MODEL_VALIDATION,AUXILIARY_ONLY
RV-V03-000894,MSV1-56D59E56278E8D85,IS/ISO 603 (Part 15):2022,Bonded abrasive products -- Dimensions -- Part 15 Cutting-off wheels on stationary or mobile cutting-off machines (First Revision),hi,NOT_TRANSLATED,NEEDS_HUMAN_OR_MODEL_VALIDATION,AUXILIARY_ONLY
RV-V03-000895,MSV1-B524EA4018BF2098,IS 2898 (Part 2):2026,"Rolling Bearings Part 2 Ceramic Balls (ISO 3290-2 : 2014, MOD) (First Revision)",hi,NOT_TRANSLATED,NEEDS_HUMAN_OR_MODEL_VALIDATION,AUXILIARY_ONLY
RV-V03-000896,MSV1-F861986BC07705D1,IS 7906 (Part 8):2026,HELICAL COMPRESSION SPRINGS PART 8 METHOD OF INSPECTION OF HOTCOILED COMPRESSION SPRINGS MADE FROM CIRCULAR SECTION BARS (First Revision),hi,NOT_TRANSLATED,NEEDS_HUMAN_OR_MODEL_VALIDATION,AUXILIARY_ONLY
RV-V03-000897,MSV1-265F0CC6BD22C474,IS 16595 (Part 5):2026,Ergonomics of Human-System Interaction : Part 5 Workstation Layout and Postural Requirements ( First Revision ),hi,NOT_TRANSLATED,NEEDS_HUMAN_OR_MODEL_VALIDATION,AUXILIARY_ONLY
RV-V03-000898,MSV1-200E297584BF2354,IS/ISO 603 (Part 14):2026,Bonded abrasive products -- Dimensions Part 14 Grinding wheels for deburring and fettling/snagging on an angle grinder (First Revision),hi,NOT_TRANSLATED,NEEDS_HUMAN_OR_MODEL_VALIDATION,AUXILIARY_ONLY
RV-V03-000899,MSV1-C57E3E70D7F63A7A,IS 46001:2019,Water Efficiency Management Systems - Requirements with Guidance for Use,hi,NOT_TRANSLATED,NEEDS_HUMAN_OR_MODEL_VALIDATION,AUXILIARY_ONLY
RV-V03-000900,MSV1-479381BB12DB0ADA,IS 19666:2026,Graphical Symbols -- Safety Colours and Safety Signs -- Natural Disaster Safety way Guidance System,hi,NOT_TRANSLATED,NEEDS_HUMAN_OR_MODEL_VALIDATION,AUXILIARY_ONLY
RV-V03-000901,MSV1-EE33752F599FC25C,IS 16681 (Part 4):2026,Public Information Guidance Systems Part 4: Installation and Assessment,hi,NOT_TRANSLATED,NEEDS_HUMAN_OR_MODEL_VALIDATION,AUXILIARY_ONLY
RV-V03-000902,MSV1-9A2AB58ABBC5D6B9,IS 19595 (Part 1):2026,Hand-held non-electric power tools Safety requirements Part 1: Assembly power tools for non-threaded mechanical fasteners,hi,NOT_TRANSLATED,NEEDS_HUMAN_OR_MODEL_VALIDATION,AUXILIARY_ONLY
RV-V03-000903,MSV1-4306E9ABF86DE2AA,IS 19595 (Part 3):2026,Hand-held Non-Electric Power Tools — Safety Requirements : Part 3 Drills and Tappers,hi,NOT_TRANSLATED,NEEDS_HUMAN_OR_MODEL_VALIDATION,AUXILIARY_ONLY
RV-V03-000904,MSV1-29D7D034D5594228,IS 19595 (Part 7):2026,Hand-held non-electric power tools Safety requirements : Part 7 Grinders,hi,NOT_TRANSLATED,NEEDS_HUMAN_OR_MODEL_VALIDATION,AUXILIARY_ONLY
RV-V03-000905,MSV1-465CFA00E101B2CE,IS 19595 (Part 8):2026,Hand-held non-electric power tools - Safety requirements : Part 8 Sanders and polishers,hi,NOT_TRANSLATED,NEEDS_HUMAN_OR_MODEL_VALIDATION,AUXILIARY_ONLY
RV-V03-000906,MSV1-77BE2BE4913BED9B,IS 19578:2026,Coated abrasives -- Cylindrical sleeves,hi,NOT_TRANSLATED,NEEDS_HUMAN_OR_MODEL_VALIDATION,AUXILIARY_ONLY
RV-V03-000907,MSV1-6934BEE1F0347EFA,IS 16506 (Part 8):2026,Optics and Photonics — Optical Coatings : Part 8 Minimum Requirements for Coatings Used for Laser Optics,hi,NOT_TRANSLATED,NEEDS_HUMAN_OR_MODEL_VALIDATION,AUXILIARY_ONLY
RV-V03-000908,MSV1-54E58FD238A606C6,IS 19665 (Part 1):2026,Assembly Tools for Screws and Nuts — Machine-Operated Screwdriver Bits Part 1 Screwdriver Bits for Slotted Head Screws,hi,NOT_TRANSLATED,NEEDS_HUMAN_OR_MODEL_VALIDATION,AUXILIARY_ONLY
RV-V03-000909,MSV1-57B244FDE0EC0272,IS 19665 (Part 2):2026,Assembly Tools for Screws and Nuts — Machine-Operated Screwdriver Bits Part 2 Screwdriver Bits for Cross-Recessed Head Screws,hi,NOT_TRANSLATED,NEEDS_HUMAN_OR_MODEL_VALIDATION,AUXILIARY_ONLY
RV-V03-000910,MSV1-C75CAFB4890E1D9E,IS 19665 (Part 3):2026,Assembly Tools for Screws and Nuts — Machine-Operated Screwdriver Bits Part 3 Screwdriver Bits for Hexagon Socket Screws,hi,NOT_TRANSLATED,NEEDS_HUMAN_OR_MODEL_VALIDATION,AUXILIARY_ONLY
RV-V03-000911,MSV1-DEE1F9EDBDFBE04B,IS 11647:2026,Specification for Braille Paper First Revision,hi,NOT_TRANSLATED,NEEDS_HUMAN_OR_MODEL_VALIDATION,AUXILIARY_ONLY
RV-V03-000912,MSV1-F5FDB0FCA7190783,IS 7714:2026,Method of Sealability Test for Gasket Materials,hi,NOT_TRANSLATED,NEEDS_HUMAN_OR_MODEL_VALIDATION,AUXILIARY_ONLY
RV-V03-000913,MSV1-7C07152F372AA6EB,IS 12986 (Part 1):2026,Biogas Plants — Glass Fibre Reinforced Polyester Resin Gas Holders — Specification Part 1 With Steel Frame (First Revision),hi,NOT_TRANSLATED,NEEDS_HUMAN_OR_MODEL_VALIDATION,AUXILIARY_ONLY
RV-V03-000914,MSV1-CEBF8913C241D12E,IS 19472:2026,Steel Sheets and Strips for Hot Stamping Applications - Specification,hi,NOT_TRANSLATED,NEEDS_HUMAN_OR_MODEL_VALIDATION,AUXILIARY_ONLY
RV-V03-000915,MSV1-5FCC505CB0B59FEC,IS 19599:2026,Gaskets and Packings Oxidation of Expanded Graphite Methods of Test,hi,NOT_TRANSLATED,NEEDS_HUMAN_OR_MODEL_VALIDATION,AUXILIARY_ONLY
RV-V03-000916,MSV1-F9975191D72171F6,IS 19497:2026,Carbon and Low-Alloy Steel Wire Rods for Submerged Arc Welding and Gas Shielded Arc Welding Electrodes - Specification,hi,NOT_TRANSLATED,NEEDS_HUMAN_OR_MODEL_VALIDATION,AUXILIARY_ONLY
RV-V03-000917,MSV1-37C9A3A294221C52,IS 19606:2026,Non-Asbestos Beater Addition Jointing Specification,hi,NOT_TRANSLATED,NEEDS_HUMAN_OR_MODEL_VALIDATION,AUXILIARY_ONLY
RV-V03-000918,MSV1-ED31ED78E55B0321,IS 19558 (Part 2):2026,Energy Audits Part 2 Guidance for Conducting an Energy Audit using ISO 50002-1 in Buildings,hi,NOT_TRANSLATED,NEEDS_HUMAN_OR_MODEL_VALIDATION,AUXILIARY_ONLY
RV-V03-000919,MSV1-4B88ED11B7A6F43E,IS 19550:2026,Acoustics — Noise Emitted by Machinery and Equipment — Guidelines for the use of Basic Standards for the Determination of Emission Sound Pressure Levels at a Work Station and at other Specified Positions,hi,NOT_TRANSLATED,NEEDS_HUMAN_OR_MODEL_VALIDATION,AUXILIARY_ONLY
RV-V03-000920,MSV1-F3F2ACF1B9A52B15,IS 19546:2026,Acoustics — Determination of Sound Power Levels and Sound Energy Levels of Noise Sources using Sound Pressure — Precision Methods for Reverberation Test Rooms,hi,NOT_TRANSLATED,NEEDS_HUMAN_OR_MODEL_VALIDATION,AUXILIARY_ONLY
RV-V03-000921,MSV1-B2E7D6CCFED2F77A,IS 19544 (Part 2):2026,"Acoustics — Determination of Sound Power Levels of Noise Sources Using Sound Pressure — Engineering Methods for Small, Movable Sources in Reverberant Fields Part 2 Methods for Special Reverberation Test Rooms",hi,NOT_TRANSLATED,NEEDS_HUMAN_OR_MODEL_VALIDATION,AUXILIARY_ONLY
RV-V03-000922,MSV1-A2AD8BC26A57B0D9,IS 19554:2026,Acoustics — Determination of Sound Power Levels and Sound Energy Levels of Noise Sources Using Sound Pressure — Precision Methods for Anechoic Rooms and Hemi-Anechoic Rooms,hi,NOT_TRANSLATED,NEEDS_HUMAN_OR_MODEL_VALIDATION,AUXILIARY_ONLY
RV-V03-000923,MSV1-77440F7BF8E2D06B,IS/IEC 60118 (Part 0):2022,Electroacoustics Hearing Aids- Part 0: Measurement of the Performance Characteristics of Hearing Aids First Revision,hi,NOT_TRANSLATED,NEEDS_HUMAN_OR_MODEL_VALIDATION,AUXILIARY_ONLY
RV-V03-000924,MSV1-4A9F08E4FFEED349,IS 12360:2026,VOLTAGE BANDS FOR ELECTRICAL INSTALLATIONS INCLUDING PREFERRED VOLTAGE AND FREQUENCY,hi,NOT_TRANSLATED,NEEDS_HUMAN_OR_MODEL_VALIDATION,AUXILIARY_ONLY
RV-V03-000925,MSV1-5C901BF15C22CEE8,IS 5763:2026,Dental Occlusal Plane Guide — Specification (First Revision),hi,NOT_TRANSLATED,NEEDS_HUMAN_OR_MODEL_VALIDATION,AUXILIARY_ONLY
RV-V03-000926,MSV1-2D6B916E4FE3221B,IS 8735:2026,ENT Surgery Instruments ––Yankauer's type pattern Suction Tube –– Specification (First Revision),hi,NOT_TRANSLATED,NEEDS_HUMAN_OR_MODEL_VALIDATION,AUXILIARY_ONLY
RV-V03-000927,MSV1-41F9B87D6F77D25D,IS/ISO/IEC 19792:2025,Information security cybersecurity and privacy protection General principles requirements and guidance for security evaluation of biometric systems First Revision,hi,NOT_TRANSLATED,NEEDS_HUMAN_OR_MODEL_VALIDATION,AUXILIARY_ONLY
RV-V03-000928,MSV1-BE850BC395878608,IS/ISO/IEC 20540:2025 P,Information security cybersecurity and privacy protection Testing cryptographic modules in their field First Revision,hi,NOT_TRANSLATED,NEEDS_HUMAN_OR_MODEL_VALIDATION,AUXILIARY_ONLY
RV-V03-000929,MSV1-E9A91F232471CBE7,IS/ISO/IEC 22123 (Part 3):2023,Information technology Cloud computing Part 3: Reference architecture,hi,NOT_TRANSLATED,NEEDS_HUMAN_OR_MODEL_VALIDATION,AUXILIARY_ONLY
RV-V03-000930,MSV1-77352F3231B5DDA3,IS 18682 (Part 5):2026,Dentistry Periodontal Curettes Dental Scalers and Excavators Part 5 Jacquette Scalers,hi,NOT_TRANSLATED,NEEDS_HUMAN_OR_MODEL_VALIDATION,AUXILIARY_ONLY
RV-V03-000931,MSV1-2C10782E3EA41975,IS 19618:2026,Dentistry Filling Instrument with Contra Angle,hi,NOT_TRANSLATED,NEEDS_HUMAN_OR_MODEL_VALIDATION,AUXILIARY_ONLY
RV-V03-000932,MSV1-FEFF4AB5F04590EE,IS 18813:2026,Dentistry Ceramic Materials,hi,NOT_TRANSLATED,NEEDS_HUMAN_OR_MODEL_VALIDATION,AUXILIARY_ONLY
RV-V03-000933,MSV1-1AEE492C051215AF,IS 1593:2026,FUEL OILS - SPECIFICATION,hi,NOT_TRANSLATED,NEEDS_HUMAN_OR_MODEL_VALIDATION,AUXILIARY_ONLY
RV-V03-000934,MSV1-F0DD670AE17F10ED,IS 13360 (Part 5/Sec 14):2026,PLASTICS — METHODS OF TESTING PART 5 MECHANICAL PROPERTIES SECTION 14 DETERMINATION OF INDENTATION HARDNESS OF RIGID PLASTIC BY BARCOL IMPRESSOR (First Revision),hi,NOT_TRANSLATED,NEEDS_HUMAN_OR_MODEL_VALIDATION,AUXILIARY_ONLY
RV-V03-000935,MSV1-C17B1D9ED4DE14DF,IS 14635 (Part 2):2026,FLUOROPOLYMER DISPERSIONS AND MOULDING AND EXTRUSION MATERIALS PART 2 PREPARATION OF TEST SPECIMENS AND DETERMINATION OF PROPERTIES,hi,NOT_TRANSLATED,NEEDS_HUMAN_OR_MODEL_VALIDATION,AUXILIARY_ONLY
RV-V03-000936,MSV1-D1098D1CED88589B,IS 867:2026,PHENOLIC MOULDING MATERIALS - METHODS OF TEST (Second Revision),hi,NOT_TRANSLATED,NEEDS_HUMAN_OR_MODEL_VALIDATION,AUXILIARY_ONLY
RV-V03-000937,MSV1-86BE5C5EA3773892,IS 2221:2026,AMINOPLASTIC MOULDING MATERIALS - METHODS OF TEST (First Revision),hi,NOT_TRANSLATED,NEEDS_HUMAN_OR_MODEL_VALIDATION,AUXILIARY_ONLY
RV-V03-000938,MSV1-1F5AF3CCC59E2C2A,IS 2530:2026,POLYETHYLENE MOULDING MATERIALS AND POLYETHYLENE COMPOUNDS - METHODS OF TEST (First Revision),hi,NOT_TRANSLATED,NEEDS_HUMAN_OR_MODEL_VALIDATION,AUXILIARY_ONLY
RV-V03-000939,MSV1-6C4DBAA71E0EE0CA,IS 4669:2026,METHODS OF TEST — POLYVINYL CHLORIDE RESINS (First Revision),hi,NOT_TRANSLATED,NEEDS_HUMAN_OR_MODEL_VALIDATION,AUXILIARY_ONLY
RV-V03-000940,MSV1-4ABBE13EF8B76F0D,IS 1448 (Part 167):2026,Petroleum and its Products — Methods of Test Part 167 Determination of Density — Laboratory Density Meter with an Oscillating U-Tube Sensor (First Revision),hi,NOT_TRANSLATED,NEEDS_HUMAN_OR_MODEL_VALIDATION,AUXILIARY_ONLY
RV-V03-000941,MSV1-A41AE1C7D46B5A6C,IS 1448 (Part 113):2026,PETROLEUM AND ITS PRODUCTS TEST METHODS PART: 113 DETERMINATIONS OF TOTAL ACIDITY IN AVIATION TURBINE FUEL,hi,NOT_TRANSLATED,NEEDS_HUMAN_OR_MODEL_VALIDATION,AUXILIARY_ONLY
RV-V03-000942,MSV1-C54223CABC00DB86,IS 15133:2025,"2,6-Dichloro-4-Nitroaniline Specification",hi,NOT_TRANSLATED,NEEDS_HUMAN_OR_MODEL_VALIDATION,AUXILIARY_ONLY
RV-V03-000943,MSV1-890E24B747A39262,IS 13360 (Part 3/Sec 3):2026,PLASTICS — METHODS OF TESTING PART 3 PHYSICAL AND DIMENSIONAL PROPERTIES Section 3 Determination of Apparent Density of moulding Material that cannot be Poured from a Specified Funnel (First Revision),hi,NOT_TRANSLATED,NEEDS_HUMAN_OR_MODEL_VALIDATION,AUXILIARY_ONLY
RV-V03-000944,MSV1-73F8C6FC95BF7E7A,IS 13360 (Part 3/Sec 7):2026,PLASTICS — METHODS OF TESTING PART 3 PHYSICAL AND DIMENSIONAL PROPERTIES Section 7 Liquid Resins — Determination of Density by the Pyknometer Method (First Revision),hi,NOT_TRANSLATED,NEEDS_HUMAN_OR_MODEL_VALIDATION,AUXILIARY_ONLY
RV-V03-000945,MSV1-D3AB48E34553CD31,IS 13360 (Part 4/Sec 2):2026,Plastics - Methods of testing Part 4 Rheological Properties Section 2 Cup Flow of Phenolic and Alkyd Moulding Materials (First Revision),hi,NOT_TRANSLATED,NEEDS_HUMAN_OR_MODEL_VALIDATION,AUXILIARY_ONLY
RV-V03-000946,MSV1-B5C064E81E753649,IS 13360 (Part 11/Sec 11/Sub-Sec 1):2026,PLASTICS — METHODS OF TESTING PART 11 SPECIAL PROPERTIES SECTION 11 RHEOLOGY SUBSECTION 1 VOCABULARY AND SYMBOLS FOR ROTATIONAL AND OSCILLATORY RHEOMETRY (First Revision),hi,NOT_TRANSLATED,NEEDS_HUMAN_OR_MODEL_VALIDATION,AUXILIARY_ONLY
RV-V03-000947,MSV1-EFB2E17F60E04160,IS 13360 (Part 11/Sec 11/Sub-Sec 2):2026,PLASTICS — METHODS OF TESTING PART 11 SPECIAL PROPERTIES SECTION 11 RHEOLOGY SUBSECTION 2 GENERAL PRINCIPLES OF ROTATIONAL AND OSCILLATORY RHEOMETRY (First Revision),hi,NOT_TRANSLATED,NEEDS_HUMAN_OR_MODEL_VALIDATION,AUXILIARY_ONLY
RV-V03-000948,MSV1-D6C09C50F5EE9B51,IS 1448 (Part 105):2026,PETROLEUM AND ITS PRODUCTS - TEST METHODS PART 105 ULTRAVIOLET UV ABSORBANCE AND ABSORPTIVITY OF PETROLEUM PRODUCTS FIRST REVISION,hi,NOT_TRANSLATED,NEEDS_HUMAN_OR_MODEL_VALIDATION,AUXILIARY_ONLY
RV-V03-000949,MSV1-E36D295A81D19421,IS 11557:2026,2 - NAPHTHYLAMINE - 3: 6: 8 - TRISULPHONIC ACID TECHNICAL SPECIFICATION,hi,NOT_TRANSLATED,NEEDS_HUMAN_OR_MODEL_VALIDATION,AUXILIARY_ONLY
RV-V03-000950,MSV1-317908432181C61A,IS 9873 (Part 8):2026,Safety of toys Part 8: Age determination First age grade for the appropriate play of toys First Revision,hi,NOT_TRANSLATED,NEEDS_HUMAN_OR_MODEL_VALIDATION,AUXILIARY_ONLY
RV-V03-000951,MSV1-010C343D1DB0D8CC,IS 9873 (Part 4):2026,Safety of toys Part 4: Activity toys for domestic use,hi,NOT_TRANSLATED,NEEDS_HUMAN_OR_MODEL_VALIDATION,AUXILIARY_ONLY
RV-V03-000952,MSV1-70EB787384F34E6F,IS 16432:2026,Microbiology of the food chain Polymerase chain reaction PCR for the detection and quantification of microorganisms General requirements and definitions,hi,NOT_TRANSLATED,NEEDS_HUMAN_OR_MODEL_VALIDATION,AUXILIARY_ONLY
RV-V03-000953,MSV1-84D049DD9A981888,IS 3328:2026,Quality Requirements of Water for Swimming Pools ( Second Revision ),hi,NOT_TRANSLATED,NEEDS_HUMAN_OR_MODEL_VALIDATION,AUXILIARY_ONLY
RV-V03-000954,MSV1-A7452EC66FAFE7A9,IS 14421:2026,PLASTICIZER ESTERS — SPECIFICATION (First Revision),hi,NOT_TRANSLATED,NEEDS_HUMAN_OR_MODEL_VALIDATION,AUXILIARY_ONLY
RV-V03-000955,MSV1-A5083C2BDDD60919,IS 19086:2026,"Oil of Clove Leaves [Syzygium aromaticum (L.) Merr. & L.M.Perry, Syn. Eugenia caryophyllus (Spreng.) Bullock & S.G.Harrison] — Specification",hi,NOT_TRANSLATED,NEEDS_HUMAN_OR_MODEL_VALIDATION,AUXILIARY_ONLY
RV-V03-000956,MSV1-C93EE8265E18799C,IS 19087:2026,"Oil of Clove Buds [Syzygium aromaticum (L.) Merr. & L.M.Perry, Syn. Eugenia caryophyllus (Spreng.) Bullock & S.G. Harrison] — Specification",hi,NOT_TRANSLATED,NEEDS_HUMAN_OR_MODEL_VALIDATION,AUXILIARY_ONLY
RV-V03-000957,MSV1-E14D7A97FAE4B8A9,IS 19088:2026,"Oil of Clove Stems [Syzygium aromaticum (L.) Merr. & L.M.Perry, Syn. Eugenia caryophyllus (Spreng.) Bullock & S.G.Harrison] — Specification",hi,NOT_TRANSLATED,NEEDS_HUMAN_OR_MODEL_VALIDATION,AUXILIARY_ONLY
RV-V03-000958,MSV1-7534127F5966B590,IS 19486:2026,HEXANE INDUSTRIAL SOLVENT GRADE SPECIFICATION,hi,NOT_TRANSLATED,NEEDS_HUMAN_OR_MODEL_VALIDATION,AUXILIARY_ONLY
RV-V03-000959,MSV1-219A2ADB3DCD56BA,IS 19410:2026,Solid Biofuels — Sampling,hi,NOT_TRANSLATED,NEEDS_HUMAN_OR_MODEL_VALIDATION,AUXILIARY_ONLY
RV-V03-000960,MSV1-9C1DC8EFEFA31F8C,IS 13360 (Part 5/Sec 31/Sub-Sec 2):2026,PLASTICS PLASTICS — METHODS OF TESTING PART 5 MECHANICAL PROPERTIES SEC 31 DETERMINATION OF DYNAMIC MECHANICAL PROPERTIES SUBSEC 1 GENERAL PRINCIPLES METHODS OF TESTING PART 5 MECHANICAL PROPERTIES SEC XX DETERMINATION OF DYNAMIC MECHANICAL PROPERTIES SUBSEC 1 GENERAL PRINCIPLES,hi,NOT_TRANSLATED,NEEDS_HUMAN_OR_MODEL_VALIDATION,AUXILIARY_ONLY
RV-V03-000961,MSV1-382F6792B9DD9F9E,IS 13360 (Part 5/Sec 31/Sub-Sec 1):2026,PLASTICS — METHODS OF TESTING PART 5 MECHANICAL PROPERTIES SEC 31 DETERMINATION OF DYNAMIC MECHANICAL PROPERTIES SUBSEC 2 TORSION-PENDULUM METHOD,hi,NOT_TRANSLATED,NEEDS_HUMAN_OR_MODEL_VALIDATION,AUXILIARY_ONLY
RV-V03-000962,MSV1-9A03DD268CE7FF19,IS 13360 (Part 5/Sec 31/Sub-Sec 3):2026,PLASTICS — METHODS OF TESTING PART 5 MECHANICAL PROPERTIES SEC 31 DETERMINATION OF DYNAMIC MECHANICAL PROPERTIES SUBSEC 3 FLEXURAL VIBRATION — RESONANCE-CURVE METHOD,hi,NOT_TRANSLATED,NEEDS_HUMAN_OR_MODEL_VALIDATION,AUXILIARY_ONLY
RV-V03-000963,MSV1-491964D91E4E9D59,IS 13360 (Part 5/Sec 31/Sub-Sec 4):2026,PLASTICS — METHODS OF TESTING PART 5 MECHANICAL PROPERTIES SEC 31 DETERMINATION OF DYNAMIC MECHANICAL PROPERTIES SUBSEC 4 TENSILE VIBRATION — NON-RESONANCE METHOD,hi,NOT_TRANSLATED,NEEDS_HUMAN_OR_MODEL_VALIDATION,AUXILIARY_ONLY
RV-V03-000964,MSV1-D9AEDD8B5CBFE6EE,IS 13360 (Part 31/Sec 5/Sub-Sec 5):2026,PLASTICS — METHODS OF TESTING PART 5 MECHANICAL PROPERTIES SEC 31 DETERMINATION OF DYNAMIC MECHANICAL PROPERTIES SUBSEC 5 FLEXURAL VIBRATION — NON-RESONANCE METHOD,hi,NOT_TRANSLATED,NEEDS_HUMAN_OR_MODEL_VALIDATION,AUXILIARY_ONLY
RV-V03-000965,MSV1-91F344D152C02E14,IS 13360 (Part 5/Sec 31/Sub-Sec 6):2026,PLASTICS — METHODS OF TESTING PART 5 MECHANICAL PROPERTIES SEC 31 DETERMINATION OF DYNAMIC MECHANICAL ROPERTIES SUBSEC 6 SHEAR VIBRATION — NON-RESONANCE METHOD,hi,NOT_TRANSLATED,NEEDS_HUMAN_OR_MODEL_VALIDATION,AUXILIARY_ONLY
RV-V03-000966,MSV1-1B111A6BC0B53C5B,IS 13360 (Part 5/Sec 31/Sub-Sec 7):2026,PLASTICS — METHODS OF TESTING PART 5 MECHANICAL PROPERTIES SEC 31 DETERMINATION OF DYNAMIC MECHANICAL PROPERTIES SUBSEC 7 TORSIONAL VIBRATION — NON-RESONANCE METHOD,hi,NOT_TRANSLATED,NEEDS_HUMAN_OR_MODEL_VALIDATION,AUXILIARY_ONLY
RV-V03-000967,MSV1-499B3DB09756276B,IS 13360 (Part 5/Sec 31/Sub-Sec 8):2026,PLASTICS — METHODS OF TESTING PART 5 MECHANICAL PROPERTIES SEC 31 DETERMINATION OF DYNAMIC MECHANICAL PROPERTIES SUBSEC 8 LONGITUDINAL AND SHEAR VIBRATION — WAVE-PROPAGATION METHOD,hi,NOT_TRANSLATED,NEEDS_HUMAN_OR_MODEL_VALIDATION,AUXILIARY_ONLY
RV-V03-000968,MSV1-4FC4B2BB81AB9739,IS 13360 (Part 5/Sec 31/Sub-Sec 9):2026,PLASTICS METHODS OF TESTING PART 5 MECHANICAL PROPERTIES SEC 31 DETERMINATION OF DYNAMIC MECHANICAL PROPERTIES SUBSEC 9 TENSILE VIBRATION — SONIC-PULSE PROPAGATION METHOD,hi,NOT_TRANSLATED,NEEDS_HUMAN_OR_MODEL_VALIDATION,AUXILIARY_ONLY
RV-V03-000969,MSV1-9B04F2A6C33FC9D2,IS 13360 (Part 5/Sec 31/Sub-Sec 10):2026,PLASTICS — METHODS OF TESTING PART 5 MECHANICAL PROPERTIES SEC 31 DETERMINATION OF DYNAMIC MECHANICAL PROPERTIES SUBSEC 10 COMPLEX SHEAR VISCOSITY USING A PARALLEL-PLATE OSCILLATORY RHEOMETER,hi,NOT_TRANSLATED,NEEDS_HUMAN_OR_MODEL_VALIDATION,AUXILIARY_ONLY
RV-V03-000970,MSV1-6BD812979A21FAA6,IS 13360 (Part 5/Sec 31/Sub-Sec 11):2026,PLASTICS — METHODS OF TESTING PART 5 MECHANICAL PROPERTIES SEC 31 DETERMINATION OF DYNAMIC MECHANICAL PROPERTIES SUBSEC 11 GLASS TRANSITION TEMPERATURE,hi,NOT_TRANSLATED,NEEDS_HUMAN_OR_MODEL_VALIDATION,AUXILIARY_ONLY
RV-V03-000971,MSV1-C2A5A54C56E0823F,IS 13360 (Part 5/Sec 31/Sub-Sec 12):2026,PLASTICS METHODS OF TESTING PART 5 MECHANICAL PROPERTIES SEC 31 DETERMINATION OF DYNAMIC MECHANICAL PROPERTIES SUBSEC 12 COMPRESSIVE VIBRATION NON-RESONANCE METHOD,hi,NOT_TRANSLATED,NEEDS_HUMAN_OR_MODEL_VALIDATION,AUXILIARY_ONLY
RV-V03-000972,MSV1-DFBA4B448CDA6A68,IS 19345:2026,o-Tertiary Butyl Phenol Specification,hi,NOT_TRANSLATED,NEEDS_HUMAN_OR_MODEL_VALIDATION,AUXILIARY_ONLY
RV-V03-000973,MSV1-757823B2F7C32097,IS 19374:2026,p-Tertiary Butyl Phenol Specification,hi,NOT_TRANSLATED,NEEDS_HUMAN_OR_MODEL_VALIDATION,AUXILIARY_ONLY
RV-V03-000974,MSV1-21D010C0708A269D,IS 1448 (Part 204):2026,INDUSTRIAL QUENCHING OILS DETERMINATION OF COOLING CHARACTERISTICS NICKEL-ALLOY PROBE TEST METHOD,hi,NOT_TRANSLATED,NEEDS_HUMAN_OR_MODEL_VALIDATION,AUXILIARY_ONLY
RV-V03-000975,MSV1-0F61EA2A161CC7FE,IS/ISO 28580:2018,"Passenger Car, Truck and Bus Tyre — Method of Measuring Rolling Resistance — Single Point Test and Correlation of Measurement Results (First Revision)",hi,NOT_TRANSLATED,NEEDS_HUMAN_OR_MODEL_VALIDATION,AUXILIARY_ONLY
RV-V03-000976,MSV1-F5CD02E7F5E3BA49,IS 14347:2026,Rolling Bearings — Plummer Block Housings — Specification (First Revision),hi,NOT_TRANSLATED,NEEDS_HUMAN_OR_MODEL_VALIDATION,AUXILIARY_ONLY
RV-V03-000977,MSV1-8B2A911F14BC36CE,IS 6454 (Part 1):2026,Radial spherical roller bearings Part 1 Single row with cylindrical or tapered bore — Specification (First Revision),hi,NOT_TRANSLATED,NEEDS_HUMAN_OR_MODEL_VALIDATION,AUXILIARY_ONLY
RV-V03-000978,MSV1-5E840A8341E2C02A,IS/ISO 10303 (Part 1):2024,Industrial automation systems and integration -- Product data representation and exchange: Part 1 Overview and fundamental principles second revision,hi,NOT_TRANSLATED,NEEDS_HUMAN_OR_MODEL_VALIDATION,AUXILIARY_ONLY
RV-V03-000979,MSV1-E059551D1A49C734,IS 6458:2026,Double Row Cylindrical Roller Bearings — Specification ( First revision ),hi,NOT_TRANSLATED,NEEDS_HUMAN_OR_MODEL_VALIDATION,AUXILIARY_ONLY
RV-V03-000980,MSV1-CF5C7C595E7C8C12,IS 17128 (Part 4):2026,Automotive Vehicles ― Vehicle Dynamics Test Methods Part 4 Ride Comfort Measurements,hi,NOT_TRANSLATED,NEEDS_HUMAN_OR_MODEL_VALIDATION,AUXILIARY_ONLY
RV-V03-000981,MSV1-0A25D30664C3A0EF,IS 17128 (Part 5):2026,"Automotive Vehicles — Vehicle Dynamics Test Methods Part 5 Subjective Evaluation Vehicle Ride, Handling, Steering",hi,NOT_TRANSLATED,NEEDS_HUMAN_OR_MODEL_VALIDATION,AUXILIARY_ONLY
RV-V03-000982,MSV1-91CB930032D76399,IS 2898 (Part 1):2026,"Rolling Bearings Part 1 Steel Balls (ISO 3290-1 : 2014, MOD) (Third revision)",hi,NOT_TRANSLATED,NEEDS_HUMAN_OR_MODEL_VALIDATION,AUXILIARY_ONLY
RV-V03-000983,MSV1-409F3025F1FF26CD,IS 6455:2026,Single Row Deep Groove Ball Bearings — Specification ( Second Revision ),hi,NOT_TRANSLATED,NEEDS_HUMAN_OR_MODEL_VALIDATION,AUXILIARY_ONLY
RV-V03-000984,MSV1-21C10B8757247A78,IS 10806:2026,Trailers for Power Tillers — Specification (Second Revision),hi,NOT_TRANSLATED,NEEDS_HUMAN_OR_MODEL_VALIDATION,AUXILIARY_ONLY
RV-V03-000985,MSV1-387CA72AE246FC39,IS 8213:2026,Trailers for Agricultural Tractors — Specification Fourth Revision),hi,NOT_TRANSLATED,NEEDS_HUMAN_OR_MODEL_VALIDATION,AUXILIARY_ONLY
RV-V03-000986,MSV1-75472419F16076B2,IS 4447:2026,"Sodium benzoate, food grade - Specification (second revision)",hi,NOT_TRANSLATED,NEEDS_HUMAN_OR_MODEL_VALIDATION,AUXILIARY_ONLY
RV-V03-000987,MSV1-E4B879D8B0DE8EC6,IS 6795:2026,"Acacia (arabic) gum, food grade - Specification (second revision)",hi,NOT_TRANSLATED,NEEDS_HUMAN_OR_MODEL_VALIDATION,AUXILIARY_ONLY
RV-V03-000988,MSV1-684B8A59896AF2ED,IS 8356:2026,"Titanium oxide, food grade - Specification (second revision)",hi,NOT_TRANSLATED,NEEDS_HUMAN_OR_MODEL_VALIDATION,AUXILIARY_ONLY
RV-V03-000989,MSV1-C10924EBCCFB8AB9,IS 10563:2026,"Mineral oil (medium viscosity and high viscosity), food grade - Specification (first revision)",hi,NOT_TRANSLATED,NEEDS_HUMAN_OR_MODEL_VALIDATION,AUXILIARY_ONLY
RV-V03-000990,MSV1-A5DFF60D92A8CB70,IS 13373:2026,Grass Shear — Specification (First Revision),hi,NOT_TRANSLATED,NEEDS_HUMAN_OR_MODEL_VALIDATION,AUXILIARY_ONLY
RV-V03-000991,MSV1-B666E597D3C3CF32,IS 13455:2026,Pirimiphos methyl emulsifiable concentrate (EC) - Specification (first revision),hi,NOT_TRANSLATED,NEEDS_HUMAN_OR_MODEL_VALIDATION,AUXILIARY_ONLY
RV-V03-000992,MSV1-BE54689B908AC103,IS 14299:2026,Neem extracts containing azadirachtin - Specification (first revision),hi,NOT_TRANSLATED,NEEDS_HUMAN_OR_MODEL_VALIDATION,AUXILIARY_ONLY
RV-V03-000993,MSV1-B561D829A20E1D81,IS 13790:2026,Kitazin emulsifiable concentrate (EC) - Specification (first revision),hi,NOT_TRANSLATED,NEEDS_HUMAN_OR_MODEL_VALIDATION,AUXILIARY_ONLY
RV-V03-000994,MSV1-2D85294AB77DF27A,IS 548 (Part 3/Sec 10):2026,Methods of sampling and test for oils and fats Part 3 Advanced instrumental methods Section 10 Determination of fatty-acid-bound chloropropanediols MCPDs and glycidol by GCMS Method using slow alkaline transesterification and measurement for 2-MCPD 3-MCPD and Glycidol,hi,NOT_TRANSLATED,NEEDS_HUMAN_OR_MODEL_VALIDATION,AUXILIARY_ONLY
RV-V03-000995,MSV1-3FCAA59EABAF313E,IS 548 (Part 3/Sec 11):2026,Methods of sampling and test for oils and fats Part 3 Advanced instrumental methods Section 11 Determination of fatty-acid-bound chloropropanediols MCPDs and glycidol by GCMS Method using acid transesterification and measurement for 2-MCPD 3-MCPD and Glycidol,hi,NOT_TRANSLATED,NEEDS_HUMAN_OR_MODEL_VALIDATION,AUXILIARY_ONLY
RV-V03-000996,MSV1-3E5FAEF49D3DC83F,IS 633:2026,DDT emulsifiable concentrate (EC) - Specification (third revision),hi,NOT_TRANSLATED,NEEDS_HUMAN_OR_MODEL_VALIDATION,AUXILIARY_ONLY
RV-V03-000997,MSV1-A7B4564986731D80,IS 19514:2026,Crop Protection Equipment — Belly-Mounter Hand-Rotary Duster — Specification,hi,NOT_TRANSLATED,NEEDS_HUMAN_OR_MODEL_VALIDATION,AUXILIARY_ONLY
RV-V03-000998,MSV1-BFF847BAB5A68855,IS 17274 (Part 14):2026,Respiratory Protective Devices — Methods of Test and Test Equipment Part 14 Measurement of Sound Pressure Level,hi,NOT_TRANSLATED,NEEDS_HUMAN_OR_MODEL_VALIDATION,AUXILIARY_ONLY
RV-V03-000999,MSV1-BC072D622C8886B1,IS 7124:2026,Gun Powder — Specification ( First Revision ),hi,NOT_TRANSLATED,NEEDS_HUMAN_OR_MODEL_VALIDATION,AUXILIARY_ONLY
RV-V03-001000,MSV1-544D2F2804C6D327,IS 19517 (Part 2):2026,Eye and Face Protection — Sunglasses and Related Eyewear Part 2 Filters for Direct Observation of the Sun,hi,NOT_TRANSLATED,NEEDS_HUMAN_OR_MODEL_VALIDATION,AUXILIARY_ONLY
RV-V03-001001,MSV1-2EF373BD9DFF76B6,IS 6456:2026,Double Row Radial Ball Bearings — Specification (first revision),hi,NOT_TRANSLATED,NEEDS_HUMAN_OR_MODEL_VALIDATION,AUXILIARY_ONLY
RV-V03-001002,MSV1-D5BEE9B2B607D1F3,IS 4211:2026,Gauges -- Thread Pitch Gauges for ISO Metric Screw Threads (Pitch Range 0.4 mm To 6 mm) -- Specification (Second Revision ),hi,NOT_TRANSLATED,NEEDS_HUMAN_OR_MODEL_VALIDATION,AUXILIARY_ONLY
RV-V03-001003,MSV1-08236BE96DA81500,IS 12102:2026,Tapered Roller Bearings — Specification (First Revision),hi,NOT_TRANSLATED,NEEDS_HUMAN_OR_MODEL_VALIDATION,AUXILIARY_ONLY
RV-V03-001004,MSV1-8774A2BBFD257F88,IS 9619:2026,Identification Code for Shell Type Needle Bearings (First Revision),hi,NOT_TRANSLATED,NEEDS_HUMAN_OR_MODEL_VALIDATION,AUXILIARY_ONLY
RV-V03-001005,MSV1-5D40ACA485B706DB,IS 6118:2026,"Pliers and nippers — Multiple slip joint pliers — Dimensions and test values (ISO 8976 : 2021, MOD) ( Third Revision )",hi,NOT_TRANSLATED,NEEDS_HUMAN_OR_MODEL_VALIDATION,AUXILIARY_ONLY
RV-V03-001006,MSV1-0800C6B75AFE91D6,IS 17527:2026,Conveyor Belts — Test Atmospheres and Conditioning Periods (First Revision),hi,NOT_TRANSLATED,NEEDS_HUMAN_OR_MODEL_VALIDATION,AUXILIARY_ONLY
RV-V03-001007,MSV1-3D89363E922E256B,IS 18508:2026,Chipboard screws — Specification (first revision),hi,NOT_TRANSLATED,NEEDS_HUMAN_OR_MODEL_VALIDATION,AUXILIARY_ONLY
RV-V03-001008,MSV1-241A51B40D3C3C77,ISO 24342:2024,Resilient and textile floor coverings - Determination of side length edge straightness and squareness of tiles and planks (First Revision),hi,NOT_TRANSLATED,NEEDS_HUMAN_OR_MODEL_VALIDATION,AUXILIARY_ONLY
RV-V03-001009,MSV1-4481950565EF738D,IS 15790:2026,Fatigue Test Method for Transmission Precision Roller Chains and Leaf Chains (First Revision),hi,NOT_TRANSLATED,NEEDS_HUMAN_OR_MODEL_VALIDATION,AUXILIARY_ONLY
RV-V03-001010,MSV1-E34784D32A2082FD,IS 4215:2026,Needle Roller Bearings — Specification (Second Revision),hi,NOT_TRANSLATED,NEEDS_HUMAN_OR_MODEL_VALIDATION,AUXILIARY_ONLY
RV-V03-001011,MSV1-5D5DCF7332449679,IS 4217:2026,Rolling bearings -- Needle rollers -- Specification (Third Revision),hi,NOT_TRANSLATED,NEEDS_HUMAN_OR_MODEL_VALIDATION,AUXILIARY_ONLY
RV-V03-001012,MSV1-F4B20BE5754898D5,IS 19579:2026,"Rolling Bearings — Cast and Pressed Housings for Insert Bearings — Boundary Dimensions and Tolerances (ISO 3228 : 2013, MOD)",hi,NOT_TRANSLATED,NEEDS_HUMAN_OR_MODEL_VALIDATION,AUXILIARY_ONLY
RV-V03-001013,MSV1-7CD99FCBFD7A189D,IS 19661 (Part 1):2026,Safety Information for the Content of Piping Systems and Tanks : Part 1 Piping Systems,hi,NOT_TRANSLATED,NEEDS_HUMAN_OR_MODEL_VALIDATION,AUXILIARY_ONLY
RV-V03-001014,MSV1-2D5F94266BACC6BC,IS 19661 (Part 2):2026,Safety Information for the Content of Piping Systems and Tanks Part 2: Tanks,hi,NOT_TRANSLATED,NEEDS_HUMAN_OR_MODEL_VALIDATION,AUXILIARY_ONLY
RV-V03-001015,MSV1-C5D8A317200F30FB,IS 1966 (Part 3):2026,Textiles — Bursting Properties of Fabrics Part 3 Ball bursting method for determination of bursting strength and bursting distension,hi,NOT_TRANSLATED,NEEDS_HUMAN_OR_MODEL_VALIDATION,AUXILIARY_ONLY
RV-V03-001016,MSV1-E31F73A50C956EB6,IS 19601:2026,Robotics — Test methods for exoskeleton-type walking RACA robot,hi,NOT_TRANSLATED,NEEDS_HUMAN_OR_MODEL_VALIDATION,AUXILIARY_ONLY
RV-V03-001017,MSV1-C6A7421D9B3A9E61,IS 19508:2026,Selection of PPE for Waste Handling — Guidelines,hi,NOT_TRANSLATED,NEEDS_HUMAN_OR_MODEL_VALIDATION,AUXILIARY_ONLY
RV-V03-001018,MSV1-4A2145CF79D9C9AD,IS 840:2026,Cashewnut Shell Liquid CNSL - Specification,hi,NOT_TRANSLATED,NEEDS_HUMAN_OR_MODEL_VALIDATION,AUXILIARY_ONLY
RV-V03-001019,MSV1-3F226B2D25F8FFAA,IS 15205:2026,AUTO-OXIDATION HAIR DYES/COLOURS ― SPECIFICATION,hi,NOT_TRANSLATED,NEEDS_HUMAN_OR_MODEL_VALIDATION,AUXILIARY_ONLY
RV-V03-001020,MSV1-5F8C034A4D897B6B,IS 14482:2026,Irrigation Equipment - Polyethylene Micro Tubes for Drip Irrigation - Specification (First Revision),hi,NOT_TRANSLATED,NEEDS_HUMAN_OR_MODEL_VALIDATION,AUXILIARY_ONLY
RV-V03-001021,MSV1-B2308D2E8C057781,IS 15279:2026,SUGAR - METHODS OF TEST,hi,NOT_TRANSLATED,NEEDS_HUMAN_OR_MODEL_VALIDATION,AUXILIARY_ONLY
RV-V03-001022,MSV1-DB1BF60119582C5F,IS 14135:2026,CODE FOR HYGIENIC PRACTICES FOR PROCESSING AND HANDLING OF DEHYDRATED FRUITS AND VEGETABLES INCLUDING EDIBLE FUNGI,hi,NOT_TRANSLATED,NEEDS_HUMAN_OR_MODEL_VALIDATION,AUXILIARY_ONLY
RV-V03-001023,MSV1-BCE424133E16FE2B,IS 5832:2026,BLACK PEPPER OLEORESIN – SPECIFICATION,hi,NOT_TRANSLATED,NEEDS_HUMAN_OR_MODEL_VALIDATION,AUXILIARY_ONLY
RV-V03-001024,MSV1-632FAB450E9402CE,IS 7826:2026,GINGER OLEORESIN – SPECIFICATION,hi,NOT_TRANSLATED,NEEDS_HUMAN_OR_MODEL_VALIDATION,AUXILIARY_ONLY
RV-V03-001025,MSV1-AA75E0595955EF53,IS 10925:2026,TURMERIC OLEORESIN SPECIFICATION,hi,NOT_TRANSLATED,NEEDS_HUMAN_OR_MODEL_VALIDATION,AUXILIARY_ONLY
RV-V03-001026,MSV1-6A382FDF6C4BFA64,IS 13062:2026,Irrigation Equipment and Systems - Evaluation of Field Irrigation Efficiencies - Guidelines (First Revision),hi,NOT_TRANSLATED,NEEDS_HUMAN_OR_MODEL_VALIDATION,AUXILIARY_ONLY
RV-V03-001027,MSV1-E090677A75782DC2,IS 19432:2025,Dried dill — Specification,hi,NOT_TRANSLATED,NEEDS_HUMAN_OR_MODEL_VALIDATION,AUXILIARY_ONLY
RV-V03-001028,MSV1-C6736D16F67C5832,IS 19440:2025,Dried Parsley Petroselinum crispum Specification,hi,NOT_TRANSLATED,NEEDS_HUMAN_OR_MODEL_VALIDATION,AUXILIARY_ONLY
RV-V03-001029,MSV1-494748244E865810,IS 19576:2026,"Spices and condiments — Dried chive (Allium schoenoprasum L.), Cut and ground — Specification",hi,NOT_TRANSLATED,NEEDS_HUMAN_OR_MODEL_VALIDATION,AUXILIARY_ONLY
RV-V03-001030,MSV1-BE001B9134CD468E,IS 19439:2025,Spices and condiments Dried sumac Specification,hi,NOT_TRANSLATED,NEEDS_HUMAN_OR_MODEL_VALIDATION,AUXILIARY_ONLY
RV-V03-001031,MSV1-8BE2C076F3C69321,IS 19534:2025,Paper and board Determination of resistance to water penetration,hi,NOT_TRANSLATED,NEEDS_HUMAN_OR_MODEL_VALIDATION,AUXILIARY_ONLY
RV-V03-001032,MSV1-8267B69575351E02,IS 19530:2026,Paper and board Determination of compressive strength Ring crush method,hi,NOT_TRANSLATED,NEEDS_HUMAN_OR_MODEL_VALIDATION,AUXILIARY_ONLY
RV-V03-001033,MSV1-B29CB2AE26170834,IS 19527 (Part 1):2025,Paper and board Determination of grease resistance Part 1: Permeability test,hi,NOT_TRANSLATED,NEEDS_HUMAN_OR_MODEL_VALIDATION,AUXILIARY_ONLY
RV-V03-001034,MSV1-6F1542CD623240CE,IS 19608:2026,"Hot-rolled Carbon and Alloy Steel Plates, Sheets and Strips - Specification",hi,NOT_TRANSLATED,NEEDS_HUMAN_OR_MODEL_VALIDATION,AUXILIARY_ONLY
RV-V03-001035,MSV1-69E8E08E1DF6DFFF,IS 19584:2026,"Natural Gas Fuelling Stations — LNG Stations for Fuelling Vehicles (ISO 16924 : 2016, MOD)",hi,NOT_TRANSLATED,NEEDS_HUMAN_OR_MODEL_VALIDATION,AUXILIARY_ONLY
RV-V03-001036,MSV1-58B1250B4FC651EF,IS 1493 (Part 12):2026,Methods of chemical analysis of iron ores: Part 12 Determination of various elements — Inductively coupled plasma atomic emission spectrometric method,hi,NOT_TRANSLATED,NEEDS_HUMAN_OR_MODEL_VALIDATION,AUXILIARY_ONLY
RV-V03-001037,MSV1-150175E757DA92BF,IS 19605 (Part 1):2026,"Petroleum, petrochemical and natural gas industries — Axial and centrifugal compressors and expander compressors — Part 1: General requirements (Adoption of ISO 10439-1: 2015)",hi,NOT_TRANSLATED,NEEDS_HUMAN_OR_MODEL_VALIDATION,AUXILIARY_ONLY
RV-V03-001038,MSV1-AF2B254BD0D84805,IS 19605 (Part 2):2026,"Petroleum, petrochemical and natural gas industries — Axial and centrifugal compressors and expander compressors — Part 2: Non-integrally geared centrifugal and axial compressors. (Adoption of ISO 10439-2: 2015)",hi,NOT_TRANSLATED,NEEDS_HUMAN_OR_MODEL_VALIDATION,AUXILIARY_ONLY
RV-V03-001039,MSV1-D7992CCC431F0AE5,IS 19605 (Part 3):2026,"Petroleum, petrochemical and natural gas industries — Axial and centrifugal compressors and expander compressors — Part 3: Integrally geared centrifugal compressors (Adoption of ISO 10439-3: 2015)",hi,NOT_TRANSLATED,NEEDS_HUMAN_OR_MODEL_VALIDATION,AUXILIARY_ONLY
RV-V03-001040,MSV1-EA027ADDC3BB875A,IS 19605 (Part 4):2026,"Petroleum, petrochemical and natural gas industries — Axial and centrifugal compressors and expander compressors — Part 4: Expander-compressors (Adoption of ISO 10439-4: 2015)",hi,NOT_TRANSLATED,NEEDS_HUMAN_OR_MODEL_VALIDATION,AUXILIARY_ONLY
RV-V03-001041,MSV1-B4515ECE619EB668,IS 19604 (Part 1):2026,"Petroleum, petrochemical and natural gas industries — Rotary-type positive, displacement compressors — Part 1: Process compressors (Adoption of ISO 10440-1: 2007)",hi,NOT_TRANSLATED,NEEDS_HUMAN_OR_MODEL_VALIDATION,AUXILIARY_ONLY
RV-V03-001042,MSV1-5A215135CD40F70C,IS 19604 (Part 2):2026,Petroleum and natural gas industries — Rotary-type positive-displacement compressors — Part 2: Packaged air compressors (oil-free) (Adoption of ISO 10440-2: 2001),hi,NOT_TRANSLATED,NEEDS_HUMAN_OR_MODEL_VALIDATION,AUXILIARY_ONLY
RV-V03-001043,MSV1-A767F2F6316C0B01,IS 19549:2026,Acoustics — Noise Emitted by Machinery and Equipment — Determination of Emission Sound Pressure Levels at a Work Station and at other Specified Positions in an Essentially Free Field over a Reflecting Plane with Negligible Environmental Corrections,hi,NOT_TRANSLATED,NEEDS_HUMAN_OR_MODEL_VALIDATION,AUXILIARY_ONLY
RV-V03-001044,MSV1-168F1928C46BB19E,IS 19544 (Part 1):2026,Acoustics — Determination of Sound Power Levels and Sound Energy Levels of Noise Sources Using Sound Pressure — Engineering Methods for Small Movable Sources in Reverberant Fields Part 1 Comparison Method for a Hard-Walled Test Room,hi,NOT_TRANSLATED,NEEDS_HUMAN_OR_MODEL_VALIDATION,AUXILIARY_ONLY
RV-V03-001045,MSV1-5CEE3AF4D4FDE4EC,IS 19548:2026,Acoustics — Noise Emitted by Machinery and Equipment — Determination of Emission Sound Pressure Levels at a Work Station and at other Specified Positions from the Sound Power Level,hi,NOT_TRANSLATED,NEEDS_HUMAN_OR_MODEL_VALIDATION,AUXILIARY_ONLY
RV-V03-001046,MSV1-1BB55FA3BFB65382,IS 19547:2026,Acoustics — Noise Emitted by Machinery and Equipment — Determination of Emission Sound Pressure Levels at a Work Station and at other Specified Positions Applying Accurate Environmental Corrections,hi,NOT_TRANSLATED,NEEDS_HUMAN_OR_MODEL_VALIDATION,AUXILIARY_ONLY
RV-V03-001047,MSV1-755EA0131DF62A6A,IS 19545:2026,Acoustics — Noise Emitted by Machinery and Equipment — Engineering Method for the Determination of Emission Sound Pressure Levels in Situ at the Work Station and at other Specified Positions using Sound Intensity,hi,NOT_TRANSLATED,NEEDS_HUMAN_OR_MODEL_VALIDATION,AUXILIARY_ONLY
RV-V03-001048,MSV1-40B4D6862179A113,IS 19553:2026,Acoustics — Determination of Sound Power Levels and Sound Energy Levels of Noise Sources using Sound Pressure — Survey Method Using an Enveloping Measurement Surface over a Reflecting Plane,hi,NOT_TRANSLATED,NEEDS_HUMAN_OR_MODEL_VALIDATION,AUXILIARY_ONLY
RV-V03-001049,MSV1-79A143F3A7944811,IS 19552:2026,Acoustics — Determination of Sound Power Levels and Sound Energy Levels of Noise Sources using Sound Pressure — Engineering/Survey Methods for use in Situ in a Reverberant Environment,hi,NOT_TRANSLATED,NEEDS_HUMAN_OR_MODEL_VALIDATION,AUXILIARY_ONLY
RV-V03-001050,MSV1-2EC58DF180F72629,IS 2507:2026,Cold-reduced carbon and alloy steel sheets and strips - Specification,hi,NOT_TRANSLATED,NEEDS_HUMAN_OR_MODEL_VALIDATION,AUXILIARY_ONLY
RV-V03-001051,MSV1-FF276AAD50D08732,IS 19617:2026,Dentistry Pre-capsulated Dental Amalgam,hi,NOT_TRANSLATED,NEEDS_HUMAN_OR_MODEL_VALIDATION,AUXILIARY_ONLY
RV-V03-001052,MSV1-C302DCDD2FA9E33C,IS 19495:2026,Dentistry Mandrels for Rotary Instruments,hi,NOT_TRANSLATED,NEEDS_HUMAN_OR_MODEL_VALIDATION,AUXILIARY_ONLY
RV-V03-001053,MSV1-17362F3D02C198CD,IS 19619 (Part 1):2026,Dentistry Portable Dental Equipment for use in NonPermanent Healthcare Environment Part 1 General Requirements,hi,NOT_TRANSLATED,NEEDS_HUMAN_OR_MODEL_VALIDATION,AUXILIARY_ONLY
RV-V03-001054,MSV1-C4B0E1A904F9794B,IS 19619 (Part 3):2026,Dentistry Portable Dental Equipment for use in NonPermanent Healthcare Environment Part 3 Portable Suction Equipment,hi,NOT_TRANSLATED,NEEDS_HUMAN_OR_MODEL_VALIDATION,AUXILIARY_ONLY
RV-V03-001055,MSV1-F9E1929E63837621,IS 19620:2026,Dentistry Physical Properties of Powered Toothbrushes,hi,NOT_TRANSLATED,NEEDS_HUMAN_OR_MODEL_VALIDATION,AUXILIARY_ONLY
RV-V03-001056,MSV1-A3142E9F72BED312,IS 19616:2026,Dentistry Screw Loosening Test Using Cyclic Torsional Loading for Implant BodyImplant Abutment Connection of Endosseous Dental Implants,hi,NOT_TRANSLATED,NEEDS_HUMAN_OR_MODEL_VALIDATION,AUXILIARY_ONLY
RV-V03-001057,MSV1-5FC09869B61A0559,IS 19506:2026,Statistical methods Six Sigma Basic criteria underlying benchmarking for Six Sigma in organisations,hi,NOT_TRANSLATED,NEEDS_HUMAN_OR_MODEL_VALIDATION,AUXILIARY_ONLY
RV-V03-001058,MSV1-B801B53C437F50DE,IS 19507:2026,Quantitative Methods in Process Improvement - Six Sigma - Competencies for Key Personnel and their Organizations in relation to Six Sigma and Lean Implementation,hi,NOT_TRANSLATED,NEEDS_HUMAN_OR_MODEL_VALIDATION,AUXILIARY_ONLY
RV-V03-001059,MSV1-E1C61201B0966E37,IS 18875 (Part 10471):2026,Health Informatics — Device Interoperability Part 10471 Personal Health Device Communication — Device Specialization — Independent Living Activity Hub,hi,NOT_TRANSLATED,NEEDS_HUMAN_OR_MODEL_VALIDATION,AUXILIARY_ONLY
RV-V03-001060,MSV1-050B4BF5C602EF32,IS 19421:2026,Genomics Informatics — Data Elements and their Metadata for Describing the Microsatellite Instability (MSI) Information of Clinical Massive Parallel DNA Sequencing,hi,NOT_TRANSLATED,NEEDS_HUMAN_OR_MODEL_VALIDATION,AUXILIARY_ONLY
RV-V03-001061,MSV1-0D7CBD56421CC2AA,IS 19633:2026,Sustainable tourism Indicators for organizations in the tourism value chain Requirements and guidance for use,hi,NOT_TRANSLATED,NEEDS_HUMAN_OR_MODEL_VALIDATION,AUXILIARY_ONLY
RV-V03-001062,MSV1-E2E1502346FADB5C,IS 19453:2025,Ophthalmic optics Spectacle frames Screw threads,hi,NOT_TRANSLATED,NEEDS_HUMAN_OR_MODEL_VALIDATION,AUXILIARY_ONLY
RV-V03-001063,MSV1-4764B0C8D47A04AF,IS 19477 (Part 3):2026,Dentistry Dental Furnace Part 3 Test method for the evaluation of high temperature sintering furnace measurement with a separate thermocouple,hi,NOT_TRANSLATED,NEEDS_HUMAN_OR_MODEL_VALIDATION,AUXILIARY_ONLY
RV-V03-001064,MSV1-7005BF57991C3CF9,IS 18875 (Part 10472):2026,Health Informatics — Device Interoperability Part 10472 Personal Health Device Communication — Device Specialization — Medication Monitor,hi,NOT_TRANSLATED,NEEDS_HUMAN_OR_MODEL_VALIDATION,AUXILIARY_ONLY
RV-V03-001065,MSV1-4165531C62A5C2A7,IS 19435:2026,Genomics Informatics — Data Elements and their Metadata for Describing the Tumor Mutation Burden (TMB) Information of Clinical Massive Parallel DNA Sequencing,hi,NOT_TRANSLATED,NEEDS_HUMAN_OR_MODEL_VALIDATION,AUXILIARY_ONLY
RV-V03-001066,MSV1-7611CC7139AA670B,IS ISO 6204:2024,Health Informatics — Categorial Structures for Representation of Ayurvedic Medicinal Water — Decocting Process in Ayurveda,hi,NOT_TRANSLATED,NEEDS_HUMAN_OR_MODEL_VALIDATION,AUXILIARY_ONLY
RV-V03-001067,MSV1-BE20456F05F314EF,IS 19482:2026,Genomics Informatics — Omics Markup Language (OML),hi,NOT_TRANSLATED,NEEDS_HUMAN_OR_MODEL_VALIDATION,AUXILIARY_ONLY
RV-V03-001068,MSV1-5C80EEF07B10E466,IS 18867 (Part 4):2026,Health Informatics — Medical Waveform Format Part 4 Stress Test Electrocardiography,hi,NOT_TRANSLATED,NEEDS_HUMAN_OR_MODEL_VALIDATION,AUXILIARY_ONLY
RV-V03-001069,MSV1-DA74D52DF2D73B2B,IS 19503:2026,Implants for Surgery Determination of Impact Resistance of Ceramic Femoral Heads for Hip Joint Prostheses,hi,NOT_TRANSLATED,NEEDS_HUMAN_OR_MODEL_VALIDATION,AUXILIARY_ONLY
RV-V03-001070,MSV1-B8475AA9F99C6DCC,IS 19504:2026,Implants for Surgery Mechanical Testing of Implantable Spinal Devices Fatigue Test Method for Spinal Implant Assemblies Using an Anterior Support,hi,NOT_TRANSLATED,NEEDS_HUMAN_OR_MODEL_VALIDATION,AUXILIARY_ONLY
RV-V03-001071,MSV1-FDAC7C14FAD055C1,IS 19491:2026,Implants for Surgery Test Solutions and Environmental Conditions for Static and Dynamic Corrosion Tests on Implantable Materials and Medical Devices,hi,NOT_TRANSLATED,NEEDS_HUMAN_OR_MODEL_VALIDATION,AUXILIARY_ONLY
RV-V03-001072,MSV1-6EB7526DB7684150,IS 19502:2026,Implants for Surgery Measurements of Open-circuit Potential to Assess Corrosion Behaviour of Metallic Implantable Materials and Medical Devices Over Extended Time Periods,hi,NOT_TRANSLATED,NEEDS_HUMAN_OR_MODEL_VALIDATION,AUXILIARY_ONLY
RV-V03-001073,MSV1-2C8AC8B4F263C6DA,IS 19492 (Part 1):2025,Implants for Surgery - Wear of Total Intervertebral Spinal Disc Prostheses Part 1 Loading and Displacement Parameters for Wear Testing and Corresponding Environmental Conditions for Test,hi,NOT_TRANSLATED,NEEDS_HUMAN_OR_MODEL_VALIDATION,AUXILIARY_ONLY
RV-V03-001074,MSV1-98F9BE0A660D2D41,IS 19501 (Part 1):2026,Implants for Surgery Orthopaedic Joint Prosthesis Part 1 Procedure for Producing Parametric 3D Bone Models from CT Data of the Knee,hi,NOT_TRANSLATED,NEEDS_HUMAN_OR_MODEL_VALIDATION,AUXILIARY_ONLY
RV-V03-001075,MSV1-4868B12CFA2B05C4,IS 19499:2026,Implants for Surgery Metallic Materials Classification of Microstructures for AlphaBeta Titanium Alloy Bars,hi,NOT_TRANSLATED,NEEDS_HUMAN_OR_MODEL_VALIDATION,AUXILIARY_ONLY
RV-V03-001076,MSV1-A115761F6E5FC557,IS 19500:2026,Implants for Surgery Wear of Total Ankle-Joint Prostheses Loading and Displacement Parameters for Wear-Testing Machines with Load or Displacement Control and Corresponding Environmental Conditions for Test,hi,NOT_TRANSLATED,NEEDS_HUMAN_OR_MODEL_VALIDATION,AUXILIARY_ONLY
RV-V03-001077,MSV1-5D9300AE919503E6,IS 17798:2026,Genomics Informatics — Data Elements and their Metadata for Describing Structured Clinical Genomic Sequence Information in Electronic Health Records (First Revision),hi,NOT_TRANSLATED,NEEDS_HUMAN_OR_MODEL_VALIDATION,AUXILIARY_ONLY
RV-V03-001078,MSV1-744CA2B91793F4DB,IS 18875 (Part 10425):2026,Health Informatics — Device Interoperability Part 10425 Personal Health Device Communication — Device Specialization — Continuous Glucose Monitor (CGM) (First Revision),hi,NOT_TRANSLATED,NEEDS_HUMAN_OR_MODEL_VALIDATION,AUXILIARY_ONLY
RV-V03-001079,MSV1-0B79375C3F947381,IS 62680 (Part 4):2022,Universal Serial Bus Interfaces for Data and Power - Part 4-1: Universal Serial Bus 4 Specification,hi,NOT_TRANSLATED,NEEDS_HUMAN_OR_MODEL_VALIDATION,AUXILIARY_ONLY
RV-V03-001080,MSV1-CAF82A75786DDA69,IS/ISO 55011:2024,Asset management Guidance for the development of public policy to enable asset management,hi,NOT_TRANSLATED,NEEDS_HUMAN_OR_MODEL_VALIDATION,AUXILIARY_ONLY
RV-V03-001081,MSV1-42B10F35670774B0,IS/ISO 55012:2024,Asset management Guidance on people involvement and competence,hi,NOT_TRANSLATED,NEEDS_HUMAN_OR_MODEL_VALIDATION,AUXILIARY_ONLY
RV-V03-001082,MSV1-BE4F6D5762D3A4A4,IS/ISO/IEC 22123 (Part 2):2023,Information technology Cloud computing Part 2: Concepts,hi,NOT_TRANSLATED,NEEDS_HUMAN_OR_MODEL_VALIDATION,AUXILIARY_ONLY
RV-V03-001083,MSV1-301E1828E2C497D0,IS 63240 (Part 1):2026,Active Assisted Living AAL Reference Architecture and Architecture Model Part 1: Reference Architecture,hi,NOT_TRANSLATED,NEEDS_HUMAN_OR_MODEL_VALIDATION,AUXILIARY_ONLY
RV-V03-001084,MSV1-7D731DE5A1F7B095,IS/IEC 63240 (Part 2):2020,Active Assisted Living AAL Reference Architecture and Architecture Model Part 2: Architecture Model,hi,NOT_TRANSLATED,NEEDS_HUMAN_OR_MODEL_VALIDATION,AUXILIARY_ONLY
RV-V03-001085,MSV1-86B6330CAED6800D,IS 63416:2026,Ethical Considerations of Artificial Intelligence AI When Applied in the Active Assisted Living AAL Context,hi,NOT_TRANSLATED,NEEDS_HUMAN_OR_MODEL_VALIDATION,AUXILIARY_ONLY
RV-V03-001086,MSV1-D6662D0093CEE5B2,IS/ISO/IEC 30134 (Part 7):2023,Information technology — Data centres key performance indicators — Part 7: Cooling efficiency ratio (CER),hi,NOT_TRANSLATED,NEEDS_HUMAN_OR_MODEL_VALIDATION,AUXILIARY_ONLY
RV-V03-001087,MSV1-AF5B95ECF37D0E71,IS/ISO/TS 55010:2024,Asset management - Guidance on the alignment of financial and non-financial functions in asset management (First Revision),hi,NOT_TRANSLATED,NEEDS_HUMAN_OR_MODEL_VALIDATION,AUXILIARY_ONLY
RV-V03-001088,MSV1-62F9B858CEA8C728,IEC 61196 (Part 1/Sec 105):2026,Coaxial Communication Cables Part 1- Electrical Test Methods Section 105 Test for Withstand Voltage of Cable Dielectric First Revision,hi,NOT_TRANSLATED,NEEDS_HUMAN_OR_MODEL_VALIDATION,AUXILIARY_ONLY
RV-V03-001089,MSV1-08541AE68ED2A565,IS/IEC 60793 (Part 1/Sec 46):2024,Optical fibres: Part 1 measurement methods and test procedures: Sec 46 monitoring of changes in optical transmittance first Revision,hi,NOT_TRANSLATED,NEEDS_HUMAN_OR_MODEL_VALIDATION,AUXILIARY_ONLY
RV-V03-001090,MSV1-C9D83517DCA44DB5,IS/IEC 60793 (Part 1/Sec 45):2024,Optical Fibres Part 1 Measurement Methods and Test Procedures Section 45 Mode field diameter Second Revision,hi,NOT_TRANSLATED,NEEDS_HUMAN_OR_MODEL_VALIDATION,AUXILIARY_ONLY
RV-V03-001091,MSV1-F6B7C5A4A8D2933B,IS/IEC 60793 (Part 1/Sec 44):2023,Optical fibres: Part 1 measurement methods and test procedures: Sec 44 cut - Off wavelength first Revision,hi,NOT_TRANSLATED,NEEDS_HUMAN_OR_MODEL_VALIDATION,AUXILIARY_ONLY
RV-V03-001092,MSV1-38E657DFFCD32CCB,IS 1251:2026,"Zinc phosphide, technical - Specification (fourth revision)",hi,NOT_TRANSLATED,NEEDS_HUMAN_OR_MODEL_VALIDATION,AUXILIARY_ONLY
RV-V03-001093,MSV1-C847B1546147F98A,IS 12004:2026,Isoproturon technical - Specification first revision,hi,NOT_TRANSLATED,NEEDS_HUMAN_OR_MODEL_VALIDATION,AUXILIARY_ONLY
RV-V03-001094,MSV1-DF46F52F4F9D6818,IS 7516:2026,Trap Nests for Poultry – Specification (First Revision),hi,NOT_TRANSLATED,NEEDS_HUMAN_OR_MODEL_VALIDATION,AUXILIARY_ONLY
RV-V03-001095,MSV1-B4F49C65757549DC,IS 1551:2026,Carbon Papers - Typewriters -Specification (Third Revision),hi,NOT_TRANSLATED,NEEDS_HUMAN_OR_MODEL_VALIDATION,AUXILIARY_ONLY
RV-V03-001096,MSV1-BAEF6B55EC268A38,IS 4395:2026,Inks and Allied Industry — Glossary of Terms,hi,NOT_TRANSLATED,NEEDS_HUMAN_OR_MODEL_VALIDATION,AUXILIARY_ONLY
RV-V03-001097,MSV1-ECACD538ED1D885E,IS 4737:2026,Chromite for Chemical Industries - Specification (Second Revision),hi,NOT_TRANSLATED,NEEDS_HUMAN_OR_MODEL_VALIDATION,AUXILIARY_ONLY
RV-V03-001098,MSV1-90F6EB305F5CAEB3,IS 5672:2026,Mineral mixtures for supplementing poultry feeds Specification ( Second Revision ),hi,NOT_TRANSLATED,NEEDS_HUMAN_OR_MODEL_VALIDATION,AUXILIARY_ONLY
RV-V03-001099,MSV1-4B29600AA059655B,IS 13329:2026,TRIADIMEFON WETTABLE POWDER WP SPECIFICATION first revision,hi,NOT_TRANSLATED,NEEDS_HUMAN_OR_MODEL_VALIDATION,AUXILIARY_ONLY
RV-V03-001100,MSV1-3368332549227E5A,IS 13330:2026,BITERTANOL TECHNICAL SPECIFICATION first revision,hi,NOT_TRANSLATED,NEEDS_HUMAN_OR_MODEL_VALIDATION,AUXILIARY_ONLY
RV-V03-001101,MSV1-38925AD37AAB4639,IS 13331:2026,BITERTANOL WETTABLE POWDER WP SPECIFICATION first revision,hi,NOT_TRANSLATED,NEEDS_HUMAN_OR_MODEL_VALIDATION,AUXILIARY_ONLY
RV-V03-001102,MSV1-7D49B3978E84876E,IS 13402:2026,ANILOPHOS TECHNICAL SPECIFICATION first revision,hi,NOT_TRANSLATED,NEEDS_HUMAN_OR_MODEL_VALIDATION,AUXILIARY_ONLY
RV-V03-001103,MSV1-20C9489A616DA393,IS 13800:2026,Shoe Sizes Method of Marking First Revision,hi,NOT_TRANSLATED,NEEDS_HUMAN_OR_MODEL_VALIDATION,AUXILIARY_ONLY
RV-V03-001104,MSV1-F52997B0B5895479,IS 15937:2026,Meat and meat products Determination of chloramphenicol content Reference method First Revision of IS 15937 Adoption of ISO 13493 : 2021,hi,NOT_TRANSLATED,NEEDS_HUMAN_OR_MODEL_VALIDATION,AUXILIARY_ONLY
RV-V03-001105,MSV1-753ED5FAFD3031C1,IS 19518:2026,Papta Desi Carica papaya L dried pericarp of fruits for use in Traditional Medicine Specification,hi,NOT_TRANSLATED,NEEDS_HUMAN_OR_MODEL_VALIDATION,AUXILIARY_ONLY
RV-V03-001106,MSV1-4C7C9E60D0AB5348,IS 17274 (Part 4):2026,"Respiratory Protective Devices — Methods of Test and Test Equipment Part 4 Determination of gas filter capacity and migration, desorption and carbon monoxide dynamic testing",hi,NOT_TRANSLATED,NEEDS_HUMAN_OR_MODEL_VALIDATION,AUXILIARY_ONLY
RV-V03-001107,MSV1-D5744052BF230FCB,IS 19420:2026,Personal Protective Equipment — Test Methods for Sunglasses and Related Eyewear,hi,NOT_TRANSLATED,NEEDS_HUMAN_OR_MODEL_VALIDATION,AUXILIARY_ONLY
RV-V03-001108,MSV1-953194F43F8FCAD1,IS 19517 (Part 1):2026,Eye and Face Protection — Sunglasses and Related Eyewear Part 1 Sunglasses for General Use,hi,NOT_TRANSLATED,NEEDS_HUMAN_OR_MODEL_VALIDATION,AUXILIARY_ONLY
RV-V03-001109,MSV1-E866C99335C53356,IS 19509:2026,Justicia adhatoda Hydro-alcoholic Extract for Use in Homoeopathy Specification,hi,NOT_TRANSLATED,NEEDS_HUMAN_OR_MODEL_VALIDATION,AUXILIARY_ONLY
RV-V03-001110,MSV1-0518AFC6A520AA6B,IS 1946 (Part 4):2026,"Fixing Devices in Walls, Ceilings and Floors of Solid Construction Part 4 Testing and Assessment of Post-Installed Mechanical Anchoring Systems ( First Revision )",hi,NOT_TRANSLATED,NEEDS_HUMAN_OR_MODEL_VALIDATION,AUXILIARY_ONLY
RV-V03-001111,MSV1-D8945DAE51128E3F,IS 6911:2026,"STAINLESS STEEL PLATE, SHEET AND STRIP - SPECIFICATION (Third revision)",hi,NOT_TRANSLATED,NEEDS_HUMAN_OR_MODEL_VALIDATION,AUXILIARY_ONLY
RV-V03-001112,MSV1-D60CBB83D78AE371,IS 17175 (Part 1):2026,Steel Measurement Method for the Evaluation of Hydrogen Embrittlement Resistance of High Strength Steels Part 1: Constant Load Test,hi,NOT_TRANSLATED,NEEDS_HUMAN_OR_MODEL_VALIDATION,AUXILIARY_ONLY
RV-V03-001113,MSV1-7E45D6F315F2E73E,IS 19558 (Part 1):2026,Energy Audits Part 1 General Requirements with Guidance for use (First Revision),hi,NOT_TRANSLATED,NEEDS_HUMAN_OR_MODEL_VALIDATION,AUXILIARY_ONLY
RV-V03-001114,MSV1-0E715450D2B5A8F2,IS 16656:2026,REFRIGERANTS — DESIGNATION AND SAFETY CLASSIFICATION ( First Revision of IS 16656 : 2017/ISO 817 : 2014 ),hi,NOT_TRANSLATED,NEEDS_HUMAN_OR_MODEL_VALIDATION,AUXILIARY_ONLY
RV-V03-001115,MSV1-E0F9033C7DBCB910,IS 16672 (Part 1):2026,REFRIGERATED DISPLAY CABINETS PART 1 VOCABULARY [ First Revision of IS 16672 (Part 1) : 2017/ISO 23953-1 : 2015] ( Adoption of ISO 23953-1 : 2023),hi,NOT_TRANSLATED,NEEDS_HUMAN_OR_MODEL_VALIDATION,AUXILIARY_ONLY
RV-V03-001116,MSV1-985383648064A339,IS 2062 (Part 2):2026,"Structural Steel - Part 2 - Hot Rolled Quenched and Tempered Steel Plates, Sheets, Strips and Wide Flats",hi,NOT_TRANSLATED,NEEDS_HUMAN_OR_MODEL_VALIDATION,AUXILIARY_ONLY
RV-V03-001117,MSV1-0B59BC2BB1AEEE5B,IS 19626:2026,Electrolytic Zinc-Nickel Alloy Coated Steel Sheet and Strip- Specification,hi,NOT_TRANSLATED,NEEDS_HUMAN_OR_MODEL_VALIDATION,AUXILIARY_ONLY
RV-V03-001118,MSV1-73BCA84A42A24AB4,IS 19571:2026,BUILDING CONSTRUCTION MACHINERY AND EQUIPMENT CONCRETE SPRAYING MACHINES TERMINOLOGY AND COMMERCIAL SPECIFICATIONS Adoption of ISO 21592,hi,NOT_TRANSLATED,NEEDS_HUMAN_OR_MODEL_VALIDATION,AUXILIARY_ONLY
RV-V03-001119,MSV1-CF47FE721FA5D165,IS 19569:2026,BUILDING CONSTRUCTION MACHINERY AND EQUIPMENT PEDESTRIAN-CONTROLLED VIBRATORY PLATES TERMINOLOGY AND COMMERCIAL SPECIFICATIONS Adoption of ISO 19433,hi,NOT_TRANSLATED,NEEDS_HUMAN_OR_MODEL_VALIDATION,AUXILIARY_ONLY
RV-V03-001120,MSV1-85636550788621FF,IS 19566 (Part 1):2026,BUILDING CONSTRUCTION MACHINERY AND EQUIPMENT CONCRETE PLACING SYSTEMS FOR STATIONARY EQUIPMENT PART 1 TERMINOLOGY AND COMMERCIAL SPECIFICATIONS Adoption of ISO 17740-1,hi,NOT_TRANSLATED,NEEDS_HUMAN_OR_MODEL_VALIDATION,AUXILIARY_ONLY
RV-V03-001121,MSV1-BC328CAB218C7A2B,IS 19558 (Part 3):2026,Energy Audits Part 3 Guidance for Conducting an Energy Audit using ISO 50002-1 in Processes,hi,NOT_TRANSLATED,NEEDS_HUMAN_OR_MODEL_VALIDATION,AUXILIARY_ONLY
RV-V03-001122,MSV1-D98D0299B59AB748,IS 19557:2026,Clean Cookstoves and Clean Cooking Solutions — Test Protocols for Institutional Cookstoves,hi,NOT_TRANSLATED,NEEDS_HUMAN_OR_MODEL_VALIDATION,AUXILIARY_ONLY
RV-V03-001123,MSV1-98EBCD0A359757DD,IS 19603:2026,"Petroleum, chemical and gas service industries — Packaged, integrally geared centrifugal air compressors (Adoption of ISO 10442: 2002)",hi,NOT_TRANSLATED,NEEDS_HUMAN_OR_MODEL_VALIDATION,AUXILIARY_ONLY
RV-V03-001124,MSV1-FB6DBD16D9ECF27B,IS 19551:2026,Acoustics — Noise Emitted by Machinery and Equipment — Determination of Emission Sound Pressure Levels at a Work Station and at other Specified Positions Applying Approximate Environmental Corrections,hi,NOT_TRANSLATED,NEEDS_HUMAN_OR_MODEL_VALIDATION,AUXILIARY_ONLY
RV-V03-001125,MSV1-F0055A0F68FDD912,IS 16502 (Part 5):2026,Safety of Machinery Electro-Sensitive Protective Equipment Part 5 Particular Requirements for Radar-Based Protective Devices,hi,NOT_TRANSLATED,NEEDS_HUMAN_OR_MODEL_VALIDATION,AUXILIARY_ONLY
RV-V03-001126,MSV1-4F29ACEAD092F139,IS 19598:2026,E-COMMERCE- PRINCIPLES AND GUIDELINES FOR SELF-GOVERNANCE,hi,NOT_TRANSLATED,NEEDS_HUMAN_OR_MODEL_VALIDATION,AUXILIARY_ONLY
RV-V03-001127,MSV1-4EFAE4DE38C2AF45,IS/ISO/IEC 5140:2024,Information technology Cloud computing Concepts for multi-cloud and the use of multiple cloud services,hi,NOT_TRANSLATED,NEEDS_HUMAN_OR_MODEL_VALIDATION,AUXILIARY_ONLY
RV-V03-001128,MSV1-C5E674F636C1DA84,IS 19621:2026,Dentistry Graphical Symbols for Dental Instruments,hi,NOT_TRANSLATED,NEEDS_HUMAN_OR_MODEL_VALIDATION,AUXILIARY_ONLY
RV-V03-001129,MSV1-294DAA007B4995A5,IS 18775 (Part 20701):2025,Health Informatics — Device Interoperability Part 20701 Point-of-Care Medical Device Communication — Service Oriented Medical Device Exchange Architecture and Protocol Binding,hi,NOT_TRANSLATED,NEEDS_HUMAN_OR_MODEL_VALIDATION,AUXILIARY_ONLY
RV-V03-001130,MSV1-0A84A0F70458436D,IS 18875 (Part 40102):2026,Health Informatics — Device Interoperability Part 40101 Foundational — Cybersecurity — Processes for Vulnerability Assessment,hi,NOT_TRANSLATED,NEEDS_HUMAN_OR_MODEL_VALIDATION,AUXILIARY_ONLY
RV-V03-001131,MSV1-1BF8B5BE10AD57C5,IS 18875 (Part 40102):2025,Health Informatics — Device Interoperability Part 40102 Foundational — Cybersecurity — Capabilities for Mitigation,hi,NOT_TRANSLATED,NEEDS_HUMAN_OR_MODEL_VALIDATION,AUXILIARY_ONLY
RV-V03-001132,MSV1-D90FFBE61B733AE7,IS 10467:2026,Sound System Equipment Listening Tests on Loudspeakers (First Revision),hi,NOT_TRANSLATED,NEEDS_HUMAN_OR_MODEL_VALIDATION,AUXILIARY_ONLY
RV-V03-001133,MSV1-5D8D5279A6C61703,IS 5155:2026,Medical Laboratory Glassware Ostwald-Folin Type Pipettes Specification First Revision,hi,NOT_TRANSLATED,NEEDS_HUMAN_OR_MODEL_VALIDATION,AUXILIARY_ONLY
RV-V03-001134,MSV1-6D5B0E1F9759EC1D,IS 6944:2026,Medical Laboratory Glassware — Bijou Bacteriological Bottle — Specification (First Revision),hi,NOT_TRANSLATED,NEEDS_HUMAN_OR_MODEL_VALIDATION,AUXILIARY_ONLY
RV-V03-001135,MSV1-BD8E99AA22CD0D1D,IS 16504 (Part 32):2026,Safety of Machinery - Electrical Equipment of Machines Part 32 Requirements for Hoisting Machines (First Revision),hi,NOT_TRANSLATED,NEEDS_HUMAN_OR_MODEL_VALIDATION,AUXILIARY_ONLY
RV-V03-001136,MSV1-561BEB9BA9CF018C,IS 17521:2026,Safety of Machinery Security Aspects Related to Functional Safety of Safety Related Control Systems (First Revision),hi,NOT_TRANSLATED,NEEDS_HUMAN_OR_MODEL_VALIDATION,AUXILIARY_ONLY
RV-V03-001137,MSV1-C5072671A8BCE975,IS 16784:2026,INSULATORS FOR OVERHEAD LINES COMPOSITE SUSPENSION AND TENSION INSULATORS WITH a.c. VOLTAGE GREATER THAN 1 000 V AND d.c. VOLTAGE GREATER THAN 1 500 V DEFINITIONS TEST METHODS AND ACCEPTANCE CRITERIA (First Revision),hi,NOT_TRANSLATED,NEEDS_HUMAN_OR_MODEL_VALIDATION,AUXILIARY_ONLY
RV-V03-001138,MSV1-0D9AF2D55367CCAD,IS/IEC 62820 (Part 1/Sec 2):2017,Building intercom systems Part 1-2: System requirements Building intercom systems using the internet protocol IP,hi,NOT_TRANSLATED,NEEDS_HUMAN_OR_MODEL_VALIDATION,AUXILIARY_ONLY
RV-V03-001139,MSV1-E80B563B00362FB5,IS/IEC 62820 (Part 3/Sec 1):2017,Building intercom systems Part 3-1: Application guidelines General,hi,NOT_TRANSLATED,NEEDS_HUMAN_OR_MODEL_VALIDATION,AUXILIARY_ONLY
RV-V03-001140,MSV1-8F8B9C586F4E5272,IS/IEC 62820 (Part 3/Sec 2):2018,Building intercom systems Part 3-2: Application guidelines Advanced security building intercom systems ASBIS,hi,NOT_TRANSLATED,NEEDS_HUMAN_OR_MODEL_VALIDATION,AUXILIARY_ONLY
RV-V03-001141,MSV1-C27F887FB984D511,IS 16910 (Part 5/Sec 1):2026,Video surveillance systems for use in security applications Part 5-1: Data specifications and image quality performance for camera devices Environmental test methods for image quality performance,hi,NOT_TRANSLATED,NEEDS_HUMAN_OR_MODEL_VALIDATION,AUXILIARY_ONLY
RV-V03-001142,MSV1-86216FDA606427B2,IS/IEC 62851 (Part 1):2014,Alarm and electronic security systems Social alarm systems Part 1: System requirements,hi,NOT_TRANSLATED,NEEDS_HUMAN_OR_MODEL_VALIDATION,AUXILIARY_ONLY
RV-V03-001143,MSV1-6A0C21E03FFC4D13,IS/IEC 62851 (Part 3):2014,Alarm and electronic security systems Social alarm systems Part 3: Local unit and controller,hi,NOT_TRANSLATED,NEEDS_HUMAN_OR_MODEL_VALIDATION,AUXILIARY_ONLY
RV-V03-001144,MSV1-B544ED0F37FC7977,IS 16910 (Part 2/Sec 33)2026,Video surveillance systems for use in security applications Part 2-33: Video transmission protocols Cloud uplink and remote management system access,hi,NOT_TRANSLATED,NEEDS_HUMAN_OR_MODEL_VALIDATION,AUXILIARY_ONLY
RV-V03-001145,MSV1-9CAAB83771FCC727,IS/IEC 62820 (Part 2):2017,Building intercom systems Part 2: System requirements Building intercom systems using the Internet Protocol IP,hi,NOT_TRANSLATED,NEEDS_HUMAN_OR_MODEL_VALIDATION,AUXILIARY_ONLY
RV-V03-001146,MSV1-24ABED3D718ABA51,IS 16910 (Part 2/Sec 11)2026,Video Surveillance Systems VSS for use in security applications - Part 2-11: Video transmission protocols - Interop profiles for VMS and cloud VSaaS systems for safe cities and law enforcement,hi,NOT_TRANSLATED,NEEDS_HUMAN_OR_MODEL_VALIDATION,AUXILIARY_ONLY
RV-V03-001147,MSV1-F04CB376049ECC23,IS/IEC 62851 (Part 2):2014,Alarm and electronic security systems - Social alarm systems - Part 2: Trigger devices,hi,NOT_TRANSLATED,NEEDS_HUMAN_OR_MODEL_VALIDATION,AUXILIARY_ONLY
RV-V03-001148,MSV1-977650DB8FAA6CD1,IS/IEC 62851 (Part 5):2014,Alarm and electronic security systems Social alarm systems Part 5: Interconnections and communications,hi,NOT_TRANSLATED,NEEDS_HUMAN_OR_MODEL_VALIDATION,AUXILIARY_ONLY
RV-V03-001149,MSV1-DA0D920D22EFCB9D,IS/ISO/IEC 11801 (Part 9910):2020,Information technology Generic cabling systems for customer premises Part 9910: Specifications for modular plug terminated link cabling,hi,NOT_TRANSLATED,NEEDS_HUMAN_OR_MODEL_VALIDATION,AUXILIARY_ONLY
RV-V03-001150,MSV1-1F108F633F95A430,IS/ISO/IEC 11801 (Part 6):2017,Information technology Generic cabling for customer premises Part 6: Distributed building services,hi,NOT_TRANSLATED,NEEDS_HUMAN_OR_MODEL_VALIDATION,AUXILIARY_ONLY
RV-V03-001151,MSV1-6A124B39D24DBB09,IS/ISO/IEC 11801 (Part 9909):2020,Information technology Generic cabling systems for customer premises Part 9909: Evaluation of balanced cabling in support of 25 Gbits for reach greater than 30 metres,hi,NOT_TRANSLATED,NEEDS_HUMAN_OR_MODEL_VALIDATION,AUXILIARY_ONLY
RV-V03-001152,MSV1-9F19051F0974B2EA,IS 17798 (Part 3):2025,Cable Networks for Television Signals Sound Signals and Interactive Services - Part 3: Active Wideband Equipment for Cable Networks,hi,NOT_TRANSLATED,NEEDS_HUMAN_OR_MODEL_VALIDATION,AUXILIARY_ONLY
RV-V03-001153,MSV1-508C419920CEB167,IS 14231 (Part 4):2026,Cable Networks for Television Signals Sound Signals and Interactive Services -Part 4: Passive Wideband Equipment for Coaxial Cable Networks First Revision,hi,NOT_TRANSLATED,NEEDS_HUMAN_OR_MODEL_VALIDATION,AUXILIARY_ONLY
RV-V03-001154,MSV1-F9345ADCD1C43C11,IS 2264:2026,Acoustics - Preferred frequencies (First Revision),hi,NOT_TRANSLATED,NEEDS_HUMAN_OR_MODEL_VALIDATION,AUXILIARY_ONLY
RV-V03-001155,MSV1-ACE8B1A9505D7F27,IS 7709:2026,Underwater acoustics - Hydrophones – Properties of hydrophones in the frequency range 1 Hz to 500 kHz (First Revision),hi,NOT_TRANSLATED,NEEDS_HUMAN_OR_MODEL_VALIDATION,AUXILIARY_ONLY
RV-V03-001156,MSV1-A93AE222567640FA,IS 14231 (Part 5):2026,Cable Networks for Television Signals Sound Signals and Interactive Services - Part 5: Headend Equipment First Revision,hi,NOT_TRANSLATED,NEEDS_HUMAN_OR_MODEL_VALIDATION,AUXILIARY_ONLY
RV-V03-001157,MSV1-2A2D4C7AD5417E46,IS 8159:2026,Scales and Sizes for Plotting Frequency Characteristics and Polar Diagrams(Second Revision),hi,NOT_TRANSLATED,NEEDS_HUMAN_OR_MODEL_VALIDATION,AUXILIARY_ONLY
RV-V03-001158,MSV1-B26A6DF349D397B9,IS 14231 (Part 7):2026,Cable Networks for Television Signals Sound Signals and Interactive Services - Part 7: Electromagnetic Compatibility of Systems First Revision,hi,NOT_TRANSLATED,NEEDS_HUMAN_OR_MODEL_VALIDATION,AUXILIARY_ONLY
RV-V03-001159,MSV1-D00A8B044088E37D,IS 14231 (Part 1):2026,Cable networks for television signals sound signals and interactive services Part 1: System performance of forward paths First Revision,hi,NOT_TRANSLATED,NEEDS_HUMAN_OR_MODEL_VALIDATION,AUXILIARY_ONLY
RV-V03-001160,MSV1-179935837B8C97CD,IS/IEC 60118 (Part 12):1996,Hearing aids - Dimensions of electrical connecter systems (Second Revision),hi,NOT_TRANSLATED,NEEDS_HUMAN_OR_MODEL_VALIDATION,AUXILIARY_ONLY
RV-V03-001161,MSV1-CBCF2842A8C9908E,IS 60118 (Part 9):2019,Electroacoustics - Hearing Aids - Part 9: Methods of Measurement of The Performance Characteristics of Bone Conduction Hearing Aids First Revision,hi,NOT_TRANSLATED,NEEDS_HUMAN_OR_MODEL_VALIDATION,AUXILIARY_ONLY
RV-V03-001162,MSV1-E5CD245E553AD4D5,IS/IEC 60318 (Part 6):2007,Electroacoustics Simulators of Human Head and Ear Part 6: Mechanical Coupler for The Measurement of Bone Vibrators First Revision,hi,NOT_TRANSLATED,NEEDS_HUMAN_OR_MODEL_VALIDATION,AUXILIARY_ONLY
RV-V03-001163,MSV1-D75B43E1125344FA,IS 389 (Part 3):2016,Acoustics Reference Zero for The Calibration of Audiometric Equipment Part 3: Reference Equivalent Threshold Vibratory Force Levels For Pure Tones and Bone Vibrators,hi,NOT_TRANSLATED,NEEDS_HUMAN_OR_MODEL_VALIDATION,AUXILIARY_ONLY
RV-V03-001164,MSV1-76CCA987ECB1ED9F,IS/IEC 60793 (Part 1/Sec 41):2024,Optical fibres Part 1 Measurement Methods and Test Procedures Section 41 Bandwidth first Revision,hi,NOT_TRANSLATED,NEEDS_HUMAN_OR_MODEL_VALIDATION,AUXILIARY_ONLY
RV-V03-001165,MSV1-F3DE7ED18509B966,IS/IEC 60793 (Part 1/Sec 34):2021,Optical fibres Optical fibres: Part 1 measurement methods and test procedures: Sec 34 fibre curl first Revision,hi,NOT_TRANSLATED,NEEDS_HUMAN_OR_MODEL_VALIDATION,AUXILIARY_ONLY
RV-V03-001166,MSV1-6C90D41CA299EC6A,IS/IEC 60793 (Part 1/Sec 32):2018,Optical fibres: Part 1 measurement methods and test procedures: Sec 32 coating strippability first Revision,hi,NOT_TRANSLATED,NEEDS_HUMAN_OR_MODEL_VALIDATION,AUXILIARY_ONLY
RV-V03-001167,MSV1-5935CB0719E22D17,IS/IEC 60793 (Part 1/Sec 31):2019,Optical fibres: Part 1 measurement methods and test procedures: Sec 31 tensile strength First Revision,hi,NOT_TRANSLATED,NEEDS_HUMAN_OR_MODEL_VALIDATION,AUXILIARY_ONLY
RV-V03-001168,MSV1-A18B44F5E280A940,IS 9989 (Part 2):2025,Acoustics Description Measurement and Assessment of Environmental Noise Part 2: Determination of Sound Pressure Levels,hi,NOT_TRANSLATED,NEEDS_HUMAN_OR_MODEL_VALIDATION,AUXILIARY_ONLY
RV-V03-001169,MSV1-30ABF6B1C4E341D8,IS 1996 (Part 1):2016,Acoustics Description Measurement and Assessment of Environmental Noise Part 1: Basic Quantities and Assessment Procedures,hi,NOT_TRANSLATED,NEEDS_HUMAN_OR_MODEL_VALIDATION,AUXILIARY_ONLY
RV-V03-001170,MSV1-3542EA3F513AB34C,IS/IEC 60461:2021,Time and control code,hi,NOT_TRANSLATED,NEEDS_HUMAN_OR_MODEL_VALIDATION,AUXILIARY_ONLY
RV-V03-001171,MSV1-B0507743A6428CD4,IS 19479:2026,Sterile Blades for Ophthalmic Microsurgeries for Single Use-Requirements and Test Methods,hi,NOT_TRANSLATED,NEEDS_HUMAN_OR_MODEL_VALIDATION,AUXILIARY_ONLY
RV-V03-001172,MSV1-89B82BFB75FA5792,IS 18489 (Part 2):2026,Dentistry Digital Impression Devices Part 2 Methods for Assessing Accuracy for Implanted Devices,hi,NOT_TRANSLATED,NEEDS_HUMAN_OR_MODEL_VALIDATION,AUXILIARY_ONLY
RV-V03-001173,MSV1-A44533B7A86FF21F,IS 8152:2026,Method of measurement of speed fluctuations in sound recording and reproducing equipment First Revision,hi,NOT_TRANSLATED,NEEDS_HUMAN_OR_MODEL_VALIDATION,AUXILIARY_ONLY
RV-V03-001174,MSV1-4F9DC8D85BC3ED0A,IS/ISO/IEC 14496 (Part 12):2022,Information Technology Coding of Audio-Visual Objects Part 12: ISO Base Media File Format,hi,NOT_TRANSLATED,NEEDS_HUMAN_OR_MODEL_VALIDATION,AUXILIARY_ONLY
RV-V03-001175,MSV1-26B4524C24EDE1B6,IS 2254:2026,Dimensions of vertical shaft motors for pumps,hi,NOT_TRANSLATED,NEEDS_HUMAN_OR_MODEL_VALIDATION,AUXILIARY_ONLY
RV-V03-001176,MSV1-FCE1ABFB03A1D6AE,IS/IEC 60875 (Part 1):2024,Fibre optic interconnecting devices and passive components Non-wavelength-selective fibre optic branching devices Part 1: Generic specification First Revision,hi,NOT_TRANSLATED,NEEDS_HUMAN_OR_MODEL_VALIDATION,AUXILIARY_ONLY
RV-V03-001177,MSV1-C4D7D29660D33BF1,IS/ISO/IEC 19790:2025,Information Security Cybersecurity and Privacy Protection Security Requirements For Cryptographic Modules First Revision,hi,NOT_TRANSLATED,NEEDS_HUMAN_OR_MODEL_VALIDATION,AUXILIARY_ONLY
RV-V03-001178,MSV1-95EF888C0C25C83E,IS 19526:2026,Digital Platform Conformity Assessment,hi,NOT_TRANSLATED,NEEDS_HUMAN_OR_MODEL_VALIDATION,AUXILIARY_ONLY
RV-V03-001179,MSV1-8A8E737882B237CA,IS/ISO/IEC 27035 (Part 4):2024,Information Technology Information Security Incident Management Part 4: Coordination,hi,NOT_TRANSLATED,NEEDS_HUMAN_OR_MODEL_VALIDATION,AUXILIARY_ONLY
RV-V03-001180,MSV1-EAA1A12BFA992DCF,IS 19541:2026,EARTH-MOVING MACHINERY HYDRAULIC BREAKERS TERMINOLOGY AND COMMERCIAL SPECIFICATIONS,hi,NOT_TRANSLATED,NEEDS_HUMAN_OR_MODEL_VALIDATION,AUXILIARY_ONLY
RV-V03-001181,MSV1-CB75D22EB48A2549,IS 19563:2026,Jewellery and precious metals Determination of high purity gold silver platinum and palladium Difference method using SPARK-OES,hi,NOT_TRANSLATED,NEEDS_HUMAN_OR_MODEL_VALIDATION,AUXILIARY_ONLY
RV-V03-001182,MSV1-988717EB148452D9,IS 19565 (Part 2):2026,BUILDING CONSTRUCTION MACHINERY AND EQUIPMENT TRUCK MIXERS PART 2 SAFETY REQUIREMENTS Adoption of ISO 19711-2,hi,NOT_TRANSLATED,NEEDS_HUMAN_OR_MODEL_VALIDATION,AUXILIARY_ONLY
RV-V03-001183,MSV1-996FDC01FCA4280F,IS 19570 (Part 1):2026,BUILDING CONSTRUCTION MACHINERY AND EQUIPMENT PLANTS FOR THE PREPARATION OF CONCRETE AND MORTAR PART 1 TERMINOLOGY AND COMMERCIAL SPECIFICATIONS Adoption of ISO 19720-1,hi,NOT_TRANSLATED,NEEDS_HUMAN_OR_MODEL_VALIDATION,AUXILIARY_ONLY
RV-V03-001184,MSV1-2983874B08754C2E,IS 19573:2026,ROAD CONSTRUCTION AND MAINTENANCE EQUIPMENT CHIPPINGS SPREADERS TERMINOLOGY AND COMMERCIAL SPECIFICATIONS Adoption of ISO 15644,hi,NOT_TRANSLATED,NEEDS_HUMAN_OR_MODEL_VALIDATION,AUXILIARY_ONLY
RV-V03-001185,MSV1-AE91DE9DEF9B6CB5,IS 19574:2026,ROAD CONSTRUCTION AND MAINTENANCE EQUIPMENT POWDER BINDER SPREADERS TERMINOLOGY AND COMMERCIAL SPECIFICATION Adoption of ISO 15689,hi,NOT_TRANSLATED,NEEDS_HUMAN_OR_MODEL_VALIDATION,AUXILIARY_ONLY
RV-V03-001186,MSV1-8372F0AFFE1EDA34,IS 19572:2026,DRILLING AND FOUNDATION MACHINERY HORIZONTAL DIRECTIONAL DRILLING HDD MACHINES COMMERCIAL SPECIFICATIONS Adoption of ISO 21467,hi,NOT_TRANSLATED,NEEDS_HUMAN_OR_MODEL_VALIDATION,AUXILIARY_ONLY
RV-V03-001187,MSV1-DA5D35D59B3A89E5,IS 19565 (Part 1):2026,BUILDING CONSTRUCTION MACHINERY AND EQUIPMENT TRUCK MIXERS PART 1 TERMINOLOGY AND COMMERCIAL SPECIFICATIONS Adoption of ISO 19711-1,hi,NOT_TRANSLATED,NEEDS_HUMAN_OR_MODEL_VALIDATION,AUXILIARY_ONLY
RV-V03-001188,MSV1-13A37DEFFC4A8D4A,IS 9999:2026,Specification and Safety Requirements for Diesel Locomotives used in Mines,hi,NOT_TRANSLATED,NEEDS_HUMAN_OR_MODEL_VALIDATION,AUXILIARY_ONLY
RV-V03-001189,MSV1-AB4A8A3DC5FE122F,IS 1943:2026,Textiles — A — Twill Jute Bags — Specification ( Third Revision ),hi,NOT_TRANSLATED,NEEDS_HUMAN_OR_MODEL_VALIDATION,AUXILIARY_ONLY
RV-V03-001190,MSV1-C6E0E12A2134AEEB,IS 2566:2026,Textiles BTwill Jute Bags for Packing Food grains Specification,hi,NOT_TRANSLATED,NEEDS_HUMAN_OR_MODEL_VALIDATION,AUXILIARY_ONLY
RV-V03-001191,MSV1-107A0235696AC684,IS 3667:2026,Textiles — B — Twill Jute Cloth — Specification,hi,NOT_TRANSLATED,NEEDS_HUMAN_OR_MODEL_VALIDATION,AUXILIARY_ONLY
RV-V03-001192,MSV1-C27B9053B32F7C17,IS 17623:2026,Water reuse Vocabulary First Revision,hi,NOT_TRANSLATED,NEEDS_HUMAN_OR_MODEL_VALIDATION,AUXILIARY_ONLY
RV-V03-001193,MSV1-8A2B1BB926743F92,IS 13323:2026,"Pliers and nippers — Slip joint pliers — Dimensions and test values (ISO 9343 : 2021, MOD) ( Second Revision )",hi,NOT_TRANSLATED,NEEDS_HUMAN_OR_MODEL_VALIDATION,AUXILIARY_ONLY
RV-V03-001194,MSV1-1EAE7F4A95F49168,IS 18507:2026,Drywall screws — Specification (first revision),hi,NOT_TRANSLATED,NEEDS_HUMAN_OR_MODEL_VALIDATION,AUXILIARY_ONLY
RV-V03-001195,MSV1-E3AEA4F6FCB2D208,IS 3082:2026,Assembly Tools for Screws and Nuts — Hexagon Socket Screw Keys ( Fourth) Revision ),hi,NOT_TRANSLATED,NEEDS_HUMAN_OR_MODEL_VALIDATION,AUXILIARY_ONLY
RV-V03-001196,MSV1-51352396E5738078,IS 18554:2026,Textile floor coverings - Water impermeability test (first revision),hi,NOT_TRANSLATED,NEEDS_HUMAN_OR_MODEL_VALIDATION,AUXILIARY_ONLY
RV-V03-001197,MSV1-97D7B2E37BCAE515,IS 11205:2026,Textile floor coverings — Vocabulary (Second Revision),hi,NOT_TRANSLATED,NEEDS_HUMAN_OR_MODEL_VALIDATION,AUXILIARY_ONLY
RV-V03-001198,MSV1-BA921BABBFA96F15,IS 15891 (Part 6):2026,"Nonwovens — Test Methods Part 6 Absorption (First Revision) (ISO 9073 – 6 : 2025, MOD)",hi,NOT_TRANSLATED,NEEDS_HUMAN_OR_MODEL_VALIDATION,AUXILIARY_ONLY
RV-V03-001199,MSV1-837B5D3994F98EC8,IS 15891 (Part 7):2026,"Nonwovens — Test Methods Part 7 Determination of Bending Length (First Revision) (ISO 9073 – 7 : 2025, MOD)",hi,NOT_TRANSLATED,NEEDS_HUMAN_OR_MODEL_VALIDATION,AUXILIARY_ONLY
RV-V03-001200,MSV1-121C93C850CA548D,IS 837:2026,Textiles — Doffer and Flat Stripping Comb Blades — Specification (Second Revision),hi,NOT_TRANSLATED,NEEDS_HUMAN_OR_MODEL_VALIDATION,AUXILIARY_ONLY
RV-V03-001201,MSV1-A22D395DE49873EC,IS 19524:2026,Hydraulic Impulse Tools -- Specification,hi,NOT_TRANSLATED,NEEDS_HUMAN_OR_MODEL_VALIDATION,AUXILIARY_ONLY
RV-V03-001202,MSV1-0C870B59777C045A,IS 19538:2026,Internal Combustion Engines - Piston Rings - Oil Control Rings,hi,NOT_TRANSLATED,NEEDS_HUMAN_OR_MODEL_VALIDATION,AUXILIARY_ONLY
RV-V03-001203,MSV1-70EE8B40D57FD173,ISO/SAE 21434:2021,ROAD VEHICLES CYBER SECURITY ENGINEERING,hi,NOT_TRANSLATED,NEEDS_HUMAN_OR_MODEL_VALIDATION,AUXILIARY_ONLY
RV-V03-001204,MSV1-2771FC049E99875D,IS 19577 (Part 1):2026,Textiles — Test methods for evaluating the electrostatic propensity of fabrics Part 1 Test method using corona charging,hi,NOT_TRANSLATED,NEEDS_HUMAN_OR_MODEL_VALIDATION,AUXILIARY_ONLY
RV-V03-001205,MSV1-E6F77E0430616625,IS 19577 (Part 2):2026,Textiles — Test methods for evaluating the electrostatic propensity of fabrics Part 2 Test method using rotary mechanical friction,hi,NOT_TRANSLATED,NEEDS_HUMAN_OR_MODEL_VALIDATION,AUXILIARY_ONLY
RV-V03-001206,MSV1-D791CCE54E25572D,IS 19577 (Part 3):2026,Textiles — Test methods for evaluating the electrostatic propensity of fabrics Part 3 Test method using manual friction,hi,NOT_TRANSLATED,NEEDS_HUMAN_OR_MODEL_VALIDATION,AUXILIARY_ONLY
RV-V03-001207,MSV1-AF3A8ABA9DBDB8EF,IS 19577 (Part 4):2026,Textiles — Test methods for evaluating the electrostatic propensity of fabrics Part 4 Test method using horizontal mechanical friction,hi,NOT_TRANSLATED,NEEDS_HUMAN_OR_MODEL_VALIDATION,AUXILIARY_ONLY
RV-V03-001208,MSV1-A1A0C741EC0EF742,IS 19625:2026,Organization of Exhibitions - Recommendations and Requirements,hi,NOT_TRANSLATED,NEEDS_HUMAN_OR_MODEL_VALIDATION,AUXILIARY_ONLY
RV-V03-001209,MSV1-CF2F96AFA2097258,IS 19629:2026,"Internet of Things (IoT) - IoT for Stress Management , Good Health and Well-Being",hi,NOT_TRANSLATED,NEEDS_HUMAN_OR_MODEL_VALIDATION,AUXILIARY_ONLY
RV-V03-001210,MSV1-D326CBBC904B4CA4,IS 19581:2026,Sustainable Beach Operations - Requirements,hi,NOT_TRANSLATED,NEEDS_HUMAN_OR_MODEL_VALIDATION,AUXILIARY_ONLY
RV-V03-001211,MSV1-0559B4BDF88BEAA7,IS 19591:2026,Cold Chain Logistics - Vocabulary,hi,NOT_TRANSLATED,NEEDS_HUMAN_OR_MODEL_VALIDATION,AUXILIARY_ONLY
RV-V03-001212,MSV1-D1C81DBE0EBAD92C,IS 6690:2026,Blades for Rortary Tiller (Rotavator) — Specification (Second Revision),hi,NOT_TRANSLATED,NEEDS_HUMAN_OR_MODEL_VALIDATION,AUXILIARY_ONLY
RV-V03-001213,MSV1-267BC92F4EA912AA,IS 11380:2026,Pesticide Residues Analysis in Agricultural and Food Commodities Method of Sampling,hi,NOT_TRANSLATED,NEEDS_HUMAN_OR_MODEL_VALIDATION,AUXILIARY_ONLY
RV-V03-001214,MSV1-5574D2EC193D8FDD,IS 5804:2026,Poultry Beak Trimming Machine — Specification (Second Revision),hi,NOT_TRANSLATED,NEEDS_HUMAN_OR_MODEL_VALIDATION,AUXILIARY_ONLY
RV-V03-001215,MSV1-4523D14201535975,IS 5302:2026,Acetic Anhydride Code of Safety First Revision,hi,NOT_TRANSLATED,NEEDS_HUMAN_OR_MODEL_VALIDATION,AUXILIARY_ONLY
RV-V03-001216,MSV1-A1410102430FE4B3,IS 17936:2026,Fine Ceramics Advanced Ceramics Advanced Technical Ceramics Vocabulary First Revision,hi,NOT_TRANSLATED,NEEDS_HUMAN_OR_MODEL_VALIDATION,AUXILIARY_ONLY
RV-V03-001217,MSV1-3C9B5B8A77F0C25B,IS 10897:2026,Zinc Phosphate Pigment for Paints - Specification,hi,NOT_TRANSLATED,NEEDS_HUMAN_OR_MODEL_VALIDATION,AUXILIARY_ONLY
RV-V03-001218,MSV1-A234A11EACAE3AC0,IS 19470:2026,Gul-I-Guhal Hibiscus rosa-sinensis L dried flowers for use in Traditional Medicine Specification,hi,NOT_TRANSLATED,NEEDS_HUMAN_OR_MODEL_VALIDATION,AUXILIARY_ONLY
RV-V03-001219,MSV1-DC27EE1B7722D4E7,IS 19460:2026,Ficus racemosa L Stem Bark for Use in Traditional Medicine Specification,hi,NOT_TRANSLATED,NEEDS_HUMAN_OR_MODEL_VALIDATION,AUXILIARY_ONLY
RV-V03-001220,MSV1-711582C489CFDE18,IS 6742:2026,AIRCRAFT — JACKING PADS,hi,NOT_TRANSLATED,NEEDS_HUMAN_OR_MODEL_VALIDATION,AUXILIARY_ONLY
RV-V03-001221,MSV1-1062C7FAFDFED6C8,IS 551:2025,"Bonded abrasive products -- Shape types, designation and marking",hi,NOT_TRANSLATED,NEEDS_HUMAN_OR_MODEL_VALIDATION,AUXILIARY_ONLY
RV-V03-001222,MSV1-12C5A2BB5B2A7BA5,IS 8622:2026,Wire Wound Sliding Contact Rheostats for Use in Educational Institutions -- Specification (Second Revision),hi,NOT_TRANSLATED,NEEDS_HUMAN_OR_MODEL_VALIDATION,AUXILIARY_ONLY
RV-V03-001223,MSV1-C31BCE1EBF87E8D2,IS 15742:2026,Textiles - Clothing Made of Limited Flame Spread Materials for Protection against Heat and Flame - Specification (First Revision),hi,NOT_TRANSLATED,NEEDS_HUMAN_OR_MODEL_VALIDATION,AUXILIARY_ONLY
RV-V03-001224,MSV1-744B4E43893676F9,IS 16111:2026,Medical Textiles — Elastic Bandage — Specification (first revision),hi,NOT_TRANSLATED,NEEDS_HUMAN_OR_MODEL_VALIDATION,AUXILIARY_ONLY
RV-V03-001225,MSV1-86081C676C33DB30,IS 753:2026,"Textiles — Handloom Cotton Pugri Cloth, Bleached or Dyed — Specification (Second Revision)",hi,NOT_TRANSLATED,NEEDS_HUMAN_OR_MODEL_VALIDATION,AUXILIARY_ONLY
RV-V03-001226,MSV1-6EBB5390BB6D0852,IS 2028:2026,Open Jaw Wrenches (Spanners) — Specification ( Sixth Revision ),hi,NOT_TRANSLATED,NEEDS_HUMAN_OR_MODEL_VALIDATION,AUXILIARY_ONLY
RV-V03-001227,MSV1-24D5989C38C1797D,IS 2029:2026,RING WRENCHES (SPANNERS) — SPECIFICATION (Fifth Revision),hi,NOT_TRANSLATED,NEEDS_HUMAN_OR_MODEL_VALIDATION,AUXILIARY_ONLY
RV-V03-001228,MSV1-F21E58B1FDF9E019,IS 1364 (Part 3):2026,"Hexagon head bolts, screws and nuts of product grades A and B: Part 3 Hexagon nuts, style 1 (Size range M5 To M39) (sixth revision)",hi,NOT_TRANSLATED,NEEDS_HUMAN_OR_MODEL_VALIDATION,AUXILIARY_ONLY
RV-V03-001229,MSV1-5169EAF164597A07,IS 19520 (Part 3):2026,INTERNAL COMBUSTION ENGINES - PISTON RINGS - PART 3: COIL-SPRING-LOADED OIL CONTROL RINGS MADE OF STEEL,hi,NOT_TRANSLATED,NEEDS_HUMAN_OR_MODEL_VALIDATION,AUXILIARY_ONLY
RV-V03-001230,MSV1-090315B37F3883FE,IS 19521:2026,INTERNAL COMBUSTION ENGINES — PISTON RINGS — EXPANDER RAIL OIL-CONTROL RINGS,hi,NOT_TRANSLATED,NEEDS_HUMAN_OR_MODEL_VALIDATION,AUXILIARY_ONLY
RV-V03-001231,MSV1-B9B2996E7A660829,IS 19393:2026,Textiles - Sports Ropes - Specification,hi,NOT_TRANSLATED,NEEDS_HUMAN_OR_MODEL_VALIDATION,AUXILIARY_ONLY
RV-V03-001232,MSV1-1EAA44E6E20BE960,IS 5178:2026,Dental Gingival Margin Trimmers — Specification (First Revision),hi,NOT_TRANSLATED,NEEDS_HUMAN_OR_MODEL_VALIDATION,AUXILIARY_ONLY
RV-V03-001233,MSV1-599B312DCC78176D,IS 5217:2026,Dental Flask Clamp — Specification (First Revision),hi,NOT_TRANSLATED,NEEDS_HUMAN_OR_MODEL_VALIDATION,AUXILIARY_ONLY
RV-V03-001234,MSV1-A29CB13A9E8F1793,IS 7467:2026,Dental Matrix Bands — Specification (First Revision),hi,NOT_TRANSLATED,NEEDS_HUMAN_OR_MODEL_VALIDATION,AUXILIARY_ONLY
RV-V03-001235,MSV1-41259BF9033AE15B,IS 18658 (Part 2):2026,Ophthalmic implants Intraocular lenses Part 2: Optical properties and test methods,hi,NOT_TRANSLATED,NEEDS_HUMAN_OR_MODEL_VALIDATION,AUXILIARY_ONLY
RV-V03-001236,MSV1-588D4AE53E9B2C76,IS 19427:2026,Onsite diagnostic testing of power transformers for condition health assessment,hi,NOT_TRANSLATED,NEEDS_HUMAN_OR_MODEL_VALIDATION,AUXILIARY_ONLY
RV-V03-001237,MSV1-36989D788C897164,IS 18888 (Part 3):2026,Designing Online Course Contents and Quality Assessment of Course Content & Delivery Platform —Code of Practice Part 3 Online Course Hosting Platform Quality Model and Assessment Methodology,hi,NOT_TRANSLATED,NEEDS_HUMAN_OR_MODEL_VALIDATION,AUXILIARY_ONLY
RV-V03-001238,MSV1-E966A4B5C44D4442,IS 19391:2026,Neurosurgical implants Sterile single-use hydrocephalus shunts,hi,NOT_TRANSLATED,NEEDS_HUMAN_OR_MODEL_VALIDATION,AUXILIARY_ONLY
RV-V03-001239,MSV1-C19A33D54E2A891C,IS 19379:2026,Optics and Optical Instruments Ophthalmic Optics Formers,hi,NOT_TRANSLATED,NEEDS_HUMAN_OR_MODEL_VALIDATION,AUXILIARY_ONLY
RV-V03-001240,MSV1-3C180CAEDAA68BB5,IS 19443:2026,Ophthalmic optics Contact lens care products Microbiological requirements and test methods for products and regimens for hygienic management of contact lenses,hi,NOT_TRANSLATED,NEEDS_HUMAN_OR_MODEL_VALIDATION,AUXILIARY_ONLY
RV-V03-001241,MSV1-271E35AED8C28CFB,IS 19399:2026,Ophthalmic optics Contact lenses Determination of shelf- life,hi,NOT_TRANSLATED,NEEDS_HUMAN_OR_MODEL_VALIDATION,AUXILIARY_ONLY
RV-V03-001242,MSV1-24B0E8BF5D9B08BB,IS 19419:2026,Ophthalmic optics Contact lenses and contact lens care products Guidance for clinical investigations,hi,NOT_TRANSLATED,NEEDS_HUMAN_OR_MODEL_VALIDATION,AUXILIARY_ONLY
RV-V03-001243,MSV1-6EDB1C92F18B7D28,IS 19475:2026,Ophthalmic optics Contact lens care products Guidelines for determination of shelf-life,hi,NOT_TRANSLATED,NEEDS_HUMAN_OR_MODEL_VALIDATION,AUXILIARY_ONLY
RV-V03-001244,MSV1-7985776FE2A437D8,IS 19402:2026,Ophthalmic optics Contact lens care products Antimicrobial preservative efficacy testing and guidance on determining discard date,hi,NOT_TRANSLATED,NEEDS_HUMAN_OR_MODEL_VALIDATION,AUXILIARY_ONLY
RV-V03-001245,MSV1-2B4522929DD56B73,IS 19369:2026,Ophthalmic optics Contact lenses Hygienic management of multipatient use trial contact lenses,hi,NOT_TRANSLATED,NEEDS_HUMAN_OR_MODEL_VALIDATION,AUXILIARY_ONLY
RV-V03-001246,MSV1-4D0A307E74A7D67B,IS 19422:2026,Ophthalmic optics Spectacle lenses Short wavelength visible solar radiation and the eye,hi,NOT_TRANSLATED,NEEDS_HUMAN_OR_MODEL_VALIDATION,AUXILIARY_ONLY
RV-V03-001247,MSV1-B5616AC32DD287B4,IS 19417:2026,Ophthalmic implants Intraocular lenses Guidance on assessment of the need for clinical investigation of intraocular lens design modifications,hi,NOT_TRANSLATED,NEEDS_HUMAN_OR_MODEL_VALIDATION,AUXILIARY_ONLY
RV-V03-001248,MSV1-546515DE90395490,IS 19405:2026,Ophthalmic optics Contact lenses and contact lens care products Determination of physical compatibility of contact lens care products with contact lenses,hi,NOT_TRANSLATED,NEEDS_HUMAN_OR_MODEL_VALIDATION,AUXILIARY_ONLY
RV-V03-001249,MSV1-34A980916E1BC8A1,IS 19481:2026,Genomics Informatics — Phenopackets: A Format for Phenotypic Data Exchange,hi,NOT_TRANSLATED,NEEDS_HUMAN_OR_MODEL_VALIDATION,AUXILIARY_ONLY
RV-V03-001250,MSV1-004D876532FBF41B,IS 19431:2026,Health Informatics — Interoperability of Public Health Emergency Preparedness and Response Information Systems,hi,NOT_TRANSLATED,NEEDS_HUMAN_OR_MODEL_VALIDATION,AUXILIARY_ONLY
RV-V03-001251,MSV1-3CB25F3E3D0FCC21,IS 19480:2026,Health Informatics — Standardizing Graphical Content,hi,NOT_TRANSLATED,NEEDS_HUMAN_OR_MODEL_VALIDATION,AUXILIARY_ONLY
RV-V03-001252,MSV1-F0E70AFBC9B15633,IS 19425:2026,Health Informatics — Workforce Roles and Capabilities for Terminology and Terminology Services in Healthcare (Term Workforce),hi,NOT_TRANSLATED,NEEDS_HUMAN_OR_MODEL_VALIDATION,AUXILIARY_ONLY
RV-V03-001253,MSV1-2AE55817A86B4181,IS 19525:2026,Ophthalmic Optics Spectacle Lenses Fundamental Requirements for Uncut Finished Lenses,hi,NOT_TRANSLATED,NEEDS_HUMAN_OR_MODEL_VALIDATION,AUXILIARY_ONLY
RV-V03-001254,MSV1-1D630144BFF9317B,IS 5211:2026,"Dental Scissors, Straight and Curved — Specification (First Revision)",hi,NOT_TRANSLATED,NEEDS_HUMAN_OR_MODEL_VALIDATION,AUXILIARY_ONLY
RV-V03-001255,MSV1-142131340A0F074B,IS 5212:2026,"Dental Crown Scissors, Straight and Curved — Specification (First Revision)",hi,NOT_TRANSLATED,NEEDS_HUMAN_OR_MODEL_VALIDATION,AUXILIARY_ONLY
RV-V03-001256,MSV1-F5169850AE84A1DC,IS 10353:2026,Dental McKellops' Type Pliers — Specification (First Revision),hi,NOT_TRANSLATED,NEEDS_HUMAN_OR_MODEL_VALIDATION,AUXILIARY_ONLY
RV-V03-001257,MSV1-C6A8678DA4399A06,IS/IEC 61746 (Part 1):2009,Calibration of Optical Time-Domain Reflectometers OTDR First Revision,hi,NOT_TRANSLATED,NEEDS_HUMAN_OR_MODEL_VALIDATION,AUXILIARY_ONLY
RV-V03-001258,MSV1-FC11FB716615F6D2,IS/ISO/IEC 18031:2025,Information Technology Security Techniques Random Bit Generation First Revision,hi,NOT_TRANSLATED,NEEDS_HUMAN_OR_MODEL_VALIDATION,AUXILIARY_ONLY
RV-V03-001259,MSV1-7BB895FC107B8B81,IS/ISO/IEC 22123 (Part 1):2023,Information Technology Cloud Computing Part 1: Vocabulary First Revision,hi,NOT_TRANSLATED,NEEDS_HUMAN_OR_MODEL_VALIDATION,AUXILIARY_ONLY
RV-V03-001260,MSV1-E46511DE744B73B5,IS/IEC 62308:2006,Equipment Reliability Reliability assessment methods,hi,NOT_TRANSLATED,NEEDS_HUMAN_OR_MODEL_VALIDATION,AUXILIARY_ONLY
RV-V03-001261,MSV1-D3FE47102924D4E1,IS 17900 (Part 5):2026,LIFTS FOR THE TRANSPORT OF PERSONS AND GOODS : PART 5 GUIDE FOR INSPECTION OF LIFTS,hi,NOT_TRANSLATED,NEEDS_HUMAN_OR_MODEL_VALIDATION,AUXILIARY_ONLY
RV-V03-001262,MSV1-C95A8261458A7121,IS 19454:2026,Writable Functional Inks for Pens Conductive and Resistive,hi,NOT_TRANSLATED,NEEDS_HUMAN_OR_MODEL_VALIDATION,AUXILIARY_ONLY
RV-V03-001263,MSV1-8B038F2FB506783D,IS 19423:2026,Dentistry Compatibility Testing for Metal-Ceramic and Ceramic-Ceramic Systems,hi,NOT_TRANSLATED,NEEDS_HUMAN_OR_MODEL_VALIDATION,AUXILIARY_ONLY
RV-V03-001264,MSV1-AA110AED9ACB61D1,IS 19424:2026,Dentistry Polymer-Based Die Materials,hi,NOT_TRANSLATED,NEEDS_HUMAN_OR_MODEL_VALIDATION,AUXILIARY_ONLY
RV-V03-001265,MSV1-C7329CF58A446CFD,IS 19430:2026,Dentistry Bonding Test Between Polymer Teeth and Denture Base Materials,hi,NOT_TRANSLATED,NEEDS_HUMAN_OR_MODEL_VALIDATION,AUXILIARY_ONLY
RV-V03-001266,MSV1-029614298BA73967,IS 19494:2026,Dentistry Guidance on Colour Measurement,hi,NOT_TRANSLATED,NEEDS_HUMAN_OR_MODEL_VALIDATION,AUXILIARY_ONLY
RV-V03-001267,MSV1-03EC6D8C031531BD,IS 19429:2026,Dentistry Bore Diameters for Rotary Instruments such as Discs and Wheels,hi,NOT_TRANSLATED,NEEDS_HUMAN_OR_MODEL_VALIDATION,AUXILIARY_ONLY
RV-V03-001268,MSV1-861BE6CB17D13EC2,IS 19483:2026,Dentistry General Requirements for Instruments and Related Accessories Used in Dental Implant Placement and Treatment,hi,NOT_TRANSLATED,NEEDS_HUMAN_OR_MODEL_VALIDATION,AUXILIARY_ONLY
RV-V03-001269,MSV1-1E25E56D82900E20,IS 19401:2026,Dentistry Screening Method for Erosion Potential of Oral Rinses on Dental Hard Tissues,hi,NOT_TRANSLATED,NEEDS_HUMAN_OR_MODEL_VALIDATION,AUXILIARY_ONLY
RV-V03-001270,MSV1-AE6A7490694F7C55,IS/ISO/IEC 11801 (Part 4):2017,Information technology Generic cabling for customer premises Part 4: Single-tenant homes,hi,NOT_TRANSLATED,NEEDS_HUMAN_OR_MODEL_VALIDATION,AUXILIARY_ONLY
RV-V03-001271,MSV1-508E572E7442774A,IS/ISO/IEC 11801 (Part 9908):2020,Information technology Generic cabling systems for customer premises Part 9908: Guidance for the support of higher speed applications over optical fibre channels,hi,NOT_TRANSLATED,NEEDS_HUMAN_OR_MODEL_VALIDATION,AUXILIARY_ONLY
RV-V03-001272,MSV1-E7E07345D9D1196E,IS 19540:2026,EARTH-MOVING MACHINERY - TIP-OVER PROTECTION STRUCTURE TOPS FOR COMPACT EXCAVATORS - LABORATORY TESTS AND PERFORMANCE REQUIREMENTS,hi,NOT_TRANSLATED,NEEDS_HUMAN_OR_MODEL_VALIDATION,AUXILIARY_ONLY
RV-V03-001273,MSV1-037FB83E9F50737A,IS 19543 (Part 1):2026,PLASTICS AND RUBBER MACHINES CLAMPING SYSTEMS PART 1 SAFETY REQUIREMENTS FOR MAGNETIC CLAMPING SYSTEMS,hi,NOT_TRANSLATED,NEEDS_HUMAN_OR_MODEL_VALIDATION,AUXILIARY_ONLY
RV-V03-001274,MSV1-86D3A8A5B8BABCB6,IS 19560:2026,ROAD OPERATION MACHINERY AND ASSOCIATED EQUIPMENT SWEEPERS COMMERCIAL SPECIFICATIONS Adoption of ISO 24147,hi,NOT_TRANSLATED,NEEDS_HUMAN_OR_MODEL_VALIDATION,AUXILIARY_ONLY
RV-V03-001275,MSV1-E6D05F2C08C9F161,IS 19568:2026,BUILDING CONSTRUCTION MACHINERY AND EQUIPMENT CLASSIFICATION Adoption of ISOTR 12603,hi,NOT_TRANSLATED,NEEDS_HUMAN_OR_MODEL_VALIDATION,AUXILIARY_ONLY
RV-V03-001276,MSV1-ECC9021887775033,IS 19567:2026,BUILDING CONSTRUCTION MACHINERY AND EQUIPMENT PEDESTRIAN-CONTROLLED VIBRATORY PERCUSSION RAMMERS TERMINOLOGY AND COMMERCIAL SPECIFICATIONS Adoption of ISO 19452,hi,NOT_TRANSLATED,NEEDS_HUMAN_OR_MODEL_VALIDATION,AUXILIARY_ONLY
RV-V03-001277,MSV1-EF72F8436A27D864,IS 19564 (Part 1):2026,BUILDING CONSTRUCTION MACHINERY AND EQUIPMENT MOBILE CRUSHERS PART 1 TERMINOLOGY AND COMMERCIAL SPECIFICATIONS Adoption of ISO 21873-1,hi,NOT_TRANSLATED,NEEDS_HUMAN_OR_MODEL_VALIDATION,AUXILIARY_ONLY
RV-V03-001278,MSV1-544D9E9EC434E3A8,IS 19523:2026,Textiles — Children Apparel — Safety Requirements,hi,NOT_TRANSLATED,NEEDS_HUMAN_OR_MODEL_VALIDATION,AUXILIARY_ONLY
RV-V03-001279,MSV1-38E66B022F433279,IS 5348:2026,Stationery Staples — Specifications (Second Revision),hi,NOT_TRANSLATED,NEEDS_HUMAN_OR_MODEL_VALIDATION,AUXILIARY_ONLY
RV-V03-001280,MSV1-C4B835EE7FFEE49A,IS 19498:2025,Textiles — Treated Synthetic Fabrics for Conveyor Belts — Specification,hi,NOT_TRANSLATED,NEEDS_HUMAN_OR_MODEL_VALIDATION,AUXILIARY_ONLY
RV-V03-001281,MSV1-78D8A20A47A3413B,IS 19442:2026,Unani medicine Air extraction Hijama Cupping Device,hi,NOT_TRANSLATED,NEEDS_HUMAN_OR_MODEL_VALIDATION,AUXILIARY_ONLY
RV-V03-001282,MSV1-CC83C63F49DF409A,IS 19485:2026,Bkh-i-Sahajana Moringa oleifera Lam Root Bark for use in Traditional Medicine Specification,hi,NOT_TRANSLATED,NEEDS_HUMAN_OR_MODEL_VALIDATION,AUXILIARY_ONLY
RV-V03-001283,MSV1-4921BA7D009BEAF2,IS 18750 (Part 8/Sec 3):2026,"Unani medicine — Glossary of Terms, Part 8/Sec 3 Standardized Terminology used for Diseases of Lower Gastro-intestinal Tract (Intestine, Mesentery and other parts)",hi,NOT_TRANSLATED,NEEDS_HUMAN_OR_MODEL_VALIDATION,AUXILIARY_ONLY
RV-V03-001284,MSV1-A6BEE75A46AD4635,IS 10322 (Part 1):2026,Luminaires Part 1 General Requirements and Tests (second revision),hi,NOT_TRANSLATED,NEEDS_HUMAN_OR_MODEL_VALIDATION,AUXILIARY_ONLY
RV-V03-001285,MSV1-ED18B3FBEA541A7D,IS 16102 (Part 1):2026,Self-Ballasted LED Lamps for General Lighting Services Part 1 Safety Requirements (First Revision),hi,NOT_TRANSLATED,NEEDS_HUMAN_OR_MODEL_VALIDATION,AUXILIARY_ONLY
RV-V03-001286,MSV1-40F4E2B07CDCBCE5,IS 16102 (Part 2):2026,Self-Ballasted LED Lamps for General Lighting Services Part 2 Performance Requirements Second Revision,hi,NOT_TRANSLATED,NEEDS_HUMAN_OR_MODEL_VALIDATION,AUXILIARY_ONLY
RV-V03-001287,MSV1-F47858FAB95CA346,IS 16614 (Part 1):2026,Double-Capped LED Linear Lamps Part 1 Safety Requirements (First Revision),hi,NOT_TRANSLATED,NEEDS_HUMAN_OR_MODEL_VALIDATION,AUXILIARY_ONLY
RV-V03-001288,MSV1-927DBF112E19FC04,IS 10322 (Part 5/Sec 1):2026,Luminaires Part 5: Particular requirements Section 1: Fixed general purpose luminaires (Second Revision),hi,NOT_TRANSLATED,NEEDS_HUMAN_OR_MODEL_VALIDATION,AUXILIARY_ONLY
RV-V03-001289,MSV1-BA5290D886CD5F88,IS 10322 (Part 5/Sec 2):2026,Luminaires Part 5: Particular requirements Section 2: Recessed luminaires and recessed air-handling luminaires (Second Revision),hi,NOT_TRANSLATED,NEEDS_HUMAN_OR_MODEL_VALIDATION,AUXILIARY_ONLY
RV-V03-001290,MSV1-DF0AF40FA7ADD8EB,IS 10322 (Part 5/Sec 3):2026,Luminaires Part 5: Particular requirements Section 3: Luminaires for road and street lighting (Second Revision),hi,NOT_TRANSLATED,NEEDS_HUMAN_OR_MODEL_VALIDATION,AUXILIARY_ONLY
RV-V03-001291,MSV1-1E9D54803C545761,IS 10322 (Part 5/Sec 4):2026,Luminaires Part 5: Particular requirements Section 4: Portable general purpose luminaires (First Revision),hi,NOT_TRANSLATED,NEEDS_HUMAN_OR_MODEL_VALIDATION,AUXILIARY_ONLY
RV-V03-001292,MSV1-4E6D4E819A2EA6A7,IS 10322 (Part 5/Sec 5):2026,Luminaires Part 5: Particular requirements Section 5: Floodlights (Second Revision),hi,NOT_TRANSLATED,NEEDS_HUMAN_OR_MODEL_VALIDATION,AUXILIARY_ONLY
RV-V03-001293,MSV1-E82A3155515545FA,IS 10322 (Part 5/Sec 6):2026,Luminaires Part 5: Particular requirements Section 6: Handlamps (First Revision),hi,NOT_TRANSLATED,NEEDS_HUMAN_OR_MODEL_VALIDATION,AUXILIARY_ONLY
RV-V03-001294,MSV1-D3558C2C3A7F2D0A,IS 10322 (Part 5/Sec 7):2026,Luminaires Part 5: Particular requirements Section 7: Lighting chains (Second Revision),hi,NOT_TRANSLATED,NEEDS_HUMAN_OR_MODEL_VALIDATION,AUXILIARY_ONLY
RV-V03-001295,MSV1-29767AB1E810A7D7,IS 10322 (Part 5/Sec 8):2026,Luminaires Part 5: Particular requirements Section 8: Luminaires for emergency lighting (First Revision),hi,NOT_TRANSLATED,NEEDS_HUMAN_OR_MODEL_VALIDATION,AUXILIARY_ONLY
RV-V03-001296,MSV1-35425E352613595C,IS 10322 (Part 5/Sec 18):2026,Luminaires – Part 5 Particular requirements Section 18 Luminaires for swimming pools and similar applications,hi,NOT_TRANSLATED,NEEDS_HUMAN_OR_MODEL_VALIDATION,AUXILIARY_ONLY
RV-V03-001297,MSV1-2C210A365B10D951,IS 6034:2026,Insulating Oil Conditioning Plants - Specification (Second Revision),hi,NOT_TRANSLATED,NEEDS_HUMAN_OR_MODEL_VALIDATION,AUXILIARY_ONLY
RV-V03-001298,MSV1-1D3F6B2ECD25BE23,IS 4190:2025,Eye Bolts with Collars Specification,hi,NOT_TRANSLATED,NEEDS_HUMAN_OR_MODEL_VALIDATION,AUXILIARY_ONLY
RV-V03-001299,MSV1-A89AB6BF4F28F6A3,IS 6549:2025,GLOSSARY OF TERMS USED IN CONNECTION WITH LIFTING TACKLE,hi,NOT_TRANSLATED,NEEDS_HUMAN_OR_MODEL_VALIDATION,AUXILIARY_ONLY
RV-V03-001300,MSV1-C43D86B446A99E47,IS 19539:2026,EARTH-MOVING MACHINERY PRODUCT IDENTIFICATION NUMBERING SYSTEM,hi,NOT_TRANSLATED,NEEDS_HUMAN_OR_MODEL_VALIDATION,AUXILIARY_ONLY
RV-V03-001301,MSV1-B88C6F5B5E0FCABE,IS 19542 (Part 2):2026,EARTH-MOVING MACHINERY OPERATORS MANUAL PART 2 LIST OF REFERENCES,hi,NOT_TRANSLATED,NEEDS_HUMAN_OR_MODEL_VALIDATION,AUXILIARY_ONLY
RV-V03-001302,MSV1-34F982491CE26738,IS 997:2026,Limestone and Dolomite for Glass and Ceramic Industry — Specification ( Second Revision ),hi,NOT_TRANSLATED,NEEDS_HUMAN_OR_MODEL_VALIDATION,AUXILIARY_ONLY
RV-V03-001303,MSV1-B1EA8DFE76DEDA23,IS 6500:2026,THERMOMETER FOR MEASUREMENT OF SEA SURFACE TEMPERATURE — SPECIFICATION (First Revision),hi,NOT_TRANSLATED,NEEDS_HUMAN_OR_MODEL_VALIDATION,AUXILIARY_ONLY
RV-V03-001304,MSV1-09A59C0D8F8907C9,IS 10392:2026,Specification for feed water and boiler water for low and medium pressure boilers First Revision,hi,NOT_TRANSLATED,NEEDS_HUMAN_OR_MODEL_VALIDATION,AUXILIARY_ONLY
RV-V03-001305,MSV1-BCE1B406544C9F60,IS 10282:2026,Cage Wheel for Power Tillers - Specification (First Reviison),hi,NOT_TRANSLATED,NEEDS_HUMAN_OR_MODEL_VALIDATION,AUXILIARY_ONLY
RV-V03-001306,MSV1-1683D9BC25551A0E,IS 15366:2026,Dolomite for paint - Specification (First Revision),hi,NOT_TRANSLATED,NEEDS_HUMAN_OR_MODEL_VALIDATION,AUXILIARY_ONLY
RV-V03-001307,MSV1-F313B3F3F4BB153B,IS 12785:2026,Irrigation Equipment - Strainer-Type Filters - Specification (Second Revision),hi,NOT_TRANSLATED,NEEDS_HUMAN_OR_MODEL_VALIDATION,AUXILIARY_ONLY
RV-V03-001308,MSV1-826DFC18C3F6D180,IS 9028:2026,Paper Sacks — Glossary of Terms,hi,NOT_TRANSLATED,NEEDS_HUMAN_OR_MODEL_VALIDATION,AUXILIARY_ONLY
RV-V03-001309,MSV1-D880853D9113AAD1,IS 10279:2026,Overall Trimmed Sizes of Articles of Stationery that Include Detachable Sheets - Specification (First Revision),hi,NOT_TRANSLATED,NEEDS_HUMAN_OR_MODEL_VALIDATION,AUXILIARY_ONLY
RV-V03-001310,MSV1-EFF44851857DAF19,IS 19360:2026,Coated Glass - Specification,hi,NOT_TRANSLATED,NEEDS_HUMAN_OR_MODEL_VALIDATION,AUXILIARY_ONLY
RV-V03-001311,MSV1-F807AECC43B68E3F,IS 19466:2026,Cinnamomum tamala Buch - Ham Nees Eberm Leaf for Use in Traditional Medicine Specification,hi,NOT_TRANSLATED,NEEDS_HUMAN_OR_MODEL_VALIDATION,AUXILIARY_ONLY
RV-V03-001312,MSV1-530E6789B0A37405,IS 19457:2026,Meat and meat products Determination hydroxyproline content Adoption of ISO 3496 : 1994,hi,NOT_TRANSLATED,NEEDS_HUMAN_OR_MODEL_VALIDATION,AUXILIARY_ONLY
RV-V03-001313,MSV1-912F5CD080DCD4AC,IS 10311:2026,Powered Platform Trucks and their Acceptance Criteria — General Requirements ( First Revision ),hi,NOT_TRANSLATED,NEEDS_HUMAN_OR_MODEL_VALIDATION,AUXILIARY_ONLY
RV-V03-001314,MSV1-8073999ACCC05BD9,IS 11523:2026,"Indexable hardmetal (carbide) inserts with wiper edges, without fixing hole — Dimensions (second revision)",hi,NOT_TRANSLATED,NEEDS_HUMAN_OR_MODEL_VALIDATION,AUXILIARY_ONLY
RV-V03-001315,MSV1-2F39BC431193A064,IS 12354:2026,"Indexable hard material inserts with rounded corners, with partly cylindrical fixing hole — Dimensions (second revision)",hi,NOT_TRANSLATED,NEEDS_HUMAN_OR_MODEL_VALIDATION,AUXILIARY_ONLY
RV-V03-001316,MSV1-26D777DF6B1BE3E6,IS 5815 (Part 6):2026,Textiles — Hydrophilic Fishing Net Twines — Method of Test Part 6 Determination of Change in Length after Immersion in Water ( Second Revision ),hi,NOT_TRANSLATED,NEEDS_HUMAN_OR_MODEL_VALIDATION,AUXILIARY_ONLY
RV-V03-001317,MSV1-20EBE43B74D959AC,IS 6347:2026,Textiles — High Density Polyethylene Continuous Filament Twines for Fishing — Specification ( Second Revision ),hi,NOT_TRANSLATED,NEEDS_HUMAN_OR_MODEL_VALIDATION,AUXILIARY_ONLY
RV-V03-001318,MSV1-6F5FB27A582D52EE,IS 15789:2026,Fishing Nets — Method of Test for Determination of Mesh Size — Length of Mesh (First Revision),hi,NOT_TRANSLATED,NEEDS_HUMAN_OR_MODEL_VALIDATION,AUXILIARY_ONLY
RV-V03-001319,MSV1-8A2BBAFA7F9E1BED,IS 13260:2026,TEXTILES — APPEARANCE OF COTTON YARN USING PHOTOGRAPHIC STANDARDS — METHOD OF GRADING ( First Revision ),hi,NOT_TRANSLATED,NEEDS_HUMAN_OR_MODEL_VALIDATION,AUXILIARY_ONLY
RV-V03-001320,MSV1-20AB76E0D3C13366,IS 2422:2026,Textiles — Water Repellent Fabric for Capes and Rain Coats — Specification (Fourth Revision),hi,NOT_TRANSLATED,NEEDS_HUMAN_OR_MODEL_VALIDATION,AUXILIARY_ONLY
RV-V03-001321,MSV1-32DBB4709AFF4572,IS 17267:2026,Rolling Bearings — Method for calculating the modified reference rating life for universally loaded rolling bearings (First Revision),hi,NOT_TRANSLATED,NEEDS_HUMAN_OR_MODEL_VALIDATION,AUXILIARY_ONLY
RV-V03-001322,MSV1-43CF22C6469E48D5,IS 19484:2026,Industrial Staples — Specification,hi,NOT_TRANSLATED,NEEDS_HUMAN_OR_MODEL_VALIDATION,AUXILIARY_ONLY
RV-V03-001323,MSV1-619FE013D0714957,IS 8007 (Part 3):2026,Road vehicles Mechanical couplings between tractors and semi-trailers Part 3: Requirements for semi-trailer contact area to fifth wheel,hi,NOT_TRANSLATED,NEEDS_HUMAN_OR_MODEL_VALIDATION,AUXILIARY_ONLY
RV-V03-001324,MSV1-FA770C8433056F0E,IS/ISO 37001:2025,Anti-Bribery Management Systems Requirements with Guidance for Use First Revision,hi,NOT_TRANSLATED,NEEDS_HUMAN_OR_MODEL_VALIDATION,AUXILIARY_ONLY
RV-V03-001325,MSV1-E5DDADE175145C9D,IS 9839:2026,Chromate conversion coating on zinc and cadmium coated articles and zinc base alloys - Specification (First Revision),hi,NOT_TRANSLATED,NEEDS_HUMAN_OR_MODEL_VALIDATION,AUXILIARY_ONLY
RV-V03-001326,MSV1-91E5B6CC28C66754,IS 17093:2026,TECHNICAL SUPPLY CONDITIONS FOR RECIPROCATING AIR COMPRESSORS FOR GENERAL PURPOSE AND INDUSTRIAL APPLICATIONS (First Revision of IS 17093),hi,NOT_TRANSLATED,NEEDS_HUMAN_OR_MODEL_VALIDATION,AUXILIARY_ONLY
RV-V03-001327,MSV1-6D947A28F5A0A468,IS 6498:2026,Glossary of Terms Used in Connection with Pulley Blocks,hi,NOT_TRANSLATED,NEEDS_HUMAN_OR_MODEL_VALIDATION,AUXILIARY_ONLY
RV-V03-001328,MSV1-716E8A6207EFDA4A,IS 15879:2026,BREATHING AIR COMPRESSOR PACKAGE - SPECIFICATION (First Revision of IS 15879),hi,NOT_TRANSLATED,NEEDS_HUMAN_OR_MODEL_VALIDATION,AUXILIARY_ONLY
RV-V03-001329,MSV1-0BBAE790958F95A4,IS 19406:2026,Metallic and other inorganic coatings — Test for residual embrittlement in both metallic-coated and uncoated externally-threaded articles and rods — Inclined wedge method,hi,NOT_TRANSLATED,NEEDS_HUMAN_OR_MODEL_VALIDATION,AUXILIARY_ONLY
RV-V03-001330,MSV1-64911BEB52227427,IS 1170:2026,Ferrochromium - Specification Third Revision,hi,NOT_TRANSLATED,NEEDS_HUMAN_OR_MODEL_VALIDATION,AUXILIARY_ONLY
RV-V03-001331,MSV1-8FAC8041256CF959,IS 713:2026,Zinc-Aluminium Alloy Ingots intended for Foundry and Die Castings ― Specification,hi,NOT_TRANSLATED,NEEDS_HUMAN_OR_MODEL_VALIDATION,AUXILIARY_ONLY
RV-V03-001332,MSV1-3ABCA05496F29AE2,IS 13230:2026,GRAPHICAL SYMBOLS FOR USE ON MINE PLANS First Revision,hi,NOT_TRANSLATED,NEEDS_HUMAN_OR_MODEL_VALIDATION,AUXILIARY_ONLY
RV-V03-001333,MSV1-2BD0A0B7B70DF146,IS 19455:2026,Gasket and packing Glossary of terms,hi,NOT_TRANSLATED,NEEDS_HUMAN_OR_MODEL_VALIDATION,AUXILIARY_ONLY
RV-V03-001334,MSV1-FEE6D161650B258E,IS 19474:2026,Hot Dip Aluminium and Aluminium- Silicon Coated Steel Sheet and Strip- Specification,hi,NOT_TRANSLATED,NEEDS_HUMAN_OR_MODEL_VALIDATION,AUXILIARY_ONLY
RV-V03-001335,MSV1-5B5C35DF2716471E,IS 19316 (Part 2):2026,BUILDING CONSTRUCTION MACHINERY AND EQUIPMENT MACHINERY FOR CONCRETE SURFACE FLOATING AND FINISHING PART 2 SAFETY REQUIREMENTS AND VERIFICATION Adoption of ISO 13105-2,hi,NOT_TRANSLATED,NEEDS_HUMAN_OR_MODEL_VALIDATION,AUXILIARY_ONLY
RV-V03-001336,MSV1-7153A2F7E2ED21BC,IS 733:2025,"Wrought Aluminium and Aluminium Alloy Bars, Rods, Sections, Extruded Tube, Hollow Sections and Profiles for General Engineering Purposes ― Specification (Fourth Revision)",hi,NOT_TRANSLATED,NEEDS_HUMAN_OR_MODEL_VALIDATION,AUXILIARY_ONLY
RV-V03-001337,MSV1-58256D7E952AC001,IS 2062 (Part 1):2025,Structural Steel - Part 1 - Hot Rolled Medium and High tensile Steel,hi,NOT_TRANSLATED,NEEDS_HUMAN_OR_MODEL_VALIDATION,AUXILIARY_ONLY
RV-V03-001338,MSV1-EF7F57461722D2F8,IS 4164:2025,LIFTING C HOOKS WITH EYE CAPACITY UP TO 25 TONNES SPECIFICATION,hi,NOT_TRANSLATED,NEEDS_HUMAN_OR_MODEL_VALIDATION,AUXILIARY_ONLY
RV-V03-001339,MSV1-8A7D3EBD8D2FB328,IS 2760:2025,STEEL CHAIN SLINGS SPECIFICATION,hi,NOT_TRANSLATED,NEEDS_HUMAN_OR_MODEL_VALIDATION,AUXILIARY_ONLY
RV-V03-001340,MSV1-7100AE289AE97D59,IS 19464:2025,Steel Wire for Hose Reinforcement - Specification,hi,NOT_TRANSLATED,NEEDS_HUMAN_OR_MODEL_VALIDATION,AUXILIARY_ONLY
RV-V03-001341,MSV1-67E0407831C6E80E,IS 488:2025,Glass Making Sands - Specification (Third Revision),hi,NOT_TRANSLATED,NEEDS_HUMAN_OR_MODEL_VALIDATION,AUXILIARY_ONLY
RV-V03-001342,MSV1-04AF754236295330,IS 9157:2025,Sodium Nitrate and Potassium Nitrate for Glass Compositions — Specification ( First Revision ),hi,NOT_TRANSLATED,NEEDS_HUMAN_OR_MODEL_VALIDATION,AUXILIARY_ONLY
RV-V03-001343,MSV1-9A1260B1DFCDE437,IS 11041:2025,Air-Screen Seed/Grain Cleaner — Specification and Test Code (First Revision),hi,NOT_TRANSLATED,NEEDS_HUMAN_OR_MODEL_VALIDATION,AUXILIARY_ONLY
RV-V03-001344,MSV1-2376C060930C95F7,Is 14661 (Part 2):2025,Tissue Paper and Tissue Products Part 2 Specification First Revision,hi,NOT_TRANSLATED,NEEDS_HUMAN_OR_MODEL_VALIDATION,AUXILIARY_ONLY
RV-V03-001345,MSV1-ACBA54415FA8F107,IS 6481:2025,GUIDE FOR PRINCIPAL USES AND STYLES OF FIBERBOARD CONTAINERS AND FITMENTS,hi,NOT_TRANSLATED,NEEDS_HUMAN_OR_MODEL_VALIDATION,AUXILIARY_ONLY
RV-V03-001346,MSV1-7C0887EE165AB8D4,IS 6213 (Part 5):2025,METHODS OF TEST FOR PULP PART 5 SOLUBILITY OF PULP IN ONE PERCENT CAUSTIC SODA SOLUTION,hi,NOT_TRANSLATED,NEEDS_HUMAN_OR_MODEL_VALIDATION,AUXILIARY_ONLY
RV-V03-001347,MSV1-AD4B51A121CEA966,IS 6213 (Part 6):2025,METHODS OF TEST FOR PULP PART 6 COPPER NUMBER OF PULP,hi,NOT_TRANSLATED,NEEDS_HUMAN_OR_MODEL_VALIDATION,AUXILIARY_ONLY
RV-V03-001348,MSV1-566F3C97673DF432,Is 3413:2025,Base Paper for Carbon Paper Specification,hi,NOT_TRANSLATED,NEEDS_HUMAN_OR_MODEL_VALIDATION,AUXILIARY_ONLY
RV-V03-001349,MSV1-B761C66F0FFCC8C4,IS 19434:2025,Mobile Agro-Processing Units for Food Grains — Safety Requirements,hi,NOT_TRANSLATED,NEEDS_HUMAN_OR_MODEL_VALIDATION,AUXILIARY_ONLY
RV-V03-001350,MSV1-34F07E89A35DBFE9,IS 19396:2025,"Milk, Dried Milk Products and Cream - Determination of Fat Content - Gravimetric Method",hi,NOT_TRANSLATED,NEEDS_HUMAN_OR_MODEL_VALIDATION,AUXILIARY_ONLY
RV-V03-001351,MSV1-1D8337DE7607B388,IS 18750 (Part 8/Sec 1):2025,Unani medicine Glossary of Terms Part 8Sec 1 Standardized Terminology Used for Diseases of Upper Gastrointestinal Tract Oesophagus and Stomach,hi,NOT_TRANSLATED,NEEDS_HUMAN_OR_MODEL_VALIDATION,AUXILIARY_ONLY
RV-V03-001352,MSV1-095DC953EB6F36EF,IS 18750 (Part 8/Sec 2):2025,Unani Medicine Glossary of Terms Part 8Sec 2 Standardized Terminology Used for Diseases of Liver Spleen and Pancreas,hi,NOT_TRANSLATED,NEEDS_HUMAN_OR_MODEL_VALIDATION,AUXILIARY_ONLY
RV-V03-001353,MSV1-E967584B1AD5218D,IS 19458:2025,Eggs and egg products Determination of fipronil and metabolites residues Liquid chromatography tandem mass spectrometry method Adoption of ISO 7124 : 2023,hi,NOT_TRANSLATED,NEEDS_HUMAN_OR_MODEL_VALIDATION,AUXILIARY_ONLY
RV-V03-001354,MSV1-C161B677E729D2AB,IS 19459:2025,Meat and meat products Determination of nitrite and nitrate content Ion chromatography method Adoption of ISO 7158 : 2024,hi,NOT_TRANSLATED,NEEDS_HUMAN_OR_MODEL_VALIDATION,AUXILIARY_ONLY
RV-V03-001355,MSV1-28CDE83F4A5CF68F,IS 62550:2017,Spare Parts Provisioning,hi,NOT_TRANSLATED,NEEDS_HUMAN_OR_MODEL_VALIDATION,AUXILIARY_ONLY
RV-V03-001356,MSV1-803A0E8DE840AA3D,IS 62740:2015,Root cause analysis RCA,hi,NOT_TRANSLATED,NEEDS_HUMAN_OR_MODEL_VALIDATION,AUXILIARY_ONLY
RV-V03-001357,MSV1-4E9D889E59355977,IS 19450:2025,Requirements for E-Textbooks in Education,hi,NOT_TRANSLATED,NEEDS_HUMAN_OR_MODEL_VALIDATION,AUXILIARY_ONLY
RV-V03-001358,MSV1-1DCDC7AE574A2C09,IS ISO 55013:2024,Asset Management Guidance on the Management of Data Assets,hi,NOT_TRANSLATED,NEEDS_HUMAN_OR_MODEL_VALIDATION,AUXILIARY_ONLY
RV-V03-001359,MSV1-6247FC51AF0DBD92,IS 19428:2025,Dry Type Mining Transformers Transwitch Units and Load Centers,hi,NOT_TRANSLATED,NEEDS_HUMAN_OR_MODEL_VALIDATION,AUXILIARY_ONLY
RV-V03-001360,MSV1-1DE0D46DAC9AE3C4,IS 19476:2025,Pure-tone and Speech Audiometers - Specification,hi,NOT_TRANSLATED,NEEDS_HUMAN_OR_MODEL_VALIDATION,AUXILIARY_ONLY
RV-V03-001361,MSV1-DE37D03D5E9D5B8E,IS/ISO 55000:2024,"Asset management - Vocabulary, Overview and Principles (First Revision)",hi,NOT_TRANSLATED,NEEDS_HUMAN_OR_MODEL_VALIDATION,AUXILIARY_ONLY
RV-V03-001362,MSV1-ADCCCB74895F52F9,IS 12266:2025,International Shore Connections for Use on Board Ship - Specification (First Revision),hi,NOT_TRANSLATED,NEEDS_HUMAN_OR_MODEL_VALIDATION,AUXILIARY_ONLY
RV-V03-001363,MSV1-351B42E7CC073511,IS 3181:2025,Conveyor Belts — Fire Resistant Conveyor Belting for Underground Mines and Such other Hazardous Applications — Specification,hi,NOT_TRANSLATED,NEEDS_HUMAN_OR_MODEL_VALIDATION,AUXILIARY_ONLY
RV-V03-001364,MSV1-F3A182B3CBB74157,IS 5746 (Part 2):2025,Textiles — Woven Glass Fibres Fabrics for Plastic Laminates for Aerospace Purposes — Specification Part 2 Desized Fabrics ( Third Revision ),hi,NOT_TRANSLATED,NEEDS_HUMAN_OR_MODEL_VALIDATION,AUXILIARY_ONLY
RV-V03-001365,MSV1-64A4710AC51132B1,IS 5746 (Part 3):2025,Textiles — Woven Glass Fibres Fabrics for Plastic Laminates for Aerospace Purposes — Specification Part 3 Finished Fabrics for Use with Polyester Resin Systems ( Third Revision ),hi,NOT_TRANSLATED,NEEDS_HUMAN_OR_MODEL_VALIDATION,AUXILIARY_ONLY
RV-V03-001366,MSV1-6E4A13795C30B289,IS 5746 (Part 1):2025,Textiles — Woven Glass Fibres Fabrics for Plastic Laminates for Aerospace Purposes — Specification Part 1 Loom-State Fabrics ( Third Revision ),hi,NOT_TRANSLATED,NEEDS_HUMAN_OR_MODEL_VALIDATION,AUXILIARY_ONLY
RV-V03-001367,MSV1-AB93FE920EFAAB92,IS 1451:2025,Textiles — Handloom Cotton Drills — Specification (Second Revision),hi,NOT_TRANSLATED,NEEDS_HUMAN_OR_MODEL_VALIDATION,AUXILIARY_ONLY
RV-V03-001368,MSV1-92444AC58A98CF24,IS 1101:2025,Textiles — Handloom Cotton Cellular Shirting — Specification (Second Revision),hi,NOT_TRANSLATED,NEEDS_HUMAN_OR_MODEL_VALIDATION,AUXILIARY_ONLY
RV-V03-001369,MSV1-581D0E1C5C2813B6,IS 3773:2025,"Textiles — Napkins and Table Cloth, Bleached Cotton Khadi — Specification (Second Revision)",hi,NOT_TRANSLATED,NEEDS_HUMAN_OR_MODEL_VALIDATION,AUXILIARY_ONLY
RV-V03-001370,MSV1-04094A1655ECF027,IS 684:2025,TEXTILES — NEPS IN COTTON FIBRES — METHODS OF TEST ( First Revision ),hi,NOT_TRANSLATED,NEEDS_HUMAN_OR_MODEL_VALIDATION,AUXILIARY_ONLY
RV-V03-001371,MSV1-D23F609E19C26FFA,IS 19413:2025,Intelligent Traffic Management System Components — General Specifications for Smart Traffic Signalling Systems,hi,NOT_TRANSLATED,NEEDS_HUMAN_OR_MODEL_VALIDATION,AUXILIARY_ONLY
RV-V03-001372,MSV1-5A7D934AC80CF8A9,IS 19463:2025,Agro Textiles — High Density Polyethylene (HDPE) Woven Dry Fodder Storage Bags — Specification,hi,NOT_TRANSLATED,NEEDS_HUMAN_OR_MODEL_VALIDATION,AUXILIARY_ONLY
RV-V03-001373,MSV1-B8DA06DDF2473BA2,IS 19445:2025,Bomb Disposal Systems Performance Evaluation and Requirements,hi,NOT_TRANSLATED,NEEDS_HUMAN_OR_MODEL_VALIDATION,AUXILIARY_ONLY
RV-V03-001374,MSV1-027BB0E413093F51,IS 4551:2025,Lifeboat Crutches - Specification,hi,NOT_TRANSLATED,NEEDS_HUMAN_OR_MODEL_VALIDATION,AUXILIARY_ONLY
RV-V03-001375,MSV1-1A64E53C759F3E8C,IS 8790 (Part 1):2025,Powered Industrial Trucks Working in Hazardous Areas — General Requirements Part 1 Internal Combustion Engine Powered Trucks ( First Revision ),hi,NOT_TRANSLATED,NEEDS_HUMAN_OR_MODEL_VALIDATION,AUXILIARY_ONLY
RV-V03-001376,MSV1-EF42864F6173B5A8,IS 5326:2025,LifeBuoys - Specification,hi,NOT_TRANSLATED,NEEDS_HUMAN_OR_MODEL_VALIDATION,AUXILIARY_ONLY
RV-V03-001377,MSV1-6539D5C2D78C448C,IS 12264:2025,"Signalling Mirror for Lifeboats, Liferafts and Rescue Boats for Sea-Going Ships — Specification",hi,NOT_TRANSLATED,NEEDS_HUMAN_OR_MODEL_VALIDATION,AUXILIARY_ONLY
RV-V03-001378,MSV1-391E6B6256ADBB3B,IS 5235:2025,"Meteorology — Raingauges, Recording — Specification ( second revision )",hi,NOT_TRANSLATED,NEEDS_HUMAN_OR_MODEL_VALIDATION,AUXILIARY_ONLY
RV-V03-001379,MSV1-E5AAA831AF26ED88,IS 5847:2025,Pin Chuck for Introducing Steinman Pins Specification First Revision,hi,NOT_TRANSLATED,NEEDS_HUMAN_OR_MODEL_VALIDATION,AUXILIARY_ONLY
RV-V03-001380,MSV1-FBB24CEA7D902C44,IS 6976:2025,Kuntscher Diamond Pointed Awl Specification First Revision,hi,NOT_TRANSLATED,NEEDS_HUMAN_OR_MODEL_VALIDATION,AUXILIARY_ONLY
RV-V03-001381,MSV1-F3ED4D32A77ECFC9,IS 7055:2025,Drivers for Kuntscher Nail Specification First Revision,hi,NOT_TRANSLATED,NEEDS_HUMAN_OR_MODEL_VALIDATION,AUXILIARY_ONLY
RV-V03-001382,MSV1-798F12CFD0CF62FF,IS 7105 (Part 1):2025,Extractor for Kuntscher Nail Specification Part 1 Handle Type First Revision,hi,NOT_TRANSLATED,NEEDS_HUMAN_OR_MODEL_VALIDATION,AUXILIARY_ONLY
RV-V03-001383,MSV1-0C1E0A00A2C7FA8F,IS 7105 (Part 2):2025,Extractor for Kuntscher Nail Specification Part 2 Striker Type First Revision,hi,NOT_TRANSLATED,NEEDS_HUMAN_OR_MODEL_VALIDATION,AUXILIARY_ONLY
RV-V03-001384,MSV1-8C3E8CE5E0B3D01E,IS 7106:2025,Orthopaedic Staple Extractor — Specification First Revision,hi,NOT_TRANSLATED,NEEDS_HUMAN_OR_MODEL_VALIDATION,AUXILIARY_ONLY
RV-V03-001385,MSV1-D4F5743F9C49B829,IS 7108:2025,Hammer for Kuntscher Nail Extractor Specification First Revision,hi,NOT_TRANSLATED,NEEDS_HUMAN_OR_MODEL_VALIDATION,AUXILIARY_ONLY
RV-V03-001386,MSV1-C66B74F20EEB4352,IS 7107:2025,Orthopaedic Staple Punch Specification First Revision,hi,NOT_TRANSLATED,NEEDS_HUMAN_OR_MODEL_VALIDATION,AUXILIARY_ONLY
RV-V03-001387,MSV1-F8684A9DC8D17FC1,IS 17900 (Part 11):2025,LIFTS FOR THE TRANSPORT OF PERSONS AND GOODS PART 11: SAFETY NORMS FOR EXISTING LIFTS RISK ASSESSMENT AND RISK REDUCTION,hi,NOT_TRANSLATED,NEEDS_HUMAN_OR_MODEL_VALIDATION,AUXILIARY_ONLY
RV-V03-001388,MSV1-16CFC7947787F9F8,IS 19478:2025,Bovine Endometrial Cytotaping Catheter Specification,hi,NOT_TRANSLATED,NEEDS_HUMAN_OR_MODEL_VALIDATION,AUXILIARY_ONLY
RV-V03-001389,MSV1-DCC7283D43AEF66D,IS 1448 (Part 201):2025,"Petroleum and its Products - Methods of test Part 201 Determination of Oxygenates such as Ethers, Tertiary Amyl Alcohol and C1 to C4 Alcohols in Motor Gasoline by Gas Chromatography Method",hi,NOT_TRANSLATED,NEEDS_HUMAN_OR_MODEL_VALIDATION,AUXILIARY_ONLY
RV-V03-001390,MSV1-80EC96E86C7B910F,IS 19397:2025,Compounded Feed for Pregnant Cows and Buffaloes — Specification,hi,NOT_TRANSLATED,NEEDS_HUMAN_OR_MODEL_VALIDATION,AUXILIARY_ONLY
RV-V03-001391,MSV1-99EC60AAF26AE121,IS 19361:2025,Unmanned Aerial Spraying Systems — Requirements and Test Procedure,hi,NOT_TRANSLATED,NEEDS_HUMAN_OR_MODEL_VALIDATION,AUXILIARY_ONLY
RV-V03-001392,MSV1-D4EE56F4046BB86E,IS 14724:2025,ULTRAVIOLET BASED POINT OF USE WATER DISINFECTION SYSTEM FOR DRINKING PURPOSES— SPECIFICATION,hi,NOT_TRANSLATED,NEEDS_HUMAN_OR_MODEL_VALIDATION,AUXILIARY_ONLY
RV-V03-001393,MSV1-C66B08C8AB732CC2,IS 12758:2025,"Cheese and Processed Cheese Products, Caseins and caseinates — Determination of Fat Content — Gravimetric Method (Second Revision)",hi,NOT_TRANSLATED,NEEDS_HUMAN_OR_MODEL_VALIDATION,AUXILIARY_ONLY
RV-V03-001394,MSV1-7CA230ED15E04BAA,IS 11623:2025,Dried Milk and Dried Milk Products - Determination of Moisture Content (Reference Method) (Second Revision),hi,NOT_TRANSLATED,NEEDS_HUMAN_OR_MODEL_VALIDATION,AUXILIARY_ONLY
RV-V03-001395,MSV1-C83EF4CC2E3E5279,IS 15930 (Part 1):2025,REQUIREMENTS FOR GOOD AGRICULTURAL PRACTICES IndiaGAP PART 1 CROP BASE First Revision of IS 15930 Part 1,hi,NOT_TRANSLATED,NEEDS_HUMAN_OR_MODEL_VALIDATION,AUXILIARY_ONLY
RV-V03-001396,MSV1-15C1DDC35DC446F9,IS 4307:2025,Fish Meal as Poultry Feed Ingredient — Specification (Third Revision),hi,NOT_TRANSLATED,NEEDS_HUMAN_OR_MODEL_VALIDATION,AUXILIARY_ONLY
RV-V03-001397,MSV1-A2FBCFA87CEBB900,IS 1942:2025,Bone-Meal As Poultry Feed Supplement — Specification ( Second Revision ),hi,NOT_TRANSLATED,NEEDS_HUMAN_OR_MODEL_VALIDATION,AUXILIARY_ONLY
RV-V03-001398,MSV1-2FA32F9820C415DE,IS 5065:2025,Meat Meal as Poultry Feed Ingredient — Specification (Second Revision),hi,NOT_TRANSLATED,NEEDS_HUMAN_OR_MODEL_VALIDATION,AUXILIARY_ONLY
RV-V03-001399,MSV1-92A822FD7A87683B,IS 6107:2025,Dried Silk Worm Pupae as Poultry Feed Ingredient — Specification ( First Revision ),hi,NOT_TRANSLATED,NEEDS_HUMAN_OR_MODEL_VALIDATION,AUXILIARY_ONLY
RV-V03-001400,MSV1-45A2599AF639E291,IS 7060:2025,Blood Meal as Poultry Feed Ingredient — Specification ( First Revision ),hi,NOT_TRANSLATED,NEEDS_HUMAN_OR_MODEL_VALIDATION,AUXILIARY_ONLY
RV-V03-001401,MSV1-B3F555D7736205D0,IS 9700:2025,Activated Alumina - Specification (Second Revision),hi,NOT_TRANSLATED,NEEDS_HUMAN_OR_MODEL_VALIDATION,AUXILIARY_ONLY
RV-V03-001402,MSV1-2666542350641417,IS 13334 (Part 1):2025,Skimmed Milk Powder — Specification : Part 1 Standard Grade ( Third Revision ),hi,NOT_TRANSLATED,NEEDS_HUMAN_OR_MODEL_VALIDATION,AUXILIARY_ONLY
RV-V03-001403,MSV1-2902CFC84A54AB70,IS 13334 (Part 2):2025,Skimmed Milk Powder — Specification : Part 2 Extra Grade ( Second Revision ),hi,NOT_TRANSLATED,NEEDS_HUMAN_OR_MODEL_VALIDATION,AUXILIARY_ONLY
RV-V03-001404,MSV1-11E03BBB4FDD049D,IS 14542:2025,Partly Skimmed Milk Powder — Specification ( First Revision ),hi,NOT_TRANSLATED,NEEDS_HUMAN_OR_MODEL_VALIDATION,AUXILIARY_ONLY
RV-V03-001405,MSV1-C63A9C313B9C89C8,IS 10167:2025,Method for upsetting test on metallic materials (First Revision),hi,NOT_TRANSLATED,NEEDS_HUMAN_OR_MODEL_VALIDATION,AUXILIARY_ONLY
RV-V03-001406,MSV1-1EE799E45E228ADA,IS 6885 (Part 1):2025,Metallic materials Knoop hardness test Part 1: Test method (Third Revision),hi,NOT_TRANSLATED,NEEDS_HUMAN_OR_MODEL_VALIDATION,AUXILIARY_ONLY
RV-V03-001407,MSV1-0504103EBB960520,IS 10748:2025,Hot-Rolled Steel Strip for Welded Tubes and Pipes - Specification ( Third Revision),hi,NOT_TRANSLATED,NEEDS_HUMAN_OR_MODEL_VALIDATION,AUXILIARY_ONLY
RV-V03-001408,MSV1-416482B30E6E6336,IS 16730 (Part 1):2025,BUILDING CONSTRUCTION MACHINERY AND EQUIPMENT CONCRETE PUMPS PART 1 COMMERCIAL SPECIFICATIONS First Revision Adoption of ISO 21573-1,hi,NOT_TRANSLATED,NEEDS_HUMAN_OR_MODEL_VALIDATION,AUXILIARY_ONLY
RV-V03-001409,MSV1-5859D76835283E3A,IS 4454 (Part 2):2025,Steel wire for mechanical springs - Specification : Part 2 oil hardened and tempered steel wire,hi,NOT_TRANSLATED,NEEDS_HUMAN_OR_MODEL_VALIDATION,AUXILIARY_ONLY
RV-V03-001410,MSV1-8C7857076D795F1A,IS 2721:2025,"GALVANIZED POLY CHLORIDE (PVC), POLYOLEFIN AND OTHER POLYMER - COATED STEEL CHAIN LINK FENCE FABRIC — SPECIFICATION (Third Revision of IS 2721)",hi,NOT_TRANSLATED,NEEDS_HUMAN_OR_MODEL_VALIDATION,AUXILIARY_ONLY
RV-V03-001411,MSV1-C16042023E0136EC,IS 19469:2025,Jewellery — Consumer confidence in the diamond industry,hi,NOT_TRANSLATED,NEEDS_HUMAN_OR_MODEL_VALIDATION,AUXILIARY_ONLY
RV-V03-001412,MSV1-396E4B2E58D794AF,IS 19461:2025,ELECTRONIC LOCKS FOR SECURITY EQUIPMENT SPECIFICATIONS,hi,NOT_TRANSLATED,NEEDS_HUMAN_OR_MODEL_VALIDATION,AUXILIARY_ONLY
RV-V03-001413,MSV1-62425D830DE67442,IS 15086 (Part 8):2025,Surge arresters: Part 8 metal oxide surge arresters with external series gap EGLA for overhead transmission and distribution lines of ac systems above 1 kv,hi,NOT_TRANSLATED,NEEDS_HUMAN_OR_MODEL_VALIDATION,AUXILIARY_ONLY
RV-V03-001414,MSV1-E2D4B062474C5A2E,IS/IEC 60154 (Part 3):1982,Flanges for Waveguides Part 3: Relevant Specifications for Flanges for Flat Rectangular Waveguides First Revision,hi,NOT_TRANSLATED,NEEDS_HUMAN_OR_MODEL_VALIDATION,AUXILIARY_ONLY
RV-V03-001415,MSV1-3FF57825194C3CDB,IS 17520 (Part 3):2025,Safety of Machinery - Safety-Related Sensors Used for the Protection of Persons Part 3 Sensor Technologies and Algorithms,hi,NOT_TRANSLATED,NEEDS_HUMAN_OR_MODEL_VALIDATION,AUXILIARY_ONLY
RV-V03-001416,MSV1-9C45AE089A8CD885,IS 13925 (Part 1):2025,SHUNT CAPACITORS FOR AC POWER SYSTEMS HAVING A RATED VOLTAGE ABOVE 1 000 V PART 1: GENERAL Second Revision,hi,NOT_TRANSLATED,NEEDS_HUMAN_OR_MODEL_VALIDATION,AUXILIARY_ONLY
RV-V03-001417,MSV1-853ED41029EFC35A,IS 13925 (Part 2):2025,SHUNT CAPACITORS FOR AC POWER SYSTEMS HAVING A RATED VOLTAGE ABOVE 1 000 V PART 2: ENDURANCE TESTING Second Revision,hi,NOT_TRANSLATED,NEEDS_HUMAN_OR_MODEL_VALIDATION,AUXILIARY_ONLY
RV-V03-001418,MSV1-17E501704CEC4753,IS 13925 (Part 3):2025,SHUNT CAPACITORS FOR AC POWER SYSTEMS HAVING A RATED VOLTAGE ABOVE 1 000 V PART 3: PROTECTION OF SHUNT CAPACITORS AND SHUNT CAPACITOR BANKS First Revision,hi,NOT_TRANSLATED,NEEDS_HUMAN_OR_MODEL_VALIDATION,AUXILIARY_ONLY
RV-V03-001419,MSV1-5E914B0C6382709F,IS 13925 (Part 4):2025,SHUNT CAPACITORS FOR AC POWER SYSTEMS HAVING A RATED VOLTAGE ABOVE 1 000 V PART 4: INTERNAL FUSES First Revision,hi,NOT_TRANSLATED,NEEDS_HUMAN_OR_MODEL_VALIDATION,AUXILIARY_ONLY
RV-V03-001420,MSV1-950EE034C3FD4E6B,IS/IEC 62896:2024,HYBRID INSULATORS FOR ac AND dc FOR HIGH-VOLTAGE APPLICATIONS GREATER THAN 1 000 V ac AND 1 500 V dc DEFINITIONS TEST METHODS AND ACCEPTANCE CRITERIA First Revision,hi,NOT_TRANSLATED,NEEDS_HUMAN_OR_MODEL_VALIDATION,AUXILIARY_ONLY
RV-V03-001421,MSV1-D7B89D2E73553093,IS 16836:2025,Financial services Financial instrument short name FISN,hi,NOT_TRANSLATED,NEEDS_HUMAN_OR_MODEL_VALIDATION,AUXILIARY_ONLY
RV-V03-001422,MSV1-1671F3EFC211B1AD,IS 19493:2025,Healthcare Services – Format of Hospital Bills – Requirements and Recommendations,hi,NOT_TRANSLATED,NEEDS_HUMAN_OR_MODEL_VALIDATION,AUXILIARY_ONLY
RV-V03-001423,MSV1-DCD39A32CB735B8F,IS 17900 (Part 10):2025,Lifts for The Transport of Persons and Goods PART 10 Replacement of Existing Passenger and Goods Passenger Lifts in Existing Buildings,hi,NOT_TRANSLATED,NEEDS_HUMAN_OR_MODEL_VALIDATION,AUXILIARY_ONLY
RV-V03-001424,MSV1-6D1F431A8905FF9C,IS/ISO 21001:2025,Educational organizations Management systems for educational organizations Requirements with guidance for use,hi,NOT_TRANSLATED,NEEDS_HUMAN_OR_MODEL_VALIDATION,AUXILIARY_ONLY
RV-V03-001425,MSV1-C71118F457B56F8F,IS 61709:2017,Electric components Reliability Reference conditions for failure rates and stress models for conversion (Superseding IS 7354 (Part 3): 2011),hi,NOT_TRANSLATED,NEEDS_HUMAN_OR_MODEL_VALIDATION,AUXILIARY_ONLY
RV-V03-001426,MSV1-6A48C58B3C95F577,IS 61703:2016,Mathematical expressions for reliability availability maintainability and maintenance support terms,hi,NOT_TRANSLATED,NEEDS_HUMAN_OR_MODEL_VALIDATION,AUXILIARY_ONLY
RV-V03-001427,MSV1-F21A01600C811403,IS/IEC/TS 61400 (Part 28):2025,Wind Energy Generation Systems Part 28: Through-life management and life extension of wind power assets,hi,NOT_TRANSLATED,NEEDS_HUMAN_OR_MODEL_VALIDATION,AUXILIARY_ONLY
RV-V03-001428,MSV1-CCD754723D09D544,IS 17153:2025,DOMESTIC GAS STOVES AND BUILT IN HOB FOR USE WITH PNG SPECIFICATION (First Revision of IS 17153),hi,NOT_TRANSLATED,NEEDS_HUMAN_OR_MODEL_VALIDATION,AUXILIARY_ONLY
RV-V03-001429,MSV1-660D9DDD864F3D41,IS 3626:2025,LOCKED COIL WINDING ROPES SPECIFICATION (Fourth Revision of IS 3626),hi,NOT_TRANSLATED,NEEDS_HUMAN_OR_MODEL_VALIDATION,AUXILIARY_ONLY
RV-V03-001430,MSV1-5BF7B029F7CCCFE1,IS 19404:2025,FORGED SHACKLES FOR GENERAL LIFTING PURPOSES DEE SHACKLES AND BOW SHACKLES First Revision,hi,NOT_TRANSLATED,NEEDS_HUMAN_OR_MODEL_VALIDATION,AUXILIARY_ONLY
RV-V03-001431,MSV1-9BDDD766294BFE77,IS 19408:2025,Audit Data Collection Customs and Indirect Tax Extension,hi,NOT_TRANSLATED,NEEDS_HUMAN_OR_MODEL_VALIDATION,AUXILIARY_ONLY
RV-V03-001432,MSV1-CB22E6B008724D25,IS 19446:2025,Audit data collection extension Government regulated financial reports and payroll,hi,NOT_TRANSLATED,NEEDS_HUMAN_OR_MODEL_VALIDATION,AUXILIARY_ONLY
RV-V03-001433,MSV1-8EE631687E5AEA2A,IS 16005 (Part 1):2025,Financial Services Secure Cryptographic Devices Retail Part 1: Concepts and Requirements Second Revision,hi,NOT_TRANSLATED,NEEDS_HUMAN_OR_MODEL_VALIDATION,AUXILIARY_ONLY
RV-V03-001434,MSV1-40ECDE33CF909833,IS 12668:2025,MELTING CHARACTERISTICS OF SPONGE IRONDIRECT REDUCED IRON DRI First Revision,hi,NOT_TRANSLATED,NEEDS_HUMAN_OR_MODEL_VALIDATION,AUXILIARY_ONLY
RV-V03-001435,MSV1-44B62583535FCD20,IS 4182:2025,Misch Metal — Specification (Second Revision),hi,NOT_TRANSLATED,NEEDS_HUMAN_OR_MODEL_VALIDATION,AUXILIARY_ONLY
RV-V03-001436,MSV1-4451B6A126BF36D1,IS 10773:2025,Wrought copper tubes for refrigeration and air-conditioning purposes — Specification (Second Revision),hi,NOT_TRANSLATED,NEEDS_HUMAN_OR_MODEL_VALIDATION,AUXILIARY_ONLY
RV-V03-001437,MSV1-AC78055A834C0632,IS 17613:2025,GAS CYLINDERS REFILLABLE WELDED ALUMINIUM ALLOY CYLINDERS DESIGN CONSTRUCTION AND TESTING First Revision of IS 17613,hi,NOT_TRANSLATED,NEEDS_HUMAN_OR_MODEL_VALIDATION,AUXILIARY_ONLY
RV-V03-001438,MSV1-A32C2C6F05AD46AA,IS 15369:2025,CONSTRUCTION OF VAULT STRONG ROOM CODE OF PRACTICE (Second Revision of IS 15369),hi,NOT_TRANSLATED,NEEDS_HUMAN_OR_MODEL_VALIDATION,AUXILIARY_ONLY
RV-V03-001439,MSV1-10EE9112368B680C,IS 3596:2025,Textiles — Glossary of Terms Relating to Hosiery ( First Revision),hi,NOT_TRANSLATED,NEEDS_HUMAN_OR_MODEL_VALIDATION,AUXILIARY_ONLY
RV-V03-001440,MSV1-0AE87D7F9CADF684,IS 19441:2025,TEXTILES SMOOTHNESS CHARACTERISTICS OF FABRIC METHODS OF TEST,hi,NOT_TRANSLATED,NEEDS_HUMAN_OR_MODEL_VALIDATION,AUXILIARY_ONLY
RV-V03-001441,MSV1-A3E292752B3E7EE7,IS 6124:2025,TEXTILES — CRIMP IN WOOL FIBRES — METHODS OF TEST ( First Revision ),hi,NOT_TRANSLATED,NEEDS_HUMAN_OR_MODEL_VALIDATION,AUXILIARY_ONLY
RV-V03-001442,MSV1-639FBFB2D8698BF5,IS 19387:2025,Textiles — Single Jersey Cotton Synthetic and Blended Leggings — Specification,hi,NOT_TRANSLATED,NEEDS_HUMAN_OR_MODEL_VALIDATION,AUXILIARY_ONLY
RV-V03-001443,MSV1-28C711F29E0D403D,IS 7703 (Part 3):2025,TEXTILES — MAN-MADE FIBRES CONTINUOUS FILAMENT FLAT YARN — METHOD OF TEST PART 3 COMMERCIAL MASS ( Second Revision ),hi,NOT_TRANSLATED,NEEDS_HUMAN_OR_MODEL_VALIDATION,AUXILIARY_ONLY
RV-V03-001444,MSV1-B796A0A8CAED4FF5,IS 19388:2025,Textiles — Single Jersey Cotton Synthetic and Blended Shorts — Specification,hi,NOT_TRANSLATED,NEEDS_HUMAN_OR_MODEL_VALIDATION,AUXILIARY_ONLY
RV-V03-001445,MSV1-7D6E8403F91A486C,IS 19373:2025,TEXTILES — SINGLE JERSEY COTTON SYNTHETIC AND BLENDED WOMENS STOCKINGS — SPECIFICATION,hi,NOT_TRANSLATED,NEEDS_HUMAN_OR_MODEL_VALIDATION,AUXILIARY_ONLY
RV-V03-001446,MSV1-9203695068659038,IS 19436:2025,Textiles Smart Textiles Test Method for Sheet Resistance of Conductive Textiles using Non-Contact Type,hi,NOT_TRANSLATED,NEEDS_HUMAN_OR_MODEL_VALIDATION,AUXILIARY_ONLY
RV-V03-001447,MSV1-088C4717D4D0DDAA,IS 19437:2025,TEXTILES AND TEXTILE PRODUCTS SMART INTELLIGENT TEXTILES DEFINITIONS CATEGORISATION APPLICATIONS AND STANDARDIZATION NEEDS,hi,NOT_TRANSLATED,NEEDS_HUMAN_OR_MODEL_VALIDATION,AUXILIARY_ONLY
RV-V03-001448,MSV1-A2BA7F5210BA4CB5,IS/ISO/IEC 2382 (Part 37):2022,Information Technology Vocabulary Part 37: Biometrics,hi,NOT_TRANSLATED,NEEDS_HUMAN_OR_MODEL_VALIDATION,AUXILIARY_ONLY
RV-V03-001449,MSV1-234525353C9C28C2,IS/IEC 62477 (Part 1):2022,Safety requirements for power electronic converter systems and equipment Part 1 General,hi,NOT_TRANSLATED,NEEDS_HUMAN_OR_MODEL_VALIDATION,AUXILIARY_ONLY
RV-V03-001450,MSV1-3119CBC9CEECDF42,IS/IEC 62477 (Part 2):2018,Safety requirements for power electronic converter systems and equipment Part 2 Power electronic converters from 1 000 V a.c or 1 500 V d.c up to 36 kV a.c or 54 kV d.c.,hi,NOT_TRANSLATED,NEEDS_HUMAN_OR_MODEL_VALIDATION,AUXILIARY_ONLY
RV-V03-001451,MSV1-400C888E7DE992A9,IS 19327 (Part 2):2025,METHODS OF PREPARATION OF HOMOEOPATHIC MOTHER TINCTURES Part 2 PERCOLATION,hi,NOT_TRANSLATED,NEEDS_HUMAN_OR_MODEL_VALIDATION,AUXILIARY_ONLY
RV-V03-001452,MSV1-B9F01FD385C5AE04,IS/IEC 60034 (Part 27/Sec 1):2017,Rotating electrical machines Part 27 Winding insulation of rotating electrical machines Section 1 Off-Line partial discharge measurements on the winding insulation,hi,NOT_TRANSLATED,NEEDS_HUMAN_OR_MODEL_VALIDATION,AUXILIARY_ONLY
RV-V03-001453,MSV1-C337D572DFDDDFAA,IS/IEC 60034 (Part 27/Sec 2):2023,Rotating electrical machines Part 27 Winding insulation of rotating electrical machines Section 2 On-line partial discharge measurements on the stator winding insulation,hi,NOT_TRANSLATED,NEEDS_HUMAN_OR_MODEL_VALIDATION,AUXILIARY_ONLY
RV-V03-001454,MSV1-4C661F6F0FD6FA97,IS/IEC 60034 (Part 27/Sec 3):2015,Rotating electrical machines Part 27 Winding insulation of rotating electrical machines Section 3 Dielectric dissipation factor measurement on stator winding insulation of rotating electrical machines,hi,NOT_TRANSLATED,NEEDS_HUMAN_OR_MODEL_VALIDATION,AUXILIARY_ONLY
RV-V03-001455,MSV1-7F63E636430637A7,SP 74:2025,REVISED STATE OF THE ART OF METRIC SYSTEM IN INDIA (An update to the SP4 : 1969 Metric Change in India),hi,NOT_TRANSLATED,NEEDS_HUMAN_OR_MODEL_VALIDATION,AUXILIARY_ONLY
RV-V03-001456,MSV1-2D872C311153848B,IS 14970:2025,Leather — Determination of Distension and Strength of Surface (Ball Burst Method),hi,NOT_TRANSLATED,NEEDS_HUMAN_OR_MODEL_VALIDATION,AUXILIARY_ONLY
RV-V03-001457,MSV1-6AB0A38FA591DFE5,IS 19416:2025,Internet of Things (loT) — Digital Twin — Use Cases,hi,NOT_TRANSLATED,NEEDS_HUMAN_OR_MODEL_VALIDATION,AUXILIARY_ONLY
RV-V03-001458,MSV1-5C67164DA4A5D860,IS 19381:2025,Adventure tourism Cyclotourism Requirements and recommendations,hi,NOT_TRANSLATED,NEEDS_HUMAN_OR_MODEL_VALIDATION,AUXILIARY_ONLY
RV-V03-001459,MSV1-A89FF6D7B944351D,IS 19384:2025,Tourism and Related Services Online Travel Agency OTA Guidelines for Online Accommodation Booking Platform Services,hi,NOT_TRANSLATED,NEEDS_HUMAN_OR_MODEL_VALIDATION,AUXILIARY_ONLY
RV-V03-001460,MSV1-7E4474AAEAEB8EE4,IS 19385:2025,Tourism and Related Services - Restaurants and Catering - Vocabulary,hi,NOT_TRANSLATED,NEEDS_HUMAN_OR_MODEL_VALIDATION,AUXILIARY_ONLY
RV-V03-001461,MSV1-DF631BD4825BA0FA,IS/ISO 25639 (Part 1):2025,Exhibitions and Events Part 1: Vocabulary,hi,NOT_TRANSLATED,NEEDS_HUMAN_OR_MODEL_VALIDATION,AUXILIARY_ONLY
RV-V03-001462,MSV1-AC3BAFC04BF2DC44,IS 19418:2025,CAMPUS FACILITIES AND ACCOMMODATION SERVICES FOR EDUCATIONAL ORGANIZATIONS — REQUIREMENTS,hi,NOT_TRANSLATED,NEEDS_HUMAN_OR_MODEL_VALIDATION,AUXILIARY_ONLY
RV-V03-001463,MSV1-09E4ACBCDF0C34B6,IS/IEC 60034 (Part 30/Sec 3):2024,Rotating electrical machines Part 30 Efficiency classes Section 3 High voltage a.c. motors IE-code,hi,NOT_TRANSLATED,NEEDS_HUMAN_OR_MODEL_VALIDATION,AUXILIARY_ONLY
RV-V03-001464,MSV1-D962B503F492CA08,IS/IEC 60793 (Part 1/Sec 22):2024,Optical fibres Part 1-22: Measurement methods and test procedures - Length measurement First Revision,hi,NOT_TRANSLATED,NEEDS_HUMAN_OR_MODEL_VALIDATION,AUXILIARY_ONLY
RV-V03-001465,MSV1-21996C3AF7BD5EB3,IS 17900 (Part 4):2025,Lifts for the Transport of Persons and Goods Part 4 Specifications for Control Devices Buttons Signals Indicators and Other Fittings,hi,NOT_TRANSLATED,NEEDS_HUMAN_OR_MODEL_VALIDATION,AUXILIARY_ONLY
RV-V03-001466,MSV1-DAD4B2FC196F13CF,IS/IEC 62429:2007,Reliability growth Stress testing for early failures in unique complex systems,hi,NOT_TRANSLATED,NEEDS_HUMAN_OR_MODEL_VALIDATION,AUXILIARY_ONLY
RV-V03-001467,MSV1-CB66546ED1507707,IS/ISO/IEC 5259 (Part 1):2024,Artificial Intelligence Data Quality for Analytics and Machine Learning ML Part 1: Overview Terminology and Examples,hi,NOT_TRANSLATED,NEEDS_HUMAN_OR_MODEL_VALIDATION,AUXILIARY_ONLY
RV-V03-001468,MSV1-7CA142DA3F82EBC4,IS/ISO/IEC 5259 (Part 2):2024,Artificial Intelligence Data Quality for Analytics and Machine Learning ML Part 2: Data Quality Measures,hi,NOT_TRANSLATED,NEEDS_HUMAN_OR_MODEL_VALIDATION,AUXILIARY_ONLY
RV-V03-001469,MSV1-A2ED84A1A9574AD5,IS/ISO/IEC 5259 (Part 3):2024,Artificial Intelligence Data Quality for Analytics and Machine Learning ML Part 3: Data Quality Management Requirements and Guidelines,hi,NOT_TRANSLATED,NEEDS_HUMAN_OR_MODEL_VALIDATION,AUXILIARY_ONLY
RV-V03-001470,MSV1-CB88970DA3A0EF4E,IS/ISO/IEC 5259 (Part 4):2024,Artificial intelligence Data Quality for Analytics and Machine Learning ML Part 4: Data Quality Process Framework,hi,NOT_TRANSLATED,NEEDS_HUMAN_OR_MODEL_VALIDATION,AUXILIARY_ONLY
RV-V03-001471,MSV1-CFDA9D68F2D8B3C7,IS 19276:2025,COUMARIN - SPECIFICATION,hi,NOT_TRANSLATED,NEEDS_HUMAN_OR_MODEL_VALIDATION,AUXILIARY_ONLY
RV-V03-001472,MSV1-0B421107D8DD5C1B,IS 19278 (Part 1):2025,Electronic Signatures and Infrastructures (ESI) — Procedures for Creation and Validation of AdES Digital Signatures Part 1 Creation and Validation,hi,NOT_TRANSLATED,NEEDS_HUMAN_OR_MODEL_VALIDATION,AUXILIARY_ONLY
RV-V03-001473,MSV1-59C836F32CE326F5,IS 19357:2025,Textile Floor Coverings - State of the Art on Maintenance and Cleaning,hi,NOT_TRANSLATED,NEEDS_HUMAN_OR_MODEL_VALIDATION,AUXILIARY_ONLY
RV-V03-001474,MSV1-D7CDD1D37A1690A7,IS 19332:2025,Electronic Signatures and Infrastructures ESI The framework for standardization of signatures Definitions and abbreviations,hi,NOT_TRANSLATED,NEEDS_HUMAN_OR_MODEL_VALIDATION,AUXILIARY_ONLY
RV-V03-001475,MSV1-34D76A79AE9810D0,IS 17900 (Part 7/Sec 1):2025,Lift for the Transport of Person and Goods Part 7 Lifts for Special Applications Section 1 Lifts Used Under-Construction Buildings,hi,NOT_TRANSLATED,NEEDS_HUMAN_OR_MODEL_VALIDATION,AUXILIARY_ONLY
RV-V03-001476,MSV1-C1BFEFAADD205E38,IS 19118:2025,Safety of Machinery - Guidelines on Functional Safety of Safety-Related Control System,hi,NOT_TRANSLATED,NEEDS_HUMAN_OR_MODEL_VALIDATION,AUXILIARY_ONLY
RV-V03-001477,MSV1-A168F65661DEDC41,IS 5182 (Part 30):2025,Air Pollution - Methods For Measurement Part 30 Metals in Particulate Matter in Ambient Air,hi,NOT_TRANSLATED,NEEDS_HUMAN_OR_MODEL_VALIDATION,AUXILIARY_ONLY
RV-V03-001478,MSV1-8E0E09916CE774E0,IS 19383:2025,Audiometric Test Room - Specification,hi,NOT_TRANSLATED,NEEDS_HUMAN_OR_MODEL_VALIDATION,AUXILIARY_ONLY
RV-V03-001479,MSV1-6543C309CF1319C9,IS 19400:2025,HOLARRHENA ANTIDYSENTERICA HYDRO-ALCOHOLIC EXTRACT FOR USE IN HOMOEOPATHY- SPECIFICATION,hi,NOT_TRANSLATED,NEEDS_HUMAN_OR_MODEL_VALIDATION,AUXILIARY_ONLY
RV-V03-001480,MSV1-23632E00BF5F3D8A,IS 14223 (Part 2):2025,Polished Building Stones –– Specification Part 2 Marble and Similar Stones,hi,NOT_TRANSLATED,NEEDS_HUMAN_OR_MODEL_VALIDATION,AUXILIARY_ONLY
RV-V03-001481,MSV1-8F27C798F02C3A59,IS 19409:2025,SERVICE VALVES FOR AIR CONDITIONING AND REFRIGERATION PURPOSES - SPECIFICATION,hi,NOT_TRANSLATED,NEEDS_HUMAN_OR_MODEL_VALIDATION,AUXILIARY_ONLY
RV-V03-001482,MSV1-0E6C8AAE69613148,IS 15559:2025,POLYESTER PET STRAPPING SPECIFICATION,hi,NOT_TRANSLATED,NEEDS_HUMAN_OR_MODEL_VALIDATION,AUXILIARY_ONLY
RV-V03-001483,MSV1-A2C745F72841EACA,IS 12844:2025,Vinyl Pyridine Latex — Specification,hi,NOT_TRANSLATED,NEEDS_HUMAN_OR_MODEL_VALIDATION,AUXILIARY_ONLY
RV-V03-001484,MSV1-3E7D6A5C543F21D7,IS 1671:2025,TEXTILES — STRENGTH PARAMETERS OF YARNS SPUN ON COTTON SYSTEM — METHODS OF TEST,hi,NOT_TRANSLATED,NEEDS_HUMAN_OR_MODEL_VALIDATION,AUXILIARY_ONLY
RV-V03-001485,MSV1-A1A1D0EB8C55826B,IS 7845:2025,Textile Dyestuffs - Method for Evaluating Strength of Reactive Dyes Trichloropyrimidyl Type by Dyeing Test (Second Revision),hi,NOT_TRANSLATED,NEEDS_HUMAN_OR_MODEL_VALIDATION,AUXILIARY_ONLY
RV-V03-001486,MSV1-5254B742D1837CCE,IS 7471:2025,Recommendation for Polarity of Earth Connections and Marking of Electrical Equipment for Automobiles (First Revision),hi,NOT_TRANSLATED,NEEDS_HUMAN_OR_MODEL_VALIDATION,AUXILIARY_ONLY
RV-V03-001487,MSV1-BD87B50EA9F37C7E,IS 11657:2025,Phosphorus Oxychloride Technical - Specification (Second Revision),hi,NOT_TRANSLATED,NEEDS_HUMAN_OR_MODEL_VALIDATION,AUXILIARY_ONLY
RV-V03-001488,MSV1-64062318C88FCEA0,IS 3735:2025,Canvas Shoes Rubber Sole - Specification (Third Revision ),hi,NOT_TRANSLATED,NEEDS_HUMAN_OR_MODEL_VALIDATION,AUXILIARY_ONLY
RV-V03-001489,MSV1-FCDEFB04E5130FDD,IS 8540:2025,Liquid Glass Cleaner — Specification ( Second Revision ),hi,NOT_TRANSLATED,NEEDS_HUMAN_OR_MODEL_VALIDATION,AUXILIARY_ONLY
RV-V03-001490,MSV1-D6A739A02EDD5036,IS 13980:2025,ACCEPTANCE TESTS ON INDUSTRIAL BOILERS CODE OF PRACTICE,hi,NOT_TRANSLATED,NEEDS_HUMAN_OR_MODEL_VALIDATION,AUXILIARY_ONLY
RV-V03-001491,MSV1-73093B6035FEDFB2,IS 9821:2025,Farm Transport Equipment - Glossary ( First Revision),hi,NOT_TRANSLATED,NEEDS_HUMAN_OR_MODEL_VALIDATION,AUXILIARY_ONLY
RV-V03-001492,MSV1-15EF82AF4407E61D,IS 1493 (Part 1):2025,Methods of chemical analysis of iron ores Part 1 Determination of common constituents ( Second Revision),hi,NOT_TRANSLATED,NEEDS_HUMAN_OR_MODEL_VALIDATION,AUXILIARY_ONLY
RV-V03-001493,MSV1-EF965C4E3964D089,IS 3564:2025,Hydraulically Regulated Door Closers - Specification Fifth Revision of IS 3564 Amalgamating IS 14912,hi,NOT_TRANSLATED,NEEDS_HUMAN_OR_MODEL_VALIDATION,AUXILIARY_ONLY
RV-V03-001494,MSV1-EABF34A578903E3E,IS 6315:2025,Hydraulically Regulated Floor Springs - Specification Third Revision of IS 6315 ICS 91190,hi,NOT_TRANSLATED,NEEDS_HUMAN_OR_MODEL_VALIDATION,AUXILIARY_ONLY
RV-V03-001495,MSV1-C49E4AD43EE39E1F,IS 5114:2025,REFLECTORIZED SIGNS FOR MINES SPECIFICATION First Revision,hi,NOT_TRANSLATED,NEEDS_HUMAN_OR_MODEL_VALIDATION,AUXILIARY_ONLY
RV-V03-001496,MSV1-9DCD6E11C443A077,IS 10891 (Part 2):2025,STEEL WIRE ROPES FOR AERIAL ROPEWAYS SPECIFICATION PART 2 TRACK ROPES [Second Revision of IS 10891 (Part 2)],hi,NOT_TRANSLATED,NEEDS_HUMAN_OR_MODEL_VALIDATION,AUXILIARY_ONLY
RV-V03-001497,MSV1-419D892BCA79A4E1,IS 19389:2025,Monitoring Radioactive Gases in Effluents from Facilities Producing Positron Emitting Radionuclides and Radiopharmaceuticals,hi,NOT_TRANSLATED,NEEDS_HUMAN_OR_MODEL_VALIDATION,AUXILIARY_ONLY
RV-V03-001498,MSV1-EB7585448D72C54C,IS 19390:2025,Guidance for Gamma Spectrometry Measurement of Radioactive Waste,hi,NOT_TRANSLATED,NEEDS_HUMAN_OR_MODEL_VALIDATION,AUXILIARY_ONLY
RV-V03-001499,MSV1-615D9D5FDCEFF770,IS 19392:2025,Measurement of radioactivity - Gamma ray and beta emitting radionuclides - Test method to assess the ease of decontamination of surface materials,hi,NOT_TRANSLATED,NEEDS_HUMAN_OR_MODEL_VALIDATION,AUXILIARY_ONLY
RV-V03-001500,MSV1-6BEED4F8837A02CC,IS 19378:2025,Base Paper for Sublimation Coating and Sublimation Coated Paper Specification,hi,NOT_TRANSLATED,NEEDS_HUMAN_OR_MODEL_VALIDATION,AUXILIARY_ONLY
RV-V03-001501,MSV1-5D0BA51F8738085C,IS 19763:2026,Textile floor coverings - Aircraft Woven Carpet - Specification,ta,NOT_TRANSLATED,NEEDS_HUMAN_OR_MODEL_VALIDATION,AUXILIARY_ONLY
RV-V03-001502,MSV1-20BC1DA075E1C350,IS 19822:2026,FIBRE ROPES — ELECTROSTATIC SURFACE POTENTIAL MEASURING METHOD,ta,NOT_TRANSLATED,NEEDS_HUMAN_OR_MODEL_VALIDATION,AUXILIARY_ONLY
RV-V03-001503,MSV1-F4236670B769271D,IS 19783:2026,Textiles — 100 Percent Nylon Woven Fabric — Specifications,ta,NOT_TRANSLATED,NEEDS_HUMAN_OR_MODEL_VALIDATION,AUXILIARY_ONLY
RV-V03-001504,MSV1-356EEF4C2E00D4E4,IS 1608 (Part 5):2026,Metallic materials — Tensile testing Part 5: Specification for testing miniaturised test pieces,ta,NOT_TRANSLATED,NEEDS_HUMAN_OR_MODEL_VALIDATION,AUXILIARY_ONLY
RV-V03-001505,MSV1-58D4F26A33B657A5,IS 19881:2026,ASSIMILATIVE AND CARRYING CAPACITY ASSESSMENT OF AMBIENT AIR POLLUTION — METHODOLOGY,ta,NOT_TRANSLATED,NEEDS_HUMAN_OR_MODEL_VALIDATION,AUXILIARY_ONLY
RV-V03-001506,MSV1-77A59E41C9A194C0,IS 19879:2026,PREPARATION OF AIR QUALITY MANAGEMENT PLAN — CODE OF PRACTICE,ta,NOT_TRANSLATED,NEEDS_HUMAN_OR_MODEL_VALIDATION,AUXILIARY_ONLY
RV-V03-001507,MSV1-67937071AB131EA2,IS 19880:2026,CONTROL OF AIR POLLUTION FROM PLASTIC WASTE PYROLYSIS — CODE OF PRACTICE,ta,NOT_TRANSLATED,NEEDS_HUMAN_OR_MODEL_VALIDATION,AUXILIARY_ONLY
RV-V03-001508,MSV1-9B2179E3A5E26B8E,IS 19882 (Part 1):2026,Soil quality — Sampling — Part 1: Preliminary investigations,ta,NOT_TRANSLATED,NEEDS_HUMAN_OR_MODEL_VALIDATION,AUXILIARY_ONLY
RV-V03-001509,MSV1-F74A73AEDF348B67,IS 19882 (Part 2):2026,Soil quality — Sampling — Part 2: Investigation of potentially contaminated sites,ta,NOT_TRANSLATED,NEEDS_HUMAN_OR_MODEL_VALIDATION,AUXILIARY_ONLY
RV-V03-001510,MSV1-7CD6FE241264991E,IS 19882 (Part 3):2026,"Soil quality — Sampling — Part 3: Guidance on the procedure for investigation of natural, near-natural and cultivated sites",ta,NOT_TRANSLATED,NEEDS_HUMAN_OR_MODEL_VALIDATION,AUXILIARY_ONLY
RV-V03-001511,MSV1-4A86F08FC2974589,IS 8324:2026,Safe Use and Maintenance on Non Calibrated Round Steel Link Lifting Chains and Chain Slings Code of Practice (Second Revision),ta,NOT_TRANSLATED,NEEDS_HUMAN_OR_MODEL_VALIDATION,AUXILIARY_ONLY
RV-V03-001512,MSV1-5D692F4BDF89CE03,IS 13872:2026,HOUSEHOLD SEWING MACHINE - STITCH REGULATORS - SPECIFICATION ( First Revision ),ta,NOT_TRANSLATED,NEEDS_HUMAN_OR_MODEL_VALIDATION,AUXILIARY_ONLY
RV-V03-001513,MSV1-7C4E13F808C720BA,IS 9874:2026,Arm and Bed Assembly for Sewing Machines for Household Purposes — Specification ( First Revision ),ta,NOT_TRANSLATED,NEEDS_HUMAN_OR_MODEL_VALIDATION,AUXILIARY_ONLY
RV-V03-001514,MSV1-20ACEEB0051A3B01,IS 10325:2026,"Square tins of 15 kg or 15 litre capacity for ghee, vanaspati, edible oils and bakery shortenings — Specification (third revision)",ta,NOT_TRANSLATED,NEEDS_HUMAN_OR_MODEL_VALIDATION,AUXILIARY_ONLY
RV-V03-001515,MSV1-D8EEC4771AE63FE3,IS 12112:2026,Control of Air Pollution in Refractory Industries — Code of Practice (First Revision),ta,NOT_TRANSLATED,NEEDS_HUMAN_OR_MODEL_VALIDATION,AUXILIARY_ONLY
RV-V03-001516,MSV1-DF1D95FB49D5F0E3,IS 7385:2026,Taper grooved pins — Half-length progressive grooves — Specification (third revision),ta,NOT_TRANSLATED,NEEDS_HUMAN_OR_MODEL_VALIDATION,AUXILIARY_ONLY
RV-V03-001517,MSV1-E79E9873164FB2F5,IS 13618:2026,Mine Haulages - Direct Rope (50 kW to 150 kW) - General Requirements,ta,NOT_TRANSLATED,NEEDS_HUMAN_OR_MODEL_VALIDATION,AUXILIARY_ONLY
RV-V03-001518,MSV1-7BDE2FF9C85BC665,IS 12185:2026,CONTROL OF AIR POLLUTION IN ALUMINIUM INDUSTRY — CODE OF PRACTICE (First Revision),ta,NOT_TRANSLATED,NEEDS_HUMAN_OR_MODEL_VALIDATION,AUXILIARY_ONLY
RV-V03-001519,MSV1-27E0843782F7412B,IS 11916:2026,Textiles – Continuous filament glass yarn for aerospace and other purposes – Specification (second revision),ta,NOT_TRANSLATED,NEEDS_HUMAN_OR_MODEL_VALIDATION,AUXILIARY_ONLY
RV-V03-001520,MSV1-391106B5860F79C6,IS 10447:2026,Solid Waste Management in Iron and Steel Plants — Guidelines ( First Revision ),ta,NOT_TRANSLATED,NEEDS_HUMAN_OR_MODEL_VALIDATION,AUXILIARY_ONLY
RV-V03-001521,MSV1-B14B163A001A39A0,IS 11304:2026,CONTROL OF AIR POLLUTION IN IRON AND STEEL PLANTS — CODE OF PRACTICE (First Revision),ta,NOT_TRANSLATED,NEEDS_HUMAN_OR_MODEL_VALIDATION,AUXILIARY_ONLY
RV-V03-001522,MSV1-1DDE68C6A175E748,IS 16810 (Part 1):2026,Safety of Machinery — Safety-Related Parts of Control Systems Part 1 General Principles for Design (First Revision),ta,NOT_TRANSLATED,NEEDS_HUMAN_OR_MODEL_VALIDATION,AUXILIARY_ONLY
RV-V03-001523,MSV1-6C72DBECC4610B49,IS 16815:2026,Safety of Machinery — Positioning of Safeguards with Respect to the Approach of the Human Body (First Revision),ta,NOT_TRANSLATED,NEEDS_HUMAN_OR_MODEL_VALIDATION,AUXILIARY_ONLY
RV-V03-001524,MSV1-CAA5A939E23855D9,IS 7967:2026,Controlling Pollution of Marine Coastal Outfalls — Guidelines ( First Revision ),ta,NOT_TRANSLATED,NEEDS_HUMAN_OR_MODEL_VALIDATION,AUXILIARY_ONLY
RV-V03-001525,MSV1-2102B9299AE692BD,IS 3256:2026,Textiles — Inland Packaging of Ropes and Cordages — Code of Practice (Second Revision),ta,NOT_TRANSLATED,NEEDS_HUMAN_OR_MODEL_VALIDATION,AUXILIARY_ONLY
RV-V03-001526,MSV1-DA4934D3570DA0D7,IS 5175:2026,"Fibre ropes — Polypropylene split film monofilament and multifilament — 3-, 4-, 8- and 12- strand ropes (fifth revision)",ta,NOT_TRANSLATED,NEEDS_HUMAN_OR_MODEL_VALIDATION,AUXILIARY_ONLY
RV-V03-001527,MSV1-8DF868A81D7A0E2A,IS 13450 (Part 2/Sec 6):2026,Medical Electrical Equipment Part 2 Particular Requirements for Basic Safety and Essential Performance Section 6 Particular requirements for the basic safety and essential performance of microwave therapy equipment IEC 60601-2-6: 2022 MOD First Revision,ta,NOT_TRANSLATED,NEEDS_HUMAN_OR_MODEL_VALIDATION,AUXILIARY_ONLY
RV-V03-001528,MSV1-52A9639E1762156A,IS 15732 (Part 1):2026,Endoscopes - Medical Endoscopes and Endotherapy Devices Part 1 General Requirements (Second Revision),ta,NOT_TRANSLATED,NEEDS_HUMAN_OR_MODEL_VALIDATION,AUXILIARY_ONLY
RV-V03-001529,MSV1-AC4D3D747EFD6CC3,IS 15732 (Part 4):2026,Endoscopes - Medical endoscopes and endotherapy devices Part 4 Determination of maximum width of insertion portion (Second Revision),ta,NOT_TRANSLATED,NEEDS_HUMAN_OR_MODEL_VALIDATION,AUXILIARY_ONLY
RV-V03-001530,MSV1-52A4FC6EAEBF8FE1,IS 13450 (Part 2/Sec 75):2026,Medical electrical equipment Part 2 Particular requirements for the basic safety and essential performance Section 75 Photodynamic therapy and photodynamic diagnosis equipment,ta,NOT_TRANSLATED,NEEDS_HUMAN_OR_MODEL_VALIDATION,AUXILIARY_ONLY
RV-V03-001531,MSV1-F6BAB5C5201D5B3E,IS 13450 (Part 2/Sec 83):2026,Medical electrical equipment Part 2 Particular requirements for the basic safety and essential performance Section 83 Home light therapy equipment,ta,NOT_TRANSLATED,NEEDS_HUMAN_OR_MODEL_VALIDATION,AUXILIARY_ONLY
RV-V03-001532,MSV1-CB5033454CF46F97,IS 5647:2026,p-TOLUIDINE SPECIFICATION,ta,NOT_TRANSLATED,NEEDS_HUMAN_OR_MODEL_VALIDATION,AUXILIARY_ONLY
RV-V03-001533,MSV1-1D08C26BAABC450A,IS 5649:2026,o-Toluidine,ta,NOT_TRANSLATED,NEEDS_HUMAN_OR_MODEL_VALIDATION,AUXILIARY_ONLY
RV-V03-001534,MSV1-121E312273C342CD,IS 6156:2026,Chlorosulphonic Acid — Code of Safety (First Revision),ta,NOT_TRANSLATED,NEEDS_HUMAN_OR_MODEL_VALIDATION,AUXILIARY_ONLY
RV-V03-001535,MSV1-238440F8B1C5DF30,IS 10870:2026,Hexane — Code of Safety (First Revision),ta,NOT_TRANSLATED,NEEDS_HUMAN_OR_MODEL_VALIDATION,AUXILIARY_ONLY
RV-V03-001536,MSV1-17AB49410C808873,IS 19887:2026,"Monocalcium phosphate, animal feed grade — Specification",ta,NOT_TRANSLATED,NEEDS_HUMAN_OR_MODEL_VALIDATION,AUXILIARY_ONLY
RV-V03-001537,MSV1-3AC813ED272F47C7,IS 19901:2026,Safe Handling of Biotherapeutic Products Used in Homoeopathy — Guidelines,ta,NOT_TRANSLATED,NEEDS_HUMAN_OR_MODEL_VALIDATION,AUXILIARY_ONLY
RV-V03-001538,MSV1-56488BF2DE8D3C2D,IS 19897:2026,Homoeopathic Mother Tinctures (Hydro-Alcoholic Extracts) — Test Methods,ta,NOT_TRANSLATED,NEEDS_HUMAN_OR_MODEL_VALIDATION,AUXILIARY_ONLY
RV-V03-001539,MSV1-C29C1E6215CD70B8,IS 19900:2026,Echinacea Angustifolia DC. Whole Plant for Use in Traditional Medicine — Specification,ta,NOT_TRANSLATED,NEEDS_HUMAN_OR_MODEL_VALIDATION,AUXILIARY_ONLY
RV-V03-001540,MSV1-C7A0A2CEA9EDCDAA,IS 19898:2026,Echinacea Angustifolia Hydro-Alcoholic Extract for Use in Homoeopathy — Specification,ta,NOT_TRANSLATED,NEEDS_HUMAN_OR_MODEL_VALIDATION,AUXILIARY_ONLY
RV-V03-001541,MSV1-073BAA08B6122FF1,IS 302 (Part 2/Sec 16):2026,Household and Similar Electrical Appliances - Safety Part 2 Particular Requirements Section 16 Food Waste Disposers,ta,NOT_TRANSLATED,NEEDS_HUMAN_OR_MODEL_VALIDATION,AUXILIARY_ONLY
RV-V03-001542,MSV1-9E8CA76691AB77AD,IS 302 (Part 2/Sec 36):2026,"Household and Similar Electrical Appliances — Safety Part 2 Particular Requirements Section 36 Commercial Electric Cooking Ranges, Ovens, Hobs and Hob Elements",ta,NOT_TRANSLATED,NEEDS_HUMAN_OR_MODEL_VALIDATION,AUXILIARY_ONLY
RV-V03-001543,MSV1-9568373A9402869B,IS 302 (Part 2/Sec 49):2026,Household and Similar Electrical Appliances — Safety Part 2 Particular Requirements Section 49 Commercial Electric Appliances for Keeping Food and Crockery Warm,ta,NOT_TRANSLATED,NEEDS_HUMAN_OR_MODEL_VALIDATION,AUXILIARY_ONLY
RV-V03-001544,MSV1-4F790F6EDA5FADBE,IS 302 (Part 2/Sec 54):2026,Household and Similar Electrical Appliances — Safety Part 2 Particular Requirements Section 54 Surface-Cleaning Appliances for Household Use Employing Liquids or Steam,ta,NOT_TRANSLATED,NEEDS_HUMAN_OR_MODEL_VALIDATION,AUXILIARY_ONLY
RV-V03-001545,MSV1-0D3263E3039E279B,IS/ISO/IEC/IEEE 8802 (Part 1):2021,Telecommunications and Exchange Between Information Technology Systems Requirements for Local and Metropolitan Area Networks Part 1X: Port-Based Network Access Control First Revision,ta,NOT_TRANSLATED,NEEDS_HUMAN_OR_MODEL_VALIDATION,AUXILIARY_ONLY
RV-V03-001546,MSV1-A9D21EFE6B4252C1,IS/ISO/IEC 11179 (Part 6):2023,Information Technology Metadata Registries MDR Part 6: Registration First Revision,ta,NOT_TRANSLATED,NEEDS_HUMAN_OR_MODEL_VALIDATION,AUXILIARY_ONLY
RV-V03-001547,MSV1-9CFA1FE8910113D0,IS/ISO/IEC 14882:2024,Programming languages C + + (Second Revision),ta,NOT_TRANSLATED,NEEDS_HUMAN_OR_MODEL_VALIDATION,AUXILIARY_ONLY
RV-V03-001548,MSV1-0C86F9F21218E54B,IS 302 (Part 2/Sec 26):2026,Household and Similar Electrical Appliances —— Safety Part 2 Particular Requirements Section 26 Clocks (Second Revision),ta,NOT_TRANSLATED,NEEDS_HUMAN_OR_MODEL_VALIDATION,AUXILIARY_ONLY
RV-V03-001549,MSV1-7999720A6F32853F,IS 7324:2026,BRIX HYDROMETERS SPECIFICATION Second Revision,ta,NOT_TRANSLATED,NEEDS_HUMAN_OR_MODEL_VALIDATION,AUXILIARY_ONLY
RV-V03-001550,MSV1-3377AE13642F3A3E,IS 15284 (Part 1):2026,Design and Construction for Ground Improvement — Code of Practice : Part 1 Stone Columns,ta,NOT_TRANSLATED,NEEDS_HUMAN_OR_MODEL_VALIDATION,AUXILIARY_ONLY
RV-V03-001551,MSV1-C956F39F4CBE6C55,IS 15284 (Part 2):2026,Design and Construction for Ground Improvement - Code of Practice : Part 2 Preconsolidation Using Vertical Drains,ta,NOT_TRANSLATED,NEEDS_HUMAN_OR_MODEL_VALIDATION,AUXILIARY_ONLY
RV-V03-001552,MSV1-A9948391AE2E7355,IS 6452:2026,High Alumina Cement for Structural Use - Specification (Second Revision),ta,NOT_TRANSLATED,NEEDS_HUMAN_OR_MODEL_VALIDATION,AUXILIARY_ONLY
RV-V03-001553,MSV1-28E0EFBB542CB521,IS 11233:2026,"Design and Construction of Foundations for Radar and Satellite Tracking Antennas, Microwave, Mobile and Television Towers — Code of Practice (First Revision)",ta,NOT_TRANSLATED,NEEDS_HUMAN_OR_MODEL_VALIDATION,AUXILIARY_ONLY
RV-V03-001554,MSV1-06A04D781D01A2C6,IS 17425:2026,Irrigation Equipment - Quick Coupled Polyethylene Pipes and Fittings for Sprinkler Irrigation Systems - Specification (First Revision),ta,NOT_TRANSLATED,NEEDS_HUMAN_OR_MODEL_VALIDATION,AUXILIARY_ONLY
RV-V03-001555,MSV1-EE967F00771BBFCC,IS 5306:2025,"Sodium carboxymethyl cellulose, food grade - Specification (third revision)",ta,NOT_TRANSLATED,NEEDS_HUMAN_OR_MODEL_VALIDATION,AUXILIARY_ONLY
RV-V03-001556,MSV1-B34CAE2322CD0273,IS 5867:2026,Leather Board for Footwear Insole - Specification (First Revision ),ta,NOT_TRANSLATED,NEEDS_HUMAN_OR_MODEL_VALIDATION,AUXILIARY_ONLY
RV-V03-001557,MSV1-A0F5D002CD6D8458,IS 7328:2026,POLYETHYLENE PE MATERIAL FOR MOULDING AND EXTRUSION SPECIFICATION Third Revision,ta,NOT_TRANSLATED,NEEDS_HUMAN_OR_MODEL_VALIDATION,AUXILIARY_ONLY
RV-V03-001558,MSV1-4E3774B3A1934884,IS 8122 (Part 2):2026,Combine Harvester — Part 2 Test Code (Second Revision),ta,NOT_TRANSLATED,NEEDS_HUMAN_OR_MODEL_VALIDATION,AUXILIARY_ONLY
RV-V03-001559,MSV1-94037F90D8E26E91,IS 8122 (Part 1):2026,Combine Harvester - Part 1 Terminology (Second Revision),ta,NOT_TRANSLATED,NEEDS_HUMAN_OR_MODEL_VALIDATION,AUXILIARY_ONLY
RV-V03-001560,MSV1-229DB785CAF139F3,IS 7585:2026,Wines - Methods of analysis (Second Revision),ta,NOT_TRANSLATED,NEEDS_HUMAN_OR_MODEL_VALIDATION,AUXILIARY_ONLY
RV-V03-001561,MSV1-38FC966A8B23DAF1,IS 9374:2026 P,Flour Milling Industry – Glossary (First Revision),ta,NOT_TRANSLATED,NEEDS_HUMAN_OR_MODEL_VALIDATION,AUXILIARY_ONLY
RV-V03-001562,MSV1-D4104E86FD409C9A,IS 1989 (Part 1):2026,Specification for leather safety boots and shoes: Part 1 for miners (Fifth Revision),ta,NOT_TRANSLATED,NEEDS_HUMAN_OR_MODEL_VALIDATION,AUXILIARY_ONLY
RV-V03-001563,MSV1-341D8871D06A8302,IS 1989 (Part 2):2026,Specification for leather safety boots and shoes: Part 2 for heavy metal industries (Fifth Revision),ta,NOT_TRANSLATED,NEEDS_HUMAN_OR_MODEL_VALIDATION,AUXILIARY_ONLY
RV-V03-001564,MSV1-306742234323BAD0,IS 2553 (Part 3):2026,Safety Glass — Specification Part 3 Solar Applications (First Revision),ta,NOT_TRANSLATED,NEEDS_HUMAN_OR_MODEL_VALIDATION,AUXILIARY_ONLY
RV-V03-001565,MSV1-D23D7435D3D50E05,IS 19655 (Part 6):2026,Handmade Paper for Certificates Specification,ta,NOT_TRANSLATED,NEEDS_HUMAN_OR_MODEL_VALIDATION,AUXILIARY_ONLY
RV-V03-001566,MSV1-B5CC69A422B27985,IS 19535:2026,Board - Determination of puncture resistance using a pendulum device,ta,NOT_TRANSLATED,NEEDS_HUMAN_OR_MODEL_VALIDATION,AUXILIARY_ONLY
RV-V03-001567,MSV1-545BE6EB7DCC4BB8,IS 19792:2026,Pharmacovigilance Centre for Ayurveda Siddha Sowa-Rigpa Unani and Homoeopathy ( ASU & H) systems Service Requirements,ta,NOT_TRANSLATED,NEEDS_HUMAN_OR_MODEL_VALIDATION,AUXILIARY_ONLY
RV-V03-001568,MSV1-C34C901843DA2D5A,IS 19878:2026,Metallic and Other Inorganic Coatings — Electropolishing as a Means of Smoothing and Passivating Stainless Steel,ta,NOT_TRANSLATED,NEEDS_HUMAN_OR_MODEL_VALIDATION,AUXILIARY_ONLY
RV-V03-001569,MSV1-802357F71631AFFF,IS 19885:2026,Geosynthetics - Drainage Geo-composite - Specification,ta,NOT_TRANSLATED,NEEDS_HUMAN_OR_MODEL_VALIDATION,AUXILIARY_ONLY
RV-V03-001570,MSV1-F4FC3A7D922E676B,IS 19700:2026,Stationery — Cutter Blades — Specification,ta,NOT_TRANSLATED,NEEDS_HUMAN_OR_MODEL_VALIDATION,AUXILIARY_ONLY
RV-V03-001571,MSV1-9DC23A884D902E31,IS 14452:2026,Textiles — Care Labelling Code Using Symbols (third revision),ta,NOT_TRANSLATED,NEEDS_HUMAN_OR_MODEL_VALIDATION,AUXILIARY_ONLY
RV-V03-001572,MSV1-FA7820263D6EA9F6,IS 17862:2026,E-Waste Management — Guidelines ( First Revision ),ta,NOT_TRANSLATED,NEEDS_HUMAN_OR_MODEL_VALIDATION,AUXILIARY_ONLY
RV-V03-001573,MSV1-EE4D9D49A42FE982,IS 19884:2026,Geosynthetic Clay Liner — Specification,ta,NOT_TRANSLATED,NEEDS_HUMAN_OR_MODEL_VALIDATION,AUXILIARY_ONLY
RV-V03-001574,MSV1-C81800F032E101C9,IS 12157:2026,Requirements for Construction of Work Platform of Powered Industrial Trucks (For Maintenance Purposes) (First Revision of IS 12157:1987),ta,NOT_TRANSLATED,NEEDS_HUMAN_OR_MODEL_VALIDATION,AUXILIARY_ONLY
RV-V03-001575,MSV1-1FF94D72C7865560,IS/ISO 7425 (Part 2):2021,"Hydraulic fluid power cylinders — Dimensions and tolerances of housings for elastomer energized, plastic-faced seals Part 2: Rod seal housings (first revision)",ta,NOT_TRANSLATED,NEEDS_HUMAN_OR_MODEL_VALIDATION,AUXILIARY_ONLY
RV-V03-001576,MSV1-0D94781525B38165,IS 7386:2026,Reverse-taper grooved pins — Half-length progressive grooves — Specification (Third Revision),ta,NOT_TRANSLATED,NEEDS_HUMAN_OR_MODEL_VALIDATION,AUXILIARY_ONLY
RV-V03-001577,MSV1-94D5BDD5BB26E38C,IS 16812:2026,Safety of Machinery — Interlocking Devices Associated with Guards — Principles for Design and Selection (First Revision),ta,NOT_TRANSLATED,NEEDS_HUMAN_OR_MODEL_VALIDATION,AUXILIARY_ONLY
RV-V03-001578,MSV1-302C8184BB21228D,IS 19841:2026,Galvanizing Grade (GG) Zinc Alloy Ingots for Hot Dip Galvanizing of Steel — Specification,ta,NOT_TRANSLATED,NEEDS_HUMAN_OR_MODEL_VALIDATION,AUXILIARY_ONLY
RV-V03-001579,MSV1-0853047EBA4C2BBA,IS 19592:2026,Gauge Block Comparator — Calibration,ta,NOT_TRANSLATED,NEEDS_HUMAN_OR_MODEL_VALIDATION,AUXILIARY_ONLY
RV-V03-001580,MSV1-A3AD2C99F6D3B04C,IS 3346:2026,Method for the Determination of Thermal Conductivity of Thermal Insulation Materials (Guarded Hot - Plate Method) (Second Revision),ta,NOT_TRANSLATED,NEEDS_HUMAN_OR_MODEL_VALIDATION,AUXILIARY_ONLY
RV-V03-001581,MSV1-C09219C191CD1358,IS 9357:2025,"Triallate, technical - Specification (first revision)",ta,NOT_TRANSLATED,NEEDS_HUMAN_OR_MODEL_VALIDATION,AUXILIARY_ONLY
RV-V03-001582,MSV1-6E2AC4A879DA5C3E,IS 14550:2025,Hexaconazole emulsifiable concentrate (EC) - Specification (first revision),ta,NOT_TRANSLATED,NEEDS_HUMAN_OR_MODEL_VALIDATION,AUXILIARY_ONLY
RV-V03-001583,MSV1-1C3D1AA19851F6FF,IS 16122:2026,Microbiology of the food chain — General requirements and guidance for microbiological examinations,ta,NOT_TRANSLATED,NEEDS_HUMAN_OR_MODEL_VALIDATION,AUXILIARY_ONLY
RV-V03-001584,MSV1-B9D1FE08BA19B57A,IS 19864:2026,DETERMINATION OF POLAR PESTICIDES IN RAW FOOD COMMODITIES OF PLANT ORIGIN BY LIQUID CHROMATOGRAPHY-TRIPLE QUADRUPOLE MASS SPECTROMETRY — METHOD OF TEST,ta,NOT_TRANSLATED,NEEDS_HUMAN_OR_MODEL_VALIDATION,AUXILIARY_ONLY
RV-V03-001585,MSV1-7451C258E34A751F,IS 19866:2026,Estimation of Paraquat and Diquat Residues in Plant Origin Products with Acidified Methanol Using LC-MS/MS — Method of Test,ta,NOT_TRANSLATED,NEEDS_HUMAN_OR_MODEL_VALIDATION,AUXILIARY_ONLY
RV-V03-001586,MSV1-64EB12ECDD1A95D0,IS 17874 (Part 2):2026,Glossary of Yoga Terminology - Part 2 Commonly used Terms from Gheranda Samhita,ta,NOT_TRANSLATED,NEEDS_HUMAN_OR_MODEL_VALIDATION,AUXILIARY_ONLY
RV-V03-001587,MSV1-66867C227F828F27,IS 17874 (Part 3):2026,Glossary of Yoga Terminology - Part 3 Commonly Used Terms from Hatha Yoga Pradipika,ta,NOT_TRANSLATED,NEEDS_HUMAN_OR_MODEL_VALIDATION,AUXILIARY_ONLY
RV-V03-001588,MSV1-DF3ED66004F6B364,IS 19510:2025,"Ametryn, technical - Specification",ta,NOT_TRANSLATED,NEEDS_HUMAN_OR_MODEL_VALIDATION,AUXILIARY_ONLY
RV-V03-001589,MSV1-B037D56F0ED5BAED,IS 19823:2026,"POTENTIOMETRIC DETERMINATION OF CHLORIDE IN MILK, MILK PRODUCTS AND MILK BASED NUTRITION FORMULATIONS (INFANT & ADULT) - METHOD OF TEST",ta,NOT_TRANSLATED,NEEDS_HUMAN_OR_MODEL_VALIDATION,AUXILIARY_ONLY
RV-V03-001590,MSV1-AE53EE491FC386E3,IS 19846:2026,Heat-processed foods in hermetically sealed containers — Determination of pH,ta,NOT_TRANSLATED,NEEDS_HUMAN_OR_MODEL_VALIDATION,AUXILIARY_ONLY
RV-V03-001591,MSV1-5BD5EE33863BBF72,IS 17113 (Part 7):2026,Microbiology of the food chain — Method validation — Part 7 : Protocol for the validation of identification methods of microorganisms,ta,NOT_TRANSLATED,NEEDS_HUMAN_OR_MODEL_VALIDATION,AUXILIARY_ONLY
RV-V03-001592,MSV1-698C080561EB07EC,IS 19844:2026,Microbiology of the food chain — Polymerase chain reaction (PCR) for the detection of microorganisms — Thermal performance testing of thermal cyclers,ta,NOT_TRANSLATED,NEEDS_HUMAN_OR_MODEL_VALIDATION,AUXILIARY_ONLY
RV-V03-001593,MSV1-23D3C2D3A60BC824,IS 19843:2026,Microbiology of the food chain — Detection and quantification of histamine in fish and fishery products — HPLC method,ta,NOT_TRANSLATED,NEEDS_HUMAN_OR_MODEL_VALIDATION,AUXILIARY_ONLY
RV-V03-001594,MSV1-55A346C419609FAE,IS 19859:2026,Water quality — Enumeration of intestinal enterococci Most probable number method,ta,NOT_TRANSLATED,NEEDS_HUMAN_OR_MODEL_VALIDATION,AUXILIARY_ONLY
RV-V03-001595,MSV1-01D376125BA0F557,IS 19848:2026,Water quality — Requirements for the comparison of the relative recovery of microorganisms by two quantitative methods,ta,NOT_TRANSLATED,NEEDS_HUMAN_OR_MODEL_VALIDATION,AUXILIARY_ONLY
RV-V03-001596,MSV1-D3876678EC2A0499,IS 19847:2026,"Water quality — Polymerase chain reaction (PCR) for the detection and quantification of microorganisms and viruses — General requirements, quality assurance and validation",ta,NOT_TRANSLATED,NEEDS_HUMAN_OR_MODEL_VALIDATION,AUXILIARY_ONLY
RV-V03-001597,MSV1-A92FA5B8E06BF287,IS 19860:2026,Water Quality — Detection and Quantification of Legionella spp. and/or Legionella Pneumophila by Concentration and Genic Amplification by Quantitative Polymerase Chain Reaction (qPCR) — On-Site Methods,ta,NOT_TRANSLATED,NEEDS_HUMAN_OR_MODEL_VALIDATION,AUXILIARY_ONLY
RV-V03-001598,MSV1-5FFC9FE2B0387F2D,IS 19845:2026,Water quality — Sampling for microbiological analysis,ta,NOT_TRANSLATED,NEEDS_HUMAN_OR_MODEL_VALIDATION,AUXILIARY_ONLY
RV-V03-001599,MSV1-82F0E9CD35E8A931,IS 302 (Part 2/Sec 17):2026,"Household and Similar Electrical Appliances — Safety Part 2 Particular Requirements Section 17 Blankets, Pads, Clothing and Similar Flexible Heating Appliances",ta,NOT_TRANSLATED,NEEDS_HUMAN_OR_MODEL_VALIDATION,AUXILIARY_ONLY
RV-V03-001600,MSV1-A7DCF70681073EAE,IS 302 (Part 2/Sec 10):2026,Household and Similar Electrical Appliances — Safety Part 2 Particular Requirements Section 10 Floor Treatment Machines and Wet Scrubbing Machines,ta,NOT_TRANSLATED,NEEDS_HUMAN_OR_MODEL_VALIDATION,AUXILIARY_ONLY
RV-V03-001601,MSV1-91EF7F4B938D71E1,IS 302 (Part 2/Sec 28):2026,Household and Similar Electrical Appliances — Safety Part 2 Particular Requirements Section 28 Sewing Machines,ta,NOT_TRANSLATED,NEEDS_HUMAN_OR_MODEL_VALIDATION,AUXILIARY_ONLY
RV-V03-001602,MSV1-37560BE34E3558A6,IS 302 (Part 2/Sec 37):2026,Household and Similar Electrical Appliances — Safety Part 2 Particular Requirements Section 37 Commercial Electric Doughnut Fryers and Deep Fat Fryers,ta,NOT_TRANSLATED,NEEDS_HUMAN_OR_MODEL_VALIDATION,AUXILIARY_ONLY
RV-V03-001603,MSV1-9A31F5182B4BEF80,IS 302 (Part 2/Sec 48):2026,Household and Similar Electrical Appliances — Safety Part 2 Particular Requirements Section 48 Commercial Electric Grillers and Toasters,ta,NOT_TRANSLATED,NEEDS_HUMAN_OR_MODEL_VALIDATION,AUXILIARY_ONLY
RV-V03-001604,MSV1-31DE370A379FB808,IS 302 (Part 2/Sec 98):2026,Household and Similar Electrical Appliances — Safety Part 2 Particular Requirements Section 98 Humidifiers,ta,NOT_TRANSLATED,NEEDS_HUMAN_OR_MODEL_VALIDATION,AUXILIARY_ONLY
RV-V03-001605,MSV1-A272A6B335D6C75B,IS 19762:2026,Interconnection and Interoperability of Inverter-Based Resources (IBRs) Interconnecting with Associated Transmission Electric Power Systems,ta,NOT_TRANSLATED,NEEDS_HUMAN_OR_MODEL_VALIDATION,AUXILIARY_ONLY
RV-V03-001606,MSV1-E58C9523625C8DB7,IS 17017 (Part 23):2026,ELECTRIC VEHICLE CONDUCTIVE CHARGING SYSTEM PART 23: DC ELECTRIC VEHICLE SUPPLY EQUIPMENT First Revision,ta,NOT_TRANSLATED,NEEDS_HUMAN_OR_MODEL_VALIDATION,AUXILIARY_ONLY
RV-V03-001607,MSV1-7C9255AA2DA813CB,IS 13940:2026,"Cardiovascular Surgery Instruments — Bulldog Clamp, DeBakey Pattern —Specification ( First Revision )",ta,NOT_TRANSLATED,NEEDS_HUMAN_OR_MODEL_VALIDATION,AUXILIARY_ONLY
RV-V03-001608,MSV1-DE67857A5AA29730,IS/ISO/IEC 5218:2022,Information Technology Codes for the Representation of Human Sexes First Revision,ta,NOT_TRANSLATED,NEEDS_HUMAN_OR_MODEL_VALIDATION,AUXILIARY_ONLY
RV-V03-001609,MSV1-F8AE740159F945BD,IS 10680 (Part 1):2026,Programming languages Fortran Part 1: Base language Second Revision,ta,NOT_TRANSLATED,NEEDS_HUMAN_OR_MODEL_VALIDATION,AUXILIARY_ONLY
RV-V03-001610,MSV1-F0B2BE9C15DF3DEF,IS 14943 (Part 1):2026,Financial-Transaction-Card-Originated Messages — Interchange Message Specifications,ta,NOT_TRANSLATED,NEEDS_HUMAN_OR_MODEL_VALIDATION,AUXILIARY_ONLY
RV-V03-001611,MSV1-4F6822532A7855A7,IS/ISO 56001:2024,Innovation Management System — Requirements,ta,NOT_TRANSLATED,NEEDS_HUMAN_OR_MODEL_VALIDATION,AUXILIARY_ONLY
RV-V03-001612,MSV1-55C19B284F89F3CC,IS 19814:2026,Surgical Instruments - Scalpel Handle,ta,NOT_TRANSLATED,NEEDS_HUMAN_OR_MODEL_VALIDATION,AUXILIARY_ONLY
RV-V03-001613,MSV1-4D453E0ABEF71EAC,IS 19815:2026,Surgical Instruments - Scalpel Blade,ta,NOT_TRANSLATED,NEEDS_HUMAN_OR_MODEL_VALIDATION,AUXILIARY_ONLY
RV-V03-001614,MSV1-9EC291E6A78CC274,IS 19811:2026,Surgical Instruments - Disposable Scalpel,ta,NOT_TRANSLATED,NEEDS_HUMAN_OR_MODEL_VALIDATION,AUXILIARY_ONLY
RV-V03-001615,MSV1-C395702C2F0790E3,IS 19863 (Part 1):2026,Financial services -Financial information eXchange session layer -Part 1: FIX tagvalue encoding,ta,NOT_TRANSLATED,NEEDS_HUMAN_OR_MODEL_VALIDATION,AUXILIARY_ONLY
RV-V03-001616,MSV1-07FA5BBFD5BF4BDD,IS 19863 (Part 2):2026,Financial services -Financial information eXchange session layer -Part 2: FIX session layer,ta,NOT_TRANSLATED,NEEDS_HUMAN_OR_MODEL_VALIDATION,AUXILIARY_ONLY
RV-V03-001617,MSV1-05FC10FBF6167552,IS 19863 (Part 3):2026,Financial services -Financial information eXchange session layer -Part 3: FIX session layer test cases,ta,NOT_TRANSLATED,NEEDS_HUMAN_OR_MODEL_VALIDATION,AUXILIARY_ONLY
RV-V03-001618,MSV1-B2CC836DA84D217D,IS 1622:2026,Methods of Sampling and Microbiological Examination of Water and Wastewater (Second Revision),ta,NOT_TRANSLATED,NEEDS_HUMAN_OR_MODEL_VALIDATION,AUXILIARY_ONLY
RV-V03-001619,MSV1-970DCFD26B6F6889,IS/ISO 8573 (Part 5):2026,Compressed Air Part 5 Test Methods for Oil Vapour and Organic Solvent Content ( First Revision ),ta,NOT_TRANSLATED,NEEDS_HUMAN_OR_MODEL_VALIDATION,AUXILIARY_ONLY
RV-V03-001620,MSV1-6574984A1544326D,IS 16264:2026,Gas Analysis — Comparison Methods for Determining and Checking the Composition of Calibration Gas Mixtures ( First Revision ),ta,NOT_TRANSLATED,NEEDS_HUMAN_OR_MODEL_VALIDATION,AUXILIARY_ONLY
RV-V03-001621,MSV1-A6F75043795261A6,IS 16252:2026,Gas Analysis — Conversion of Gas Mixture Composition Data ( First Revision ),ta,NOT_TRANSLATED,NEEDS_HUMAN_OR_MODEL_VALIDATION,AUXILIARY_ONLY
RV-V03-001622,MSV1-F330FA1D4B0316D3,IS 5760:2026,"Argon, Compressed and Liquid - Specification (Third Revision)",ta,NOT_TRANSLATED,NEEDS_HUMAN_OR_MODEL_VALIDATION,AUXILIARY_ONLY
RV-V03-001623,MSV1-32CCDC9483073D23,IS 15583:2026,Compressed Helium Gas - Specification (First Revision),ta,NOT_TRANSLATED,NEEDS_HUMAN_OR_MODEL_VALIDATION,AUXILIARY_ONLY
RV-V03-001624,MSV1-4971086D304AD9F8,IS 17274 (Part 11):2026,Respiratory Protective Devices - Methods of Test and Test Equipment : Part 11 Determination of Field of Vision (First Revision),ta,NOT_TRANSLATED,NEEDS_HUMAN_OR_MODEL_VALIDATION,AUXILIARY_ONLY
RV-V03-001625,MSV1-30BD38FB77E4063B,IS 19872:2026,Gas analysis — Preparation of calibration gas mixtures — Part 2 Gravimetric method for Class II mixtures,ta,NOT_TRANSLATED,NEEDS_HUMAN_OR_MODEL_VALIDATION,AUXILIARY_ONLY
RV-V03-001626,MSV1-351334F4825A512F,IS 19875:2026,Gas analysis — Comparison methods for the determination of the composition of gas mixtures based on one- and two-point calibration,ta,NOT_TRANSLATED,NEEDS_HUMAN_OR_MODEL_VALIDATION,AUXILIARY_ONLY
RV-V03-001627,MSV1-C63CACDA59C7FFFE,IS 19869:2026,Gas mixtures — Gravimetric preparation — Mastering correlations in composition,ta,NOT_TRANSLATED,NEEDS_HUMAN_OR_MODEL_VALIDATION,AUXILIARY_ONLY
RV-V03-001628,MSV1-5C6AD0791B914EDD,IS 19873:2026,Gas analysis — Analytical methods for hydrogen fuel — Proton exchange membrane (PEM) fuel cell applications for road vehicles,ta,NOT_TRANSLATED,NEEDS_HUMAN_OR_MODEL_VALIDATION,AUXILIARY_ONLY
RV-V03-001629,MSV1-CD2C0FD60BB29751,IS 19874:2026,Gas analysis — Sampling guidelines,ta,NOT_TRANSLATED,NEEDS_HUMAN_OR_MODEL_VALIDATION,AUXILIARY_ONLY
RV-V03-001630,MSV1-C29F6D71616D5AF5,IS 19870:2026,Gas analysis — Purity analysis and the treatment of purity data,ta,NOT_TRANSLATED,NEEDS_HUMAN_OR_MODEL_VALIDATION,AUXILIARY_ONLY
RV-V03-001631,MSV1-3B7AE8EA1EE01995,IS 19871:2026,Gas analysis — General quality aspects and metrological traceability of calibration gas mixtures,ta,NOT_TRANSLATED,NEEDS_HUMAN_OR_MODEL_VALIDATION,AUXILIARY_ONLY
RV-V03-001632,MSV1-8DA8C9CE7C52D024,IS 5870:2026,Glass Enclosures for Internal Lighting of Passenger Coaches — Specification (First Revision),ta,NOT_TRANSLATED,NEEDS_HUMAN_OR_MODEL_VALIDATION,AUXILIARY_ONLY
RV-V03-001633,MSV1-D7DC7D9EF56657D0,IS 5681:2026,GENERAL METEOROLOGICAL LIQUID IN-GLASS THERMOMETERS — SPECIFICATION (Third Revision),ta,NOT_TRANSLATED,NEEDS_HUMAN_OR_MODEL_VALIDATION,AUXILIARY_ONLY
RV-V03-001634,MSV1-54BE620E17C32F33,IS 8697:2026,Export Packaging of Glass Container Ware - Code of practice (First Revision),ta,NOT_TRANSLATED,NEEDS_HUMAN_OR_MODEL_VALIDATION,AUXILIARY_ONLY
RV-V03-001635,MSV1-F5381FB562A81827,IS 8787:2026,Principles of design construction and Use of liquid-In-Glass Thermometers (Second Revision),ta,NOT_TRANSLATED,NEEDS_HUMAN_OR_MODEL_VALIDATION,AUXILIARY_ONLY
RV-V03-001636,MSV1-C2A1537F20395513,IS 7219:2026,Determination of Protein by Kjeldahl Method in Foods and Feeds —Methods of Test,ta,NOT_TRANSLATED,NEEDS_HUMAN_OR_MODEL_VALIDATION,AUXILIARY_ONLY
RV-V03-001637,MSV1-80B26619E5F31557,IS 8751 (Part 2):2026,Footwear Sizes in Mondopoint System Part 2 Length Grading (First Revision),ta,NOT_TRANSLATED,NEEDS_HUMAN_OR_MODEL_VALIDATION,AUXILIARY_ONLY
RV-V03-001638,MSV1-ACF95066F94D6435,IS 19857:2026,Preparation of Kuṭinīr Tablet (Decoction tablet) – Code of Practice,ta,NOT_TRANSLATED,NEEDS_HUMAN_OR_MODEL_VALIDATION,AUXILIARY_ONLY
RV-V03-001639,MSV1-06BEF344E49B7CD0,IS 19856:2026,Preparation of Cūraṇam tablet (Medicinal Powder tablet) - Code of Practice,ta,NOT_TRANSLATED,NEEDS_HUMAN_OR_MODEL_VALIDATION,AUXILIARY_ONLY
RV-V03-001640,MSV1-B6EE9EEFF75C4216,IS 19834:2026,Enterprise Architecture (EA) Security – Code of Practice,ta,NOT_TRANSLATED,NEEDS_HUMAN_OR_MODEL_VALIDATION,AUXILIARY_ONLY
RV-V03-001641,MSV1-57D6835421F7AD08,IS 19835:2026,Zero Trust Architecture (ZTA) - Implementation Framework,ta,NOT_TRANSLATED,NEEDS_HUMAN_OR_MODEL_VALIDATION,AUXILIARY_ONLY
RV-V03-001642,MSV1-9B108F9A928BB368,IS/ISO/IEC 8663:2025,Information Technology - Brain-Computer Interfaces - Vocabulary,ta,NOT_TRANSLATED,NEEDS_HUMAN_OR_MODEL_VALIDATION,AUXILIARY_ONLY
RV-V03-001643,MSV1-EA256D74D020A692,IS/ISO/IEC 27031:2025,Cybersecurity — Information and communication technology readiness for business continuity,ta,NOT_TRANSLATED,NEEDS_HUMAN_OR_MODEL_VALIDATION,AUXILIARY_ONLY
RV-V03-001644,MSV1-BDC3F6277CFB5DE7,IS 16500:2026,Devanagari Script and Hindi Spellings (First Revision),ta,NOT_TRANSLATED,NEEDS_HUMAN_OR_MODEL_VALIDATION,AUXILIARY_ONLY
RV-V03-001645,MSV1-ABB22359B2C8EE81,IS/ISO/IEC 19896 (Part 1):2025,"Information Security, Cybersecurity and Privacy Protection — Requirements for the Competence of IT Security Conformance Assessment Body Personnel Part 1 Overview and Concepts (First Revision )",ta,NOT_TRANSLATED,NEEDS_HUMAN_OR_MODEL_VALIDATION,AUXILIARY_ONLY
RV-V03-001646,MSV1-FDC490D362DA9389,IS/ISO/IEC 19896 (Part 3):2025,"Information Security, Cybersecurity and Privacy Protection — Requirements for the Competence of IT Security Conformance Assessment Body Personnel Part 3 Knowledge and Skills Requirements for Evaluators and Reviewers According to the ISO/IEC 15408 Series and ISO/IEC 18045 ( First Revision )",ta,NOT_TRANSLATED,NEEDS_HUMAN_OR_MODEL_VALIDATION,AUXILIARY_ONLY
RV-V03-001647,MSV1-62608CE1EDD2F938,IS/ISO/IEC 27018:2025,"Information Security, Cybersecurity and Privacy Protection — Guidelines for Protection of Personally Identifiable Information (PII) in Public Clouds Acting as PII Processors ( First Revision )",ta,NOT_TRANSLATED,NEEDS_HUMAN_OR_MODEL_VALIDATION,AUXILIARY_ONLY
RV-V03-001648,MSV1-9987B09C822D494D,IS 14990 (Part 5):2026,"Information Security, Cybersecurity and Privacy Protection - Evaluation Criteria for IT Security Part 5: Pre-defined Packages of Security Requirements",ta,NOT_TRANSLATED,NEEDS_HUMAN_OR_MODEL_VALIDATION,AUXILIARY_ONLY
RV-V03-001649,MSV1-E198DC907C72DF2C,IS 19751 (Part 1):2026,Railway infrastructure — Rail fastening systems: Part 1 Vocabulary,ta,NOT_TRANSLATED,NEEDS_HUMAN_OR_MODEL_VALIDATION,AUXILIARY_ONLY
RV-V03-001650,MSV1-51401E3EF8BDCDD9,IS 19751 (Part 2):2026,Railway infrastructure — Rail fastening systems: Part 2 Test method for longitudinal rail restraint,ta,NOT_TRANSLATED,NEEDS_HUMAN_OR_MODEL_VALIDATION,AUXILIARY_ONLY
RV-V03-001651,MSV1-B6B1EABBF5EA66B5,IS 19751 (Part 3):2026,Railway infrastructure — Rail fastening systems: Part 3 Proof load test method for pull-out resistance,ta,NOT_TRANSLATED,NEEDS_HUMAN_OR_MODEL_VALIDATION,AUXILIARY_ONLY
RV-V03-001652,MSV1-5A29EB1E2FA03E87,IS 19751 (Part 4):2026,Railway infrastructure — Rail fastening systems: Part 4 Test methods for resistance to repeated loading,ta,NOT_TRANSLATED,NEEDS_HUMAN_OR_MODEL_VALIDATION,AUXILIARY_ONLY
RV-V03-001653,MSV1-6457A583CCDE567B,IS 19751 (Part 5):2026,Railway infrastructure — Rail fastening systems: Part 5 Test method for electrical resistance,ta,NOT_TRANSLATED,NEEDS_HUMAN_OR_MODEL_VALIDATION,AUXILIARY_ONLY
RV-V03-001654,MSV1-31F47BDE1FCD3153,IS 19751 (Part 6):2026,Railway infrastructure — Rail fastening systems: Part 6 Test method for resistance to severe environmental conditions,ta,NOT_TRANSLATED,NEEDS_HUMAN_OR_MODEL_VALIDATION,AUXILIARY_ONLY
RV-V03-001655,MSV1-4C3205A4DE389B0B,IS 19751 (Part 7):2026,Railway infrastructure — Rail fastening systems: Part 7 Test method for clamping force and uplift stiffness,ta,NOT_TRANSLATED,NEEDS_HUMAN_OR_MODEL_VALIDATION,AUXILIARY_ONLY
RV-V03-001656,MSV1-16BCFA28DF39AC06,IS 19751 (Part 8):2026,Railway infrastructure — Rail fastening systems: Part 8 Test method for vertical stiffness,ta,NOT_TRANSLATED,NEEDS_HUMAN_OR_MODEL_VALIDATION,AUXILIARY_ONLY
RV-V03-001657,MSV1-668D485AA73DDB82,IS 1459:2026,KEROSENE SPECIFICATION,ta,NOT_TRANSLATED,NEEDS_HUMAN_OR_MODEL_VALIDATION,AUXILIARY_ONLY
RV-V03-001658,MSV1-B2B9F9C290A80FAE,IS 5508 (Part 18):2026,BENZENE - SPECIFICATION,ta,NOT_TRANSLATED,NEEDS_HUMAN_OR_MODEL_VALIDATION,AUXILIARY_ONLY
RV-V03-001659,MSV1-E9609669F0C94312,IS 3608 (Part 2):2026,GLASS ALCOHOLOMETERS SPECIFICATION PART 2 GLASS ALCOHOLOMETERS WITH THERMOMETER THERMO-ALCOHOLOMETERS (Second Revision),ta,NOT_TRANSLATED,NEEDS_HUMAN_OR_MODEL_VALIDATION,AUXILIARY_ONLY
RV-V03-001660,MSV1-85B77D77E91620F9,IS 10226 (Part 2):2026,DETERMINATION OF CRUDE FIBRE CONTENT IN FOOD PRODUCTS METHOD OF TEST PART II MODIFIED SCHARRER METHOD,ta,NOT_TRANSLATED,NEEDS_HUMAN_OR_MODEL_VALIDATION,AUXILIARY_ONLY
RV-V03-001661,MSV1-E82F324C886068BE,IS 10226 (Part 1):2026,DETERMINATION OF CRUDE FIBRE CONTENT IN FOOD PRODUCTS METHOD OF TEST PART 1 GENERAL METHOD (First Revision),ta,NOT_TRANSLATED,NEEDS_HUMAN_OR_MODEL_VALIDATION,AUXILIARY_ONLY
RV-V03-001662,MSV1-3A23B16CB0138F65,IS 12435:2026,Grading of Hides and Skins on the basis of Mass and Size — Guidelines (First Revision),ta,NOT_TRANSLATED,NEEDS_HUMAN_OR_MODEL_VALIDATION,AUXILIARY_ONLY
RV-V03-001663,MSV1-4DD5E835BE1CBC88,IS 1017:2026,Chamois Leather - Specification (Third Revision),ta,NOT_TRANSLATED,NEEDS_HUMAN_OR_MODEL_VALIDATION,AUXILIARY_ONLY
RV-V03-001664,MSV1-A804138002226807,IS 19877T:2026,Assessment of Potential Biodegradability of Plastics Under Controlled Laboratory Conditions,ta,NOT_TRANSLATED,NEEDS_HUMAN_OR_MODEL_VALIDATION,AUXILIARY_ONLY
RV-V03-001665,MSV1-FB8BCBD045328B17,IS 302 (Part 2/Sec 99):2026,Household and Similar Electrical Appliances — Safety Part 2 Particular Requirements Section 99 Commercial Electric Hoods,ta,NOT_TRANSLATED,NEEDS_HUMAN_OR_MODEL_VALIDATION,AUXILIARY_ONLY
RV-V03-001666,MSV1-77C37A240892FBD0,IS 19465:2025,TIME-DELAY SWITCHES TDS FOR HOUSEHOLD AND SIMILAR FIXED ELECTRICAL INSTALLATIONS - PARTICULAR REQUIREMENTS,ta,NOT_TRANSLATED,NEEDS_HUMAN_OR_MODEL_VALIDATION,AUXILIARY_ONLY
RV-V03-001667,MSV1-D04449759384997F,IS/IEC 60136:2024,Dimensions marking and testing of carbon brushes and dimensions of brush-holders for electrical machinery,ta,NOT_TRANSLATED,NEEDS_HUMAN_OR_MODEL_VALIDATION,AUXILIARY_ONLY
RV-V03-001668,MSV1-886B47F18F600A5A,IS 29997:2025,Internships Quality Guidelines for Host Organizations,ta,NOT_TRANSLATED,NEEDS_HUMAN_OR_MODEL_VALIDATION,AUXILIARY_ONLY
RV-V03-001669,MSV1-1DD2B96769E56A36,IS 1944:2026,Code of Practice for Road and Tunnel Lighting (Second Revision),ta,NOT_TRANSLATED,NEEDS_HUMAN_OR_MODEL_VALIDATION,AUXILIARY_ONLY
RV-V03-001670,MSV1-4BA2BE9D6DB89F85,IS 8783 (Part 2):2026,Winding wires for submersible motors - Specification: Part 2 materials for dielectric and jacket (Second Revision),ta,NOT_TRANSLATED,NEEDS_HUMAN_OR_MODEL_VALIDATION,AUXILIARY_ONLY
RV-V03-001671,MSV1-AE65C821030951E1,IS 8783 (Part 3):2026,Winding wires for submersible motors - Specification: Part 3 methods of tests (Second Revision),ta,NOT_TRANSLATED,NEEDS_HUMAN_OR_MODEL_VALIDATION,AUXILIARY_ONLY
RV-V03-001672,MSV1-826B40FDC1F56190,IS 8783 (Part 4/Sec 1):2026,Winding wires for submersible motors - Specification: Part 4 specification for indmdual wires: Sec 1 HR PVC insulated wires (Second Revision),ta,NOT_TRANSLATED,NEEDS_HUMAN_OR_MODEL_VALIDATION,AUXILIARY_ONLY
RV-V03-001673,MSV1-90CDBF2A07DCD8CA,IS 8783 (Part 4/Sec 2):2026,Winding wires for submersible motors - specification: Part 4 specification for individual wires: Sec 2 crosslinked polyethylene insulated and polyamide jacketed wires (Second Revision),ta,NOT_TRANSLATED,NEEDS_HUMAN_OR_MODEL_VALIDATION,AUXILIARY_ONLY
RV-V03-001674,MSV1-FCA73DFDC8A5CA07,IS 8783 (Part 4/Sec 3):2026,Winding wires for submersible motors - Specification: Part 4 specification for individual wires: Sec 3 polyester and polypropylene insulated winding wires (Second Revision),ta,NOT_TRANSLATED,NEEDS_HUMAN_OR_MODEL_VALIDATION,AUXILIARY_ONLY
RV-V03-001675,MSV1-1361C9DE1AC6A6B8,IS 16234:2026,Ships and Marine Technology Embarkation Ladders — Specification (First Revision),ta,NOT_TRANSLATED,NEEDS_HUMAN_OR_MODEL_VALIDATION,AUXILIARY_ONLY
RV-V03-001676,MSV1-FD7914B52EDD17A1,IS 9131:2026,Rim Locks and Latches (Mechanically Operated) - Specification (Second Revision),ta,NOT_TRANSLATED,NEEDS_HUMAN_OR_MODEL_VALIDATION,AUXILIARY_ONLY
RV-V03-001677,MSV1-3E4312BA66F2E3C0,IS 19757:2026,Alternative Drinking Water Service Provision During a Crisis — Guidelines,ta,NOT_TRANSLATED,NEEDS_HUMAN_OR_MODEL_VALIDATION,AUXILIARY_ONLY
RV-V03-001678,MSV1-53D526C9681923DB,IS 19607:2026,Gasket and Packing — Wire Reinforced Asbestos Fibre-Based Jointing Sheet — Specification,ta,NOT_TRANSLATED,NEEDS_HUMAN_OR_MODEL_VALIDATION,AUXILIARY_ONLY
RV-V03-001679,MSV1-A5DE34A469292C11,IS 19819:2026,Chemical Analysis of Refractory Products by X-ray Fluorescence (XRF) — Fused Cast-bead Method,ta,NOT_TRANSLATED,NEEDS_HUMAN_OR_MODEL_VALIDATION,AUXILIARY_ONLY
RV-V03-001680,MSV1-37BC8F33D6129131,IS 12410:2026,Soil Reclamation - Terminology (first revision),ta,NOT_TRANSLATED,NEEDS_HUMAN_OR_MODEL_VALIDATION,AUXILIARY_ONLY
RV-V03-001681,MSV1-85D5196653201866,IS 14685:2026,Total sulphur and sulphur compounds in soils - Methods of determination (first revision),ta,NOT_TRANSLATED,NEEDS_HUMAN_OR_MODEL_VALIDATION,AUXILIARY_ONLY
RV-V03-001682,MSV1-D8CA4EB662304BD8,IS 14684:2026,Total nitrogen and nitrogen Compounds in soils — Methods of determination (First Revision),ta,NOT_TRANSLATED,NEEDS_HUMAN_OR_MODEL_VALIDATION,AUXILIARY_ONLY
RV-V03-001683,MSV1-EA0B52630C714976,IS 101 (Part 5/Sec 1):2026,"Methods of sampling and test for paints, varnishes and related products: Part 5 Mechanical test on paint films: Sec 1 hardness tests (Fourth Revision)",ta,NOT_TRANSLATED,NEEDS_HUMAN_OR_MODEL_VALIDATION,AUXILIARY_ONLY
RV-V03-001684,MSV1-8BC9502746E56796,IS 1420:2026,Light basic magnesium carbonate - Specification (Third Revision),ta,NOT_TRANSLATED,NEEDS_HUMAN_OR_MODEL_VALIDATION,AUXILIARY_ONLY
RV-V03-001685,MSV1-A068ECD5E637B269,IS 13213:2026,Solvent-Borne Polyurethane Enamel Paint (Two Pack) — Specification (Second Revision),ta,NOT_TRANSLATED,NEEDS_HUMAN_OR_MODEL_VALIDATION,AUXILIARY_ONLY
RV-V03-001686,MSV1-D3478EB0536FB3E5,IS 15386:2026,Pressurized Irrigation Systems - Graphic Symbols (First Revision),ta,NOT_TRANSLATED,NEEDS_HUMAN_OR_MODEL_VALIDATION,AUXILIARY_ONLY
RV-V03-001687,MSV1-F9937A7550868B2B,IS 75:2026,"LINSEED / FLAXSEED OIL, RAW AND REFINED — SPECIFICATION",ta,NOT_TRANSLATED,NEEDS_HUMAN_OR_MODEL_VALIDATION,AUXILIARY_ONLY
RV-V03-001688,MSV1-99E3E7D36786FEFC,IS 887:2026,ANIMAL TALLOW — SPECIFICATION (Third Revision of IS 887),ta,NOT_TRANSLATED,NEEDS_HUMAN_OR_MODEL_VALIDATION,AUXILIARY_ONLY
RV-V03-001689,MSV1-F03896B7D2416F7E,IS 19854:2026,"Alternanthera sessilis (L.) R. Br., ex DC. Whole Plant for Use in Traditional Medicine – Specification",ta,NOT_TRANSLATED,NEEDS_HUMAN_OR_MODEL_VALIDATION,AUXILIARY_ONLY
RV-V03-001690,MSV1-68A238D847FCBFFA,IS 19852:2026,Butea monosperma (Lam.) Kuntze. seed for use in Traditional medicine – Specification,ta,NOT_TRANSLATED,NEEDS_HUMAN_OR_MODEL_VALIDATION,AUXILIARY_ONLY
RV-V03-001691,MSV1-99561B84C00FC8AB,IS 19851:2026,Hydnocarpus pentandra (Buch.-Ham.) Oken seed for use in Traditional medicine – Specification,ta,NOT_TRANSLATED,NEEDS_HUMAN_OR_MODEL_VALIDATION,AUXILIARY_ONLY
RV-V03-001692,MSV1-E52487131B483C3F,IS 19853:2026,Nelumbo nucifera Gaertn. Flower for use in Traditional Medicine – Specification,ta,NOT_TRANSLATED,NEEDS_HUMAN_OR_MODEL_VALIDATION,AUXILIARY_ONLY
RV-V03-001693,MSV1-E8C281A414419951,IS 19861:2026,Strychnos nux-vomica L. seed for use in Traditional medicine – Specification,ta,NOT_TRANSLATED,NEEDS_HUMAN_OR_MODEL_VALIDATION,AUXILIARY_ONLY
RV-V03-001694,MSV1-31E0472BB055514D,IS 19855:2026,Phyla nodiflora (L.) Greene Whole Plant for Use in Traditional Medicine – Specification,ta,NOT_TRANSLATED,NEEDS_HUMAN_OR_MODEL_VALIDATION,AUXILIARY_ONLY
RV-V03-001695,MSV1-BFAD4AB7AE7928D5,IS 19858:2026,Preparation of Cattu Tablet (Herbal extract tablet)- Code of Practice,ta,NOT_TRANSLATED,NEEDS_HUMAN_OR_MODEL_VALIDATION,AUXILIARY_ONLY
RV-V03-001696,MSV1-EE57B5C7DF35B8FB,IS 19809:2026,Vegetable oils — Determination of mineral oil saturated hydrocarbons (MOSH) and mineral oil aromatic hydrocarbons (MOAH) with online-coupled high performance liquid chromatography-gas chromatography-flame ionization detection (HPLC-GC-FID) analysis — Method for low limit of quantification,ta,NOT_TRANSLATED,NEEDS_HUMAN_OR_MODEL_VALIDATION,AUXILIARY_ONLY
RV-V03-001697,MSV1-7906DC506BF7935B,IS 8682:2026,Treatment and Disposal of Effluents of Dairy Industry – Guidelines (First Revision),ta,NOT_TRANSLATED,NEEDS_HUMAN_OR_MODEL_VALIDATION,AUXILIARY_ONLY
RV-V03-001698,MSV1-D9F9B3C979B5CEB1,IS/ISO 7507 (Part 2):2022,Petroleum and Liquid Petroleum Products — Calibration of Vertical Cylindrical Tanks Part 2 Optical-Reference-Line Method or Electro-Optical Distance-Ranging Method (First Revision),ta,NOT_TRANSLATED,NEEDS_HUMAN_OR_MODEL_VALIDATION,AUXILIARY_ONLY
RV-V03-001699,MSV1-9754D22D173BC3FB,IS 19726:2026,Textiles — Jute Shopping Bag — Specification,ta,NOT_TRANSLATED,NEEDS_HUMAN_OR_MODEL_VALIDATION,AUXILIARY_ONLY
RV-V03-001700,MSV1-05CE13DB7516C49E,IS 20201:2026,Community Seed Bank Management System - Requirements,ta,NOT_TRANSLATED,NEEDS_HUMAN_OR_MODEL_VALIDATION,AUXILIARY_ONLY
RV-V03-001701,MSV1-61F07B3B05559454,IS 432 (Part 1):2026,Specification for Mild Steel And Medium Tensile Steel Bars and Hard-Drawn Steel Wire for Concrete Reinforcement Part 1 Mild Steel and Medium Tensile Steel Bars Fourth Revision,ta,NOT_TRANSLATED,NEEDS_HUMAN_OR_MODEL_VALIDATION,AUXILIARY_ONLY
RV-V03-001702,MSV1-2C9E6E9AD5C687EE,IS 10125:2026,Copper Carbonate -- Specification (First Revision),ta,NOT_TRANSLATED,NEEDS_HUMAN_OR_MODEL_VALIDATION,AUXILIARY_ONLY
RV-V03-001703,MSV1-AE06420A03C86C36,IS 12292:2026,lead suboxide (Lead Oxide) for lead - Acid storage battery - Specification (First Revision),ta,NOT_TRANSLATED,NEEDS_HUMAN_OR_MODEL_VALIDATION,AUXILIARY_ONLY
RV-V03-001704,MSV1-6AB61EF743E6F7F7,IS 19519:2025,Sheesham Dalbergia sissoo Roxb dried Stem Bark for use in Traditional Medicine Specification,ta,NOT_TRANSLATED,NEEDS_HUMAN_OR_MODEL_VALIDATION,AUXILIARY_ONLY
RV-V03-001705,MSV1-EC3D5D050B097FB4,IS 4289 (Part 1):2026,Flexible Cables for Lifts and other Flexible Connections- Specification Part 1 Elastomer Insulated Cables,ta,NOT_TRANSLATED,NEEDS_HUMAN_OR_MODEL_VALIDATION,AUXILIARY_ONLY
RV-V03-001706,MSV1-54E050D46725A958,IS 16805:2026,Secondary Cells and Batteries Containing Alkaline or Other Non-Acid Electrolytes Safety Requirements for Secondary Lithium Cells and Batteries For Use in Industrial Applications (First Revision),ta,NOT_TRANSLATED,NEEDS_HUMAN_OR_MODEL_VALIDATION,AUXILIARY_ONLY
RV-V03-001707,MSV1-73E89D7DB746CA43,IS 16893 (Part 1):2026,Secondary Lithium-Ion Cells for the Propulsion of Electric Road Vehicles Part 1 Performance Testing (First Revision),ta,NOT_TRANSLATED,NEEDS_HUMAN_OR_MODEL_VALIDATION,AUXILIARY_ONLY
RV-V03-001708,MSV1-1C0B2B54CD4E4511,IS 16893 (Part 2):2026,Secondary Lithium-Ion Cells for the Propulsion of Electric Road Vehicles Part 2 Reliability and Abuse Testing (First Revision),ta,NOT_TRANSLATED,NEEDS_HUMAN_OR_MODEL_VALIDATION,AUXILIARY_ONLY
RV-V03-001709,MSV1-1ED1A4380DD1472D,IS 16893 (Part 3):2026,Secondary Lithium-Ion Cells for the Propulsion of Electric Road Vehicles Part 3 Safety Requirements First Revision,ta,NOT_TRANSLATED,NEEDS_HUMAN_OR_MODEL_VALIDATION,AUXILIARY_ONLY
RV-V03-001710,MSV1-198A1D4914B5D859,IS 19775:2026,Aircraft batteries Part 1 general test requirements and performance levels,ta,NOT_TRANSLATED,NEEDS_HUMAN_OR_MODEL_VALIDATION,AUXILIARY_ONLY
RV-V03-001711,MSV1-751B09B2A3E9B0DB,IS 19826:2026,Service excellence — Maturity model,ta,NOT_TRANSLATED,NEEDS_HUMAN_OR_MODEL_VALIDATION,AUXILIARY_ONLY
RV-V03-001712,MSV1-EAD3FFD7ADF43EAB,IS 19829:2026,Recreational diving services — Requirements for rebreather instructor training,ta,NOT_TRANSLATED,NEEDS_HUMAN_OR_MODEL_VALIDATION,AUXILIARY_ONLY
RV-V03-001713,MSV1-31735219AB7E2CF2,IS 19830:2026,Tourism and Related Services—Guidance on a Contingency Plan for Infection Prevention and Control (IPC) in the Exhibition Industry,ta,NOT_TRANSLATED,NEEDS_HUMAN_OR_MODEL_VALIDATION,AUXILIARY_ONLY
RV-V03-001714,MSV1-A021BE5BBBDD0699,IS 19828:2026,Service excellence — Measuring service excellence performance,ta,NOT_TRANSLATED,NEEDS_HUMAN_OR_MODEL_VALIDATION,AUXILIARY_ONLY
RV-V03-001715,MSV1-370DB5849FB56D3D,IS 19831:2026,Recreational diving services — Requirements for artificial open water sites,ta,NOT_TRANSLATED,NEEDS_HUMAN_OR_MODEL_VALIDATION,AUXILIARY_ONLY
RV-V03-001716,MSV1-62BFBFD8A77A7F75,IS/IEC 61537:2023,Cable management Cable tray systems and cable ladder systems (First Revision),ta,NOT_TRANSLATED,NEEDS_HUMAN_OR_MODEL_VALIDATION,AUXILIARY_ONLY
RV-V03-001717,MSV1-89988CEA147CDB80,IS 16724:2026,"Explosive atmospheres — Electrical installation design, selection and installation of equipment, including initial inspection",ta,NOT_TRANSLATED,NEEDS_HUMAN_OR_MODEL_VALIDATION,AUXILIARY_ONLY
RV-V03-001718,MSV1-748EE3CB0201C75B,IS 8810:2026,"Rougine for Lacrimal Sac, Rollet’s Pattern — Specification",ta,NOT_TRANSLATED,NEEDS_HUMAN_OR_MODEL_VALIDATION,AUXILIARY_ONLY
RV-V03-001719,MSV1-78A5C049E52B3C96,IS 19778:2026,Use of Geospatial Tools and Technologies in Environmental Impact Assessment and Environment Management Plan — Recommendations,ta,NOT_TRANSLATED,NEEDS_HUMAN_OR_MODEL_VALIDATION,AUXILIARY_ONLY
RV-V03-001720,MSV1-F31F0649C99A8268,IS 19711:2026,DataContent Standard for Geospatial Information - Part 3 Geology,ta,NOT_TRANSLATED,NEEDS_HUMAN_OR_MODEL_VALIDATION,AUXILIARY_ONLY
RV-V03-001721,MSV1-DB6F18169B480538,IS 19632:2026,Fall Detectors - Specification,ta,NOT_TRANSLATED,NEEDS_HUMAN_OR_MODEL_VALIDATION,AUXILIARY_ONLY
RV-V03-001722,MSV1-3B8B90EB541594E0,IS 19359:2026,e-EXPLODERS – SPECIFICATION,ta,NOT_TRANSLATED,NEEDS_HUMAN_OR_MODEL_VALIDATION,AUXILIARY_ONLY
RV-V03-001723,MSV1-BBB3160A079DBCEB,IS 19636:2026,Renewable Energy Power Forecasting Technology,ta,NOT_TRANSLATED,NEEDS_HUMAN_OR_MODEL_VALIDATION,AUXILIARY_ONLY
RV-V03-001724,MSV1-A057E509E5F93AD9,IS 19827:2026,Service excellence — Implementation approach for ISO 23592,ta,NOT_TRANSLATED,NEEDS_HUMAN_OR_MODEL_VALIDATION,AUXILIARY_ONLY
RV-V03-001725,MSV1-803C171CC7C12F34,IS 19832:2026,Recreational diving services—Requirements for rebreather diver training — No-decompression diving,ta,NOT_TRANSLATED,NEEDS_HUMAN_OR_MODEL_VALIDATION,AUXILIARY_ONLY
RV-V03-001726,MSV1-D47B0ED7C2D1DE67,IS 19833:2026,Recreational diving services—Requirements for rebreather diver training—Decompression diving to 45 m,ta,NOT_TRANSLATED,NEEDS_HUMAN_OR_MODEL_VALIDATION,AUXILIARY_ONLY
RV-V03-001727,MSV1-217500899F036188,IS 3009:2026,Brushes Shoe Polishing Specification Fourth Revision,ta,NOT_TRANSLATED,NEEDS_HUMAN_OR_MODEL_VALIDATION,AUXILIARY_ONLY
RV-V03-001728,MSV1-20ED8D3877728144,IS 18698:2026,DIMETHYL ETHER (DME) BLENDED LIQUEFIED PETROLEUM GAS (LPG) — SPECIFICATION,ta,NOT_TRANSLATED,NEEDS_HUMAN_OR_MODEL_VALIDATION,AUXILIARY_ONLY
RV-V03-001729,MSV1-D7404BE2DF5D03A6,IS 19749:2026,Probabilistic Risk Assessment of Nuclear Power Plants - Guidelines,ta,NOT_TRANSLATED,NEEDS_HUMAN_OR_MODEL_VALIDATION,AUXILIARY_ONLY
RV-V03-001730,MSV1-79AAE7280CE07BC8,IS 19788:2026,Clothianidin technical - Specification,ta,NOT_TRANSLATED,NEEDS_HUMAN_OR_MODEL_VALIDATION,AUXILIARY_ONLY
RV-V03-001731,MSV1-501036F01D0A3050,IS 19850:2026,"E22, E25, E27 & E30 FUEL – ADMIXTURE OF ANHYDROUS ETHANOL AND GASOLINE — SPECIFICATION",ta,NOT_TRANSLATED,NEEDS_HUMAN_OR_MODEL_VALIDATION,AUXILIARY_ONLY
RV-V03-001732,MSV1-3B092CDA007CF5B4,IS/ISO 14001:2026,Environmental management systems - Requirements with guidance for use (Third Revision),ta,NOT_TRANSLATED,NEEDS_HUMAN_OR_MODEL_VALIDATION,AUXILIARY_ONLY
RV-V03-001733,MSV1-26E3675C9AF667D5,IS 19756:2026,Benchmarking of Environmental Monitoring Services — Guidelines,ta,NOT_TRANSLATED,NEEDS_HUMAN_OR_MODEL_VALIDATION,AUXILIARY_ONLY
RV-V03-001734,MSV1-C88969FDF58BD311,IS 19782:2026,Textiles —Knitted Pyjamas — Specification,ta,NOT_TRANSLATED,NEEDS_HUMAN_OR_MODEL_VALIDATION,AUXILIARY_ONLY
RV-V03-001735,MSV1-43EA6B7F4FF541A3,IS 19766 (Part 2):2026,Sustainability in buildings and civil engineering works — Sustainability indicators — Part 2: Framework for the development of indicators for civil engineering works,ta,NOT_TRANSLATED,NEEDS_HUMAN_OR_MODEL_VALIDATION,AUXILIARY_ONLY
RV-V03-001736,MSV1-7F3C72732EE70EEC,IS 12036:2026,Agricultural Tractors - Test Procedures - Power Tests for Power Take -Off (second revision),ta,NOT_TRANSLATED,NEEDS_HUMAN_OR_MODEL_VALIDATION,AUXILIARY_ONLY
RV-V03-001737,MSV1-68CCFFB28918F54C,IS 17905:2026,Animal feeding stuffs — Determination of phytase activity (First Revision),ta,NOT_TRANSLATED,NEEDS_HUMAN_OR_MODEL_VALIDATION,AUXILIARY_ONLY
RV-V03-001738,MSV1-1BEF13BF4A8B6029,IS 12062:2026,Agricultural Tractors — Exhaust Smoke Emitted — Method of Measurement (First Revision),ta,NOT_TRANSLATED,NEEDS_HUMAN_OR_MODEL_VALIDATION,AUXILIARY_ONLY
RV-V03-001739,MSV1-267EB8A04BF8E475,IS 101 (Part 1/Sec 3):2026,Methods of Sampling and Test for Paints Varnishes and Related Products Part 1 Tests on Liquid Paints General and Physical Section 3 Preparation of Panels (Fourth Revision),ta,NOT_TRANSLATED,NEEDS_HUMAN_OR_MODEL_VALIDATION,AUXILIARY_ONLY
RV-V03-001740,MSV1-97CC7B2B2A4885FE,IS 2072:2026,COMB FOUNDATION FOR APICULTURE — SPECIFICATION,ta,NOT_TRANSLATED,NEEDS_HUMAN_OR_MODEL_VALIDATION,AUXILIARY_ONLY
RV-V03-001741,MSV1-92D196DAFA00DB59,IS 101 (Part 4/Sec 1):2026,"Methods of sampling and test for paints, varnishes and related products: Part 4 optical test: Sec 1 opacity (Hiding Power) (Fourth Revision)",ta,NOT_TRANSLATED,NEEDS_HUMAN_OR_MODEL_VALIDATION,AUXILIARY_ONLY
RV-V03-001742,MSV1-E51EFF904E171FD3,IS 82:2026,Methods of sampling and test for thinners and solvents for paints (Second Revision),ta,NOT_TRANSLATED,NEEDS_HUMAN_OR_MODEL_VALIDATION,AUXILIARY_ONLY
RV-V03-001743,MSV1-ABA29E795E9789E5,IS 19790:2026,Glass in building — Electrochromic glazings — Tests and requirements (ISO 18543 : 2021. MOD),ta,NOT_TRANSLATED,NEEDS_HUMAN_OR_MODEL_VALIDATION,AUXILIARY_ONLY
RV-V03-001744,MSV1-2B3A9DF5389FF4A3,IS 19047 (Part 6):2026,Siddha - Glossary of Terms Part 6 Standardized Terminology for Processes and Medicine,ta,NOT_TRANSLATED,NEEDS_HUMAN_OR_MODEL_VALIDATION,AUXILIARY_ONLY
RV-V03-001745,MSV1-CFFCE91E007EB3D7,IS 19741:2026,Gymnema sylvestre R Br Root for Use in Traditional Medicine Specification,ta,NOT_TRANSLATED,NEEDS_HUMAN_OR_MODEL_VALIDATION,AUXILIARY_ONLY
RV-V03-001746,MSV1-F511D49CB57D10C5,IS 19821:2026,Water-Borne Polyurethane Enamel Paint (Two Pack) — Specification,ta,NOT_TRANSLATED,NEEDS_HUMAN_OR_MODEL_VALIDATION,AUXILIARY_ONLY
RV-V03-001747,MSV1-C0A2ADB906046B98,IS 10273:2026,Labelling of Agricultural and Forestry Tractors - Guidelines (Second Revision),ta,NOT_TRANSLATED,NEEDS_HUMAN_OR_MODEL_VALIDATION,AUXILIARY_ONLY
RV-V03-001748,MSV1-7B72654420194C45,IS 12226:2026,Agricultural Tractors — Test Procedures — Power Tests for Drawbar (Second Revision),ta,NOT_TRANSLATED,NEEDS_HUMAN_OR_MODEL_VALIDATION,AUXILIARY_ONLY
RV-V03-001749,MSV1-89D2FA09F8E2DF57,IS 15365:2026,Amino resins for paints (Second Revision),ta,NOT_TRANSLATED,NEEDS_HUMAN_OR_MODEL_VALIDATION,AUXILIARY_ONLY
RV-V03-001750,MSV1-963535220932BDC9,IS 101 (Part 5/Sec 4):2026,"Methods of sampling and test for paints, varnishes and related products: Part 5 Mechanical tests: Sec 4 Print free test (Fourth Revision)",ta,NOT_TRANSLATED,NEEDS_HUMAN_OR_MODEL_VALIDATION,AUXILIARY_ONLY
RV-V03-001751,MSV1-40F971BAA1A241DE,IS 101 (Part 3/Sec 1):2026,"Methods of sampling and test for paints, varnishes and related products: Part 3 tests on paint film formation: Sec 1 drying time (Fourth Revision)",ta,NOT_TRANSLATED,NEEDS_HUMAN_OR_MODEL_VALIDATION,AUXILIARY_ONLY
RV-V03-001752,MSV1-B41BB0B51E3E0983,IS 13425:2026,Ammonium nitrate for nitrous oxide production - Specification (first revision),ta,NOT_TRANSLATED,NEEDS_HUMAN_OR_MODEL_VALIDATION,AUXILIARY_ONLY
RV-V03-001753,MSV1-622AEF15401A67A2,IS 19787:2026,Tea bags - Specification,ta,NOT_TRANSLATED,NEEDS_HUMAN_OR_MODEL_VALIDATION,AUXILIARY_ONLY
RV-V03-001754,MSV1-DCC520809C8C17C8,IS 19736:2026,Citrullus colocynthis L Schrad Unripe fruit for Use in Traditional Medicine Specification,ta,NOT_TRANSLATED,NEEDS_HUMAN_OR_MODEL_VALIDATION,AUXILIARY_ONLY
RV-V03-001755,MSV1-E7C9D2138631B1A3,IS 19740:2026,Justicia adhatoda L Root for Use in Traditional Medicine Specification,ta,NOT_TRANSLATED,NEEDS_HUMAN_OR_MODEL_VALIDATION,AUXILIARY_ONLY
RV-V03-001756,MSV1-DD165BC48EC540DB,IS 19742:2026,Corallocarpus epigaeus Benth ex Hook f Tuberous root for Use in Traditional Medicine Specification,ta,NOT_TRANSLATED,NEEDS_HUMAN_OR_MODEL_VALIDATION,AUXILIARY_ONLY
RV-V03-001757,MSV1-07A306CF1FCDAB40,IS 19735:2026,Siddha Poti Timirtal Powder Rubbing Therapy Code of Practice,ta,NOT_TRANSLATED,NEEDS_HUMAN_OR_MODEL_VALIDATION,AUXILIARY_ONLY
RV-V03-001758,MSV1-18D6A6A660AE0306,IS 19737:2026,Siddha Pukai Fumigation Therapy Code of Practice,ta,NOT_TRANSLATED,NEEDS_HUMAN_OR_MODEL_VALIDATION,AUXILIARY_ONLY
RV-V03-001759,MSV1-E40F4A23845447F6,IS 7762:2026,"Specification for hook, eyelid",ta,NOT_TRANSLATED,NEEDS_HUMAN_OR_MODEL_VALIDATION,AUXILIARY_ONLY
RV-V03-001760,MSV1-B47752853A334DAA,IS 6420:2026,"Eye Surgery Instruments - Retractor, Eye Lachrymal Sac, Muller's Pattern - Specification (First Revision)",ta,NOT_TRANSLATED,NEEDS_HUMAN_OR_MODEL_VALIDATION,AUXILIARY_ONLY
RV-V03-001761,MSV1-7386EA3121FB9D6F,IS 7758:2026,"Specification For Curette, Eye, Evacuation, Moorfield's Pattern",ta,NOT_TRANSLATED,NEEDS_HUMAN_OR_MODEL_VALIDATION,AUXILIARY_ONLY
RV-V03-001762,MSV1-2522B9AFCAB75123,IS 8771:2026,"Specification For Needle Holder, Eye, Scissors And Forceps Combined, Castroviejo's Pattern (First Revision)",ta,NOT_TRANSLATED,NEEDS_HUMAN_OR_MODEL_VALIDATION,AUXILIARY_ONLY
RV-V03-001763,MSV1-D1766E239B24555F,IS 7767:2026,"Specification For Spatula, Eye, Cyclodialysis, Sinclair's Pattern",ta,NOT_TRANSLATED,NEEDS_HUMAN_OR_MODEL_VALIDATION,AUXILIARY_ONLY
RV-V03-001764,MSV1-472C7BC92305327E,IS 9062:2026,"Specification For Probes, Lacrimal, Bowman's Pattern",ta,NOT_TRANSLATED,NEEDS_HUMAN_OR_MODEL_VALIDATION,AUXILIARY_ONLY
RV-V03-001765,MSV1-8D9A4BF95797A1FF,IS 5722:2026,"Specification For Hook, Eye, Iris (Tyrrell's Pattern)",ta,NOT_TRANSLATED,NEEDS_HUMAN_OR_MODEL_VALIDATION,AUXILIARY_ONLY
RV-V03-001766,MSV1-D17033B89B1B647F,IS 10009:2026,"Breaker And Holder, Razor Blade, Barraquer's Pattern- Specification",ta,NOT_TRANSLATED,NEEDS_HUMAN_OR_MODEL_VALIDATION,AUXILIARY_ONLY
RV-V03-001767,MSV1-0DFB9F51EE8EB402,IS 9061:2026,"Eye Surgery Instruments - Dilators, Punctum, Wilder's Pattern - Specification (Second Revision)",ta,NOT_TRANSLATED,NEEDS_HUMAN_OR_MODEL_VALIDATION,AUXILIARY_ONLY
RV-V03-001768,MSV1-591E1857731C2643,IS 9134:2026,"Specification For Trephine, Corneal, Castroviejo's Pattern (First Revision)",ta,NOT_TRANSLATED,NEEDS_HUMAN_OR_MODEL_VALIDATION,AUXILIARY_ONLY
RV-V03-001769,MSV1-DE125E7EA48BEF8E,IS 11244:2026,"Specification for trephine, bone lacrimal with handle",ta,NOT_TRANSLATED,NEEDS_HUMAN_OR_MODEL_VALIDATION,AUXILIARY_ONLY
RV-V03-001770,MSV1-EEACA665BF5B9B58,IS 19734:2026,Aluminium and Aluminium Alloy Billets and Slabs — Specification,ta,NOT_TRANSLATED,NEEDS_HUMAN_OR_MODEL_VALIDATION,AUXILIARY_ONLY
RV-V03-001771,MSV1-FF2BC1E89908A113,IS 4296 (Part 1):2026,Tools for Pressing - Punches Part 1 Round Punches with 60 Degree Conical Head and Straight Shank (Third Revision),ta,NOT_TRANSLATED,NEEDS_HUMAN_OR_MODEL_VALIDATION,AUXILIARY_ONLY
RV-V03-001772,MSV1-D467484302055315,IS 15511:2026,Cycle Chains — Specification (First Revision),ta,NOT_TRANSLATED,NEEDS_HUMAN_OR_MODEL_VALIDATION,AUXILIARY_ONLY
RV-V03-001773,MSV1-6FE7D914B1A65017,IS 8533:2026,General Purpose Carabiners for Mountaineering — Specification (First Revision),ta,NOT_TRANSLATED,NEEDS_HUMAN_OR_MODEL_VALIDATION,AUXILIARY_ONLY
RV-V03-001774,MSV1-8C9CC8C9BC25620A,IS 16762:2026,Skis — Vocabulary (First Revision),ta,NOT_TRANSLATED,NEEDS_HUMAN_OR_MODEL_VALIDATION,AUXILIARY_ONLY
RV-V03-001775,MSV1-A1AF196C5F7266D3,SP 7:2026,National Building Construction Standards 2026,ta,NOT_TRANSLATED,NEEDS_HUMAN_OR_MODEL_VALIDATION,AUXILIARY_ONLY
RV-V03-001776,MSV1-7EB759C563841553,IS 8605:2026,Construction of Masonry in Dams — Code of Practice,ta,NOT_TRANSLATED,NEEDS_HUMAN_OR_MODEL_VALIDATION,AUXILIARY_ONLY
RV-V03-001777,MSV1-6A22B6D195FFC6C5,IS 4997:2026,Design of Hydraulic Jump Type Stilling Basins with Horizontal and Sloping Apron — Criteria,ta,NOT_TRANSLATED,NEEDS_HUMAN_OR_MODEL_VALIDATION,AUXILIARY_ONLY
RV-V03-001778,MSV1-BCD60D4E8A303BB0,IS 9401 (Part 1):2026,METHOD OF MEASUREMENT OF WORKS IN RIVER VALLEY PROJECTS DAMS AND APPURTENANT STRUCTURES PART 1 EXCAVATION FOR FOUNDATION,ta,NOT_TRANSLATED,NEEDS_HUMAN_OR_MODEL_VALIDATION,AUXILIARY_ONLY
RV-V03-001779,MSV1-D0D785503AF95DF8,IS 9401 (Part 9):2026,METHOD OF MEASUREMENT OF WORKS IN RIVER VALLEY PROJECTS DAMS AND APPURTENANT STRUCTURES PART 9 LINING,ta,NOT_TRANSLATED,NEEDS_HUMAN_OR_MODEL_VALIDATION,AUXILIARY_ONLY
RV-V03-001780,MSV1-684105A322D7D671,IS 9401 (Part 10):2026,METHOD OF MEASUREMENT OF WORKS IN RIVER VALLEY PROJECTS DAMS AND APPURTENANT STRUCTURES PART 10 FORMWORK,ta,NOT_TRANSLATED,NEEDS_HUMAN_OR_MODEL_VALIDATION,AUXILIARY_ONLY
RV-V03-001781,MSV1-6D3A36B9B8CB9BE9,IS 9401 (Part 12):2026,METHODS OF MEASUREMENT OF WORK IN RIVER VALLEY PROJECTS DAMS AND APPURTENANT STRUCTURES PART 12 TOPOGRAPHICAL SURVEYS,ta,NOT_TRANSLATED,NEEDS_HUMAN_OR_MODEL_VALIDATION,AUXILIARY_ONLY
RV-V03-001782,MSV1-269DBE4FA8EF9D34,IS 5878 (Part 1):2026,CONSTRUCTION OF TUNNELS CONVEYING WATER PART 1 PRECISION SURVEY AND SETTING OUT CODE OF PRACTICE First Revision of IS 5878 Part 1,ta,NOT_TRANSLATED,NEEDS_HUMAN_OR_MODEL_VALIDATION,AUXILIARY_ONLY
RV-V03-001783,MSV1-8B9CAE5924824CC7,IS 12633:2026,FIRST FILLING AND EMPTYING OF PRESSURE TUNNELS GUIDELINES First Revision of IS 12633,ta,NOT_TRANSLATED,NEEDS_HUMAN_OR_MODEL_VALIDATION,AUXILIARY_ONLY
RV-V03-001784,MSV1-1924A37A30C5BED4,IS 10334:2026,SELECTION SPLICING INSTALLATION AND PROVIDING PROTECTION TO THE OPEN ENDS OF CABLES USED FOR CONNECTING RESISTANCE TYPE MEASURING DEVICES IN CONCRETE AND MASONRY DAMS CODE OF PRACTICE,ta,NOT_TRANSLATED,NEEDS_HUMAN_OR_MODEL_VALIDATION,AUXILIARY_ONLY
RV-V03-001785,MSV1-47E6442A1C74B0C2,IS 10434 (Part 2):2026,INSTALLATION MAINTENANCE AND OBSERVATION OF DEFORMATION MEASURING DEVICES IN CONCRETE AND MASONRY DAMS GUIDELINES PART 2 VIBRATING WIRE TYPE JOINTMETER,ta,NOT_TRANSLATED,NEEDS_HUMAN_OR_MODEL_VALIDATION,AUXILIARY_ONLY
RV-V03-001786,MSV1-48650196D688E5C9,IS 15310:2026,HYDRAULIC DESIGN OF PUMP SUMPS AND INTAKES GUIDELINES First Revision of IS 15310,ta,NOT_TRANSLATED,NEEDS_HUMAN_OR_MODEL_VALIDATION,AUXILIARY_ONLY
RV-V03-001787,MSV1-6349650D432FE853,IS 11639 (Part 3):2026,CRITERIA FOR STRUCTURAL DESIGN OF PENSTOCK GUIDELINES PART 3 SPECIALS FOR PENSTOCKS First Revision of IS 11639 Part 3,ta,NOT_TRANSLATED,NEEDS_HUMAN_OR_MODEL_VALIDATION,AUXILIARY_ONLY
RV-V03-001788,MSV1-833B05278CE1B56A,IS 12615:2026,Line Operated Three Phase ac Motors IE CODE Efficiency Classes and Performance Specification,ta,NOT_TRANSLATED,NEEDS_HUMAN_OR_MODEL_VALIDATION,AUXILIARY_ONLY
RV-V03-001789,MSV1-F7E4D117444287F9,IS 19789:2026,Absorbent Incontinence Products for Urine andor Faeces Basic Principles for Evaluation of Single Use Adult Products from the Perspective of Users and Caregivers First Revision of ISISO 16021,ta,NOT_TRANSLATED,NEEDS_HUMAN_OR_MODEL_VALIDATION,AUXILIARY_ONLY
RV-V03-001790,MSV1-1A280FA566CCC20F,IS 17900 (Part 3/Sec 2):2025,LIFTS FOR THE TRANSPORT OF PERSONS AND GOODS PART 3: SPECIFICATIONS FOR PLANNING AND SELECTION : Section 2: Goods Automobile Lift,ta,NOT_TRANSLATED,NEEDS_HUMAN_OR_MODEL_VALIDATION,AUXILIARY_ONLY
RV-V03-001791,MSV1-2A29FA39961F77C9,IS/IEC 60068 (Part 2/Sec 11):2021,Environmental Testing Part 2: Tests Section 11: Test Ka - Salt mist,ta,NOT_TRANSLATED,NEEDS_HUMAN_OR_MODEL_VALIDATION,AUXILIARY_ONLY
RV-V03-001792,MSV1-110152D17C58BA1A,IS 19791:2026,ENT Surgery Instruments –– Microdebrider — Specification,ta,NOT_TRANSLATED,NEEDS_HUMAN_OR_MODEL_VALIDATION,AUXILIARY_ONLY
RV-V03-001793,MSV1-92BD1D35A93A7C92,IS/IEC 62563 (Part 1):2026,Medical Electrical Equipment Medical Image Display Systems Part 1 Evaluation methods First Revision,ta,NOT_TRANSLATED,NEEDS_HUMAN_OR_MODEL_VALIDATION,AUXILIARY_ONLY
RV-V03-001794,MSV1-49D4D2E583AC2F0F,IS 8317:2026,Cardiovascular Surgery Instruments – Angled Vascular Clamps – Specification,ta,NOT_TRANSLATED,NEEDS_HUMAN_OR_MODEL_VALIDATION,AUXILIARY_ONLY
RV-V03-001795,MSV1-E9E2DF0149CC118C,IS 16783:2026,Cable Cleats for Electrical Installations (First Revision),ta,NOT_TRANSLATED,NEEDS_HUMAN_OR_MODEL_VALIDATION,AUXILIARY_ONLY
RV-V03-001796,MSV1-E6ECB337B7C405FC,IS 17039:2026,Industrial Cable Reels (First Revision),ta,NOT_TRANSLATED,NEEDS_HUMAN_OR_MODEL_VALIDATION,AUXILIARY_ONLY
RV-V03-001797,MSV1-6F4B76BD17CFECB1,IS 19797:2026,"Security and resilience — Authenticity, integrity and trust for products and documents — Guidelines for securing physical documents",ta,NOT_TRANSLATED,NEEDS_HUMAN_OR_MODEL_VALIDATION,AUXILIARY_ONLY
RV-V03-001798,MSV1-C10F89FA0696976E,IS 19771:2026,Medical electrical equipment Dosimeters with ionization chambers as used in Radiotherapy IEC 60731:2011AMD1:2016 CSV MOD,ta,NOT_TRANSLATED,NEEDS_HUMAN_OR_MODEL_VALIDATION,AUXILIARY_ONLY
RV-V03-001799,MSV1-3FF81A66567F7963,IS 10284:2026,Lipsalve — Specification (First Revision),ta,NOT_TRANSLATED,NEEDS_HUMAN_OR_MODEL_VALIDATION,AUXILIARY_ONLY
RV-V03-001800,MSV1-4CEA10F60E3A8229,IS 8861:2026,"1,4-DICHLORO-2-NITROBENZENE SPECIFICATION",ta,NOT_TRANSLATED,NEEDS_HUMAN_OR_MODEL_VALIDATION,AUXILIARY_ONLY
RV-V03-001801,MSV1-FFDB9705C8F74515,IS 8873:2026,"Monomethylamine , Technical - Specification (First Revision)",ta,NOT_TRANSLATED,NEEDS_HUMAN_OR_MODEL_VALIDATION,AUXILIARY_ONLY
RV-V03-001802,MSV1-CFE9548F3AD8A2B0,IS 4887:2026,PETROLEUM JELLY FOR COSMETIC INDUSTRY - SPECIFICATION,ta,NOT_TRANSLATED,NEEDS_HUMAN_OR_MODEL_VALIDATION,AUXILIARY_ONLY
RV-V03-001803,MSV1-DD882D06A45F1DCE,IS 507:2026,GENERAL PURPOSE GREASE FOR DEFENCE APPLICATIONS SPECIFICATION,ta,NOT_TRANSLATED,NEEDS_HUMAN_OR_MODEL_VALIDATION,AUXILIARY_ONLY
RV-V03-001804,MSV1-E32CBB1B629D67D3,IS 9611:2026,SPECIFICATION FOR CUTTING OIL SOLUBLE CLEAR First Revision of IS 9611,ta,NOT_TRANSLATED,NEEDS_HUMAN_OR_MODEL_VALIDATION,AUXILIARY_ONLY
RV-V03-001805,MSV1-11DA08AE8A11FCFE,IS 5573:2026,Ethylene Oxide — Specification (Second Revision),ta,NOT_TRANSLATED,NEEDS_HUMAN_OR_MODEL_VALIDATION,AUXILIARY_ONLY
RV-V03-001806,MSV1-3923E5DA85B7FB5B,IS 3916:2026,Pig housing — Code of Practice (First Revision),ta,NOT_TRANSLATED,NEEDS_HUMAN_OR_MODEL_VALIDATION,AUXILIARY_ONLY
RV-V03-001807,MSV1-18519CD0197B68B4,IS 8543 (Part 1/Sec 1):2026,PLASTICS METHODS OF TESTING PART 1 CHARACTERIZATION OF POLYMER STRUCTURE AND SIZE SECTION 1 DETERMINATION OF MOLECULAR MASS FROM VISCOSITY first revision,ta,NOT_TRANSLATED,NEEDS_HUMAN_OR_MODEL_VALIDATION,AUXILIARY_ONLY
RV-V03-001808,MSV1-A5404AB7FEC6ECE9,IS 1216:2026,Tar and bituminous materials - Determination of solubility in trichloroethylene or toluene - Methods of test (Third Revision),ta,NOT_TRANSLATED,NEEDS_HUMAN_OR_MODEL_VALIDATION,AUXILIARY_ONLY
RV-V03-001809,MSV1-2E036130E29D827B,IS 101 (Part 1/Sec 7):2026,Methods of Sampling and Test for Paints Varnishes and Related Products Part 1 Test on Liquid Paints General and Physical Section 7 Mass per 10 litres - Determination of Density - Pycnometer Method (Fifth Revision),ta,NOT_TRANSLATED,NEEDS_HUMAN_OR_MODEL_VALIDATION,AUXILIARY_ONLY
RV-V03-001810,MSV1-08323FECACE1C244,IS 8461:2026,Cane knives - Specification (First Revision),ta,NOT_TRANSLATED,NEEDS_HUMAN_OR_MODEL_VALIDATION,AUXILIARY_ONLY
RV-V03-001811,MSV1-796858985E6D0F17,IS 1448 (Part 97):2026,Methods of test for petroleum and its products [p : 97] determination of thermal oxidation stability of gas turbine fuels - Jftot method (First Revision),ta,NOT_TRANSLATED,NEEDS_HUMAN_OR_MODEL_VALIDATION,AUXILIARY_ONLY
RV-V03-001812,MSV1-37FA75225AE8727F,IS 1448 (Part 186):2026,Petroleum Products and Related Products Determination of Kinematic Viscosity Method by Stabinger Type Viscometer,ta,NOT_TRANSLATED,NEEDS_HUMAN_OR_MODEL_VALIDATION,AUXILIARY_ONLY
RV-V03-001813,MSV1-3104558A317B4E25,IS 1448 (Part 187):2026,Methods of test for Petroleum and its Products Part 187 Petroleum Products-Determination of Sulfated Ash in Lubricating Oils and Additives,ta,NOT_TRANSLATED,NEEDS_HUMAN_OR_MODEL_VALIDATION,AUXILIARY_ONLY
RV-V03-001814,MSV1-9C14FC480F72864A,IS 1448 (Part 208):2019,PETROLEUM AND ITS PRODUCTS - TEST METHODS PART XX DETERMINATION OF DISTILLATION CHARACTERISTICS OF PETROLEUM PRODUCTS BY MICRO DISTILLATION METHOD,ta,NOT_TRANSLATED,NEEDS_HUMAN_OR_MODEL_VALIDATION,AUXILIARY_ONLY
RV-V03-001815,MSV1-225C5B0738E05B9A,IS 1448 (Part 210):2019,PETROLEUM AND ITS PRODUCTS - TEST METHODS PART XX EVALUATION OF LUBRICITY OF AVIATION TURBINE FUELS BY USING THE BALL-ON-CYLINDER LUBRICITY EVALUATOR BOCLE,ta,NOT_TRANSLATED,NEEDS_HUMAN_OR_MODEL_VALIDATION,AUXILIARY_ONLY
RV-V03-001816,MSV1-6A82E56751A0B0E0,IS 1448 (Part 211):2019,PETROLEUM AND ITS PRODUCTS - TEST METHODS PART STANDARD TEST METHOD FOR VAPOR PRESSURE OF PETROLEUM PRODUCTS MINI METHOD,ta,NOT_TRANSLATED,NEEDS_HUMAN_OR_MODEL_VALIDATION,AUXILIARY_ONLY
RV-V03-001817,MSV1-F4A9107A9C5717FE,IS 1448 (Part 212):2019,PETROLEUM AND ITS PRODUCTS - TEST METHODS PART XX DETERMINATION OF TRACE IMPURITIES IN MONOCYCLIC AROMATIC HYDROCARBONS WITH CARBON NUMBER SEPERATION BY GAS CHROMTOGRAPGHY METHOD,ta,NOT_TRANSLATED,NEEDS_HUMAN_OR_MODEL_VALIDATION,AUXILIARY_ONLY
RV-V03-001818,MSV1-ADF7BEC01A4445A5,IS 13360 (Part 5/Sec 5/Sub-Sec 1):2025,PLASTICS — METHODS OF TESTING PART 5 MECHANICAL PROPERTIES SECTION 5 DETERMINATION OF CHARPY IMPACT PROPERTIES SUBSEC 1 NON-INSTRUMENTED IMPACT TEST (Second Revision),ta,NOT_TRANSLATED,NEEDS_HUMAN_OR_MODEL_VALIDATION,AUXILIARY_ONLY
RV-V03-001819,MSV1-CDF8E3ECCB51FDD0,IS 16861:2026,HIGH FLASH HIGH SPEED DIESEL SPECIFICATION,ta,NOT_TRANSLATED,NEEDS_HUMAN_OR_MODEL_VALIDATION,AUXILIARY_ONLY
RV-V03-001820,MSV1-E50F4F5DC4070A00,IS 13360 (Part 3/Sec 2):2025,PLASTICS — METHODS OF TESTING PART 3 PHYSICAL AND DIMENSIONAL PROPERTIES Section 2 Determination of Apparent Density of Material that Can be Poured from a Specified Funnel (First Revision),ta,NOT_TRANSLATED,NEEDS_HUMAN_OR_MODEL_VALIDATION,AUXILIARY_ONLY
RV-V03-001821,MSV1-7E648C690DCEFC97,IS 14385:2026,ALUMINIUM COLD ROLLING OILS - FOIL AND SHEET ROLLING SPECIFICATION First Revision of IS 14385,ta,NOT_TRANSLATED,NEEDS_HUMAN_OR_MODEL_VALIDATION,AUXILIARY_ONLY
RV-V03-001822,MSV1-DD678452E1F8F45A,IS 13123:2025,POLY ETHYLENE TEREPHTHALATE PET BOTTLES FOR PACKAGING OF LIQUID PESTICIDES UP TO 5 LITRES CAPACITY SPECIFICATION,ta,NOT_TRANSLATED,NEEDS_HUMAN_OR_MODEL_VALIDATION,AUXILIARY_ONLY
RV-V03-001823,MSV1-EFFF058DE0CAD3B3,IS 16061:2026,HYDROGEN FUEL QUALITY PRODUCT SPECIFICATION Second Revision of IS 16061,ta,NOT_TRANSLATED,NEEDS_HUMAN_OR_MODEL_VALIDATION,AUXILIARY_ONLY
RV-V03-001824,MSV1-3E917D100EE4DBB5,IS 13360 (Part 3/Sec 9):2026,PLASTICS METHODS OF TESTING PART 3 PHYSICAL AND DIMENSIONAL PROPERTIES Section 9 Determination of Moisture First Revision,ta,NOT_TRANSLATED,NEEDS_HUMAN_OR_MODEL_VALIDATION,AUXILIARY_ONLY
RV-V03-001825,MSV1-679787A3A469F193,IS 11604:2026,WOVEN (MESH) TYPE SUPPORTING SCREENS FOR CONTINUOUS CENTRIFUGAL MACHINES USED IN SUGAR INDUSTRY ⸺ SPECIFICATION,ta,NOT_TRANSLATED,NEEDS_HUMAN_OR_MODEL_VALIDATION,AUXILIARY_ONLY
RV-V03-001826,MSV1-153679605DA38059,IS 15641 (Part 3):2026,Natural gas - Determination of water by karl fischer method: Part 3 coulometric procedure,ta,NOT_TRANSLATED,NEEDS_HUMAN_OR_MODEL_VALIDATION,AUXILIARY_ONLY
RV-V03-001827,MSV1-2B5C2837FEA56268,IS 19685:2026,SUNSCREEN COSMETIC PRODUCTS SPECIFICATION,ta,NOT_TRANSLATED,NEEDS_HUMAN_OR_MODEL_VALIDATION,AUXILIARY_ONLY
RV-V03-001828,MSV1-1BEBD16120FAE0ED,IS 19681:2026,FACE WASH - SPECIFICATION,ta,NOT_TRANSLATED,NEEDS_HUMAN_OR_MODEL_VALIDATION,AUXILIARY_ONLY
RV-V03-001829,MSV1-57568ED4982BCD60,IS 19683:2026,FACE AND BODY SCRUB - SPECIFICATION,ta,NOT_TRANSLATED,NEEDS_HUMAN_OR_MODEL_VALIDATION,AUXILIARY_ONLY
RV-V03-001830,MSV1-D189201813913042,IS 19682:2026,SHOWER GEL BODY WASH SPECIFICATION,ta,NOT_TRANSLATED,NEEDS_HUMAN_OR_MODEL_VALIDATION,AUXILIARY_ONLY
RV-V03-001831,MSV1-0BE02EEFFC1D07F7,IS 19487:2025,SAFE HANDLING OF BITUMEN AND BITUMEN PRODUCTS CODE OF PRACTICE,ta,NOT_TRANSLATED,NEEDS_HUMAN_OR_MODEL_VALIDATION,AUXILIARY_ONLY
RV-V03-001832,MSV1-E482FB2FB777EA04,IS 19733:2026,Hexylene Glycol - Specification,ta,NOT_TRANSLATED,NEEDS_HUMAN_OR_MODEL_VALIDATION,AUXILIARY_ONLY
RV-V03-001833,MSV1-5B7DFD32A536C975,IS 19694:2026,PLASTICS EVALUATION OF THE ACTION OF MICROORGANISMS,ta,NOT_TRANSLATED,NEEDS_HUMAN_OR_MODEL_VALIDATION,AUXILIARY_ONLY
RV-V03-001834,MSV1-195A4813F8C8A510,IS 19769:2026,Tarpana Code of Practice,ta,NOT_TRANSLATED,NEEDS_HUMAN_OR_MODEL_VALIDATION,AUXILIARY_ONLY
RV-V03-001835,MSV1-13EA422DFC3171B2,IS 17118 (Part 15):2026,Indoor Air Part 15 Sampling Strategy for Nitrogen Dioxide NO2,ta,NOT_TRANSLATED,NEEDS_HUMAN_OR_MODEL_VALIDATION,AUXILIARY_ONLY
RV-V03-001836,MSV1-CBE280705A7C0B5E,IS 19768:2026,Agnikarma Code of Practice,ta,NOT_TRANSLATED,NEEDS_HUMAN_OR_MODEL_VALIDATION,AUXILIARY_ONLY
RV-V03-001837,MSV1-D953ED15FD8E6A15,IS 8345:2026,Thoracic Surgery Instruments Bulldog Clamps Specification,ta,NOT_TRANSLATED,NEEDS_HUMAN_OR_MODEL_VALIDATION,AUXILIARY_ONLY
RV-V03-001838,MSV1-3CC6D2FF3CA2DDA1,IS 7116:2026,Obstetric Forceps Short - Specification First revision,ta,NOT_TRANSLATED,NEEDS_HUMAN_OR_MODEL_VALIDATION,AUXILIARY_ONLY
RV-V03-001839,MSV1-AD53C8F6C5FA2632,IS 7117:2026,Umbilical Cord Scissors — Specification First Revision,ta,NOT_TRANSLATED,NEEDS_HUMAN_OR_MODEL_VALIDATION,AUXILIARY_ONLY
RV-V03-001840,MSV1-CF3247DA4F7ACFE8,IS 11889:2026,Simultaneous Interpreting Interpreters Working Environment Part 1: Requirements and Recommendations for Permanent Booths Second Revision,ta,NOT_TRANSLATED,NEEDS_HUMAN_OR_MODEL_VALIDATION,AUXILIARY_ONLY
RV-V03-001841,MSV1-3DBA5BE73C5C046D,IS 12256:2026,UTERINE BIOPSY CURETTE ANGLED SPECIFICATION First Revision of IS 12256,ta,NOT_TRANSLATED,NEEDS_HUMAN_OR_MODEL_VALIDATION,AUXILIARY_ONLY
RV-V03-001842,MSV1-531AC2F0B9F8E1EA,IS 8773:2026,"Specification For Dissector, Lacrimal Sac, Lang's Pattern (First Revision)",ta,NOT_TRANSLATED,NEEDS_HUMAN_OR_MODEL_VALIDATION,AUXILIARY_ONLY
RV-V03-001843,MSV1-2777B4E599C748A1,IEC 61000 (Part 5/Sec 2):2026,Electromagnetic Compatibility EMC Part 5: Installation and Mitigation Guidelines Section 2: Earthing and Cabling,ta,NOT_TRANSLATED,NEEDS_HUMAN_OR_MODEL_VALIDATION,AUXILIARY_ONLY
RV-V03-001844,MSV1-539041168086BA67,IS 19638 (Part 4):2026,Prosthetics and Orthotics Limb Deficiencies Part 4: Description of Causal Conditions Leading to Amputation,ta,NOT_TRANSLATED,NEEDS_HUMAN_OR_MODEL_VALIDATION,AUXILIARY_ONLY
RV-V03-001845,MSV1-6AC0C838C6E5B4DA,IS 19638 (Part 5):2026,Prosthetics and Orthotics Limb Deficiencies Part 5 Description of the Clinical Condition of the Person Who Has Had an Amputation,ta,NOT_TRANSLATED,NEEDS_HUMAN_OR_MODEL_VALIDATION,AUXILIARY_ONLY
RV-V03-001846,MSV1-CB707A41C4A8B140,IS 19512 (Part 2):2025,Implants for Surgery Pre-Clinical Mechanical Assessment of Spinal Implants and Particular Requirements Part 2 Spinal Intervertebral Body Fusion Devices,ta,NOT_TRANSLATED,NEEDS_HUMAN_OR_MODEL_VALIDATION,AUXILIARY_ONLY
RV-V03-001847,MSV1-576A146F9F2808F1,IS 18972 (Part 101):2026,"Marine energy – Wave, tidal and other water current converters – Part 101: Wave energy resource assessment and characterization",ta,NOT_TRANSLATED,NEEDS_HUMAN_OR_MODEL_VALIDATION,AUXILIARY_ONLY
RV-V03-001848,MSV1-2C83D60E7A9DB8BF,IS 18972 (Part 200):2026,"Marine energy – Wave, tidal and other water current converters – Part 200: Electricity producing tidal energy converters – Power performance assessment",ta,NOT_TRANSLATED,NEEDS_HUMAN_OR_MODEL_VALIDATION,AUXILIARY_ONLY
RV-V03-001849,MSV1-883CDFA249A74372,IS 18972 (Part 201):2026,"Marine energy – Wave, tidal and other water current converters – Part 201: Tidal energy resource assessment and characterization",ta,NOT_TRANSLATED,NEEDS_HUMAN_OR_MODEL_VALIDATION,AUXILIARY_ONLY
RV-V03-001850,MSV1-3F3DD9F13DE13514,IS 18972 (Part 202):2026,"Marine energy – Wave, tidal and other water current converters – Part 202: Early stage development of tidal energy converters – Best practices and recommended procedures for the testing of pre-prototy",ta,NOT_TRANSLATED,NEEDS_HUMAN_OR_MODEL_VALIDATION,AUXILIARY_ONLY
RV-V03-001851,MSV1-19E90945D0B67938,IS/IEC 60669 (Part 2/Sec 2):2024,Switches for Household and Similar Fixed Electrical Installations Part 2 Particular Requirements Section 2 Electromagnetic remote-control switches RCS (First Revision),ta,NOT_TRANSLATED,NEEDS_HUMAN_OR_MODEL_VALIDATION,AUXILIARY_ONLY
RV-V03-001852,MSV1-B37B1BF5CFF0A238,IS 7039:2026,Medical Laboratory Glassware Culture tube with screw cap - Specification First Revision,ta,NOT_TRANSLATED,NEEDS_HUMAN_OR_MODEL_VALIDATION,AUXILIARY_ONLY
RV-V03-001853,MSV1-CD63D5A3774B4CE8,IS 10156:2026,Cannula Intra-Uterine Hysterosalpingography Specification First Revision,ta,NOT_TRANSLATED,NEEDS_HUMAN_OR_MODEL_VALIDATION,AUXILIARY_ONLY
RV-V03-001854,MSV1-6FC7BD13E387CA85,IS 7080 (Part 1):2026,M.T.P Suction Apparatus Specification Part 1 Manually Operated Third Revision,ta,NOT_TRANSLATED,NEEDS_HUMAN_OR_MODEL_VALIDATION,AUXILIARY_ONLY
RV-V03-001855,MSV1-E3B8E22E75BC4EF2,IS 6510:2026,Suction Type Endometrial Biopsy Curette Specification First Revision of IS 6510,ta,NOT_TRANSLATED,NEEDS_HUMAN_OR_MODEL_VALIDATION,AUXILIARY_ONLY
RV-V03-001856,MSV1-72C0C0B406766E3C,IS 6589:2026,Gynaecological Instruments Forceps Uterine Dressing Bozemanns Pattern Shape and Dimensions Second Revision of IS 6589,ta,NOT_TRANSLATED,NEEDS_HUMAN_OR_MODEL_VALIDATION,AUXILIARY_ONLY
RV-V03-001857,MSV1-64EADA5ADD28F797,IS 6436:2026,"Thoracic Surgery Instruments – Rib Spreader, Finochietto’s Pattern, Adult Size – Specification",ta,NOT_TRANSLATED,NEEDS_HUMAN_OR_MODEL_VALIDATION,AUXILIARY_ONLY
RV-V03-001858,MSV1-BCEBA40E6CF09152,IS 7432:2026,Myomectomy Clamp Bonneys Pattern Specification First Revision,ta,NOT_TRANSLATED,NEEDS_HUMAN_OR_MODEL_VALIDATION,AUXILIARY_ONLY
RV-V03-001859,MSV1-E4E804DF035A4656,IS 16463 (Part 10):2026,Low-Voltage Surge Protective Devices - Part 32: Surge Protective Devices Connected to the dc Side of Photovoltaic Installations - Selection and Application Principles,ta,NOT_TRANSLATED,NEEDS_HUMAN_OR_MODEL_VALIDATION,AUXILIARY_ONLY
RV-V03-001860,MSV1-EA5F1C9DB1C3C9C4,IS 19808:2026,Reference materials Requirements and recommendations for use,ta,NOT_TRANSLATED,NEEDS_HUMAN_OR_MODEL_VALIDATION,AUXILIARY_ONLY
RV-V03-001861,MSV1-9650718BC49C0DAF,IS 19806:2026,Reference materials Approaches for characterization and assessment of homogeneity and stability,ta,NOT_TRANSLATED,NEEDS_HUMAN_OR_MODEL_VALIDATION,AUXILIARY_ONLY
RV-V03-001862,MSV1-921A5471DE3FB6B7,IS 19804:2026,Approaches for the production of reference materials with qualitative properties,ta,NOT_TRANSLATED,NEEDS_HUMAN_OR_MODEL_VALIDATION,AUXILIARY_ONLY
RV-V03-001863,MSV1-EEFE9F6CB0851C36,IS 19805:2026,Guidance for the production of pure organic substance certified reference materials,ta,NOT_TRANSLATED,NEEDS_HUMAN_OR_MODEL_VALIDATION,AUXILIARY_ONLY
RV-V03-001864,MSV1-A1FAA5739992D001,IS 19807:2026,"Reference materials — Contents of certificates, labels and accompanying documentation",ta,NOT_TRANSLATED,NEEDS_HUMAN_OR_MODEL_VALIDATION,AUXILIARY_ONLY
RV-V03-001865,MSV1-3C201F7F9EBD328E,IS 19631:2026,Portable Ramps - Specification,ta,NOT_TRANSLATED,NEEDS_HUMAN_OR_MODEL_VALIDATION,AUXILIARY_ONLY
RV-V03-001866,MSV1-B6F0C7EE4DA46928,IS 16463 (Part 31):2026,Low-Voltage Surge Protective Devices Part 31: Requirements and Test Methods for SPDs for Photovoltaic Installations,ta,NOT_TRANSLATED,NEEDS_HUMAN_OR_MODEL_VALIDATION,AUXILIARY_ONLY
RV-V03-001867,MSV1-1AE3C4F5161DA74A,IS 13970 (Part 4):2026,Prosthetics and orthotics Vocabulary Part 4 Terms relating to limb amputation,ta,NOT_TRANSLATED,NEEDS_HUMAN_OR_MODEL_VALIDATION,AUXILIARY_ONLY
RV-V03-001868,MSV1-2EF28AF0949A6C2E,IS 19642:2026,Assistive Products Accessibility Guidelines and Requirements to Survey the Needs of Persons with Sensory Disabilities for Assistive Products and Services,ta,NOT_TRANSLATED,NEEDS_HUMAN_OR_MODEL_VALIDATION,AUXILIARY_ONLY
RV-V03-001869,MSV1-D0C6C77C47CDDD59,IS/ISO/IEC 5259 (Part 5):2025,Artificial Intelligence — Data Quality for Analytics and Machine Learning (ML) Part 5 Data Quality Governance Framework,ta,NOT_TRANSLATED,NEEDS_HUMAN_OR_MODEL_VALIDATION,AUXILIARY_ONLY
RV-V03-001870,MSV1-C4E11E6A1280639A,IS/ISO/IEC 42005:2025,Information technology Artificial intelligence AI AI system impact assessment,ta,NOT_TRANSLATED,NEEDS_HUMAN_OR_MODEL_VALIDATION,AUXILIARY_ONLY
RV-V03-001871,MSV1-BD03618B644D2E5D,IS/ISO/IEC 42006:2025,Information technology Artificial intelligence AI Requirements for bodies providing audit and certification of artificial intelligence management systems,ta,NOT_TRANSLATED,NEEDS_HUMAN_OR_MODEL_VALIDATION,AUXILIARY_ONLY
RV-V03-001872,MSV1-1DF9CCAA220B6CAC,IS/ISO/IECTR 20226:2025,Information technology Artificial intelligence AI Environmental sustainability aspects of AI systems,ta,NOT_TRANSLATED,NEEDS_HUMAN_OR_MODEL_VALIDATION,AUXILIARY_ONLY
RV-V03-001873,MSV1-A0A3A733244CC7BF,IS/ISO/IECTS 12791:2024,Information technology Artificial intelligence AI Treatment of unwanted bias in classification and regression machine learning tasks,ta,NOT_TRANSLATED,NEEDS_HUMAN_OR_MODEL_VALIDATION,AUXILIARY_ONLY
RV-V03-001874,MSV1-93715754BF79CD30,IS/ISO/IECTR 24027:2021,Information technology Artificial intelligence AI Bias in AI systems and AI aided decision making,ta,NOT_TRANSLATED,NEEDS_HUMAN_OR_MODEL_VALIDATION,AUXILIARY_ONLY
RV-V03-001875,MSV1-20C83BE8E95D217F,IS 12556:2026,Binary Direct Voltage Signals for Process Measurement and Control Systems-Specification (First Revision),ta,NOT_TRANSLATED,NEEDS_HUMAN_OR_MODEL_VALIDATION,AUXILIARY_ONLY
RV-V03-001876,MSV1-030943AF1131CD23,IS 8572:2025,Paper - Covered flexible / stranded copper conductors for transformer leads - Specification,ta,NOT_TRANSLATED,NEEDS_HUMAN_OR_MODEL_VALIDATION,AUXILIARY_ONLY
RV-V03-001877,MSV1-B2AE64DB0F35C1A4,IS 13970 (Part 2):2026,Prosthetics and Orthotics Vocabulary Part 2 Terms Relating to External Limb Prostheses Second Revision of IS 13970 Part 2,ta,NOT_TRANSLATED,NEEDS_HUMAN_OR_MODEL_VALIDATION,AUXILIARY_ONLY
RV-V03-001878,MSV1-E7CC616D8F05ED8E,IS 19490 (Part 1):2026,Implants for Surgery Metal Intramedullary Nailing Systems Part 1 Intramedullary Nails,ta,NOT_TRANSLATED,NEEDS_HUMAN_OR_MODEL_VALIDATION,AUXILIARY_ONLY
RV-V03-001879,MSV1-98F10713CBB670C3,IS 10408:2026,"Specification For Spatula, Eye, Green's Pattern",ta,NOT_TRANSLATED,NEEDS_HUMAN_OR_MODEL_VALIDATION,AUXILIARY_ONLY
RV-V03-001880,MSV1-505093E07EE2122F,IS 5367:2026,"Specification For Forceps, Eye, Strabismus, For Advancement (Prince's And Worth's Patterns)",ta,NOT_TRANSLATED,NEEDS_HUMAN_OR_MODEL_VALIDATION,AUXILIARY_ONLY
RV-V03-001881,MSV1-79CE2FA9C0DEAD65,IS 7906 (Part 5):2026,HELICAL COMPRESSION SPRINGS PART 5 HOT COILED SPRINGS MADE FROM CIRCULAR SECTION BARS SPECIFICATION (Third Revision),ta,NOT_TRANSLATED,NEEDS_HUMAN_OR_MODEL_VALIDATION,AUXILIARY_ONLY
RV-V03-001882,MSV1-F696B02A67CC987F,IS 2742 (Part 6):2026,Automotive Vehicles Brake Linings Part 6 Compressive Strain Test Methods First Revision,ta,NOT_TRANSLATED,NEEDS_HUMAN_OR_MODEL_VALIDATION,AUXILIARY_ONLY
RV-V03-001883,MSV1-8BD62AAB63FE65B7,IS 1887:2026,Textiles - Plied Jute Roves - Specification (third revision),ta,NOT_TRANSLATED,NEEDS_HUMAN_OR_MODEL_VALIDATION,AUXILIARY_ONLY
RV-V03-001884,MSV1-BE1518FAA8CB864A,IS 19780:2026,TEXTILES — WOVEN CLOTH LABELS — SPECIFICATION,ta,NOT_TRANSLATED,NEEDS_HUMAN_OR_MODEL_VALIDATION,AUXILIARY_ONLY
RV-V03-001885,MSV1-9A5F2C8EE30C1959,IS 11682:2025,Criteria for Design of Reinforced Concrete Staging for Elevated Liquid Storage Tanks,ta,NOT_TRANSLATED,NEEDS_HUMAN_OR_MODEL_VALIDATION,AUXILIARY_ONLY
RV-V03-001886,MSV1-5737F9820C4F5327,IS 813 (Part 1):2026,Welding and allied processes: Part 1 Symbolic representation on drawings — Welded joints (Third Revision),ta,NOT_TRANSLATED,NEEDS_HUMAN_OR_MODEL_VALIDATION,AUXILIARY_ONLY
RV-V03-001887,MSV1-B30FCD072562CF06,IS 8604:2026,Determination of compression strength of iron ore pellets after reduction - Method of test,ta,NOT_TRANSLATED,NEEDS_HUMAN_OR_MODEL_VALIDATION,AUXILIARY_ONLY
RV-V03-001888,MSV1-93BB3D748DC0DA0A,IS 19773:2026,High chrome grinding media ball for cement mills - Specification,ta,NOT_TRANSLATED,NEEDS_HUMAN_OR_MODEL_VALIDATION,AUXILIARY_ONLY
RV-V03-001889,MSV1-F2B7875857B16D88,IS 19766 (Part 1):2026,Sustainability in Building and Civil Engineering Works — Sustainability Indicators — Part 1 Framework for the Development of Indicators and a Core Set of Indicators for Buildings,ta,NOT_TRANSLATED,NEEDS_HUMAN_OR_MODEL_VALIDATION,AUXILIARY_ONLY
RV-V03-001890,MSV1-4F8E6C3EE15CDC00,IS 19784:2026,Fish Cage Net Structures Used in Aquaculture — Glossary of Terms,ta,NOT_TRANSLATED,NEEDS_HUMAN_OR_MODEL_VALIDATION,AUXILIARY_ONLY
RV-V03-001891,MSV1-0A47B9E52A8D8249,IS 19754:2026,Textiles — Determination of Dyes after Methanol Extraction,ta,NOT_TRANSLATED,NEEDS_HUMAN_OR_MODEL_VALIDATION,AUXILIARY_ONLY
RV-V03-001892,MSV1-A5A5205906009740,IS 19704:2026,Jute Packaging Material — Determination of Mineral Oil Saturated Hydrocarbons (MOSH) and Mineral Oil Aromatic Hydrocarbons (MOAH) with Online-Coupled High-Performance Liquid Chromatography–Gas Chromatography–Flame Ionization Detection (HPLC-GC-FID) Analysis,ta,NOT_TRANSLATED,NEEDS_HUMAN_OR_MODEL_VALIDATION,AUXILIARY_ONLY
RV-V03-001893,MSV1-F108D592C3898C98,IS 19755:2026,Textiles — Determination of Pesticide Residues Content,ta,NOT_TRANSLATED,NEEDS_HUMAN_OR_MODEL_VALIDATION,AUXILIARY_ONLY
RV-V03-001894,MSV1-8DBE8CE6840E5B88,IS/ISO 14067:2018,GREENHOUSE GASES — CARBON FOOTPRINT OF PRODUCTS — REQUIREMENTS AND GUIDELINES FOR QUANTIFICATION,ta,NOT_TRANSLATED,NEEDS_HUMAN_OR_MODEL_VALIDATION,AUXILIARY_ONLY
RV-V03-001895,MSV1-CECA5B8818795C0E,IS 8593 (Part 1):2026,Recommendations for Centralised Lubrication as Applied to Plant and Machinery : Part 1 Oil Lubrication,ta,NOT_TRANSLATED,NEEDS_HUMAN_OR_MODEL_VALIDATION,AUXILIARY_ONLY
RV-V03-001896,MSV1-05E23420221FB3D8,IS 19795:2026,"Security and resilience — Authenticity, integrity and trust for products and documents — Framework for establishing trustworthy supply and value chains",ta,NOT_TRANSLATED,NEEDS_HUMAN_OR_MODEL_VALIDATION,AUXILIARY_ONLY
RV-V03-001897,MSV1-D89DF6C009A04601,IS 19802:2026,"Security and resilience — Authenticity, integrity and trust for products and documents — Specification and usage of visible digital seal (VDS) data format for authentication, verification and acquisition of data carried by a document or object",ta,NOT_TRANSLATED,NEEDS_HUMAN_OR_MODEL_VALIDATION,AUXILIARY_ONLY
RV-V03-001898,MSV1-E8684EF5AAB39EE8,IS 19800:2026,"Security and resilience — Authenticity, integrity and trust for products and documents — Guidelines for establishing interoperability among object identification systems to deter counterfeiting and illicit trade",ta,NOT_TRANSLATED,NEEDS_HUMAN_OR_MODEL_VALIDATION,AUXILIARY_ONLY
RV-V03-001899,MSV1-375325DC5C075ECD,IS 19799:2026,"Security and resilience — Community resilience — Principles, framework and guidelines on urban resilience",ta,NOT_TRANSLATED,NEEDS_HUMAN_OR_MODEL_VALIDATION,AUXILIARY_ONLY
RV-V03-001900,MSV1-D8D4AD03A9B34728,IS 19798:2026,Security and resilience — Community resilience — Guidelines for infrastructure resilience,ta,NOT_TRANSLATED,NEEDS_HUMAN_OR_MODEL_VALIDATION,AUXILIARY_ONLY
RV-V03-001901,MSV1-3955A89D25FA9D2A,IS 19796:2026,"Security and resilience — Crisis management — Concepts, principles and framework",ta,NOT_TRANSLATED,NEEDS_HUMAN_OR_MODEL_VALIDATION,AUXILIARY_ONLY
RV-V03-001902,MSV1-B82633C7EE46F4B7,IS 19793:2026,Societal security — Guidelines for establishing partnering arrangements,ta,NOT_TRANSLATED,NEEDS_HUMAN_OR_MODEL_VALIDATION,AUXILIARY_ONLY
RV-V03-001903,MSV1-1843753C0B919D36,IS 19794:2026,"Security and resilience — Authenticity, integrity and trust for products and documents — Guidelines to establish a framework for trust and interoperability",ta,NOT_TRANSLATED,NEEDS_HUMAN_OR_MODEL_VALIDATION,AUXILIARY_ONLY
RV-V03-001904,MSV1-38889A60A465F80D,IS/ISO 19803:2026,Security and Resilience - Vocabulary (First Revision),ta,NOT_TRANSLATED,NEEDS_HUMAN_OR_MODEL_VALIDATION,AUXILIARY_ONLY
RV-V03-001905,MSV1-4CD79274064CE669,IS/ISO 19801:2026,Security and resilience — Community resilience — Guidelines for planning recovery and renewal (First Revision),ta,NOT_TRANSLATED,NEEDS_HUMAN_OR_MODEL_VALIDATION,AUXILIARY_ONLY
RV-V03-001906,MSV1-40A40BCCAD26D7B9,IS 19684:2026,ORAL RINSES FOR COSMETICS — SPECIFICATION,ta,NOT_TRANSLATED,NEEDS_HUMAN_OR_MODEL_VALIDATION,AUXILIARY_ONLY
RV-V03-001907,MSV1-FEBA6825CC55602D,IS 6592:2026,SOIL THERMOMETERS — SPECIFICATION (First Revision),ta,NOT_TRANSLATED,NEEDS_HUMAN_OR_MODEL_VALIDATION,AUXILIARY_ONLY
RV-V03-001908,MSV1-83BA6BC8EAB036F8,IS 18568:2026,MICROBIOLOGY OF THE FOOD CHAIN TECHNICAL REQUIREMENTS AND GUIDANCE ON THE ESTABLISHMENT OR REVISION OF A STANDARDIZED REFERENCE METHOD,ta,NOT_TRANSLATED,NEEDS_HUMAN_OR_MODEL_VALIDATION,AUXILIARY_ONLY
RV-V03-001909,MSV1-D7DF26341B009FEE,IS 3018:2026,Standard silica sand for raw material testing in foundries - Specification (first revision),ta,NOT_TRANSLATED,NEEDS_HUMAN_OR_MODEL_VALIDATION,AUXILIARY_ONLY
RV-V03-001910,MSV1-29A951A7293F6AB0,IS 1171:2026,Ferromanganese — Specification (Sixth Revision ),ta,NOT_TRANSLATED,NEEDS_HUMAN_OR_MODEL_VALIDATION,AUXILIARY_ONLY
RV-V03-001911,MSV1-3591FAE177A27116,IS 10386 (Part 11):2026,"Construction, Operation and Maintenance of River Valley Projects — Safety Guidelines Part 11 Underground Excavation ( First Revision )",ta,NOT_TRANSLATED,NEEDS_HUMAN_OR_MODEL_VALIDATION,AUXILIARY_ONLY
RV-V03-001912,MSV1-7706B91EA08C3876,IS 1200 (Part 12):2026,Method of Measurement of Building and Civil Engineering Works Part 12 Plastering and Pointing,ta,NOT_TRANSLATED,NEEDS_HUMAN_OR_MODEL_VALIDATION,AUXILIARY_ONLY
RV-V03-001913,MSV1-B66438E7B5E7852F,IS 18641:2026,"Welding consumables — Technical delivery conditions for filler materials and fluxes — Type of product, dimensions, tolerances and markings (First Revision)",ta,NOT_TRANSLATED,NEEDS_HUMAN_OR_MODEL_VALIDATION,AUXILIARY_ONLY
RV-V03-001914,MSV1-5A3E332B76FF84E6,IS 19738:2026,Parameters and Assessment Criteria for Downstream Flow to Maintain Ecological Balance — Guidelines,ta,NOT_TRANSLATED,NEEDS_HUMAN_OR_MODEL_VALIDATION,AUXILIARY_ONLY
RV-V03-001915,MSV1-DBAC501026022F62,IS 19452:2026,Design Installation Testing and Maintenance of Condensed Aerosol Fire Extinguishing System - Code of Practice,ta,NOT_TRANSLATED,NEEDS_HUMAN_OR_MODEL_VALIDATION,AUXILIARY_ONLY
RV-V03-001916,MSV1-9B41392A9A554A81,IS 19744:2026,Preparation of Catchment Area Treatment (CAT) Plan — Guidelines,ta,NOT_TRANSLATED,NEEDS_HUMAN_OR_MODEL_VALIDATION,AUXILIARY_ONLY
RV-V03-001917,MSV1-1780D5FDAA08D919,IS 228 (Part 25):2025,Methods for chemical analysis of steels: Part 25 Determination of sulphur content — Infrared absorption method after combustion in an induction furnace,ta,NOT_TRANSLATED,NEEDS_HUMAN_OR_MODEL_VALIDATION,AUXILIARY_ONLY
RV-V03-001918,MSV1-4BA22D13E1870256,IS 8073:2026,TREATMENT AND DISPOSAL OF STEEL PLANT EFFLUENTS - GUIDELINES (First Revision ),ta,NOT_TRANSLATED,NEEDS_HUMAN_OR_MODEL_VALIDATION,AUXILIARY_ONLY
RV-V03-001919,MSV1-CA547ECA43376908,IS 6231:2026,Angle Gauge Blocks -- Specification (first revision),ta,NOT_TRANSLATED,NEEDS_HUMAN_OR_MODEL_VALIDATION,AUXILIARY_ONLY
RV-V03-001920,MSV1-1A4758E39603DC96,IS 2977:2026,Textiles — Method of Test — Determination of Dimensional Changes on Soaking in Water for Fabrics (Other Than Wool) (Second Revision),ta,NOT_TRANSLATED,NEEDS_HUMAN_OR_MODEL_VALIDATION,AUXILIARY_ONLY
RV-V03-001921,MSV1-DD890A9457AAEA17,IS 2637:2025,"Steel Roller Chains, Types S and C, Attachments and Sprockets (ISO 487 : 1998, MOD) (Third Revision)",ta,NOT_TRANSLATED,NEEDS_HUMAN_OR_MODEL_VALIDATION,AUXILIARY_ONLY
RV-V03-001922,MSV1-B723271A89D07BB2,IS 5273:2026,Radius gauges - Specification (First Revision),ta,NOT_TRANSLATED,NEEDS_HUMAN_OR_MODEL_VALIDATION,AUXILIARY_ONLY
RV-V03-001923,MSV1-AF092ED0EF0C027A,IS 12991:2026,TEXTILES — CAMPING TENTS AND CARAVAN AWNINGS — VOCABULARY (Second Revision),ta,NOT_TRANSLATED,NEEDS_HUMAN_OR_MODEL_VALIDATION,AUXILIARY_ONLY
RV-V03-001924,MSV1-3CF351F62F261331,IS 13162 (Part 4):2026,Geosynthetics — Methods of Test Part 4 Dynamic Perforation (Cone Drop Test) ( Second Revision ),ta,NOT_TRANSLATED,NEEDS_HUMAN_OR_MODEL_VALIDATION,AUXILIARY_ONLY
RV-V03-001925,MSV1-6EB2E68D9CC41068,IS 14351:2026,Textiles — Ground Sheets (Light Weight) — Specification (First Revision),ta,NOT_TRANSLATED,NEEDS_HUMAN_OR_MODEL_VALIDATION,AUXILIARY_ONLY
RV-V03-001926,MSV1-43820611B794DBA7,IS 5085:2026,"Textiles — Berets, Wool, Knitted — Specification (Third Revision)",ta,NOT_TRANSLATED,NEEDS_HUMAN_OR_MODEL_VALIDATION,AUXILIARY_ONLY
RV-V03-001927,MSV1-9BB06A9EFAF34BF6,IS 11740:2026,"Motorcycle Chains — Characteristics and Test Methods (ISO 10190 : 2008, MOD) (Second Revision)",ta,NOT_TRANSLATED,NEEDS_HUMAN_OR_MODEL_VALIDATION,AUXILIARY_ONLY
RV-V03-001928,MSV1-33683CC81F97785C,IS 2873:2026,Textiles — Packaging of Jute Products in Bales — Specification (Third Revision),ta,NOT_TRANSLATED,NEEDS_HUMAN_OR_MODEL_VALIDATION,AUXILIARY_ONLY
RV-V03-001929,MSV1-087B866DBA81E85E,IS 9846:2026,Textiles — Grading of Uncut Indian Mesta (First Revision),ta,NOT_TRANSLATED,NEEDS_HUMAN_OR_MODEL_VALIDATION,AUXILIARY_ONLY
RV-V03-001930,MSV1-76A7D564FA236BB6,IS 11596:2026,Textiles — Grading of Uncut Indian Bimli (First Revision),ta,NOT_TRANSLATED,NEEDS_HUMAN_OR_MODEL_VALIDATION,AUXILIARY_ONLY
RV-V03-001931,MSV1-72E32CE716F4C663,IS 1433:2026,Beam Scales — Specification (Third Revision),ta,NOT_TRANSLATED,NEEDS_HUMAN_OR_MODEL_VALIDATION,AUXILIARY_ONLY
RV-V03-001932,MSV1-73E6CD75D62C3D01,IS 5934:2026,Rolling Bearings — Chamfer Dimensions — Geometrical Product Specification (GPS) and Values (Third Revision),ta,NOT_TRANSLATED,NEEDS_HUMAN_OR_MODEL_VALIDATION,AUXILIARY_ONLY
RV-V03-001933,MSV1-FE88BB2527867BC4,IS 17474:2026,Textile Floor Coverings — Determination of Resistance to Damage at Cut Edges Using the Modified Vettermann Drum Test (First Revision),ta,NOT_TRANSLATED,NEEDS_HUMAN_OR_MODEL_VALIDATION,AUXILIARY_ONLY
RV-V03-001934,MSV1-1313D940B89DCB8E,IS 19706:2026,Medical Textiles — Scrub Suit — Specification,ta,NOT_TRANSLATED,NEEDS_HUMAN_OR_MODEL_VALIDATION,AUXILIARY_ONLY
RV-V03-001935,MSV1-82F8ECB5450ACECD,IS 19728:2026,"Textiles — Jute Bags for filling 5 kg, 10 kg and 15 kg Foodgrains — Specification",ta,NOT_TRANSLATED,NEEDS_HUMAN_OR_MODEL_VALIDATION,AUXILIARY_ONLY
RV-V03-001936,MSV1-9F7DBA4ADCD1F04F,IS 19758:2026,Windsocks -- Specification,ta,NOT_TRANSLATED,NEEDS_HUMAN_OR_MODEL_VALIDATION,AUXILIARY_ONLY
RV-V03-001937,MSV1-CD8C07472F5F90F4,IS 19727:2026,TEXTILES — COIR BASED GREEN ROOF MODULE — SPECIFICATION,ta,NOT_TRANSLATED,NEEDS_HUMAN_OR_MODEL_VALIDATION,AUXILIARY_ONLY
RV-V03-001938,MSV1-8E51B1A78C05F517,IS 19777:2026,Textiles — Determination of Index Ingredient in Coloured Textiles Dyed with Himalayan Rhubarb,ta,NOT_TRANSLATED,NEEDS_HUMAN_OR_MODEL_VALIDATION,AUXILIARY_ONLY
RV-V03-001939,MSV1-58ABFB2B3627316D,IS 19776:2026,Textiles — Determination of Index Ingredient in Coloured Textiles Dyed with Hibiscus,ta,NOT_TRANSLATED,NEEDS_HUMAN_OR_MODEL_VALIDATION,AUXILIARY_ONLY
RV-V03-001940,MSV1-F1280933A06B5B80,IS 19703:2026,Textiles —Method of test — Determination of polycyclic aromatic hydrocarbons after toluene extraction by gas chromatography-mass spectrometry,ta,NOT_TRANSLATED,NEEDS_HUMAN_OR_MODEL_VALIDATION,AUXILIARY_ONLY
RV-V03-001941,MSV1-8A9360B217B077EA,IS 19660:2026,Determination of long-term flow of geosynthetic drains,ta,NOT_TRANSLATED,NEEDS_HUMAN_OR_MODEL_VALIDATION,AUXILIARY_ONLY
RV-V03-001942,MSV1-CDD953D711285526,IS 19764 (Part 2):2026,Geosynthetics — Determination of compression behaviour — Part 2 : Determination of short-term compression behaviour,ta,NOT_TRANSLATED,NEEDS_HUMAN_OR_MODEL_VALIDATION,AUXILIARY_ONLY
RV-V03-001943,MSV1-0158BD88E3DCCDE4,IS 19767:2026,CONTROL OF AIR POLLUTION IN COAL BASED THERMAL POWER PLANT — CODE OF PRACTICE,ta,NOT_TRANSLATED,NEEDS_HUMAN_OR_MODEL_VALIDATION,AUXILIARY_ONLY
RV-V03-001944,MSV1-7C8A9312C6D36B76,IS 18538 (Part 2):2026,"Gaseous Hydrogen — Fuelling Stations Part 2 Dispensers and Dispensing Systems (ISO 19880-2 : 2025, MOD)",ta,NOT_TRANSLATED,NEEDS_HUMAN_OR_MODEL_VALIDATION,AUXILIARY_ONLY
RV-V03-001945,MSV1-F18C77008A7967A1,IS 19774:2026,TEXTILES — BAXTER FLYER FOR SLIP DRAFT JUTE SPINNING FRAME — SPECIFICATION,ta,NOT_TRANSLATED,NEEDS_HUMAN_OR_MODEL_VALIDATION,AUXILIARY_ONLY
RV-V03-001946,MSV1-C7D907546D98F5F5,IS 17260 (Part 2):2026,Textile Floor Coverings — Production of Changes in Appearance Part 2 Hexapod Tumbler Test (First Revision),ta,NOT_TRANSLATED,NEEDS_HUMAN_OR_MODEL_VALIDATION,AUXILIARY_ONLY
RV-V03-001947,MSV1-58EC34346550698E,IS 2974 (Part 1):2026,Design and Construction of Machine Foundations Code of Practice: Part 1 General Provisions Third Revision,ta,NOT_TRANSLATED,NEEDS_HUMAN_OR_MODEL_VALIDATION,AUXILIARY_ONLY
RV-V03-001948,MSV1-29B1C3A0FB140A36,IS 2974 (Part 2):2026,Design and Construction of Machine Foundations Code of Practice: Part 2 Block Foundations (Second Revision),ta,NOT_TRANSLATED,NEEDS_HUMAN_OR_MODEL_VALIDATION,AUXILIARY_ONLY
RV-V03-001949,MSV1-566D94804DB08023,IS 2974 (Part 3):2026,Design and Construction of Machine Foundations Code of Practice : Part 3 Frame Foundations First Revision,ta,NOT_TRANSLATED,NEEDS_HUMAN_OR_MODEL_VALIDATION,AUXILIARY_ONLY
RV-V03-001950,MSV1-39819873CA6C1C01,IS 2974 (Part 4):2026,Design and Construction of Machine Foundations Code of Practice: Part 4 Foundations for Hammers and Presses (Second Revision),ta,NOT_TRANSLATED,NEEDS_HUMAN_OR_MODEL_VALIDATION,AUXILIARY_ONLY
RV-V03-001951,MSV1-3D47271D42BCF0B6,IS 3111:2026,Silver Thread - Specification,ta,NOT_TRANSLATED,NEEDS_HUMAN_OR_MODEL_VALIDATION,AUXILIARY_ONLY
RV-V03-001952,MSV1-7369FEB0106D28B4,IS 19687:2026,Safety Guidelines and General Precautions for Abandonment of Tube Wells and Bore Wells,ta,NOT_TRANSLATED,NEEDS_HUMAN_OR_MODEL_VALIDATION,AUXILIARY_ONLY
RV-V03-001953,MSV1-F2D1B32BA8B9726B,IS 11442:2026,Agricultural Tractors — Drivers Field of Vision — Requirements (Second Revision),ta,NOT_TRANSLATED,NEEDS_HUMAN_OR_MODEL_VALIDATION,AUXILIARY_ONLY
RV-V03-001954,MSV1-E942A1869C552E38,IS 5042:2026,1-AMINOANTHRAQUINONE - SPECIFICATION,ta,NOT_TRANSLATED,NEEDS_HUMAN_OR_MODEL_VALIDATION,AUXILIARY_ONLY
RV-V03-001955,MSV1-57F6D6AAC935472F,IS 9863:2026,Nutrient Requirements for Poultry ( Second Revision ),ta,NOT_TRANSLATED,NEEDS_HUMAN_OR_MODEL_VALIDATION,AUXILIARY_ONLY
RV-V03-001956,MSV1-C24E53D6C037112E,IS 9341:2026,Sulphamic Acid for Electroplating — Specification (First Revision),ta,NOT_TRANSLATED,NEEDS_HUMAN_OR_MODEL_VALIDATION,AUXILIARY_ONLY
RV-V03-001957,MSV1-019B275B862D7EF0,IS 5182 (Part 9):2026,Air Pollution Methods for Measurement Part 9 Oxidant (First Revision),ta,NOT_TRANSLATED,NEEDS_HUMAN_OR_MODEL_VALIDATION,AUXILIARY_ONLY
RV-V03-001958,MSV1-177302233E87BB0F,IS 5182 (Part 6/Sec 1):2026,Air Pollution Methods for Measurement Part 6 Oxides of Nitrogen Section 1 Colorimetric method using NEDA,ta,NOT_TRANSLATED,NEEDS_HUMAN_OR_MODEL_VALIDATION,AUXILIARY_ONLY
RV-V03-001959,MSV1-99D3D44F2B8491BF,IS 12161:2026,Animal Carts — Test Code (First Revision),ta,NOT_TRANSLATED,NEEDS_HUMAN_OR_MODEL_VALIDATION,AUXILIARY_ONLY
RV-V03-001960,MSV1-B3DEB7266369AF7E,IS 12061:2026,Agricultural Tractors - Braking Performance - Method of Test (Second Revision),ta,NOT_TRANSLATED,NEEDS_HUMAN_OR_MODEL_VALIDATION,AUXILIARY_ONLY
RV-V03-001961,MSV1-80E21C824165ADD8,IS 11081:2026,Half cage wheel for agricultural tractors ─ Specification (second revision),ta,NOT_TRANSLATED,NEEDS_HUMAN_OR_MODEL_VALIDATION,AUXILIARY_ONLY
RV-V03-001962,MSV1-3BF5854DE1D80FA7,IS 13172:2026,Fluvalinate emulsifiable concentrate (EC) - Specification (first revision),ta,NOT_TRANSLATED,NEEDS_HUMAN_OR_MODEL_VALIDATION,AUXILIARY_ONLY
RV-V03-001963,MSV1-DE2E950BC924911E,IS 5676:2026,Moulded Rubber Unit Outsoles - Specification (Third Revision),ta,NOT_TRANSLATED,NEEDS_HUMAN_OR_MODEL_VALIDATION,AUXILIARY_ONLY
RV-V03-001964,MSV1-1EC1BAF55CD77F23,IS 16991:2026,Footwear Critical Substances Potentially Present in Footwear and Footwear Components Determination of Dimethyl Fumarate DMFU First Revision,ta,NOT_TRANSLATED,NEEDS_HUMAN_OR_MODEL_VALIDATION,AUXILIARY_ONLY
RV-V03-001965,MSV1-B0C4200D46E1751A,IS 6664:2026,Microcellular Rubber Sheets for Outsoles - Specification (Second Revision),ta,NOT_TRANSLATED,NEEDS_HUMAN_OR_MODEL_VALIDATION,AUXILIARY_ONLY
RV-V03-001966,MSV1-36F9D9992EA69259,IS 1982:2026,ANTE-MORTEM AND POST-MORTEM INSPECTION OF MEAT ANIMALS CODE OF PRACTICE Third Revision of IS 1982,ta,NOT_TRANSLATED,NEEDS_HUMAN_OR_MODEL_VALIDATION,AUXILIARY_ONLY
RV-V03-001967,MSV1-A7351661BCC347C5,IS 563:2026,"DDT, technical - Specification (third revision)",ta,NOT_TRANSLATED,NEEDS_HUMAN_OR_MODEL_VALIDATION,AUXILIARY_ONLY
RV-V03-001968,MSV1-CD98B9631E9AE285,IS 1050:2026,Lime sulphur solution - Specification (second revision),ta,NOT_TRANSLATED,NEEDS_HUMAN_OR_MODEL_VALIDATION,AUXILIARY_ONLY
RV-V03-001969,MSV1-BC3C2227DA4F913A,IS 19770:2026,SLAUGHTERHOUSE WASTE MANAGEMENT CODE OF PRACTICE,ta,NOT_TRANSLATED,NEEDS_HUMAN_OR_MODEL_VALIDATION,AUXILIARY_ONLY
RV-V03-001970,MSV1-5A57CB42F662A1D9,IS 19760:2026,Polypropylene Enema Can - Specification,ta,NOT_TRANSLATED,NEEDS_HUMAN_OR_MODEL_VALIDATION,AUXILIARY_ONLY
RV-V03-001971,MSV1-55CA7EDE4B6FE995,IS 19467:2026,Herbal Raw Materials for use in Traditional Medicine - Methods of Test,ta,NOT_TRANSLATED,NEEDS_HUMAN_OR_MODEL_VALIDATION,AUXILIARY_ONLY
RV-V03-001972,MSV1-43FA86D37C1C6EFF,IS 17118 (Part 6):2026,Indoor Air Part 6 Determination of Organic Compounds VVOC VOC SVOC In Indoor and Test Chamber Air by Active Sampling on Sorbent Tubes Thermal Desorption and Gas Chromatography Using MS or MS FID,ta,NOT_TRANSLATED,NEEDS_HUMAN_OR_MODEL_VALIDATION,AUXILIARY_ONLY
RV-V03-001973,MSV1-112566D8DAABA1CB,IS 17118 (Part 7):2026,Indoor air Part 7: Sampling strategy for determination of airborne asbestos fibre concentrations,ta,NOT_TRANSLATED,NEEDS_HUMAN_OR_MODEL_VALIDATION,AUXILIARY_ONLY
RV-V03-001974,MSV1-16F6FAE8CB093695,IS 17118 (Part 10):2026,Indoor Air Part 10 Determination of the emission of volatile organic compounds from building products and furnishing Emission test cell method,ta,NOT_TRANSLATED,NEEDS_HUMAN_OR_MODEL_VALIDATION,AUXILIARY_ONLY
RV-V03-001975,MSV1-57CBC8C3E9AEA116,IS 4825:2026,LIQUID-IN-GLASS SOLID-STEM REFERENCE THERMOMETERS — SPECIFICATION (Second Revision),ta,NOT_TRANSLATED,NEEDS_HUMAN_OR_MODEL_VALIDATION,AUXILIARY_ONLY
RV-V03-001976,MSV1-7032235F8C34996D,IS 6017:2026,THERMOMETER FOR WHIRLING PSYCHROMETERS — SPECIFICATION (First Revision),ta,NOT_TRANSLATED,NEEDS_HUMAN_OR_MODEL_VALIDATION,AUXILIARY_ONLY
RV-V03-001977,MSV1-ADD43216F21BD8E5,IS 8728:2026,ADJUSTABLE RANGE THERMOMETERS - SPECIFICATION (First Revision),ta,NOT_TRANSLATED,NEEDS_HUMAN_OR_MODEL_VALIDATION,AUXILIARY_ONLY
RV-V03-001978,MSV1-4E793C5A8C89708E,IS 12244 (Part 1):2026,CALORIMETER THERMOMETERS SPECIFICATION PART 1 SOLID-STEM THERMOMETERS (First Revision),ta,NOT_TRANSLATED,NEEDS_HUMAN_OR_MODEL_VALIDATION,AUXILIARY_ONLY
RV-V03-001979,MSV1-C894E94E0FB5D312,IS 5868 (Part 3):2026,Leather - Methods of Sampling Part 3 Specimen and Test Piece Conditioning for Physical and Mechanical Tests (second revision),ta,NOT_TRANSLATED,NEEDS_HUMAN_OR_MODEL_VALIDATION,AUXILIARY_ONLY
RV-V03-001980,MSV1-1AF45E74ACB92C93,IS 8751 (Part 1):2026,Footwear Sizes in Mondopoint System Part 1 Fundamental Characteristics (First Revision),ta,NOT_TRANSLATED,NEEDS_HUMAN_OR_MODEL_VALIDATION,AUXILIARY_ONLY
RV-V03-001981,MSV1-B64EB3901743D0DE,IS 17118 (Part 5):2026,Indoor Air Part 5 Sampling Strategy for Volatile Organic Compounds VOCs,ta,NOT_TRANSLATED,NEEDS_HUMAN_OR_MODEL_VALIDATION,AUXILIARY_ONLY
RV-V03-001982,MSV1-B3A8E73686F72794,IS 17118 (Part 11):2026,Indoor Air Part 11 Determination of the Emission of Volatile Organic Compounds from Samples of Building Products and Furnishing - Sampling Storage of Samples and Preparation of Test Specimens,ta,NOT_TRANSLATED,NEEDS_HUMAN_OR_MODEL_VALIDATION,AUXILIARY_ONLY
RV-V03-001983,MSV1-22D802F1D4DA7072,IS 7080 (Part 2):2026,MTP Suction Apparatus Specification Part 2 Electrical-Cum-Manually Operated Second Revision,ta,NOT_TRANSLATED,NEEDS_HUMAN_OR_MODEL_VALIDATION,AUXILIARY_ONLY
RV-V03-001984,MSV1-E24767401003C671,IS 11646 (Part 2):2026,Cane for Persons with Visual Impairment - Specification Part 2 Folding Type First Revision,ta,NOT_TRANSLATED,NEEDS_HUMAN_OR_MODEL_VALIDATION,AUXILIARY_ONLY
RV-V03-001985,MSV1-6FD58695C29DF68E,IS 5145:2026,Specification for Walking Sticks first revision,ta,NOT_TRANSLATED,NEEDS_HUMAN_OR_MODEL_VALIDATION,AUXILIARY_ONLY
RV-V03-001986,MSV1-BF7AFA5DF89256FA,IS 6112:2026,Sims Pattern Double-ended Vaginal Speculum Specification First Revision of IS 6112,ta,NOT_TRANSLATED,NEEDS_HUMAN_OR_MODEL_VALIDATION,AUXILIARY_ONLY
RV-V03-001987,MSV1-FD382BB20E645930,IS 6464:2026,ENT Diagnostic Instruments - Tuning Forks — Specification,ta,NOT_TRANSLATED,NEEDS_HUMAN_OR_MODEL_VALIDATION,AUXILIARY_ONLY
RV-V03-001988,MSV1-AFF2E09CEE898F60,IS 19477 (Part 2):2026,Dentistry Dental Furnace Part 2 Test Method for Evaluation of Furnace Programme via Firing Glaze,ta,NOT_TRANSLATED,NEEDS_HUMAN_OR_MODEL_VALIDATION,AUXILIARY_ONLY
RV-V03-001989,MSV1-1DE9DEAF71D232B4,IS 19477:2026,Dentistry Dental Furnace Test Method for Temperature Measurement with Separate Thermocouple,ta,NOT_TRANSLATED,NEEDS_HUMAN_OR_MODEL_VALIDATION,AUXILIARY_ONLY
RV-V03-001990,MSV1-37469D76D20F991E,IS 18875 (Part 10421):2026,Health Informatics — Device Interoperability Part 10421 Personal Health Device Communication — Device Specialization — Peak Expiratory Flow Monitor (Peak Flow),ta,NOT_TRANSLATED,NEEDS_HUMAN_OR_MODEL_VALIDATION,AUXILIARY_ONLY
RV-V03-001991,MSV1-4F395BEA0B0B0776,IS 19433:2025,Health Informatics — Security Requirements for Archiving of Electronic Health Records — Guidelines,ta,NOT_TRANSLATED,NEEDS_HUMAN_OR_MODEL_VALIDATION,AUXILIARY_ONLY
RV-V03-001992,MSV1-219F63701F2A51B9,IS 18667 (Part 5):2025,Health Informatics — Medical Waveform Format Part 5 Neurophysiological Signals,ta,NOT_TRANSLATED,NEEDS_HUMAN_OR_MODEL_VALIDATION,AUXILIARY_ONLY
RV-V03-001993,MSV1-A4C7A3B2D3290EE6,IS 18875 (Part 10206):2026,Health Informatics — Device Interoperability Part 10206 Personal Health Device Communication — Abstract Content Information Model,ta,NOT_TRANSLATED,NEEDS_HUMAN_OR_MODEL_VALIDATION,AUXILIARY_ONLY
RV-V03-001994,MSV1-0AC3A28815BB2E38,IS 18875 (Part 10700):2026,Health Informatics — Device Interoperability Part 10700 Point-of-Care Medical Device Communication — Standard for Base Requirements for Participants in a Service-Oriented Device Connectivity (SDC) System,ta,NOT_TRANSLATED,NEEDS_HUMAN_OR_MODEL_VALIDATION,AUXILIARY_ONLY
RV-V03-001995,MSV1-42D736C057CD6002,IS 18875 (Part 10701):2026,Health Informatics — Device Interoperability Part 10701 Point-of-Care Medical Device Communication — Metric Provisioning by Participants in a Service-Oriented Device Connectivity (SDC) System,ta,NOT_TRANSLATED,NEEDS_HUMAN_OR_MODEL_VALIDATION,AUXILIARY_ONLY
RV-V03-001996,MSV1-BB323269ACA16C58,IS 19638 (Part 1):2026,Prosthetics and orthotics Limb deficiencies Part 1: Method of describing limb deficiencies present at birth,ta,NOT_TRANSLATED,NEEDS_HUMAN_OR_MODEL_VALIDATION,AUXILIARY_ONLY
RV-V03-001997,MSV1-28DB58588DAEAF5C,IS 19638 (Part 2):2026,Prosthetics and orthotics Limb deficiencies Part 2 Method of describing lower limb amputation stumps,ta,NOT_TRANSLATED,NEEDS_HUMAN_OR_MODEL_VALIDATION,AUXILIARY_ONLY
RV-V03-001998,MSV1-367A01C97D85F921,IS 19697:2026,Compatibility of lubricants with synthetic male condoms,ta,NOT_TRANSLATED,NEEDS_HUMAN_OR_MODEL_VALIDATION,AUXILIARY_ONLY
RV-V03-001999,MSV1-79F2980B88427000,IS 6909:2026,Supersulphated Cement - Specification (Second Revision of IS 6909),ta,NOT_TRANSLATED,NEEDS_HUMAN_OR_MODEL_VALIDATION,AUXILIARY_ONLY
RV-V03-002000,MSV1-A86F063CA3FF72C2,IS 8041:2026,Rapid Hardening Portland Cement Specification Third Revision of IS 8041,ta,NOT_TRANSLATED,NEEDS_HUMAN_OR_MODEL_VALIDATION,AUXILIARY_ONLY
RV-V03-002001,MSV1-27F2BB91DABFF6E3,IS 8043:2026,Hydrophobic Portland Cement Specification Third Revision of IS 8043,ta,NOT_TRANSLATED,NEEDS_HUMAN_OR_MODEL_VALIDATION,AUXILIARY_ONLY
RV-V03-002002,MSV1-DC3AAFCC673A5BC6,IS 4410 (Part 19):2026,Glossary of Terms related to River Valley Projects Part 19 Grouting,ta,NOT_TRANSLATED,NEEDS_HUMAN_OR_MODEL_VALIDATION,AUXILIARY_ONLY
RV-V03-002003,MSV1-205248B6EF80A3A3,IS 5897:2026,"Welding Consumables — Wire electrodes, wires and rods for welding of aluminium and aluminium alloys — Specification ( Second Revision )",ta,NOT_TRANSLATED,NEEDS_HUMAN_OR_MODEL_VALIDATION,AUXILIARY_ONLY
RV-V03-002004,MSV1-3922E2E8283E1ED1,IS 813 (Part 2):2026,Welding and allied processes: Part 2 Nomenclature of processes and reference numbers (Third Revision),ta,NOT_TRANSLATED,NEEDS_HUMAN_OR_MODEL_VALIDATION,AUXILIARY_ONLY
RV-V03-002005,MSV1-9B08E9CA05B5D715,IS 19752 (Part 1):2026,Floor and Wall tiling — Guidelines : Part 1 Characteristics and Requirements of tile and Stone Laying Materials and Design Data,ta,NOT_TRANSLATED,NEEDS_HUMAN_OR_MODEL_VALIDATION,AUXILIARY_ONLY
RV-V03-002006,MSV1-7928FE9C5D979D22,IS 19752 (Part 2):2026,Floor and Wall tiling — Guidelines : Part 2 Installation Inspection and Maintenance of Tile and Stone Systems,ta,NOT_TRANSLATED,NEEDS_HUMAN_OR_MODEL_VALIDATION,AUXILIARY_ONLY
RV-V03-002007,MSV1-961D2679ABD2D780,IS/IEC 60947 (Part 4/Sec 1):2023,Low-Voltage Switchgear and Controlgear Part 4 Contactors and Motor-Starters Section 1 Electromechanical Contactors and Motor-Starters,ta,NOT_TRANSLATED,NEEDS_HUMAN_OR_MODEL_VALIDATION,AUXILIARY_ONLY
RV-V03-002008,MSV1-069AFD90FDDAC0CB,IS 7391 (Part 1):2026,Cotton Covered Copper Conductors — Specification Part 1 Round Conductors,ta,NOT_TRANSLATED,NEEDS_HUMAN_OR_MODEL_VALIDATION,AUXILIARY_ONLY
RV-V03-002009,MSV1-E5A7682653747142,IS 7391 (Part 2):2026,Cotton Covered Copper Conductors — Specification Part 2 Rectangular Conductors,ta,NOT_TRANSLATED,NEEDS_HUMAN_OR_MODEL_VALIDATION,AUXILIARY_ONLY
RV-V03-002010,MSV1-67299639BF0C810D,IS 1146:2026,Rubber and Plastics Containers for Lead-Acid Storage Batteries — Specification ( Third Revision ),ta,NOT_TRANSLATED,NEEDS_HUMAN_OR_MODEL_VALIDATION,AUXILIARY_ONLY
RV-V03-002011,MSV1-90CDFE4A1AF562AD,IS 15429:2026,Storage installation and maintenance of DC motors - Code of practice,ta,NOT_TRANSLATED,NEEDS_HUMAN_OR_MODEL_VALIDATION,AUXILIARY_ONLY
RV-V03-002012,MSV1-C8C7E8B281D34B1D,IS 16179:2026,Statistical Methods - Guidelines for the Evaluation of Conformity with Specified Requirements,ta,NOT_TRANSLATED,NEEDS_HUMAN_OR_MODEL_VALIDATION,AUXILIARY_ONLY
RV-V03-002013,MSV1-93A8D153A409103C,IS 19761:2026,Power installations exceeding 1 kV a.c. and 1.5 kV d.c. Part 0 Principles to be observed in the design and erection of high voltage installations- Safety of high voltage installations,ta,NOT_TRANSLATED,NEEDS_HUMAN_OR_MODEL_VALIDATION,AUXILIARY_ONLY
RV-V03-002014,MSV1-A19BBA97D6A66DD6,IS 16463 (Part 22):2026,Low-Voltage Surge Protective Devices - Part 22: Surge Protective Devices Connected to Telecommunications and Signalling Networks - Selection and Application Principles,ta,NOT_TRANSLATED,NEEDS_HUMAN_OR_MODEL_VALIDATION,AUXILIARY_ONLY
RV-V03-002015,MSV1-96345B75F9939159,IS/IEC 61936 (Part 2):2023,Power Installations Exceeding 1 kV a.c. and 1.5 kV d.c. Part 2 d.c. (First Revision),ta,NOT_TRANSLATED,NEEDS_HUMAN_OR_MODEL_VALIDATION,AUXILIARY_ONLY
RV-V03-002016,MSV1-DCDEDE71AD6C7A92,IS 3466:2026,Masonry cement - Specification,ta,NOT_TRANSLATED,NEEDS_HUMAN_OR_MODEL_VALIDATION,AUXILIARY_ONLY
RV-V03-002017,MSV1-1B003F43ABD9161C,IS 4305:2026,Glossary of terms relating to pozzolana (First Revision),ta,NOT_TRANSLATED,NEEDS_HUMAN_OR_MODEL_VALIDATION,AUXILIARY_ONLY
RV-V03-002018,MSV1-19F627E474E16E01,IS 4845:2026,Definitions and terminology relating to hydraulic cement First Revision of IS 4845,ta,NOT_TRANSLATED,NEEDS_HUMAN_OR_MODEL_VALIDATION,AUXILIARY_ONLY
RV-V03-002019,MSV1-F95A9807F0D1AA18,IS 10080:2026,Vibration Machine for casting standard cement mortar cubes Specification First Revision of IS 10080,ta,NOT_TRANSLATED,NEEDS_HUMAN_OR_MODEL_VALIDATION,AUXILIARY_ONLY
RV-V03-002020,MSV1-F148739CF0F37848,IS 875 (Part 1):2026,Design Loads Other than Earthquake for Buildings and Structures Code of Practice Part 1 Dead Loads Unit Weights of Building Construction and Stored Materials,ta,NOT_TRANSLATED,NEEDS_HUMAN_OR_MODEL_VALIDATION,AUXILIARY_ONLY
RV-V03-002021,MSV1-D87E95A582F73F7A,IS 2601:2026,Brass Anodes for Electroplating Specification,ta,NOT_TRANSLATED,NEEDS_HUMAN_OR_MODEL_VALIDATION,AUXILIARY_ONLY
RV-V03-002022,MSV1-609E3649D55B265F,IS 1528 (Part 14):2026,Methods of sampling and physical tests for refractory materials: Part 14 determination of sieve analysis (First Revision),ta,NOT_TRANSLATED,NEEDS_HUMAN_OR_MODEL_VALIDATION,AUXILIARY_ONLY
RV-V03-002023,MSV1-D0E86AA1480F48D6,IS 18632:2026,Welding consumables — Procurement of filler materials and fluxes (First Revision),ta,NOT_TRANSLATED,NEEDS_HUMAN_OR_MODEL_VALIDATION,AUXILIARY_ONLY
RV-V03-002024,MSV1-1BE52BCEBE7713EA,IS 6016:2026,"Gas welding equipment — Hose connections for equipment for welding, cutting and allied processes — Listing of connections which are either standardized or in common use (Third Revision)",ta,NOT_TRANSLATED,NEEDS_HUMAN_OR_MODEL_VALIDATION,AUXILIARY_ONLY
RV-V03-002025,MSV1-B7407C4EFB611347,IS 8376:2026 P,Metallic coatings — Electroplated coatings of nickel plus chromium on plastics materials,ta,NOT_TRANSLATED,NEEDS_HUMAN_OR_MODEL_VALIDATION,AUXILIARY_ONLY
RV-V03-002026,MSV1-FCD0098BEEEE5352,IS 9838:2026,Conversion coatings on metallic materials — Determination of coating mass per unit area — Gravimetric methods,ta,NOT_TRANSLATED,NEEDS_HUMAN_OR_MODEL_VALIDATION,AUXILIARY_ONLY
RV-V03-002027,MSV1-7C52A490930BB931,IS 19750:2026,Welding Measurement of preheating temperature interpass temperature and preheat maintenance temperature,ta,NOT_TRANSLATED,NEEDS_HUMAN_OR_MODEL_VALIDATION,AUXILIARY_ONLY
RV-V03-002028,MSV1-4F383FFDFF41BF6C,IS 19743:2026,BUILDING CONSTRUCTION MACHINERY AND EQUIPMENT PILE DRIVING AND EXTRACTING EQUIPMENT TERMINOLOGY AND COMMERCIAL SPECIFICATIONS Adoption of ISO 11886,ta,NOT_TRANSLATED,NEEDS_HUMAN_OR_MODEL_VALIDATION,AUXILIARY_ONLY
RV-V03-002029,MSV1-9170131BE1C0CEBE,IS 19765:2026,Road Construction and Maintenance Equipment — Pavers-finishers — Commercial Specifications ( First Revision ),ta,NOT_TRANSLATED,NEEDS_HUMAN_OR_MODEL_VALIDATION,AUXILIARY_ONLY
RV-V03-002030,MSV1-21D453DDC8C2C579,IS 19667:2026,Nanotechnology — Nanoparticles in powder form — Characteristics and measurements,ta,NOT_TRANSLATED,NEEDS_HUMAN_OR_MODEL_VALIDATION,AUXILIARY_ONLY
RV-V03-002031,MSV1-45003C697DBF8166,IS 10058:2026,"Specification For Forceps, Fixation, Graefe's Pattern",ta,NOT_TRANSLATED,NEEDS_HUMAN_OR_MODEL_VALIDATION,AUXILIARY_ONLY
RV-V03-002032,MSV1-C9FCB8F8A6875175,IS 10390:2026,Specification for muscle hook,ta,NOT_TRANSLATED,NEEDS_HUMAN_OR_MODEL_VALIDATION,AUXILIARY_ONLY
RV-V03-002033,MSV1-4EF71BCCBEB4E59F,IS 10045:2026,"Specification For Punch, Lacrymal Bone, Beyer's Pattern",ta,NOT_TRANSLATED,NEEDS_HUMAN_OR_MODEL_VALIDATION,AUXILIARY_ONLY
RV-V03-002034,MSV1-2BA125EF8F51ED7B,IS 4569 (Part 2):2026,"Specification for scissors, Eye part 2 Conjunctival, Blunt and Sharp-Point Scissors",ta,NOT_TRANSLATED,NEEDS_HUMAN_OR_MODEL_VALIDATION,AUXILIARY_ONLY
RV-V03-002035,MSV1-AD01B2F74328DA22,IS 4569 (Part 3):2026,"Specification for scissors, eye: part 3 scissors, tenotomy (Second Revision)",ta,NOT_TRANSLATED,NEEDS_HUMAN_OR_MODEL_VALIDATION,AUXILIARY_ONLY
RV-V03-002036,MSV1-B8CC1961535AC336,IS 5157:2026,"Specification for forceps, eye, Iris (First Revision)",ta,NOT_TRANSLATED,NEEDS_HUMAN_OR_MODEL_VALIDATION,AUXILIARY_ONLY
RV-V03-002037,MSV1-26B20DFEF54275BD,IS 8106:2026,"Specification For Needle Holder, Eye, Kalt's Pattern",ta,NOT_TRANSLATED,NEEDS_HUMAN_OR_MODEL_VALIDATION,AUXILIARY_ONLY
RV-V03-002038,MSV1-436ACE74FCCF9A2A,IS 5182 (Part 25):2026,Air Pollution — Methods for Measurement Part 25 Ammonia (First Revision),ta,NOT_TRANSLATED,NEEDS_HUMAN_OR_MODEL_VALIDATION,AUXILIARY_ONLY
RV-V03-002039,MSV1-CCE5548EE5DC3200,IS 14656:2026,Ceramic Fibre Products - Methods of Test (First Revision),ta,NOT_TRANSLATED,NEEDS_HUMAN_OR_MODEL_VALIDATION,AUXILIARY_ONLY
RV-V03-002040,MSV1-DC55115A2D3224F2,IS 4263:2026,Chlorine — Code of Safety (First Revision),ta,NOT_TRANSLATED,NEEDS_HUMAN_OR_MODEL_VALIDATION,AUXILIARY_ONLY
RV-V03-002041,MSV1-327E0A6862FE433B,IS 6719:2026,Moulded PVC Unit Outsole - Specification (First Revision),ta,NOT_TRANSLATED,NEEDS_HUMAN_OR_MODEL_VALIDATION,AUXILIARY_ONLY
RV-V03-002042,MSV1-9E34EA1FB710CE26,IS 18066 (Part 4):2026,Measurement of Radioactivity in the Environment - Air Radon-222 Part 4 Integrated Measurement Method for Determining Average Activity Concentration Using Passive Sampling and Delayed Analysis,ta,NOT_TRANSLATED,NEEDS_HUMAN_OR_MODEL_VALIDATION,AUXILIARY_ONLY
RV-V03-002043,MSV1-7843F0495A064779,IS 18066 (Part 6):2026,Measurement of Radioactivity in the Environment - Air Radon-222 Part 6 Spot Measurement Methods of the Activity Concentration,ta,NOT_TRANSLATED,NEEDS_HUMAN_OR_MODEL_VALIDATION,AUXILIARY_ONLY
RV-V03-002044,MSV1-834F46E27C6679A4,IS 19627:2026,Footwear Critical Substances Potentially Present in Footwear and Footwear Components Test Method to Quantitatively Determine Dimethylformamide in Footwear Materials,ta,NOT_TRANSLATED,NEEDS_HUMAN_OR_MODEL_VALIDATION,AUXILIARY_ONLY
RV-V03-002045,MSV1-D16B7D52A77FAEC3,IS 19628:2026,Footwear Critical Substances Potentially Present in Footwear and Footwear Components Test Method to Quantitatively Determine Polycyclic Aromatic Hydrocarbons PAHs in Footwear Materials,ta,NOT_TRANSLATED,NEEDS_HUMAN_OR_MODEL_VALIDATION,AUXILIARY_ONLY
RV-V03-002046,MSV1-6DF845D1551C4264,IS 17614 (Part 27):2026,Water Quality — Sampling Part 27 Guidance on sampling for the parameters of the oceanic carbon dioxide system,ta,NOT_TRANSLATED,NEEDS_HUMAN_OR_MODEL_VALIDATION,AUXILIARY_ONLY
RV-V03-002047,MSV1-6C9ECDC3A93908F1,IS 19748:2026,Ophthalmic implants - Irrigating solutions for ophthalmic surgery,ta,NOT_TRANSLATED,NEEDS_HUMAN_OR_MODEL_VALIDATION,AUXILIARY_ONLY
RV-V03-002048,MSV1-16F593CA0A1F31D9,IS 10847:2026,"Specification for Speculum with Screw Adjustment, Eye, Right and Left, Arruga's Pattern",ta,NOT_TRANSLATED,NEEDS_HUMAN_OR_MODEL_VALIDATION,AUXILIARY_ONLY
RV-V03-002049,MSV1-2EA48FF9DB9F960A,IS 4569 (Part 1):2026,"Specification for scissors, eye: Part 1 corneal (Second Revision)",ta,NOT_TRANSLATED,NEEDS_HUMAN_OR_MODEL_VALIDATION,AUXILIARY_ONLY
RV-V03-002050,MSV1-6AAC44CFBC729748,IS 7786:2026,"Specification For Retractor, Eyelid, Desmarre's Pattern",ta,NOT_TRANSLATED,NEEDS_HUMAN_OR_MODEL_VALIDATION,AUXILIARY_ONLY
RV-V03-002051,MSV1-9E9EBB59DA6FEB57,IS 9688:2026,"Eye surgery instruments - Hooks, strabismus - Specification ( first revision)",ta,NOT_TRANSLATED,NEEDS_HUMAN_OR_MODEL_VALIDATION,AUXILIARY_ONLY
RV-V03-002052,MSV1-FE43741F67AB412C,IS 9983:2026,"Specification for wire vectis and lens expressor, eye",ta,NOT_TRANSLATED,NEEDS_HUMAN_OR_MODEL_VALIDATION,AUXILIARY_ONLY
RV-V03-002053,MSV1-82CFD3AF6105A210,IS 8109:2026,"Specification For Needle Holder, Eye, Castroviejo's Pattern",ta,NOT_TRANSLATED,NEEDS_HUMAN_OR_MODEL_VALIDATION,AUXILIARY_ONLY
RV-V03-002054,MSV1-0E516720044C9685,IS 9329:2026,"Specification For Speculum, Eye, Clark's Pattern (Modified) (First Revision)",ta,NOT_TRANSLATED,NEEDS_HUMAN_OR_MODEL_VALIDATION,AUXILIARY_ONLY
RV-V03-002055,MSV1-E58F5D0CA6B764DA,IS 19692:2026,MEDIA AND ENTERTAINMENT SOUND AND MUSIC SERVICES VOCABULARY,ta,NOT_TRANSLATED,NEEDS_HUMAN_OR_MODEL_VALIDATION,AUXILIARY_ONLY
RV-V03-002056,MSV1-47E1986CC6327878,IS 4755:2026,Acoustics Reference zero for the calibration of audiometric equipment Part 1: Reference equivalent threshold sound pressure levels for pure tones and supra-aural earphones Second Revision,ta,NOT_TRANSLATED,NEEDS_HUMAN_OR_MODEL_VALIDATION,AUXILIARY_ONLY
RV-V03-002057,MSV1-BF0609419C822A85,IS 8327:2026,ENT Surgery Instruments –– Chevalier Jackson’s Type Pattern Vocal Nodule Forceps — Specification ( First Revision ),ta,NOT_TRANSLATED,NEEDS_HUMAN_OR_MODEL_VALIDATION,AUXILIARY_ONLY
RV-V03-002058,MSV1-D22D8BD7A7FA5005,IS 8734:2026,ENT Surgery Instruments –Chevalier Jackson’s Type Pattern Forceps – Specification ( First Revision ),ta,NOT_TRANSLATED,NEEDS_HUMAN_OR_MODEL_VALIDATION,AUXILIARY_ONLY
RV-V03-002059,MSV1-6E95EA007C2E9837,IS 8743:2026,ENT Surgery Instruments–– Irwin Moore's Type Pattern Direct Bronchoscopy Forceps –– Specification ( Second Revision ),ta,NOT_TRANSLATED,NEEDS_HUMAN_OR_MODEL_VALIDATION,AUXILIARY_ONLY
RV-V03-002060,MSV1-CE57A2E72A7E10B8,IS 8838:2026,ENT Surgery Instruments – Straight Cup Forceps – Specification (First Revision),ta,NOT_TRANSLATED,NEEDS_HUMAN_OR_MODEL_VALIDATION,AUXILIARY_ONLY
RV-V03-002061,MSV1-B846137C789B471A,IS 8839:2026,ENT Surgery Instruments – Upwards Cup Forceps – Specification (First Revision),ta,NOT_TRANSLATED,NEEDS_HUMAN_OR_MODEL_VALIDATION,AUXILIARY_ONLY
RV-V03-002062,MSV1-E887DC8A767D27C6,IS 8840:2026,ENT Surgery Instruments – Scissors – Specification (First Revision ),ta,NOT_TRANSLATED,NEEDS_HUMAN_OR_MODEL_VALIDATION,AUXILIARY_ONLY
RV-V03-002063,MSV1-A3241C0083BBCFB9,IS 17034:2025,Jaipur Foot — Specification,ta,NOT_TRANSLATED,NEEDS_HUMAN_OR_MODEL_VALIDATION,AUXILIARY_ONLY
RV-V03-002064,MSV1-669DC6E21638BD25,IS 19731:2026,ENT Surgery Instruments –– Otology Drill — Specification,ta,NOT_TRANSLATED,NEEDS_HUMAN_OR_MODEL_VALIDATION,AUXILIARY_ONLY
RV-V03-002065,MSV1-1B2446ED80DCD3D3,IS 19615:2026,Extracellular Vesicles - Characterization,ta,NOT_TRANSLATED,NEEDS_HUMAN_OR_MODEL_VALIDATION,AUXILIARY_ONLY
RV-V03-002066,MSV1-8B56191E49BEC03C,IS/ISO 6039:2023,Blockchain and Distributed Ledger Technologies - Identifiers of Subjects and Objects for the Design of Blockchain Systems,ta,NOT_TRANSLATED,NEEDS_HUMAN_OR_MODEL_VALIDATION,AUXILIARY_ONLY
RV-V03-002067,MSV1-38A04B6C2EE78EBE,IS/IEC 61400 (Part 5):2020,Wind energy generation systems Part 5: Wind turbine blades,ta,NOT_TRANSLATED,NEEDS_HUMAN_OR_MODEL_VALIDATION,AUXILIARY_ONLY
RV-V03-002068,MSV1-304EF9F64DF4D82E,IS/IEC 61400 (Part 6):2020,Wind energy generation systems Part 6: Tower and foundation design requirements,ta,NOT_TRANSLATED,NEEDS_HUMAN_OR_MODEL_VALIDATION,AUXILIARY_ONLY
RV-V03-002069,MSV1-C54BAC7B972B7915,IS/IEC 61400 (Part 3/Sec 1):2019,Wind energy generation systems Part 3 Design Requirements Section 1 Fixed Offshore Wind Turbines,ta,NOT_TRANSLATED,NEEDS_HUMAN_OR_MODEL_VALIDATION,AUXILIARY_ONLY
RV-V03-002070,MSV1-1F1963D813713C20,IS 19583:2026,Orthoimagery- Data Acquisition and Accuracy Assessment,ta,NOT_TRANSLATED,NEEDS_HUMAN_OR_MODEL_VALIDATION,AUXILIARY_ONLY
RV-V03-002071,MSV1-188079A7722D267E,IS 14230:2026,C - Band parabolic dish antenna Specification,ta,NOT_TRANSLATED,NEEDS_HUMAN_OR_MODEL_VALIDATION,AUXILIARY_ONLY
RV-V03-002072,MSV1-7B1E8F64CC1BBA64,IS 7136:2026,Specification for megaphones,ta,NOT_TRANSLATED,NEEDS_HUMAN_OR_MODEL_VALIDATION,AUXILIARY_ONLY
RV-V03-002073,MSV1-8FB288129B0F12E7,IS 14481 (Part 1):2026,Nuclear power plants - Instrumentation important to safety - Radiation monitoring for accident and post - Accident conditions: Part 1 general requirements (Second Revision),ta,NOT_TRANSLATED,NEEDS_HUMAN_OR_MODEL_VALIDATION,AUXILIARY_ONLY
RV-V03-002074,MSV1-89DC28EC303F413D,IS 15996:2026,Information and Documentation — Library Performance Indicators (Second Revision),ta,NOT_TRANSLATED,NEEDS_HUMAN_OR_MODEL_VALIDATION,AUXILIARY_ONLY
RV-V03-002075,MSV1-BBEACB625669062A,IS 9558:2026,PTFE (Teflon) Piston Depth Gauge – Specification(First revision),ta,NOT_TRANSLATED,NEEDS_HUMAN_OR_MODEL_VALIDATION,AUXILIARY_ONLY
RV-V03-002076,MSV1-2D2C4730040D0FDC,IS 15994 (Part 2):2026,Information and documentation — Metadata for managing records Part 2: Conceptual and implementation issues,ta,NOT_TRANSLATED,NEEDS_HUMAN_OR_MODEL_VALIDATION,AUXILIARY_ONLY
RV-V03-002077,MSV1-B1F4DA1330A1A65E,IS 2627:2026,LIQUID-IN-GLASS THERMOMETERS - GLOSSARY (Second Revision),ta,NOT_TRANSLATED,NEEDS_HUMAN_OR_MODEL_VALIDATION,AUXILIARY_ONLY
RV-V03-002078,MSV1-C8041068FC3E2FB9,IS 7000:2026,GENERAL PURPOSE MAXIMUM AND MINIMUM THERMOMETERS SPECIFICATION (First Revision),ta,NOT_TRANSLATED,NEEDS_HUMAN_OR_MODEL_VALIDATION,AUXILIARY_ONLY
RV-V03-002079,MSV1-47F7D1E8D9C3B4FD,IS 12244 (Part 2):2026,CALORIMETER THERMOMETERS SPECIFICATION PART 2 ENCLOSED SCALE THERMOMETERS (First Revision),ta,NOT_TRANSLATED,NEEDS_HUMAN_OR_MODEL_VALIDATION,AUXILIARY_ONLY
RV-V03-002080,MSV1-4D06BCCCE49880CB,IS 3677:2026,Unbonded Rock and Slag Wool for Thermal Insulation - Specification Third Revision,ta,NOT_TRANSLATED,NEEDS_HUMAN_OR_MODEL_VALIDATION,AUXILIARY_ONLY
RV-V03-002081,MSV1-DD0DA552FA6D6C63,IS 12533:2026,Photography — Rolls of sensitized material for the pre-press industry — Dimensions and related requirements (First Revision),ta,NOT_TRANSLATED,NEEDS_HUMAN_OR_MODEL_VALIDATION,AUXILIARY_ONLY
RV-V03-002082,MSV1-1B8B8C2109AA9732,IS 12517:2026,Photography Sheets of sensitized material for the pre-press industry Dimensions and related requirements First Revision,ta,NOT_TRANSLATED,NEEDS_HUMAN_OR_MODEL_VALIDATION,AUXILIARY_ONLY
RV-V03-002083,MSV1-0BA7C2F1A8FCB230,IS 7038:2026,Chloroplatinic acid (Platinum chloride) — Specification (First Revision),ta,NOT_TRANSLATED,NEEDS_HUMAN_OR_MODEL_VALIDATION,AUXILIARY_ONLY
RV-V03-002084,MSV1-CFA03221EA7ACD61,IS 7130:2026,"Chlorosulphonic Acid, Technical - Specification",ta,NOT_TRANSLATED,NEEDS_HUMAN_OR_MODEL_VALIDATION,AUXILIARY_ONLY
RV-V03-002085,MSV1-759B7D522E4A7C70,IS 3894:2026,MANUALLY-OPERATED COMB FOUNDATION MILL — SPECIFICATION (Second Revision ),ta,NOT_TRANSLATED,NEEDS_HUMAN_OR_MODEL_VALIDATION,AUXILIARY_ONLY
RV-V03-002086,MSV1-68D9C659DB6ABE2C,IS 8325:2026,Specification for nickel formate for nickel catalyst (First Revision),ta,NOT_TRANSLATED,NEEDS_HUMAN_OR_MODEL_VALIDATION,AUXILIARY_ONLY
RV-V03-002087,MSV1-96A95D1FEB2B3F86,IS 6565:2026,Foetoscope For Foetal Heart Sounds Pinards Pattern Specification First Revision of IS 6565,ta,NOT_TRANSLATED,NEEDS_HUMAN_OR_MODEL_VALIDATION,AUXILIARY_ONLY
RV-V03-002088,MSV1-27F8F9FDB6F555B3,IS 6578:2026,Obstetrics Instruments Forceps Ovum Shape and Dimensions Second Revision of IS 6578,ta,NOT_TRANSLATED,NEEDS_HUMAN_OR_MODEL_VALIDATION,AUXILIARY_ONLY
RV-V03-002089,MSV1-3E8C065979ABCCCF,IS/IEC 62314:2022,Solid-State Relays - Safety Requirements (First Revision),ta,NOT_TRANSLATED,NEEDS_HUMAN_OR_MODEL_VALIDATION,AUXILIARY_ONLY
RV-V03-002090,MSV1-C24E1C1AF21D7EC1,IS/IEC 61812 (Part 1):2023,Time Relays and Coupling Relays for Industrial and Residential Use Part 1 Requirements and Tests (First Revision),ta,NOT_TRANSLATED,NEEDS_HUMAN_OR_MODEL_VALIDATION,AUXILIARY_ONLY
RV-V03-002091,MSV1-7F392C84E09761F0,IS 9708:2026,Overhead lines Requirements and tests for aeolian vibration dampers,ta,NOT_TRANSLATED,NEEDS_HUMAN_OR_MODEL_VALIDATION,AUXILIARY_ONLY
RV-V03-002092,MSV1-A2B40F2C4437B690,IS/IEC 60079 (Part 17):2023,Explosive atmospheres - Part 17: Electrical installations inspection and maintenance (Second Revision),ta,NOT_TRANSLATED,NEEDS_HUMAN_OR_MODEL_VALIDATION,AUXILIARY_ONLY
RV-V03-002093,MSV1-91E442BC27AAC1B2,IS 2381:2026,Information and Documentation — Guidelines for Bibliographic References and Citations to Information Resources (Fourth Revision),ta,NOT_TRANSLATED,NEEDS_HUMAN_OR_MODEL_VALIDATION,AUXILIARY_ONLY
RV-V03-002094,MSV1-2A06025DAF3035B1,IS/ISO 15924:2022,Information and documentation - Codes for the representation of names of scripts,ta,NOT_TRANSLATED,NEEDS_HUMAN_OR_MODEL_VALIDATION,AUXILIARY_ONLY
RV-V03-002095,MSV1-116E974985244DD8,IS 14836 (Part 1):2026,Codes for the Representation of Names of Countries and their Subdivisions Part 1 Country Codes ( Third Revision),ta,NOT_TRANSLATED,NEEDS_HUMAN_OR_MODEL_VALIDATION,AUXILIARY_ONLY
RV-V03-002096,MSV1-304251846C388A26,IS 14836 (Part 2):2026,Codes for the representation of names of countries and their subdivisions: Part 2 country subdivision codes,ta,NOT_TRANSLATED,NEEDS_HUMAN_OR_MODEL_VALIDATION,AUXILIARY_ONLY
RV-V03-002097,MSV1-E83C4B7DC1C4B39C,IS 14836 (Part 3):2026,Codes for the representation of namesof countries and their subdivisions: Part 3 code for formerly used names of countries,ta,NOT_TRANSLATED,NEEDS_HUMAN_OR_MODEL_VALIDATION,AUXILIARY_ONLY
RV-V03-002098,MSV1-6782EABA3FBFD9F2,IS 16276 (Part 2):2026,Document Management ” Portable Document Format Part 2 PDF 2.0,ta,NOT_TRANSLATED,NEEDS_HUMAN_OR_MODEL_VALIDATION,AUXILIARY_ONLY
RV-V03-002099,MSV1-67BCC79C9C329F88,IS/IEC 60773:2021,Rotating electrical machines — Test methods and apparatus for the measurement of the operational characteristics of brushes,ta,NOT_TRANSLATED,NEEDS_HUMAN_OR_MODEL_VALIDATION,AUXILIARY_ONLY
RV-V03-002100,MSV1-B0F338A352D19F83,IS 4647:2026,INLAND VESSELS - DETACHABLE STEEL LADDER - SPECIFICATION,ta,NOT_TRANSLATED,NEEDS_HUMAN_OR_MODEL_VALIDATION,AUXILIARY_ONLY
RV-V03-002101,MSV1-47A081B8CD3F5DFF,IS 1399:2026,Optical Technology — Glossary of Terms ( First Revision ),ta,NOT_TRANSLATED,NEEDS_HUMAN_OR_MODEL_VALIDATION,AUXILIARY_ONLY
RV-V03-002102,MSV1-E5866EB5897D11E4,IS 6454 (Part 2):2026,Radial spherical roller bearings Part 2 Double row with cylindrical or tapered bore — Specification (First Revision),ta,NOT_TRANSLATED,NEEDS_HUMAN_OR_MODEL_VALIDATION,AUXILIARY_ONLY
RV-V03-002103,MSV1-9B92A0C8F5EF6B04,IS 2462:2026,Parallel Bars Used in Gymnastics — Specification ( Second Revision ),ta,NOT_TRANSLATED,NEEDS_HUMAN_OR_MODEL_VALIDATION,AUXILIARY_ONLY
RV-V03-002104,MSV1-07E321597F4F9AA6,IS 1895:2026,Textiles — Cotton Newar — Specification (Third Revision),ta,NOT_TRANSLATED,NEEDS_HUMAN_OR_MODEL_VALIDATION,AUXILIARY_ONLY
RV-V03-002105,MSV1-DCE972B8D6922AF8,IS 5352 (Part 2):2026,Textiles — Glass and Glass-Polyester Fibre Woven Tapes Part 2 Methods of Test (Fourth Revision),ta,NOT_TRANSLATED,NEEDS_HUMAN_OR_MODEL_VALIDATION,AUXILIARY_ONLY
RV-V03-002106,MSV1-40C8F9F26D7A7273,IS 199:2026,"Textiles — Test Method — Determination of Moisture, Total Size or Finish, Ash and Fatty Matter in Grey and Finished Cotton Textile Materials (Fourth Revision)",ta,NOT_TRANSLATED,NEEDS_HUMAN_OR_MODEL_VALIDATION,AUXILIARY_ONLY
RV-V03-002107,MSV1-3D82D7598CF3AE3C,IS 665:2026,Textiles — Method of Test — Determination of Dimensional Changes of Fabrics Containing Wool on Soaking in Water (Second Revision),ta,NOT_TRANSLATED,NEEDS_HUMAN_OR_MODEL_VALIDATION,AUXILIARY_ONLY
RV-V03-002108,MSV1-000837EAFC9CA14F,IS 1299:2026,Textiles — Method of Test — Determination of Dimensional Changes on Washing of Fabrics Woven from Rayon and Synthetic Fibres (Third Revision),ta,NOT_TRANSLATED,NEEDS_HUMAN_OR_MODEL_VALIDATION,AUXILIARY_ONLY
RV-V03-002109,MSV1-8E4D8D10442FB698,IS 4419:2026,Textiles — Method of Test — Determination of Dimensional Stability of Knitted Fabrics Made of Synthetic Fibres (First Revision),ta,NOT_TRANSLATED,NEEDS_HUMAN_OR_MODEL_VALIDATION,AUXILIARY_ONLY
RV-V03-002110,MSV1-0F2CB622262B5089,IS 171:2025,Textiles — Grey Spun Cotton Yarn — Specifications (Fifth Revision),ta,NOT_TRANSLATED,NEEDS_HUMAN_OR_MODEL_VALIDATION,AUXILIARY_ONLY
RV-V03-002111,MSV1-3BF79C6DE9B897EE,IS 293:2025,"Textiles — Packaging of Staple Fibers, Yarns, Sewing Threads and Cloths/Fabrics — Code (Fourth Revision)",ta,NOT_TRANSLATED,NEEDS_HUMAN_OR_MODEL_VALIDATION,AUXILIARY_ONLY
RV-V03-002112,MSV1-AB1E6AFE781B677C,IS/ISO 603:2024,Bonded abrasive products — Dimensions Part 8 Grinding wheels for Deburring and Fettling/Snagging on Stationary Machine (First Revision),ta,NOT_TRANSLATED,NEEDS_HUMAN_OR_MODEL_VALIDATION,AUXILIARY_ONLY
RV-V03-002113,MSV1-F97D0A8E4C8699CD,IS/ISO 8000 (Part 115):2024,Data quality: Part 115 Master Data -- Exchange of quality identifiers -- Syntactic semantic and resolution requirements first revision,ta,NOT_TRANSLATED,NEEDS_HUMAN_OR_MODEL_VALIDATION,AUXILIARY_ONLY
RV-V03-002114,MSV1-3E6B4A06F7363ECE,IS 14739:2026,Geotextiles and geotextile-related products - Determination of tensile creep and creep rupture behaviour (second revision ),ta,NOT_TRANSLATED,NEEDS_HUMAN_OR_MODEL_VALIDATION,AUXILIARY_ONLY
RV-V03-002115,MSV1-D27E69C898314981,IS 3650:2026,Combination Side Cutting Pliers — Specification (Third Revision),ta,NOT_TRANSLATED,NEEDS_HUMAN_OR_MODEL_VALIDATION,AUXILIARY_ONLY
RV-V03-002116,MSV1-0FE9BA408239FEE3,IS 8857:2026,Textiles — Canvas Water Bucket — Specification ( Second Revision ),ta,NOT_TRANSLATED,NEEDS_HUMAN_OR_MODEL_VALIDATION,AUXILIARY_ONLY
RV-V03-002117,MSV1-6D6C10BE34E24B1D,IS 4003 (Part 1):2026,Pipe Wrenches - Specification Part 1 General Purpose(Third revision),ta,NOT_TRANSLATED,NEEDS_HUMAN_OR_MODEL_VALIDATION,AUXILIARY_ONLY
RV-V03-002118,MSV1-1FDDA6E5EC85026C,IS 7044:2026,Textiles — Method of Test — Determination of Sodium Chlorite Content in Textile Materials (First Revision),ta,NOT_TRANSLATED,NEEDS_HUMAN_OR_MODEL_VALIDATION,AUXILIARY_ONLY
RV-V03-002119,MSV1-08FD6ABB28022C7B,IS 7045:2026,Textiles — Method of Test — Determination of Hydrogen Peroxide Content in Textile Materials (First Revision),ta,NOT_TRANSLATED,NEEDS_HUMAN_OR_MODEL_VALIDATION,AUXILIARY_ONLY
RV-V03-002120,MSV1-4FB60D397C1EE502,IS 17260 (Part 1):2026,Textile Floor Coverings — Production of Changes in Appearance Part 1 Vettermann Drum Test (First Revision),ta,NOT_TRANSLATED,NEEDS_HUMAN_OR_MODEL_VALIDATION,AUXILIARY_ONLY
RV-V03-002121,MSV1-2B073EC9BB996BC5,IS 14820:2026,"Lasers and Laser-Related Equipment — Laser Beam Widths, Divergence Angles and Beam Propagation Ratios — Methods of Test Part 2 General Astigmatic Beams ( First Revision )",ta,NOT_TRANSLATED,NEEDS_HUMAN_OR_MODEL_VALIDATION,AUXILIARY_ONLY
RV-V03-002122,MSV1-635C73F9296FDA73,IS 19597:2026,Landing Mats used in Gymnastics - Specification,ta,NOT_TRANSLATED,NEEDS_HUMAN_OR_MODEL_VALIDATION,AUXILIARY_ONLY
RV-V03-002123,MSV1-FBED99197E27B201,IS 19723:2026,Measurement of Diameter and Girth of Trees - Guidelines,ta,NOT_TRANSLATED,NEEDS_HUMAN_OR_MODEL_VALIDATION,AUXILIARY_ONLY
RV-V03-002124,MSV1-50A134F50D10581B,IS 19701 (Part 1):2026,Automation Systems and Integration — Nuclear Digital Ecosystem Part 1 Overview and Framework,ta,NOT_TRANSLATED,NEEDS_HUMAN_OR_MODEL_VALIDATION,AUXILIARY_ONLY
RV-V03-002125,MSV1-67D6DC9935AC5945,IS 17192 (Part 3):2026,Robotics — Performance Criteria and Related Test Methods for Service Robots Part 3 Manipulation,ta,NOT_TRANSLATED,NEEDS_HUMAN_OR_MODEL_VALIDATION,AUXILIARY_ONLY
RV-V03-002126,MSV1-DB7CF655470DACEF,IS 19699:2026,Textile Floor Coverings — Broadloom Woven Carpet — Specification,ta,NOT_TRANSLATED,NEEDS_HUMAN_OR_MODEL_VALIDATION,AUXILIARY_ONLY
RV-V03-002127,MSV1-635E178AA979ED6C,IS/ISO 20140 (Part 5):2024,Automation Systems and Integration — Evaluating Energy Efficiency and other Factors of Manufacturing Systems that Influence the Environment Part 5 Environmental Performance Evaluation Data ( First Revision ),ta,NOT_TRANSLATED,NEEDS_HUMAN_OR_MODEL_VALIDATION,AUXILIARY_ONLY
RV-V03-002128,MSV1-6240528CE35F08BB,IS 19702:2026,Shanks for Pneumatic Tools and Fitting of Chuck Bushings — Dimensions,ta,NOT_TRANSLATED,NEEDS_HUMAN_OR_MODEL_VALIDATION,AUXILIARY_ONLY
RV-V03-002129,MSV1-5E34F98B26014B48,IS 12193 (Part 2):2026,Methods of measurement on radio receivers for various classes of emission Part 3: Receivers for amplitude-modulated sound-broadcasting emissions First Revision,ta,NOT_TRANSLATED,NEEDS_HUMAN_OR_MODEL_VALIDATION,AUXILIARY_ONLY
RV-V03-002130,MSV1-3689C01E61C14757,IS 2189:2026,Selection Installation and Maintenance of Automatic Fire Detection and Alarm System - Code of Practice Fifth Revision,ta,NOT_TRANSLATED,NEEDS_HUMAN_OR_MODEL_VALIDATION,AUXILIARY_ONLY
RV-V03-002131,MSV1-BDE76327270BD9CF,IS 4456 (Part 1):2026,CHEMICAL RESISTANT MORTARS — METHODS OF TEST PART 1 SILICATE TYPE AND RESIN TYPE ( First revision ),ta,NOT_TRANSLATED,NEEDS_HUMAN_OR_MODEL_VALIDATION,AUXILIARY_ONLY
RV-V03-002132,MSV1-97710F1727A17117,IS 4456 (Part 2):2026,CHEMICAL RESISTANT MORTARS — METHODS OF TEST PART 2 SULPHUR TYPE ( First Revision ),ta,NOT_TRANSLATED,NEEDS_HUMAN_OR_MODEL_VALIDATION,AUXILIARY_ONLY
RV-V03-002133,MSV1-0BF88B14B836DF9B,IS 1200 (Part 1):2026,Method of Measurement of Building and Civil Engineering Works Part 1 Earthwork,ta,NOT_TRANSLATED,NEEDS_HUMAN_OR_MODEL_VALIDATION,AUXILIARY_ONLY
RV-V03-002134,MSV1-5AACEFA70EA13A58,IS 1200 (Part 9):2026,Method of Measurement of Building and Civil Engineering Works Part 9 Roof Covering Including Cladding,ta,NOT_TRANSLATED,NEEDS_HUMAN_OR_MODEL_VALIDATION,AUXILIARY_ONLY
RV-V03-002135,MSV1-BFA88B3333817B92,IS 1200 (Part 3):2026,Method of Measurement of Building and Civil Engineering Works Part 3 Brickwork,ta,NOT_TRANSLATED,NEEDS_HUMAN_OR_MODEL_VALIDATION,AUXILIARY_ONLY
RV-V03-002136,MSV1-5A0A06019EE9C692,IS 1200 (Part 4):2026,Method of Measurement of Building and Civil Engineering Works Part 4 Stone Masonry,ta,NOT_TRANSLATED,NEEDS_HUMAN_OR_MODEL_VALIDATION,AUXILIARY_ONLY
RV-V03-002137,MSV1-FA47BB94CC9D86C6,IS 19559:2026,Hot Rolled Alloy Steel Bars Specification,ta,NOT_TRANSLATED,NEEDS_HUMAN_OR_MODEL_VALIDATION,AUXILIARY_ONLY
RV-V03-002138,MSV1-4F561AB0226FEEC2,IS 19600:2026,Gasket and Packing Flexible Graphite Material Specification,ta,NOT_TRANSLATED,NEEDS_HUMAN_OR_MODEL_VALIDATION,AUXILIARY_ONLY
RV-V03-002139,MSV1-6B34415A9F3F4CB3,IS 19747:2026,Steel wire ropes — Determination of the actual modulus of elasticity,ta,NOT_TRANSLATED,NEEDS_HUMAN_OR_MODEL_VALIDATION,AUXILIARY_ONLY
RV-V03-002140,MSV1-F4CF36E63B645CCC,IS 19745:2026,STEEL WIRE ROPES — DETERMINATION OF THE TRANSVERS RIGIDITY OF STEEL WIRE ROPES UNDER NO AXIAL LOAD CONDITION,ta,NOT_TRANSLATED,NEEDS_HUMAN_OR_MODEL_VALIDATION,AUXILIARY_ONLY
RV-V03-002141,MSV1-21BA06BF53536A41,IS 19746:2026,STEEL WIRE ROPES — DETERMINATION OF ROTATIONAL PROPERTIES,ta,NOT_TRANSLATED,NEEDS_HUMAN_OR_MODEL_VALIDATION,AUXILIARY_ONLY
RV-V03-002142,MSV1-9DA7A9E6A9034E63,IS 6499:2026,SIMS PATTERN DOUBLE-ENDED SHARP UTERINE CURETTE SPECIFICATION First Revision,ta,NOT_TRANSLATED,NEEDS_HUMAN_OR_MODEL_VALIDATION,AUXILIARY_ONLY
RV-V03-002143,MSV1-0BBE11DFF89373A8,IS/IEC 61439 (Part 3):2024,Low-voltage switchgear and controlgear assemblies Part 3: Distribution boards intended to be operated by ordinary persons DBO First Revision,ta,NOT_TRANSLATED,NEEDS_HUMAN_OR_MODEL_VALIDATION,AUXILIARY_ONLY
RV-V03-002144,MSV1-F47A448381AD4F5B,IS/IEC 61439 (Part 4):2024,Low-Voltage Switchgear and Controlgear Assemblies Part 4: Particular requirements for assemblies for construction sites ACS First Revision,ta,NOT_TRANSLATED,NEEDS_HUMAN_OR_MODEL_VALIDATION,AUXILIARY_ONLY
RV-V03-002145,MSV1-00966380F287A744,IS 15596 (Part 7):2026,Sound System Equipment Part 7: Headphones and Earphones Second Revision,ta,NOT_TRANSLATED,NEEDS_HUMAN_OR_MODEL_VALIDATION,AUXILIARY_ONLY
RV-V03-002146,MSV1-0401D0E66387D769,IS 16602 (Part 3):2026,Information & Documentation- RFID in Libraries Part 3 Fixed Lenth Encoding,ta,NOT_TRANSLATED,NEEDS_HUMAN_OR_MODEL_VALIDATION,AUXILIARY_ONLY
RV-V03-002147,MSV1-E9EB32E415F1E87A,IS 19635:2026,Grid Integration of Renewable Energy Generation Terms and Definitions,ta,NOT_TRANSLATED,NEEDS_HUMAN_OR_MODEL_VALIDATION,AUXILIARY_ONLY
RV-V03-002148,MSV1-DC6FDA9BAD33EE9F,IS 19637:2026,Grid code compliance assessment methods for grid connection of wind and PV Power plants,ta,NOT_TRANSLATED,NEEDS_HUMAN_OR_MODEL_VALIDATION,AUXILIARY_ONLY
RV-V03-002149,MSV1-AB95E7FBCB44FF02,IS/IEC 63002:2025,Interoperability Specifications and Communication Method for External Power Supplies used with Computing and Consumer Electronics Devices,ta,NOT_TRANSLATED,NEEDS_HUMAN_OR_MODEL_VALIDATION,AUXILIARY_ONLY
RV-V03-002150,MSV1-EF75001EBA6EF3BE,IS 9786:2026,Vinyl Chloride (VCM) — Code of safety (First Revision),ta,NOT_TRANSLATED,NEEDS_HUMAN_OR_MODEL_VALIDATION,AUXILIARY_ONLY
RV-V03-002151,MSV1-E6CAC8A7685216EB,IS 447:2026,RUBBER HOSES FOR WELDING SPECIFICATION,ta,NOT_TRANSLATED,NEEDS_HUMAN_OR_MODEL_VALIDATION,AUXILIARY_ONLY
RV-V03-002152,MSV1-441091E2D9DEE0F7,IS 14424:2026,RUBBER THREADS SPECIFICATION,ta,NOT_TRANSLATED,NEEDS_HUMAN_OR_MODEL_VALIDATION,AUXILIARY_ONLY
RV-V03-002153,MSV1-7FA4958D513B43BD,IS 5190:2026,CODE OF PACKAGING OF NATURAL RUBBER LATEX IN DRUMS,ta,NOT_TRANSLATED,NEEDS_HUMAN_OR_MODEL_VALIDATION,AUXILIARY_ONLY
RV-V03-002154,MSV1-5D91AEC3F17D1A9F,IS 12076:2026,PRECIPITATED SILICA FOR RUBBER INDUSTRY SPECIFICATION,ta,NOT_TRANSLATED,NEEDS_HUMAN_OR_MODEL_VALIDATION,AUXILIARY_ONLY
RV-V03-002155,MSV1-77AEE7D11A453A7B,IS 14127:2026,INSOLUBLE AMORPHOUS SULPHUR FOR RUBBER INDUSTRY SPECIFICATION,ta,NOT_TRANSLATED,NEEDS_HUMAN_OR_MODEL_VALIDATION,AUXILIARY_ONLY
RV-V03-002156,MSV1-432DF62DC44D7EDB,IS 6954:2026,Caustic Potash — Code of safety (First Revision),ta,NOT_TRANSLATED,NEEDS_HUMAN_OR_MODEL_VALIDATION,AUXILIARY_ONLY
RV-V03-002157,MSV1-76ED2CEC2E8C0FDB,IS 1448 (Part 149):2026,PETROLEUM PRODUCTS AND RELATED PRODUCTS PART 149 DIESEL FUEL — ASSESSMENT OF LUBRICITY USING THE HIGH-FREQUENCY RECIPROCATING RIG (HFRR) — TEST METHOD (Third Revision),ta,NOT_TRANSLATED,NEEDS_HUMAN_OR_MODEL_VALIDATION,AUXILIARY_ONLY
RV-V03-002158,MSV1-EED7633F2EA0A2DD,IS 19556 (Part 2):2026,Irrigation Techniques - Localised/Remote Monitoring and Control for Irrigation Part 2 Tests,ta,NOT_TRANSLATED,NEEDS_HUMAN_OR_MODEL_VALIDATION,AUXILIARY_ONLY
RV-V03-002159,MSV1-2729F5BC280AD808,IS 19516:2026,Determination of Fatty Acids in Natural and Synthetic Perfumery Materials by Gas Chromatography,ta,NOT_TRANSLATED,NEEDS_HUMAN_OR_MODEL_VALIDATION,AUXILIARY_ONLY
RV-V03-002160,MSV1-37EEC86056BE5A47,IS 19729:2026,Naturopathy Therapeutic Fasting — Code of Practice,ta,NOT_TRANSLATED,NEEDS_HUMAN_OR_MODEL_VALIDATION,AUXILIARY_ONLY
RV-V03-002161,MSV1-B96F0F1350069C83,IS 19630:2026,Naturopathy Back Massage Therapy — Code of Practice,ta,NOT_TRANSLATED,NEEDS_HUMAN_OR_MODEL_VALIDATION,AUXILIARY_ONLY
RV-V03-002162,MSV1-D681B1D98922368A,IS 19655 (Part 1):2026,Handmade Paper for Carry Bags Specification,ta,NOT_TRANSLATED,NEEDS_HUMAN_OR_MODEL_VALIDATION,AUXILIARY_ONLY
RV-V03-002163,MSV1-E827B99DB470DCDD,IS 19655 (Part 3):2026,Handmade Paper for Packaging Specification,ta,NOT_TRANSLATED,NEEDS_HUMAN_OR_MODEL_VALIDATION,AUXILIARY_ONLY
RV-V03-002164,MSV1-F95844F9878A5291,IS 19655 (Part 4):2026,Handmade Paper for Envelopes Specification,ta,NOT_TRANSLATED,NEEDS_HUMAN_OR_MODEL_VALIDATION,AUXILIARY_ONLY
RV-V03-002165,MSV1-278A318FA1314DD1,IS 19655 (Part 5):2026,Handmade Paper - Specification Part 5 for Writing,ta,NOT_TRANSLATED,NEEDS_HUMAN_OR_MODEL_VALIDATION,AUXILIARY_ONLY
RV-V03-002166,MSV1-FC8062DDE8744A5D,IS 19668:2026,Rubber raw natural Guidelines for the specification of technically specified rubber TSR,ta,NOT_TRANSLATED,NEEDS_HUMAN_OR_MODEL_VALIDATION,AUXILIARY_ONLY
RV-V03-002167,MSV1-DFF4440FC93A0A25,IS 1448 (Part 213):2026,PETROLEUM AND ITS PRODUCTS TEST METHODS DETERMINATION OF ELEMENTS IN UN-USED LUBRICATING GREASES BY INDUCTIVELY COUPLED PLASMA ATOMIC EMISSION SPECTROMETER,ta,NOT_TRANSLATED,NEEDS_HUMAN_OR_MODEL_VALIDATION,AUXILIARY_ONLY
RV-V03-002168,MSV1-D0553FA7F6C84A01,IS 5749:2026,Forged Ramshorn Hooks ― Specification,ta,NOT_TRANSLATED,NEEDS_HUMAN_OR_MODEL_VALIDATION,AUXILIARY_ONLY
RV-V03-002169,MSV1-5338F49AAEDB10F2,IS 19730:2026,"Reuse, Recycling and Disposal of Bearing Materials",ta,NOT_TRANSLATED,NEEDS_HUMAN_OR_MODEL_VALIDATION,AUXILIARY_ONLY
RV-V03-002170,MSV1-3B6423E7BD374968,IS 19664:2026,Geosynthetics — Guidelines for the assessment of durability,ta,NOT_TRANSLATED,NEEDS_HUMAN_OR_MODEL_VALIDATION,AUXILIARY_ONLY
RV-V03-002171,MSV1-D39E0868E3701942,IS 19663:2026,Geosynthetics — Test method for the determination of water discharge capacity for prefabricated vertical drains,ta,NOT_TRANSLATED,NEEDS_HUMAN_OR_MODEL_VALIDATION,AUXILIARY_ONLY
RV-V03-002172,MSV1-551AE50F39357CDE,IS 19732 (Part 1):2026,Rolling Bearings — Measuring Methods for Vibration Part 1 Fundamentals,ta,NOT_TRANSLATED,NEEDS_HUMAN_OR_MODEL_VALIDATION,AUXILIARY_ONLY
RV-V03-002173,MSV1-FC7095A54BBA4A9F,IS 17141 (Part 5):2026,Petroleum and Liquid Petroleum Products — Measurement of Level and Temperature in Storage Tanks by Automatic Methods Part 5 Measurement of Temperature in Marine Vessels ( First Revision ),ta,NOT_TRANSLATED,NEEDS_HUMAN_OR_MODEL_VALIDATION,AUXILIARY_ONLY
RV-V03-002174,MSV1-0D6FCB8086383614,IS/ISO 603:2022,Bonded abrasive products — Dimensions Part 16 Cutting-off wheels on hand held power tools (First Revision),ta,NOT_TRANSLATED,NEEDS_HUMAN_OR_MODEL_VALIDATION,AUXILIARY_ONLY
RV-V03-002175,MSV1-03BC3044830451AF,IS 16237:2026,Geotextiles and geotextile-related products — Determination of the characteristic opening size (Wet sieving) (first revision)),ta,NOT_TRANSLATED,NEEDS_HUMAN_OR_MODEL_VALIDATION,AUXILIARY_ONLY
RV-V03-002176,MSV1-9EF9F1C79BCC64F5,IS 16635:2026,Geosynthetics — Wide-width tensile test (first revision),ta,NOT_TRANSLATED,NEEDS_HUMAN_OR_MODEL_VALIDATION,AUXILIARY_ONLY
RV-V03-002177,MSV1-B67DAB7E8FF00576,IS 6457:2026,Single Row Cylindrical Roller Bearings — Specification ( Second Revision ),ta,NOT_TRANSLATED,NEEDS_HUMAN_OR_MODEL_VALIDATION,AUXILIARY_ONLY
RV-V03-002178,MSV1-5FE99BA041160489,IS 4003 (Part 2):2026,Pipe Wrenches — Specification Part 2 Heavy Duty (Second Revision),ta,NOT_TRANSLATED,NEEDS_HUMAN_OR_MODEL_VALIDATION,AUXILIARY_ONLY
RV-V03-002179,MSV1-95E6C49A0EB25357,IS 10203:2026,Thin-Walled Plain Bearings — Specification (First Revision),ta,NOT_TRANSLATED,NEEDS_HUMAN_OR_MODEL_VALIDATION,AUXILIARY_ONLY
RV-V03-002180,MSV1-6C6E5E8E75543BBF,IS 14478:2026,"Plain bearings - Thick - Walled bushes, plain and flange type, full - Round (without any joint or slit) - Specification",ta,NOT_TRANSLATED,NEEDS_HUMAN_OR_MODEL_VALIDATION,AUXILIARY_ONLY
RV-V03-002181,MSV1-C019B859A9616AB2,IS 15624:2026,Thermoplastic Polymers for Plain Bearings — Classification and Designation ( First Revision ),ta,NOT_TRANSLATED,NEEDS_HUMAN_OR_MODEL_VALIDATION,AUXILIARY_ONLY
RV-V03-002182,MSV1-BB751C27FECF0F96,IS 12576:2026,Seed/Grain Processing Machinery — Indented Cylinder Grader — Specification and Test Code ( First Revision ),ta,NOT_TRANSLATED,NEEDS_HUMAN_OR_MODEL_VALIDATION,AUXILIARY_ONLY
RV-V03-002183,MSV1-5200C307DEAF047D,IS 1448 (Part 1/Sec 2):2026,PETROLEUM AND ITS PRODUCTS TEST METHODS PART 1 DETERMINATION OF BASE NUMBER OF PETROLEUM PRODUCTS SECTION 2 POTENTIOMETRIC TITRATION,ta,NOT_TRANSLATED,NEEDS_HUMAN_OR_MODEL_VALIDATION,AUXILIARY_ONLY
RV-V03-002184,MSV1-7EAC7235549771D6,IS 5311:2026,Carbon Tetrachloride — Code of Safety (First Revision ),ta,NOT_TRANSLATED,NEEDS_HUMAN_OR_MODEL_VALIDATION,AUXILIARY_ONLY
RV-V03-002185,MSV1-433733E5A76893CB,IS 411:2026,Titanium Dioxide for Pigmentary Applications - Specification (Fifth Revision),ta,NOT_TRANSLATED,NEEDS_HUMAN_OR_MODEL_VALIDATION,AUXILIARY_ONLY
RV-V03-002186,MSV1-C826F288DA275241,IS 19689:2026,PETROLEUM AND ITS PRODUCTS - TEST METHODS PART XXX DETERMINATION OF TOTAL VOLATILE SULPHUR IN GASEOUS HYDROCARBONS AND LIQUEFIED PETROLEUM GASES THROUGH ULTRAVIOLET FLUORESCENCE DETECTION,ta,NOT_TRANSLATED,NEEDS_HUMAN_OR_MODEL_VALIDATION,AUXILIARY_ONLY
RV-V03-002187,MSV1-3D859517788119FC,IS 19688:2026,LUBRICANTS - METHODS OF TESTS DETERMINATION OF WEAR PREVENTIVE CHARACTERISTICS - FOUR-BALL METHOD,ta,NOT_TRANSLATED,NEEDS_HUMAN_OR_MODEL_VALIDATION,AUXILIARY_ONLY
RV-V03-002188,MSV1-34B7E01BD714DC48,IS 19585:2026,Power Operated Coconut Dehusker — Specification and Test Code,ta,NOT_TRANSLATED,NEEDS_HUMAN_OR_MODEL_VALIDATION,AUXILIARY_ONLY
RV-V03-002189,MSV1-1BB6F2D5B00E37EE,IS 19532:2026,Dried Distillers Grain with Solubles (DDGS) as Livestock Feed Ingredient — Specification,ta,NOT_TRANSLATED,NEEDS_HUMAN_OR_MODEL_VALIDATION,AUXILIARY_ONLY
RV-V03-002190,MSV1-D1705CB4EFFB4B93,IS 1448 (Part 207):2019,PETROLEUM AND ITS PRODUCTS - TEST METHODS PART XX DETERMINATION OF AROMATIC HYDROCARBON TYPES IN AVIATION TURBINE FUELS KEROSENE TYPE AND PETROLEUM DISTILLATES - HIGH PERFORMANCE LIQUID CHROMATOGRAPHY METHOD WITH REFRACTIVE INDEX DETECTION,ta,NOT_TRANSLATED,NEEDS_HUMAN_OR_MODEL_VALIDATION,AUXILIARY_ONLY
RV-V03-002191,MSV1-E89F9D5377BAA1B1,IS 1448 (Part 209):2019,PETROLEUM AND ITS PRODUCTS - TEST METHODS PART DETERMINATION OF FATTY ACID METHYL ESTERS FAME CONTENT DERIVED FROM BIO-DIESEL FUEL IN AVIATION TURBINE FUEL - GC-MS WITH SELECTIVE ION MONITORINGSCAN DETECTION METHOD,ta,NOT_TRANSLATED,NEEDS_HUMAN_OR_MODEL_VALIDATION,AUXILIARY_ONLY
RV-V03-002192,MSV1-ABFC028CE549ABA0,IS 19533:2026,Paper and board Determination of bending stiffness General principles for two-point three-point and four-point methods,ta,NOT_TRANSLATED,NEEDS_HUMAN_OR_MODEL_VALIDATION,AUXILIARY_ONLY
RV-V03-002193,MSV1-BE27582ACCC1B7EF,IS 17614 (Part 26):2026,Water Quality — Sampling Part 26 Guideline on the validation of the storage time of water samples,ta,NOT_TRANSLATED,NEEDS_HUMAN_OR_MODEL_VALIDATION,AUXILIARY_ONLY
RV-V03-002194,MSV1-E1C5B472CE8C5B55,IS 16463 (Part 12):2026,Low-voltage surge protective devices Part 12: Surge protective devices connected to low-voltage power systems Selection and application principles First Revision,ta,NOT_TRANSLATED,NEEDS_HUMAN_OR_MODEL_VALIDATION,AUXILIARY_ONLY
RV-V03-002195,MSV1-69FF494C09DC0A3F,IS 17120:2026,In-cable control and protection device IC-CPD for mode 2 charging of electric road vehicles (First Revision),ta,NOT_TRANSLATED,NEEDS_HUMAN_OR_MODEL_VALIDATION,AUXILIARY_ONLY
RV-V03-002196,MSV1-0DDD6D41255EF4EC,IS/IEC 60947 (Part 5/Sec 1):2024,Low-Voltage Switchgear and Controlgear Part 5 Control Circuit Devices and Switching Elements Section 1 Electromechanical Control Circuit Devices (Third Revision),ta,NOT_TRANSLATED,NEEDS_HUMAN_OR_MODEL_VALIDATION,AUXILIARY_ONLY
RV-V03-002197,MSV1-5516B3DAED2F842F,IS/IEC 61439 (Part 5):2023,Low-voltage switchgear and controlgear assemblies Part 5: Assemblies for power distribution in public networks First Revision,ta,NOT_TRANSLATED,NEEDS_HUMAN_OR_MODEL_VALIDATION,AUXILIARY_ONLY
RV-V03-002198,MSV1-12570C0486ACD326,IS 6822:2026,Dental Distal Arch Wire Cutter — Specification (First Revision),ta,NOT_TRANSLATED,NEEDS_HUMAN_OR_MODEL_VALIDATION,AUXILIARY_ONLY
RV-V03-002199,MSV1-A5B89489E2562068,IS 16602 (Part 2):2026,Information and Documentation RFID in Libraries Part 2: Encoding of RFID Data Elements Based on Rules from ISOIEC 15962 Second Revision,ta,NOT_TRANSLATED,NEEDS_HUMAN_OR_MODEL_VALIDATION,AUXILIARY_ONLY
RV-V03-002200,MSV1-F7FC7303D172520B,IS 10101:2026,Information and Documentation International Standard Serial Number ISSN Fourth Revision,ta,NOT_TRANSLATED,NEEDS_HUMAN_OR_MODEL_VALIDATION,AUXILIARY_ONLY
RV-V03-002201,MSV1-0C8F73FCF04BA079,IS/ISO 30302:2022,Information and Documentation -” Management Systems for Records ”- Guidelines for Implementation (First Revision),ta,NOT_TRANSLATED,NEEDS_HUMAN_OR_MODEL_VALIDATION,AUXILIARY_ONLY
RV-V03-002202,MSV1-41BF4FB19061CE6C,IS 16602 (Part 1):2026,Information and documentation - RFID in libraries: Part 1 data elements and general guidelines for implementation,ta,NOT_TRANSLATED,NEEDS_HUMAN_OR_MODEL_VALIDATION,AUXILIARY_ONLY
RV-V03-002203,MSV1-CA6E26F3E88D0CBA,IS 19611 (Part 2):2026,Elastomeric Parts for Parenterals and for Devices for Pharmaceutical Use Part 2 Identification and Characterization,ta,NOT_TRANSLATED,NEEDS_HUMAN_OR_MODEL_VALIDATION,AUXILIARY_ONLY
RV-V03-002204,MSV1-ED0F5D88825A85A6,IS 19282 (Part 5):2026,Needle-Based Injection Systems for Medical Use — Requirements and Test Methods Part 5 Automated Functions,ta,NOT_TRANSLATED,NEEDS_HUMAN_OR_MODEL_VALIDATION,AUXILIARY_ONLY
RV-V03-002205,MSV1-1FD3C10F2A6ECC07,IS 19282 (Part 6):2026,Needle-Based Injection Systems for Medical Use — Requirements and Test Methods Part 6 On-body Delivery Systems,ta,NOT_TRANSLATED,NEEDS_HUMAN_OR_MODEL_VALIDATION,AUXILIARY_ONLY
RV-V03-002206,MSV1-1A534CD03A225087,IS 18292 (Part 8):2026,Intravascular Catheters — Sterile and Single-Use Catheters Part 8 Catheters for Extracorporeal Blood Treatment,ta,NOT_TRANSLATED,NEEDS_HUMAN_OR_MODEL_VALIDATION,AUXILIARY_ONLY
RV-V03-002207,MSV1-4EA687770980E447,IS 19489:2026,Non-active Surgical Implants Implants for Osteosynthesis Particular Requirements,ta,NOT_TRANSLATED,NEEDS_HUMAN_OR_MODEL_VALIDATION,AUXILIARY_ONLY
RV-V03-002208,MSV1-C262D10CC3C3E2CF,IS 19492 (Part 2):2026,Implants for Surgery Wear of Total Intervertebral Spinal Disc Prostheses Part 2 Nucleus Replacements,ta,NOT_TRANSLATED,NEEDS_HUMAN_OR_MODEL_VALIDATION,AUXILIARY_ONLY
RV-V03-002209,MSV1-A5A24E453F2A726A,IS 19613:2026,"Sterilization of health care products — Low temperature vaporized hydrogen peroxide — Requirements for the development, validation and routine control of a sterilization process for medical devices",ta,NOT_TRANSLATED,NEEDS_HUMAN_OR_MODEL_VALIDATION,AUXILIARY_ONLY
RV-V03-002210,MSV1-0DE216BA7279CA70,IS 19490 (Part 3):2026,Implants for Surgery Metal Intramedullary Nailing Systems Part 3 Connection Devices and Reamer Diameter Measurements,ta,NOT_TRANSLATED,NEEDS_HUMAN_OR_MODEL_VALIDATION,AUXILIARY_ONLY
RV-V03-002211,MSV1-813D89CB45837180,IS 19720:2026,Information and documentation — Presentation and identification of periodicals,ta,NOT_TRANSLATED,NEEDS_HUMAN_OR_MODEL_VALIDATION,AUXILIARY_ONLY
RV-V03-002212,MSV1-BB9FD86DEA65180F,IS 19693:2026,Full Immersion Bath Therapy —Code Of Practice,ta,NOT_TRANSLATED,NEEDS_HUMAN_OR_MODEL_VALIDATION,AUXILIARY_ONLY
RV-V03-002213,MSV1-49C5C8CE4C9EE864,IS 19669:2026,Enema Procedure - Code of Practice,ta,NOT_TRANSLATED,NEEDS_HUMAN_OR_MODEL_VALIDATION,AUXILIARY_ONLY
RV-V03-002214,MSV1-377FE3B4590FC6F2,IS 19686:2026,Full Mud Bath Therapy -Code of Practice,ta,NOT_TRANSLATED,NEEDS_HUMAN_OR_MODEL_VALIDATION,AUXILIARY_ONLY
RV-V03-002215,MSV1-DA6F4C1AAC45FB89,IS 7983:2026,Liquid Toilet Cleaner Hydrochloric Acid Based Specification Second Revision,ta,NOT_TRANSLATED,NEEDS_HUMAN_OR_MODEL_VALIDATION,AUXILIARY_ONLY
RV-V03-002216,MSV1-DEA0DE085C312CC2,IS 3008:2026,Brushes shoe blacking - Specification fifth revision,ta,NOT_TRANSLATED,NEEDS_HUMAN_OR_MODEL_VALIDATION,AUXILIARY_ONLY
RV-V03-002217,MSV1-5FA957C2ADB563C0,IS 3090:2026,Installation and Maintenance of Rolling Bearings — Code of Practice (First Revision),ta,NOT_TRANSLATED,NEEDS_HUMAN_OR_MODEL_VALIDATION,AUXILIARY_ONLY
RV-V03-002218,MSV1-3E70920DB3CFB033,IS 16137 (Part 1):2026,Automotive Vehicles — Methods of Measurement of Braking Coefficient of Road Surfaces Part 1 SRTT Method (First Revision),ta,NOT_TRANSLATED,NEEDS_HUMAN_OR_MODEL_VALIDATION,AUXILIARY_ONLY
RV-V03-002219,MSV1-849E1DB5E752EB83,IS 16605 (Part 1):2026,Rolling Bearings — Accessories Part 1 Adapter Sleeve Assemblies and Withdrawal Sleeves — Specification (First Revision),ta,NOT_TRANSLATED,NEEDS_HUMAN_OR_MODEL_VALIDATION,AUXILIARY_ONLY
RV-V03-002220,MSV1-3D00AE472DBBFBE7,IS 1434:2026,Counter Weighing Machines — Specification (First Revision),ta,NOT_TRANSLATED,NEEDS_HUMAN_OR_MODEL_VALIDATION,AUXILIARY_ONLY
RV-V03-002221,MSV1-3264D715FD106874,IS 3980:2026,Sintered Bearings — Specification (Second Revision),ta,NOT_TRANSLATED,NEEDS_HUMAN_OR_MODEL_VALIDATION,AUXILIARY_ONLY
RV-V03-002222,MSV1-2B42E054E494D15E,IS 3047:2026,Accuracy Requirements for Volumetric Container Filling Machines Used in Petroleum Trade ( First Revision ),ta,NOT_TRANSLATED,NEEDS_HUMAN_OR_MODEL_VALIDATION,AUXILIARY_ONLY
RV-V03-002223,MSV1-DC43203CB7DB7F84,IS/ISO 6621 (Part 5):2020,INTERNAL COMBUSTION ENGINES PISTON RINGS PART 5: QUALITY REQUIREMENTS,ta,NOT_TRANSLATED,NEEDS_HUMAN_OR_MODEL_VALIDATION,AUXILIARY_ONLY
RV-V03-002224,MSV1-16687A16A75E4629,IS 19596:2026,Textiles — Filled Jacket — Specification,ta,NOT_TRANSLATED,NEEDS_HUMAN_OR_MODEL_VALIDATION,AUXILIARY_ONLY
RV-V03-002225,MSV1-0C7B61F1170E1066,IS 19712:2026,Textiles - Determination of dimensional change of fabrics - Accelerated machine method,ta,NOT_TRANSLATED,NEEDS_HUMAN_OR_MODEL_VALIDATION,AUXILIARY_ONLY
RV-V03-002226,MSV1-D7C024A5B804E116,IS 19602:2026,Textiles — Peak Cap — Specification,ta,NOT_TRANSLATED,NEEDS_HUMAN_OR_MODEL_VALIDATION,AUXILIARY_ONLY
RV-V03-002227,MSV1-2724854C609CB5AB,IS 19695:2026,Petroleum and Liquid Petroleum Products — Calibration of Spherical Tanks — External Electro-Optical Distance-Ranging Method,ta,NOT_TRANSLATED,NEEDS_HUMAN_OR_MODEL_VALIDATION,AUXILIARY_ONLY
RV-V03-002228,MSV1-2DB7D8B6C172CDDE,IS 18305 (Part 3):2026,Performance Evaluation Protocol for Digital Fitting Systems Part 3: Digital Fitting Performance - Gap,ta,NOT_TRANSLATED,NEEDS_HUMAN_OR_MODEL_VALIDATION,AUXILIARY_ONLY
RV-V03-002229,MSV1-ECE5618620B723B0,IS/ISO 8559 (Part 4):2023,Size Designation of Clothes Part 4: Determination of the Coverage Ratios of Body Measurement Tables,ta,NOT_TRANSLATED,NEEDS_HUMAN_OR_MODEL_VALIDATION,AUXILIARY_ONLY
RV-V03-002230,MSV1-B28837895300CE6F,IS/ISO 8559 (Part 5):2023,Size Designation of Clothes Part 5 Anthropometric Measurements for the Head and Face,ta,NOT_TRANSLATED,NEEDS_HUMAN_OR_MODEL_VALIDATION,AUXILIARY_ONLY
RV-V03-002231,MSV1-F116BCFA96A2ED48,IS 228 (Part 26):2026,Methods for chemical analysis of steels: Part 26 Determination of nickel content — Flame atomic absorption spectrometric method,ta,NOT_TRANSLATED,NEEDS_HUMAN_OR_MODEL_VALIDATION,AUXILIARY_ONLY
RV-V03-002232,MSV1-BDC461C90AC603A5,IS 228 (Part 27):2026,Methods for Chemical Analysis of Steels Part 27 Determination of Silicon Content — Inductively Coupled Plasma Atomic Emission Spectrometric Method,ta,NOT_TRANSLATED,NEEDS_HUMAN_OR_MODEL_VALIDATION,AUXILIARY_ONLY
RV-V03-002233,MSV1-05AADE0A5E6956B5,IS 13063:2026,Design and Construction of Shallow Foundations on Rocks — Guidelines (First Revision),ta,NOT_TRANSLATED,NEEDS_HUMAN_OR_MODEL_VALIDATION,AUXILIARY_ONLY
RV-V03-002234,MSV1-1D4296C466BFDA57,IS 12608:2026,Determination of Rebound Hardness of Rock - Method of Test (First Revision),ta,NOT_TRANSLATED,NEEDS_HUMAN_OR_MODEL_VALIDATION,AUXILIARY_ONLY
RV-V03-002235,MSV1-B42C7BD02527C483,IS 5421:2026,Glossary of Terms Relating to Test Sieves and Test Sieving (Third Revision of IS 5421),ta,NOT_TRANSLATED,NEEDS_HUMAN_OR_MODEL_VALIDATION,AUXILIARY_ONLY
RV-V03-002236,MSV1-75088FC4E69D29EC,IS 2265:2026,Specification for galvanized steel wire strand for signaling purposes (First Revision),ta,NOT_TRANSLATED,NEEDS_HUMAN_OR_MODEL_VALIDATION,AUXILIARY_ONLY
RV-V03-002237,MSV1-EF822A1F33F7F77E,IS 19655 (Part 2):2026,Handmade Paper Board for File Covers and Folders — Specification (,ta,NOT_TRANSLATED,NEEDS_HUMAN_OR_MODEL_VALIDATION,AUXILIARY_ONLY
RV-V03-002238,MSV1-47A8401C55AA9597,IS 19511:2026,Ushba Smilax aristolociaefolia Mill dried root for use in Traditional Medicine Specification,ta,NOT_TRANSLATED,NEEDS_HUMAN_OR_MODEL_VALIDATION,AUXILIARY_ONLY
RV-V03-002239,MSV1-35B849799F578CEE,IS 19517 (Part 3):2026,"Eye and Face Protection — Sunglasses and Related Eyewear Part 3 Sunglasses for Running, Cycling and Similar Active Lifestyles",ta,NOT_TRANSLATED,NEEDS_HUMAN_OR_MODEL_VALIDATION,AUXILIARY_ONLY
RV-V03-002240,MSV1-DC40FD0C82DDCBF6,IS 19531:2026,Paper and board Determination of bending stiffness Resonance method,ta,NOT_TRANSLATED,NEEDS_HUMAN_OR_MODEL_VALIDATION,AUXILIARY_ONLY
RV-V03-002241,MSV1-907012C280BB7AF0,IS 19527 (Part 2):2026,Paper and board Determination of grease resistance Part 2: Surface repellency test,ta,NOT_TRANSLATED,NEEDS_HUMAN_OR_MODEL_VALIDATION,AUXILIARY_ONLY
RV-V03-002242,MSV1-DA188ABC8949A4BF,IS 19644:2026,Water Quality — Guidance and requirements for designing an interlaboratory trial for validation of analytical methods,ta,NOT_TRANSLATED,NEEDS_HUMAN_OR_MODEL_VALIDATION,AUXILIARY_ONLY
RV-V03-002243,MSV1-8A9FEB2880ED95FF,IS 6542:2026,HYGIENIC CONDITIONS FOR FRUIT AND VEGETABLE CANNING UNITS CODE OF PRACTICE,ta,NOT_TRANSLATED,NEEDS_HUMAN_OR_MODEL_VALIDATION,AUXILIARY_ONLY
RV-V03-002244,MSV1-4EA9B3FF5B3C0A03,IS 19611 (Part 5):2026,Elastomeric Parts for Parenterals and for Devices for Pharmaceutical Use Part 5 Functional Requirements and Testing,ta,NOT_TRANSLATED,NEEDS_HUMAN_OR_MODEL_VALIDATION,AUXILIARY_ONLY
RV-V03-002245,MSV1-228A026E660C7BE1,IS 19612:2026,Aluminium Caps and Aluminium/Plastic Caps for Infusion Bottles and Injection Vials — General Requirements and Test Methods,ta,NOT_TRANSLATED,NEEDS_HUMAN_OR_MODEL_VALIDATION,AUXILIARY_ONLY
RV-V03-002246,MSV1-0B9D139B4F15A83F,IS 19329 (Part 6):2026,Prefilled Syringes Part 6 Plastic Barrels for Injectables and Sterilized Subassembled Syringes Ready for Filling,ta,NOT_TRANSLATED,NEEDS_HUMAN_OR_MODEL_VALIDATION,AUXILIARY_ONLY
RV-V03-002247,MSV1-DBDF296A13C7FB2F,IS 19282 (Part 3):2026,Needle-Based Injection Systems for Medical Use — Requirements and Test Methods Part 3 Containers and Integrated Fluid Paths,ta,NOT_TRANSLATED,NEEDS_HUMAN_OR_MODEL_VALIDATION,AUXILIARY_ONLY
RV-V03-002248,MSV1-00879A6C36BB5B38,IS 19282 (Part 7):2026,Needle-Based Injection Systems for Medical Use — Requirements and Test Methods Part 7 Accessibility for Persons with Visual Impairment,ta,NOT_TRANSLATED,NEEDS_HUMAN_OR_MODEL_VALIDATION,AUXILIARY_ONLY
RV-V03-002249,MSV1-370D89561A9E15F8,IS 19690:2026,VIDEO AND DIGITAL GAMES – AGE-RATING AND CONTENT DESCRIPTOR LABELS – SPECIFICATIONS,ta,NOT_TRANSLATED,NEEDS_HUMAN_OR_MODEL_VALIDATION,AUXILIARY_ONLY
RV-V03-002250,MSV1-3593FA73A9F41FE8,IS 8181:2026,"Specification for repositor, Iris",ta,NOT_TRANSLATED,NEEDS_HUMAN_OR_MODEL_VALIDATION,AUXILIARY_ONLY
RV-V03-002251,MSV1-557CF03939E38739,IS 9378:2026,"Specification For Speculum, Eye, Castroviejo's Pattern (First Revision)",ta,NOT_TRANSLATED,NEEDS_HUMAN_OR_MODEL_VALIDATION,AUXILIARY_ONLY
RV-V03-002252,MSV1-4BC5CAC1ECDBDBDD,IS 8772:2026,"Specification For Needle Holder, Eye, Barraquer's Pattern(First Revision)",ta,NOT_TRANSLATED,NEEDS_HUMAN_OR_MODEL_VALIDATION,AUXILIARY_ONLY
RV-V03-002253,MSV1-C031EF0F03F00C0E,IS 19724 (Part 2):2026,Document Management Information Classification Marking and Handling Part 2: Functional and Technical Requirements for ICMH Solutions,ta,NOT_TRANSLATED,NEEDS_HUMAN_OR_MODEL_VALIDATION,AUXILIARY_ONLY
RV-V03-002254,MSV1-1EA83310E75202A6,IS 19714:2026,Information and Documentation - Paper for Documents - Requirements for Permanence,ta,NOT_TRANSLATED,NEEDS_HUMAN_OR_MODEL_VALIDATION,AUXILIARY_ONLY
RV-V03-002255,MSV1-57B2BD9021D06C76,IS 19716:2026,Information and Documentation - Archival Paper - Requirements for Permanence and Durability,ta,NOT_TRANSLATED,NEEDS_HUMAN_OR_MODEL_VALIDATION,AUXILIARY_ONLY
RV-V03-002256,MSV1-891D65C9051EB3F7,IS 19715:2026,Impact Assessment for Museums,ta,NOT_TRANSLATED,NEEDS_HUMAN_OR_MODEL_VALIDATION,AUXILIARY_ONLY
RV-V03-002257,MSV1-0B2AF497ABF621B9,IS 19677:2026,Security and Resilience — Guidelines for Complexity Assessment Process,ta,NOT_TRANSLATED,NEEDS_HUMAN_OR_MODEL_VALIDATION,AUXILIARY_ONLY
RV-V03-002258,MSV1-5ED84A370DF5A5AB,IS 19676:2026,"Security and Resilience – Authenticity, Integrity and Trust for Products and Documents — Guidelines for Interoperable Object Identification and Related Authentication Systems to Deter Counterfeiting and Illicit Trade",ta,NOT_TRANSLATED,NEEDS_HUMAN_OR_MODEL_VALIDATION,AUXILIARY_ONLY
RV-V03-002259,MSV1-D05E438A88E98B42,IS 19680:2026,"Security and Resilience – Authenticity, Integrity and Trust for Products and Documents — General Principles for Product Fraud Risk and Countermeasures",ta,NOT_TRANSLATED,NEEDS_HUMAN_OR_MODEL_VALIDATION,AUXILIARY_ONLY
RV-V03-002260,MSV1-157CFA4209394CE1,IS 19679:2026,"Security and Resilience – Authenticity, Integrity and Trust for Products and Documents — Guidelines for the Content, Security, Issuance and Examination of Excise Tax Stamps",ta,NOT_TRANSLATED,NEEDS_HUMAN_OR_MODEL_VALIDATION,AUXILIARY_ONLY
RV-V03-002261,MSV1-9851455CFBE2F20C,IS 19678:2026,"Security and Resilience – Authenticity, Integrity and Trust for Products and Documents — Validation Procedures for the Application of Artefact Metrics",ta,NOT_TRANSLATED,NEEDS_HUMAN_OR_MODEL_VALIDATION,AUXILIARY_ONLY
RV-V03-002262,MSV1-333F613675EECF89,IS 19717:2026,Document management applications Specification for a digital safe,ta,NOT_TRANSLATED,NEEDS_HUMAN_OR_MODEL_VALIDATION,AUXILIARY_ONLY
RV-V03-002263,MSV1-FD5033790355B36B,IS 19724 (Part 1):2026,"Document management — Information classification, marking and handling Part 1: Requirements",ta,NOT_TRANSLATED,NEEDS_HUMAN_OR_MODEL_VALIDATION,AUXILIARY_ONLY
RV-V03-002264,MSV1-64BA63545CC87060,IS 19721:2026,Application of blockchain-based traceability platform for cold chain food,ta,NOT_TRANSLATED,NEEDS_HUMAN_OR_MODEL_VALIDATION,AUXILIARY_ONLY
RV-V03-002265,MSV1-DE2C123DD5D32B92,IS 19718:2026,Information and documentation — Principles of identification,ta,NOT_TRANSLATED,NEEDS_HUMAN_OR_MODEL_VALIDATION,AUXILIARY_ONLY
RV-V03-002266,MSV1-6A6CC5DB5E9EAB3C,IS 19722:2026,Information and documentation — Papers and boards used for conservation — Measurement of impact of volatiles on cellulose in paper,ta,NOT_TRANSLATED,NEEDS_HUMAN_OR_MODEL_VALIDATION,AUXILIARY_ONLY
RV-V03-002267,MSV1-3777A7E9153EE0C5,IS 19719:2026,"Trusted mobile e-document framework — Requirements, functionality and criteria for ensuring reliable and safe mobile e-business",ta,NOT_TRANSLATED,NEEDS_HUMAN_OR_MODEL_VALIDATION,AUXILIARY_ONLY
RV-V03-002268,MSV1-D0D69762DA57EED4,IS 16194:2026,Information and documentation - International standard music number (ISMN) (First Revision),ta,NOT_TRANSLATED,NEEDS_HUMAN_OR_MODEL_VALIDATION,AUXILIARY_ONLY
RV-V03-002269,MSV1-E8E8A23BAE6E4AB6,IS 16789:2026,Information and documentation - Digital records conversion and migration process,ta,NOT_TRANSLATED,NEEDS_HUMAN_OR_MODEL_VALIDATION,AUXILIARY_ONLY
RV-V03-002270,MSV1-3805B12DAD7CDDD1,IS/ISO 14533 (Part 3):2025,Processes data elements and documents in commerce industry and administration- Long term signature profiles- Part 3: Long term signature profiles for PDF Advanced Electronic Signatures PAdES,ta,NOT_TRANSLATED,NEEDS_HUMAN_OR_MODEL_VALIDATION,AUXILIARY_ONLY
RV-V03-002271,MSV1-DF0816327EA1CB88,IS 18474 (Part 4):2026,"Transfusion Equipment for Medical Use Part 4 Transfusion Sets for Single Use, Gravity Feed",ta,NOT_TRANSLATED,NEEDS_HUMAN_OR_MODEL_VALIDATION,AUXILIARY_ONLY
RV-V03-002272,MSV1-8EE51FC53C52309D,IS 18294 (Part 1):2026,"Sterilization of Health Care Products — Radiation Part 1 Requirements for the Development, Validation and Routine Control of a Sterilization Process for Medical Devices",ta,NOT_TRANSLATED,NEEDS_HUMAN_OR_MODEL_VALIDATION,AUXILIARY_ONLY
RV-V03-002273,MSV1-219DADD8A923DC12,IS 18344 (Part 1):2026,"Washer-Disinfectors Part 1 General Requirements, Terms and Definitions and Tests",ta,NOT_TRANSLATED,NEEDS_HUMAN_OR_MODEL_VALIDATION,AUXILIARY_ONLY
RV-V03-002274,MSV1-A7757FC2454AC6A0,IS 18344 (Part 2):2026,Washer-Disinfectors Part 2 Requirements and Tests for Washer-Disinfectors Employing Thermal Disinfection for Critical and Semi-Critical Medical Devices,ta,NOT_TRANSLATED,NEEDS_HUMAN_OR_MODEL_VALIDATION,AUXILIARY_ONLY
RV-V03-002275,MSV1-E372E13027F75AA4,IS 18344 (Part 3):2026,Washer-Disinfectors Part 3 Requirements and Tests for Washer-Disinfectors Employing Thermal Disinfection for Human Waste Containers,ta,NOT_TRANSLATED,NEEDS_HUMAN_OR_MODEL_VALIDATION,AUXILIARY_ONLY
RV-V03-002276,MSV1-15DF588CF9E4C2C7,IS 1984 (Part 7):2026,Injection Containers and Accessories Part 7 Injection Caps Made of Aluminium-Plastics Combinations Without Overlapping Plastics Part,ta,NOT_TRANSLATED,NEEDS_HUMAN_OR_MODEL_VALIDATION,AUXILIARY_ONLY
RV-V03-002277,MSV1-F37186164001ABC6,IS 19611 (Part 1):2026,Elastomeric Parts for Parenterals and for Devices for Pharmaceutical Use Part 1 Extractables in Aqueous Autoclavates,ta,NOT_TRANSLATED,NEEDS_HUMAN_OR_MODEL_VALIDATION,AUXILIARY_ONLY
RV-V03-002278,MSV1-128F5A60C6D1FEC7,IS 19611 (Part 3):2026,Elastomeric Parts for Parenterals and for Devices for Pharmaceutical Use Part 3 Determination of Released-Particle Count,ta,NOT_TRANSLATED,NEEDS_HUMAN_OR_MODEL_VALIDATION,AUXILIARY_ONLY
RV-V03-002279,MSV1-F14B4D47546A711C,IS 19611 (Part 4):2026,Elastomeric Parts for Parenterals and for Devices for Pharmaceutical Use Part 4 Biological Requirements and Test Methods,ta,NOT_TRANSLATED,NEEDS_HUMAN_OR_MODEL_VALIDATION,AUXILIARY_ONLY
RV-V03-002280,MSV1-76E29E99D1B833ED,IS 19329 (Part 7):2026,Prefilled Syringes Part 7 Packaging Systems for Sterilized Subassembled Syringes Ready for Filling,ta,NOT_TRANSLATED,NEEDS_HUMAN_OR_MODEL_VALIDATION,AUXILIARY_ONLY
RV-V03-002281,MSV1-037ECE5F843B2116,IS 19329 (Part 8):2026,Prefilled Syringes Part 8 Requirements and Test Methods for Finished Prefilled Syringes,ta,NOT_TRANSLATED,NEEDS_HUMAN_OR_MODEL_VALIDATION,AUXILIARY_ONLY
RV-V03-002282,MSV1-913A992DEAA6550B,IS 19282 (Part 4):2026,Needle-Based Injection Systems for Medical Use — Requirements and Test Methods Part 4 Needle-Based Injection Systems Containing Electronics,ta,NOT_TRANSLATED,NEEDS_HUMAN_OR_MODEL_VALIDATION,AUXILIARY_ONLY
RV-V03-002283,MSV1-1C2E401FA22707C5,IS 18474 (Part 5):2026,Transfusion Equipment for Medical Use Part 5 Transfusion Sets for Single Use with Pressure Infusion Apparatus (First Revision),ta,NOT_TRANSLATED,NEEDS_HUMAN_OR_MODEL_VALIDATION,AUXILIARY_ONLY
RV-V03-002284,MSV1-B411C3F781F20C34,IS 18879 (Part 6):2026,Infusion Equipment for Medical Use Part 6 Freeze Drying Closures for Infusion Bottles (First Revision),ta,NOT_TRANSLATED,NEEDS_HUMAN_OR_MODEL_VALIDATION,AUXILIARY_ONLY
RV-V03-002285,MSV1-D842226166CD0C93,IS 18879 (Part 13):2026,Infusion Equipment for Medical Use Part 13 Graduated Flow Regulators for Single Use with Fluid Contact (First Revision),ta,NOT_TRANSLATED,NEEDS_HUMAN_OR_MODEL_VALIDATION,AUXILIARY_ONLY
RV-V03-002286,MSV1-4EF9BC47D74FDE78,IS 19594:2026,Textiles — Woven Trouser — Specification,ta,NOT_TRANSLATED,NEEDS_HUMAN_OR_MODEL_VALIDATION,AUXILIARY_ONLY
RV-V03-002287,MSV1-2E7D4E362401712E,IS 19656:2026,TEXTILES — GREIGE AND DIPPED POLYESTER TYRE CORD FABRIC FOR AUTOMOTIVE TYRES — SPECIFICATION,ta,NOT_TRANSLATED,NEEDS_HUMAN_OR_MODEL_VALIDATION,AUXILIARY_ONLY
RV-V03-002288,MSV1-51B0ACACFA8402E8,IS 19593:2026,Textiles — Woven Shirt — Specification,ta,NOT_TRANSLATED,NEEDS_HUMAN_OR_MODEL_VALIDATION,AUXILIARY_ONLY
RV-V03-002289,MSV1-62D9774C382F649C,IS 19725:2026,Assembly Tools for Screws and Nuts Single-Head Engineers Wrenches for Lower Torque Applications Maximum Outside Dimensions of Heads and Test Torques,ta,NOT_TRANSLATED,NEEDS_HUMAN_OR_MODEL_VALIDATION,AUXILIARY_ONLY
RV-V03-002290,MSV1-66E9ED0BBC1B3010,IS 19662:2026,Textiles — Field Service Cap — Specification,ta,NOT_TRANSLATED,NEEDS_HUMAN_OR_MODEL_VALIDATION,AUXILIARY_ONLY
RV-V03-002291,MSV1-49954C68A703A6FC,IS 19713:2026,Plain bearings — Handling of plain bearings,ta,NOT_TRANSLATED,NEEDS_HUMAN_OR_MODEL_VALIDATION,AUXILIARY_ONLY
RV-V03-002292,MSV1-4BCAE7052A937499,IS 19709:2026,Plain bearings — Sintered bushes — Dimensions and tolerances,ta,NOT_TRANSLATED,NEEDS_HUMAN_OR_MODEL_VALIDATION,AUXILIARY_ONLY
RV-V03-002293,MSV1-5D5149950F6E6A83,IS 7163:2026,Potassium Iodide Pure and Analytical Reagent - Specification (Second Revision),ta,NOT_TRANSLATED,NEEDS_HUMAN_OR_MODEL_VALIDATION,AUXILIARY_ONLY
RV-V03-002294,MSV1-9F1F37CA52D0C385,IS 5191:2026,"Sodium alginate, food grade - Specification (second revision)",ta,NOT_TRANSLATED,NEEDS_HUMAN_OR_MODEL_VALIDATION,AUXILIARY_ONLY
RV-V03-002295,MSV1-809769A3FE04DEDB,IS 2557:2026,Annatto colour for food products - Specification (second revision),ta,NOT_TRANSLATED,NEEDS_HUMAN_OR_MODEL_VALIDATION,AUXILIARY_ONLY
RV-V03-002296,MSV1-FFA4EB4836728A28,IS 8153:2026,SENSORY EVALUATION OF FRESH AND FRESH-CUT FRUITS METHOD OF TEST,ta,NOT_TRANSLATED,NEEDS_HUMAN_OR_MODEL_VALIDATION,AUXILIARY_ONLY
RV-V03-002297,MSV1-FBFA5C9B4B039352,IS 868:2026,SEALING WAX SPECIFICATION,ta,NOT_TRANSLATED,NEEDS_HUMAN_OR_MODEL_VALIDATION,AUXILIARY_ONLY
RV-V03-002298,MSV1-9BD440287327CDC3,IS 8497:2026,Paraquat dichloride water soluble concentrate - Specification (second revision),ta,NOT_TRANSLATED,NEEDS_HUMAN_OR_MODEL_VALIDATION,AUXILIARY_ONLY
RV-V03-002299,MSV1-33CAFE08B4044246,IS 9358:2026,Triallate emulsifiable concentrate EC - Specification first revision,ta,NOT_TRANSLATED,NEEDS_HUMAN_OR_MODEL_VALIDATION,AUXILIARY_ONLY
RV-V03-002300,MSV1-CA905C620C001EFF,IS 13454:2026,Pirimiphos-methyl wettable powder WP Specification first revision,ta,NOT_TRANSLATED,NEEDS_HUMAN_OR_MODEL_VALIDATION,AUXILIARY_ONLY
RV-V03-002301,MSV1-7CCFE09B7D7E20D6,IS 13456:2026,Pirimiphos methyl space spray - Specification (first revision),ta,NOT_TRANSLATED,NEEDS_HUMAN_OR_MODEL_VALIDATION,AUXILIARY_ONLY
RV-V03-002302,MSV1-98D73D9C478FC14E,IS 13328:2026,"Triadimefon, technical - Specification (first revision)",ta,NOT_TRANSLATED,NEEDS_HUMAN_OR_MODEL_VALIDATION,AUXILIARY_ONLY
RV-V03-002303,MSV1-E28AF495F52B9B5A,IS 13785:2026,Dodine wettable powder (WP) - Specification (first revision),ta,NOT_TRANSLATED,NEEDS_HUMAN_OR_MODEL_VALIDATION,AUXILIARY_ONLY
RV-V03-002304,MSV1-F8F0D3D381F222EB,IS 14549:2026,"Hexaconazole, technical - Specification (first revision)",ta,NOT_TRANSLATED,NEEDS_HUMAN_OR_MODEL_VALIDATION,AUXILIARY_ONLY
RV-V03-002305,MSV1-2C25D1AD9355736A,IS 3387:2026,Manual Toothbrush — Specification (Third Revision),ta,NOT_TRANSLATED,NEEDS_HUMAN_OR_MODEL_VALIDATION,AUXILIARY_ONLY
RV-V03-002306,MSV1-730B581DA2F8015B,IS 7415:2026,Aniline — Code of Safety (First Revision),ta,NOT_TRANSLATED,NEEDS_HUMAN_OR_MODEL_VALIDATION,AUXILIARY_ONLY
RV-V03-002307,MSV1-4F216B753C024E55,IS 1312:2026,Methyl bromide - Specification (third revision),ta,NOT_TRANSLATED,NEEDS_HUMAN_OR_MODEL_VALIDATION,AUXILIARY_ONLY
RV-V03-002308,MSV1-7910FC09467F82BD,IS 19562:2026,Maize or Corn Silage as Livestock Fodder — Specification,ta,NOT_TRANSLATED,NEEDS_HUMAN_OR_MODEL_VALIDATION,AUXILIARY_ONLY
RV-V03-002309,MSV1-3A31590A28F64ED1,IS 19575:2026,"Efficiency Assessment of Anion Exchange Membrane, Proton Exchange Membrane and Alkaline Water Electrolysers",ta,NOT_TRANSLATED,NEEDS_HUMAN_OR_MODEL_VALIDATION,AUXILIARY_ONLY
RV-V03-002310,MSV1-EA336E2227255149,IS 19522:2026,Safety Harness for Child to be Carried on Two Wheelers Specifications,ta,NOT_TRANSLATED,NEEDS_HUMAN_OR_MODEL_VALIDATION,AUXILIARY_ONLY
RV-V03-002311,MSV1-54BADE09309286FF,IS 19561:2026,Sodium Cyanide — Code of Safety,ta,NOT_TRANSLATED,NEEDS_HUMAN_OR_MODEL_VALIDATION,AUXILIARY_ONLY
RV-V03-002312,MSV1-B38408FF54461A0F,IS 14700 (Part 1/Sec 1):2026,Electromagnetic Compatibility EMC Part 1: General Section 1: Application and Interpretation of Fundamental Definitions and Terms First Revision,ta,NOT_TRANSLATED,NEEDS_HUMAN_OR_MODEL_VALIDATION,AUXILIARY_ONLY
RV-V03-002313,MSV1-792A091DEA2CEC79,IS 14700 (Part 4/Sec 6):2026,Electromagnetic Compatibility EMC Part 4: Testing and Measurement Techniques Section 6: Immunity to Conducted Disturbances Induced by Radio-Frequency Fields First Revision,ta,NOT_TRANSLATED,NEEDS_HUMAN_OR_MODEL_VALIDATION,AUXILIARY_ONLY
RV-V03-002314,MSV1-DE3C320AE33C5413,IS 4569 (Part 4):2026,"Specification For Scissors, Eye Part 4 Scissors,Enucleation (Second Revision)",ta,NOT_TRANSLATED,NEEDS_HUMAN_OR_MODEL_VALIDATION,AUXILIARY_ONLY
RV-V03-002315,MSV1-D05552B7EA0BA204,IS 4569 (Part 6):2026,"Specification For Scissors, Eye Part 6 Scissors, Iris (Second Revision)",ta,NOT_TRANSLATED,NEEDS_HUMAN_OR_MODEL_VALIDATION,AUXILIARY_ONLY
RV-V03-002316,MSV1-F6AD0E59C4CBEF5D,IS 14700 (Part 5/Sec 1):2026,Electromagnetic Compatibility EMC Part 5: Installation and Mitigation Guidelines Section 1: General Considerations,ta,NOT_TRANSLATED,NEEDS_HUMAN_OR_MODEL_VALIDATION,AUXILIARY_ONLY
RV-V03-002317,MSV1-BCB277EF8E4090E4,IS 15040:2026,Vehicles Boats and Internal Combustion Engines - Radio Disturbance Characteristics Limits and Methods of Measurement for the Protection of On-Board Receivers,ta,NOT_TRANSLATED,NEEDS_HUMAN_OR_MODEL_VALIDATION,AUXILIARY_ONLY
RV-V03-002318,MSV1-8B2B937ACB9EE9BA,IS/IEc 62232:2022,Determination of RF field strength power density and SAR in the vicinity of base stations for the purpose of evaluating human exposure,ta,NOT_TRANSLATED,NEEDS_HUMAN_OR_MODEL_VALIDATION,AUXILIARY_ONLY
RV-V03-002319,MSV1-31B96513885EC906,IS/IEc IEEE 63195 (Part 2):2022,Assessment of Power Density of Human Exposure to Radio Frequency Fields from Wireless Devices in Close Proximity to the Head and Body Frequency Range of 6 Ghz to 300 Ghz Part 2 Computational Procedure,ta,NOT_TRANSLATED,NEEDS_HUMAN_OR_MODEL_VALIDATION,AUXILIARY_ONLY
RV-V03-002320,MSV1-EC72C2AFE9F3AFA8,IS 19691:2026,Lighting systems Characteristics for selected outdoor applications,ta,NOT_TRANSLATED,NEEDS_HUMAN_OR_MODEL_VALIDATION,AUXILIARY_ONLY
RV-V03-002321,MSV1-2CACC330A2421022,IS 19490 (Part 2):2026,Implants for Surgery Metal Intramedullary Nailing Systems Part 2 Locking Components,ta,NOT_TRANSLATED,NEEDS_HUMAN_OR_MODEL_VALIDATION,AUXILIARY_ONLY
RV-V03-002322,MSV1-BB870C936BC2F403,IS 9471 (Part 2):2026,Specification for Modular Lower Limb Orthotic Components Part 2 Stirrups Split First Revision,ta,NOT_TRANSLATED,NEEDS_HUMAN_OR_MODEL_VALIDATION,AUXILIARY_ONLY
RV-V03-002323,MSV1-0AD3F17C5AFB1B07,IS 6584:2026,Single-ended Hegars Pattern Uterine Dilators Specification First Revision of IS 6584,ta,NOT_TRANSLATED,NEEDS_HUMAN_OR_MODEL_VALIDATION,AUXILIARY_ONLY
RV-V03-002324,MSV1-06748A884B356198,IS/IEC 61124:2023,Reliability Testing Compliance Tests for Constant Failure Rate and Constant Failure Intensity First Revision,ta,NOT_TRANSLATED,NEEDS_HUMAN_OR_MODEL_VALIDATION,AUXILIARY_ONLY
RV-V03-002325,MSV1-B9FD19D114F8973B,IS/IEC 62506:2023,Methods for Product Accelerated Testing First Revision,ta,NOT_TRANSLATED,NEEDS_HUMAN_OR_MODEL_VALIDATION,AUXILIARY_ONLY
RV-V03-002326,MSV1-0ED101370E8EABC3,IS 19330:2026,Formaldehyde Dosimeter - Specification,ta,NOT_TRANSLATED,NEEDS_HUMAN_OR_MODEL_VALIDATION,AUXILIARY_ONLY
RV-V03-002327,MSV1-8B7CC053B46BA0D3,IS/ISO 22739:2026,Blockchain and Distributed Ledger Technologies — Vocabulary (First Revision),ta,NOT_TRANSLATED,NEEDS_HUMAN_OR_MODEL_VALIDATION,AUXILIARY_ONLY
RV-V03-002328,MSV1-D0D75732BE28829A,IS/ISO 23644:2023,Blockchain and Distributed Ledger Technologies (DLTs) - Overview of Trust Anchors for DLT-Based Identity Management,ta,NOT_TRANSLATED,NEEDS_HUMAN_OR_MODEL_VALIDATION,AUXILIARY_ONLY
RV-V03-002329,MSV1-82A836660DAD7670,IS 19496:2026,Dentistry Refractory Investment and Die Material,ta,NOT_TRANSLATED,NEEDS_HUMAN_OR_MODEL_VALIDATION,AUXILIARY_ONLY
RV-V03-002330,MSV1-6D579B8A3310AFEA,IS 19610:2026,TRANSPORTATION OF CLOSED BODY VEHICLES GUIDELINES,ta,NOT_TRANSLATED,NEEDS_HUMAN_OR_MODEL_VALIDATION,AUXILIARY_ONLY
RV-V03-002331,MSV1-B9BBE7BB2A3E0C63,IS 19674:2026,Financial services — Third-party payment service providers,ta,NOT_TRANSLATED,NEEDS_HUMAN_OR_MODEL_VALIDATION,AUXILIARY_ONLY
RV-V03-002332,MSV1-9679D363E02CF6A6,IS 19673:2026,Financial services — Security information for PKI in blockchain and DLT implementations,ta,NOT_TRANSLATED,NEEDS_HUMAN_OR_MODEL_VALIDATION,AUXILIARY_ONLY
RV-V03-002333,MSV1-0446CF8193E78AA9,IS 19696:2026,Requirements and Recommendations for Food Traceability in Cold Chain Logistics,ta,NOT_TRANSLATED,NEEDS_HUMAN_OR_MODEL_VALIDATION,AUXILIARY_ONLY
RV-V03-002334,MSV1-970C54840FF67FFE,IS 15474 (Part 1):2026,Dependability Management Part 1: Managing Dependability First Revision,ta,NOT_TRANSLATED,NEEDS_HUMAN_OR_MODEL_VALIDATION,AUXILIARY_ONLY
RV-V03-002335,MSV1-855BF0099DADB6CF,IS 15474 (Part 3/Sec 14):2026,Dependability Management Part 3: Application Guide Section 14: Supportability and Support (First Revision),ta,NOT_TRANSLATED,NEEDS_HUMAN_OR_MODEL_VALIDATION,AUXILIARY_ONLY
RV-V03-002336,MSV1-BB9158F772D49F6B,IS/ISO/IEC 24759:2025,Information security cybersecurity and privacy protection Test requirements for cryptographic modules First Revision,ta,NOT_TRANSLATED,NEEDS_HUMAN_OR_MODEL_VALIDATION,AUXILIARY_ONLY
RV-V03-002337,MSV1-0F899B321E5C4A47,IS/ISO/IEC 18004:2024,Information Technology Automatic Identification and Data Capture Techniques QR Code Bar Code Symbology Specification First Revision,ta,NOT_TRANSLATED,NEEDS_HUMAN_OR_MODEL_VALIDATION,AUXILIARY_ONLY
RV-V03-002338,MSV1-204D353D260327B6,IS 14202 (Part 8):2026,Identification Cards Integrated Circuit Cards Part 8 Commands and Mechanisms for Security Operations Second Revision,ta,NOT_TRANSLATED,NEEDS_HUMAN_OR_MODEL_VALIDATION,AUXILIARY_ONLY
RV-V03-002339,MSV1-AF96055E5DC65BA9,IS 14202 (Part 11):2026,Identification Cards Integrated Circuit Cards Part 11 Personal Verification through Biometric Methods Second Revision,ta,NOT_TRANSLATED,NEEDS_HUMAN_OR_MODEL_VALIDATION,AUXILIARY_ONLY
RV-V03-002340,MSV1-B4BB6533B4F5AE87,IS/IEC/IEE 63195 (Part 1):2022,Assessment of Power Density of Human Exposure to Radio Frequency Fields from Wireless Devices in Close Proximity to the Head and Body Frequency Range of 6 Ghz to 300 Ghz Part 1: Measurement Procedure,ta,NOT_TRANSLATED,NEEDS_HUMAN_OR_MODEL_VALIDATION,AUXILIARY_ONLY
RV-V03-002341,MSV1-CDE6DBBEC5070444,IS/ISO/IECTR 10822 (Part 1):2025,Cloud computing — Multi-Cloud management Part 1: Overview and use cases,ta,NOT_TRANSLATED,NEEDS_HUMAN_OR_MODEL_VALIDATION,AUXILIARY_ONLY
RV-V03-002342,MSV1-EBE24F4E4FFE324F,IS/ISO/IEC 22237 (Part 2):2024,Information technology — Data centre facilities and infrastructures Part 2: Building construction,ta,NOT_TRANSLATED,NEEDS_HUMAN_OR_MODEL_VALIDATION,AUXILIARY_ONLY
RV-V03-002343,MSV1-1F11C0AD0EADA59A,IS/ISO/IEC 22237 (Part 6):2024,Information technology — Data centre facilities and infrastructuresPart 6: Security systems,ta,NOT_TRANSLATED,NEEDS_HUMAN_OR_MODEL_VALIDATION,AUXILIARY_ONLY
RV-V03-002344,MSV1-43A85FA152E6C1F9,IS 14231 (Part 10):2026,Cable Distribution System for Television and Sound Signals Part 10: Optical Equipment Consumption First Revision,ta,NOT_TRANSLATED,NEEDS_HUMAN_OR_MODEL_VALIDATION,AUXILIARY_ONLY
RV-V03-002345,MSV1-E194740E6309322D,IS/IEC 62623:2022,Desktop and Notebook Computers Measurement of Energy Consumption First Revision,ta,NOT_TRANSLATED,NEEDS_HUMAN_OR_MODEL_VALIDATION,AUXILIARY_ONLY
RV-V03-002346,MSV1-E71967B80466CA7D,IS/IEC 62087 (Part 3):2023,Audio Video and Related Equipment- Determination of Power Consumption Part 3: Television Sets First Revision,ta,NOT_TRANSLATED,NEEDS_HUMAN_OR_MODEL_VALIDATION,AUXILIARY_ONLY
RV-V03-002347,MSV1-01312BDEA76B49D6,IS 19529:2026,MAINTENANCE AND REPAIR SERVICES REQUIREMENTS,ta,NOT_TRANSLATED,NEEDS_HUMAN_OR_MODEL_VALIDATION,AUXILIARY_ONLY
RV-V03-002348,MSV1-C361C8E57FDB3CDB,IS 19671:2026,Financial services Code-scanning payment security,ta,NOT_TRANSLATED,NEEDS_HUMAN_OR_MODEL_VALIDATION,AUXILIARY_ONLY
RV-V03-002349,MSV1-A04EBA9D4C6BB8CE,IS 19672:2026,Security aspects for digital currencies,ta,NOT_TRANSLATED,NEEDS_HUMAN_OR_MODEL_VALIDATION,AUXILIARY_ONLY
RV-V03-002350,MSV1-FF705639E18AFA4F,IS 19670:2026,Financial services — Biometrics — Security framework,ta,NOT_TRANSLATED,NEEDS_HUMAN_OR_MODEL_VALIDATION,AUXILIARY_ONLY
RV-V03-002351,MSV1-0A706A7218C4A6E8,IS 4387:2026,Uneven Bars used in Gymnastics -- Specifications ( First Revision ),ta,NOT_TRANSLATED,NEEDS_HUMAN_OR_MODEL_VALIDATION,AUXILIARY_ONLY
RV-V03-002352,MSV1-616705751FAA0F8E,IS 6078:2026,"Pliers and nippers — Engineers and Linemans pliers — Dimensions and test values (ISO 5746 : 2021, MOD) ( Fourth Revision )",ta,NOT_TRANSLATED,NEEDS_HUMAN_OR_MODEL_VALIDATION,AUXILIARY_ONLY
RV-V03-002353,MSV1-A55A41F1559FF105,IS 19537:2026,Hydraulic Torque Wrench — Specification,ta,NOT_TRANSLATED,NEEDS_HUMAN_OR_MODEL_VALIDATION,AUXILIARY_ONLY
RV-V03-002354,MSV1-03364F49FF315D04,IS 19708:2026,Graphical Symbols - Safety Colours and Safety Signs - Guidance for the Development and use of a Safety Signing System,ta,NOT_TRANSLATED,NEEDS_HUMAN_OR_MODEL_VALIDATION,AUXILIARY_ONLY
RV-V03-002355,MSV1-FFE942A60A38872B,IS 19705:2026,Spanners and Wrenches — Spline Drive ends for Power Socket Wrenches,ta,NOT_TRANSLATED,NEEDS_HUMAN_OR_MODEL_VALIDATION,AUXILIARY_ONLY
RV-V03-002356,MSV1-D10E7D2DDF97A0F2,IS 5643:2026,Tobacco and Tobacco Products — Methods of Test (Fourth Revision),ta,NOT_TRANSLATED,NEEDS_HUMAN_OR_MODEL_VALIDATION,AUXILIARY_ONLY
RV-V03-002357,MSV1-790CD656D9F25C3C,IS 13080:2026,Pirimiphos-methyl technical - Specification first revision,ta,NOT_TRANSLATED,NEEDS_HUMAN_OR_MODEL_VALIDATION,AUXILIARY_ONLY
RV-V03-002358,MSV1-7775397BB3EAA657,IS 13097:2026,Fluvalinate technical - Specification (first revision),ta,NOT_TRANSLATED,NEEDS_HUMAN_OR_MODEL_VALIDATION,AUXILIARY_ONLY
RV-V03-002359,MSV1-811AC425605A5D19,IS 13784:2026,"Dodine, technical - Specification (first revision)",ta,NOT_TRANSLATED,NEEDS_HUMAN_OR_MODEL_VALIDATION,AUXILIARY_ONLY
RV-V03-002360,MSV1-9D7588C4D73FC376,IS 13403:2026,Anilophos emulsifiable concentrate (EC) - Specification (first revision),ta,NOT_TRANSLATED,NEEDS_HUMAN_OR_MODEL_VALIDATION,AUXILIARY_ONLY
RV-V03-002361,MSV1-CF90953F49A30599,IS 14300:2026,Neem based EC containing azadirachtin - Specification (first revision),ta,NOT_TRANSLATED,NEEDS_HUMAN_OR_MODEL_VALIDATION,AUXILIARY_ONLY
RV-V03-002362,MSV1-F037E59FF272F2C4,IS 15465:2026,Gases and gas mixtures Determination of fire potential and oxidizing ability for the selection of cylinder valve outlets (Second Revision),ta,NOT_TRANSLATED,NEEDS_HUMAN_OR_MODEL_VALIDATION,AUXILIARY_ONLY
RV-V03-002363,MSV1-576C0294AB80E3AC,IS 12496:2026,Photography Industrial radiographic films roll and sheet and metal intensifying screens Dimensions First Revision,ta,NOT_TRANSLATED,NEEDS_HUMAN_OR_MODEL_VALIDATION,AUXILIARY_ONLY
RV-V03-002364,MSV1-C8F477418AAF3D3D,IS 10396:2026,Imaging materials Photographic film and paper Determination of curl (First Revision),ta,NOT_TRANSLATED,NEEDS_HUMAN_OR_MODEL_VALIDATION,AUXILIARY_ONLY
RV-V03-002365,MSV1-82F7E3132DB2A4F0,IS 10419:2026,Imaging materials Photographic films and papers Wedge test for brittleness (First Revision),ta,NOT_TRANSLATED,NEEDS_HUMAN_OR_MODEL_VALIDATION,AUXILIARY_ONLY
RV-V03-002366,MSV1-A756753FAC5BA03F,IS 565:2026,DDT water dispersible powder concentrate - Specification (fourth revision),ta,NOT_TRANSLATED,NEEDS_HUMAN_OR_MODEL_VALIDATION,AUXILIARY_ONLY
RV-V03-002367,MSV1-C39B8D4F00EF904D,IS 19515:2026,Spiral Separator — Specification and Test code,ta,NOT_TRANSLATED,NEEDS_HUMAN_OR_MODEL_VALIDATION,AUXILIARY_ONLY
RV-V03-002368,MSV1-8445E95732DAF6BD,IS 19589:2026,Plant Layout and Optimal Process for Production of Biomass Pellets — Guidelines,ta,NOT_TRANSLATED,NEEDS_HUMAN_OR_MODEL_VALIDATION,AUXILIARY_ONLY
RV-V03-002369,MSV1-1B60D81DE123D8E9,IS 19588:2026,Biomass Shredder — Specification and Test Code,ta,NOT_TRANSLATED,NEEDS_HUMAN_OR_MODEL_VALIDATION,AUXILIARY_ONLY
RV-V03-002370,MSV1-72E02AEE944E2243,IS 19587:2026,Biomass Hammer Mill — Specification and Test Code,ta,NOT_TRANSLATED,NEEDS_HUMAN_OR_MODEL_VALIDATION,AUXILIARY_ONLY
RV-V03-002371,MSV1-692F4E0ECD85BD66,IS 19590:2026,Biomass Pelletiser — Ring Die Type — Specification and Test Code,ta,NOT_TRANSLATED,NEEDS_HUMAN_OR_MODEL_VALIDATION,AUXILIARY_ONLY
RV-V03-002372,MSV1-90543A17E45A3B58,IS 19586:2026,Biomass Pelletiser — Crank-Piston-Cylinder Type — Specification and Test Code,ta,NOT_TRANSLATED,NEEDS_HUMAN_OR_MODEL_VALIDATION,AUXILIARY_ONLY
RV-V03-002373,MSV1-9AA5E1FF30E5A32C,IS 19527 (Part 3):2026,Paper and board Determination of grease resistance Part 3: Turpentine test for voids in glassine and greaseproof papers,ta,NOT_TRANSLATED,NEEDS_HUMAN_OR_MODEL_VALIDATION,AUXILIARY_ONLY
RV-V03-002374,MSV1-047FCAF47000AFD7,IS 1060 (Part 5/Sec 22):2026,Method of Sampling and Test for Paper and Allied Products Part 5 Method of Test for Paper and Board Section 22 Determination of roughness smoothness Air leak methods - Oken method,ta,NOT_TRANSLATED,NEEDS_HUMAN_OR_MODEL_VALIDATION,AUXILIARY_ONLY
RV-V03-002375,MSV1-D7F7E55D3CF36380,IS 19582:2026,"Vegetable fats and oils — Determination of aflatoxins B1, B2, G1 and G2 by immunoaffinity column clean-up and high-performance liquid chromatography",ta,NOT_TRANSLATED,NEEDS_HUMAN_OR_MODEL_VALIDATION,AUXILIARY_ONLY
RV-V03-002376,MSV1-01F4BC12258A19AC,IS 11282:2026,LABORATORY POT-GRATE SINTERING TESTS FOR IRON ORE FINES - GUIDELINES,ta,NOT_TRANSLATED,NEEDS_HUMAN_OR_MODEL_VALIDATION,AUXILIARY_ONLY
RV-V03-002377,MSV1-AD7C0E40FFFF089B,IS 12783:2026,HARDMETALS- VICKERS HARDNESS TEST ( First Revision ),ta,NOT_TRANSLATED,NEEDS_HUMAN_OR_MODEL_VALIDATION,AUXILIARY_ONLY
RV-V03-002378,MSV1-A09ECE2C7ADB148F,IS 13159 (Part 1):2026,Pipe Flanges and Flanged Fittings — Code of Practice (First Revision),ta,NOT_TRANSLATED,NEEDS_HUMAN_OR_MODEL_VALIDATION,AUXILIARY_ONLY
RV-V03-002379,MSV1-4D48634A12E63B0C,IS 4090:2026,Criteria for the design of reinforced concrete arches,ta,NOT_TRANSLATED,NEEDS_HUMAN_OR_MODEL_VALIDATION,AUXILIARY_ONLY
RV-V03-002380,MSV1-34B4EB2F7231B07D,IS 7506:2026,NICKEL POWDER FOR HEAVY ALLOYS AND HARD METALS - SPECIFICATION Second Revision,ta,NOT_TRANSLATED,NEEDS_HUMAN_OR_MODEL_VALIDATION,AUXILIARY_ONLY
RV-V03-002381,MSV1-A38B584DBDF188F3,IS 14795:2026,Iron Ore Pellets for Shaft Direct-reduction Feedstocks - Determination of the Clustering Index,ta,NOT_TRANSLATED,NEEDS_HUMAN_OR_MODEL_VALIDATION,AUXILIARY_ONLY
RV-V03-002382,MSV1-3326C80808711EF1,IS 17175 (Part 2):2026,Steel Measurement Method for the Evaluation of Hydrogen Embrittlement Resistance of High-Strength Steels Part 2: Slow Strain Rate Test,ta,NOT_TRANSLATED,NEEDS_HUMAN_OR_MODEL_VALIDATION,AUXILIARY_ONLY
RV-V03-002383,MSV1-EB0BA09C76100F92,IS 6882:2026 P,Platinum Electrodes - Specification (First Revision),ta,NOT_TRANSLATED,NEEDS_HUMAN_OR_MODEL_VALIDATION,AUXILIARY_ONLY
RV-V03-002384,MSV1-76E3B649DBBDABEB,IS 19411:2026,GLOSSARY OF TERMS RELATED TO COASTAL ENGINEERING,ta,NOT_TRANSLATED,NEEDS_HUMAN_OR_MODEL_VALIDATION,AUXILIARY_ONLY
RV-V03-002385,MSV1-EBE270D66E4F2938,IS 19657:2026,Microbeam analysis Scanning electron microscopy Guidelines for calibrating image magnification,ta,NOT_TRANSLATED,NEEDS_HUMAN_OR_MODEL_VALIDATION,AUXILIARY_ONLY
RV-V03-002386,MSV1-71B652294131B92F,IS 19555:2026,Acoustics — Determination of Sound Power Levels and Sound Energy Levels of Noise Sources using Sound Pressure — Engineering Methods for an Essentially Free Field over a Reflecting Plane,ta,NOT_TRANSLATED,NEEDS_HUMAN_OR_MODEL_VALIDATION,AUXILIARY_ONLY
RV-V03-002387,MSV1-050FF8EAFC43CF7E,IS 19580:2026,Iron ore and direct reduced iron - Vocabulary,ta,NOT_TRANSLATED,NEEDS_HUMAN_OR_MODEL_VALIDATION,AUXILIARY_ONLY
RV-V03-002388,MSV1-46FB9F7A6485F2D3,IS 13218 (Part 1):2026,PROFORMA FOR REPORTING PROGRESS DURING CONSTRUCTION FOR RIVER VALLEY PROJECTS PART 1 IRRIGATION WORKS First Revision of IS 13218 Part 1,ta,NOT_TRANSLATED,NEEDS_HUMAN_OR_MODEL_VALIDATION,AUXILIARY_ONLY
RV-V03-002389,MSV1-830231827690694E,IS 19407:2026,Method of measurement of hydrogen permeation and determination of hydrogen uptake and transport in metals by an electrochemical technique,ta,NOT_TRANSLATED,NEEDS_HUMAN_OR_MODEL_VALIDATION,AUXILIARY_ONLY
RV-V03-002390,MSV1-F16E47A416E9395F,IS 15287 (Part 2):2026,Coated abrasives — Determination and designation of grain size distribution Part 2 Macrogrit sizes P12 to P220 (First Revision),ta,NOT_TRANSLATED,NEEDS_HUMAN_OR_MODEL_VALIDATION,AUXILIARY_ONLY
RV-V03-002391,MSV1-FD9AC638524E8250,IS 14342:2026,Textiles — Jute Yarn/Twine Packaging Code ( First Revision ),ta,NOT_TRANSLATED,NEEDS_HUMAN_OR_MODEL_VALIDATION,AUXILIARY_ONLY
RV-V03-002392,MSV1-5C21DEE41C8351F8,IS 14369:2026,Coated Abrasives -- Abrasive belts -- Selection of width/length combination (First Revision),ta,NOT_TRANSLATED,NEEDS_HUMAN_OR_MODEL_VALIDATION,AUXILIARY_ONLY
RV-V03-002393,MSV1-DD6845D2E9ECE730,IS 2460:2026,Horses and Bucks used in Gymnastics -- Specification ( Second Revision ),ta,NOT_TRANSLATED,NEEDS_HUMAN_OR_MODEL_VALIDATION,AUXILIARY_ONLY
RV-V03-002394,MSV1-56D59E56278E8D85,IS/ISO 603 (Part 15):2022,Bonded abrasive products -- Dimensions -- Part 15 Cutting-off wheels on stationary or mobile cutting-off machines (First Revision),ta,NOT_TRANSLATED,NEEDS_HUMAN_OR_MODEL_VALIDATION,AUXILIARY_ONLY
RV-V03-002395,MSV1-B524EA4018BF2098,IS 2898 (Part 2):2026,"Rolling Bearings Part 2 Ceramic Balls (ISO 3290-2 : 2014, MOD) (First Revision)",ta,NOT_TRANSLATED,NEEDS_HUMAN_OR_MODEL_VALIDATION,AUXILIARY_ONLY
RV-V03-002396,MSV1-F861986BC07705D1,IS 7906 (Part 8):2026,HELICAL COMPRESSION SPRINGS PART 8 METHOD OF INSPECTION OF HOTCOILED COMPRESSION SPRINGS MADE FROM CIRCULAR SECTION BARS (First Revision),ta,NOT_TRANSLATED,NEEDS_HUMAN_OR_MODEL_VALIDATION,AUXILIARY_ONLY
RV-V03-002397,MSV1-265F0CC6BD22C474,IS 16595 (Part 5):2026,Ergonomics of Human-System Interaction : Part 5 Workstation Layout and Postural Requirements ( First Revision ),ta,NOT_TRANSLATED,NEEDS_HUMAN_OR_MODEL_VALIDATION,AUXILIARY_ONLY
RV-V03-002398,MSV1-200E297584BF2354,IS/ISO 603 (Part 14):2026,Bonded abrasive products -- Dimensions Part 14 Grinding wheels for deburring and fettling/snagging on an angle grinder (First Revision),ta,NOT_TRANSLATED,NEEDS_HUMAN_OR_MODEL_VALIDATION,AUXILIARY_ONLY
RV-V03-002399,MSV1-C57E3E70D7F63A7A,IS 46001:2019,Water Efficiency Management Systems - Requirements with Guidance for Use,ta,NOT_TRANSLATED,NEEDS_HUMAN_OR_MODEL_VALIDATION,AUXILIARY_ONLY
RV-V03-002400,MSV1-479381BB12DB0ADA,IS 19666:2026,Graphical Symbols -- Safety Colours and Safety Signs -- Natural Disaster Safety way Guidance System,ta,NOT_TRANSLATED,NEEDS_HUMAN_OR_MODEL_VALIDATION,AUXILIARY_ONLY
RV-V03-002401,MSV1-EE33752F599FC25C,IS 16681 (Part 4):2026,Public Information Guidance Systems Part 4: Installation and Assessment,ta,NOT_TRANSLATED,NEEDS_HUMAN_OR_MODEL_VALIDATION,AUXILIARY_ONLY
RV-V03-002402,MSV1-9A2AB58ABBC5D6B9,IS 19595 (Part 1):2026,Hand-held non-electric power tools Safety requirements Part 1: Assembly power tools for non-threaded mechanical fasteners,ta,NOT_TRANSLATED,NEEDS_HUMAN_OR_MODEL_VALIDATION,AUXILIARY_ONLY
RV-V03-002403,MSV1-4306E9ABF86DE2AA,IS 19595 (Part 3):2026,Hand-held Non-Electric Power Tools — Safety Requirements : Part 3 Drills and Tappers,ta,NOT_TRANSLATED,NEEDS_HUMAN_OR_MODEL_VALIDATION,AUXILIARY_ONLY
RV-V03-002404,MSV1-29D7D034D5594228,IS 19595 (Part 7):2026,Hand-held non-electric power tools Safety requirements : Part 7 Grinders,ta,NOT_TRANSLATED,NEEDS_HUMAN_OR_MODEL_VALIDATION,AUXILIARY_ONLY
RV-V03-002405,MSV1-465CFA00E101B2CE,IS 19595 (Part 8):2026,Hand-held non-electric power tools - Safety requirements : Part 8 Sanders and polishers,ta,NOT_TRANSLATED,NEEDS_HUMAN_OR_MODEL_VALIDATION,AUXILIARY_ONLY
RV-V03-002406,MSV1-77BE2BE4913BED9B,IS 19578:2026,Coated abrasives -- Cylindrical sleeves,ta,NOT_TRANSLATED,NEEDS_HUMAN_OR_MODEL_VALIDATION,AUXILIARY_ONLY
RV-V03-002407,MSV1-6934BEE1F0347EFA,IS 16506 (Part 8):2026,Optics and Photonics — Optical Coatings : Part 8 Minimum Requirements for Coatings Used for Laser Optics,ta,NOT_TRANSLATED,NEEDS_HUMAN_OR_MODEL_VALIDATION,AUXILIARY_ONLY
RV-V03-002408,MSV1-54E58FD238A606C6,IS 19665 (Part 1):2026,Assembly Tools for Screws and Nuts — Machine-Operated Screwdriver Bits Part 1 Screwdriver Bits for Slotted Head Screws,ta,NOT_TRANSLATED,NEEDS_HUMAN_OR_MODEL_VALIDATION,AUXILIARY_ONLY
RV-V03-002409,MSV1-57B244FDE0EC0272,IS 19665 (Part 2):2026,Assembly Tools for Screws and Nuts — Machine-Operated Screwdriver Bits Part 2 Screwdriver Bits for Cross-Recessed Head Screws,ta,NOT_TRANSLATED,NEEDS_HUMAN_OR_MODEL_VALIDATION,AUXILIARY_ONLY
RV-V03-002410,MSV1-C75CAFB4890E1D9E,IS 19665 (Part 3):2026,Assembly Tools for Screws and Nuts — Machine-Operated Screwdriver Bits Part 3 Screwdriver Bits for Hexagon Socket Screws,ta,NOT_TRANSLATED,NEEDS_HUMAN_OR_MODEL_VALIDATION,AUXILIARY_ONLY
RV-V03-002411,MSV1-DEE1F9EDBDFBE04B,IS 11647:2026,Specification for Braille Paper First Revision,ta,NOT_TRANSLATED,NEEDS_HUMAN_OR_MODEL_VALIDATION,AUXILIARY_ONLY
RV-V03-002412,MSV1-F5FDB0FCA7190783,IS 7714:2026,Method of Sealability Test for Gasket Materials,ta,NOT_TRANSLATED,NEEDS_HUMAN_OR_MODEL_VALIDATION,AUXILIARY_ONLY
RV-V03-002413,MSV1-7C07152F372AA6EB,IS 12986 (Part 1):2026,Biogas Plants — Glass Fibre Reinforced Polyester Resin Gas Holders — Specification Part 1 With Steel Frame (First Revision),ta,NOT_TRANSLATED,NEEDS_HUMAN_OR_MODEL_VALIDATION,AUXILIARY_ONLY
RV-V03-002414,MSV1-CEBF8913C241D12E,IS 19472:2026,Steel Sheets and Strips for Hot Stamping Applications - Specification,ta,NOT_TRANSLATED,NEEDS_HUMAN_OR_MODEL_VALIDATION,AUXILIARY_ONLY
RV-V03-002415,MSV1-5FCC505CB0B59FEC,IS 19599:2026,Gaskets and Packings Oxidation of Expanded Graphite Methods of Test,ta,NOT_TRANSLATED,NEEDS_HUMAN_OR_MODEL_VALIDATION,AUXILIARY_ONLY
RV-V03-002416,MSV1-F9975191D72171F6,IS 19497:2026,Carbon and Low-Alloy Steel Wire Rods for Submerged Arc Welding and Gas Shielded Arc Welding Electrodes - Specification,ta,NOT_TRANSLATED,NEEDS_HUMAN_OR_MODEL_VALIDATION,AUXILIARY_ONLY
RV-V03-002417,MSV1-37C9A3A294221C52,IS 19606:2026,Non-Asbestos Beater Addition Jointing Specification,ta,NOT_TRANSLATED,NEEDS_HUMAN_OR_MODEL_VALIDATION,AUXILIARY_ONLY
RV-V03-002418,MSV1-ED31ED78E55B0321,IS 19558 (Part 2):2026,Energy Audits Part 2 Guidance for Conducting an Energy Audit using ISO 50002-1 in Buildings,ta,NOT_TRANSLATED,NEEDS_HUMAN_OR_MODEL_VALIDATION,AUXILIARY_ONLY
RV-V03-002419,MSV1-4B88ED11B7A6F43E,IS 19550:2026,Acoustics — Noise Emitted by Machinery and Equipment — Guidelines for the use of Basic Standards for the Determination of Emission Sound Pressure Levels at a Work Station and at other Specified Positions,ta,NOT_TRANSLATED,NEEDS_HUMAN_OR_MODEL_VALIDATION,AUXILIARY_ONLY
RV-V03-002420,MSV1-F3F2ACF1B9A52B15,IS 19546:2026,Acoustics — Determination of Sound Power Levels and Sound Energy Levels of Noise Sources using Sound Pressure — Precision Methods for Reverberation Test Rooms,ta,NOT_TRANSLATED,NEEDS_HUMAN_OR_MODEL_VALIDATION,AUXILIARY_ONLY
RV-V03-002421,MSV1-B2E7D6CCFED2F77A,IS 19544 (Part 2):2026,"Acoustics — Determination of Sound Power Levels of Noise Sources Using Sound Pressure — Engineering Methods for Small, Movable Sources in Reverberant Fields Part 2 Methods for Special Reverberation Test Rooms",ta,NOT_TRANSLATED,NEEDS_HUMAN_OR_MODEL_VALIDATION,AUXILIARY_ONLY
RV-V03-002422,MSV1-A2AD8BC26A57B0D9,IS 19554:2026,Acoustics — Determination of Sound Power Levels and Sound Energy Levels of Noise Sources Using Sound Pressure — Precision Methods for Anechoic Rooms and Hemi-Anechoic Rooms,ta,NOT_TRANSLATED,NEEDS_HUMAN_OR_MODEL_VALIDATION,AUXILIARY_ONLY
RV-V03-002423,MSV1-77440F7BF8E2D06B,IS/IEC 60118 (Part 0):2022,Electroacoustics Hearing Aids- Part 0: Measurement of the Performance Characteristics of Hearing Aids First Revision,ta,NOT_TRANSLATED,NEEDS_HUMAN_OR_MODEL_VALIDATION,AUXILIARY_ONLY
RV-V03-002424,MSV1-4A9F08E4FFEED349,IS 12360:2026,VOLTAGE BANDS FOR ELECTRICAL INSTALLATIONS INCLUDING PREFERRED VOLTAGE AND FREQUENCY,ta,NOT_TRANSLATED,NEEDS_HUMAN_OR_MODEL_VALIDATION,AUXILIARY_ONLY
RV-V03-002425,MSV1-5C901BF15C22CEE8,IS 5763:2026,Dental Occlusal Plane Guide — Specification (First Revision),ta,NOT_TRANSLATED,NEEDS_HUMAN_OR_MODEL_VALIDATION,AUXILIARY_ONLY
RV-V03-002426,MSV1-2D6B916E4FE3221B,IS 8735:2026,ENT Surgery Instruments ––Yankauer's type pattern Suction Tube –– Specification (First Revision),ta,NOT_TRANSLATED,NEEDS_HUMAN_OR_MODEL_VALIDATION,AUXILIARY_ONLY
RV-V03-002427,MSV1-41F9B87D6F77D25D,IS/ISO/IEC 19792:2025,Information security cybersecurity and privacy protection General principles requirements and guidance for security evaluation of biometric systems First Revision,ta,NOT_TRANSLATED,NEEDS_HUMAN_OR_MODEL_VALIDATION,AUXILIARY_ONLY
RV-V03-002428,MSV1-BE850BC395878608,IS/ISO/IEC 20540:2025 P,Information security cybersecurity and privacy protection Testing cryptographic modules in their field First Revision,ta,NOT_TRANSLATED,NEEDS_HUMAN_OR_MODEL_VALIDATION,AUXILIARY_ONLY
RV-V03-002429,MSV1-E9A91F232471CBE7,IS/ISO/IEC 22123 (Part 3):2023,Information technology Cloud computing Part 3: Reference architecture,ta,NOT_TRANSLATED,NEEDS_HUMAN_OR_MODEL_VALIDATION,AUXILIARY_ONLY
RV-V03-002430,MSV1-77352F3231B5DDA3,IS 18682 (Part 5):2026,Dentistry Periodontal Curettes Dental Scalers and Excavators Part 5 Jacquette Scalers,ta,NOT_TRANSLATED,NEEDS_HUMAN_OR_MODEL_VALIDATION,AUXILIARY_ONLY
RV-V03-002431,MSV1-2C10782E3EA41975,IS 19618:2026,Dentistry Filling Instrument with Contra Angle,ta,NOT_TRANSLATED,NEEDS_HUMAN_OR_MODEL_VALIDATION,AUXILIARY_ONLY
RV-V03-002432,MSV1-FEFF4AB5F04590EE,IS 18813:2026,Dentistry Ceramic Materials,ta,NOT_TRANSLATED,NEEDS_HUMAN_OR_MODEL_VALIDATION,AUXILIARY_ONLY
RV-V03-002433,MSV1-1AEE492C051215AF,IS 1593:2026,FUEL OILS - SPECIFICATION,ta,NOT_TRANSLATED,NEEDS_HUMAN_OR_MODEL_VALIDATION,AUXILIARY_ONLY
RV-V03-002434,MSV1-F0DD670AE17F10ED,IS 13360 (Part 5/Sec 14):2026,PLASTICS — METHODS OF TESTING PART 5 MECHANICAL PROPERTIES SECTION 14 DETERMINATION OF INDENTATION HARDNESS OF RIGID PLASTIC BY BARCOL IMPRESSOR (First Revision),ta,NOT_TRANSLATED,NEEDS_HUMAN_OR_MODEL_VALIDATION,AUXILIARY_ONLY
RV-V03-002435,MSV1-C17B1D9ED4DE14DF,IS 14635 (Part 2):2026,FLUOROPOLYMER DISPERSIONS AND MOULDING AND EXTRUSION MATERIALS PART 2 PREPARATION OF TEST SPECIMENS AND DETERMINATION OF PROPERTIES,ta,NOT_TRANSLATED,NEEDS_HUMAN_OR_MODEL_VALIDATION,AUXILIARY_ONLY
RV-V03-002436,MSV1-D1098D1CED88589B,IS 867:2026,PHENOLIC MOULDING MATERIALS - METHODS OF TEST (Second Revision),ta,NOT_TRANSLATED,NEEDS_HUMAN_OR_MODEL_VALIDATION,AUXILIARY_ONLY
RV-V03-002437,MSV1-86BE5C5EA3773892,IS 2221:2026,AMINOPLASTIC MOULDING MATERIALS - METHODS OF TEST (First Revision),ta,NOT_TRANSLATED,NEEDS_HUMAN_OR_MODEL_VALIDATION,AUXILIARY_ONLY
RV-V03-002438,MSV1-1F5AF3CCC59E2C2A,IS 2530:2026,POLYETHYLENE MOULDING MATERIALS AND POLYETHYLENE COMPOUNDS - METHODS OF TEST (First Revision),ta,NOT_TRANSLATED,NEEDS_HUMAN_OR_MODEL_VALIDATION,AUXILIARY_ONLY
RV-V03-002439,MSV1-6C4DBAA71E0EE0CA,IS 4669:2026,METHODS OF TEST — POLYVINYL CHLORIDE RESINS (First Revision),ta,NOT_TRANSLATED,NEEDS_HUMAN_OR_MODEL_VALIDATION,AUXILIARY_ONLY
RV-V03-002440,MSV1-4ABBE13EF8B76F0D,IS 1448 (Part 167):2026,Petroleum and its Products — Methods of Test Part 167 Determination of Density — Laboratory Density Meter with an Oscillating U-Tube Sensor (First Revision),ta,NOT_TRANSLATED,NEEDS_HUMAN_OR_MODEL_VALIDATION,AUXILIARY_ONLY
RV-V03-002441,MSV1-A41AE1C7D46B5A6C,IS 1448 (Part 113):2026,PETROLEUM AND ITS PRODUCTS TEST METHODS PART: 113 DETERMINATIONS OF TOTAL ACIDITY IN AVIATION TURBINE FUEL,ta,NOT_TRANSLATED,NEEDS_HUMAN_OR_MODEL_VALIDATION,AUXILIARY_ONLY
RV-V03-002442,MSV1-C54223CABC00DB86,IS 15133:2025,"2,6-Dichloro-4-Nitroaniline Specification",ta,NOT_TRANSLATED,NEEDS_HUMAN_OR_MODEL_VALIDATION,AUXILIARY_ONLY
RV-V03-002443,MSV1-890E24B747A39262,IS 13360 (Part 3/Sec 3):2026,PLASTICS — METHODS OF TESTING PART 3 PHYSICAL AND DIMENSIONAL PROPERTIES Section 3 Determination of Apparent Density of moulding Material that cannot be Poured from a Specified Funnel (First Revision),ta,NOT_TRANSLATED,NEEDS_HUMAN_OR_MODEL_VALIDATION,AUXILIARY_ONLY
RV-V03-002444,MSV1-73F8C6FC95BF7E7A,IS 13360 (Part 3/Sec 7):2026,PLASTICS — METHODS OF TESTING PART 3 PHYSICAL AND DIMENSIONAL PROPERTIES Section 7 Liquid Resins — Determination of Density by the Pyknometer Method (First Revision),ta,NOT_TRANSLATED,NEEDS_HUMAN_OR_MODEL_VALIDATION,AUXILIARY_ONLY
RV-V03-002445,MSV1-D3AB48E34553CD31,IS 13360 (Part 4/Sec 2):2026,Plastics - Methods of testing Part 4 Rheological Properties Section 2 Cup Flow of Phenolic and Alkyd Moulding Materials (First Revision),ta,NOT_TRANSLATED,NEEDS_HUMAN_OR_MODEL_VALIDATION,AUXILIARY_ONLY
RV-V03-002446,MSV1-B5C064E81E753649,IS 13360 (Part 11/Sec 11/Sub-Sec 1):2026,PLASTICS — METHODS OF TESTING PART 11 SPECIAL PROPERTIES SECTION 11 RHEOLOGY SUBSECTION 1 VOCABULARY AND SYMBOLS FOR ROTATIONAL AND OSCILLATORY RHEOMETRY (First Revision),ta,NOT_TRANSLATED,NEEDS_HUMAN_OR_MODEL_VALIDATION,AUXILIARY_ONLY
RV-V03-002447,MSV1-EFB2E17F60E04160,IS 13360 (Part 11/Sec 11/Sub-Sec 2):2026,PLASTICS — METHODS OF TESTING PART 11 SPECIAL PROPERTIES SECTION 11 RHEOLOGY SUBSECTION 2 GENERAL PRINCIPLES OF ROTATIONAL AND OSCILLATORY RHEOMETRY (First Revision),ta,NOT_TRANSLATED,NEEDS_HUMAN_OR_MODEL_VALIDATION,AUXILIARY_ONLY
RV-V03-002448,MSV1-D6C09C50F5EE9B51,IS 1448 (Part 105):2026,PETROLEUM AND ITS PRODUCTS - TEST METHODS PART 105 ULTRAVIOLET UV ABSORBANCE AND ABSORPTIVITY OF PETROLEUM PRODUCTS FIRST REVISION,ta,NOT_TRANSLATED,NEEDS_HUMAN_OR_MODEL_VALIDATION,AUXILIARY_ONLY
RV-V03-002449,MSV1-E36D295A81D19421,IS 11557:2026,2 - NAPHTHYLAMINE - 3: 6: 8 - TRISULPHONIC ACID TECHNICAL SPECIFICATION,ta,NOT_TRANSLATED,NEEDS_HUMAN_OR_MODEL_VALIDATION,AUXILIARY_ONLY
RV-V03-002450,MSV1-317908432181C61A,IS 9873 (Part 8):2026,Safety of toys Part 8: Age determination First age grade for the appropriate play of toys First Revision,ta,NOT_TRANSLATED,NEEDS_HUMAN_OR_MODEL_VALIDATION,AUXILIARY_ONLY
RV-V03-002451,MSV1-010C343D1DB0D8CC,IS 9873 (Part 4):2026,Safety of toys Part 4: Activity toys for domestic use,ta,NOT_TRANSLATED,NEEDS_HUMAN_OR_MODEL_VALIDATION,AUXILIARY_ONLY
RV-V03-002452,MSV1-70EB787384F34E6F,IS 16432:2026,Microbiology of the food chain Polymerase chain reaction PCR for the detection and quantification of microorganisms General requirements and definitions,ta,NOT_TRANSLATED,NEEDS_HUMAN_OR_MODEL_VALIDATION,AUXILIARY_ONLY
RV-V03-002453,MSV1-84D049DD9A981888,IS 3328:2026,Quality Requirements of Water for Swimming Pools ( Second Revision ),ta,NOT_TRANSLATED,NEEDS_HUMAN_OR_MODEL_VALIDATION,AUXILIARY_ONLY
RV-V03-002454,MSV1-A7452EC66FAFE7A9,IS 14421:2026,PLASTICIZER ESTERS — SPECIFICATION (First Revision),ta,NOT_TRANSLATED,NEEDS_HUMAN_OR_MODEL_VALIDATION,AUXILIARY_ONLY
RV-V03-002455,MSV1-A5083C2BDDD60919,IS 19086:2026,"Oil of Clove Leaves [Syzygium aromaticum (L.) Merr. & L.M.Perry, Syn. Eugenia caryophyllus (Spreng.) Bullock & S.G.Harrison] — Specification",ta,NOT_TRANSLATED,NEEDS_HUMAN_OR_MODEL_VALIDATION,AUXILIARY_ONLY
RV-V03-002456,MSV1-C93EE8265E18799C,IS 19087:2026,"Oil of Clove Buds [Syzygium aromaticum (L.) Merr. & L.M.Perry, Syn. Eugenia caryophyllus (Spreng.) Bullock & S.G. Harrison] — Specification",ta,NOT_TRANSLATED,NEEDS_HUMAN_OR_MODEL_VALIDATION,AUXILIARY_ONLY
RV-V03-002457,MSV1-E14D7A97FAE4B8A9,IS 19088:2026,"Oil of Clove Stems [Syzygium aromaticum (L.) Merr. & L.M.Perry, Syn. Eugenia caryophyllus (Spreng.) Bullock & S.G.Harrison] — Specification",ta,NOT_TRANSLATED,NEEDS_HUMAN_OR_MODEL_VALIDATION,AUXILIARY_ONLY
RV-V03-002458,MSV1-7534127F5966B590,IS 19486:2026,HEXANE INDUSTRIAL SOLVENT GRADE SPECIFICATION,ta,NOT_TRANSLATED,NEEDS_HUMAN_OR_MODEL_VALIDATION,AUXILIARY_ONLY
RV-V03-002459,MSV1-219A2ADB3DCD56BA,IS 19410:2026,Solid Biofuels — Sampling,ta,NOT_TRANSLATED,NEEDS_HUMAN_OR_MODEL_VALIDATION,AUXILIARY_ONLY
RV-V03-002460,MSV1-9C1DC8EFEFA31F8C,IS 13360 (Part 5/Sec 31/Sub-Sec 2):2026,PLASTICS PLASTICS — METHODS OF TESTING PART 5 MECHANICAL PROPERTIES SEC 31 DETERMINATION OF DYNAMIC MECHANICAL PROPERTIES SUBSEC 1 GENERAL PRINCIPLES METHODS OF TESTING PART 5 MECHANICAL PROPERTIES SEC XX DETERMINATION OF DYNAMIC MECHANICAL PROPERTIES SUBSEC 1 GENERAL PRINCIPLES,ta,NOT_TRANSLATED,NEEDS_HUMAN_OR_MODEL_VALIDATION,AUXILIARY_ONLY
RV-V03-002461,MSV1-382F6792B9DD9F9E,IS 13360 (Part 5/Sec 31/Sub-Sec 1):2026,PLASTICS — METHODS OF TESTING PART 5 MECHANICAL PROPERTIES SEC 31 DETERMINATION OF DYNAMIC MECHANICAL PROPERTIES SUBSEC 2 TORSION-PENDULUM METHOD,ta,NOT_TRANSLATED,NEEDS_HUMAN_OR_MODEL_VALIDATION,AUXILIARY_ONLY
RV-V03-002462,MSV1-9A03DD268CE7FF19,IS 13360 (Part 5/Sec 31/Sub-Sec 3):2026,PLASTICS — METHODS OF TESTING PART 5 MECHANICAL PROPERTIES SEC 31 DETERMINATION OF DYNAMIC MECHANICAL PROPERTIES SUBSEC 3 FLEXURAL VIBRATION — RESONANCE-CURVE METHOD,ta,NOT_TRANSLATED,NEEDS_HUMAN_OR_MODEL_VALIDATION,AUXILIARY_ONLY
RV-V03-002463,MSV1-491964D91E4E9D59,IS 13360 (Part 5/Sec 31/Sub-Sec 4):2026,PLASTICS — METHODS OF TESTING PART 5 MECHANICAL PROPERTIES SEC 31 DETERMINATION OF DYNAMIC MECHANICAL PROPERTIES SUBSEC 4 TENSILE VIBRATION — NON-RESONANCE METHOD,ta,NOT_TRANSLATED,NEEDS_HUMAN_OR_MODEL_VALIDATION,AUXILIARY_ONLY
RV-V03-002464,MSV1-D9AEDD8B5CBFE6EE,IS 13360 (Part 31/Sec 5/Sub-Sec 5):2026,PLASTICS — METHODS OF TESTING PART 5 MECHANICAL PROPERTIES SEC 31 DETERMINATION OF DYNAMIC MECHANICAL PROPERTIES SUBSEC 5 FLEXURAL VIBRATION — NON-RESONANCE METHOD,ta,NOT_TRANSLATED,NEEDS_HUMAN_OR_MODEL_VALIDATION,AUXILIARY_ONLY
RV-V03-002465,MSV1-91F344D152C02E14,IS 13360 (Part 5/Sec 31/Sub-Sec 6):2026,PLASTICS — METHODS OF TESTING PART 5 MECHANICAL PROPERTIES SEC 31 DETERMINATION OF DYNAMIC MECHANICAL ROPERTIES SUBSEC 6 SHEAR VIBRATION — NON-RESONANCE METHOD,ta,NOT_TRANSLATED,NEEDS_HUMAN_OR_MODEL_VALIDATION,AUXILIARY_ONLY
RV-V03-002466,MSV1-1B111A6BC0B53C5B,IS 13360 (Part 5/Sec 31/Sub-Sec 7):2026,PLASTICS — METHODS OF TESTING PART 5 MECHANICAL PROPERTIES SEC 31 DETERMINATION OF DYNAMIC MECHANICAL PROPERTIES SUBSEC 7 TORSIONAL VIBRATION — NON-RESONANCE METHOD,ta,NOT_TRANSLATED,NEEDS_HUMAN_OR_MODEL_VALIDATION,AUXILIARY_ONLY
RV-V03-002467,MSV1-499B3DB09756276B,IS 13360 (Part 5/Sec 31/Sub-Sec 8):2026,PLASTICS — METHODS OF TESTING PART 5 MECHANICAL PROPERTIES SEC 31 DETERMINATION OF DYNAMIC MECHANICAL PROPERTIES SUBSEC 8 LONGITUDINAL AND SHEAR VIBRATION — WAVE-PROPAGATION METHOD,ta,NOT_TRANSLATED,NEEDS_HUMAN_OR_MODEL_VALIDATION,AUXILIARY_ONLY
RV-V03-002468,MSV1-4FC4B2BB81AB9739,IS 13360 (Part 5/Sec 31/Sub-Sec 9):2026,PLASTICS METHODS OF TESTING PART 5 MECHANICAL PROPERTIES SEC 31 DETERMINATION OF DYNAMIC MECHANICAL PROPERTIES SUBSEC 9 TENSILE VIBRATION — SONIC-PULSE PROPAGATION METHOD,ta,NOT_TRANSLATED,NEEDS_HUMAN_OR_MODEL_VALIDATION,AUXILIARY_ONLY
RV-V03-002469,MSV1-9B04F2A6C33FC9D2,IS 13360 (Part 5/Sec 31/Sub-Sec 10):2026,PLASTICS — METHODS OF TESTING PART 5 MECHANICAL PROPERTIES SEC 31 DETERMINATION OF DYNAMIC MECHANICAL PROPERTIES SUBSEC 10 COMPLEX SHEAR VISCOSITY USING A PARALLEL-PLATE OSCILLATORY RHEOMETER,ta,NOT_TRANSLATED,NEEDS_HUMAN_OR_MODEL_VALIDATION,AUXILIARY_ONLY
RV-V03-002470,MSV1-6BD812979A21FAA6,IS 13360 (Part 5/Sec 31/Sub-Sec 11):2026,PLASTICS — METHODS OF TESTING PART 5 MECHANICAL PROPERTIES SEC 31 DETERMINATION OF DYNAMIC MECHANICAL PROPERTIES SUBSEC 11 GLASS TRANSITION TEMPERATURE,ta,NOT_TRANSLATED,NEEDS_HUMAN_OR_MODEL_VALIDATION,AUXILIARY_ONLY
RV-V03-002471,MSV1-C2A5A54C56E0823F,IS 13360 (Part 5/Sec 31/Sub-Sec 12):2026,PLASTICS METHODS OF TESTING PART 5 MECHANICAL PROPERTIES SEC 31 DETERMINATION OF DYNAMIC MECHANICAL PROPERTIES SUBSEC 12 COMPRESSIVE VIBRATION NON-RESONANCE METHOD,ta,NOT_TRANSLATED,NEEDS_HUMAN_OR_MODEL_VALIDATION,AUXILIARY_ONLY
RV-V03-002472,MSV1-DFBA4B448CDA6A68,IS 19345:2026,o-Tertiary Butyl Phenol Specification,ta,NOT_TRANSLATED,NEEDS_HUMAN_OR_MODEL_VALIDATION,AUXILIARY_ONLY
RV-V03-002473,MSV1-757823B2F7C32097,IS 19374:2026,p-Tertiary Butyl Phenol Specification,ta,NOT_TRANSLATED,NEEDS_HUMAN_OR_MODEL_VALIDATION,AUXILIARY_ONLY
RV-V03-002474,MSV1-21D010C0708A269D,IS 1448 (Part 204):2026,INDUSTRIAL QUENCHING OILS DETERMINATION OF COOLING CHARACTERISTICS NICKEL-ALLOY PROBE TEST METHOD,ta,NOT_TRANSLATED,NEEDS_HUMAN_OR_MODEL_VALIDATION,AUXILIARY_ONLY
RV-V03-002475,MSV1-0F61EA2A161CC7FE,IS/ISO 28580:2018,"Passenger Car, Truck and Bus Tyre — Method of Measuring Rolling Resistance — Single Point Test and Correlation of Measurement Results (First Revision)",ta,NOT_TRANSLATED,NEEDS_HUMAN_OR_MODEL_VALIDATION,AUXILIARY_ONLY
RV-V03-002476,MSV1-F5CD02E7F5E3BA49,IS 14347:2026,Rolling Bearings — Plummer Block Housings — Specification (First Revision),ta,NOT_TRANSLATED,NEEDS_HUMAN_OR_MODEL_VALIDATION,AUXILIARY_ONLY
RV-V03-002477,MSV1-8B2A911F14BC36CE,IS 6454 (Part 1):2026,Radial spherical roller bearings Part 1 Single row with cylindrical or tapered bore — Specification (First Revision),ta,NOT_TRANSLATED,NEEDS_HUMAN_OR_MODEL_VALIDATION,AUXILIARY_ONLY
RV-V03-002478,MSV1-5E840A8341E2C02A,IS/ISO 10303 (Part 1):2024,Industrial automation systems and integration -- Product data representation and exchange: Part 1 Overview and fundamental principles second revision,ta,NOT_TRANSLATED,NEEDS_HUMAN_OR_MODEL_VALIDATION,AUXILIARY_ONLY
RV-V03-002479,MSV1-E059551D1A49C734,IS 6458:2026,Double Row Cylindrical Roller Bearings — Specification ( First revision ),ta,NOT_TRANSLATED,NEEDS_HUMAN_OR_MODEL_VALIDATION,AUXILIARY_ONLY
RV-V03-002480,MSV1-CF5C7C595E7C8C12,IS 17128 (Part 4):2026,Automotive Vehicles ― Vehicle Dynamics Test Methods Part 4 Ride Comfort Measurements,ta,NOT_TRANSLATED,NEEDS_HUMAN_OR_MODEL_VALIDATION,AUXILIARY_ONLY
RV-V03-002481,MSV1-0A25D30664C3A0EF,IS 17128 (Part 5):2026,"Automotive Vehicles — Vehicle Dynamics Test Methods Part 5 Subjective Evaluation Vehicle Ride, Handling, Steering",ta,NOT_TRANSLATED,NEEDS_HUMAN_OR_MODEL_VALIDATION,AUXILIARY_ONLY
RV-V03-002482,MSV1-91CB930032D76399,IS 2898 (Part 1):2026,"Rolling Bearings Part 1 Steel Balls (ISO 3290-1 : 2014, MOD) (Third revision)",ta,NOT_TRANSLATED,NEEDS_HUMAN_OR_MODEL_VALIDATION,AUXILIARY_ONLY
RV-V03-002483,MSV1-409F3025F1FF26CD,IS 6455:2026,Single Row Deep Groove Ball Bearings — Specification ( Second Revision ),ta,NOT_TRANSLATED,NEEDS_HUMAN_OR_MODEL_VALIDATION,AUXILIARY_ONLY
RV-V03-002484,MSV1-21C10B8757247A78,IS 10806:2026,Trailers for Power Tillers — Specification (Second Revision),ta,NOT_TRANSLATED,NEEDS_HUMAN_OR_MODEL_VALIDATION,AUXILIARY_ONLY
RV-V03-002485,MSV1-387CA72AE246FC39,IS 8213:2026,Trailers for Agricultural Tractors — Specification Fourth Revision),ta,NOT_TRANSLATED,NEEDS_HUMAN_OR_MODEL_VALIDATION,AUXILIARY_ONLY
RV-V03-002486,MSV1-75472419F16076B2,IS 4447:2026,"Sodium benzoate, food grade - Specification (second revision)",ta,NOT_TRANSLATED,NEEDS_HUMAN_OR_MODEL_VALIDATION,AUXILIARY_ONLY
RV-V03-002487,MSV1-E4B879D8B0DE8EC6,IS 6795:2026,"Acacia (arabic) gum, food grade - Specification (second revision)",ta,NOT_TRANSLATED,NEEDS_HUMAN_OR_MODEL_VALIDATION,AUXILIARY_ONLY
RV-V03-002488,MSV1-684B8A59896AF2ED,IS 8356:2026,"Titanium oxide, food grade - Specification (second revision)",ta,NOT_TRANSLATED,NEEDS_HUMAN_OR_MODEL_VALIDATION,AUXILIARY_ONLY
RV-V03-002489,MSV1-C10924EBCCFB8AB9,IS 10563:2026,"Mineral oil (medium viscosity and high viscosity), food grade - Specification (first revision)",ta,NOT_TRANSLATED,NEEDS_HUMAN_OR_MODEL_VALIDATION,AUXILIARY_ONLY
RV-V03-002490,MSV1-A5DFF60D92A8CB70,IS 13373:2026,Grass Shear — Specification (First Revision),ta,NOT_TRANSLATED,NEEDS_HUMAN_OR_MODEL_VALIDATION,AUXILIARY_ONLY
RV-V03-002491,MSV1-B666E597D3C3CF32,IS 13455:2026,Pirimiphos methyl emulsifiable concentrate (EC) - Specification (first revision),ta,NOT_TRANSLATED,NEEDS_HUMAN_OR_MODEL_VALIDATION,AUXILIARY_ONLY
RV-V03-002492,MSV1-BE54689B908AC103,IS 14299:2026,Neem extracts containing azadirachtin - Specification (first revision),ta,NOT_TRANSLATED,NEEDS_HUMAN_OR_MODEL_VALIDATION,AUXILIARY_ONLY
RV-V03-002493,MSV1-B561D829A20E1D81,IS 13790:2026,Kitazin emulsifiable concentrate (EC) - Specification (first revision),ta,NOT_TRANSLATED,NEEDS_HUMAN_OR_MODEL_VALIDATION,AUXILIARY_ONLY
RV-V03-002494,MSV1-2D85294AB77DF27A,IS 548 (Part 3/Sec 10):2026,Methods of sampling and test for oils and fats Part 3 Advanced instrumental methods Section 10 Determination of fatty-acid-bound chloropropanediols MCPDs and glycidol by GCMS Method using slow alkaline transesterification and measurement for 2-MCPD 3-MCPD and Glycidol,ta,NOT_TRANSLATED,NEEDS_HUMAN_OR_MODEL_VALIDATION,AUXILIARY_ONLY
RV-V03-002495,MSV1-3FCAA59EABAF313E,IS 548 (Part 3/Sec 11):2026,Methods of sampling and test for oils and fats Part 3 Advanced instrumental methods Section 11 Determination of fatty-acid-bound chloropropanediols MCPDs and glycidol by GCMS Method using acid transesterification and measurement for 2-MCPD 3-MCPD and Glycidol,ta,NOT_TRANSLATED,NEEDS_HUMAN_OR_MODEL_VALIDATION,AUXILIARY_ONLY
RV-V03-002496,MSV1-3E5FAEF49D3DC83F,IS 633:2026,DDT emulsifiable concentrate (EC) - Specification (third revision),ta,NOT_TRANSLATED,NEEDS_HUMAN_OR_MODEL_VALIDATION,AUXILIARY_ONLY
RV-V03-002497,MSV1-A7B4564986731D80,IS 19514:2026,Crop Protection Equipment — Belly-Mounter Hand-Rotary Duster — Specification,ta,NOT_TRANSLATED,NEEDS_HUMAN_OR_MODEL_VALIDATION,AUXILIARY_ONLY
RV-V03-002498,MSV1-BFF847BAB5A68855,IS 17274 (Part 14):2026,Respiratory Protective Devices — Methods of Test and Test Equipment Part 14 Measurement of Sound Pressure Level,ta,NOT_TRANSLATED,NEEDS_HUMAN_OR_MODEL_VALIDATION,AUXILIARY_ONLY
RV-V03-002499,MSV1-BC072D622C8886B1,IS 7124:2026,Gun Powder — Specification ( First Revision ),ta,NOT_TRANSLATED,NEEDS_HUMAN_OR_MODEL_VALIDATION,AUXILIARY_ONLY
RV-V03-002500,MSV1-544D2F2804C6D327,IS 19517 (Part 2):2026,Eye and Face Protection — Sunglasses and Related Eyewear Part 2 Filters for Direct Observation of the Sun,ta,NOT_TRANSLATED,NEEDS_HUMAN_OR_MODEL_VALIDATION,AUXILIARY_ONLY
RV-V03-002501,MSV1-2EF373BD9DFF76B6,IS 6456:2026,Double Row Radial Ball Bearings — Specification (first revision),ta,NOT_TRANSLATED,NEEDS_HUMAN_OR_MODEL_VALIDATION,AUXILIARY_ONLY
RV-V03-002502,MSV1-D5BEE9B2B607D1F3,IS 4211:2026,Gauges -- Thread Pitch Gauges for ISO Metric Screw Threads (Pitch Range 0.4 mm To 6 mm) -- Specification (Second Revision ),ta,NOT_TRANSLATED,NEEDS_HUMAN_OR_MODEL_VALIDATION,AUXILIARY_ONLY
RV-V03-002503,MSV1-08236BE96DA81500,IS 12102:2026,Tapered Roller Bearings — Specification (First Revision),ta,NOT_TRANSLATED,NEEDS_HUMAN_OR_MODEL_VALIDATION,AUXILIARY_ONLY
RV-V03-002504,MSV1-8774A2BBFD257F88,IS 9619:2026,Identification Code for Shell Type Needle Bearings (First Revision),ta,NOT_TRANSLATED,NEEDS_HUMAN_OR_MODEL_VALIDATION,AUXILIARY_ONLY
RV-V03-002505,MSV1-5D40ACA485B706DB,IS 6118:2026,"Pliers and nippers — Multiple slip joint pliers — Dimensions and test values (ISO 8976 : 2021, MOD) ( Third Revision )",ta,NOT_TRANSLATED,NEEDS_HUMAN_OR_MODEL_VALIDATION,AUXILIARY_ONLY
RV-V03-002506,MSV1-0800C6B75AFE91D6,IS 17527:2026,Conveyor Belts — Test Atmospheres and Conditioning Periods (First Revision),ta,NOT_TRANSLATED,NEEDS_HUMAN_OR_MODEL_VALIDATION,AUXILIARY_ONLY
RV-V03-002507,MSV1-3D89363E922E256B,IS 18508:2026,Chipboard screws — Specification (first revision),ta,NOT_TRANSLATED,NEEDS_HUMAN_OR_MODEL_VALIDATION,AUXILIARY_ONLY
RV-V03-002508,MSV1-241A51B40D3C3C77,ISO 24342:2024,Resilient and textile floor coverings - Determination of side length edge straightness and squareness of tiles and planks (First Revision),ta,NOT_TRANSLATED,NEEDS_HUMAN_OR_MODEL_VALIDATION,AUXILIARY_ONLY
RV-V03-002509,MSV1-4481950565EF738D,IS 15790:2026,Fatigue Test Method for Transmission Precision Roller Chains and Leaf Chains (First Revision),ta,NOT_TRANSLATED,NEEDS_HUMAN_OR_MODEL_VALIDATION,AUXILIARY_ONLY
RV-V03-002510,MSV1-E34784D32A2082FD,IS 4215:2026,Needle Roller Bearings — Specification (Second Revision),ta,NOT_TRANSLATED,NEEDS_HUMAN_OR_MODEL_VALIDATION,AUXILIARY_ONLY
RV-V03-002511,MSV1-5D5DCF7332449679,IS 4217:2026,Rolling bearings -- Needle rollers -- Specification (Third Revision),ta,NOT_TRANSLATED,NEEDS_HUMAN_OR_MODEL_VALIDATION,AUXILIARY_ONLY
RV-V03-002512,MSV1-F4B20BE5754898D5,IS 19579:2026,"Rolling Bearings — Cast and Pressed Housings for Insert Bearings — Boundary Dimensions and Tolerances (ISO 3228 : 2013, MOD)",ta,NOT_TRANSLATED,NEEDS_HUMAN_OR_MODEL_VALIDATION,AUXILIARY_ONLY
RV-V03-002513,MSV1-7CD99FCBFD7A189D,IS 19661 (Part 1):2026,Safety Information for the Content of Piping Systems and Tanks : Part 1 Piping Systems,ta,NOT_TRANSLATED,NEEDS_HUMAN_OR_MODEL_VALIDATION,AUXILIARY_ONLY
RV-V03-002514,MSV1-2D5F94266BACC6BC,IS 19661 (Part 2):2026,Safety Information for the Content of Piping Systems and Tanks Part 2: Tanks,ta,NOT_TRANSLATED,NEEDS_HUMAN_OR_MODEL_VALIDATION,AUXILIARY_ONLY
RV-V03-002515,MSV1-C5D8A317200F30FB,IS 1966 (Part 3):2026,Textiles — Bursting Properties of Fabrics Part 3 Ball bursting method for determination of bursting strength and bursting distension,ta,NOT_TRANSLATED,NEEDS_HUMAN_OR_MODEL_VALIDATION,AUXILIARY_ONLY
RV-V03-002516,MSV1-E31F73A50C956EB6,IS 19601:2026,Robotics — Test methods for exoskeleton-type walking RACA robot,ta,NOT_TRANSLATED,NEEDS_HUMAN_OR_MODEL_VALIDATION,AUXILIARY_ONLY
RV-V03-002517,MSV1-C6A7421D9B3A9E61,IS 19508:2026,Selection of PPE for Waste Handling — Guidelines,ta,NOT_TRANSLATED,NEEDS_HUMAN_OR_MODEL_VALIDATION,AUXILIARY_ONLY
RV-V03-002518,MSV1-4A2145CF79D9C9AD,IS 840:2026,Cashewnut Shell Liquid CNSL - Specification,ta,NOT_TRANSLATED,NEEDS_HUMAN_OR_MODEL_VALIDATION,AUXILIARY_ONLY
RV-V03-002519,MSV1-3F226B2D25F8FFAA,IS 15205:2026,AUTO-OXIDATION HAIR DYES/COLOURS ― SPECIFICATION,ta,NOT_TRANSLATED,NEEDS_HUMAN_OR_MODEL_VALIDATION,AUXILIARY_ONLY
RV-V03-002520,MSV1-5F8C034A4D897B6B,IS 14482:2026,Irrigation Equipment - Polyethylene Micro Tubes for Drip Irrigation - Specification (First Revision),ta,NOT_TRANSLATED,NEEDS_HUMAN_OR_MODEL_VALIDATION,AUXILIARY_ONLY
RV-V03-002521,MSV1-B2308D2E8C057781,IS 15279:2026,SUGAR - METHODS OF TEST,ta,NOT_TRANSLATED,NEEDS_HUMAN_OR_MODEL_VALIDATION,AUXILIARY_ONLY
RV-V03-002522,MSV1-DB1BF60119582C5F,IS 14135:2026,CODE FOR HYGIENIC PRACTICES FOR PROCESSING AND HANDLING OF DEHYDRATED FRUITS AND VEGETABLES INCLUDING EDIBLE FUNGI,ta,NOT_TRANSLATED,NEEDS_HUMAN_OR_MODEL_VALIDATION,AUXILIARY_ONLY
RV-V03-002523,MSV1-BCE424133E16FE2B,IS 5832:2026,BLACK PEPPER OLEORESIN – SPECIFICATION,ta,NOT_TRANSLATED,NEEDS_HUMAN_OR_MODEL_VALIDATION,AUXILIARY_ONLY
RV-V03-002524,MSV1-632FAB450E9402CE,IS 7826:2026,GINGER OLEORESIN – SPECIFICATION,ta,NOT_TRANSLATED,NEEDS_HUMAN_OR_MODEL_VALIDATION,AUXILIARY_ONLY
RV-V03-002525,MSV1-AA75E0595955EF53,IS 10925:2026,TURMERIC OLEORESIN SPECIFICATION,ta,NOT_TRANSLATED,NEEDS_HUMAN_OR_MODEL_VALIDATION,AUXILIARY_ONLY
RV-V03-002526,MSV1-6A382FDF6C4BFA64,IS 13062:2026,Irrigation Equipment and Systems - Evaluation of Field Irrigation Efficiencies - Guidelines (First Revision),ta,NOT_TRANSLATED,NEEDS_HUMAN_OR_MODEL_VALIDATION,AUXILIARY_ONLY
RV-V03-002527,MSV1-E090677A75782DC2,IS 19432:2025,Dried dill — Specification,ta,NOT_TRANSLATED,NEEDS_HUMAN_OR_MODEL_VALIDATION,AUXILIARY_ONLY
RV-V03-002528,MSV1-C6736D16F67C5832,IS 19440:2025,Dried Parsley Petroselinum crispum Specification,ta,NOT_TRANSLATED,NEEDS_HUMAN_OR_MODEL_VALIDATION,AUXILIARY_ONLY
RV-V03-002529,MSV1-494748244E865810,IS 19576:2026,"Spices and condiments — Dried chive (Allium schoenoprasum L.), Cut and ground — Specification",ta,NOT_TRANSLATED,NEEDS_HUMAN_OR_MODEL_VALIDATION,AUXILIARY_ONLY
RV-V03-002530,MSV1-BE001B9134CD468E,IS 19439:2025,Spices and condiments Dried sumac Specification,ta,NOT_TRANSLATED,NEEDS_HUMAN_OR_MODEL_VALIDATION,AUXILIARY_ONLY
RV-V03-002531,MSV1-8BE2C076F3C69321,IS 19534:2025,Paper and board Determination of resistance to water penetration,ta,NOT_TRANSLATED,NEEDS_HUMAN_OR_MODEL_VALIDATION,AUXILIARY_ONLY
RV-V03-002532,MSV1-8267B69575351E02,IS 19530:2026,Paper and board Determination of compressive strength Ring crush method,ta,NOT_TRANSLATED,NEEDS_HUMAN_OR_MODEL_VALIDATION,AUXILIARY_ONLY
RV-V03-002533,MSV1-B29CB2AE26170834,IS 19527 (Part 1):2025,Paper and board Determination of grease resistance Part 1: Permeability test,ta,NOT_TRANSLATED,NEEDS_HUMAN_OR_MODEL_VALIDATION,AUXILIARY_ONLY
RV-V03-002534,MSV1-6F1542CD623240CE,IS 19608:2026,"Hot-rolled Carbon and Alloy Steel Plates, Sheets and Strips - Specification",ta,NOT_TRANSLATED,NEEDS_HUMAN_OR_MODEL_VALIDATION,AUXILIARY_ONLY
RV-V03-002535,MSV1-69E8E08E1DF6DFFF,IS 19584:2026,"Natural Gas Fuelling Stations — LNG Stations for Fuelling Vehicles (ISO 16924 : 2016, MOD)",ta,NOT_TRANSLATED,NEEDS_HUMAN_OR_MODEL_VALIDATION,AUXILIARY_ONLY
RV-V03-002536,MSV1-58B1250B4FC651EF,IS 1493 (Part 12):2026,Methods of chemical analysis of iron ores: Part 12 Determination of various elements — Inductively coupled plasma atomic emission spectrometric method,ta,NOT_TRANSLATED,NEEDS_HUMAN_OR_MODEL_VALIDATION,AUXILIARY_ONLY
RV-V03-002537,MSV1-150175E757DA92BF,IS 19605 (Part 1):2026,"Petroleum, petrochemical and natural gas industries — Axial and centrifugal compressors and expander compressors — Part 1: General requirements (Adoption of ISO 10439-1: 2015)",ta,NOT_TRANSLATED,NEEDS_HUMAN_OR_MODEL_VALIDATION,AUXILIARY_ONLY
RV-V03-002538,MSV1-AF2B254BD0D84805,IS 19605 (Part 2):2026,"Petroleum, petrochemical and natural gas industries — Axial and centrifugal compressors and expander compressors — Part 2: Non-integrally geared centrifugal and axial compressors. (Adoption of ISO 10439-2: 2015)",ta,NOT_TRANSLATED,NEEDS_HUMAN_OR_MODEL_VALIDATION,AUXILIARY_ONLY
RV-V03-002539,MSV1-D7992CCC431F0AE5,IS 19605 (Part 3):2026,"Petroleum, petrochemical and natural gas industries — Axial and centrifugal compressors and expander compressors — Part 3: Integrally geared centrifugal compressors (Adoption of ISO 10439-3: 2015)",ta,NOT_TRANSLATED,NEEDS_HUMAN_OR_MODEL_VALIDATION,AUXILIARY_ONLY
RV-V03-002540,MSV1-EA027ADDC3BB875A,IS 19605 (Part 4):2026,"Petroleum, petrochemical and natural gas industries — Axial and centrifugal compressors and expander compressors — Part 4: Expander-compressors (Adoption of ISO 10439-4: 2015)",ta,NOT_TRANSLATED,NEEDS_HUMAN_OR_MODEL_VALIDATION,AUXILIARY_ONLY
RV-V03-002541,MSV1-B4515ECE619EB668,IS 19604 (Part 1):2026,"Petroleum, petrochemical and natural gas industries — Rotary-type positive, displacement compressors — Part 1: Process compressors (Adoption of ISO 10440-1: 2007)",ta,NOT_TRANSLATED,NEEDS_HUMAN_OR_MODEL_VALIDATION,AUXILIARY_ONLY
RV-V03-002542,MSV1-5A215135CD40F70C,IS 19604 (Part 2):2026,Petroleum and natural gas industries — Rotary-type positive-displacement compressors — Part 2: Packaged air compressors (oil-free) (Adoption of ISO 10440-2: 2001),ta,NOT_TRANSLATED,NEEDS_HUMAN_OR_MODEL_VALIDATION,AUXILIARY_ONLY
RV-V03-002543,MSV1-A767F2F6316C0B01,IS 19549:2026,Acoustics — Noise Emitted by Machinery and Equipment — Determination of Emission Sound Pressure Levels at a Work Station and at other Specified Positions in an Essentially Free Field over a Reflecting Plane with Negligible Environmental Corrections,ta,NOT_TRANSLATED,NEEDS_HUMAN_OR_MODEL_VALIDATION,AUXILIARY_ONLY
RV-V03-002544,MSV1-168F1928C46BB19E,IS 19544 (Part 1):2026,Acoustics — Determination of Sound Power Levels and Sound Energy Levels of Noise Sources Using Sound Pressure — Engineering Methods for Small Movable Sources in Reverberant Fields Part 1 Comparison Method for a Hard-Walled Test Room,ta,NOT_TRANSLATED,NEEDS_HUMAN_OR_MODEL_VALIDATION,AUXILIARY_ONLY
RV-V03-002545,MSV1-5CEE3AF4D4FDE4EC,IS 19548:2026,Acoustics — Noise Emitted by Machinery and Equipment — Determination of Emission Sound Pressure Levels at a Work Station and at other Specified Positions from the Sound Power Level,ta,NOT_TRANSLATED,NEEDS_HUMAN_OR_MODEL_VALIDATION,AUXILIARY_ONLY
RV-V03-002546,MSV1-1BB55FA3BFB65382,IS 19547:2026,Acoustics — Noise Emitted by Machinery and Equipment — Determination of Emission Sound Pressure Levels at a Work Station and at other Specified Positions Applying Accurate Environmental Corrections,ta,NOT_TRANSLATED,NEEDS_HUMAN_OR_MODEL_VALIDATION,AUXILIARY_ONLY
RV-V03-002547,MSV1-755EA0131DF62A6A,IS 19545:2026,Acoustics — Noise Emitted by Machinery and Equipment — Engineering Method for the Determination of Emission Sound Pressure Levels in Situ at the Work Station and at other Specified Positions using Sound Intensity,ta,NOT_TRANSLATED,NEEDS_HUMAN_OR_MODEL_VALIDATION,AUXILIARY_ONLY
RV-V03-002548,MSV1-40B4D6862179A113,IS 19553:2026,Acoustics — Determination of Sound Power Levels and Sound Energy Levels of Noise Sources using Sound Pressure — Survey Method Using an Enveloping Measurement Surface over a Reflecting Plane,ta,NOT_TRANSLATED,NEEDS_HUMAN_OR_MODEL_VALIDATION,AUXILIARY_ONLY
RV-V03-002549,MSV1-79A143F3A7944811,IS 19552:2026,Acoustics — Determination of Sound Power Levels and Sound Energy Levels of Noise Sources using Sound Pressure — Engineering/Survey Methods for use in Situ in a Reverberant Environment,ta,NOT_TRANSLATED,NEEDS_HUMAN_OR_MODEL_VALIDATION,AUXILIARY_ONLY
RV-V03-002550,MSV1-2EC58DF180F72629,IS 2507:2026,Cold-reduced carbon and alloy steel sheets and strips - Specification,ta,NOT_TRANSLATED,NEEDS_HUMAN_OR_MODEL_VALIDATION,AUXILIARY_ONLY
RV-V03-002551,MSV1-FF276AAD50D08732,IS 19617:2026,Dentistry Pre-capsulated Dental Amalgam,ta,NOT_TRANSLATED,NEEDS_HUMAN_OR_MODEL_VALIDATION,AUXILIARY_ONLY
RV-V03-002552,MSV1-C302DCDD2FA9E33C,IS 19495:2026,Dentistry Mandrels for Rotary Instruments,ta,NOT_TRANSLATED,NEEDS_HUMAN_OR_MODEL_VALIDATION,AUXILIARY_ONLY
RV-V03-002553,MSV1-17362F3D02C198CD,IS 19619 (Part 1):2026,Dentistry Portable Dental Equipment for use in NonPermanent Healthcare Environment Part 1 General Requirements,ta,NOT_TRANSLATED,NEEDS_HUMAN_OR_MODEL_VALIDATION,AUXILIARY_ONLY
RV-V03-002554,MSV1-C4B0E1A904F9794B,IS 19619 (Part 3):2026,Dentistry Portable Dental Equipment for use in NonPermanent Healthcare Environment Part 3 Portable Suction Equipment,ta,NOT_TRANSLATED,NEEDS_HUMAN_OR_MODEL_VALIDATION,AUXILIARY_ONLY
RV-V03-002555,MSV1-F9E1929E63837621,IS 19620:2026,Dentistry Physical Properties of Powered Toothbrushes,ta,NOT_TRANSLATED,NEEDS_HUMAN_OR_MODEL_VALIDATION,AUXILIARY_ONLY
RV-V03-002556,MSV1-A3142E9F72BED312,IS 19616:2026,Dentistry Screw Loosening Test Using Cyclic Torsional Loading for Implant BodyImplant Abutment Connection of Endosseous Dental Implants,ta,NOT_TRANSLATED,NEEDS_HUMAN_OR_MODEL_VALIDATION,AUXILIARY_ONLY
RV-V03-002557,MSV1-5FC09869B61A0559,IS 19506:2026,Statistical methods Six Sigma Basic criteria underlying benchmarking for Six Sigma in organisations,ta,NOT_TRANSLATED,NEEDS_HUMAN_OR_MODEL_VALIDATION,AUXILIARY_ONLY
RV-V03-002558,MSV1-B801B53C437F50DE,IS 19507:2026,Quantitative Methods in Process Improvement - Six Sigma - Competencies for Key Personnel and their Organizations in relation to Six Sigma and Lean Implementation,ta,NOT_TRANSLATED,NEEDS_HUMAN_OR_MODEL_VALIDATION,AUXILIARY_ONLY
RV-V03-002559,MSV1-E1C61201B0966E37,IS 18875 (Part 10471):2026,Health Informatics — Device Interoperability Part 10471 Personal Health Device Communication — Device Specialization — Independent Living Activity Hub,ta,NOT_TRANSLATED,NEEDS_HUMAN_OR_MODEL_VALIDATION,AUXILIARY_ONLY
RV-V03-002560,MSV1-050B4BF5C602EF32,IS 19421:2026,Genomics Informatics — Data Elements and their Metadata for Describing the Microsatellite Instability (MSI) Information of Clinical Massive Parallel DNA Sequencing,ta,NOT_TRANSLATED,NEEDS_HUMAN_OR_MODEL_VALIDATION,AUXILIARY_ONLY
RV-V03-002561,MSV1-0D7CBD56421CC2AA,IS 19633:2026,Sustainable tourism Indicators for organizations in the tourism value chain Requirements and guidance for use,ta,NOT_TRANSLATED,NEEDS_HUMAN_OR_MODEL_VALIDATION,AUXILIARY_ONLY
RV-V03-002562,MSV1-E2E1502346FADB5C,IS 19453:2025,Ophthalmic optics Spectacle frames Screw threads,ta,NOT_TRANSLATED,NEEDS_HUMAN_OR_MODEL_VALIDATION,AUXILIARY_ONLY
RV-V03-002563,MSV1-4764B0C8D47A04AF,IS 19477 (Part 3):2026,Dentistry Dental Furnace Part 3 Test method for the evaluation of high temperature sintering furnace measurement with a separate thermocouple,ta,NOT_TRANSLATED,NEEDS_HUMAN_OR_MODEL_VALIDATION,AUXILIARY_ONLY
RV-V03-002564,MSV1-7005BF57991C3CF9,IS 18875 (Part 10472):2026,Health Informatics — Device Interoperability Part 10472 Personal Health Device Communication — Device Specialization — Medication Monitor,ta,NOT_TRANSLATED,NEEDS_HUMAN_OR_MODEL_VALIDATION,AUXILIARY_ONLY
RV-V03-002565,MSV1-4165531C62A5C2A7,IS 19435:2026,Genomics Informatics — Data Elements and their Metadata for Describing the Tumor Mutation Burden (TMB) Information of Clinical Massive Parallel DNA Sequencing,ta,NOT_TRANSLATED,NEEDS_HUMAN_OR_MODEL_VALIDATION,AUXILIARY_ONLY
RV-V03-002566,MSV1-7611CC7139AA670B,IS ISO 6204:2024,Health Informatics — Categorial Structures for Representation of Ayurvedic Medicinal Water — Decocting Process in Ayurveda,ta,NOT_TRANSLATED,NEEDS_HUMAN_OR_MODEL_VALIDATION,AUXILIARY_ONLY
RV-V03-002567,MSV1-BE20456F05F314EF,IS 19482:2026,Genomics Informatics — Omics Markup Language (OML),ta,NOT_TRANSLATED,NEEDS_HUMAN_OR_MODEL_VALIDATION,AUXILIARY_ONLY
RV-V03-002568,MSV1-5C80EEF07B10E466,IS 18867 (Part 4):2026,Health Informatics — Medical Waveform Format Part 4 Stress Test Electrocardiography,ta,NOT_TRANSLATED,NEEDS_HUMAN_OR_MODEL_VALIDATION,AUXILIARY_ONLY
RV-V03-002569,MSV1-DA74D52DF2D73B2B,IS 19503:2026,Implants for Surgery Determination of Impact Resistance of Ceramic Femoral Heads for Hip Joint Prostheses,ta,NOT_TRANSLATED,NEEDS_HUMAN_OR_MODEL_VALIDATION,AUXILIARY_ONLY
RV-V03-002570,MSV1-B8475AA9F99C6DCC,IS 19504:2026,Implants for Surgery Mechanical Testing of Implantable Spinal Devices Fatigue Test Method for Spinal Implant Assemblies Using an Anterior Support,ta,NOT_TRANSLATED,NEEDS_HUMAN_OR_MODEL_VALIDATION,AUXILIARY_ONLY
RV-V03-002571,MSV1-FDAC7C14FAD055C1,IS 19491:2026,Implants for Surgery Test Solutions and Environmental Conditions for Static and Dynamic Corrosion Tests on Implantable Materials and Medical Devices,ta,NOT_TRANSLATED,NEEDS_HUMAN_OR_MODEL_VALIDATION,AUXILIARY_ONLY
RV-V03-002572,MSV1-6EB7526DB7684150,IS 19502:2026,Implants for Surgery Measurements of Open-circuit Potential to Assess Corrosion Behaviour of Metallic Implantable Materials and Medical Devices Over Extended Time Periods,ta,NOT_TRANSLATED,NEEDS_HUMAN_OR_MODEL_VALIDATION,AUXILIARY_ONLY
RV-V03-002573,MSV1-2C8AC8B4F263C6DA,IS 19492 (Part 1):2025,Implants for Surgery - Wear of Total Intervertebral Spinal Disc Prostheses Part 1 Loading and Displacement Parameters for Wear Testing and Corresponding Environmental Conditions for Test,ta,NOT_TRANSLATED,NEEDS_HUMAN_OR_MODEL_VALIDATION,AUXILIARY_ONLY
RV-V03-002574,MSV1-98F9BE0A660D2D41,IS 19501 (Part 1):2026,Implants for Surgery Orthopaedic Joint Prosthesis Part 1 Procedure for Producing Parametric 3D Bone Models from CT Data of the Knee,ta,NOT_TRANSLATED,NEEDS_HUMAN_OR_MODEL_VALIDATION,AUXILIARY_ONLY
RV-V03-002575,MSV1-4868B12CFA2B05C4,IS 19499:2026,Implants for Surgery Metallic Materials Classification of Microstructures for AlphaBeta Titanium Alloy Bars,ta,NOT_TRANSLATED,NEEDS_HUMAN_OR_MODEL_VALIDATION,AUXILIARY_ONLY
RV-V03-002576,MSV1-A115761F6E5FC557,IS 19500:2026,Implants for Surgery Wear of Total Ankle-Joint Prostheses Loading and Displacement Parameters for Wear-Testing Machines with Load or Displacement Control and Corresponding Environmental Conditions for Test,ta,NOT_TRANSLATED,NEEDS_HUMAN_OR_MODEL_VALIDATION,AUXILIARY_ONLY
RV-V03-002577,MSV1-5D9300AE919503E6,IS 17798:2026,Genomics Informatics — Data Elements and their Metadata for Describing Structured Clinical Genomic Sequence Information in Electronic Health Records (First Revision),ta,NOT_TRANSLATED,NEEDS_HUMAN_OR_MODEL_VALIDATION,AUXILIARY_ONLY
RV-V03-002578,MSV1-744CA2B91793F4DB,IS 18875 (Part 10425):2026,Health Informatics — Device Interoperability Part 10425 Personal Health Device Communication — Device Specialization — Continuous Glucose Monitor (CGM) (First Revision),ta,NOT_TRANSLATED,NEEDS_HUMAN_OR_MODEL_VALIDATION,AUXILIARY_ONLY
RV-V03-002579,MSV1-0B79375C3F947381,IS 62680 (Part 4):2022,Universal Serial Bus Interfaces for Data and Power - Part 4-1: Universal Serial Bus 4 Specification,ta,NOT_TRANSLATED,NEEDS_HUMAN_OR_MODEL_VALIDATION,AUXILIARY_ONLY
RV-V03-002580,MSV1-CAF82A75786DDA69,IS/ISO 55011:2024,Asset management Guidance for the development of public policy to enable asset management,ta,NOT_TRANSLATED,NEEDS_HUMAN_OR_MODEL_VALIDATION,AUXILIARY_ONLY
RV-V03-002581,MSV1-42B10F35670774B0,IS/ISO 55012:2024,Asset management Guidance on people involvement and competence,ta,NOT_TRANSLATED,NEEDS_HUMAN_OR_MODEL_VALIDATION,AUXILIARY_ONLY
RV-V03-002582,MSV1-BE4F6D5762D3A4A4,IS/ISO/IEC 22123 (Part 2):2023,Information technology Cloud computing Part 2: Concepts,ta,NOT_TRANSLATED,NEEDS_HUMAN_OR_MODEL_VALIDATION,AUXILIARY_ONLY
RV-V03-002583,MSV1-301E1828E2C497D0,IS 63240 (Part 1):2026,Active Assisted Living AAL Reference Architecture and Architecture Model Part 1: Reference Architecture,ta,NOT_TRANSLATED,NEEDS_HUMAN_OR_MODEL_VALIDATION,AUXILIARY_ONLY
RV-V03-002584,MSV1-7D731DE5A1F7B095,IS/IEC 63240 (Part 2):2020,Active Assisted Living AAL Reference Architecture and Architecture Model Part 2: Architecture Model,ta,NOT_TRANSLATED,NEEDS_HUMAN_OR_MODEL_VALIDATION,AUXILIARY_ONLY
RV-V03-002585,MSV1-86B6330CAED6800D,IS 63416:2026,Ethical Considerations of Artificial Intelligence AI When Applied in the Active Assisted Living AAL Context,ta,NOT_TRANSLATED,NEEDS_HUMAN_OR_MODEL_VALIDATION,AUXILIARY_ONLY
RV-V03-002586,MSV1-D6662D0093CEE5B2,IS/ISO/IEC 30134 (Part 7):2023,Information technology — Data centres key performance indicators — Part 7: Cooling efficiency ratio (CER),ta,NOT_TRANSLATED,NEEDS_HUMAN_OR_MODEL_VALIDATION,AUXILIARY_ONLY
RV-V03-002587,MSV1-AF5B95ECF37D0E71,IS/ISO/TS 55010:2024,Asset management - Guidance on the alignment of financial and non-financial functions in asset management (First Revision),ta,NOT_TRANSLATED,NEEDS_HUMAN_OR_MODEL_VALIDATION,AUXILIARY_ONLY
RV-V03-002588,MSV1-62F9B858CEA8C728,IEC 61196 (Part 1/Sec 105):2026,Coaxial Communication Cables Part 1- Electrical Test Methods Section 105 Test for Withstand Voltage of Cable Dielectric First Revision,ta,NOT_TRANSLATED,NEEDS_HUMAN_OR_MODEL_VALIDATION,AUXILIARY_ONLY
RV-V03-002589,MSV1-08541AE68ED2A565,IS/IEC 60793 (Part 1/Sec 46):2024,Optical fibres: Part 1 measurement methods and test procedures: Sec 46 monitoring of changes in optical transmittance first Revision,ta,NOT_TRANSLATED,NEEDS_HUMAN_OR_MODEL_VALIDATION,AUXILIARY_ONLY
RV-V03-002590,MSV1-C9D83517DCA44DB5,IS/IEC 60793 (Part 1/Sec 45):2024,Optical Fibres Part 1 Measurement Methods and Test Procedures Section 45 Mode field diameter Second Revision,ta,NOT_TRANSLATED,NEEDS_HUMAN_OR_MODEL_VALIDATION,AUXILIARY_ONLY
RV-V03-002591,MSV1-F6B7C5A4A8D2933B,IS/IEC 60793 (Part 1/Sec 44):2023,Optical fibres: Part 1 measurement methods and test procedures: Sec 44 cut - Off wavelength first Revision,ta,NOT_TRANSLATED,NEEDS_HUMAN_OR_MODEL_VALIDATION,AUXILIARY_ONLY
RV-V03-002592,MSV1-38E657DFFCD32CCB,IS 1251:2026,"Zinc phosphide, technical - Specification (fourth revision)",ta,NOT_TRANSLATED,NEEDS_HUMAN_OR_MODEL_VALIDATION,AUXILIARY_ONLY
RV-V03-002593,MSV1-C847B1546147F98A,IS 12004:2026,Isoproturon technical - Specification first revision,ta,NOT_TRANSLATED,NEEDS_HUMAN_OR_MODEL_VALIDATION,AUXILIARY_ONLY
RV-V03-002594,MSV1-DF46F52F4F9D6818,IS 7516:2026,Trap Nests for Poultry – Specification (First Revision),ta,NOT_TRANSLATED,NEEDS_HUMAN_OR_MODEL_VALIDATION,AUXILIARY_ONLY
RV-V03-002595,MSV1-B4F49C65757549DC,IS 1551:2026,Carbon Papers - Typewriters -Specification (Third Revision),ta,NOT_TRANSLATED,NEEDS_HUMAN_OR_MODEL_VALIDATION,AUXILIARY_ONLY
RV-V03-002596,MSV1-BAEF6B55EC268A38,IS 4395:2026,Inks and Allied Industry — Glossary of Terms,ta,NOT_TRANSLATED,NEEDS_HUMAN_OR_MODEL_VALIDATION,AUXILIARY_ONLY
RV-V03-002597,MSV1-ECACD538ED1D885E,IS 4737:2026,Chromite for Chemical Industries - Specification (Second Revision),ta,NOT_TRANSLATED,NEEDS_HUMAN_OR_MODEL_VALIDATION,AUXILIARY_ONLY
RV-V03-002598,MSV1-90F6EB305F5CAEB3,IS 5672:2026,Mineral mixtures for supplementing poultry feeds Specification ( Second Revision ),ta,NOT_TRANSLATED,NEEDS_HUMAN_OR_MODEL_VALIDATION,AUXILIARY_ONLY
RV-V03-002599,MSV1-4B29600AA059655B,IS 13329:2026,TRIADIMEFON WETTABLE POWDER WP SPECIFICATION first revision,ta,NOT_TRANSLATED,NEEDS_HUMAN_OR_MODEL_VALIDATION,AUXILIARY_ONLY
RV-V03-002600,MSV1-3368332549227E5A,IS 13330:2026,BITERTANOL TECHNICAL SPECIFICATION first revision,ta,NOT_TRANSLATED,NEEDS_HUMAN_OR_MODEL_VALIDATION,AUXILIARY_ONLY
RV-V03-002601,MSV1-38925AD37AAB4639,IS 13331:2026,BITERTANOL WETTABLE POWDER WP SPECIFICATION first revision,ta,NOT_TRANSLATED,NEEDS_HUMAN_OR_MODEL_VALIDATION,AUXILIARY_ONLY
RV-V03-002602,MSV1-7D49B3978E84876E,IS 13402:2026,ANILOPHOS TECHNICAL SPECIFICATION first revision,ta,NOT_TRANSLATED,NEEDS_HUMAN_OR_MODEL_VALIDATION,AUXILIARY_ONLY
RV-V03-002603,MSV1-20C9489A616DA393,IS 13800:2026,Shoe Sizes Method of Marking First Revision,ta,NOT_TRANSLATED,NEEDS_HUMAN_OR_MODEL_VALIDATION,AUXILIARY_ONLY
RV-V03-002604,MSV1-F52997B0B5895479,IS 15937:2026,Meat and meat products Determination of chloramphenicol content Reference method First Revision of IS 15937 Adoption of ISO 13493 : 2021,ta,NOT_TRANSLATED,NEEDS_HUMAN_OR_MODEL_VALIDATION,AUXILIARY_ONLY
RV-V03-002605,MSV1-753ED5FAFD3031C1,IS 19518:2026,Papta Desi Carica papaya L dried pericarp of fruits for use in Traditional Medicine Specification,ta,NOT_TRANSLATED,NEEDS_HUMAN_OR_MODEL_VALIDATION,AUXILIARY_ONLY
RV-V03-002606,MSV1-4C7C9E60D0AB5348,IS 17274 (Part 4):2026,"Respiratory Protective Devices — Methods of Test and Test Equipment Part 4 Determination of gas filter capacity and migration, desorption and carbon monoxide dynamic testing",ta,NOT_TRANSLATED,NEEDS_HUMAN_OR_MODEL_VALIDATION,AUXILIARY_ONLY
RV-V03-002607,MSV1-D5744052BF230FCB,IS 19420:2026,Personal Protective Equipment — Test Methods for Sunglasses and Related Eyewear,ta,NOT_TRANSLATED,NEEDS_HUMAN_OR_MODEL_VALIDATION,AUXILIARY_ONLY
RV-V03-002608,MSV1-953194F43F8FCAD1,IS 19517 (Part 1):2026,Eye and Face Protection — Sunglasses and Related Eyewear Part 1 Sunglasses for General Use,ta,NOT_TRANSLATED,NEEDS_HUMAN_OR_MODEL_VALIDATION,AUXILIARY_ONLY
RV-V03-002609,MSV1-E866C99335C53356,IS 19509:2026,Justicia adhatoda Hydro-alcoholic Extract for Use in Homoeopathy Specification,ta,NOT_TRANSLATED,NEEDS_HUMAN_OR_MODEL_VALIDATION,AUXILIARY_ONLY
RV-V03-002610,MSV1-0518AFC6A520AA6B,IS 1946 (Part 4):2026,"Fixing Devices in Walls, Ceilings and Floors of Solid Construction Part 4 Testing and Assessment of Post-Installed Mechanical Anchoring Systems ( First Revision )",ta,NOT_TRANSLATED,NEEDS_HUMAN_OR_MODEL_VALIDATION,AUXILIARY_ONLY
RV-V03-002611,MSV1-D8945DAE51128E3F,IS 6911:2026,"STAINLESS STEEL PLATE, SHEET AND STRIP - SPECIFICATION (Third revision)",ta,NOT_TRANSLATED,NEEDS_HUMAN_OR_MODEL_VALIDATION,AUXILIARY_ONLY
RV-V03-002612,MSV1-D60CBB83D78AE371,IS 17175 (Part 1):2026,Steel Measurement Method for the Evaluation of Hydrogen Embrittlement Resistance of High Strength Steels Part 1: Constant Load Test,ta,NOT_TRANSLATED,NEEDS_HUMAN_OR_MODEL_VALIDATION,AUXILIARY_ONLY
RV-V03-002613,MSV1-7E45D6F315F2E73E,IS 19558 (Part 1):2026,Energy Audits Part 1 General Requirements with Guidance for use (First Revision),ta,NOT_TRANSLATED,NEEDS_HUMAN_OR_MODEL_VALIDATION,AUXILIARY_ONLY
RV-V03-002614,MSV1-0E715450D2B5A8F2,IS 16656:2026,REFRIGERANTS — DESIGNATION AND SAFETY CLASSIFICATION ( First Revision of IS 16656 : 2017/ISO 817 : 2014 ),ta,NOT_TRANSLATED,NEEDS_HUMAN_OR_MODEL_VALIDATION,AUXILIARY_ONLY
RV-V03-002615,MSV1-E0F9033C7DBCB910,IS 16672 (Part 1):2026,REFRIGERATED DISPLAY CABINETS PART 1 VOCABULARY [ First Revision of IS 16672 (Part 1) : 2017/ISO 23953-1 : 2015] ( Adoption of ISO 23953-1 : 2023),ta,NOT_TRANSLATED,NEEDS_HUMAN_OR_MODEL_VALIDATION,AUXILIARY_ONLY
RV-V03-002616,MSV1-985383648064A339,IS 2062 (Part 2):2026,"Structural Steel - Part 2 - Hot Rolled Quenched and Tempered Steel Plates, Sheets, Strips and Wide Flats",ta,NOT_TRANSLATED,NEEDS_HUMAN_OR_MODEL_VALIDATION,AUXILIARY_ONLY
RV-V03-002617,MSV1-0B59BC2BB1AEEE5B,IS 19626:2026,Electrolytic Zinc-Nickel Alloy Coated Steel Sheet and Strip- Specification,ta,NOT_TRANSLATED,NEEDS_HUMAN_OR_MODEL_VALIDATION,AUXILIARY_ONLY
RV-V03-002618,MSV1-73BCA84A42A24AB4,IS 19571:2026,BUILDING CONSTRUCTION MACHINERY AND EQUIPMENT CONCRETE SPRAYING MACHINES TERMINOLOGY AND COMMERCIAL SPECIFICATIONS Adoption of ISO 21592,ta,NOT_TRANSLATED,NEEDS_HUMAN_OR_MODEL_VALIDATION,AUXILIARY_ONLY
RV-V03-002619,MSV1-CF47FE721FA5D165,IS 19569:2026,BUILDING CONSTRUCTION MACHINERY AND EQUIPMENT PEDESTRIAN-CONTROLLED VIBRATORY PLATES TERMINOLOGY AND COMMERCIAL SPECIFICATIONS Adoption of ISO 19433,ta,NOT_TRANSLATED,NEEDS_HUMAN_OR_MODEL_VALIDATION,AUXILIARY_ONLY
RV-V03-002620,MSV1-85636550788621FF,IS 19566 (Part 1):2026,BUILDING CONSTRUCTION MACHINERY AND EQUIPMENT CONCRETE PLACING SYSTEMS FOR STATIONARY EQUIPMENT PART 1 TERMINOLOGY AND COMMERCIAL SPECIFICATIONS Adoption of ISO 17740-1,ta,NOT_TRANSLATED,NEEDS_HUMAN_OR_MODEL_VALIDATION,AUXILIARY_ONLY
RV-V03-002621,MSV1-BC328CAB218C7A2B,IS 19558 (Part 3):2026,Energy Audits Part 3 Guidance for Conducting an Energy Audit using ISO 50002-1 in Processes,ta,NOT_TRANSLATED,NEEDS_HUMAN_OR_MODEL_VALIDATION,AUXILIARY_ONLY
RV-V03-002622,MSV1-D98D0299B59AB748,IS 19557:2026,Clean Cookstoves and Clean Cooking Solutions — Test Protocols for Institutional Cookstoves,ta,NOT_TRANSLATED,NEEDS_HUMAN_OR_MODEL_VALIDATION,AUXILIARY_ONLY
RV-V03-002623,MSV1-98EBCD0A359757DD,IS 19603:2026,"Petroleum, chemical and gas service industries — Packaged, integrally geared centrifugal air compressors (Adoption of ISO 10442: 2002)",ta,NOT_TRANSLATED,NEEDS_HUMAN_OR_MODEL_VALIDATION,AUXILIARY_ONLY
RV-V03-002624,MSV1-FB6DBD16D9ECF27B,IS 19551:2026,Acoustics — Noise Emitted by Machinery and Equipment — Determination of Emission Sound Pressure Levels at a Work Station and at other Specified Positions Applying Approximate Environmental Corrections,ta,NOT_TRANSLATED,NEEDS_HUMAN_OR_MODEL_VALIDATION,AUXILIARY_ONLY
RV-V03-002625,MSV1-F0055A0F68FDD912,IS 16502 (Part 5):2026,Safety of Machinery Electro-Sensitive Protective Equipment Part 5 Particular Requirements for Radar-Based Protective Devices,ta,NOT_TRANSLATED,NEEDS_HUMAN_OR_MODEL_VALIDATION,AUXILIARY_ONLY
RV-V03-002626,MSV1-4F29ACEAD092F139,IS 19598:2026,E-COMMERCE- PRINCIPLES AND GUIDELINES FOR SELF-GOVERNANCE,ta,NOT_TRANSLATED,NEEDS_HUMAN_OR_MODEL_VALIDATION,AUXILIARY_ONLY
RV-V03-002627,MSV1-4EFAE4DE38C2AF45,IS/ISO/IEC 5140:2024,Information technology Cloud computing Concepts for multi-cloud and the use of multiple cloud services,ta,NOT_TRANSLATED,NEEDS_HUMAN_OR_MODEL_VALIDATION,AUXILIARY_ONLY
RV-V03-002628,MSV1-C5E674F636C1DA84,IS 19621:2026,Dentistry Graphical Symbols for Dental Instruments,ta,NOT_TRANSLATED,NEEDS_HUMAN_OR_MODEL_VALIDATION,AUXILIARY_ONLY
RV-V03-002629,MSV1-294DAA007B4995A5,IS 18775 (Part 20701):2025,Health Informatics — Device Interoperability Part 20701 Point-of-Care Medical Device Communication — Service Oriented Medical Device Exchange Architecture and Protocol Binding,ta,NOT_TRANSLATED,NEEDS_HUMAN_OR_MODEL_VALIDATION,AUXILIARY_ONLY
RV-V03-002630,MSV1-0A84A0F70458436D,IS 18875 (Part 40102):2026,Health Informatics — Device Interoperability Part 40101 Foundational — Cybersecurity — Processes for Vulnerability Assessment,ta,NOT_TRANSLATED,NEEDS_HUMAN_OR_MODEL_VALIDATION,AUXILIARY_ONLY
RV-V03-002631,MSV1-1BF8B5BE10AD57C5,IS 18875 (Part 40102):2025,Health Informatics — Device Interoperability Part 40102 Foundational — Cybersecurity — Capabilities for Mitigation,ta,NOT_TRANSLATED,NEEDS_HUMAN_OR_MODEL_VALIDATION,AUXILIARY_ONLY
RV-V03-002632,MSV1-D90FFBE61B733AE7,IS 10467:2026,Sound System Equipment Listening Tests on Loudspeakers (First Revision),ta,NOT_TRANSLATED,NEEDS_HUMAN_OR_MODEL_VALIDATION,AUXILIARY_ONLY
RV-V03-002633,MSV1-5D8D5279A6C61703,IS 5155:2026,Medical Laboratory Glassware Ostwald-Folin Type Pipettes Specification First Revision,ta,NOT_TRANSLATED,NEEDS_HUMAN_OR_MODEL_VALIDATION,AUXILIARY_ONLY
RV-V03-002634,MSV1-6D5B0E1F9759EC1D,IS 6944:2026,Medical Laboratory Glassware — Bijou Bacteriological Bottle — Specification (First Revision),ta,NOT_TRANSLATED,NEEDS_HUMAN_OR_MODEL_VALIDATION,AUXILIARY_ONLY
RV-V03-002635,MSV1-BD8E99AA22CD0D1D,IS 16504 (Part 32):2026,Safety of Machinery - Electrical Equipment of Machines Part 32 Requirements for Hoisting Machines (First Revision),ta,NOT_TRANSLATED,NEEDS_HUMAN_OR_MODEL_VALIDATION,AUXILIARY_ONLY
RV-V03-002636,MSV1-561BEB9BA9CF018C,IS 17521:2026,Safety of Machinery Security Aspects Related to Functional Safety of Safety Related Control Systems (First Revision),ta,NOT_TRANSLATED,NEEDS_HUMAN_OR_MODEL_VALIDATION,AUXILIARY_ONLY
RV-V03-002637,MSV1-C5072671A8BCE975,IS 16784:2026,INSULATORS FOR OVERHEAD LINES COMPOSITE SUSPENSION AND TENSION INSULATORS WITH a.c. VOLTAGE GREATER THAN 1 000 V AND d.c. VOLTAGE GREATER THAN 1 500 V DEFINITIONS TEST METHODS AND ACCEPTANCE CRITERIA (First Revision),ta,NOT_TRANSLATED,NEEDS_HUMAN_OR_MODEL_VALIDATION,AUXILIARY_ONLY
RV-V03-002638,MSV1-0D9AF2D55367CCAD,IS/IEC 62820 (Part 1/Sec 2):2017,Building intercom systems Part 1-2: System requirements Building intercom systems using the internet protocol IP,ta,NOT_TRANSLATED,NEEDS_HUMAN_OR_MODEL_VALIDATION,AUXILIARY_ONLY
RV-V03-002639,MSV1-E80B563B00362FB5,IS/IEC 62820 (Part 3/Sec 1):2017,Building intercom systems Part 3-1: Application guidelines General,ta,NOT_TRANSLATED,NEEDS_HUMAN_OR_MODEL_VALIDATION,AUXILIARY_ONLY
RV-V03-002640,MSV1-8F8B9C586F4E5272,IS/IEC 62820 (Part 3/Sec 2):2018,Building intercom systems Part 3-2: Application guidelines Advanced security building intercom systems ASBIS,ta,NOT_TRANSLATED,NEEDS_HUMAN_OR_MODEL_VALIDATION,AUXILIARY_ONLY
RV-V03-002641,MSV1-C27F887FB984D511,IS 16910 (Part 5/Sec 1):2026,Video surveillance systems for use in security applications Part 5-1: Data specifications and image quality performance for camera devices Environmental test methods for image quality performance,ta,NOT_TRANSLATED,NEEDS_HUMAN_OR_MODEL_VALIDATION,AUXILIARY_ONLY
RV-V03-002642,MSV1-86216FDA606427B2,IS/IEC 62851 (Part 1):2014,Alarm and electronic security systems Social alarm systems Part 1: System requirements,ta,NOT_TRANSLATED,NEEDS_HUMAN_OR_MODEL_VALIDATION,AUXILIARY_ONLY
RV-V03-002643,MSV1-6A0C21E03FFC4D13,IS/IEC 62851 (Part 3):2014,Alarm and electronic security systems Social alarm systems Part 3: Local unit and controller,ta,NOT_TRANSLATED,NEEDS_HUMAN_OR_MODEL_VALIDATION,AUXILIARY_ONLY
RV-V03-002644,MSV1-B544ED0F37FC7977,IS 16910 (Part 2/Sec 33)2026,Video surveillance systems for use in security applications Part 2-33: Video transmission protocols Cloud uplink and remote management system access,ta,NOT_TRANSLATED,NEEDS_HUMAN_OR_MODEL_VALIDATION,AUXILIARY_ONLY
RV-V03-002645,MSV1-9CAAB83771FCC727,IS/IEC 62820 (Part 2):2017,Building intercom systems Part 2: System requirements Building intercom systems using the Internet Protocol IP,ta,NOT_TRANSLATED,NEEDS_HUMAN_OR_MODEL_VALIDATION,AUXILIARY_ONLY
RV-V03-002646,MSV1-24ABED3D718ABA51,IS 16910 (Part 2/Sec 11)2026,Video Surveillance Systems VSS for use in security applications - Part 2-11: Video transmission protocols - Interop profiles for VMS and cloud VSaaS systems for safe cities and law enforcement,ta,NOT_TRANSLATED,NEEDS_HUMAN_OR_MODEL_VALIDATION,AUXILIARY_ONLY
RV-V03-002647,MSV1-F04CB376049ECC23,IS/IEC 62851 (Part 2):2014,Alarm and electronic security systems - Social alarm systems - Part 2: Trigger devices,ta,NOT_TRANSLATED,NEEDS_HUMAN_OR_MODEL_VALIDATION,AUXILIARY_ONLY
RV-V03-002648,MSV1-977650DB8FAA6CD1,IS/IEC 62851 (Part 5):2014,Alarm and electronic security systems Social alarm systems Part 5: Interconnections and communications,ta,NOT_TRANSLATED,NEEDS_HUMAN_OR_MODEL_VALIDATION,AUXILIARY_ONLY
RV-V03-002649,MSV1-DA0D920D22EFCB9D,IS/ISO/IEC 11801 (Part 9910):2020,Information technology Generic cabling systems for customer premises Part 9910: Specifications for modular plug terminated link cabling,ta,NOT_TRANSLATED,NEEDS_HUMAN_OR_MODEL_VALIDATION,AUXILIARY_ONLY
RV-V03-002650,MSV1-1F108F633F95A430,IS/ISO/IEC 11801 (Part 6):2017,Information technology Generic cabling for customer premises Part 6: Distributed building services,ta,NOT_TRANSLATED,NEEDS_HUMAN_OR_MODEL_VALIDATION,AUXILIARY_ONLY
RV-V03-002651,MSV1-6A124B39D24DBB09,IS/ISO/IEC 11801 (Part 9909):2020,Information technology Generic cabling systems for customer premises Part 9909: Evaluation of balanced cabling in support of 25 Gbits for reach greater than 30 metres,ta,NOT_TRANSLATED,NEEDS_HUMAN_OR_MODEL_VALIDATION,AUXILIARY_ONLY
RV-V03-002652,MSV1-9F19051F0974B2EA,IS 17798 (Part 3):2025,Cable Networks for Television Signals Sound Signals and Interactive Services - Part 3: Active Wideband Equipment for Cable Networks,ta,NOT_TRANSLATED,NEEDS_HUMAN_OR_MODEL_VALIDATION,AUXILIARY_ONLY
RV-V03-002653,MSV1-508C419920CEB167,IS 14231 (Part 4):2026,Cable Networks for Television Signals Sound Signals and Interactive Services -Part 4: Passive Wideband Equipment for Coaxial Cable Networks First Revision,ta,NOT_TRANSLATED,NEEDS_HUMAN_OR_MODEL_VALIDATION,AUXILIARY_ONLY
RV-V03-002654,MSV1-F9345ADCD1C43C11,IS 2264:2026,Acoustics - Preferred frequencies (First Revision),ta,NOT_TRANSLATED,NEEDS_HUMAN_OR_MODEL_VALIDATION,AUXILIARY_ONLY
RV-V03-002655,MSV1-ACE8B1A9505D7F27,IS 7709:2026,Underwater acoustics - Hydrophones – Properties of hydrophones in the frequency range 1 Hz to 500 kHz (First Revision),ta,NOT_TRANSLATED,NEEDS_HUMAN_OR_MODEL_VALIDATION,AUXILIARY_ONLY
RV-V03-002656,MSV1-A93AE222567640FA,IS 14231 (Part 5):2026,Cable Networks for Television Signals Sound Signals and Interactive Services - Part 5: Headend Equipment First Revision,ta,NOT_TRANSLATED,NEEDS_HUMAN_OR_MODEL_VALIDATION,AUXILIARY_ONLY
RV-V03-002657,MSV1-2A2D4C7AD5417E46,IS 8159:2026,Scales and Sizes for Plotting Frequency Characteristics and Polar Diagrams(Second Revision),ta,NOT_TRANSLATED,NEEDS_HUMAN_OR_MODEL_VALIDATION,AUXILIARY_ONLY
RV-V03-002658,MSV1-B26A6DF349D397B9,IS 14231 (Part 7):2026,Cable Networks for Television Signals Sound Signals and Interactive Services - Part 7: Electromagnetic Compatibility of Systems First Revision,ta,NOT_TRANSLATED,NEEDS_HUMAN_OR_MODEL_VALIDATION,AUXILIARY_ONLY
RV-V03-002659,MSV1-D00A8B044088E37D,IS 14231 (Part 1):2026,Cable networks for television signals sound signals and interactive services Part 1: System performance of forward paths First Revision,ta,NOT_TRANSLATED,NEEDS_HUMAN_OR_MODEL_VALIDATION,AUXILIARY_ONLY
RV-V03-002660,MSV1-179935837B8C97CD,IS/IEC 60118 (Part 12):1996,Hearing aids - Dimensions of electrical connecter systems (Second Revision),ta,NOT_TRANSLATED,NEEDS_HUMAN_OR_MODEL_VALIDATION,AUXILIARY_ONLY
RV-V03-002661,MSV1-CBCF2842A8C9908E,IS 60118 (Part 9):2019,Electroacoustics - Hearing Aids - Part 9: Methods of Measurement of The Performance Characteristics of Bone Conduction Hearing Aids First Revision,ta,NOT_TRANSLATED,NEEDS_HUMAN_OR_MODEL_VALIDATION,AUXILIARY_ONLY
RV-V03-002662,MSV1-E5CD245E553AD4D5,IS/IEC 60318 (Part 6):2007,Electroacoustics Simulators of Human Head and Ear Part 6: Mechanical Coupler for The Measurement of Bone Vibrators First Revision,ta,NOT_TRANSLATED,NEEDS_HUMAN_OR_MODEL_VALIDATION,AUXILIARY_ONLY
RV-V03-002663,MSV1-D75B43E1125344FA,IS 389 (Part 3):2016,Acoustics Reference Zero for The Calibration of Audiometric Equipment Part 3: Reference Equivalent Threshold Vibratory Force Levels For Pure Tones and Bone Vibrators,ta,NOT_TRANSLATED,NEEDS_HUMAN_OR_MODEL_VALIDATION,AUXILIARY_ONLY
RV-V03-002664,MSV1-76CCA987ECB1ED9F,IS/IEC 60793 (Part 1/Sec 41):2024,Optical fibres Part 1 Measurement Methods and Test Procedures Section 41 Bandwidth first Revision,ta,NOT_TRANSLATED,NEEDS_HUMAN_OR_MODEL_VALIDATION,AUXILIARY_ONLY
RV-V03-002665,MSV1-F3DE7ED18509B966,IS/IEC 60793 (Part 1/Sec 34):2021,Optical fibres Optical fibres: Part 1 measurement methods and test procedures: Sec 34 fibre curl first Revision,ta,NOT_TRANSLATED,NEEDS_HUMAN_OR_MODEL_VALIDATION,AUXILIARY_ONLY
RV-V03-002666,MSV1-6C90D41CA299EC6A,IS/IEC 60793 (Part 1/Sec 32):2018,Optical fibres: Part 1 measurement methods and test procedures: Sec 32 coating strippability first Revision,ta,NOT_TRANSLATED,NEEDS_HUMAN_OR_MODEL_VALIDATION,AUXILIARY_ONLY
RV-V03-002667,MSV1-5935CB0719E22D17,IS/IEC 60793 (Part 1/Sec 31):2019,Optical fibres: Part 1 measurement methods and test procedures: Sec 31 tensile strength First Revision,ta,NOT_TRANSLATED,NEEDS_HUMAN_OR_MODEL_VALIDATION,AUXILIARY_ONLY
RV-V03-002668,MSV1-A18B44F5E280A940,IS 9989 (Part 2):2025,Acoustics Description Measurement and Assessment of Environmental Noise Part 2: Determination of Sound Pressure Levels,ta,NOT_TRANSLATED,NEEDS_HUMAN_OR_MODEL_VALIDATION,AUXILIARY_ONLY
RV-V03-002669,MSV1-30ABF6B1C4E341D8,IS 1996 (Part 1):2016,Acoustics Description Measurement and Assessment of Environmental Noise Part 1: Basic Quantities and Assessment Procedures,ta,NOT_TRANSLATED,NEEDS_HUMAN_OR_MODEL_VALIDATION,AUXILIARY_ONLY
RV-V03-002670,MSV1-3542EA3F513AB34C,IS/IEC 60461:2021,Time and control code,ta,NOT_TRANSLATED,NEEDS_HUMAN_OR_MODEL_VALIDATION,AUXILIARY_ONLY
RV-V03-002671,MSV1-B0507743A6428CD4,IS 19479:2026,Sterile Blades for Ophthalmic Microsurgeries for Single Use-Requirements and Test Methods,ta,NOT_TRANSLATED,NEEDS_HUMAN_OR_MODEL_VALIDATION,AUXILIARY_ONLY
RV-V03-002672,MSV1-89B82BFB75FA5792,IS 18489 (Part 2):2026,Dentistry Digital Impression Devices Part 2 Methods for Assessing Accuracy for Implanted Devices,ta,NOT_TRANSLATED,NEEDS_HUMAN_OR_MODEL_VALIDATION,AUXILIARY_ONLY
RV-V03-002673,MSV1-A44533B7A86FF21F,IS 8152:2026,Method of measurement of speed fluctuations in sound recording and reproducing equipment First Revision,ta,NOT_TRANSLATED,NEEDS_HUMAN_OR_MODEL_VALIDATION,AUXILIARY_ONLY
RV-V03-002674,MSV1-4F9DC8D85BC3ED0A,IS/ISO/IEC 14496 (Part 12):2022,Information Technology Coding of Audio-Visual Objects Part 12: ISO Base Media File Format,ta,NOT_TRANSLATED,NEEDS_HUMAN_OR_MODEL_VALIDATION,AUXILIARY_ONLY
RV-V03-002675,MSV1-26B4524C24EDE1B6,IS 2254:2026,Dimensions of vertical shaft motors for pumps,ta,NOT_TRANSLATED,NEEDS_HUMAN_OR_MODEL_VALIDATION,AUXILIARY_ONLY
RV-V03-002676,MSV1-FCE1ABFB03A1D6AE,IS/IEC 60875 (Part 1):2024,Fibre optic interconnecting devices and passive components Non-wavelength-selective fibre optic branching devices Part 1: Generic specification First Revision,ta,NOT_TRANSLATED,NEEDS_HUMAN_OR_MODEL_VALIDATION,AUXILIARY_ONLY
RV-V03-002677,MSV1-C4D7D29660D33BF1,IS/ISO/IEC 19790:2025,Information Security Cybersecurity and Privacy Protection Security Requirements For Cryptographic Modules First Revision,ta,NOT_TRANSLATED,NEEDS_HUMAN_OR_MODEL_VALIDATION,AUXILIARY_ONLY
RV-V03-002678,MSV1-95EF888C0C25C83E,IS 19526:2026,Digital Platform Conformity Assessment,ta,NOT_TRANSLATED,NEEDS_HUMAN_OR_MODEL_VALIDATION,AUXILIARY_ONLY
RV-V03-002679,MSV1-8A8E737882B237CA,IS/ISO/IEC 27035 (Part 4):2024,Information Technology Information Security Incident Management Part 4: Coordination,ta,NOT_TRANSLATED,NEEDS_HUMAN_OR_MODEL_VALIDATION,AUXILIARY_ONLY
RV-V03-002680,MSV1-EAA1A12BFA992DCF,IS 19541:2026,EARTH-MOVING MACHINERY HYDRAULIC BREAKERS TERMINOLOGY AND COMMERCIAL SPECIFICATIONS,ta,NOT_TRANSLATED,NEEDS_HUMAN_OR_MODEL_VALIDATION,AUXILIARY_ONLY
RV-V03-002681,MSV1-CB75D22EB48A2549,IS 19563:2026,Jewellery and precious metals Determination of high purity gold silver platinum and palladium Difference method using SPARK-OES,ta,NOT_TRANSLATED,NEEDS_HUMAN_OR_MODEL_VALIDATION,AUXILIARY_ONLY
RV-V03-002682,MSV1-988717EB148452D9,IS 19565 (Part 2):2026,BUILDING CONSTRUCTION MACHINERY AND EQUIPMENT TRUCK MIXERS PART 2 SAFETY REQUIREMENTS Adoption of ISO 19711-2,ta,NOT_TRANSLATED,NEEDS_HUMAN_OR_MODEL_VALIDATION,AUXILIARY_ONLY
RV-V03-002683,MSV1-996FDC01FCA4280F,IS 19570 (Part 1):2026,BUILDING CONSTRUCTION MACHINERY AND EQUIPMENT PLANTS FOR THE PREPARATION OF CONCRETE AND MORTAR PART 1 TERMINOLOGY AND COMMERCIAL SPECIFICATIONS Adoption of ISO 19720-1,ta,NOT_TRANSLATED,NEEDS_HUMAN_OR_MODEL_VALIDATION,AUXILIARY_ONLY
RV-V03-002684,MSV1-2983874B08754C2E,IS 19573:2026,ROAD CONSTRUCTION AND MAINTENANCE EQUIPMENT CHIPPINGS SPREADERS TERMINOLOGY AND COMMERCIAL SPECIFICATIONS Adoption of ISO 15644,ta,NOT_TRANSLATED,NEEDS_HUMAN_OR_MODEL_VALIDATION,AUXILIARY_ONLY
RV-V03-002685,MSV1-AE91DE9DEF9B6CB5,IS 19574:2026,ROAD CONSTRUCTION AND MAINTENANCE EQUIPMENT POWDER BINDER SPREADERS TERMINOLOGY AND COMMERCIAL SPECIFICATION Adoption of ISO 15689,ta,NOT_TRANSLATED,NEEDS_HUMAN_OR_MODEL_VALIDATION,AUXILIARY_ONLY
RV-V03-002686,MSV1-8372F0AFFE1EDA34,IS 19572:2026,DRILLING AND FOUNDATION MACHINERY HORIZONTAL DIRECTIONAL DRILLING HDD MACHINES COMMERCIAL SPECIFICATIONS Adoption of ISO 21467,ta,NOT_TRANSLATED,NEEDS_HUMAN_OR_MODEL_VALIDATION,AUXILIARY_ONLY
RV-V03-002687,MSV1-DA5D35D59B3A89E5,IS 19565 (Part 1):2026,BUILDING CONSTRUCTION MACHINERY AND EQUIPMENT TRUCK MIXERS PART 1 TERMINOLOGY AND COMMERCIAL SPECIFICATIONS Adoption of ISO 19711-1,ta,NOT_TRANSLATED,NEEDS_HUMAN_OR_MODEL_VALIDATION,AUXILIARY_ONLY
RV-V03-002688,MSV1-13A37DEFFC4A8D4A,IS 9999:2026,Specification and Safety Requirements for Diesel Locomotives used in Mines,ta,NOT_TRANSLATED,NEEDS_HUMAN_OR_MODEL_VALIDATION,AUXILIARY_ONLY
RV-V03-002689,MSV1-AB4A8A3DC5FE122F,IS 1943:2026,Textiles — A — Twill Jute Bags — Specification ( Third Revision ),ta,NOT_TRANSLATED,NEEDS_HUMAN_OR_MODEL_VALIDATION,AUXILIARY_ONLY
RV-V03-002690,MSV1-C6E0E12A2134AEEB,IS 2566:2026,Textiles BTwill Jute Bags for Packing Food grains Specification,ta,NOT_TRANSLATED,NEEDS_HUMAN_OR_MODEL_VALIDATION,AUXILIARY_ONLY
RV-V03-002691,MSV1-107A0235696AC684,IS 3667:2026,Textiles — B — Twill Jute Cloth — Specification,ta,NOT_TRANSLATED,NEEDS_HUMAN_OR_MODEL_VALIDATION,AUXILIARY_ONLY
RV-V03-002692,MSV1-C27B9053B32F7C17,IS 17623:2026,Water reuse Vocabulary First Revision,ta,NOT_TRANSLATED,NEEDS_HUMAN_OR_MODEL_VALIDATION,AUXILIARY_ONLY
RV-V03-002693,MSV1-8A2B1BB926743F92,IS 13323:2026,"Pliers and nippers — Slip joint pliers — Dimensions and test values (ISO 9343 : 2021, MOD) ( Second Revision )",ta,NOT_TRANSLATED,NEEDS_HUMAN_OR_MODEL_VALIDATION,AUXILIARY_ONLY
RV-V03-002694,MSV1-1EAE7F4A95F49168,IS 18507:2026,Drywall screws — Specification (first revision),ta,NOT_TRANSLATED,NEEDS_HUMAN_OR_MODEL_VALIDATION,AUXILIARY_ONLY
RV-V03-002695,MSV1-E3AEA4F6FCB2D208,IS 3082:2026,Assembly Tools for Screws and Nuts — Hexagon Socket Screw Keys ( Fourth) Revision ),ta,NOT_TRANSLATED,NEEDS_HUMAN_OR_MODEL_VALIDATION,AUXILIARY_ONLY
RV-V03-002696,MSV1-51352396E5738078,IS 18554:2026,Textile floor coverings - Water impermeability test (first revision),ta,NOT_TRANSLATED,NEEDS_HUMAN_OR_MODEL_VALIDATION,AUXILIARY_ONLY
RV-V03-002697,MSV1-97D7B2E37BCAE515,IS 11205:2026,Textile floor coverings — Vocabulary (Second Revision),ta,NOT_TRANSLATED,NEEDS_HUMAN_OR_MODEL_VALIDATION,AUXILIARY_ONLY
RV-V03-002698,MSV1-BA921BABBFA96F15,IS 15891 (Part 6):2026,"Nonwovens — Test Methods Part 6 Absorption (First Revision) (ISO 9073 – 6 : 2025, MOD)",ta,NOT_TRANSLATED,NEEDS_HUMAN_OR_MODEL_VALIDATION,AUXILIARY_ONLY
RV-V03-002699,MSV1-837B5D3994F98EC8,IS 15891 (Part 7):2026,"Nonwovens — Test Methods Part 7 Determination of Bending Length (First Revision) (ISO 9073 – 7 : 2025, MOD)",ta,NOT_TRANSLATED,NEEDS_HUMAN_OR_MODEL_VALIDATION,AUXILIARY_ONLY
RV-V03-002700,MSV1-121C93C850CA548D,IS 837:2026,Textiles — Doffer and Flat Stripping Comb Blades — Specification (Second Revision),ta,NOT_TRANSLATED,NEEDS_HUMAN_OR_MODEL_VALIDATION,AUXILIARY_ONLY
RV-V03-002701,MSV1-A22D395DE49873EC,IS 19524:2026,Hydraulic Impulse Tools -- Specification,ta,NOT_TRANSLATED,NEEDS_HUMAN_OR_MODEL_VALIDATION,AUXILIARY_ONLY
RV-V03-002702,MSV1-0C870B59777C045A,IS 19538:2026,Internal Combustion Engines - Piston Rings - Oil Control Rings,ta,NOT_TRANSLATED,NEEDS_HUMAN_OR_MODEL_VALIDATION,AUXILIARY_ONLY
RV-V03-002703,MSV1-70EE8B40D57FD173,ISO/SAE 21434:2021,ROAD VEHICLES CYBER SECURITY ENGINEERING,ta,NOT_TRANSLATED,NEEDS_HUMAN_OR_MODEL_VALIDATION,AUXILIARY_ONLY
RV-V03-002704,MSV1-2771FC049E99875D,IS 19577 (Part 1):2026,Textiles — Test methods for evaluating the electrostatic propensity of fabrics Part 1 Test method using corona charging,ta,NOT_TRANSLATED,NEEDS_HUMAN_OR_MODEL_VALIDATION,AUXILIARY_ONLY
RV-V03-002705,MSV1-E6F77E0430616625,IS 19577 (Part 2):2026,Textiles — Test methods for evaluating the electrostatic propensity of fabrics Part 2 Test method using rotary mechanical friction,ta,NOT_TRANSLATED,NEEDS_HUMAN_OR_MODEL_VALIDATION,AUXILIARY_ONLY
RV-V03-002706,MSV1-D791CCE54E25572D,IS 19577 (Part 3):2026,Textiles — Test methods for evaluating the electrostatic propensity of fabrics Part 3 Test method using manual friction,ta,NOT_TRANSLATED,NEEDS_HUMAN_OR_MODEL_VALIDATION,AUXILIARY_ONLY
RV-V03-002707,MSV1-AF3A8ABA9DBDB8EF,IS 19577 (Part 4):2026,Textiles — Test methods for evaluating the electrostatic propensity of fabrics Part 4 Test method using horizontal mechanical friction,ta,NOT_TRANSLATED,NEEDS_HUMAN_OR_MODEL_VALIDATION,AUXILIARY_ONLY
RV-V03-002708,MSV1-A1A0C741EC0EF742,IS 19625:2026,Organization of Exhibitions - Recommendations and Requirements,ta,NOT_TRANSLATED,NEEDS_HUMAN_OR_MODEL_VALIDATION,AUXILIARY_ONLY
RV-V03-002709,MSV1-CF2F96AFA2097258,IS 19629:2026,"Internet of Things (IoT) - IoT for Stress Management , Good Health and Well-Being",ta,NOT_TRANSLATED,NEEDS_HUMAN_OR_MODEL_VALIDATION,AUXILIARY_ONLY
RV-V03-002710,MSV1-D326CBBC904B4CA4,IS 19581:2026,Sustainable Beach Operations - Requirements,ta,NOT_TRANSLATED,NEEDS_HUMAN_OR_MODEL_VALIDATION,AUXILIARY_ONLY
RV-V03-002711,MSV1-0559B4BDF88BEAA7,IS 19591:2026,Cold Chain Logistics - Vocabulary,ta,NOT_TRANSLATED,NEEDS_HUMAN_OR_MODEL_VALIDATION,AUXILIARY_ONLY
RV-V03-002712,MSV1-D1C81DBE0EBAD92C,IS 6690:2026,Blades for Rortary Tiller (Rotavator) — Specification (Second Revision),ta,NOT_TRANSLATED,NEEDS_HUMAN_OR_MODEL_VALIDATION,AUXILIARY_ONLY
RV-V03-002713,MSV1-267BC92F4EA912AA,IS 11380:2026,Pesticide Residues Analysis in Agricultural and Food Commodities Method of Sampling,ta,NOT_TRANSLATED,NEEDS_HUMAN_OR_MODEL_VALIDATION,AUXILIARY_ONLY
RV-V03-002714,MSV1-5574D2EC193D8FDD,IS 5804:2026,Poultry Beak Trimming Machine — Specification (Second Revision),ta,NOT_TRANSLATED,NEEDS_HUMAN_OR_MODEL_VALIDATION,AUXILIARY_ONLY
RV-V03-002715,MSV1-4523D14201535975,IS 5302:2026,Acetic Anhydride Code of Safety First Revision,ta,NOT_TRANSLATED,NEEDS_HUMAN_OR_MODEL_VALIDATION,AUXILIARY_ONLY
RV-V03-002716,MSV1-A1410102430FE4B3,IS 17936:2026,Fine Ceramics Advanced Ceramics Advanced Technical Ceramics Vocabulary First Revision,ta,NOT_TRANSLATED,NEEDS_HUMAN_OR_MODEL_VALIDATION,AUXILIARY_ONLY
RV-V03-002717,MSV1-3C9B5B8A77F0C25B,IS 10897:2026,Zinc Phosphate Pigment for Paints - Specification,ta,NOT_TRANSLATED,NEEDS_HUMAN_OR_MODEL_VALIDATION,AUXILIARY_ONLY
RV-V03-002718,MSV1-A234A11EACAE3AC0,IS 19470:2026,Gul-I-Guhal Hibiscus rosa-sinensis L dried flowers for use in Traditional Medicine Specification,ta,NOT_TRANSLATED,NEEDS_HUMAN_OR_MODEL_VALIDATION,AUXILIARY_ONLY
RV-V03-002719,MSV1-DC27EE1B7722D4E7,IS 19460:2026,Ficus racemosa L Stem Bark for Use in Traditional Medicine Specification,ta,NOT_TRANSLATED,NEEDS_HUMAN_OR_MODEL_VALIDATION,AUXILIARY_ONLY
RV-V03-002720,MSV1-711582C489CFDE18,IS 6742:2026,AIRCRAFT — JACKING PADS,ta,NOT_TRANSLATED,NEEDS_HUMAN_OR_MODEL_VALIDATION,AUXILIARY_ONLY
RV-V03-002721,MSV1-1062C7FAFDFED6C8,IS 551:2025,"Bonded abrasive products -- Shape types, designation and marking",ta,NOT_TRANSLATED,NEEDS_HUMAN_OR_MODEL_VALIDATION,AUXILIARY_ONLY
RV-V03-002722,MSV1-12C5A2BB5B2A7BA5,IS 8622:2026,Wire Wound Sliding Contact Rheostats for Use in Educational Institutions -- Specification (Second Revision),ta,NOT_TRANSLATED,NEEDS_HUMAN_OR_MODEL_VALIDATION,AUXILIARY_ONLY
RV-V03-002723,MSV1-C31BCE1EBF87E8D2,IS 15742:2026,Textiles - Clothing Made of Limited Flame Spread Materials for Protection against Heat and Flame - Specification (First Revision),ta,NOT_TRANSLATED,NEEDS_HUMAN_OR_MODEL_VALIDATION,AUXILIARY_ONLY
RV-V03-002724,MSV1-744B4E43893676F9,IS 16111:2026,Medical Textiles — Elastic Bandage — Specification (first revision),ta,NOT_TRANSLATED,NEEDS_HUMAN_OR_MODEL_VALIDATION,AUXILIARY_ONLY
RV-V03-002725,MSV1-86081C676C33DB30,IS 753:2026,"Textiles — Handloom Cotton Pugri Cloth, Bleached or Dyed — Specification (Second Revision)",ta,NOT_TRANSLATED,NEEDS_HUMAN_OR_MODEL_VALIDATION,AUXILIARY_ONLY
RV-V03-002726,MSV1-6EBB5390BB6D0852,IS 2028:2026,Open Jaw Wrenches (Spanners) — Specification ( Sixth Revision ),ta,NOT_TRANSLATED,NEEDS_HUMAN_OR_MODEL_VALIDATION,AUXILIARY_ONLY
RV-V03-002727,MSV1-24D5989C38C1797D,IS 2029:2026,RING WRENCHES (SPANNERS) — SPECIFICATION (Fifth Revision),ta,NOT_TRANSLATED,NEEDS_HUMAN_OR_MODEL_VALIDATION,AUXILIARY_ONLY
RV-V03-002728,MSV1-F21E58B1FDF9E019,IS 1364 (Part 3):2026,"Hexagon head bolts, screws and nuts of product grades A and B: Part 3 Hexagon nuts, style 1 (Size range M5 To M39) (sixth revision)",ta,NOT_TRANSLATED,NEEDS_HUMAN_OR_MODEL_VALIDATION,AUXILIARY_ONLY
RV-V03-002729,MSV1-5169EAF164597A07,IS 19520 (Part 3):2026,INTERNAL COMBUSTION ENGINES - PISTON RINGS - PART 3: COIL-SPRING-LOADED OIL CONTROL RINGS MADE OF STEEL,ta,NOT_TRANSLATED,NEEDS_HUMAN_OR_MODEL_VALIDATION,AUXILIARY_ONLY
RV-V03-002730,MSV1-090315B37F3883FE,IS 19521:2026,INTERNAL COMBUSTION ENGINES — PISTON RINGS — EXPANDER RAIL OIL-CONTROL RINGS,ta,NOT_TRANSLATED,NEEDS_HUMAN_OR_MODEL_VALIDATION,AUXILIARY_ONLY
RV-V03-002731,MSV1-B9B2996E7A660829,IS 19393:2026,Textiles - Sports Ropes - Specification,ta,NOT_TRANSLATED,NEEDS_HUMAN_OR_MODEL_VALIDATION,AUXILIARY_ONLY
RV-V03-002732,MSV1-1EAA44E6E20BE960,IS 5178:2026,Dental Gingival Margin Trimmers — Specification (First Revision),ta,NOT_TRANSLATED,NEEDS_HUMAN_OR_MODEL_VALIDATION,AUXILIARY_ONLY
RV-V03-002733,MSV1-599B312DCC78176D,IS 5217:2026,Dental Flask Clamp — Specification (First Revision),ta,NOT_TRANSLATED,NEEDS_HUMAN_OR_MODEL_VALIDATION,AUXILIARY_ONLY
RV-V03-002734,MSV1-A29CB13A9E8F1793,IS 7467:2026,Dental Matrix Bands — Specification (First Revision),ta,NOT_TRANSLATED,NEEDS_HUMAN_OR_MODEL_VALIDATION,AUXILIARY_ONLY
RV-V03-002735,MSV1-41259BF9033AE15B,IS 18658 (Part 2):2026,Ophthalmic implants Intraocular lenses Part 2: Optical properties and test methods,ta,NOT_TRANSLATED,NEEDS_HUMAN_OR_MODEL_VALIDATION,AUXILIARY_ONLY
RV-V03-002736,MSV1-588D4AE53E9B2C76,IS 19427:2026,Onsite diagnostic testing of power transformers for condition health assessment,ta,NOT_TRANSLATED,NEEDS_HUMAN_OR_MODEL_VALIDATION,AUXILIARY_ONLY
RV-V03-002737,MSV1-36989D788C897164,IS 18888 (Part 3):2026,Designing Online Course Contents and Quality Assessment of Course Content & Delivery Platform —Code of Practice Part 3 Online Course Hosting Platform Quality Model and Assessment Methodology,ta,NOT_TRANSLATED,NEEDS_HUMAN_OR_MODEL_VALIDATION,AUXILIARY_ONLY
RV-V03-002738,MSV1-E966A4B5C44D4442,IS 19391:2026,Neurosurgical implants Sterile single-use hydrocephalus shunts,ta,NOT_TRANSLATED,NEEDS_HUMAN_OR_MODEL_VALIDATION,AUXILIARY_ONLY
RV-V03-002739,MSV1-C19A33D54E2A891C,IS 19379:2026,Optics and Optical Instruments Ophthalmic Optics Formers,ta,NOT_TRANSLATED,NEEDS_HUMAN_OR_MODEL_VALIDATION,AUXILIARY_ONLY
RV-V03-002740,MSV1-3C180CAEDAA68BB5,IS 19443:2026,Ophthalmic optics Contact lens care products Microbiological requirements and test methods for products and regimens for hygienic management of contact lenses,ta,NOT_TRANSLATED,NEEDS_HUMAN_OR_MODEL_VALIDATION,AUXILIARY_ONLY
RV-V03-002741,MSV1-271E35AED8C28CFB,IS 19399:2026,Ophthalmic optics Contact lenses Determination of shelf- life,ta,NOT_TRANSLATED,NEEDS_HUMAN_OR_MODEL_VALIDATION,AUXILIARY_ONLY
RV-V03-002742,MSV1-24B0E8BF5D9B08BB,IS 19419:2026,Ophthalmic optics Contact lenses and contact lens care products Guidance for clinical investigations,ta,NOT_TRANSLATED,NEEDS_HUMAN_OR_MODEL_VALIDATION,AUXILIARY_ONLY
RV-V03-002743,MSV1-6EDB1C92F18B7D28,IS 19475:2026,Ophthalmic optics Contact lens care products Guidelines for determination of shelf-life,ta,NOT_TRANSLATED,NEEDS_HUMAN_OR_MODEL_VALIDATION,AUXILIARY_ONLY
RV-V03-002744,MSV1-7985776FE2A437D8,IS 19402:2026,Ophthalmic optics Contact lens care products Antimicrobial preservative efficacy testing and guidance on determining discard date,ta,NOT_TRANSLATED,NEEDS_HUMAN_OR_MODEL_VALIDATION,AUXILIARY_ONLY
RV-V03-002745,MSV1-2B4522929DD56B73,IS 19369:2026,Ophthalmic optics Contact lenses Hygienic management of multipatient use trial contact lenses,ta,NOT_TRANSLATED,NEEDS_HUMAN_OR_MODEL_VALIDATION,AUXILIARY_ONLY
RV-V03-002746,MSV1-4D0A307E74A7D67B,IS 19422:2026,Ophthalmic optics Spectacle lenses Short wavelength visible solar radiation and the eye,ta,NOT_TRANSLATED,NEEDS_HUMAN_OR_MODEL_VALIDATION,AUXILIARY_ONLY
RV-V03-002747,MSV1-B5616AC32DD287B4,IS 19417:2026,Ophthalmic implants Intraocular lenses Guidance on assessment of the need for clinical investigation of intraocular lens design modifications,ta,NOT_TRANSLATED,NEEDS_HUMAN_OR_MODEL_VALIDATION,AUXILIARY_ONLY
RV-V03-002748,MSV1-546515DE90395490,IS 19405:2026,Ophthalmic optics Contact lenses and contact lens care products Determination of physical compatibility of contact lens care products with contact lenses,ta,NOT_TRANSLATED,NEEDS_HUMAN_OR_MODEL_VALIDATION,AUXILIARY_ONLY
RV-V03-002749,MSV1-34A980916E1BC8A1,IS 19481:2026,Genomics Informatics — Phenopackets: A Format for Phenotypic Data Exchange,ta,NOT_TRANSLATED,NEEDS_HUMAN_OR_MODEL_VALIDATION,AUXILIARY_ONLY
RV-V03-002750,MSV1-004D876532FBF41B,IS 19431:2026,Health Informatics — Interoperability of Public Health Emergency Preparedness and Response Information Systems,ta,NOT_TRANSLATED,NEEDS_HUMAN_OR_MODEL_VALIDATION,AUXILIARY_ONLY
RV-V03-002751,MSV1-3CB25F3E3D0FCC21,IS 19480:2026,Health Informatics — Standardizing Graphical Content,ta,NOT_TRANSLATED,NEEDS_HUMAN_OR_MODEL_VALIDATION,AUXILIARY_ONLY
RV-V03-002752,MSV1-F0E70AFBC9B15633,IS 19425:2026,Health Informatics — Workforce Roles and Capabilities for Terminology and Terminology Services in Healthcare (Term Workforce),ta,NOT_TRANSLATED,NEEDS_HUMAN_OR_MODEL_VALIDATION,AUXILIARY_ONLY
RV-V03-002753,MSV1-2AE55817A86B4181,IS 19525:2026,Ophthalmic Optics Spectacle Lenses Fundamental Requirements for Uncut Finished Lenses,ta,NOT_TRANSLATED,NEEDS_HUMAN_OR_MODEL_VALIDATION,AUXILIARY_ONLY
RV-V03-002754,MSV1-1D630144BFF9317B,IS 5211:2026,"Dental Scissors, Straight and Curved — Specification (First Revision)",ta,NOT_TRANSLATED,NEEDS_HUMAN_OR_MODEL_VALIDATION,AUXILIARY_ONLY
RV-V03-002755,MSV1-142131340A0F074B,IS 5212:2026,"Dental Crown Scissors, Straight and Curved — Specification (First Revision)",ta,NOT_TRANSLATED,NEEDS_HUMAN_OR_MODEL_VALIDATION,AUXILIARY_ONLY
RV-V03-002756,MSV1-F5169850AE84A1DC,IS 10353:2026,Dental McKellops' Type Pliers — Specification (First Revision),ta,NOT_TRANSLATED,NEEDS_HUMAN_OR_MODEL_VALIDATION,AUXILIARY_ONLY
RV-V03-002757,MSV1-C6A8678DA4399A06,IS/IEC 61746 (Part 1):2009,Calibration of Optical Time-Domain Reflectometers OTDR First Revision,ta,NOT_TRANSLATED,NEEDS_HUMAN_OR_MODEL_VALIDATION,AUXILIARY_ONLY
RV-V03-002758,MSV1-FC11FB716615F6D2,IS/ISO/IEC 18031:2025,Information Technology Security Techniques Random Bit Generation First Revision,ta,NOT_TRANSLATED,NEEDS_HUMAN_OR_MODEL_VALIDATION,AUXILIARY_ONLY
RV-V03-002759,MSV1-7BB895FC107B8B81,IS/ISO/IEC 22123 (Part 1):2023,Information Technology Cloud Computing Part 1: Vocabulary First Revision,ta,NOT_TRANSLATED,NEEDS_HUMAN_OR_MODEL_VALIDATION,AUXILIARY_ONLY
RV-V03-002760,MSV1-E46511DE744B73B5,IS/IEC 62308:2006,Equipment Reliability Reliability assessment methods,ta,NOT_TRANSLATED,NEEDS_HUMAN_OR_MODEL_VALIDATION,AUXILIARY_ONLY
RV-V03-002761,MSV1-D3FE47102924D4E1,IS 17900 (Part 5):2026,LIFTS FOR THE TRANSPORT OF PERSONS AND GOODS : PART 5 GUIDE FOR INSPECTION OF LIFTS,ta,NOT_TRANSLATED,NEEDS_HUMAN_OR_MODEL_VALIDATION,AUXILIARY_ONLY
RV-V03-002762,MSV1-C95A8261458A7121,IS 19454:2026,Writable Functional Inks for Pens Conductive and Resistive,ta,NOT_TRANSLATED,NEEDS_HUMAN_OR_MODEL_VALIDATION,AUXILIARY_ONLY
RV-V03-002763,MSV1-8B038F2FB506783D,IS 19423:2026,Dentistry Compatibility Testing for Metal-Ceramic and Ceramic-Ceramic Systems,ta,NOT_TRANSLATED,NEEDS_HUMAN_OR_MODEL_VALIDATION,AUXILIARY_ONLY
RV-V03-002764,MSV1-AA110AED9ACB61D1,IS 19424:2026,Dentistry Polymer-Based Die Materials,ta,NOT_TRANSLATED,NEEDS_HUMAN_OR_MODEL_VALIDATION,AUXILIARY_ONLY
RV-V03-002765,MSV1-C7329CF58A446CFD,IS 19430:2026,Dentistry Bonding Test Between Polymer Teeth and Denture Base Materials,ta,NOT_TRANSLATED,NEEDS_HUMAN_OR_MODEL_VALIDATION,AUXILIARY_ONLY
RV-V03-002766,MSV1-029614298BA73967,IS 19494:2026,Dentistry Guidance on Colour Measurement,ta,NOT_TRANSLATED,NEEDS_HUMAN_OR_MODEL_VALIDATION,AUXILIARY_ONLY
RV-V03-002767,MSV1-03EC6D8C031531BD,IS 19429:2026,Dentistry Bore Diameters for Rotary Instruments such as Discs and Wheels,ta,NOT_TRANSLATED,NEEDS_HUMAN_OR_MODEL_VALIDATION,AUXILIARY_ONLY
RV-V03-002768,MSV1-861BE6CB17D13EC2,IS 19483:2026,Dentistry General Requirements for Instruments and Related Accessories Used in Dental Implant Placement and Treatment,ta,NOT_TRANSLATED,NEEDS_HUMAN_OR_MODEL_VALIDATION,AUXILIARY_ONLY
RV-V03-002769,MSV1-1E25E56D82900E20,IS 19401:2026,Dentistry Screening Method for Erosion Potential of Oral Rinses on Dental Hard Tissues,ta,NOT_TRANSLATED,NEEDS_HUMAN_OR_MODEL_VALIDATION,AUXILIARY_ONLY
RV-V03-002770,MSV1-AE6A7490694F7C55,IS/ISO/IEC 11801 (Part 4):2017,Information technology Generic cabling for customer premises Part 4: Single-tenant homes,ta,NOT_TRANSLATED,NEEDS_HUMAN_OR_MODEL_VALIDATION,AUXILIARY_ONLY
RV-V03-002771,MSV1-508E572E7442774A,IS/ISO/IEC 11801 (Part 9908):2020,Information technology Generic cabling systems for customer premises Part 9908: Guidance for the support of higher speed applications over optical fibre channels,ta,NOT_TRANSLATED,NEEDS_HUMAN_OR_MODEL_VALIDATION,AUXILIARY_ONLY
RV-V03-002772,MSV1-E7E07345D9D1196E,IS 19540:2026,EARTH-MOVING MACHINERY - TIP-OVER PROTECTION STRUCTURE TOPS FOR COMPACT EXCAVATORS - LABORATORY TESTS AND PERFORMANCE REQUIREMENTS,ta,NOT_TRANSLATED,NEEDS_HUMAN_OR_MODEL_VALIDATION,AUXILIARY_ONLY
RV-V03-002773,MSV1-037FB83E9F50737A,IS 19543 (Part 1):2026,PLASTICS AND RUBBER MACHINES CLAMPING SYSTEMS PART 1 SAFETY REQUIREMENTS FOR MAGNETIC CLAMPING SYSTEMS,ta,NOT_TRANSLATED,NEEDS_HUMAN_OR_MODEL_VALIDATION,AUXILIARY_ONLY
RV-V03-002774,MSV1-86D3A8A5B8BABCB6,IS 19560:2026,ROAD OPERATION MACHINERY AND ASSOCIATED EQUIPMENT SWEEPERS COMMERCIAL SPECIFICATIONS Adoption of ISO 24147,ta,NOT_TRANSLATED,NEEDS_HUMAN_OR_MODEL_VALIDATION,AUXILIARY_ONLY
RV-V03-002775,MSV1-E6D05F2C08C9F161,IS 19568:2026,BUILDING CONSTRUCTION MACHINERY AND EQUIPMENT CLASSIFICATION Adoption of ISOTR 12603,ta,NOT_TRANSLATED,NEEDS_HUMAN_OR_MODEL_VALIDATION,AUXILIARY_ONLY
RV-V03-002776,MSV1-ECC9021887775033,IS 19567:2026,BUILDING CONSTRUCTION MACHINERY AND EQUIPMENT PEDESTRIAN-CONTROLLED VIBRATORY PERCUSSION RAMMERS TERMINOLOGY AND COMMERCIAL SPECIFICATIONS Adoption of ISO 19452,ta,NOT_TRANSLATED,NEEDS_HUMAN_OR_MODEL_VALIDATION,AUXILIARY_ONLY
RV-V03-002777,MSV1-EF72F8436A27D864,IS 19564 (Part 1):2026,BUILDING CONSTRUCTION MACHINERY AND EQUIPMENT MOBILE CRUSHERS PART 1 TERMINOLOGY AND COMMERCIAL SPECIFICATIONS Adoption of ISO 21873-1,ta,NOT_TRANSLATED,NEEDS_HUMAN_OR_MODEL_VALIDATION,AUXILIARY_ONLY
RV-V03-002778,MSV1-544D9E9EC434E3A8,IS 19523:2026,Textiles — Children Apparel — Safety Requirements,ta,NOT_TRANSLATED,NEEDS_HUMAN_OR_MODEL_VALIDATION,AUXILIARY_ONLY
RV-V03-002779,MSV1-38E66B022F433279,IS 5348:2026,Stationery Staples — Specifications (Second Revision),ta,NOT_TRANSLATED,NEEDS_HUMAN_OR_MODEL_VALIDATION,AUXILIARY_ONLY
RV-V03-002780,MSV1-C4B835EE7FFEE49A,IS 19498:2025,Textiles — Treated Synthetic Fabrics for Conveyor Belts — Specification,ta,NOT_TRANSLATED,NEEDS_HUMAN_OR_MODEL_VALIDATION,AUXILIARY_ONLY
RV-V03-002781,MSV1-78D8A20A47A3413B,IS 19442:2026,Unani medicine Air extraction Hijama Cupping Device,ta,NOT_TRANSLATED,NEEDS_HUMAN_OR_MODEL_VALIDATION,AUXILIARY_ONLY
RV-V03-002782,MSV1-CC83C63F49DF409A,IS 19485:2026,Bkh-i-Sahajana Moringa oleifera Lam Root Bark for use in Traditional Medicine Specification,ta,NOT_TRANSLATED,NEEDS_HUMAN_OR_MODEL_VALIDATION,AUXILIARY_ONLY
RV-V03-002783,MSV1-4921BA7D009BEAF2,IS 18750 (Part 8/Sec 3):2026,"Unani medicine — Glossary of Terms, Part 8/Sec 3 Standardized Terminology used for Diseases of Lower Gastro-intestinal Tract (Intestine, Mesentery and other parts)",ta,NOT_TRANSLATED,NEEDS_HUMAN_OR_MODEL_VALIDATION,AUXILIARY_ONLY
RV-V03-002784,MSV1-A6BEE75A46AD4635,IS 10322 (Part 1):2026,Luminaires Part 1 General Requirements and Tests (second revision),ta,NOT_TRANSLATED,NEEDS_HUMAN_OR_MODEL_VALIDATION,AUXILIARY_ONLY
RV-V03-002785,MSV1-ED18B3FBEA541A7D,IS 16102 (Part 1):2026,Self-Ballasted LED Lamps for General Lighting Services Part 1 Safety Requirements (First Revision),ta,NOT_TRANSLATED,NEEDS_HUMAN_OR_MODEL_VALIDATION,AUXILIARY_ONLY
RV-V03-002786,MSV1-40F4E2B07CDCBCE5,IS 16102 (Part 2):2026,Self-Ballasted LED Lamps for General Lighting Services Part 2 Performance Requirements Second Revision,ta,NOT_TRANSLATED,NEEDS_HUMAN_OR_MODEL_VALIDATION,AUXILIARY_ONLY
RV-V03-002787,MSV1-F47858FAB95CA346,IS 16614 (Part 1):2026,Double-Capped LED Linear Lamps Part 1 Safety Requirements (First Revision),ta,NOT_TRANSLATED,NEEDS_HUMAN_OR_MODEL_VALIDATION,AUXILIARY_ONLY
RV-V03-002788,MSV1-927DBF112E19FC04,IS 10322 (Part 5/Sec 1):2026,Luminaires Part 5: Particular requirements Section 1: Fixed general purpose luminaires (Second Revision),ta,NOT_TRANSLATED,NEEDS_HUMAN_OR_MODEL_VALIDATION,AUXILIARY_ONLY
RV-V03-002789,MSV1-BA5290D886CD5F88,IS 10322 (Part 5/Sec 2):2026,Luminaires Part 5: Particular requirements Section 2: Recessed luminaires and recessed air-handling luminaires (Second Revision),ta,NOT_TRANSLATED,NEEDS_HUMAN_OR_MODEL_VALIDATION,AUXILIARY_ONLY
RV-V03-002790,MSV1-DF0AF40FA7ADD8EB,IS 10322 (Part 5/Sec 3):2026,Luminaires Part 5: Particular requirements Section 3: Luminaires for road and street lighting (Second Revision),ta,NOT_TRANSLATED,NEEDS_HUMAN_OR_MODEL_VALIDATION,AUXILIARY_ONLY
RV-V03-002791,MSV1-1E9D54803C545761,IS 10322 (Part 5/Sec 4):2026,Luminaires Part 5: Particular requirements Section 4: Portable general purpose luminaires (First Revision),ta,NOT_TRANSLATED,NEEDS_HUMAN_OR_MODEL_VALIDATION,AUXILIARY_ONLY
RV-V03-002792,MSV1-4E6D4E819A2EA6A7,IS 10322 (Part 5/Sec 5):2026,Luminaires Part 5: Particular requirements Section 5: Floodlights (Second Revision),ta,NOT_TRANSLATED,NEEDS_HUMAN_OR_MODEL_VALIDATION,AUXILIARY_ONLY
RV-V03-002793,MSV1-E82A3155515545FA,IS 10322 (Part 5/Sec 6):2026,Luminaires Part 5: Particular requirements Section 6: Handlamps (First Revision),ta,NOT_TRANSLATED,NEEDS_HUMAN_OR_MODEL_VALIDATION,AUXILIARY_ONLY
RV-V03-002794,MSV1-D3558C2C3A7F2D0A,IS 10322 (Part 5/Sec 7):2026,Luminaires Part 5: Particular requirements Section 7: Lighting chains (Second Revision),ta,NOT_TRANSLATED,NEEDS_HUMAN_OR_MODEL_VALIDATION,AUXILIARY_ONLY
RV-V03-002795,MSV1-29767AB1E810A7D7,IS 10322 (Part 5/Sec 8):2026,Luminaires Part 5: Particular requirements Section 8: Luminaires for emergency lighting (First Revision),ta,NOT_TRANSLATED,NEEDS_HUMAN_OR_MODEL_VALIDATION,AUXILIARY_ONLY
RV-V03-002796,MSV1-35425E352613595C,IS 10322 (Part 5/Sec 18):2026,Luminaires – Part 5 Particular requirements Section 18 Luminaires for swimming pools and similar applications,ta,NOT_TRANSLATED,NEEDS_HUMAN_OR_MODEL_VALIDATION,AUXILIARY_ONLY
RV-V03-002797,MSV1-2C210A365B10D951,IS 6034:2026,Insulating Oil Conditioning Plants - Specification (Second Revision),ta,NOT_TRANSLATED,NEEDS_HUMAN_OR_MODEL_VALIDATION,AUXILIARY_ONLY
RV-V03-002798,MSV1-1D3F6B2ECD25BE23,IS 4190:2025,Eye Bolts with Collars Specification,ta,NOT_TRANSLATED,NEEDS_HUMAN_OR_MODEL_VALIDATION,AUXILIARY_ONLY
RV-V03-002799,MSV1-A89AB6BF4F28F6A3,IS 6549:2025,GLOSSARY OF TERMS USED IN CONNECTION WITH LIFTING TACKLE,ta,NOT_TRANSLATED,NEEDS_HUMAN_OR_MODEL_VALIDATION,AUXILIARY_ONLY
RV-V03-002800,MSV1-C43D86B446A99E47,IS 19539:2026,EARTH-MOVING MACHINERY PRODUCT IDENTIFICATION NUMBERING SYSTEM,ta,NOT_TRANSLATED,NEEDS_HUMAN_OR_MODEL_VALIDATION,AUXILIARY_ONLY
RV-V03-002801,MSV1-B88C6F5B5E0FCABE,IS 19542 (Part 2):2026,EARTH-MOVING MACHINERY OPERATORS MANUAL PART 2 LIST OF REFERENCES,ta,NOT_TRANSLATED,NEEDS_HUMAN_OR_MODEL_VALIDATION,AUXILIARY_ONLY
RV-V03-002802,MSV1-34F982491CE26738,IS 997:2026,Limestone and Dolomite for Glass and Ceramic Industry — Specification ( Second Revision ),ta,NOT_TRANSLATED,NEEDS_HUMAN_OR_MODEL_VALIDATION,AUXILIARY_ONLY
RV-V03-002803,MSV1-B1EA8DFE76DEDA23,IS 6500:2026,THERMOMETER FOR MEASUREMENT OF SEA SURFACE TEMPERATURE — SPECIFICATION (First Revision),ta,NOT_TRANSLATED,NEEDS_HUMAN_OR_MODEL_VALIDATION,AUXILIARY_ONLY
RV-V03-002804,MSV1-09A59C0D8F8907C9,IS 10392:2026,Specification for feed water and boiler water for low and medium pressure boilers First Revision,ta,NOT_TRANSLATED,NEEDS_HUMAN_OR_MODEL_VALIDATION,AUXILIARY_ONLY
RV-V03-002805,MSV1-BCE1B406544C9F60,IS 10282:2026,Cage Wheel for Power Tillers - Specification (First Reviison),ta,NOT_TRANSLATED,NEEDS_HUMAN_OR_MODEL_VALIDATION,AUXILIARY_ONLY
RV-V03-002806,MSV1-1683D9BC25551A0E,IS 15366:2026,Dolomite for paint - Specification (First Revision),ta,NOT_TRANSLATED,NEEDS_HUMAN_OR_MODEL_VALIDATION,AUXILIARY_ONLY
RV-V03-002807,MSV1-F313B3F3F4BB153B,IS 12785:2026,Irrigation Equipment - Strainer-Type Filters - Specification (Second Revision),ta,NOT_TRANSLATED,NEEDS_HUMAN_OR_MODEL_VALIDATION,AUXILIARY_ONLY
RV-V03-002808,MSV1-826DFC18C3F6D180,IS 9028:2026,Paper Sacks — Glossary of Terms,ta,NOT_TRANSLATED,NEEDS_HUMAN_OR_MODEL_VALIDATION,AUXILIARY_ONLY
RV-V03-002809,MSV1-D880853D9113AAD1,IS 10279:2026,Overall Trimmed Sizes of Articles of Stationery that Include Detachable Sheets - Specification (First Revision),ta,NOT_TRANSLATED,NEEDS_HUMAN_OR_MODEL_VALIDATION,AUXILIARY_ONLY
RV-V03-002810,MSV1-EFF44851857DAF19,IS 19360:2026,Coated Glass - Specification,ta,NOT_TRANSLATED,NEEDS_HUMAN_OR_MODEL_VALIDATION,AUXILIARY_ONLY
RV-V03-002811,MSV1-F807AECC43B68E3F,IS 19466:2026,Cinnamomum tamala Buch - Ham Nees Eberm Leaf for Use in Traditional Medicine Specification,ta,NOT_TRANSLATED,NEEDS_HUMAN_OR_MODEL_VALIDATION,AUXILIARY_ONLY
RV-V03-002812,MSV1-530E6789B0A37405,IS 19457:2026,Meat and meat products Determination hydroxyproline content Adoption of ISO 3496 : 1994,ta,NOT_TRANSLATED,NEEDS_HUMAN_OR_MODEL_VALIDATION,AUXILIARY_ONLY
RV-V03-002813,MSV1-912F5CD080DCD4AC,IS 10311:2026,Powered Platform Trucks and their Acceptance Criteria — General Requirements ( First Revision ),ta,NOT_TRANSLATED,NEEDS_HUMAN_OR_MODEL_VALIDATION,AUXILIARY_ONLY
RV-V03-002814,MSV1-8073999ACCC05BD9,IS 11523:2026,"Indexable hardmetal (carbide) inserts with wiper edges, without fixing hole — Dimensions (second revision)",ta,NOT_TRANSLATED,NEEDS_HUMAN_OR_MODEL_VALIDATION,AUXILIARY_ONLY
RV-V03-002815,MSV1-2F39BC431193A064,IS 12354:2026,"Indexable hard material inserts with rounded corners, with partly cylindrical fixing hole — Dimensions (second revision)",ta,NOT_TRANSLATED,NEEDS_HUMAN_OR_MODEL_VALIDATION,AUXILIARY_ONLY
RV-V03-002816,MSV1-26D777DF6B1BE3E6,IS 5815 (Part 6):2026,Textiles — Hydrophilic Fishing Net Twines — Method of Test Part 6 Determination of Change in Length after Immersion in Water ( Second Revision ),ta,NOT_TRANSLATED,NEEDS_HUMAN_OR_MODEL_VALIDATION,AUXILIARY_ONLY
RV-V03-002817,MSV1-20EBE43B74D959AC,IS 6347:2026,Textiles — High Density Polyethylene Continuous Filament Twines for Fishing — Specification ( Second Revision ),ta,NOT_TRANSLATED,NEEDS_HUMAN_OR_MODEL_VALIDATION,AUXILIARY_ONLY
RV-V03-002818,MSV1-6F5FB27A582D52EE,IS 15789:2026,Fishing Nets — Method of Test for Determination of Mesh Size — Length of Mesh (First Revision),ta,NOT_TRANSLATED,NEEDS_HUMAN_OR_MODEL_VALIDATION,AUXILIARY_ONLY
RV-V03-002819,MSV1-8A2BBAFA7F9E1BED,IS 13260:2026,TEXTILES — APPEARANCE OF COTTON YARN USING PHOTOGRAPHIC STANDARDS — METHOD OF GRADING ( First Revision ),ta,NOT_TRANSLATED,NEEDS_HUMAN_OR_MODEL_VALIDATION,AUXILIARY_ONLY
RV-V03-002820,MSV1-20AB76E0D3C13366,IS 2422:2026,Textiles — Water Repellent Fabric for Capes and Rain Coats — Specification (Fourth Revision),ta,NOT_TRANSLATED,NEEDS_HUMAN_OR_MODEL_VALIDATION,AUXILIARY_ONLY
RV-V03-002821,MSV1-32DBB4709AFF4572,IS 17267:2026,Rolling Bearings — Method for calculating the modified reference rating life for universally loaded rolling bearings (First Revision),ta,NOT_TRANSLATED,NEEDS_HUMAN_OR_MODEL_VALIDATION,AUXILIARY_ONLY
RV-V03-002822,MSV1-43CF22C6469E48D5,IS 19484:2026,Industrial Staples — Specification,ta,NOT_TRANSLATED,NEEDS_HUMAN_OR_MODEL_VALIDATION,AUXILIARY_ONLY
RV-V03-002823,MSV1-619FE013D0714957,IS 8007 (Part 3):2026,Road vehicles Mechanical couplings between tractors and semi-trailers Part 3: Requirements for semi-trailer contact area to fifth wheel,ta,NOT_TRANSLATED,NEEDS_HUMAN_OR_MODEL_VALIDATION,AUXILIARY_ONLY
RV-V03-002824,MSV1-FA770C8433056F0E,IS/ISO 37001:2025,Anti-Bribery Management Systems Requirements with Guidance for Use First Revision,ta,NOT_TRANSLATED,NEEDS_HUMAN_OR_MODEL_VALIDATION,AUXILIARY_ONLY
RV-V03-002825,MSV1-E5DDADE175145C9D,IS 9839:2026,Chromate conversion coating on zinc and cadmium coated articles and zinc base alloys - Specification (First Revision),ta,NOT_TRANSLATED,NEEDS_HUMAN_OR_MODEL_VALIDATION,AUXILIARY_ONLY
RV-V03-002826,MSV1-91E5B6CC28C66754,IS 17093:2026,TECHNICAL SUPPLY CONDITIONS FOR RECIPROCATING AIR COMPRESSORS FOR GENERAL PURPOSE AND INDUSTRIAL APPLICATIONS (First Revision of IS 17093),ta,NOT_TRANSLATED,NEEDS_HUMAN_OR_MODEL_VALIDATION,AUXILIARY_ONLY
RV-V03-002827,MSV1-6D947A28F5A0A468,IS 6498:2026,Glossary of Terms Used in Connection with Pulley Blocks,ta,NOT_TRANSLATED,NEEDS_HUMAN_OR_MODEL_VALIDATION,AUXILIARY_ONLY
RV-V03-002828,MSV1-716E8A6207EFDA4A,IS 15879:2026,BREATHING AIR COMPRESSOR PACKAGE - SPECIFICATION (First Revision of IS 15879),ta,NOT_TRANSLATED,NEEDS_HUMAN_OR_MODEL_VALIDATION,AUXILIARY_ONLY
RV-V03-002829,MSV1-0BBAE790958F95A4,IS 19406:2026,Metallic and other inorganic coatings — Test for residual embrittlement in both metallic-coated and uncoated externally-threaded articles and rods — Inclined wedge method,ta,NOT_TRANSLATED,NEEDS_HUMAN_OR_MODEL_VALIDATION,AUXILIARY_ONLY
RV-V03-002830,MSV1-64911BEB52227427,IS 1170:2026,Ferrochromium - Specification Third Revision,ta,NOT_TRANSLATED,NEEDS_HUMAN_OR_MODEL_VALIDATION,AUXILIARY_ONLY
RV-V03-002831,MSV1-8FAC8041256CF959,IS 713:2026,Zinc-Aluminium Alloy Ingots intended for Foundry and Die Castings ― Specification,ta,NOT_TRANSLATED,NEEDS_HUMAN_OR_MODEL_VALIDATION,AUXILIARY_ONLY
RV-V03-002832,MSV1-3ABCA05496F29AE2,IS 13230:2026,GRAPHICAL SYMBOLS FOR USE ON MINE PLANS First Revision,ta,NOT_TRANSLATED,NEEDS_HUMAN_OR_MODEL_VALIDATION,AUXILIARY_ONLY
RV-V03-002833,MSV1-2BD0A0B7B70DF146,IS 19455:2026,Gasket and packing Glossary of terms,ta,NOT_TRANSLATED,NEEDS_HUMAN_OR_MODEL_VALIDATION,AUXILIARY_ONLY
RV-V03-002834,MSV1-FEE6D161650B258E,IS 19474:2026,Hot Dip Aluminium and Aluminium- Silicon Coated Steel Sheet and Strip- Specification,ta,NOT_TRANSLATED,NEEDS_HUMAN_OR_MODEL_VALIDATION,AUXILIARY_ONLY
RV-V03-002835,MSV1-5B5C35DF2716471E,IS 19316 (Part 2):2026,BUILDING CONSTRUCTION MACHINERY AND EQUIPMENT MACHINERY FOR CONCRETE SURFACE FLOATING AND FINISHING PART 2 SAFETY REQUIREMENTS AND VERIFICATION Adoption of ISO 13105-2,ta,NOT_TRANSLATED,NEEDS_HUMAN_OR_MODEL_VALIDATION,AUXILIARY_ONLY
RV-V03-002836,MSV1-7153A2F7E2ED21BC,IS 733:2025,"Wrought Aluminium and Aluminium Alloy Bars, Rods, Sections, Extruded Tube, Hollow Sections and Profiles for General Engineering Purposes ― Specification (Fourth Revision)",ta,NOT_TRANSLATED,NEEDS_HUMAN_OR_MODEL_VALIDATION,AUXILIARY_ONLY
RV-V03-002837,MSV1-58256D7E952AC001,IS 2062 (Part 1):2025,Structural Steel - Part 1 - Hot Rolled Medium and High tensile Steel,ta,NOT_TRANSLATED,NEEDS_HUMAN_OR_MODEL_VALIDATION,AUXILIARY_ONLY
RV-V03-002838,MSV1-EF7F57461722D2F8,IS 4164:2025,LIFTING C HOOKS WITH EYE CAPACITY UP TO 25 TONNES SPECIFICATION,ta,NOT_TRANSLATED,NEEDS_HUMAN_OR_MODEL_VALIDATION,AUXILIARY_ONLY
RV-V03-002839,MSV1-8A7D3EBD8D2FB328,IS 2760:2025,STEEL CHAIN SLINGS SPECIFICATION,ta,NOT_TRANSLATED,NEEDS_HUMAN_OR_MODEL_VALIDATION,AUXILIARY_ONLY
RV-V03-002840,MSV1-7100AE289AE97D59,IS 19464:2025,Steel Wire for Hose Reinforcement - Specification,ta,NOT_TRANSLATED,NEEDS_HUMAN_OR_MODEL_VALIDATION,AUXILIARY_ONLY
RV-V03-002841,MSV1-67E0407831C6E80E,IS 488:2025,Glass Making Sands - Specification (Third Revision),ta,NOT_TRANSLATED,NEEDS_HUMAN_OR_MODEL_VALIDATION,AUXILIARY_ONLY
RV-V03-002842,MSV1-04AF754236295330,IS 9157:2025,Sodium Nitrate and Potassium Nitrate for Glass Compositions — Specification ( First Revision ),ta,NOT_TRANSLATED,NEEDS_HUMAN_OR_MODEL_VALIDATION,AUXILIARY_ONLY
RV-V03-002843,MSV1-9A1260B1DFCDE437,IS 11041:2025,Air-Screen Seed/Grain Cleaner — Specification and Test Code (First Revision),ta,NOT_TRANSLATED,NEEDS_HUMAN_OR_MODEL_VALIDATION,AUXILIARY_ONLY
RV-V03-002844,MSV1-2376C060930C95F7,Is 14661 (Part 2):2025,Tissue Paper and Tissue Products Part 2 Specification First Revision,ta,NOT_TRANSLATED,NEEDS_HUMAN_OR_MODEL_VALIDATION,AUXILIARY_ONLY
RV-V03-002845,MSV1-ACBA54415FA8F107,IS 6481:2025,GUIDE FOR PRINCIPAL USES AND STYLES OF FIBERBOARD CONTAINERS AND FITMENTS,ta,NOT_TRANSLATED,NEEDS_HUMAN_OR_MODEL_VALIDATION,AUXILIARY_ONLY
RV-V03-002846,MSV1-7C0887EE165AB8D4,IS 6213 (Part 5):2025,METHODS OF TEST FOR PULP PART 5 SOLUBILITY OF PULP IN ONE PERCENT CAUSTIC SODA SOLUTION,ta,NOT_TRANSLATED,NEEDS_HUMAN_OR_MODEL_VALIDATION,AUXILIARY_ONLY
RV-V03-002847,MSV1-AD4B51A121CEA966,IS 6213 (Part 6):2025,METHODS OF TEST FOR PULP PART 6 COPPER NUMBER OF PULP,ta,NOT_TRANSLATED,NEEDS_HUMAN_OR_MODEL_VALIDATION,AUXILIARY_ONLY
RV-V03-002848,MSV1-566F3C97673DF432,Is 3413:2025,Base Paper for Carbon Paper Specification,ta,NOT_TRANSLATED,NEEDS_HUMAN_OR_MODEL_VALIDATION,AUXILIARY_ONLY
RV-V03-002849,MSV1-B761C66F0FFCC8C4,IS 19434:2025,Mobile Agro-Processing Units for Food Grains — Safety Requirements,ta,NOT_TRANSLATED,NEEDS_HUMAN_OR_MODEL_VALIDATION,AUXILIARY_ONLY
RV-V03-002850,MSV1-34F07E89A35DBFE9,IS 19396:2025,"Milk, Dried Milk Products and Cream - Determination of Fat Content - Gravimetric Method",ta,NOT_TRANSLATED,NEEDS_HUMAN_OR_MODEL_VALIDATION,AUXILIARY_ONLY
RV-V03-002851,MSV1-1D8337DE7607B388,IS 18750 (Part 8/Sec 1):2025,Unani medicine Glossary of Terms Part 8Sec 1 Standardized Terminology Used for Diseases of Upper Gastrointestinal Tract Oesophagus and Stomach,ta,NOT_TRANSLATED,NEEDS_HUMAN_OR_MODEL_VALIDATION,AUXILIARY_ONLY
RV-V03-002852,MSV1-095DC953EB6F36EF,IS 18750 (Part 8/Sec 2):2025,Unani Medicine Glossary of Terms Part 8Sec 2 Standardized Terminology Used for Diseases of Liver Spleen and Pancreas,ta,NOT_TRANSLATED,NEEDS_HUMAN_OR_MODEL_VALIDATION,AUXILIARY_ONLY
RV-V03-002853,MSV1-E967584B1AD5218D,IS 19458:2025,Eggs and egg products Determination of fipronil and metabolites residues Liquid chromatography tandem mass spectrometry method Adoption of ISO 7124 : 2023,ta,NOT_TRANSLATED,NEEDS_HUMAN_OR_MODEL_VALIDATION,AUXILIARY_ONLY
RV-V03-002854,MSV1-C161B677E729D2AB,IS 19459:2025,Meat and meat products Determination of nitrite and nitrate content Ion chromatography method Adoption of ISO 7158 : 2024,ta,NOT_TRANSLATED,NEEDS_HUMAN_OR_MODEL_VALIDATION,AUXILIARY_ONLY
RV-V03-002855,MSV1-28CDE83F4A5CF68F,IS 62550:2017,Spare Parts Provisioning,ta,NOT_TRANSLATED,NEEDS_HUMAN_OR_MODEL_VALIDATION,AUXILIARY_ONLY
RV-V03-002856,MSV1-803A0E8DE840AA3D,IS 62740:2015,Root cause analysis RCA,ta,NOT_TRANSLATED,NEEDS_HUMAN_OR_MODEL_VALIDATION,AUXILIARY_ONLY
RV-V03-002857,MSV1-4E9D889E59355977,IS 19450:2025,Requirements for E-Textbooks in Education,ta,NOT_TRANSLATED,NEEDS_HUMAN_OR_MODEL_VALIDATION,AUXILIARY_ONLY
RV-V03-002858,MSV1-1DCDC7AE574A2C09,IS ISO 55013:2024,Asset Management Guidance on the Management of Data Assets,ta,NOT_TRANSLATED,NEEDS_HUMAN_OR_MODEL_VALIDATION,AUXILIARY_ONLY
RV-V03-002859,MSV1-6247FC51AF0DBD92,IS 19428:2025,Dry Type Mining Transformers Transwitch Units and Load Centers,ta,NOT_TRANSLATED,NEEDS_HUMAN_OR_MODEL_VALIDATION,AUXILIARY_ONLY
RV-V03-002860,MSV1-1DE0D46DAC9AE3C4,IS 19476:2025,Pure-tone and Speech Audiometers - Specification,ta,NOT_TRANSLATED,NEEDS_HUMAN_OR_MODEL_VALIDATION,AUXILIARY_ONLY
RV-V03-002861,MSV1-DE37D03D5E9D5B8E,IS/ISO 55000:2024,"Asset management - Vocabulary, Overview and Principles (First Revision)",ta,NOT_TRANSLATED,NEEDS_HUMAN_OR_MODEL_VALIDATION,AUXILIARY_ONLY
RV-V03-002862,MSV1-ADCCCB74895F52F9,IS 12266:2025,International Shore Connections for Use on Board Ship - Specification (First Revision),ta,NOT_TRANSLATED,NEEDS_HUMAN_OR_MODEL_VALIDATION,AUXILIARY_ONLY
RV-V03-002863,MSV1-351B42E7CC073511,IS 3181:2025,Conveyor Belts — Fire Resistant Conveyor Belting for Underground Mines and Such other Hazardous Applications — Specification,ta,NOT_TRANSLATED,NEEDS_HUMAN_OR_MODEL_VALIDATION,AUXILIARY_ONLY
RV-V03-002864,MSV1-F3A182B3CBB74157,IS 5746 (Part 2):2025,Textiles — Woven Glass Fibres Fabrics for Plastic Laminates for Aerospace Purposes — Specification Part 2 Desized Fabrics ( Third Revision ),ta,NOT_TRANSLATED,NEEDS_HUMAN_OR_MODEL_VALIDATION,AUXILIARY_ONLY
RV-V03-002865,MSV1-64A4710AC51132B1,IS 5746 (Part 3):2025,Textiles — Woven Glass Fibres Fabrics for Plastic Laminates for Aerospace Purposes — Specification Part 3 Finished Fabrics for Use with Polyester Resin Systems ( Third Revision ),ta,NOT_TRANSLATED,NEEDS_HUMAN_OR_MODEL_VALIDATION,AUXILIARY_ONLY
RV-V03-002866,MSV1-6E4A13795C30B289,IS 5746 (Part 1):2025,Textiles — Woven Glass Fibres Fabrics for Plastic Laminates for Aerospace Purposes — Specification Part 1 Loom-State Fabrics ( Third Revision ),ta,NOT_TRANSLATED,NEEDS_HUMAN_OR_MODEL_VALIDATION,AUXILIARY_ONLY
RV-V03-002867,MSV1-AB93FE920EFAAB92,IS 1451:2025,Textiles — Handloom Cotton Drills — Specification (Second Revision),ta,NOT_TRANSLATED,NEEDS_HUMAN_OR_MODEL_VALIDATION,AUXILIARY_ONLY
RV-V03-002868,MSV1-92444AC58A98CF24,IS 1101:2025,Textiles — Handloom Cotton Cellular Shirting — Specification (Second Revision),ta,NOT_TRANSLATED,NEEDS_HUMAN_OR_MODEL_VALIDATION,AUXILIARY_ONLY
RV-V03-002869,MSV1-581D0E1C5C2813B6,IS 3773:2025,"Textiles — Napkins and Table Cloth, Bleached Cotton Khadi — Specification (Second Revision)",ta,NOT_TRANSLATED,NEEDS_HUMAN_OR_MODEL_VALIDATION,AUXILIARY_ONLY
RV-V03-002870,MSV1-04094A1655ECF027,IS 684:2025,TEXTILES — NEPS IN COTTON FIBRES — METHODS OF TEST ( First Revision ),ta,NOT_TRANSLATED,NEEDS_HUMAN_OR_MODEL_VALIDATION,AUXILIARY_ONLY
RV-V03-002871,MSV1-D23F609E19C26FFA,IS 19413:2025,Intelligent Traffic Management System Components — General Specifications for Smart Traffic Signalling Systems,ta,NOT_TRANSLATED,NEEDS_HUMAN_OR_MODEL_VALIDATION,AUXILIARY_ONLY
RV-V03-002872,MSV1-5A7D934AC80CF8A9,IS 19463:2025,Agro Textiles — High Density Polyethylene (HDPE) Woven Dry Fodder Storage Bags — Specification,ta,NOT_TRANSLATED,NEEDS_HUMAN_OR_MODEL_VALIDATION,AUXILIARY_ONLY
RV-V03-002873,MSV1-B8DA06DDF2473BA2,IS 19445:2025,Bomb Disposal Systems Performance Evaluation and Requirements,ta,NOT_TRANSLATED,NEEDS_HUMAN_OR_MODEL_VALIDATION,AUXILIARY_ONLY
RV-V03-002874,MSV1-027BB0E413093F51,IS 4551:2025,Lifeboat Crutches - Specification,ta,NOT_TRANSLATED,NEEDS_HUMAN_OR_MODEL_VALIDATION,AUXILIARY_ONLY
RV-V03-002875,MSV1-1A64E53C759F3E8C,IS 8790 (Part 1):2025,Powered Industrial Trucks Working in Hazardous Areas — General Requirements Part 1 Internal Combustion Engine Powered Trucks ( First Revision ),ta,NOT_TRANSLATED,NEEDS_HUMAN_OR_MODEL_VALIDATION,AUXILIARY_ONLY
RV-V03-002876,MSV1-EF42864F6173B5A8,IS 5326:2025,LifeBuoys - Specification,ta,NOT_TRANSLATED,NEEDS_HUMAN_OR_MODEL_VALIDATION,AUXILIARY_ONLY
RV-V03-002877,MSV1-6539D5C2D78C448C,IS 12264:2025,"Signalling Mirror for Lifeboats, Liferafts and Rescue Boats for Sea-Going Ships — Specification",ta,NOT_TRANSLATED,NEEDS_HUMAN_OR_MODEL_VALIDATION,AUXILIARY_ONLY
RV-V03-002878,MSV1-391E6B6256ADBB3B,IS 5235:2025,"Meteorology — Raingauges, Recording — Specification ( second revision )",ta,NOT_TRANSLATED,NEEDS_HUMAN_OR_MODEL_VALIDATION,AUXILIARY_ONLY
RV-V03-002879,MSV1-E5AAA831AF26ED88,IS 5847:2025,Pin Chuck for Introducing Steinman Pins Specification First Revision,ta,NOT_TRANSLATED,NEEDS_HUMAN_OR_MODEL_VALIDATION,AUXILIARY_ONLY
RV-V03-002880,MSV1-FBB24CEA7D902C44,IS 6976:2025,Kuntscher Diamond Pointed Awl Specification First Revision,ta,NOT_TRANSLATED,NEEDS_HUMAN_OR_MODEL_VALIDATION,AUXILIARY_ONLY
RV-V03-002881,MSV1-F3ED4D32A77ECFC9,IS 7055:2025,Drivers for Kuntscher Nail Specification First Revision,ta,NOT_TRANSLATED,NEEDS_HUMAN_OR_MODEL_VALIDATION,AUXILIARY_ONLY
RV-V03-002882,MSV1-798F12CFD0CF62FF,IS 7105 (Part 1):2025,Extractor for Kuntscher Nail Specification Part 1 Handle Type First Revision,ta,NOT_TRANSLATED,NEEDS_HUMAN_OR_MODEL_VALIDATION,AUXILIARY_ONLY
RV-V03-002883,MSV1-0C1E0A00A2C7FA8F,IS 7105 (Part 2):2025,Extractor for Kuntscher Nail Specification Part 2 Striker Type First Revision,ta,NOT_TRANSLATED,NEEDS_HUMAN_OR_MODEL_VALIDATION,AUXILIARY_ONLY
RV-V03-002884,MSV1-8C3E8CE5E0B3D01E,IS 7106:2025,Orthopaedic Staple Extractor — Specification First Revision,ta,NOT_TRANSLATED,NEEDS_HUMAN_OR_MODEL_VALIDATION,AUXILIARY_ONLY
RV-V03-002885,MSV1-D4F5743F9C49B829,IS 7108:2025,Hammer for Kuntscher Nail Extractor Specification First Revision,ta,NOT_TRANSLATED,NEEDS_HUMAN_OR_MODEL_VALIDATION,AUXILIARY_ONLY
RV-V03-002886,MSV1-C66B74F20EEB4352,IS 7107:2025,Orthopaedic Staple Punch Specification First Revision,ta,NOT_TRANSLATED,NEEDS_HUMAN_OR_MODEL_VALIDATION,AUXILIARY_ONLY
RV-V03-002887,MSV1-F8684A9DC8D17FC1,IS 17900 (Part 11):2025,LIFTS FOR THE TRANSPORT OF PERSONS AND GOODS PART 11: SAFETY NORMS FOR EXISTING LIFTS RISK ASSESSMENT AND RISK REDUCTION,ta,NOT_TRANSLATED,NEEDS_HUMAN_OR_MODEL_VALIDATION,AUXILIARY_ONLY
RV-V03-002888,MSV1-16CFC7947787F9F8,IS 19478:2025,Bovine Endometrial Cytotaping Catheter Specification,ta,NOT_TRANSLATED,NEEDS_HUMAN_OR_MODEL_VALIDATION,AUXILIARY_ONLY
RV-V03-002889,MSV1-DCC7283D43AEF66D,IS 1448 (Part 201):2025,"Petroleum and its Products - Methods of test Part 201 Determination of Oxygenates such as Ethers, Tertiary Amyl Alcohol and C1 to C4 Alcohols in Motor Gasoline by Gas Chromatography Method",ta,NOT_TRANSLATED,NEEDS_HUMAN_OR_MODEL_VALIDATION,AUXILIARY_ONLY
RV-V03-002890,MSV1-80EC96E86C7B910F,IS 19397:2025,Compounded Feed for Pregnant Cows and Buffaloes — Specification,ta,NOT_TRANSLATED,NEEDS_HUMAN_OR_MODEL_VALIDATION,AUXILIARY_ONLY
RV-V03-002891,MSV1-99EC60AAF26AE121,IS 19361:2025,Unmanned Aerial Spraying Systems — Requirements and Test Procedure,ta,NOT_TRANSLATED,NEEDS_HUMAN_OR_MODEL_VALIDATION,AUXILIARY_ONLY
RV-V03-002892,MSV1-D4EE56F4046BB86E,IS 14724:2025,ULTRAVIOLET BASED POINT OF USE WATER DISINFECTION SYSTEM FOR DRINKING PURPOSES— SPECIFICATION,ta,NOT_TRANSLATED,NEEDS_HUMAN_OR_MODEL_VALIDATION,AUXILIARY_ONLY
RV-V03-002893,MSV1-C66B08C8AB732CC2,IS 12758:2025,"Cheese and Processed Cheese Products, Caseins and caseinates — Determination of Fat Content — Gravimetric Method (Second Revision)",ta,NOT_TRANSLATED,NEEDS_HUMAN_OR_MODEL_VALIDATION,AUXILIARY_ONLY
RV-V03-002894,MSV1-7CA230ED15E04BAA,IS 11623:2025,Dried Milk and Dried Milk Products - Determination of Moisture Content (Reference Method) (Second Revision),ta,NOT_TRANSLATED,NEEDS_HUMAN_OR_MODEL_VALIDATION,AUXILIARY_ONLY
RV-V03-002895,MSV1-C83EF4CC2E3E5279,IS 15930 (Part 1):2025,REQUIREMENTS FOR GOOD AGRICULTURAL PRACTICES IndiaGAP PART 1 CROP BASE First Revision of IS 15930 Part 1,ta,NOT_TRANSLATED,NEEDS_HUMAN_OR_MODEL_VALIDATION,AUXILIARY_ONLY
RV-V03-002896,MSV1-15C1DDC35DC446F9,IS 4307:2025,Fish Meal as Poultry Feed Ingredient — Specification (Third Revision),ta,NOT_TRANSLATED,NEEDS_HUMAN_OR_MODEL_VALIDATION,AUXILIARY_ONLY
RV-V03-002897,MSV1-A2FBCFA87CEBB900,IS 1942:2025,Bone-Meal As Poultry Feed Supplement — Specification ( Second Revision ),ta,NOT_TRANSLATED,NEEDS_HUMAN_OR_MODEL_VALIDATION,AUXILIARY_ONLY
RV-V03-002898,MSV1-2FA32F9820C415DE,IS 5065:2025,Meat Meal as Poultry Feed Ingredient — Specification (Second Revision),ta,NOT_TRANSLATED,NEEDS_HUMAN_OR_MODEL_VALIDATION,AUXILIARY_ONLY
RV-V03-002899,MSV1-92A822FD7A87683B,IS 6107:2025,Dried Silk Worm Pupae as Poultry Feed Ingredient — Specification ( First Revision ),ta,NOT_TRANSLATED,NEEDS_HUMAN_OR_MODEL_VALIDATION,AUXILIARY_ONLY
RV-V03-002900,MSV1-45A2599AF639E291,IS 7060:2025,Blood Meal as Poultry Feed Ingredient — Specification ( First Revision ),ta,NOT_TRANSLATED,NEEDS_HUMAN_OR_MODEL_VALIDATION,AUXILIARY_ONLY
RV-V03-002901,MSV1-B3F555D7736205D0,IS 9700:2025,Activated Alumina - Specification (Second Revision),ta,NOT_TRANSLATED,NEEDS_HUMAN_OR_MODEL_VALIDATION,AUXILIARY_ONLY
RV-V03-002902,MSV1-2666542350641417,IS 13334 (Part 1):2025,Skimmed Milk Powder — Specification : Part 1 Standard Grade ( Third Revision ),ta,NOT_TRANSLATED,NEEDS_HUMAN_OR_MODEL_VALIDATION,AUXILIARY_ONLY
RV-V03-002903,MSV1-2902CFC84A54AB70,IS 13334 (Part 2):2025,Skimmed Milk Powder — Specification : Part 2 Extra Grade ( Second Revision ),ta,NOT_TRANSLATED,NEEDS_HUMAN_OR_MODEL_VALIDATION,AUXILIARY_ONLY
RV-V03-002904,MSV1-11E03BBB4FDD049D,IS 14542:2025,Partly Skimmed Milk Powder — Specification ( First Revision ),ta,NOT_TRANSLATED,NEEDS_HUMAN_OR_MODEL_VALIDATION,AUXILIARY_ONLY
RV-V03-002905,MSV1-C63A9C313B9C89C8,IS 10167:2025,Method for upsetting test on metallic materials (First Revision),ta,NOT_TRANSLATED,NEEDS_HUMAN_OR_MODEL_VALIDATION,AUXILIARY_ONLY
RV-V03-002906,MSV1-1EE799E45E228ADA,IS 6885 (Part 1):2025,Metallic materials Knoop hardness test Part 1: Test method (Third Revision),ta,NOT_TRANSLATED,NEEDS_HUMAN_OR_MODEL_VALIDATION,AUXILIARY_ONLY
RV-V03-002907,MSV1-0504103EBB960520,IS 10748:2025,Hot-Rolled Steel Strip for Welded Tubes and Pipes - Specification ( Third Revision),ta,NOT_TRANSLATED,NEEDS_HUMAN_OR_MODEL_VALIDATION,AUXILIARY_ONLY
RV-V03-002908,MSV1-416482B30E6E6336,IS 16730 (Part 1):2025,BUILDING CONSTRUCTION MACHINERY AND EQUIPMENT CONCRETE PUMPS PART 1 COMMERCIAL SPECIFICATIONS First Revision Adoption of ISO 21573-1,ta,NOT_TRANSLATED,NEEDS_HUMAN_OR_MODEL_VALIDATION,AUXILIARY_ONLY
RV-V03-002909,MSV1-5859D76835283E3A,IS 4454 (Part 2):2025,Steel wire for mechanical springs - Specification : Part 2 oil hardened and tempered steel wire,ta,NOT_TRANSLATED,NEEDS_HUMAN_OR_MODEL_VALIDATION,AUXILIARY_ONLY
RV-V03-002910,MSV1-8C7857076D795F1A,IS 2721:2025,"GALVANIZED POLY CHLORIDE (PVC), POLYOLEFIN AND OTHER POLYMER - COATED STEEL CHAIN LINK FENCE FABRIC — SPECIFICATION (Third Revision of IS 2721)",ta,NOT_TRANSLATED,NEEDS_HUMAN_OR_MODEL_VALIDATION,AUXILIARY_ONLY
RV-V03-002911,MSV1-C16042023E0136EC,IS 19469:2025,Jewellery — Consumer confidence in the diamond industry,ta,NOT_TRANSLATED,NEEDS_HUMAN_OR_MODEL_VALIDATION,AUXILIARY_ONLY
RV-V03-002912,MSV1-396E4B2E58D794AF,IS 19461:2025,ELECTRONIC LOCKS FOR SECURITY EQUIPMENT SPECIFICATIONS,ta,NOT_TRANSLATED,NEEDS_HUMAN_OR_MODEL_VALIDATION,AUXILIARY_ONLY
RV-V03-002913,MSV1-62425D830DE67442,IS 15086 (Part 8):2025,Surge arresters: Part 8 metal oxide surge arresters with external series gap EGLA for overhead transmission and distribution lines of ac systems above 1 kv,ta,NOT_TRANSLATED,NEEDS_HUMAN_OR_MODEL_VALIDATION,AUXILIARY_ONLY
RV-V03-002914,MSV1-E2D4B062474C5A2E,IS/IEC 60154 (Part 3):1982,Flanges for Waveguides Part 3: Relevant Specifications for Flanges for Flat Rectangular Waveguides First Revision,ta,NOT_TRANSLATED,NEEDS_HUMAN_OR_MODEL_VALIDATION,AUXILIARY_ONLY
RV-V03-002915,MSV1-3FF57825194C3CDB,IS 17520 (Part 3):2025,Safety of Machinery - Safety-Related Sensors Used for the Protection of Persons Part 3 Sensor Technologies and Algorithms,ta,NOT_TRANSLATED,NEEDS_HUMAN_OR_MODEL_VALIDATION,AUXILIARY_ONLY
RV-V03-002916,MSV1-9C45AE089A8CD885,IS 13925 (Part 1):2025,SHUNT CAPACITORS FOR AC POWER SYSTEMS HAVING A RATED VOLTAGE ABOVE 1 000 V PART 1: GENERAL Second Revision,ta,NOT_TRANSLATED,NEEDS_HUMAN_OR_MODEL_VALIDATION,AUXILIARY_ONLY
RV-V03-002917,MSV1-853ED41029EFC35A,IS 13925 (Part 2):2025,SHUNT CAPACITORS FOR AC POWER SYSTEMS HAVING A RATED VOLTAGE ABOVE 1 000 V PART 2: ENDURANCE TESTING Second Revision,ta,NOT_TRANSLATED,NEEDS_HUMAN_OR_MODEL_VALIDATION,AUXILIARY_ONLY
RV-V03-002918,MSV1-17E501704CEC4753,IS 13925 (Part 3):2025,SHUNT CAPACITORS FOR AC POWER SYSTEMS HAVING A RATED VOLTAGE ABOVE 1 000 V PART 3: PROTECTION OF SHUNT CAPACITORS AND SHUNT CAPACITOR BANKS First Revision,ta,NOT_TRANSLATED,NEEDS_HUMAN_OR_MODEL_VALIDATION,AUXILIARY_ONLY
RV-V03-002919,MSV1-5E914B0C6382709F,IS 13925 (Part 4):2025,SHUNT CAPACITORS FOR AC POWER SYSTEMS HAVING A RATED VOLTAGE ABOVE 1 000 V PART 4: INTERNAL FUSES First Revision,ta,NOT_TRANSLATED,NEEDS_HUMAN_OR_MODEL_VALIDATION,AUXILIARY_ONLY
RV-V03-002920,MSV1-950EE034C3FD4E6B,IS/IEC 62896:2024,HYBRID INSULATORS FOR ac AND dc FOR HIGH-VOLTAGE APPLICATIONS GREATER THAN 1 000 V ac AND 1 500 V dc DEFINITIONS TEST METHODS AND ACCEPTANCE CRITERIA First Revision,ta,NOT_TRANSLATED,NEEDS_HUMAN_OR_MODEL_VALIDATION,AUXILIARY_ONLY
RV-V03-002921,MSV1-D7B89D2E73553093,IS 16836:2025,Financial services Financial instrument short name FISN,ta,NOT_TRANSLATED,NEEDS_HUMAN_OR_MODEL_VALIDATION,AUXILIARY_ONLY
RV-V03-002922,MSV1-1671F3EFC211B1AD,IS 19493:2025,Healthcare Services – Format of Hospital Bills – Requirements and Recommendations,ta,NOT_TRANSLATED,NEEDS_HUMAN_OR_MODEL_VALIDATION,AUXILIARY_ONLY
RV-V03-002923,MSV1-DCD39A32CB735B8F,IS 17900 (Part 10):2025,Lifts for The Transport of Persons and Goods PART 10 Replacement of Existing Passenger and Goods Passenger Lifts in Existing Buildings,ta,NOT_TRANSLATED,NEEDS_HUMAN_OR_MODEL_VALIDATION,AUXILIARY_ONLY
RV-V03-002924,MSV1-6D1F431A8905FF9C,IS/ISO 21001:2025,Educational organizations Management systems for educational organizations Requirements with guidance for use,ta,NOT_TRANSLATED,NEEDS_HUMAN_OR_MODEL_VALIDATION,AUXILIARY_ONLY
RV-V03-002925,MSV1-C71118F457B56F8F,IS 61709:2017,Electric components Reliability Reference conditions for failure rates and stress models for conversion (Superseding IS 7354 (Part 3): 2011),ta,NOT_TRANSLATED,NEEDS_HUMAN_OR_MODEL_VALIDATION,AUXILIARY_ONLY
RV-V03-002926,MSV1-6A48C58B3C95F577,IS 61703:2016,Mathematical expressions for reliability availability maintainability and maintenance support terms,ta,NOT_TRANSLATED,NEEDS_HUMAN_OR_MODEL_VALIDATION,AUXILIARY_ONLY
RV-V03-002927,MSV1-F21A01600C811403,IS/IEC/TS 61400 (Part 28):2025,Wind Energy Generation Systems Part 28: Through-life management and life extension of wind power assets,ta,NOT_TRANSLATED,NEEDS_HUMAN_OR_MODEL_VALIDATION,AUXILIARY_ONLY
RV-V03-002928,MSV1-CCD754723D09D544,IS 17153:2025,DOMESTIC GAS STOVES AND BUILT IN HOB FOR USE WITH PNG SPECIFICATION (First Revision of IS 17153),ta,NOT_TRANSLATED,NEEDS_HUMAN_OR_MODEL_VALIDATION,AUXILIARY_ONLY
RV-V03-002929,MSV1-660D9DDD864F3D41,IS 3626:2025,LOCKED COIL WINDING ROPES SPECIFICATION (Fourth Revision of IS 3626),ta,NOT_TRANSLATED,NEEDS_HUMAN_OR_MODEL_VALIDATION,AUXILIARY_ONLY
RV-V03-002930,MSV1-5BF7B029F7CCCFE1,IS 19404:2025,FORGED SHACKLES FOR GENERAL LIFTING PURPOSES DEE SHACKLES AND BOW SHACKLES First Revision,ta,NOT_TRANSLATED,NEEDS_HUMAN_OR_MODEL_VALIDATION,AUXILIARY_ONLY
RV-V03-002931,MSV1-9BDDD766294BFE77,IS 19408:2025,Audit Data Collection Customs and Indirect Tax Extension,ta,NOT_TRANSLATED,NEEDS_HUMAN_OR_MODEL_VALIDATION,AUXILIARY_ONLY
RV-V03-002932,MSV1-CB22E6B008724D25,IS 19446:2025,Audit data collection extension Government regulated financial reports and payroll,ta,NOT_TRANSLATED,NEEDS_HUMAN_OR_MODEL_VALIDATION,AUXILIARY_ONLY
RV-V03-002933,MSV1-8EE631687E5AEA2A,IS 16005 (Part 1):2025,Financial Services Secure Cryptographic Devices Retail Part 1: Concepts and Requirements Second Revision,ta,NOT_TRANSLATED,NEEDS_HUMAN_OR_MODEL_VALIDATION,AUXILIARY_ONLY
RV-V03-002934,MSV1-40ECDE33CF909833,IS 12668:2025,MELTING CHARACTERISTICS OF SPONGE IRONDIRECT REDUCED IRON DRI First Revision,ta,NOT_TRANSLATED,NEEDS_HUMAN_OR_MODEL_VALIDATION,AUXILIARY_ONLY
RV-V03-002935,MSV1-44B62583535FCD20,IS 4182:2025,Misch Metal — Specification (Second Revision),ta,NOT_TRANSLATED,NEEDS_HUMAN_OR_MODEL_VALIDATION,AUXILIARY_ONLY
RV-V03-002936,MSV1-4451B6A126BF36D1,IS 10773:2025,Wrought copper tubes for refrigeration and air-conditioning purposes — Specification (Second Revision),ta,NOT_TRANSLATED,NEEDS_HUMAN_OR_MODEL_VALIDATION,AUXILIARY_ONLY
RV-V03-002937,MSV1-AC78055A834C0632,IS 17613:2025,GAS CYLINDERS REFILLABLE WELDED ALUMINIUM ALLOY CYLINDERS DESIGN CONSTRUCTION AND TESTING First Revision of IS 17613,ta,NOT_TRANSLATED,NEEDS_HUMAN_OR_MODEL_VALIDATION,AUXILIARY_ONLY
RV-V03-002938,MSV1-A32C2C6F05AD46AA,IS 15369:2025,CONSTRUCTION OF VAULT STRONG ROOM CODE OF PRACTICE (Second Revision of IS 15369),ta,NOT_TRANSLATED,NEEDS_HUMAN_OR_MODEL_VALIDATION,AUXILIARY_ONLY
RV-V03-002939,MSV1-10EE9112368B680C,IS 3596:2025,Textiles — Glossary of Terms Relating to Hosiery ( First Revision),ta,NOT_TRANSLATED,NEEDS_HUMAN_OR_MODEL_VALIDATION,AUXILIARY_ONLY
RV-V03-002940,MSV1-0AE87D7F9CADF684,IS 19441:2025,TEXTILES SMOOTHNESS CHARACTERISTICS OF FABRIC METHODS OF TEST,ta,NOT_TRANSLATED,NEEDS_HUMAN_OR_MODEL_VALIDATION,AUXILIARY_ONLY
RV-V03-002941,MSV1-A3E292752B3E7EE7,IS 6124:2025,TEXTILES — CRIMP IN WOOL FIBRES — METHODS OF TEST ( First Revision ),ta,NOT_TRANSLATED,NEEDS_HUMAN_OR_MODEL_VALIDATION,AUXILIARY_ONLY
RV-V03-002942,MSV1-639FBFB2D8698BF5,IS 19387:2025,Textiles — Single Jersey Cotton Synthetic and Blended Leggings — Specification,ta,NOT_TRANSLATED,NEEDS_HUMAN_OR_MODEL_VALIDATION,AUXILIARY_ONLY
RV-V03-002943,MSV1-28C711F29E0D403D,IS 7703 (Part 3):2025,TEXTILES — MAN-MADE FIBRES CONTINUOUS FILAMENT FLAT YARN — METHOD OF TEST PART 3 COMMERCIAL MASS ( Second Revision ),ta,NOT_TRANSLATED,NEEDS_HUMAN_OR_MODEL_VALIDATION,AUXILIARY_ONLY
RV-V03-002944,MSV1-B796A0A8CAED4FF5,IS 19388:2025,Textiles — Single Jersey Cotton Synthetic and Blended Shorts — Specification,ta,NOT_TRANSLATED,NEEDS_HUMAN_OR_MODEL_VALIDATION,AUXILIARY_ONLY
RV-V03-002945,MSV1-7D6E8403F91A486C,IS 19373:2025,TEXTILES — SINGLE JERSEY COTTON SYNTHETIC AND BLENDED WOMENS STOCKINGS — SPECIFICATION,ta,NOT_TRANSLATED,NEEDS_HUMAN_OR_MODEL_VALIDATION,AUXILIARY_ONLY
RV-V03-002946,MSV1-9203695068659038,IS 19436:2025,Textiles Smart Textiles Test Method for Sheet Resistance of Conductive Textiles using Non-Contact Type,ta,NOT_TRANSLATED,NEEDS_HUMAN_OR_MODEL_VALIDATION,AUXILIARY_ONLY
RV-V03-002947,MSV1-088C4717D4D0DDAA,IS 19437:2025,TEXTILES AND TEXTILE PRODUCTS SMART INTELLIGENT TEXTILES DEFINITIONS CATEGORISATION APPLICATIONS AND STANDARDIZATION NEEDS,ta,NOT_TRANSLATED,NEEDS_HUMAN_OR_MODEL_VALIDATION,AUXILIARY_ONLY
RV-V03-002948,MSV1-A2BA7F5210BA4CB5,IS/ISO/IEC 2382 (Part 37):2022,Information Technology Vocabulary Part 37: Biometrics,ta,NOT_TRANSLATED,NEEDS_HUMAN_OR_MODEL_VALIDATION,AUXILIARY_ONLY
RV-V03-002949,MSV1-234525353C9C28C2,IS/IEC 62477 (Part 1):2022,Safety requirements for power electronic converter systems and equipment Part 1 General,ta,NOT_TRANSLATED,NEEDS_HUMAN_OR_MODEL_VALIDATION,AUXILIARY_ONLY
RV-V03-002950,MSV1-3119CBC9CEECDF42,IS/IEC 62477 (Part 2):2018,Safety requirements for power electronic converter systems and equipment Part 2 Power electronic converters from 1 000 V a.c or 1 500 V d.c up to 36 kV a.c or 54 kV d.c.,ta,NOT_TRANSLATED,NEEDS_HUMAN_OR_MODEL_VALIDATION,AUXILIARY_ONLY
RV-V03-002951,MSV1-400C888E7DE992A9,IS 19327 (Part 2):2025,METHODS OF PREPARATION OF HOMOEOPATHIC MOTHER TINCTURES Part 2 PERCOLATION,ta,NOT_TRANSLATED,NEEDS_HUMAN_OR_MODEL_VALIDATION,AUXILIARY_ONLY
RV-V03-002952,MSV1-B9F01FD385C5AE04,IS/IEC 60034 (Part 27/Sec 1):2017,Rotating electrical machines Part 27 Winding insulation of rotating electrical machines Section 1 Off-Line partial discharge measurements on the winding insulation,ta,NOT_TRANSLATED,NEEDS_HUMAN_OR_MODEL_VALIDATION,AUXILIARY_ONLY
RV-V03-002953,MSV1-C337D572DFDDDFAA,IS/IEC 60034 (Part 27/Sec 2):2023,Rotating electrical machines Part 27 Winding insulation of rotating electrical machines Section 2 On-line partial discharge measurements on the stator winding insulation,ta,NOT_TRANSLATED,NEEDS_HUMAN_OR_MODEL_VALIDATION,AUXILIARY_ONLY
RV-V03-002954,MSV1-4C661F6F0FD6FA97,IS/IEC 60034 (Part 27/Sec 3):2015,Rotating electrical machines Part 27 Winding insulation of rotating electrical machines Section 3 Dielectric dissipation factor measurement on stator winding insulation of rotating electrical machines,ta,NOT_TRANSLATED,NEEDS_HUMAN_OR_MODEL_VALIDATION,AUXILIARY_ONLY
RV-V03-002955,MSV1-7F63E636430637A7,SP 74:2025,REVISED STATE OF THE ART OF METRIC SYSTEM IN INDIA (An update to the SP4 : 1969 Metric Change in India),ta,NOT_TRANSLATED,NEEDS_HUMAN_OR_MODEL_VALIDATION,AUXILIARY_ONLY
RV-V03-002956,MSV1-2D872C311153848B,IS 14970:2025,Leather — Determination of Distension and Strength of Surface (Ball Burst Method),ta,NOT_TRANSLATED,NEEDS_HUMAN_OR_MODEL_VALIDATION,AUXILIARY_ONLY
RV-V03-002957,MSV1-6AB0A38FA591DFE5,IS 19416:2025,Internet of Things (loT) — Digital Twin — Use Cases,ta,NOT_TRANSLATED,NEEDS_HUMAN_OR_MODEL_VALIDATION,AUXILIARY_ONLY
RV-V03-002958,MSV1-5C67164DA4A5D860,IS 19381:2025,Adventure tourism Cyclotourism Requirements and recommendations,ta,NOT_TRANSLATED,NEEDS_HUMAN_OR_MODEL_VALIDATION,AUXILIARY_ONLY
RV-V03-002959,MSV1-A89FF6D7B944351D,IS 19384:2025,Tourism and Related Services Online Travel Agency OTA Guidelines for Online Accommodation Booking Platform Services,ta,NOT_TRANSLATED,NEEDS_HUMAN_OR_MODEL_VALIDATION,AUXILIARY_ONLY
RV-V03-002960,MSV1-7E4474AAEAEB8EE4,IS 19385:2025,Tourism and Related Services - Restaurants and Catering - Vocabulary,ta,NOT_TRANSLATED,NEEDS_HUMAN_OR_MODEL_VALIDATION,AUXILIARY_ONLY
RV-V03-002961,MSV1-DF631BD4825BA0FA,IS/ISO 25639 (Part 1):2025,Exhibitions and Events Part 1: Vocabulary,ta,NOT_TRANSLATED,NEEDS_HUMAN_OR_MODEL_VALIDATION,AUXILIARY_ONLY
RV-V03-002962,MSV1-AC3BAFC04BF2DC44,IS 19418:2025,CAMPUS FACILITIES AND ACCOMMODATION SERVICES FOR EDUCATIONAL ORGANIZATIONS — REQUIREMENTS,ta,NOT_TRANSLATED,NEEDS_HUMAN_OR_MODEL_VALIDATION,AUXILIARY_ONLY
RV-V03-002963,MSV1-09E4ACBCDF0C34B6,IS/IEC 60034 (Part 30/Sec 3):2024,Rotating electrical machines Part 30 Efficiency classes Section 3 High voltage a.c. motors IE-code,ta,NOT_TRANSLATED,NEEDS_HUMAN_OR_MODEL_VALIDATION,AUXILIARY_ONLY
RV-V03-002964,MSV1-D962B503F492CA08,IS/IEC 60793 (Part 1/Sec 22):2024,Optical fibres Part 1-22: Measurement methods and test procedures - Length measurement First Revision,ta,NOT_TRANSLATED,NEEDS_HUMAN_OR_MODEL_VALIDATION,AUXILIARY_ONLY
RV-V03-002965,MSV1-21996C3AF7BD5EB3,IS 17900 (Part 4):2025,Lifts for the Transport of Persons and Goods Part 4 Specifications for Control Devices Buttons Signals Indicators and Other Fittings,ta,NOT_TRANSLATED,NEEDS_HUMAN_OR_MODEL_VALIDATION,AUXILIARY_ONLY
RV-V03-002966,MSV1-DAD4B2FC196F13CF,IS/IEC 62429:2007,Reliability growth Stress testing for early failures in unique complex systems,ta,NOT_TRANSLATED,NEEDS_HUMAN_OR_MODEL_VALIDATION,AUXILIARY_ONLY
RV-V03-002967,MSV1-CB66546ED1507707,IS/ISO/IEC 5259 (Part 1):2024,Artificial Intelligence Data Quality for Analytics and Machine Learning ML Part 1: Overview Terminology and Examples,ta,NOT_TRANSLATED,NEEDS_HUMAN_OR_MODEL_VALIDATION,AUXILIARY_ONLY
RV-V03-002968,MSV1-7CA142DA3F82EBC4,IS/ISO/IEC 5259 (Part 2):2024,Artificial Intelligence Data Quality for Analytics and Machine Learning ML Part 2: Data Quality Measures,ta,NOT_TRANSLATED,NEEDS_HUMAN_OR_MODEL_VALIDATION,AUXILIARY_ONLY
RV-V03-002969,MSV1-A2ED84A1A9574AD5,IS/ISO/IEC 5259 (Part 3):2024,Artificial Intelligence Data Quality for Analytics and Machine Learning ML Part 3: Data Quality Management Requirements and Guidelines,ta,NOT_TRANSLATED,NEEDS_HUMAN_OR_MODEL_VALIDATION,AUXILIARY_ONLY
RV-V03-002970,MSV1-CB88970DA3A0EF4E,IS/ISO/IEC 5259 (Part 4):2024,Artificial intelligence Data Quality for Analytics and Machine Learning ML Part 4: Data Quality Process Framework,ta,NOT_TRANSLATED,NEEDS_HUMAN_OR_MODEL_VALIDATION,AUXILIARY_ONLY
RV-V03-002971,MSV1-CFDA9D68F2D8B3C7,IS 19276:2025,COUMARIN - SPECIFICATION,ta,NOT_TRANSLATED,NEEDS_HUMAN_OR_MODEL_VALIDATION,AUXILIARY_ONLY
RV-V03-002972,MSV1-0B421107D8DD5C1B,IS 19278 (Part 1):2025,Electronic Signatures and Infrastructures (ESI) — Procedures for Creation and Validation of AdES Digital Signatures Part 1 Creation and Validation,ta,NOT_TRANSLATED,NEEDS_HUMAN_OR_MODEL_VALIDATION,AUXILIARY_ONLY
RV-V03-002973,MSV1-59C836F32CE326F5,IS 19357:2025,Textile Floor Coverings - State of the Art on Maintenance and Cleaning,ta,NOT_TRANSLATED,NEEDS_HUMAN_OR_MODEL_VALIDATION,AUXILIARY_ONLY
RV-V03-002974,MSV1-D7CDD1D37A1690A7,IS 19332:2025,Electronic Signatures and Infrastructures ESI The framework for standardization of signatures Definitions and abbreviations,ta,NOT_TRANSLATED,NEEDS_HUMAN_OR_MODEL_VALIDATION,AUXILIARY_ONLY
RV-V03-002975,MSV1-34D76A79AE9810D0,IS 17900 (Part 7/Sec 1):2025,Lift for the Transport of Person and Goods Part 7 Lifts for Special Applications Section 1 Lifts Used Under-Construction Buildings,ta,NOT_TRANSLATED,NEEDS_HUMAN_OR_MODEL_VALIDATION,AUXILIARY_ONLY
RV-V03-002976,MSV1-C1BFEFAADD205E38,IS 19118:2025,Safety of Machinery - Guidelines on Functional Safety of Safety-Related Control System,ta,NOT_TRANSLATED,NEEDS_HUMAN_OR_MODEL_VALIDATION,AUXILIARY_ONLY
RV-V03-002977,MSV1-A168F65661DEDC41,IS 5182 (Part 30):2025,Air Pollution - Methods For Measurement Part 30 Metals in Particulate Matter in Ambient Air,ta,NOT_TRANSLATED,NEEDS_HUMAN_OR_MODEL_VALIDATION,AUXILIARY_ONLY
RV-V03-002978,MSV1-8E0E09916CE774E0,IS 19383:2025,Audiometric Test Room - Specification,ta,NOT_TRANSLATED,NEEDS_HUMAN_OR_MODEL_VALIDATION,AUXILIARY_ONLY
RV-V03-002979,MSV1-6543C309CF1319C9,IS 19400:2025,HOLARRHENA ANTIDYSENTERICA HYDRO-ALCOHOLIC EXTRACT FOR USE IN HOMOEOPATHY- SPECIFICATION,ta,NOT_TRANSLATED,NEEDS_HUMAN_OR_MODEL_VALIDATION,AUXILIARY_ONLY
RV-V03-002980,MSV1-23632E00BF5F3D8A,IS 14223 (Part 2):2025,Polished Building Stones –– Specification Part 2 Marble and Similar Stones,ta,NOT_TRANSLATED,NEEDS_HUMAN_OR_MODEL_VALIDATION,AUXILIARY_ONLY
RV-V03-002981,MSV1-8F27C798F02C3A59,IS 19409:2025,SERVICE VALVES FOR AIR CONDITIONING AND REFRIGERATION PURPOSES - SPECIFICATION,ta,NOT_TRANSLATED,NEEDS_HUMAN_OR_MODEL_VALIDATION,AUXILIARY_ONLY
RV-V03-002982,MSV1-0E6C8AAE69613148,IS 15559:2025,POLYESTER PET STRAPPING SPECIFICATION,ta,NOT_TRANSLATED,NEEDS_HUMAN_OR_MODEL_VALIDATION,AUXILIARY_ONLY
RV-V03-002983,MSV1-A2C745F72841EACA,IS 12844:2025,Vinyl Pyridine Latex — Specification,ta,NOT_TRANSLATED,NEEDS_HUMAN_OR_MODEL_VALIDATION,AUXILIARY_ONLY
RV-V03-002984,MSV1-3E7D6A5C543F21D7,IS 1671:2025,TEXTILES — STRENGTH PARAMETERS OF YARNS SPUN ON COTTON SYSTEM — METHODS OF TEST,ta,NOT_TRANSLATED,NEEDS_HUMAN_OR_MODEL_VALIDATION,AUXILIARY_ONLY
RV-V03-002985,MSV1-A1A1D0EB8C55826B,IS 7845:2025,Textile Dyestuffs - Method for Evaluating Strength of Reactive Dyes Trichloropyrimidyl Type by Dyeing Test (Second Revision),ta,NOT_TRANSLATED,NEEDS_HUMAN_OR_MODEL_VALIDATION,AUXILIARY_ONLY
RV-V03-002986,MSV1-5254B742D1837CCE,IS 7471:2025,Recommendation for Polarity of Earth Connections and Marking of Electrical Equipment for Automobiles (First Revision),ta,NOT_TRANSLATED,NEEDS_HUMAN_OR_MODEL_VALIDATION,AUXILIARY_ONLY
RV-V03-002987,MSV1-BD87B50EA9F37C7E,IS 11657:2025,Phosphorus Oxychloride Technical - Specification (Second Revision),ta,NOT_TRANSLATED,NEEDS_HUMAN_OR_MODEL_VALIDATION,AUXILIARY_ONLY
RV-V03-002988,MSV1-64062318C88FCEA0,IS 3735:2025,Canvas Shoes Rubber Sole - Specification (Third Revision ),ta,NOT_TRANSLATED,NEEDS_HUMAN_OR_MODEL_VALIDATION,AUXILIARY_ONLY
RV-V03-002989,MSV1-FCDEFB04E5130FDD,IS 8540:2025,Liquid Glass Cleaner — Specification ( Second Revision ),ta,NOT_TRANSLATED,NEEDS_HUMAN_OR_MODEL_VALIDATION,AUXILIARY_ONLY
RV-V03-002990,MSV1-D6A739A02EDD5036,IS 13980:2025,ACCEPTANCE TESTS ON INDUSTRIAL BOILERS CODE OF PRACTICE,ta,NOT_TRANSLATED,NEEDS_HUMAN_OR_MODEL_VALIDATION,AUXILIARY_ONLY
RV-V03-002991,MSV1-73093B6035FEDFB2,IS 9821:2025,Farm Transport Equipment - Glossary ( First Revision),ta,NOT_TRANSLATED,NEEDS_HUMAN_OR_MODEL_VALIDATION,AUXILIARY_ONLY
RV-V03-002992,MSV1-15EF82AF4407E61D,IS 1493 (Part 1):2025,Methods of chemical analysis of iron ores Part 1 Determination of common constituents ( Second Revision),ta,NOT_TRANSLATED,NEEDS_HUMAN_OR_MODEL_VALIDATION,AUXILIARY_ONLY
RV-V03-002993,MSV1-EF965C4E3964D089,IS 3564:2025,Hydraulically Regulated Door Closers - Specification Fifth Revision of IS 3564 Amalgamating IS 14912,ta,NOT_TRANSLATED,NEEDS_HUMAN_OR_MODEL_VALIDATION,AUXILIARY_ONLY
RV-V03-002994,MSV1-EABF34A578903E3E,IS 6315:2025,Hydraulically Regulated Floor Springs - Specification Third Revision of IS 6315 ICS 91190,ta,NOT_TRANSLATED,NEEDS_HUMAN_OR_MODEL_VALIDATION,AUXILIARY_ONLY
RV-V03-002995,MSV1-C49E4AD43EE39E1F,IS 5114:2025,REFLECTORIZED SIGNS FOR MINES SPECIFICATION First Revision,ta,NOT_TRANSLATED,NEEDS_HUMAN_OR_MODEL_VALIDATION,AUXILIARY_ONLY
RV-V03-002996,MSV1-9DCD6E11C443A077,IS 10891 (Part 2):2025,STEEL WIRE ROPES FOR AERIAL ROPEWAYS SPECIFICATION PART 2 TRACK ROPES [Second Revision of IS 10891 (Part 2)],ta,NOT_TRANSLATED,NEEDS_HUMAN_OR_MODEL_VALIDATION,AUXILIARY_ONLY
RV-V03-002997,MSV1-419D892BCA79A4E1,IS 19389:2025,Monitoring Radioactive Gases in Effluents from Facilities Producing Positron Emitting Radionuclides and Radiopharmaceuticals,ta,NOT_TRANSLATED,NEEDS_HUMAN_OR_MODEL_VALIDATION,AUXILIARY_ONLY
RV-V03-002998,MSV1-EB7585448D72C54C,IS 19390:2025,Guidance for Gamma Spectrometry Measurement of Radioactive Waste,ta,NOT_TRANSLATED,NEEDS_HUMAN_OR_MODEL_VALIDATION,AUXILIARY_ONLY
RV-V03-002999,MSV1-615D9D5FDCEFF770,IS 19392:2025,Measurement of radioactivity - Gamma ray and beta emitting radionuclides - Test method to assess the ease of decontamination of surface materials,ta,NOT_TRANSLATED,NEEDS_HUMAN_OR_MODEL_VALIDATION,AUXILIARY_ONLY
RV-V03-003000,MSV1-6BEED4F8837A02CC,IS 19378:2025,Base Paper for Sublimation Coating and Sublimation Coated Paper Specification,ta,NOT_TRANSLATED,NEEDS_HUMAN_OR_MODEL_VALIDATION,AUXILIARY_ONLY
RV-V03-003001,MSV1-5D0BA51F8738085C,IS 19763:2026,Textile floor coverings - Aircraft Woven Carpet - Specification,ml,NOT_TRANSLATED,NEEDS_HUMAN_OR_MODEL_VALIDATION,AUXILIARY_ONLY
RV-V03-003002,MSV1-20BC1DA075E1C350,IS 19822:2026,FIBRE ROPES — ELECTROSTATIC SURFACE POTENTIAL MEASURING METHOD,ml,NOT_TRANSLATED,NEEDS_HUMAN_OR_MODEL_VALIDATION,AUXILIARY_ONLY
RV-V03-003003,MSV1-F4236670B769271D,IS 19783:2026,Textiles — 100 Percent Nylon Woven Fabric — Specifications,ml,NOT_TRANSLATED,NEEDS_HUMAN_OR_MODEL_VALIDATION,AUXILIARY_ONLY
RV-V03-003004,MSV1-356EEF4C2E00D4E4,IS 1608 (Part 5):2026,Metallic materials — Tensile testing Part 5: Specification for testing miniaturised test pieces,ml,NOT_TRANSLATED,NEEDS_HUMAN_OR_MODEL_VALIDATION,AUXILIARY_ONLY
RV-V03-003005,MSV1-58D4F26A33B657A5,IS 19881:2026,ASSIMILATIVE AND CARRYING CAPACITY ASSESSMENT OF AMBIENT AIR POLLUTION — METHODOLOGY,ml,NOT_TRANSLATED,NEEDS_HUMAN_OR_MODEL_VALIDATION,AUXILIARY_ONLY
RV-V03-003006,MSV1-77A59E41C9A194C0,IS 19879:2026,PREPARATION OF AIR QUALITY MANAGEMENT PLAN — CODE OF PRACTICE,ml,NOT_TRANSLATED,NEEDS_HUMAN_OR_MODEL_VALIDATION,AUXILIARY_ONLY
RV-V03-003007,MSV1-67937071AB131EA2,IS 19880:2026,CONTROL OF AIR POLLUTION FROM PLASTIC WASTE PYROLYSIS — CODE OF PRACTICE,ml,NOT_TRANSLATED,NEEDS_HUMAN_OR_MODEL_VALIDATION,AUXILIARY_ONLY
RV-V03-003008,MSV1-9B2179E3A5E26B8E,IS 19882 (Part 1):2026,Soil quality — Sampling — Part 1: Preliminary investigations,ml,NOT_TRANSLATED,NEEDS_HUMAN_OR_MODEL_VALIDATION,AUXILIARY_ONLY
RV-V03-003009,MSV1-F74A73AEDF348B67,IS 19882 (Part 2):2026,Soil quality — Sampling — Part 2: Investigation of potentially contaminated sites,ml,NOT_TRANSLATED,NEEDS_HUMAN_OR_MODEL_VALIDATION,AUXILIARY_ONLY
RV-V03-003010,MSV1-7CD6FE241264991E,IS 19882 (Part 3):2026,"Soil quality — Sampling — Part 3: Guidance on the procedure for investigation of natural, near-natural and cultivated sites",ml,NOT_TRANSLATED,NEEDS_HUMAN_OR_MODEL_VALIDATION,AUXILIARY_ONLY
RV-V03-003011,MSV1-4A86F08FC2974589,IS 8324:2026,Safe Use and Maintenance on Non Calibrated Round Steel Link Lifting Chains and Chain Slings Code of Practice (Second Revision),ml,NOT_TRANSLATED,NEEDS_HUMAN_OR_MODEL_VALIDATION,AUXILIARY_ONLY
RV-V03-003012,MSV1-5D692F4BDF89CE03,IS 13872:2026,HOUSEHOLD SEWING MACHINE - STITCH REGULATORS - SPECIFICATION ( First Revision ),ml,NOT_TRANSLATED,NEEDS_HUMAN_OR_MODEL_VALIDATION,AUXILIARY_ONLY
RV-V03-003013,MSV1-7C4E13F808C720BA,IS 9874:2026,Arm and Bed Assembly for Sewing Machines for Household Purposes — Specification ( First Revision ),ml,NOT_TRANSLATED,NEEDS_HUMAN_OR_MODEL_VALIDATION,AUXILIARY_ONLY
RV-V03-003014,MSV1-20ACEEB0051A3B01,IS 10325:2026,"Square tins of 15 kg or 15 litre capacity for ghee, vanaspati, edible oils and bakery shortenings — Specification (third revision)",ml,NOT_TRANSLATED,NEEDS_HUMAN_OR_MODEL_VALIDATION,AUXILIARY_ONLY
RV-V03-003015,MSV1-D8EEC4771AE63FE3,IS 12112:2026,Control of Air Pollution in Refractory Industries — Code of Practice (First Revision),ml,NOT_TRANSLATED,NEEDS_HUMAN_OR_MODEL_VALIDATION,AUXILIARY_ONLY
RV-V03-003016,MSV1-DF1D95FB49D5F0E3,IS 7385:2026,Taper grooved pins — Half-length progressive grooves — Specification (third revision),ml,NOT_TRANSLATED,NEEDS_HUMAN_OR_MODEL_VALIDATION,AUXILIARY_ONLY
RV-V03-003017,MSV1-E79E9873164FB2F5,IS 13618:2026,Mine Haulages - Direct Rope (50 kW to 150 kW) - General Requirements,ml,NOT_TRANSLATED,NEEDS_HUMAN_OR_MODEL_VALIDATION,AUXILIARY_ONLY
RV-V03-003018,MSV1-7BDE2FF9C85BC665,IS 12185:2026,CONTROL OF AIR POLLUTION IN ALUMINIUM INDUSTRY — CODE OF PRACTICE (First Revision),ml,NOT_TRANSLATED,NEEDS_HUMAN_OR_MODEL_VALIDATION,AUXILIARY_ONLY
RV-V03-003019,MSV1-27E0843782F7412B,IS 11916:2026,Textiles – Continuous filament glass yarn for aerospace and other purposes – Specification (second revision),ml,NOT_TRANSLATED,NEEDS_HUMAN_OR_MODEL_VALIDATION,AUXILIARY_ONLY
RV-V03-003020,MSV1-391106B5860F79C6,IS 10447:2026,Solid Waste Management in Iron and Steel Plants — Guidelines ( First Revision ),ml,NOT_TRANSLATED,NEEDS_HUMAN_OR_MODEL_VALIDATION,AUXILIARY_ONLY
RV-V03-003021,MSV1-B14B163A001A39A0,IS 11304:2026,CONTROL OF AIR POLLUTION IN IRON AND STEEL PLANTS — CODE OF PRACTICE (First Revision),ml,NOT_TRANSLATED,NEEDS_HUMAN_OR_MODEL_VALIDATION,AUXILIARY_ONLY
RV-V03-003022,MSV1-1DDE68C6A175E748,IS 16810 (Part 1):2026,Safety of Machinery — Safety-Related Parts of Control Systems Part 1 General Principles for Design (First Revision),ml,NOT_TRANSLATED,NEEDS_HUMAN_OR_MODEL_VALIDATION,AUXILIARY_ONLY
RV-V03-003023,MSV1-6C72DBECC4610B49,IS 16815:2026,Safety of Machinery — Positioning of Safeguards with Respect to the Approach of the Human Body (First Revision),ml,NOT_TRANSLATED,NEEDS_HUMAN_OR_MODEL_VALIDATION,AUXILIARY_ONLY
RV-V03-003024,MSV1-CAA5A939E23855D9,IS 7967:2026,Controlling Pollution of Marine Coastal Outfalls — Guidelines ( First Revision ),ml,NOT_TRANSLATED,NEEDS_HUMAN_OR_MODEL_VALIDATION,AUXILIARY_ONLY
RV-V03-003025,MSV1-2102B9299AE692BD,IS 3256:2026,Textiles — Inland Packaging of Ropes and Cordages — Code of Practice (Second Revision),ml,NOT_TRANSLATED,NEEDS_HUMAN_OR_MODEL_VALIDATION,AUXILIARY_ONLY
RV-V03-003026,MSV1-DA4934D3570DA0D7,IS 5175:2026,"Fibre ropes — Polypropylene split film monofilament and multifilament — 3-, 4-, 8- and 12- strand ropes (fifth revision)",ml,NOT_TRANSLATED,NEEDS_HUMAN_OR_MODEL_VALIDATION,AUXILIARY_ONLY
RV-V03-003027,MSV1-8DF868A81D7A0E2A,IS 13450 (Part 2/Sec 6):2026,Medical Electrical Equipment Part 2 Particular Requirements for Basic Safety and Essential Performance Section 6 Particular requirements for the basic safety and essential performance of microwave therapy equipment IEC 60601-2-6: 2022 MOD First Revision,ml,NOT_TRANSLATED,NEEDS_HUMAN_OR_MODEL_VALIDATION,AUXILIARY_ONLY
RV-V03-003028,MSV1-52A9639E1762156A,IS 15732 (Part 1):2026,Endoscopes - Medical Endoscopes and Endotherapy Devices Part 1 General Requirements (Second Revision),ml,NOT_TRANSLATED,NEEDS_HUMAN_OR_MODEL_VALIDATION,AUXILIARY_ONLY
RV-V03-003029,MSV1-AC4D3D747EFD6CC3,IS 15732 (Part 4):2026,Endoscopes - Medical endoscopes and endotherapy devices Part 4 Determination of maximum width of insertion portion (Second Revision),ml,NOT_TRANSLATED,NEEDS_HUMAN_OR_MODEL_VALIDATION,AUXILIARY_ONLY
RV-V03-003030,MSV1-52A4FC6EAEBF8FE1,IS 13450 (Part 2/Sec 75):2026,Medical electrical equipment Part 2 Particular requirements for the basic safety and essential performance Section 75 Photodynamic therapy and photodynamic diagnosis equipment,ml,NOT_TRANSLATED,NEEDS_HUMAN_OR_MODEL_VALIDATION,AUXILIARY_ONLY
RV-V03-003031,MSV1-F6BAB5C5201D5B3E,IS 13450 (Part 2/Sec 83):2026,Medical electrical equipment Part 2 Particular requirements for the basic safety and essential performance Section 83 Home light therapy equipment,ml,NOT_TRANSLATED,NEEDS_HUMAN_OR_MODEL_VALIDATION,AUXILIARY_ONLY
RV-V03-003032,MSV1-CB5033454CF46F97,IS 5647:2026,p-TOLUIDINE SPECIFICATION,ml,NOT_TRANSLATED,NEEDS_HUMAN_OR_MODEL_VALIDATION,AUXILIARY_ONLY
RV-V03-003033,MSV1-1D08C26BAABC450A,IS 5649:2026,o-Toluidine,ml,NOT_TRANSLATED,NEEDS_HUMAN_OR_MODEL_VALIDATION,AUXILIARY_ONLY
RV-V03-003034,MSV1-121E312273C342CD,IS 6156:2026,Chlorosulphonic Acid — Code of Safety (First Revision),ml,NOT_TRANSLATED,NEEDS_HUMAN_OR_MODEL_VALIDATION,AUXILIARY_ONLY
RV-V03-003035,MSV1-238440F8B1C5DF30,IS 10870:2026,Hexane — Code of Safety (First Revision),ml,NOT_TRANSLATED,NEEDS_HUMAN_OR_MODEL_VALIDATION,AUXILIARY_ONLY
RV-V03-003036,MSV1-17AB49410C808873,IS 19887:2026,"Monocalcium phosphate, animal feed grade — Specification",ml,NOT_TRANSLATED,NEEDS_HUMAN_OR_MODEL_VALIDATION,AUXILIARY_ONLY
RV-V03-003037,MSV1-3AC813ED272F47C7,IS 19901:2026,Safe Handling of Biotherapeutic Products Used in Homoeopathy — Guidelines,ml,NOT_TRANSLATED,NEEDS_HUMAN_OR_MODEL_VALIDATION,AUXILIARY_ONLY
RV-V03-003038,MSV1-56488BF2DE8D3C2D,IS 19897:2026,Homoeopathic Mother Tinctures (Hydro-Alcoholic Extracts) — Test Methods,ml,NOT_TRANSLATED,NEEDS_HUMAN_OR_MODEL_VALIDATION,AUXILIARY_ONLY
RV-V03-003039,MSV1-C29C1E6215CD70B8,IS 19900:2026,Echinacea Angustifolia DC. Whole Plant for Use in Traditional Medicine — Specification,ml,NOT_TRANSLATED,NEEDS_HUMAN_OR_MODEL_VALIDATION,AUXILIARY_ONLY
RV-V03-003040,MSV1-C7A0A2CEA9EDCDAA,IS 19898:2026,Echinacea Angustifolia Hydro-Alcoholic Extract for Use in Homoeopathy — Specification,ml,NOT_TRANSLATED,NEEDS_HUMAN_OR_MODEL_VALIDATION,AUXILIARY_ONLY
RV-V03-003041,MSV1-073BAA08B6122FF1,IS 302 (Part 2/Sec 16):2026,Household and Similar Electrical Appliances - Safety Part 2 Particular Requirements Section 16 Food Waste Disposers,ml,NOT_TRANSLATED,NEEDS_HUMAN_OR_MODEL_VALIDATION,AUXILIARY_ONLY
RV-V03-003042,MSV1-9E8CA76691AB77AD,IS 302 (Part 2/Sec 36):2026,"Household and Similar Electrical Appliances — Safety Part 2 Particular Requirements Section 36 Commercial Electric Cooking Ranges, Ovens, Hobs and Hob Elements",ml,NOT_TRANSLATED,NEEDS_HUMAN_OR_MODEL_VALIDATION,AUXILIARY_ONLY
RV-V03-003043,MSV1-9568373A9402869B,IS 302 (Part 2/Sec 49):2026,Household and Similar Electrical Appliances — Safety Part 2 Particular Requirements Section 49 Commercial Electric Appliances for Keeping Food and Crockery Warm,ml,NOT_TRANSLATED,NEEDS_HUMAN_OR_MODEL_VALIDATION,AUXILIARY_ONLY
RV-V03-003044,MSV1-4F790F6EDA5FADBE,IS 302 (Part 2/Sec 54):2026,Household and Similar Electrical Appliances — Safety Part 2 Particular Requirements Section 54 Surface-Cleaning Appliances for Household Use Employing Liquids or Steam,ml,NOT_TRANSLATED,NEEDS_HUMAN_OR_MODEL_VALIDATION,AUXILIARY_ONLY
RV-V03-003045,MSV1-0D3263E3039E279B,IS/ISO/IEC/IEEE 8802 (Part 1):2021,Telecommunications and Exchange Between Information Technology Systems Requirements for Local and Metropolitan Area Networks Part 1X: Port-Based Network Access Control First Revision,ml,NOT_TRANSLATED,NEEDS_HUMAN_OR_MODEL_VALIDATION,AUXILIARY_ONLY
RV-V03-003046,MSV1-A9D21EFE6B4252C1,IS/ISO/IEC 11179 (Part 6):2023,Information Technology Metadata Registries MDR Part 6: Registration First Revision,ml,NOT_TRANSLATED,NEEDS_HUMAN_OR_MODEL_VALIDATION,AUXILIARY_ONLY
RV-V03-003047,MSV1-9CFA1FE8910113D0,IS/ISO/IEC 14882:2024,Programming languages C + + (Second Revision),ml,NOT_TRANSLATED,NEEDS_HUMAN_OR_MODEL_VALIDATION,AUXILIARY_ONLY
RV-V03-003048,MSV1-0C86F9F21218E54B,IS 302 (Part 2/Sec 26):2026,Household and Similar Electrical Appliances —— Safety Part 2 Particular Requirements Section 26 Clocks (Second Revision),ml,NOT_TRANSLATED,NEEDS_HUMAN_OR_MODEL_VALIDATION,AUXILIARY_ONLY
RV-V03-003049,MSV1-7999720A6F32853F,IS 7324:2026,BRIX HYDROMETERS SPECIFICATION Second Revision,ml,NOT_TRANSLATED,NEEDS_HUMAN_OR_MODEL_VALIDATION,AUXILIARY_ONLY
RV-V03-003050,MSV1-3377AE13642F3A3E,IS 15284 (Part 1):2026,Design and Construction for Ground Improvement — Code of Practice : Part 1 Stone Columns,ml,NOT_TRANSLATED,NEEDS_HUMAN_OR_MODEL_VALIDATION,AUXILIARY_ONLY
RV-V03-003051,MSV1-C956F39F4CBE6C55,IS 15284 (Part 2):2026,Design and Construction for Ground Improvement - Code of Practice : Part 2 Preconsolidation Using Vertical Drains,ml,NOT_TRANSLATED,NEEDS_HUMAN_OR_MODEL_VALIDATION,AUXILIARY_ONLY
RV-V03-003052,MSV1-A9948391AE2E7355,IS 6452:2026,High Alumina Cement for Structural Use - Specification (Second Revision),ml,NOT_TRANSLATED,NEEDS_HUMAN_OR_MODEL_VALIDATION,AUXILIARY_ONLY
RV-V03-003053,MSV1-28E0EFBB542CB521,IS 11233:2026,"Design and Construction of Foundations for Radar and Satellite Tracking Antennas, Microwave, Mobile and Television Towers — Code of Practice (First Revision)",ml,NOT_TRANSLATED,NEEDS_HUMAN_OR_MODEL_VALIDATION,AUXILIARY_ONLY
RV-V03-003054,MSV1-06A04D781D01A2C6,IS 17425:2026,Irrigation Equipment - Quick Coupled Polyethylene Pipes and Fittings for Sprinkler Irrigation Systems - Specification (First Revision),ml,NOT_TRANSLATED,NEEDS_HUMAN_OR_MODEL_VALIDATION,AUXILIARY_ONLY
RV-V03-003055,MSV1-EE967F00771BBFCC,IS 5306:2025,"Sodium carboxymethyl cellulose, food grade - Specification (third revision)",ml,NOT_TRANSLATED,NEEDS_HUMAN_OR_MODEL_VALIDATION,AUXILIARY_ONLY
RV-V03-003056,MSV1-B34CAE2322CD0273,IS 5867:2026,Leather Board for Footwear Insole - Specification (First Revision ),ml,NOT_TRANSLATED,NEEDS_HUMAN_OR_MODEL_VALIDATION,AUXILIARY_ONLY
RV-V03-003057,MSV1-A0F5D002CD6D8458,IS 7328:2026,POLYETHYLENE PE MATERIAL FOR MOULDING AND EXTRUSION SPECIFICATION Third Revision,ml,NOT_TRANSLATED,NEEDS_HUMAN_OR_MODEL_VALIDATION,AUXILIARY_ONLY
RV-V03-003058,MSV1-4E3774B3A1934884,IS 8122 (Part 2):2026,Combine Harvester — Part 2 Test Code (Second Revision),ml,NOT_TRANSLATED,NEEDS_HUMAN_OR_MODEL_VALIDATION,AUXILIARY_ONLY
RV-V03-003059,MSV1-94037F90D8E26E91,IS 8122 (Part 1):2026,Combine Harvester - Part 1 Terminology (Second Revision),ml,NOT_TRANSLATED,NEEDS_HUMAN_OR_MODEL_VALIDATION,AUXILIARY_ONLY
RV-V03-003060,MSV1-229DB785CAF139F3,IS 7585:2026,Wines - Methods of analysis (Second Revision),ml,NOT_TRANSLATED,NEEDS_HUMAN_OR_MODEL_VALIDATION,AUXILIARY_ONLY
RV-V03-003061,MSV1-38FC966A8B23DAF1,IS 9374:2026 P,Flour Milling Industry – Glossary (First Revision),ml,NOT_TRANSLATED,NEEDS_HUMAN_OR_MODEL_VALIDATION,AUXILIARY_ONLY
RV-V03-003062,MSV1-D4104E86FD409C9A,IS 1989 (Part 1):2026,Specification for leather safety boots and shoes: Part 1 for miners (Fifth Revision),ml,NOT_TRANSLATED,NEEDS_HUMAN_OR_MODEL_VALIDATION,AUXILIARY_ONLY
RV-V03-003063,MSV1-341D8871D06A8302,IS 1989 (Part 2):2026,Specification for leather safety boots and shoes: Part 2 for heavy metal industries (Fifth Revision),ml,NOT_TRANSLATED,NEEDS_HUMAN_OR_MODEL_VALIDATION,AUXILIARY_ONLY
RV-V03-003064,MSV1-306742234323BAD0,IS 2553 (Part 3):2026,Safety Glass — Specification Part 3 Solar Applications (First Revision),ml,NOT_TRANSLATED,NEEDS_HUMAN_OR_MODEL_VALIDATION,AUXILIARY_ONLY
RV-V03-003065,MSV1-D23D7435D3D50E05,IS 19655 (Part 6):2026,Handmade Paper for Certificates Specification,ml,NOT_TRANSLATED,NEEDS_HUMAN_OR_MODEL_VALIDATION,AUXILIARY_ONLY
RV-V03-003066,MSV1-B5CC69A422B27985,IS 19535:2026,Board - Determination of puncture resistance using a pendulum device,ml,NOT_TRANSLATED,NEEDS_HUMAN_OR_MODEL_VALIDATION,AUXILIARY_ONLY
RV-V03-003067,MSV1-545BE6EB7DCC4BB8,IS 19792:2026,Pharmacovigilance Centre for Ayurveda Siddha Sowa-Rigpa Unani and Homoeopathy ( ASU & H) systems Service Requirements,ml,NOT_TRANSLATED,NEEDS_HUMAN_OR_MODEL_VALIDATION,AUXILIARY_ONLY
RV-V03-003068,MSV1-C34C901843DA2D5A,IS 19878:2026,Metallic and Other Inorganic Coatings — Electropolishing as a Means of Smoothing and Passivating Stainless Steel,ml,NOT_TRANSLATED,NEEDS_HUMAN_OR_MODEL_VALIDATION,AUXILIARY_ONLY
RV-V03-003069,MSV1-802357F71631AFFF,IS 19885:2026,Geosynthetics - Drainage Geo-composite - Specification,ml,NOT_TRANSLATED,NEEDS_HUMAN_OR_MODEL_VALIDATION,AUXILIARY_ONLY
RV-V03-003070,MSV1-F4FC3A7D922E676B,IS 19700:2026,Stationery — Cutter Blades — Specification,ml,NOT_TRANSLATED,NEEDS_HUMAN_OR_MODEL_VALIDATION,AUXILIARY_ONLY
RV-V03-003071,MSV1-9DC23A884D902E31,IS 14452:2026,Textiles — Care Labelling Code Using Symbols (third revision),ml,NOT_TRANSLATED,NEEDS_HUMAN_OR_MODEL_VALIDATION,AUXILIARY_ONLY
RV-V03-003072,MSV1-FA7820263D6EA9F6,IS 17862:2026,E-Waste Management — Guidelines ( First Revision ),ml,NOT_TRANSLATED,NEEDS_HUMAN_OR_MODEL_VALIDATION,AUXILIARY_ONLY
RV-V03-003073,MSV1-EE4D9D49A42FE982,IS 19884:2026,Geosynthetic Clay Liner — Specification,ml,NOT_TRANSLATED,NEEDS_HUMAN_OR_MODEL_VALIDATION,AUXILIARY_ONLY
RV-V03-003074,MSV1-C81800F032E101C9,IS 12157:2026,Requirements for Construction of Work Platform of Powered Industrial Trucks (For Maintenance Purposes) (First Revision of IS 12157:1987),ml,NOT_TRANSLATED,NEEDS_HUMAN_OR_MODEL_VALIDATION,AUXILIARY_ONLY
RV-V03-003075,MSV1-1FF94D72C7865560,IS/ISO 7425 (Part 2):2021,"Hydraulic fluid power cylinders — Dimensions and tolerances of housings for elastomer energized, plastic-faced seals Part 2: Rod seal housings (first revision)",ml,NOT_TRANSLATED,NEEDS_HUMAN_OR_MODEL_VALIDATION,AUXILIARY_ONLY
RV-V03-003076,MSV1-0D94781525B38165,IS 7386:2026,Reverse-taper grooved pins — Half-length progressive grooves — Specification (Third Revision),ml,NOT_TRANSLATED,NEEDS_HUMAN_OR_MODEL_VALIDATION,AUXILIARY_ONLY
RV-V03-003077,MSV1-94D5BDD5BB26E38C,IS 16812:2026,Safety of Machinery — Interlocking Devices Associated with Guards — Principles for Design and Selection (First Revision),ml,NOT_TRANSLATED,NEEDS_HUMAN_OR_MODEL_VALIDATION,AUXILIARY_ONLY
RV-V03-003078,MSV1-302C8184BB21228D,IS 19841:2026,Galvanizing Grade (GG) Zinc Alloy Ingots for Hot Dip Galvanizing of Steel — Specification,ml,NOT_TRANSLATED,NEEDS_HUMAN_OR_MODEL_VALIDATION,AUXILIARY_ONLY
RV-V03-003079,MSV1-0853047EBA4C2BBA,IS 19592:2026,Gauge Block Comparator — Calibration,ml,NOT_TRANSLATED,NEEDS_HUMAN_OR_MODEL_VALIDATION,AUXILIARY_ONLY
RV-V03-003080,MSV1-A3AD2C99F6D3B04C,IS 3346:2026,Method for the Determination of Thermal Conductivity of Thermal Insulation Materials (Guarded Hot - Plate Method) (Second Revision),ml,NOT_TRANSLATED,NEEDS_HUMAN_OR_MODEL_VALIDATION,AUXILIARY_ONLY
RV-V03-003081,MSV1-C09219C191CD1358,IS 9357:2025,"Triallate, technical - Specification (first revision)",ml,NOT_TRANSLATED,NEEDS_HUMAN_OR_MODEL_VALIDATION,AUXILIARY_ONLY
RV-V03-003082,MSV1-6E2AC4A879DA5C3E,IS 14550:2025,Hexaconazole emulsifiable concentrate (EC) - Specification (first revision),ml,NOT_TRANSLATED,NEEDS_HUMAN_OR_MODEL_VALIDATION,AUXILIARY_ONLY
RV-V03-003083,MSV1-1C3D1AA19851F6FF,IS 16122:2026,Microbiology of the food chain — General requirements and guidance for microbiological examinations,ml,NOT_TRANSLATED,NEEDS_HUMAN_OR_MODEL_VALIDATION,AUXILIARY_ONLY
RV-V03-003084,MSV1-B9D1FE08BA19B57A,IS 19864:2026,DETERMINATION OF POLAR PESTICIDES IN RAW FOOD COMMODITIES OF PLANT ORIGIN BY LIQUID CHROMATOGRAPHY-TRIPLE QUADRUPOLE MASS SPECTROMETRY — METHOD OF TEST,ml,NOT_TRANSLATED,NEEDS_HUMAN_OR_MODEL_VALIDATION,AUXILIARY_ONLY
RV-V03-003085,MSV1-7451C258E34A751F,IS 19866:2026,Estimation of Paraquat and Diquat Residues in Plant Origin Products with Acidified Methanol Using LC-MS/MS — Method of Test,ml,NOT_TRANSLATED,NEEDS_HUMAN_OR_MODEL_VALIDATION,AUXILIARY_ONLY
RV-V03-003086,MSV1-64EB12ECDD1A95D0,IS 17874 (Part 2):2026,Glossary of Yoga Terminology - Part 2 Commonly used Terms from Gheranda Samhita,ml,NOT_TRANSLATED,NEEDS_HUMAN_OR_MODEL_VALIDATION,AUXILIARY_ONLY
RV-V03-003087,MSV1-66867C227F828F27,IS 17874 (Part 3):2026,Glossary of Yoga Terminology - Part 3 Commonly Used Terms from Hatha Yoga Pradipika,ml,NOT_TRANSLATED,NEEDS_HUMAN_OR_MODEL_VALIDATION,AUXILIARY_ONLY
RV-V03-003088,MSV1-DF3ED66004F6B364,IS 19510:2025,"Ametryn, technical - Specification",ml,NOT_TRANSLATED,NEEDS_HUMAN_OR_MODEL_VALIDATION,AUXILIARY_ONLY
RV-V03-003089,MSV1-B037D56F0ED5BAED,IS 19823:2026,"POTENTIOMETRIC DETERMINATION OF CHLORIDE IN MILK, MILK PRODUCTS AND MILK BASED NUTRITION FORMULATIONS (INFANT & ADULT) - METHOD OF TEST",ml,NOT_TRANSLATED,NEEDS_HUMAN_OR_MODEL_VALIDATION,AUXILIARY_ONLY
RV-V03-003090,MSV1-AE53EE491FC386E3,IS 19846:2026,Heat-processed foods in hermetically sealed containers — Determination of pH,ml,NOT_TRANSLATED,NEEDS_HUMAN_OR_MODEL_VALIDATION,AUXILIARY_ONLY
RV-V03-003091,MSV1-5BD5EE33863BBF72,IS 17113 (Part 7):2026,Microbiology of the food chain — Method validation — Part 7 : Protocol for the validation of identification methods of microorganisms,ml,NOT_TRANSLATED,NEEDS_HUMAN_OR_MODEL_VALIDATION,AUXILIARY_ONLY
RV-V03-003092,MSV1-698C080561EB07EC,IS 19844:2026,Microbiology of the food chain — Polymerase chain reaction (PCR) for the detection of microorganisms — Thermal performance testing of thermal cyclers,ml,NOT_TRANSLATED,NEEDS_HUMAN_OR_MODEL_VALIDATION,AUXILIARY_ONLY
RV-V03-003093,MSV1-23D3C2D3A60BC824,IS 19843:2026,Microbiology of the food chain — Detection and quantification of histamine in fish and fishery products — HPLC method,ml,NOT_TRANSLATED,NEEDS_HUMAN_OR_MODEL_VALIDATION,AUXILIARY_ONLY
RV-V03-003094,MSV1-55A346C419609FAE,IS 19859:2026,Water quality — Enumeration of intestinal enterococci Most probable number method,ml,NOT_TRANSLATED,NEEDS_HUMAN_OR_MODEL_VALIDATION,AUXILIARY_ONLY
RV-V03-003095,MSV1-01D376125BA0F557,IS 19848:2026,Water quality — Requirements for the comparison of the relative recovery of microorganisms by two quantitative methods,ml,NOT_TRANSLATED,NEEDS_HUMAN_OR_MODEL_VALIDATION,AUXILIARY_ONLY
RV-V03-003096,MSV1-D3876678EC2A0499,IS 19847:2026,"Water quality — Polymerase chain reaction (PCR) for the detection and quantification of microorganisms and viruses — General requirements, quality assurance and validation",ml,NOT_TRANSLATED,NEEDS_HUMAN_OR_MODEL_VALIDATION,AUXILIARY_ONLY
RV-V03-003097,MSV1-A92FA5B8E06BF287,IS 19860:2026,Water Quality — Detection and Quantification of Legionella spp. and/or Legionella Pneumophila by Concentration and Genic Amplification by Quantitative Polymerase Chain Reaction (qPCR) — On-Site Methods,ml,NOT_TRANSLATED,NEEDS_HUMAN_OR_MODEL_VALIDATION,AUXILIARY_ONLY
RV-V03-003098,MSV1-5FFC9FE2B0387F2D,IS 19845:2026,Water quality — Sampling for microbiological analysis,ml,NOT_TRANSLATED,NEEDS_HUMAN_OR_MODEL_VALIDATION,AUXILIARY_ONLY
RV-V03-003099,MSV1-82F0E9CD35E8A931,IS 302 (Part 2/Sec 17):2026,"Household and Similar Electrical Appliances — Safety Part 2 Particular Requirements Section 17 Blankets, Pads, Clothing and Similar Flexible Heating Appliances",ml,NOT_TRANSLATED,NEEDS_HUMAN_OR_MODEL_VALIDATION,AUXILIARY_ONLY
RV-V03-003100,MSV1-A7DCF70681073EAE,IS 302 (Part 2/Sec 10):2026,Household and Similar Electrical Appliances — Safety Part 2 Particular Requirements Section 10 Floor Treatment Machines and Wet Scrubbing Machines,ml,NOT_TRANSLATED,NEEDS_HUMAN_OR_MODEL_VALIDATION,AUXILIARY_ONLY
RV-V03-003101,MSV1-91EF7F4B938D71E1,IS 302 (Part 2/Sec 28):2026,Household and Similar Electrical Appliances — Safety Part 2 Particular Requirements Section 28 Sewing Machines,ml,NOT_TRANSLATED,NEEDS_HUMAN_OR_MODEL_VALIDATION,AUXILIARY_ONLY
RV-V03-003102,MSV1-37560BE34E3558A6,IS 302 (Part 2/Sec 37):2026,Household and Similar Electrical Appliances — Safety Part 2 Particular Requirements Section 37 Commercial Electric Doughnut Fryers and Deep Fat Fryers,ml,NOT_TRANSLATED,NEEDS_HUMAN_OR_MODEL_VALIDATION,AUXILIARY_ONLY
RV-V03-003103,MSV1-9A31F5182B4BEF80,IS 302 (Part 2/Sec 48):2026,Household and Similar Electrical Appliances — Safety Part 2 Particular Requirements Section 48 Commercial Electric Grillers and Toasters,ml,NOT_TRANSLATED,NEEDS_HUMAN_OR_MODEL_VALIDATION,AUXILIARY_ONLY
RV-V03-003104,MSV1-31DE370A379FB808,IS 302 (Part 2/Sec 98):2026,Household and Similar Electrical Appliances — Safety Part 2 Particular Requirements Section 98 Humidifiers,ml,NOT_TRANSLATED,NEEDS_HUMAN_OR_MODEL_VALIDATION,AUXILIARY_ONLY
RV-V03-003105,MSV1-A272A6B335D6C75B,IS 19762:2026,Interconnection and Interoperability of Inverter-Based Resources (IBRs) Interconnecting with Associated Transmission Electric Power Systems,ml,NOT_TRANSLATED,NEEDS_HUMAN_OR_MODEL_VALIDATION,AUXILIARY_ONLY
RV-V03-003106,MSV1-E58C9523625C8DB7,IS 17017 (Part 23):2026,ELECTRIC VEHICLE CONDUCTIVE CHARGING SYSTEM PART 23: DC ELECTRIC VEHICLE SUPPLY EQUIPMENT First Revision,ml,NOT_TRANSLATED,NEEDS_HUMAN_OR_MODEL_VALIDATION,AUXILIARY_ONLY
RV-V03-003107,MSV1-7C9255AA2DA813CB,IS 13940:2026,"Cardiovascular Surgery Instruments — Bulldog Clamp, DeBakey Pattern —Specification ( First Revision )",ml,NOT_TRANSLATED,NEEDS_HUMAN_OR_MODEL_VALIDATION,AUXILIARY_ONLY
RV-V03-003108,MSV1-DE67857A5AA29730,IS/ISO/IEC 5218:2022,Information Technology Codes for the Representation of Human Sexes First Revision,ml,NOT_TRANSLATED,NEEDS_HUMAN_OR_MODEL_VALIDATION,AUXILIARY_ONLY
RV-V03-003109,MSV1-F8AE740159F945BD,IS 10680 (Part 1):2026,Programming languages Fortran Part 1: Base language Second Revision,ml,NOT_TRANSLATED,NEEDS_HUMAN_OR_MODEL_VALIDATION,AUXILIARY_ONLY
RV-V03-003110,MSV1-F0B2BE9C15DF3DEF,IS 14943 (Part 1):2026,Financial-Transaction-Card-Originated Messages — Interchange Message Specifications,ml,NOT_TRANSLATED,NEEDS_HUMAN_OR_MODEL_VALIDATION,AUXILIARY_ONLY
RV-V03-003111,MSV1-4F6822532A7855A7,IS/ISO 56001:2024,Innovation Management System — Requirements,ml,NOT_TRANSLATED,NEEDS_HUMAN_OR_MODEL_VALIDATION,AUXILIARY_ONLY
RV-V03-003112,MSV1-55C19B284F89F3CC,IS 19814:2026,Surgical Instruments - Scalpel Handle,ml,NOT_TRANSLATED,NEEDS_HUMAN_OR_MODEL_VALIDATION,AUXILIARY_ONLY
RV-V03-003113,MSV1-4D453E0ABEF71EAC,IS 19815:2026,Surgical Instruments - Scalpel Blade,ml,NOT_TRANSLATED,NEEDS_HUMAN_OR_MODEL_VALIDATION,AUXILIARY_ONLY
RV-V03-003114,MSV1-9EC291E6A78CC274,IS 19811:2026,Surgical Instruments - Disposable Scalpel,ml,NOT_TRANSLATED,NEEDS_HUMAN_OR_MODEL_VALIDATION,AUXILIARY_ONLY
RV-V03-003115,MSV1-C395702C2F0790E3,IS 19863 (Part 1):2026,Financial services -Financial information eXchange session layer -Part 1: FIX tagvalue encoding,ml,NOT_TRANSLATED,NEEDS_HUMAN_OR_MODEL_VALIDATION,AUXILIARY_ONLY
RV-V03-003116,MSV1-07FA5BBFD5BF4BDD,IS 19863 (Part 2):2026,Financial services -Financial information eXchange session layer -Part 2: FIX session layer,ml,NOT_TRANSLATED,NEEDS_HUMAN_OR_MODEL_VALIDATION,AUXILIARY_ONLY
RV-V03-003117,MSV1-05FC10FBF6167552,IS 19863 (Part 3):2026,Financial services -Financial information eXchange session layer -Part 3: FIX session layer test cases,ml,NOT_TRANSLATED,NEEDS_HUMAN_OR_MODEL_VALIDATION,AUXILIARY_ONLY
RV-V03-003118,MSV1-B2CC836DA84D217D,IS 1622:2026,Methods of Sampling and Microbiological Examination of Water and Wastewater (Second Revision),ml,NOT_TRANSLATED,NEEDS_HUMAN_OR_MODEL_VALIDATION,AUXILIARY_ONLY
RV-V03-003119,MSV1-970DCFD26B6F6889,IS/ISO 8573 (Part 5):2026,Compressed Air Part 5 Test Methods for Oil Vapour and Organic Solvent Content ( First Revision ),ml,NOT_TRANSLATED,NEEDS_HUMAN_OR_MODEL_VALIDATION,AUXILIARY_ONLY
RV-V03-003120,MSV1-6574984A1544326D,IS 16264:2026,Gas Analysis — Comparison Methods for Determining and Checking the Composition of Calibration Gas Mixtures ( First Revision ),ml,NOT_TRANSLATED,NEEDS_HUMAN_OR_MODEL_VALIDATION,AUXILIARY_ONLY
RV-V03-003121,MSV1-A6F75043795261A6,IS 16252:2026,Gas Analysis — Conversion of Gas Mixture Composition Data ( First Revision ),ml,NOT_TRANSLATED,NEEDS_HUMAN_OR_MODEL_VALIDATION,AUXILIARY_ONLY
RV-V03-003122,MSV1-F330FA1D4B0316D3,IS 5760:2026,"Argon, Compressed and Liquid - Specification (Third Revision)",ml,NOT_TRANSLATED,NEEDS_HUMAN_OR_MODEL_VALIDATION,AUXILIARY_ONLY
RV-V03-003123,MSV1-32CCDC9483073D23,IS 15583:2026,Compressed Helium Gas - Specification (First Revision),ml,NOT_TRANSLATED,NEEDS_HUMAN_OR_MODEL_VALIDATION,AUXILIARY_ONLY
RV-V03-003124,MSV1-4971086D304AD9F8,IS 17274 (Part 11):2026,Respiratory Protective Devices - Methods of Test and Test Equipment : Part 11 Determination of Field of Vision (First Revision),ml,NOT_TRANSLATED,NEEDS_HUMAN_OR_MODEL_VALIDATION,AUXILIARY_ONLY
RV-V03-003125,MSV1-30BD38FB77E4063B,IS 19872:2026,Gas analysis — Preparation of calibration gas mixtures — Part 2 Gravimetric method for Class II mixtures,ml,NOT_TRANSLATED,NEEDS_HUMAN_OR_MODEL_VALIDATION,AUXILIARY_ONLY
RV-V03-003126,MSV1-351334F4825A512F,IS 19875:2026,Gas analysis — Comparison methods for the determination of the composition of gas mixtures based on one- and two-point calibration,ml,NOT_TRANSLATED,NEEDS_HUMAN_OR_MODEL_VALIDATION,AUXILIARY_ONLY
RV-V03-003127,MSV1-C63CACDA59C7FFFE,IS 19869:2026,Gas mixtures — Gravimetric preparation — Mastering correlations in composition,ml,NOT_TRANSLATED,NEEDS_HUMAN_OR_MODEL_VALIDATION,AUXILIARY_ONLY
RV-V03-003128,MSV1-5C6AD0791B914EDD,IS 19873:2026,Gas analysis — Analytical methods for hydrogen fuel — Proton exchange membrane (PEM) fuel cell applications for road vehicles,ml,NOT_TRANSLATED,NEEDS_HUMAN_OR_MODEL_VALIDATION,AUXILIARY_ONLY
RV-V03-003129,MSV1-CD2C0FD60BB29751,IS 19874:2026,Gas analysis — Sampling guidelines,ml,NOT_TRANSLATED,NEEDS_HUMAN_OR_MODEL_VALIDATION,AUXILIARY_ONLY
RV-V03-003130,MSV1-C29F6D71616D5AF5,IS 19870:2026,Gas analysis — Purity analysis and the treatment of purity data,ml,NOT_TRANSLATED,NEEDS_HUMAN_OR_MODEL_VALIDATION,AUXILIARY_ONLY
RV-V03-003131,MSV1-3B7AE8EA1EE01995,IS 19871:2026,Gas analysis — General quality aspects and metrological traceability of calibration gas mixtures,ml,NOT_TRANSLATED,NEEDS_HUMAN_OR_MODEL_VALIDATION,AUXILIARY_ONLY
RV-V03-003132,MSV1-8DA8C9CE7C52D024,IS 5870:2026,Glass Enclosures for Internal Lighting of Passenger Coaches — Specification (First Revision),ml,NOT_TRANSLATED,NEEDS_HUMAN_OR_MODEL_VALIDATION,AUXILIARY_ONLY
RV-V03-003133,MSV1-D7DC7D9EF56657D0,IS 5681:2026,GENERAL METEOROLOGICAL LIQUID IN-GLASS THERMOMETERS — SPECIFICATION (Third Revision),ml,NOT_TRANSLATED,NEEDS_HUMAN_OR_MODEL_VALIDATION,AUXILIARY_ONLY
RV-V03-003134,MSV1-54BE620E17C32F33,IS 8697:2026,Export Packaging of Glass Container Ware - Code of practice (First Revision),ml,NOT_TRANSLATED,NEEDS_HUMAN_OR_MODEL_VALIDATION,AUXILIARY_ONLY
RV-V03-003135,MSV1-F5381FB562A81827,IS 8787:2026,Principles of design construction and Use of liquid-In-Glass Thermometers (Second Revision),ml,NOT_TRANSLATED,NEEDS_HUMAN_OR_MODEL_VALIDATION,AUXILIARY_ONLY
RV-V03-003136,MSV1-C2A1537F20395513,IS 7219:2026,Determination of Protein by Kjeldahl Method in Foods and Feeds —Methods of Test,ml,NOT_TRANSLATED,NEEDS_HUMAN_OR_MODEL_VALIDATION,AUXILIARY_ONLY
RV-V03-003137,MSV1-80B26619E5F31557,IS 8751 (Part 2):2026,Footwear Sizes in Mondopoint System Part 2 Length Grading (First Revision),ml,NOT_TRANSLATED,NEEDS_HUMAN_OR_MODEL_VALIDATION,AUXILIARY_ONLY
RV-V03-003138,MSV1-ACF95066F94D6435,IS 19857:2026,Preparation of Kuṭinīr Tablet (Decoction tablet) – Code of Practice,ml,NOT_TRANSLATED,NEEDS_HUMAN_OR_MODEL_VALIDATION,AUXILIARY_ONLY
RV-V03-003139,MSV1-06BEF344E49B7CD0,IS 19856:2026,Preparation of Cūraṇam tablet (Medicinal Powder tablet) - Code of Practice,ml,NOT_TRANSLATED,NEEDS_HUMAN_OR_MODEL_VALIDATION,AUXILIARY_ONLY
RV-V03-003140,MSV1-B6EE9EEFF75C4216,IS 19834:2026,Enterprise Architecture (EA) Security – Code of Practice,ml,NOT_TRANSLATED,NEEDS_HUMAN_OR_MODEL_VALIDATION,AUXILIARY_ONLY
RV-V03-003141,MSV1-57D6835421F7AD08,IS 19835:2026,Zero Trust Architecture (ZTA) - Implementation Framework,ml,NOT_TRANSLATED,NEEDS_HUMAN_OR_MODEL_VALIDATION,AUXILIARY_ONLY
RV-V03-003142,MSV1-9B108F9A928BB368,IS/ISO/IEC 8663:2025,Information Technology - Brain-Computer Interfaces - Vocabulary,ml,NOT_TRANSLATED,NEEDS_HUMAN_OR_MODEL_VALIDATION,AUXILIARY_ONLY
RV-V03-003143,MSV1-EA256D74D020A692,IS/ISO/IEC 27031:2025,Cybersecurity — Information and communication technology readiness for business continuity,ml,NOT_TRANSLATED,NEEDS_HUMAN_OR_MODEL_VALIDATION,AUXILIARY_ONLY
RV-V03-003144,MSV1-BDC3F6277CFB5DE7,IS 16500:2026,Devanagari Script and Hindi Spellings (First Revision),ml,NOT_TRANSLATED,NEEDS_HUMAN_OR_MODEL_VALIDATION,AUXILIARY_ONLY
RV-V03-003145,MSV1-ABB22359B2C8EE81,IS/ISO/IEC 19896 (Part 1):2025,"Information Security, Cybersecurity and Privacy Protection — Requirements for the Competence of IT Security Conformance Assessment Body Personnel Part 1 Overview and Concepts (First Revision )",ml,NOT_TRANSLATED,NEEDS_HUMAN_OR_MODEL_VALIDATION,AUXILIARY_ONLY
RV-V03-003146,MSV1-FDC490D362DA9389,IS/ISO/IEC 19896 (Part 3):2025,"Information Security, Cybersecurity and Privacy Protection — Requirements for the Competence of IT Security Conformance Assessment Body Personnel Part 3 Knowledge and Skills Requirements for Evaluators and Reviewers According to the ISO/IEC 15408 Series and ISO/IEC 18045 ( First Revision )",ml,NOT_TRANSLATED,NEEDS_HUMAN_OR_MODEL_VALIDATION,AUXILIARY_ONLY
RV-V03-003147,MSV1-62608CE1EDD2F938,IS/ISO/IEC 27018:2025,"Information Security, Cybersecurity and Privacy Protection — Guidelines for Protection of Personally Identifiable Information (PII) in Public Clouds Acting as PII Processors ( First Revision )",ml,NOT_TRANSLATED,NEEDS_HUMAN_OR_MODEL_VALIDATION,AUXILIARY_ONLY
RV-V03-003148,MSV1-9987B09C822D494D,IS 14990 (Part 5):2026,"Information Security, Cybersecurity and Privacy Protection - Evaluation Criteria for IT Security Part 5: Pre-defined Packages of Security Requirements",ml,NOT_TRANSLATED,NEEDS_HUMAN_OR_MODEL_VALIDATION,AUXILIARY_ONLY
RV-V03-003149,MSV1-E198DC907C72DF2C,IS 19751 (Part 1):2026,Railway infrastructure — Rail fastening systems: Part 1 Vocabulary,ml,NOT_TRANSLATED,NEEDS_HUMAN_OR_MODEL_VALIDATION,AUXILIARY_ONLY
RV-V03-003150,MSV1-51401E3EF8BDCDD9,IS 19751 (Part 2):2026,Railway infrastructure — Rail fastening systems: Part 2 Test method for longitudinal rail restraint,ml,NOT_TRANSLATED,NEEDS_HUMAN_OR_MODEL_VALIDATION,AUXILIARY_ONLY
RV-V03-003151,MSV1-B6B1EABBF5EA66B5,IS 19751 (Part 3):2026,Railway infrastructure — Rail fastening systems: Part 3 Proof load test method for pull-out resistance,ml,NOT_TRANSLATED,NEEDS_HUMAN_OR_MODEL_VALIDATION,AUXILIARY_ONLY
RV-V03-003152,MSV1-5A29EB1E2FA03E87,IS 19751 (Part 4):2026,Railway infrastructure — Rail fastening systems: Part 4 Test methods for resistance to repeated loading,ml,NOT_TRANSLATED,NEEDS_HUMAN_OR_MODEL_VALIDATION,AUXILIARY_ONLY
RV-V03-003153,MSV1-6457A583CCDE567B,IS 19751 (Part 5):2026,Railway infrastructure — Rail fastening systems: Part 5 Test method for electrical resistance,ml,NOT_TRANSLATED,NEEDS_HUMAN_OR_MODEL_VALIDATION,AUXILIARY_ONLY
RV-V03-003154,MSV1-31F47BDE1FCD3153,IS 19751 (Part 6):2026,Railway infrastructure — Rail fastening systems: Part 6 Test method for resistance to severe environmental conditions,ml,NOT_TRANSLATED,NEEDS_HUMAN_OR_MODEL_VALIDATION,AUXILIARY_ONLY
RV-V03-003155,MSV1-4C3205A4DE389B0B,IS 19751 (Part 7):2026,Railway infrastructure — Rail fastening systems: Part 7 Test method for clamping force and uplift stiffness,ml,NOT_TRANSLATED,NEEDS_HUMAN_OR_MODEL_VALIDATION,AUXILIARY_ONLY
RV-V03-003156,MSV1-16BCFA28DF39AC06,IS 19751 (Part 8):2026,Railway infrastructure — Rail fastening systems: Part 8 Test method for vertical stiffness,ml,NOT_TRANSLATED,NEEDS_HUMAN_OR_MODEL_VALIDATION,AUXILIARY_ONLY
RV-V03-003157,MSV1-668D485AA73DDB82,IS 1459:2026,KEROSENE SPECIFICATION,ml,NOT_TRANSLATED,NEEDS_HUMAN_OR_MODEL_VALIDATION,AUXILIARY_ONLY
RV-V03-003158,MSV1-B2B9F9C290A80FAE,IS 5508 (Part 18):2026,BENZENE - SPECIFICATION,ml,NOT_TRANSLATED,NEEDS_HUMAN_OR_MODEL_VALIDATION,AUXILIARY_ONLY
RV-V03-003159,MSV1-E9609669F0C94312,IS 3608 (Part 2):2026,GLASS ALCOHOLOMETERS SPECIFICATION PART 2 GLASS ALCOHOLOMETERS WITH THERMOMETER THERMO-ALCOHOLOMETERS (Second Revision),ml,NOT_TRANSLATED,NEEDS_HUMAN_OR_MODEL_VALIDATION,AUXILIARY_ONLY
RV-V03-003160,MSV1-85B77D77E91620F9,IS 10226 (Part 2):2026,DETERMINATION OF CRUDE FIBRE CONTENT IN FOOD PRODUCTS METHOD OF TEST PART II MODIFIED SCHARRER METHOD,ml,NOT_TRANSLATED,NEEDS_HUMAN_OR_MODEL_VALIDATION,AUXILIARY_ONLY
RV-V03-003161,MSV1-E82F324C886068BE,IS 10226 (Part 1):2026,DETERMINATION OF CRUDE FIBRE CONTENT IN FOOD PRODUCTS METHOD OF TEST PART 1 GENERAL METHOD (First Revision),ml,NOT_TRANSLATED,NEEDS_HUMAN_OR_MODEL_VALIDATION,AUXILIARY_ONLY
RV-V03-003162,MSV1-3A23B16CB0138F65,IS 12435:2026,Grading of Hides and Skins on the basis of Mass and Size — Guidelines (First Revision),ml,NOT_TRANSLATED,NEEDS_HUMAN_OR_MODEL_VALIDATION,AUXILIARY_ONLY
RV-V03-003163,MSV1-4DD5E835BE1CBC88,IS 1017:2026,Chamois Leather - Specification (Third Revision),ml,NOT_TRANSLATED,NEEDS_HUMAN_OR_MODEL_VALIDATION,AUXILIARY_ONLY
RV-V03-003164,MSV1-A804138002226807,IS 19877T:2026,Assessment of Potential Biodegradability of Plastics Under Controlled Laboratory Conditions,ml,NOT_TRANSLATED,NEEDS_HUMAN_OR_MODEL_VALIDATION,AUXILIARY_ONLY
RV-V03-003165,MSV1-FB8BCBD045328B17,IS 302 (Part 2/Sec 99):2026,Household and Similar Electrical Appliances — Safety Part 2 Particular Requirements Section 99 Commercial Electric Hoods,ml,NOT_TRANSLATED,NEEDS_HUMAN_OR_MODEL_VALIDATION,AUXILIARY_ONLY
RV-V03-003166,MSV1-77C37A240892FBD0,IS 19465:2025,TIME-DELAY SWITCHES TDS FOR HOUSEHOLD AND SIMILAR FIXED ELECTRICAL INSTALLATIONS - PARTICULAR REQUIREMENTS,ml,NOT_TRANSLATED,NEEDS_HUMAN_OR_MODEL_VALIDATION,AUXILIARY_ONLY
RV-V03-003167,MSV1-D04449759384997F,IS/IEC 60136:2024,Dimensions marking and testing of carbon brushes and dimensions of brush-holders for electrical machinery,ml,NOT_TRANSLATED,NEEDS_HUMAN_OR_MODEL_VALIDATION,AUXILIARY_ONLY
RV-V03-003168,MSV1-886B47F18F600A5A,IS 29997:2025,Internships Quality Guidelines for Host Organizations,ml,NOT_TRANSLATED,NEEDS_HUMAN_OR_MODEL_VALIDATION,AUXILIARY_ONLY
RV-V03-003169,MSV1-1DD2B96769E56A36,IS 1944:2026,Code of Practice for Road and Tunnel Lighting (Second Revision),ml,NOT_TRANSLATED,NEEDS_HUMAN_OR_MODEL_VALIDATION,AUXILIARY_ONLY
RV-V03-003170,MSV1-4BA2BE9D6DB89F85,IS 8783 (Part 2):2026,Winding wires for submersible motors - Specification: Part 2 materials for dielectric and jacket (Second Revision),ml,NOT_TRANSLATED,NEEDS_HUMAN_OR_MODEL_VALIDATION,AUXILIARY_ONLY
RV-V03-003171,MSV1-AE65C821030951E1,IS 8783 (Part 3):2026,Winding wires for submersible motors - Specification: Part 3 methods of tests (Second Revision),ml,NOT_TRANSLATED,NEEDS_HUMAN_OR_MODEL_VALIDATION,AUXILIARY_ONLY
RV-V03-003172,MSV1-826B40FDC1F56190,IS 8783 (Part 4/Sec 1):2026,Winding wires for submersible motors - Specification: Part 4 specification for indmdual wires: Sec 1 HR PVC insulated wires (Second Revision),ml,NOT_TRANSLATED,NEEDS_HUMAN_OR_MODEL_VALIDATION,AUXILIARY_ONLY
RV-V03-003173,MSV1-90CDBF2A07DCD8CA,IS 8783 (Part 4/Sec 2):2026,Winding wires for submersible motors - specification: Part 4 specification for individual wires: Sec 2 crosslinked polyethylene insulated and polyamide jacketed wires (Second Revision),ml,NOT_TRANSLATED,NEEDS_HUMAN_OR_MODEL_VALIDATION,AUXILIARY_ONLY
RV-V03-003174,MSV1-FCA73DFDC8A5CA07,IS 8783 (Part 4/Sec 3):2026,Winding wires for submersible motors - Specification: Part 4 specification for individual wires: Sec 3 polyester and polypropylene insulated winding wires (Second Revision),ml,NOT_TRANSLATED,NEEDS_HUMAN_OR_MODEL_VALIDATION,AUXILIARY_ONLY
RV-V03-003175,MSV1-1361C9DE1AC6A6B8,IS 16234:2026,Ships and Marine Technology Embarkation Ladders — Specification (First Revision),ml,NOT_TRANSLATED,NEEDS_HUMAN_OR_MODEL_VALIDATION,AUXILIARY_ONLY
RV-V03-003176,MSV1-FD7914B52EDD17A1,IS 9131:2026,Rim Locks and Latches (Mechanically Operated) - Specification (Second Revision),ml,NOT_TRANSLATED,NEEDS_HUMAN_OR_MODEL_VALIDATION,AUXILIARY_ONLY
RV-V03-003177,MSV1-3E4312BA66F2E3C0,IS 19757:2026,Alternative Drinking Water Service Provision During a Crisis — Guidelines,ml,NOT_TRANSLATED,NEEDS_HUMAN_OR_MODEL_VALIDATION,AUXILIARY_ONLY
RV-V03-003178,MSV1-53D526C9681923DB,IS 19607:2026,Gasket and Packing — Wire Reinforced Asbestos Fibre-Based Jointing Sheet — Specification,ml,NOT_TRANSLATED,NEEDS_HUMAN_OR_MODEL_VALIDATION,AUXILIARY_ONLY
RV-V03-003179,MSV1-A5DE34A469292C11,IS 19819:2026,Chemical Analysis of Refractory Products by X-ray Fluorescence (XRF) — Fused Cast-bead Method,ml,NOT_TRANSLATED,NEEDS_HUMAN_OR_MODEL_VALIDATION,AUXILIARY_ONLY
RV-V03-003180,MSV1-37BC8F33D6129131,IS 12410:2026,Soil Reclamation - Terminology (first revision),ml,NOT_TRANSLATED,NEEDS_HUMAN_OR_MODEL_VALIDATION,AUXILIARY_ONLY
RV-V03-003181,MSV1-85D5196653201866,IS 14685:2026,Total sulphur and sulphur compounds in soils - Methods of determination (first revision),ml,NOT_TRANSLATED,NEEDS_HUMAN_OR_MODEL_VALIDATION,AUXILIARY_ONLY
RV-V03-003182,MSV1-D8CA4EB662304BD8,IS 14684:2026,Total nitrogen and nitrogen Compounds in soils — Methods of determination (First Revision),ml,NOT_TRANSLATED,NEEDS_HUMAN_OR_MODEL_VALIDATION,AUXILIARY_ONLY
RV-V03-003183,MSV1-EA0B52630C714976,IS 101 (Part 5/Sec 1):2026,"Methods of sampling and test for paints, varnishes and related products: Part 5 Mechanical test on paint films: Sec 1 hardness tests (Fourth Revision)",ml,NOT_TRANSLATED,NEEDS_HUMAN_OR_MODEL_VALIDATION,AUXILIARY_ONLY
RV-V03-003184,MSV1-8BC9502746E56796,IS 1420:2026,Light basic magnesium carbonate - Specification (Third Revision),ml,NOT_TRANSLATED,NEEDS_HUMAN_OR_MODEL_VALIDATION,AUXILIARY_ONLY
RV-V03-003185,MSV1-A068ECD5E637B269,IS 13213:2026,Solvent-Borne Polyurethane Enamel Paint (Two Pack) — Specification (Second Revision),ml,NOT_TRANSLATED,NEEDS_HUMAN_OR_MODEL_VALIDATION,AUXILIARY_ONLY
RV-V03-003186,MSV1-D3478EB0536FB3E5,IS 15386:2026,Pressurized Irrigation Systems - Graphic Symbols (First Revision),ml,NOT_TRANSLATED,NEEDS_HUMAN_OR_MODEL_VALIDATION,AUXILIARY_ONLY
RV-V03-003187,MSV1-F9937A7550868B2B,IS 75:2026,"LINSEED / FLAXSEED OIL, RAW AND REFINED — SPECIFICATION",ml,NOT_TRANSLATED,NEEDS_HUMAN_OR_MODEL_VALIDATION,AUXILIARY_ONLY
RV-V03-003188,MSV1-99E3E7D36786FEFC,IS 887:2026,ANIMAL TALLOW — SPECIFICATION (Third Revision of IS 887),ml,NOT_TRANSLATED,NEEDS_HUMAN_OR_MODEL_VALIDATION,AUXILIARY_ONLY
RV-V03-003189,MSV1-F03896B7D2416F7E,IS 19854:2026,"Alternanthera sessilis (L.) R. Br., ex DC. Whole Plant for Use in Traditional Medicine – Specification",ml,NOT_TRANSLATED,NEEDS_HUMAN_OR_MODEL_VALIDATION,AUXILIARY_ONLY
RV-V03-003190,MSV1-68A238D847FCBFFA,IS 19852:2026,Butea monosperma (Lam.) Kuntze. seed for use in Traditional medicine – Specification,ml,NOT_TRANSLATED,NEEDS_HUMAN_OR_MODEL_VALIDATION,AUXILIARY_ONLY
RV-V03-003191,MSV1-99561B84C00FC8AB,IS 19851:2026,Hydnocarpus pentandra (Buch.-Ham.) Oken seed for use in Traditional medicine – Specification,ml,NOT_TRANSLATED,NEEDS_HUMAN_OR_MODEL_VALIDATION,AUXILIARY_ONLY
RV-V03-003192,MSV1-E52487131B483C3F,IS 19853:2026,Nelumbo nucifera Gaertn. Flower for use in Traditional Medicine – Specification,ml,NOT_TRANSLATED,NEEDS_HUMAN_OR_MODEL_VALIDATION,AUXILIARY_ONLY
RV-V03-003193,MSV1-E8C281A414419951,IS 19861:2026,Strychnos nux-vomica L. seed for use in Traditional medicine – Specification,ml,NOT_TRANSLATED,NEEDS_HUMAN_OR_MODEL_VALIDATION,AUXILIARY_ONLY
RV-V03-003194,MSV1-31E0472BB055514D,IS 19855:2026,Phyla nodiflora (L.) Greene Whole Plant for Use in Traditional Medicine – Specification,ml,NOT_TRANSLATED,NEEDS_HUMAN_OR_MODEL_VALIDATION,AUXILIARY_ONLY
RV-V03-003195,MSV1-BFAD4AB7AE7928D5,IS 19858:2026,Preparation of Cattu Tablet (Herbal extract tablet)- Code of Practice,ml,NOT_TRANSLATED,NEEDS_HUMAN_OR_MODEL_VALIDATION,AUXILIARY_ONLY
RV-V03-003196,MSV1-EE57B5C7DF35B8FB,IS 19809:2026,Vegetable oils — Determination of mineral oil saturated hydrocarbons (MOSH) and mineral oil aromatic hydrocarbons (MOAH) with online-coupled high performance liquid chromatography-gas chromatography-flame ionization detection (HPLC-GC-FID) analysis — Method for low limit of quantification,ml,NOT_TRANSLATED,NEEDS_HUMAN_OR_MODEL_VALIDATION,AUXILIARY_ONLY
RV-V03-003197,MSV1-7906DC506BF7935B,IS 8682:2026,Treatment and Disposal of Effluents of Dairy Industry – Guidelines (First Revision),ml,NOT_TRANSLATED,NEEDS_HUMAN_OR_MODEL_VALIDATION,AUXILIARY_ONLY
RV-V03-003198,MSV1-D9F9B3C979B5CEB1,IS/ISO 7507 (Part 2):2022,Petroleum and Liquid Petroleum Products — Calibration of Vertical Cylindrical Tanks Part 2 Optical-Reference-Line Method or Electro-Optical Distance-Ranging Method (First Revision),ml,NOT_TRANSLATED,NEEDS_HUMAN_OR_MODEL_VALIDATION,AUXILIARY_ONLY
RV-V03-003199,MSV1-9754D22D173BC3FB,IS 19726:2026,Textiles — Jute Shopping Bag — Specification,ml,NOT_TRANSLATED,NEEDS_HUMAN_OR_MODEL_VALIDATION,AUXILIARY_ONLY
RV-V03-003200,MSV1-05CE13DB7516C49E,IS 20201:2026,Community Seed Bank Management System - Requirements,ml,NOT_TRANSLATED,NEEDS_HUMAN_OR_MODEL_VALIDATION,AUXILIARY_ONLY
RV-V03-003201,MSV1-61F07B3B05559454,IS 432 (Part 1):2026,Specification for Mild Steel And Medium Tensile Steel Bars and Hard-Drawn Steel Wire for Concrete Reinforcement Part 1 Mild Steel and Medium Tensile Steel Bars Fourth Revision,ml,NOT_TRANSLATED,NEEDS_HUMAN_OR_MODEL_VALIDATION,AUXILIARY_ONLY
RV-V03-003202,MSV1-2C9E6E9AD5C687EE,IS 10125:2026,Copper Carbonate -- Specification (First Revision),ml,NOT_TRANSLATED,NEEDS_HUMAN_OR_MODEL_VALIDATION,AUXILIARY_ONLY
RV-V03-003203,MSV1-AE06420A03C86C36,IS 12292:2026,lead suboxide (Lead Oxide) for lead - Acid storage battery - Specification (First Revision),ml,NOT_TRANSLATED,NEEDS_HUMAN_OR_MODEL_VALIDATION,AUXILIARY_ONLY
RV-V03-003204,MSV1-6AB61EF743E6F7F7,IS 19519:2025,Sheesham Dalbergia sissoo Roxb dried Stem Bark for use in Traditional Medicine Specification,ml,NOT_TRANSLATED,NEEDS_HUMAN_OR_MODEL_VALIDATION,AUXILIARY_ONLY
RV-V03-003205,MSV1-EC3D5D050B097FB4,IS 4289 (Part 1):2026,Flexible Cables for Lifts and other Flexible Connections- Specification Part 1 Elastomer Insulated Cables,ml,NOT_TRANSLATED,NEEDS_HUMAN_OR_MODEL_VALIDATION,AUXILIARY_ONLY
RV-V03-003206,MSV1-54E050D46725A958,IS 16805:2026,Secondary Cells and Batteries Containing Alkaline or Other Non-Acid Electrolytes Safety Requirements for Secondary Lithium Cells and Batteries For Use in Industrial Applications (First Revision),ml,NOT_TRANSLATED,NEEDS_HUMAN_OR_MODEL_VALIDATION,AUXILIARY_ONLY
RV-V03-003207,MSV1-73E89D7DB746CA43,IS 16893 (Part 1):2026,Secondary Lithium-Ion Cells for the Propulsion of Electric Road Vehicles Part 1 Performance Testing (First Revision),ml,NOT_TRANSLATED,NEEDS_HUMAN_OR_MODEL_VALIDATION,AUXILIARY_ONLY
RV-V03-003208,MSV1-1C0B2B54CD4E4511,IS 16893 (Part 2):2026,Secondary Lithium-Ion Cells for the Propulsion of Electric Road Vehicles Part 2 Reliability and Abuse Testing (First Revision),ml,NOT_TRANSLATED,NEEDS_HUMAN_OR_MODEL_VALIDATION,AUXILIARY_ONLY
RV-V03-003209,MSV1-1ED1A4380DD1472D,IS 16893 (Part 3):2026,Secondary Lithium-Ion Cells for the Propulsion of Electric Road Vehicles Part 3 Safety Requirements First Revision,ml,NOT_TRANSLATED,NEEDS_HUMAN_OR_MODEL_VALIDATION,AUXILIARY_ONLY
RV-V03-003210,MSV1-198A1D4914B5D859,IS 19775:2026,Aircraft batteries Part 1 general test requirements and performance levels,ml,NOT_TRANSLATED,NEEDS_HUMAN_OR_MODEL_VALIDATION,AUXILIARY_ONLY
RV-V03-003211,MSV1-751B09B2A3E9B0DB,IS 19826:2026,Service excellence — Maturity model,ml,NOT_TRANSLATED,NEEDS_HUMAN_OR_MODEL_VALIDATION,AUXILIARY_ONLY
RV-V03-003212,MSV1-EAD3FFD7ADF43EAB,IS 19829:2026,Recreational diving services — Requirements for rebreather instructor training,ml,NOT_TRANSLATED,NEEDS_HUMAN_OR_MODEL_VALIDATION,AUXILIARY_ONLY
RV-V03-003213,MSV1-31735219AB7E2CF2,IS 19830:2026,Tourism and Related Services—Guidance on a Contingency Plan for Infection Prevention and Control (IPC) in the Exhibition Industry,ml,NOT_TRANSLATED,NEEDS_HUMAN_OR_MODEL_VALIDATION,AUXILIARY_ONLY
RV-V03-003214,MSV1-A021BE5BBBDD0699,IS 19828:2026,Service excellence — Measuring service excellence performance,ml,NOT_TRANSLATED,NEEDS_HUMAN_OR_MODEL_VALIDATION,AUXILIARY_ONLY
RV-V03-003215,MSV1-370DB5849FB56D3D,IS 19831:2026,Recreational diving services — Requirements for artificial open water sites,ml,NOT_TRANSLATED,NEEDS_HUMAN_OR_MODEL_VALIDATION,AUXILIARY_ONLY
RV-V03-003216,MSV1-62BFBFD8A77A7F75,IS/IEC 61537:2023,Cable management Cable tray systems and cable ladder systems (First Revision),ml,NOT_TRANSLATED,NEEDS_HUMAN_OR_MODEL_VALIDATION,AUXILIARY_ONLY
RV-V03-003217,MSV1-89988CEA147CDB80,IS 16724:2026,"Explosive atmospheres — Electrical installation design, selection and installation of equipment, including initial inspection",ml,NOT_TRANSLATED,NEEDS_HUMAN_OR_MODEL_VALIDATION,AUXILIARY_ONLY
RV-V03-003218,MSV1-748EE3CB0201C75B,IS 8810:2026,"Rougine for Lacrimal Sac, Rollet’s Pattern — Specification",ml,NOT_TRANSLATED,NEEDS_HUMAN_OR_MODEL_VALIDATION,AUXILIARY_ONLY
RV-V03-003219,MSV1-78A5C049E52B3C96,IS 19778:2026,Use of Geospatial Tools and Technologies in Environmental Impact Assessment and Environment Management Plan — Recommendations,ml,NOT_TRANSLATED,NEEDS_HUMAN_OR_MODEL_VALIDATION,AUXILIARY_ONLY
RV-V03-003220,MSV1-F31F0649C99A8268,IS 19711:2026,DataContent Standard for Geospatial Information - Part 3 Geology,ml,NOT_TRANSLATED,NEEDS_HUMAN_OR_MODEL_VALIDATION,AUXILIARY_ONLY
RV-V03-003221,MSV1-DB6F18169B480538,IS 19632:2026,Fall Detectors - Specification,ml,NOT_TRANSLATED,NEEDS_HUMAN_OR_MODEL_VALIDATION,AUXILIARY_ONLY
RV-V03-003222,MSV1-3B8B90EB541594E0,IS 19359:2026,e-EXPLODERS – SPECIFICATION,ml,NOT_TRANSLATED,NEEDS_HUMAN_OR_MODEL_VALIDATION,AUXILIARY_ONLY
RV-V03-003223,MSV1-BBB3160A079DBCEB,IS 19636:2026,Renewable Energy Power Forecasting Technology,ml,NOT_TRANSLATED,NEEDS_HUMAN_OR_MODEL_VALIDATION,AUXILIARY_ONLY
RV-V03-003224,MSV1-A057E509E5F93AD9,IS 19827:2026,Service excellence — Implementation approach for ISO 23592,ml,NOT_TRANSLATED,NEEDS_HUMAN_OR_MODEL_VALIDATION,AUXILIARY_ONLY
RV-V03-003225,MSV1-803C171CC7C12F34,IS 19832:2026,Recreational diving services—Requirements for rebreather diver training — No-decompression diving,ml,NOT_TRANSLATED,NEEDS_HUMAN_OR_MODEL_VALIDATION,AUXILIARY_ONLY
RV-V03-003226,MSV1-D47B0ED7C2D1DE67,IS 19833:2026,Recreational diving services—Requirements for rebreather diver training—Decompression diving to 45 m,ml,NOT_TRANSLATED,NEEDS_HUMAN_OR_MODEL_VALIDATION,AUXILIARY_ONLY
RV-V03-003227,MSV1-217500899F036188,IS 3009:2026,Brushes Shoe Polishing Specification Fourth Revision,ml,NOT_TRANSLATED,NEEDS_HUMAN_OR_MODEL_VALIDATION,AUXILIARY_ONLY
RV-V03-003228,MSV1-20ED8D3877728144,IS 18698:2026,DIMETHYL ETHER (DME) BLENDED LIQUEFIED PETROLEUM GAS (LPG) — SPECIFICATION,ml,NOT_TRANSLATED,NEEDS_HUMAN_OR_MODEL_VALIDATION,AUXILIARY_ONLY
RV-V03-003229,MSV1-D7404BE2DF5D03A6,IS 19749:2026,Probabilistic Risk Assessment of Nuclear Power Plants - Guidelines,ml,NOT_TRANSLATED,NEEDS_HUMAN_OR_MODEL_VALIDATION,AUXILIARY_ONLY
RV-V03-003230,MSV1-79AAE7280CE07BC8,IS 19788:2026,Clothianidin technical - Specification,ml,NOT_TRANSLATED,NEEDS_HUMAN_OR_MODEL_VALIDATION,AUXILIARY_ONLY
RV-V03-003231,MSV1-501036F01D0A3050,IS 19850:2026,"E22, E25, E27 & E30 FUEL – ADMIXTURE OF ANHYDROUS ETHANOL AND GASOLINE — SPECIFICATION",ml,NOT_TRANSLATED,NEEDS_HUMAN_OR_MODEL_VALIDATION,AUXILIARY_ONLY
RV-V03-003232,MSV1-3B092CDA007CF5B4,IS/ISO 14001:2026,Environmental management systems - Requirements with guidance for use (Third Revision),ml,NOT_TRANSLATED,NEEDS_HUMAN_OR_MODEL_VALIDATION,AUXILIARY_ONLY
RV-V03-003233,MSV1-26E3675C9AF667D5,IS 19756:2026,Benchmarking of Environmental Monitoring Services — Guidelines,ml,NOT_TRANSLATED,NEEDS_HUMAN_OR_MODEL_VALIDATION,AUXILIARY_ONLY
RV-V03-003234,MSV1-C88969FDF58BD311,IS 19782:2026,Textiles —Knitted Pyjamas — Specification,ml,NOT_TRANSLATED,NEEDS_HUMAN_OR_MODEL_VALIDATION,AUXILIARY_ONLY
RV-V03-003235,MSV1-43EA6B7F4FF541A3,IS 19766 (Part 2):2026,Sustainability in buildings and civil engineering works — Sustainability indicators — Part 2: Framework for the development of indicators for civil engineering works,ml,NOT_TRANSLATED,NEEDS_HUMAN_OR_MODEL_VALIDATION,AUXILIARY_ONLY
RV-V03-003236,MSV1-7F3C72732EE70EEC,IS 12036:2026,Agricultural Tractors - Test Procedures - Power Tests for Power Take -Off (second revision),ml,NOT_TRANSLATED,NEEDS_HUMAN_OR_MODEL_VALIDATION,AUXILIARY_ONLY
RV-V03-003237,MSV1-68CCFFB28918F54C,IS 17905:2026,Animal feeding stuffs — Determination of phytase activity (First Revision),ml,NOT_TRANSLATED,NEEDS_HUMAN_OR_MODEL_VALIDATION,AUXILIARY_ONLY
RV-V03-003238,MSV1-1BEF13BF4A8B6029,IS 12062:2026,Agricultural Tractors — Exhaust Smoke Emitted — Method of Measurement (First Revision),ml,NOT_TRANSLATED,NEEDS_HUMAN_OR_MODEL_VALIDATION,AUXILIARY_ONLY
RV-V03-003239,MSV1-267EB8A04BF8E475,IS 101 (Part 1/Sec 3):2026,Methods of Sampling and Test for Paints Varnishes and Related Products Part 1 Tests on Liquid Paints General and Physical Section 3 Preparation of Panels (Fourth Revision),ml,NOT_TRANSLATED,NEEDS_HUMAN_OR_MODEL_VALIDATION,AUXILIARY_ONLY
RV-V03-003240,MSV1-97CC7B2B2A4885FE,IS 2072:2026,COMB FOUNDATION FOR APICULTURE — SPECIFICATION,ml,NOT_TRANSLATED,NEEDS_HUMAN_OR_MODEL_VALIDATION,AUXILIARY_ONLY
RV-V03-003241,MSV1-92D196DAFA00DB59,IS 101 (Part 4/Sec 1):2026,"Methods of sampling and test for paints, varnishes and related products: Part 4 optical test: Sec 1 opacity (Hiding Power) (Fourth Revision)",ml,NOT_TRANSLATED,NEEDS_HUMAN_OR_MODEL_VALIDATION,AUXILIARY_ONLY
RV-V03-003242,MSV1-E51EFF904E171FD3,IS 82:2026,Methods of sampling and test for thinners and solvents for paints (Second Revision),ml,NOT_TRANSLATED,NEEDS_HUMAN_OR_MODEL_VALIDATION,AUXILIARY_ONLY
RV-V03-003243,MSV1-ABA29E795E9789E5,IS 19790:2026,Glass in building — Electrochromic glazings — Tests and requirements (ISO 18543 : 2021. MOD),ml,NOT_TRANSLATED,NEEDS_HUMAN_OR_MODEL_VALIDATION,AUXILIARY_ONLY
RV-V03-003244,MSV1-2B3A9DF5389FF4A3,IS 19047 (Part 6):2026,Siddha - Glossary of Terms Part 6 Standardized Terminology for Processes and Medicine,ml,NOT_TRANSLATED,NEEDS_HUMAN_OR_MODEL_VALIDATION,AUXILIARY_ONLY
RV-V03-003245,MSV1-CFFCE91E007EB3D7,IS 19741:2026,Gymnema sylvestre R Br Root for Use in Traditional Medicine Specification,ml,NOT_TRANSLATED,NEEDS_HUMAN_OR_MODEL_VALIDATION,AUXILIARY_ONLY
RV-V03-003246,MSV1-F511D49CB57D10C5,IS 19821:2026,Water-Borne Polyurethane Enamel Paint (Two Pack) — Specification,ml,NOT_TRANSLATED,NEEDS_HUMAN_OR_MODEL_VALIDATION,AUXILIARY_ONLY
RV-V03-003247,MSV1-C0A2ADB906046B98,IS 10273:2026,Labelling of Agricultural and Forestry Tractors - Guidelines (Second Revision),ml,NOT_TRANSLATED,NEEDS_HUMAN_OR_MODEL_VALIDATION,AUXILIARY_ONLY
RV-V03-003248,MSV1-7B72654420194C45,IS 12226:2026,Agricultural Tractors — Test Procedures — Power Tests for Drawbar (Second Revision),ml,NOT_TRANSLATED,NEEDS_HUMAN_OR_MODEL_VALIDATION,AUXILIARY_ONLY
RV-V03-003249,MSV1-89D2FA09F8E2DF57,IS 15365:2026,Amino resins for paints (Second Revision),ml,NOT_TRANSLATED,NEEDS_HUMAN_OR_MODEL_VALIDATION,AUXILIARY_ONLY
RV-V03-003250,MSV1-963535220932BDC9,IS 101 (Part 5/Sec 4):2026,"Methods of sampling and test for paints, varnishes and related products: Part 5 Mechanical tests: Sec 4 Print free test (Fourth Revision)",ml,NOT_TRANSLATED,NEEDS_HUMAN_OR_MODEL_VALIDATION,AUXILIARY_ONLY
RV-V03-003251,MSV1-40F971BAA1A241DE,IS 101 (Part 3/Sec 1):2026,"Methods of sampling and test for paints, varnishes and related products: Part 3 tests on paint film formation: Sec 1 drying time (Fourth Revision)",ml,NOT_TRANSLATED,NEEDS_HUMAN_OR_MODEL_VALIDATION,AUXILIARY_ONLY
RV-V03-003252,MSV1-B41BB0B51E3E0983,IS 13425:2026,Ammonium nitrate for nitrous oxide production - Specification (first revision),ml,NOT_TRANSLATED,NEEDS_HUMAN_OR_MODEL_VALIDATION,AUXILIARY_ONLY
RV-V03-003253,MSV1-622AEF15401A67A2,IS 19787:2026,Tea bags - Specification,ml,NOT_TRANSLATED,NEEDS_HUMAN_OR_MODEL_VALIDATION,AUXILIARY_ONLY
RV-V03-003254,MSV1-DCC520809C8C17C8,IS 19736:2026,Citrullus colocynthis L Schrad Unripe fruit for Use in Traditional Medicine Specification,ml,NOT_TRANSLATED,NEEDS_HUMAN_OR_MODEL_VALIDATION,AUXILIARY_ONLY
RV-V03-003255,MSV1-E7C9D2138631B1A3,IS 19740:2026,Justicia adhatoda L Root for Use in Traditional Medicine Specification,ml,NOT_TRANSLATED,NEEDS_HUMAN_OR_MODEL_VALIDATION,AUXILIARY_ONLY
RV-V03-003256,MSV1-DD165BC48EC540DB,IS 19742:2026,Corallocarpus epigaeus Benth ex Hook f Tuberous root for Use in Traditional Medicine Specification,ml,NOT_TRANSLATED,NEEDS_HUMAN_OR_MODEL_VALIDATION,AUXILIARY_ONLY
RV-V03-003257,MSV1-07A306CF1FCDAB40,IS 19735:2026,Siddha Poti Timirtal Powder Rubbing Therapy Code of Practice,ml,NOT_TRANSLATED,NEEDS_HUMAN_OR_MODEL_VALIDATION,AUXILIARY_ONLY
RV-V03-003258,MSV1-18D6A6A660AE0306,IS 19737:2026,Siddha Pukai Fumigation Therapy Code of Practice,ml,NOT_TRANSLATED,NEEDS_HUMAN_OR_MODEL_VALIDATION,AUXILIARY_ONLY
RV-V03-003259,MSV1-E40F4A23845447F6,IS 7762:2026,"Specification for hook, eyelid",ml,NOT_TRANSLATED,NEEDS_HUMAN_OR_MODEL_VALIDATION,AUXILIARY_ONLY
RV-V03-003260,MSV1-B47752853A334DAA,IS 6420:2026,"Eye Surgery Instruments - Retractor, Eye Lachrymal Sac, Muller's Pattern - Specification (First Revision)",ml,NOT_TRANSLATED,NEEDS_HUMAN_OR_MODEL_VALIDATION,AUXILIARY_ONLY
RV-V03-003261,MSV1-7386EA3121FB9D6F,IS 7758:2026,"Specification For Curette, Eye, Evacuation, Moorfield's Pattern",ml,NOT_TRANSLATED,NEEDS_HUMAN_OR_MODEL_VALIDATION,AUXILIARY_ONLY
RV-V03-003262,MSV1-2522B9AFCAB75123,IS 8771:2026,"Specification For Needle Holder, Eye, Scissors And Forceps Combined, Castroviejo's Pattern (First Revision)",ml,NOT_TRANSLATED,NEEDS_HUMAN_OR_MODEL_VALIDATION,AUXILIARY_ONLY
RV-V03-003263,MSV1-D1766E239B24555F,IS 7767:2026,"Specification For Spatula, Eye, Cyclodialysis, Sinclair's Pattern",ml,NOT_TRANSLATED,NEEDS_HUMAN_OR_MODEL_VALIDATION,AUXILIARY_ONLY
RV-V03-003264,MSV1-472C7BC92305327E,IS 9062:2026,"Specification For Probes, Lacrimal, Bowman's Pattern",ml,NOT_TRANSLATED,NEEDS_HUMAN_OR_MODEL_VALIDATION,AUXILIARY_ONLY
RV-V03-003265,MSV1-8D9A4BF95797A1FF,IS 5722:2026,"Specification For Hook, Eye, Iris (Tyrrell's Pattern)",ml,NOT_TRANSLATED,NEEDS_HUMAN_OR_MODEL_VALIDATION,AUXILIARY_ONLY
RV-V03-003266,MSV1-D17033B89B1B647F,IS 10009:2026,"Breaker And Holder, Razor Blade, Barraquer's Pattern- Specification",ml,NOT_TRANSLATED,NEEDS_HUMAN_OR_MODEL_VALIDATION,AUXILIARY_ONLY
RV-V03-003267,MSV1-0DFB9F51EE8EB402,IS 9061:2026,"Eye Surgery Instruments - Dilators, Punctum, Wilder's Pattern - Specification (Second Revision)",ml,NOT_TRANSLATED,NEEDS_HUMAN_OR_MODEL_VALIDATION,AUXILIARY_ONLY
RV-V03-003268,MSV1-591E1857731C2643,IS 9134:2026,"Specification For Trephine, Corneal, Castroviejo's Pattern (First Revision)",ml,NOT_TRANSLATED,NEEDS_HUMAN_OR_MODEL_VALIDATION,AUXILIARY_ONLY
RV-V03-003269,MSV1-DE125E7EA48BEF8E,IS 11244:2026,"Specification for trephine, bone lacrimal with handle",ml,NOT_TRANSLATED,NEEDS_HUMAN_OR_MODEL_VALIDATION,AUXILIARY_ONLY
RV-V03-003270,MSV1-EEACA665BF5B9B58,IS 19734:2026,Aluminium and Aluminium Alloy Billets and Slabs — Specification,ml,NOT_TRANSLATED,NEEDS_HUMAN_OR_MODEL_VALIDATION,AUXILIARY_ONLY
RV-V03-003271,MSV1-FF2BC1E89908A113,IS 4296 (Part 1):2026,Tools for Pressing - Punches Part 1 Round Punches with 60 Degree Conical Head and Straight Shank (Third Revision),ml,NOT_TRANSLATED,NEEDS_HUMAN_OR_MODEL_VALIDATION,AUXILIARY_ONLY
RV-V03-003272,MSV1-D467484302055315,IS 15511:2026,Cycle Chains — Specification (First Revision),ml,NOT_TRANSLATED,NEEDS_HUMAN_OR_MODEL_VALIDATION,AUXILIARY_ONLY
RV-V03-003273,MSV1-6FE7D914B1A65017,IS 8533:2026,General Purpose Carabiners for Mountaineering — Specification (First Revision),ml,NOT_TRANSLATED,NEEDS_HUMAN_OR_MODEL_VALIDATION,AUXILIARY_ONLY
RV-V03-003274,MSV1-8C9CC8C9BC25620A,IS 16762:2026,Skis — Vocabulary (First Revision),ml,NOT_TRANSLATED,NEEDS_HUMAN_OR_MODEL_VALIDATION,AUXILIARY_ONLY
RV-V03-003275,MSV1-A1AF196C5F7266D3,SP 7:2026,National Building Construction Standards 2026,ml,NOT_TRANSLATED,NEEDS_HUMAN_OR_MODEL_VALIDATION,AUXILIARY_ONLY
RV-V03-003276,MSV1-7EB759C563841553,IS 8605:2026,Construction of Masonry in Dams — Code of Practice,ml,NOT_TRANSLATED,NEEDS_HUMAN_OR_MODEL_VALIDATION,AUXILIARY_ONLY
RV-V03-003277,MSV1-6A22B6D195FFC6C5,IS 4997:2026,Design of Hydraulic Jump Type Stilling Basins with Horizontal and Sloping Apron — Criteria,ml,NOT_TRANSLATED,NEEDS_HUMAN_OR_MODEL_VALIDATION,AUXILIARY_ONLY
RV-V03-003278,MSV1-BCD60D4E8A303BB0,IS 9401 (Part 1):2026,METHOD OF MEASUREMENT OF WORKS IN RIVER VALLEY PROJECTS DAMS AND APPURTENANT STRUCTURES PART 1 EXCAVATION FOR FOUNDATION,ml,NOT_TRANSLATED,NEEDS_HUMAN_OR_MODEL_VALIDATION,AUXILIARY_ONLY
RV-V03-003279,MSV1-D0D785503AF95DF8,IS 9401 (Part 9):2026,METHOD OF MEASUREMENT OF WORKS IN RIVER VALLEY PROJECTS DAMS AND APPURTENANT STRUCTURES PART 9 LINING,ml,NOT_TRANSLATED,NEEDS_HUMAN_OR_MODEL_VALIDATION,AUXILIARY_ONLY
RV-V03-003280,MSV1-684105A322D7D671,IS 9401 (Part 10):2026,METHOD OF MEASUREMENT OF WORKS IN RIVER VALLEY PROJECTS DAMS AND APPURTENANT STRUCTURES PART 10 FORMWORK,ml,NOT_TRANSLATED,NEEDS_HUMAN_OR_MODEL_VALIDATION,AUXILIARY_ONLY
RV-V03-003281,MSV1-6D3A36B9B8CB9BE9,IS 9401 (Part 12):2026,METHODS OF MEASUREMENT OF WORK IN RIVER VALLEY PROJECTS DAMS AND APPURTENANT STRUCTURES PART 12 TOPOGRAPHICAL SURVEYS,ml,NOT_TRANSLATED,NEEDS_HUMAN_OR_MODEL_VALIDATION,AUXILIARY_ONLY
RV-V03-003282,MSV1-269DBE4FA8EF9D34,IS 5878 (Part 1):2026,CONSTRUCTION OF TUNNELS CONVEYING WATER PART 1 PRECISION SURVEY AND SETTING OUT CODE OF PRACTICE First Revision of IS 5878 Part 1,ml,NOT_TRANSLATED,NEEDS_HUMAN_OR_MODEL_VALIDATION,AUXILIARY_ONLY
RV-V03-003283,MSV1-8B9CAE5924824CC7,IS 12633:2026,FIRST FILLING AND EMPTYING OF PRESSURE TUNNELS GUIDELINES First Revision of IS 12633,ml,NOT_TRANSLATED,NEEDS_HUMAN_OR_MODEL_VALIDATION,AUXILIARY_ONLY
RV-V03-003284,MSV1-1924A37A30C5BED4,IS 10334:2026,SELECTION SPLICING INSTALLATION AND PROVIDING PROTECTION TO THE OPEN ENDS OF CABLES USED FOR CONNECTING RESISTANCE TYPE MEASURING DEVICES IN CONCRETE AND MASONRY DAMS CODE OF PRACTICE,ml,NOT_TRANSLATED,NEEDS_HUMAN_OR_MODEL_VALIDATION,AUXILIARY_ONLY
RV-V03-003285,MSV1-47E6442A1C74B0C2,IS 10434 (Part 2):2026,INSTALLATION MAINTENANCE AND OBSERVATION OF DEFORMATION MEASURING DEVICES IN CONCRETE AND MASONRY DAMS GUIDELINES PART 2 VIBRATING WIRE TYPE JOINTMETER,ml,NOT_TRANSLATED,NEEDS_HUMAN_OR_MODEL_VALIDATION,AUXILIARY_ONLY
RV-V03-003286,MSV1-48650196D688E5C9,IS 15310:2026,HYDRAULIC DESIGN OF PUMP SUMPS AND INTAKES GUIDELINES First Revision of IS 15310,ml,NOT_TRANSLATED,NEEDS_HUMAN_OR_MODEL_VALIDATION,AUXILIARY_ONLY
RV-V03-003287,MSV1-6349650D432FE853,IS 11639 (Part 3):2026,CRITERIA FOR STRUCTURAL DESIGN OF PENSTOCK GUIDELINES PART 3 SPECIALS FOR PENSTOCKS First Revision of IS 11639 Part 3,ml,NOT_TRANSLATED,NEEDS_HUMAN_OR_MODEL_VALIDATION,AUXILIARY_ONLY
RV-V03-003288,MSV1-833B05278CE1B56A,IS 12615:2026,Line Operated Three Phase ac Motors IE CODE Efficiency Classes and Performance Specification,ml,NOT_TRANSLATED,NEEDS_HUMAN_OR_MODEL_VALIDATION,AUXILIARY_ONLY
RV-V03-003289,MSV1-F7E4D117444287F9,IS 19789:2026,Absorbent Incontinence Products for Urine andor Faeces Basic Principles for Evaluation of Single Use Adult Products from the Perspective of Users and Caregivers First Revision of ISISO 16021,ml,NOT_TRANSLATED,NEEDS_HUMAN_OR_MODEL_VALIDATION,AUXILIARY_ONLY
RV-V03-003290,MSV1-1A280FA566CCC20F,IS 17900 (Part 3/Sec 2):2025,LIFTS FOR THE TRANSPORT OF PERSONS AND GOODS PART 3: SPECIFICATIONS FOR PLANNING AND SELECTION : Section 2: Goods Automobile Lift,ml,NOT_TRANSLATED,NEEDS_HUMAN_OR_MODEL_VALIDATION,AUXILIARY_ONLY
RV-V03-003291,MSV1-2A29FA39961F77C9,IS/IEC 60068 (Part 2/Sec 11):2021,Environmental Testing Part 2: Tests Section 11: Test Ka - Salt mist,ml,NOT_TRANSLATED,NEEDS_HUMAN_OR_MODEL_VALIDATION,AUXILIARY_ONLY
RV-V03-003292,MSV1-110152D17C58BA1A,IS 19791:2026,ENT Surgery Instruments –– Microdebrider — Specification,ml,NOT_TRANSLATED,NEEDS_HUMAN_OR_MODEL_VALIDATION,AUXILIARY_ONLY
RV-V03-003293,MSV1-92BD1D35A93A7C92,IS/IEC 62563 (Part 1):2026,Medical Electrical Equipment Medical Image Display Systems Part 1 Evaluation methods First Revision,ml,NOT_TRANSLATED,NEEDS_HUMAN_OR_MODEL_VALIDATION,AUXILIARY_ONLY
RV-V03-003294,MSV1-49D4D2E583AC2F0F,IS 8317:2026,Cardiovascular Surgery Instruments – Angled Vascular Clamps – Specification,ml,NOT_TRANSLATED,NEEDS_HUMAN_OR_MODEL_VALIDATION,AUXILIARY_ONLY
RV-V03-003295,MSV1-E9E2DF0149CC118C,IS 16783:2026,Cable Cleats for Electrical Installations (First Revision),ml,NOT_TRANSLATED,NEEDS_HUMAN_OR_MODEL_VALIDATION,AUXILIARY_ONLY
RV-V03-003296,MSV1-E6ECB337B7C405FC,IS 17039:2026,Industrial Cable Reels (First Revision),ml,NOT_TRANSLATED,NEEDS_HUMAN_OR_MODEL_VALIDATION,AUXILIARY_ONLY
RV-V03-003297,MSV1-6F4B76BD17CFECB1,IS 19797:2026,"Security and resilience — Authenticity, integrity and trust for products and documents — Guidelines for securing physical documents",ml,NOT_TRANSLATED,NEEDS_HUMAN_OR_MODEL_VALIDATION,AUXILIARY_ONLY
RV-V03-003298,MSV1-C10F89FA0696976E,IS 19771:2026,Medical electrical equipment Dosimeters with ionization chambers as used in Radiotherapy IEC 60731:2011AMD1:2016 CSV MOD,ml,NOT_TRANSLATED,NEEDS_HUMAN_OR_MODEL_VALIDATION,AUXILIARY_ONLY
RV-V03-003299,MSV1-3FF81A66567F7963,IS 10284:2026,Lipsalve — Specification (First Revision),ml,NOT_TRANSLATED,NEEDS_HUMAN_OR_MODEL_VALIDATION,AUXILIARY_ONLY
RV-V03-003300,MSV1-4CEA10F60E3A8229,IS 8861:2026,"1,4-DICHLORO-2-NITROBENZENE SPECIFICATION",ml,NOT_TRANSLATED,NEEDS_HUMAN_OR_MODEL_VALIDATION,AUXILIARY_ONLY
RV-V03-003301,MSV1-FFDB9705C8F74515,IS 8873:2026,"Monomethylamine , Technical - Specification (First Revision)",ml,NOT_TRANSLATED,NEEDS_HUMAN_OR_MODEL_VALIDATION,AUXILIARY_ONLY
RV-V03-003302,MSV1-CFE9548F3AD8A2B0,IS 4887:2026,PETROLEUM JELLY FOR COSMETIC INDUSTRY - SPECIFICATION,ml,NOT_TRANSLATED,NEEDS_HUMAN_OR_MODEL_VALIDATION,AUXILIARY_ONLY
RV-V03-003303,MSV1-DD882D06A45F1DCE,IS 507:2026,GENERAL PURPOSE GREASE FOR DEFENCE APPLICATIONS SPECIFICATION,ml,NOT_TRANSLATED,NEEDS_HUMAN_OR_MODEL_VALIDATION,AUXILIARY_ONLY
RV-V03-003304,MSV1-E32CBB1B629D67D3,IS 9611:2026,SPECIFICATION FOR CUTTING OIL SOLUBLE CLEAR First Revision of IS 9611,ml,NOT_TRANSLATED,NEEDS_HUMAN_OR_MODEL_VALIDATION,AUXILIARY_ONLY
RV-V03-003305,MSV1-11DA08AE8A11FCFE,IS 5573:2026,Ethylene Oxide — Specification (Second Revision),ml,NOT_TRANSLATED,NEEDS_HUMAN_OR_MODEL_VALIDATION,AUXILIARY_ONLY
RV-V03-003306,MSV1-3923E5DA85B7FB5B,IS 3916:2026,Pig housing — Code of Practice (First Revision),ml,NOT_TRANSLATED,NEEDS_HUMAN_OR_MODEL_VALIDATION,AUXILIARY_ONLY
RV-V03-003307,MSV1-18519CD0197B68B4,IS 8543 (Part 1/Sec 1):2026,PLASTICS METHODS OF TESTING PART 1 CHARACTERIZATION OF POLYMER STRUCTURE AND SIZE SECTION 1 DETERMINATION OF MOLECULAR MASS FROM VISCOSITY first revision,ml,NOT_TRANSLATED,NEEDS_HUMAN_OR_MODEL_VALIDATION,AUXILIARY_ONLY
RV-V03-003308,MSV1-A5404AB7FEC6ECE9,IS 1216:2026,Tar and bituminous materials - Determination of solubility in trichloroethylene or toluene - Methods of test (Third Revision),ml,NOT_TRANSLATED,NEEDS_HUMAN_OR_MODEL_VALIDATION,AUXILIARY_ONLY
RV-V03-003309,MSV1-2E036130E29D827B,IS 101 (Part 1/Sec 7):2026,Methods of Sampling and Test for Paints Varnishes and Related Products Part 1 Test on Liquid Paints General and Physical Section 7 Mass per 10 litres - Determination of Density - Pycnometer Method (Fifth Revision),ml,NOT_TRANSLATED,NEEDS_HUMAN_OR_MODEL_VALIDATION,AUXILIARY_ONLY
RV-V03-003310,MSV1-08323FECACE1C244,IS 8461:2026,Cane knives - Specification (First Revision),ml,NOT_TRANSLATED,NEEDS_HUMAN_OR_MODEL_VALIDATION,AUXILIARY_ONLY
RV-V03-003311,MSV1-796858985E6D0F17,IS 1448 (Part 97):2026,Methods of test for petroleum and its products [p : 97] determination of thermal oxidation stability of gas turbine fuels - Jftot method (First Revision),ml,NOT_TRANSLATED,NEEDS_HUMAN_OR_MODEL_VALIDATION,AUXILIARY_ONLY
RV-V03-003312,MSV1-37FA75225AE8727F,IS 1448 (Part 186):2026,Petroleum Products and Related Products Determination of Kinematic Viscosity Method by Stabinger Type Viscometer,ml,NOT_TRANSLATED,NEEDS_HUMAN_OR_MODEL_VALIDATION,AUXILIARY_ONLY
RV-V03-003313,MSV1-3104558A317B4E25,IS 1448 (Part 187):2026,Methods of test for Petroleum and its Products Part 187 Petroleum Products-Determination of Sulfated Ash in Lubricating Oils and Additives,ml,NOT_TRANSLATED,NEEDS_HUMAN_OR_MODEL_VALIDATION,AUXILIARY_ONLY
RV-V03-003314,MSV1-9C14FC480F72864A,IS 1448 (Part 208):2019,PETROLEUM AND ITS PRODUCTS - TEST METHODS PART XX DETERMINATION OF DISTILLATION CHARACTERISTICS OF PETROLEUM PRODUCTS BY MICRO DISTILLATION METHOD,ml,NOT_TRANSLATED,NEEDS_HUMAN_OR_MODEL_VALIDATION,AUXILIARY_ONLY
RV-V03-003315,MSV1-225C5B0738E05B9A,IS 1448 (Part 210):2019,PETROLEUM AND ITS PRODUCTS - TEST METHODS PART XX EVALUATION OF LUBRICITY OF AVIATION TURBINE FUELS BY USING THE BALL-ON-CYLINDER LUBRICITY EVALUATOR BOCLE,ml,NOT_TRANSLATED,NEEDS_HUMAN_OR_MODEL_VALIDATION,AUXILIARY_ONLY
RV-V03-003316,MSV1-6A82E56751A0B0E0,IS 1448 (Part 211):2019,PETROLEUM AND ITS PRODUCTS - TEST METHODS PART STANDARD TEST METHOD FOR VAPOR PRESSURE OF PETROLEUM PRODUCTS MINI METHOD,ml,NOT_TRANSLATED,NEEDS_HUMAN_OR_MODEL_VALIDATION,AUXILIARY_ONLY
RV-V03-003317,MSV1-F4A9107A9C5717FE,IS 1448 (Part 212):2019,PETROLEUM AND ITS PRODUCTS - TEST METHODS PART XX DETERMINATION OF TRACE IMPURITIES IN MONOCYCLIC AROMATIC HYDROCARBONS WITH CARBON NUMBER SEPERATION BY GAS CHROMTOGRAPGHY METHOD,ml,NOT_TRANSLATED,NEEDS_HUMAN_OR_MODEL_VALIDATION,AUXILIARY_ONLY
RV-V03-003318,MSV1-ADF7BEC01A4445A5,IS 13360 (Part 5/Sec 5/Sub-Sec 1):2025,PLASTICS — METHODS OF TESTING PART 5 MECHANICAL PROPERTIES SECTION 5 DETERMINATION OF CHARPY IMPACT PROPERTIES SUBSEC 1 NON-INSTRUMENTED IMPACT TEST (Second Revision),ml,NOT_TRANSLATED,NEEDS_HUMAN_OR_MODEL_VALIDATION,AUXILIARY_ONLY
RV-V03-003319,MSV1-CDF8E3ECCB51FDD0,IS 16861:2026,HIGH FLASH HIGH SPEED DIESEL SPECIFICATION,ml,NOT_TRANSLATED,NEEDS_HUMAN_OR_MODEL_VALIDATION,AUXILIARY_ONLY
RV-V03-003320,MSV1-E50F4F5DC4070A00,IS 13360 (Part 3/Sec 2):2025,PLASTICS — METHODS OF TESTING PART 3 PHYSICAL AND DIMENSIONAL PROPERTIES Section 2 Determination of Apparent Density of Material that Can be Poured from a Specified Funnel (First Revision),ml,NOT_TRANSLATED,NEEDS_HUMAN_OR_MODEL_VALIDATION,AUXILIARY_ONLY
RV-V03-003321,MSV1-7E648C690DCEFC97,IS 14385:2026,ALUMINIUM COLD ROLLING OILS - FOIL AND SHEET ROLLING SPECIFICATION First Revision of IS 14385,ml,NOT_TRANSLATED,NEEDS_HUMAN_OR_MODEL_VALIDATION,AUXILIARY_ONLY
RV-V03-003322,MSV1-DD678452E1F8F45A,IS 13123:2025,POLY ETHYLENE TEREPHTHALATE PET BOTTLES FOR PACKAGING OF LIQUID PESTICIDES UP TO 5 LITRES CAPACITY SPECIFICATION,ml,NOT_TRANSLATED,NEEDS_HUMAN_OR_MODEL_VALIDATION,AUXILIARY_ONLY
RV-V03-003323,MSV1-EFFF058DE0CAD3B3,IS 16061:2026,HYDROGEN FUEL QUALITY PRODUCT SPECIFICATION Second Revision of IS 16061,ml,NOT_TRANSLATED,NEEDS_HUMAN_OR_MODEL_VALIDATION,AUXILIARY_ONLY
RV-V03-003324,MSV1-3E917D100EE4DBB5,IS 13360 (Part 3/Sec 9):2026,PLASTICS METHODS OF TESTING PART 3 PHYSICAL AND DIMENSIONAL PROPERTIES Section 9 Determination of Moisture First Revision,ml,NOT_TRANSLATED,NEEDS_HUMAN_OR_MODEL_VALIDATION,AUXILIARY_ONLY
RV-V03-003325,MSV1-679787A3A469F193,IS 11604:2026,WOVEN (MESH) TYPE SUPPORTING SCREENS FOR CONTINUOUS CENTRIFUGAL MACHINES USED IN SUGAR INDUSTRY ⸺ SPECIFICATION,ml,NOT_TRANSLATED,NEEDS_HUMAN_OR_MODEL_VALIDATION,AUXILIARY_ONLY
RV-V03-003326,MSV1-153679605DA38059,IS 15641 (Part 3):2026,Natural gas - Determination of water by karl fischer method: Part 3 coulometric procedure,ml,NOT_TRANSLATED,NEEDS_HUMAN_OR_MODEL_VALIDATION,AUXILIARY_ONLY
RV-V03-003327,MSV1-2B5C2837FEA56268,IS 19685:2026,SUNSCREEN COSMETIC PRODUCTS SPECIFICATION,ml,NOT_TRANSLATED,NEEDS_HUMAN_OR_MODEL_VALIDATION,AUXILIARY_ONLY
RV-V03-003328,MSV1-1BEBD16120FAE0ED,IS 19681:2026,FACE WASH - SPECIFICATION,ml,NOT_TRANSLATED,NEEDS_HUMAN_OR_MODEL_VALIDATION,AUXILIARY_ONLY
RV-V03-003329,MSV1-57568ED4982BCD60,IS 19683:2026,FACE AND BODY SCRUB - SPECIFICATION,ml,NOT_TRANSLATED,NEEDS_HUMAN_OR_MODEL_VALIDATION,AUXILIARY_ONLY
RV-V03-003330,MSV1-D189201813913042,IS 19682:2026,SHOWER GEL BODY WASH SPECIFICATION,ml,NOT_TRANSLATED,NEEDS_HUMAN_OR_MODEL_VALIDATION,AUXILIARY_ONLY
RV-V03-003331,MSV1-0BE02EEFFC1D07F7,IS 19487:2025,SAFE HANDLING OF BITUMEN AND BITUMEN PRODUCTS CODE OF PRACTICE,ml,NOT_TRANSLATED,NEEDS_HUMAN_OR_MODEL_VALIDATION,AUXILIARY_ONLY
RV-V03-003332,MSV1-E482FB2FB777EA04,IS 19733:2026,Hexylene Glycol - Specification,ml,NOT_TRANSLATED,NEEDS_HUMAN_OR_MODEL_VALIDATION,AUXILIARY_ONLY
RV-V03-003333,MSV1-5B7DFD32A536C975,IS 19694:2026,PLASTICS EVALUATION OF THE ACTION OF MICROORGANISMS,ml,NOT_TRANSLATED,NEEDS_HUMAN_OR_MODEL_VALIDATION,AUXILIARY_ONLY
RV-V03-003334,MSV1-195A4813F8C8A510,IS 19769:2026,Tarpana Code of Practice,ml,NOT_TRANSLATED,NEEDS_HUMAN_OR_MODEL_VALIDATION,AUXILIARY_ONLY
RV-V03-003335,MSV1-13EA422DFC3171B2,IS 17118 (Part 15):2026,Indoor Air Part 15 Sampling Strategy for Nitrogen Dioxide NO2,ml,NOT_TRANSLATED,NEEDS_HUMAN_OR_MODEL_VALIDATION,AUXILIARY_ONLY
RV-V03-003336,MSV1-CBE280705A7C0B5E,IS 19768:2026,Agnikarma Code of Practice,ml,NOT_TRANSLATED,NEEDS_HUMAN_OR_MODEL_VALIDATION,AUXILIARY_ONLY
RV-V03-003337,MSV1-D953ED15FD8E6A15,IS 8345:2026,Thoracic Surgery Instruments Bulldog Clamps Specification,ml,NOT_TRANSLATED,NEEDS_HUMAN_OR_MODEL_VALIDATION,AUXILIARY_ONLY
RV-V03-003338,MSV1-3CC6D2FF3CA2DDA1,IS 7116:2026,Obstetric Forceps Short - Specification First revision,ml,NOT_TRANSLATED,NEEDS_HUMAN_OR_MODEL_VALIDATION,AUXILIARY_ONLY
RV-V03-003339,MSV1-AD53C8F6C5FA2632,IS 7117:2026,Umbilical Cord Scissors — Specification First Revision,ml,NOT_TRANSLATED,NEEDS_HUMAN_OR_MODEL_VALIDATION,AUXILIARY_ONLY
RV-V03-003340,MSV1-CF3247DA4F7ACFE8,IS 11889:2026,Simultaneous Interpreting Interpreters Working Environment Part 1: Requirements and Recommendations for Permanent Booths Second Revision,ml,NOT_TRANSLATED,NEEDS_HUMAN_OR_MODEL_VALIDATION,AUXILIARY_ONLY
RV-V03-003341,MSV1-3DBA5BE73C5C046D,IS 12256:2026,UTERINE BIOPSY CURETTE ANGLED SPECIFICATION First Revision of IS 12256,ml,NOT_TRANSLATED,NEEDS_HUMAN_OR_MODEL_VALIDATION,AUXILIARY_ONLY
RV-V03-003342,MSV1-531AC2F0B9F8E1EA,IS 8773:2026,"Specification For Dissector, Lacrimal Sac, Lang's Pattern (First Revision)",ml,NOT_TRANSLATED,NEEDS_HUMAN_OR_MODEL_VALIDATION,AUXILIARY_ONLY
RV-V03-003343,MSV1-2777B4E599C748A1,IEC 61000 (Part 5/Sec 2):2026,Electromagnetic Compatibility EMC Part 5: Installation and Mitigation Guidelines Section 2: Earthing and Cabling,ml,NOT_TRANSLATED,NEEDS_HUMAN_OR_MODEL_VALIDATION,AUXILIARY_ONLY
RV-V03-003344,MSV1-539041168086BA67,IS 19638 (Part 4):2026,Prosthetics and Orthotics Limb Deficiencies Part 4: Description of Causal Conditions Leading to Amputation,ml,NOT_TRANSLATED,NEEDS_HUMAN_OR_MODEL_VALIDATION,AUXILIARY_ONLY
RV-V03-003345,MSV1-6AC0C838C6E5B4DA,IS 19638 (Part 5):2026,Prosthetics and Orthotics Limb Deficiencies Part 5 Description of the Clinical Condition of the Person Who Has Had an Amputation,ml,NOT_TRANSLATED,NEEDS_HUMAN_OR_MODEL_VALIDATION,AUXILIARY_ONLY
RV-V03-003346,MSV1-CB707A41C4A8B140,IS 19512 (Part 2):2025,Implants for Surgery Pre-Clinical Mechanical Assessment of Spinal Implants and Particular Requirements Part 2 Spinal Intervertebral Body Fusion Devices,ml,NOT_TRANSLATED,NEEDS_HUMAN_OR_MODEL_VALIDATION,AUXILIARY_ONLY
RV-V03-003347,MSV1-576A146F9F2808F1,IS 18972 (Part 101):2026,"Marine energy – Wave, tidal and other water current converters – Part 101: Wave energy resource assessment and characterization",ml,NOT_TRANSLATED,NEEDS_HUMAN_OR_MODEL_VALIDATION,AUXILIARY_ONLY
RV-V03-003348,MSV1-2C83D60E7A9DB8BF,IS 18972 (Part 200):2026,"Marine energy – Wave, tidal and other water current converters – Part 200: Electricity producing tidal energy converters – Power performance assessment",ml,NOT_TRANSLATED,NEEDS_HUMAN_OR_MODEL_VALIDATION,AUXILIARY_ONLY
RV-V03-003349,MSV1-883CDFA249A74372,IS 18972 (Part 201):2026,"Marine energy – Wave, tidal and other water current converters – Part 201: Tidal energy resource assessment and characterization",ml,NOT_TRANSLATED,NEEDS_HUMAN_OR_MODEL_VALIDATION,AUXILIARY_ONLY
RV-V03-003350,MSV1-3F3DD9F13DE13514,IS 18972 (Part 202):2026,"Marine energy – Wave, tidal and other water current converters – Part 202: Early stage development of tidal energy converters – Best practices and recommended procedures for the testing of pre-prototy",ml,NOT_TRANSLATED,NEEDS_HUMAN_OR_MODEL_VALIDATION,AUXILIARY_ONLY
RV-V03-003351,MSV1-19E90945D0B67938,IS/IEC 60669 (Part 2/Sec 2):2024,Switches for Household and Similar Fixed Electrical Installations Part 2 Particular Requirements Section 2 Electromagnetic remote-control switches RCS (First Revision),ml,NOT_TRANSLATED,NEEDS_HUMAN_OR_MODEL_VALIDATION,AUXILIARY_ONLY
RV-V03-003352,MSV1-B37B1BF5CFF0A238,IS 7039:2026,Medical Laboratory Glassware Culture tube with screw cap - Specification First Revision,ml,NOT_TRANSLATED,NEEDS_HUMAN_OR_MODEL_VALIDATION,AUXILIARY_ONLY
RV-V03-003353,MSV1-CD63D5A3774B4CE8,IS 10156:2026,Cannula Intra-Uterine Hysterosalpingography Specification First Revision,ml,NOT_TRANSLATED,NEEDS_HUMAN_OR_MODEL_VALIDATION,AUXILIARY_ONLY
RV-V03-003354,MSV1-6FC7BD13E387CA85,IS 7080 (Part 1):2026,M.T.P Suction Apparatus Specification Part 1 Manually Operated Third Revision,ml,NOT_TRANSLATED,NEEDS_HUMAN_OR_MODEL_VALIDATION,AUXILIARY_ONLY
RV-V03-003355,MSV1-E3B8E22E75BC4EF2,IS 6510:2026,Suction Type Endometrial Biopsy Curette Specification First Revision of IS 6510,ml,NOT_TRANSLATED,NEEDS_HUMAN_OR_MODEL_VALIDATION,AUXILIARY_ONLY
RV-V03-003356,MSV1-72C0C0B406766E3C,IS 6589:2026,Gynaecological Instruments Forceps Uterine Dressing Bozemanns Pattern Shape and Dimensions Second Revision of IS 6589,ml,NOT_TRANSLATED,NEEDS_HUMAN_OR_MODEL_VALIDATION,AUXILIARY_ONLY
RV-V03-003357,MSV1-64EADA5ADD28F797,IS 6436:2026,"Thoracic Surgery Instruments – Rib Spreader, Finochietto’s Pattern, Adult Size – Specification",ml,NOT_TRANSLATED,NEEDS_HUMAN_OR_MODEL_VALIDATION,AUXILIARY_ONLY
RV-V03-003358,MSV1-BCEBA40E6CF09152,IS 7432:2026,Myomectomy Clamp Bonneys Pattern Specification First Revision,ml,NOT_TRANSLATED,NEEDS_HUMAN_OR_MODEL_VALIDATION,AUXILIARY_ONLY
RV-V03-003359,MSV1-E4E804DF035A4656,IS 16463 (Part 10):2026,Low-Voltage Surge Protective Devices - Part 32: Surge Protective Devices Connected to the dc Side of Photovoltaic Installations - Selection and Application Principles,ml,NOT_TRANSLATED,NEEDS_HUMAN_OR_MODEL_VALIDATION,AUXILIARY_ONLY
RV-V03-003360,MSV1-EA5F1C9DB1C3C9C4,IS 19808:2026,Reference materials Requirements and recommendations for use,ml,NOT_TRANSLATED,NEEDS_HUMAN_OR_MODEL_VALIDATION,AUXILIARY_ONLY
RV-V03-003361,MSV1-9650718BC49C0DAF,IS 19806:2026,Reference materials Approaches for characterization and assessment of homogeneity and stability,ml,NOT_TRANSLATED,NEEDS_HUMAN_OR_MODEL_VALIDATION,AUXILIARY_ONLY
RV-V03-003362,MSV1-921A5471DE3FB6B7,IS 19804:2026,Approaches for the production of reference materials with qualitative properties,ml,NOT_TRANSLATED,NEEDS_HUMAN_OR_MODEL_VALIDATION,AUXILIARY_ONLY
RV-V03-003363,MSV1-EEFE9F6CB0851C36,IS 19805:2026,Guidance for the production of pure organic substance certified reference materials,ml,NOT_TRANSLATED,NEEDS_HUMAN_OR_MODEL_VALIDATION,AUXILIARY_ONLY
RV-V03-003364,MSV1-A1FAA5739992D001,IS 19807:2026,"Reference materials — Contents of certificates, labels and accompanying documentation",ml,NOT_TRANSLATED,NEEDS_HUMAN_OR_MODEL_VALIDATION,AUXILIARY_ONLY
RV-V03-003365,MSV1-3C201F7F9EBD328E,IS 19631:2026,Portable Ramps - Specification,ml,NOT_TRANSLATED,NEEDS_HUMAN_OR_MODEL_VALIDATION,AUXILIARY_ONLY
RV-V03-003366,MSV1-B6F0C7EE4DA46928,IS 16463 (Part 31):2026,Low-Voltage Surge Protective Devices Part 31: Requirements and Test Methods for SPDs for Photovoltaic Installations,ml,NOT_TRANSLATED,NEEDS_HUMAN_OR_MODEL_VALIDATION,AUXILIARY_ONLY
RV-V03-003367,MSV1-1AE3C4F5161DA74A,IS 13970 (Part 4):2026,Prosthetics and orthotics Vocabulary Part 4 Terms relating to limb amputation,ml,NOT_TRANSLATED,NEEDS_HUMAN_OR_MODEL_VALIDATION,AUXILIARY_ONLY
RV-V03-003368,MSV1-2EF28AF0949A6C2E,IS 19642:2026,Assistive Products Accessibility Guidelines and Requirements to Survey the Needs of Persons with Sensory Disabilities for Assistive Products and Services,ml,NOT_TRANSLATED,NEEDS_HUMAN_OR_MODEL_VALIDATION,AUXILIARY_ONLY
RV-V03-003369,MSV1-D0C6C77C47CDDD59,IS/ISO/IEC 5259 (Part 5):2025,Artificial Intelligence — Data Quality for Analytics and Machine Learning (ML) Part 5 Data Quality Governance Framework,ml,NOT_TRANSLATED,NEEDS_HUMAN_OR_MODEL_VALIDATION,AUXILIARY_ONLY
RV-V03-003370,MSV1-C4E11E6A1280639A,IS/ISO/IEC 42005:2025,Information technology Artificial intelligence AI AI system impact assessment,ml,NOT_TRANSLATED,NEEDS_HUMAN_OR_MODEL_VALIDATION,AUXILIARY_ONLY
RV-V03-003371,MSV1-BD03618B644D2E5D,IS/ISO/IEC 42006:2025,Information technology Artificial intelligence AI Requirements for bodies providing audit and certification of artificial intelligence management systems,ml,NOT_TRANSLATED,NEEDS_HUMAN_OR_MODEL_VALIDATION,AUXILIARY_ONLY
RV-V03-003372,MSV1-1DF9CCAA220B6CAC,IS/ISO/IECTR 20226:2025,Information technology Artificial intelligence AI Environmental sustainability aspects of AI systems,ml,NOT_TRANSLATED,NEEDS_HUMAN_OR_MODEL_VALIDATION,AUXILIARY_ONLY
RV-V03-003373,MSV1-A0A3A733244CC7BF,IS/ISO/IECTS 12791:2024,Information technology Artificial intelligence AI Treatment of unwanted bias in classification and regression machine learning tasks,ml,NOT_TRANSLATED,NEEDS_HUMAN_OR_MODEL_VALIDATION,AUXILIARY_ONLY
RV-V03-003374,MSV1-93715754BF79CD30,IS/ISO/IECTR 24027:2021,Information technology Artificial intelligence AI Bias in AI systems and AI aided decision making,ml,NOT_TRANSLATED,NEEDS_HUMAN_OR_MODEL_VALIDATION,AUXILIARY_ONLY
RV-V03-003375,MSV1-20C83BE8E95D217F,IS 12556:2026,Binary Direct Voltage Signals for Process Measurement and Control Systems-Specification (First Revision),ml,NOT_TRANSLATED,NEEDS_HUMAN_OR_MODEL_VALIDATION,AUXILIARY_ONLY
RV-V03-003376,MSV1-030943AF1131CD23,IS 8572:2025,Paper - Covered flexible / stranded copper conductors for transformer leads - Specification,ml,NOT_TRANSLATED,NEEDS_HUMAN_OR_MODEL_VALIDATION,AUXILIARY_ONLY
RV-V03-003377,MSV1-B2AE64DB0F35C1A4,IS 13970 (Part 2):2026,Prosthetics and Orthotics Vocabulary Part 2 Terms Relating to External Limb Prostheses Second Revision of IS 13970 Part 2,ml,NOT_TRANSLATED,NEEDS_HUMAN_OR_MODEL_VALIDATION,AUXILIARY_ONLY
RV-V03-003378,MSV1-E7CC616D8F05ED8E,IS 19490 (Part 1):2026,Implants for Surgery Metal Intramedullary Nailing Systems Part 1 Intramedullary Nails,ml,NOT_TRANSLATED,NEEDS_HUMAN_OR_MODEL_VALIDATION,AUXILIARY_ONLY
RV-V03-003379,MSV1-98F10713CBB670C3,IS 10408:2026,"Specification For Spatula, Eye, Green's Pattern",ml,NOT_TRANSLATED,NEEDS_HUMAN_OR_MODEL_VALIDATION,AUXILIARY_ONLY
RV-V03-003380,MSV1-505093E07EE2122F,IS 5367:2026,"Specification For Forceps, Eye, Strabismus, For Advancement (Prince's And Worth's Patterns)",ml,NOT_TRANSLATED,NEEDS_HUMAN_OR_MODEL_VALIDATION,AUXILIARY_ONLY
RV-V03-003381,MSV1-79CE2FA9C0DEAD65,IS 7906 (Part 5):2026,HELICAL COMPRESSION SPRINGS PART 5 HOT COILED SPRINGS MADE FROM CIRCULAR SECTION BARS SPECIFICATION (Third Revision),ml,NOT_TRANSLATED,NEEDS_HUMAN_OR_MODEL_VALIDATION,AUXILIARY_ONLY
RV-V03-003382,MSV1-F696B02A67CC987F,IS 2742 (Part 6):2026,Automotive Vehicles Brake Linings Part 6 Compressive Strain Test Methods First Revision,ml,NOT_TRANSLATED,NEEDS_HUMAN_OR_MODEL_VALIDATION,AUXILIARY_ONLY
RV-V03-003383,MSV1-8BD62AAB63FE65B7,IS 1887:2026,Textiles - Plied Jute Roves - Specification (third revision),ml,NOT_TRANSLATED,NEEDS_HUMAN_OR_MODEL_VALIDATION,AUXILIARY_ONLY
RV-V03-003384,MSV1-BE1518FAA8CB864A,IS 19780:2026,TEXTILES — WOVEN CLOTH LABELS — SPECIFICATION,ml,NOT_TRANSLATED,NEEDS_HUMAN_OR_MODEL_VALIDATION,AUXILIARY_ONLY
RV-V03-003385,MSV1-9A5F2C8EE30C1959,IS 11682:2025,Criteria for Design of Reinforced Concrete Staging for Elevated Liquid Storage Tanks,ml,NOT_TRANSLATED,NEEDS_HUMAN_OR_MODEL_VALIDATION,AUXILIARY_ONLY
RV-V03-003386,MSV1-5737F9820C4F5327,IS 813 (Part 1):2026,Welding and allied processes: Part 1 Symbolic representation on drawings — Welded joints (Third Revision),ml,NOT_TRANSLATED,NEEDS_HUMAN_OR_MODEL_VALIDATION,AUXILIARY_ONLY
RV-V03-003387,MSV1-B30FCD072562CF06,IS 8604:2026,Determination of compression strength of iron ore pellets after reduction - Method of test,ml,NOT_TRANSLATED,NEEDS_HUMAN_OR_MODEL_VALIDATION,AUXILIARY_ONLY
RV-V03-003388,MSV1-93BB3D748DC0DA0A,IS 19773:2026,High chrome grinding media ball for cement mills - Specification,ml,NOT_TRANSLATED,NEEDS_HUMAN_OR_MODEL_VALIDATION,AUXILIARY_ONLY
RV-V03-003389,MSV1-F2B7875857B16D88,IS 19766 (Part 1):2026,Sustainability in Building and Civil Engineering Works — Sustainability Indicators — Part 1 Framework for the Development of Indicators and a Core Set of Indicators for Buildings,ml,NOT_TRANSLATED,NEEDS_HUMAN_OR_MODEL_VALIDATION,AUXILIARY_ONLY
RV-V03-003390,MSV1-4F8E6C3EE15CDC00,IS 19784:2026,Fish Cage Net Structures Used in Aquaculture — Glossary of Terms,ml,NOT_TRANSLATED,NEEDS_HUMAN_OR_MODEL_VALIDATION,AUXILIARY_ONLY
RV-V03-003391,MSV1-0A47B9E52A8D8249,IS 19754:2026,Textiles — Determination of Dyes after Methanol Extraction,ml,NOT_TRANSLATED,NEEDS_HUMAN_OR_MODEL_VALIDATION,AUXILIARY_ONLY
RV-V03-003392,MSV1-A5A5205906009740,IS 19704:2026,Jute Packaging Material — Determination of Mineral Oil Saturated Hydrocarbons (MOSH) and Mineral Oil Aromatic Hydrocarbons (MOAH) with Online-Coupled High-Performance Liquid Chromatography–Gas Chromatography–Flame Ionization Detection (HPLC-GC-FID) Analysis,ml,NOT_TRANSLATED,NEEDS_HUMAN_OR_MODEL_VALIDATION,AUXILIARY_ONLY
RV-V03-003393,MSV1-F108D592C3898C98,IS 19755:2026,Textiles — Determination of Pesticide Residues Content,ml,NOT_TRANSLATED,NEEDS_HUMAN_OR_MODEL_VALIDATION,AUXILIARY_ONLY
RV-V03-003394,MSV1-8DBE8CE6840E5B88,IS/ISO 14067:2018,GREENHOUSE GASES — CARBON FOOTPRINT OF PRODUCTS — REQUIREMENTS AND GUIDELINES FOR QUANTIFICATION,ml,NOT_TRANSLATED,NEEDS_HUMAN_OR_MODEL_VALIDATION,AUXILIARY_ONLY
RV-V03-003395,MSV1-CECA5B8818795C0E,IS 8593 (Part 1):2026,Recommendations for Centralised Lubrication as Applied to Plant and Machinery : Part 1 Oil Lubrication,ml,NOT_TRANSLATED,NEEDS_HUMAN_OR_MODEL_VALIDATION,AUXILIARY_ONLY
RV-V03-003396,MSV1-05E23420221FB3D8,IS 19795:2026,"Security and resilience — Authenticity, integrity and trust for products and documents — Framework for establishing trustworthy supply and value chains",ml,NOT_TRANSLATED,NEEDS_HUMAN_OR_MODEL_VALIDATION,AUXILIARY_ONLY
RV-V03-003397,MSV1-D89DF6C009A04601,IS 19802:2026,"Security and resilience — Authenticity, integrity and trust for products and documents — Specification and usage of visible digital seal (VDS) data format for authentication, verification and acquisition of data carried by a document or object",ml,NOT_TRANSLATED,NEEDS_HUMAN_OR_MODEL_VALIDATION,AUXILIARY_ONLY
RV-V03-003398,MSV1-E8684EF5AAB39EE8,IS 19800:2026,"Security and resilience — Authenticity, integrity and trust for products and documents — Guidelines for establishing interoperability among object identification systems to deter counterfeiting and illicit trade",ml,NOT_TRANSLATED,NEEDS_HUMAN_OR_MODEL_VALIDATION,AUXILIARY_ONLY
RV-V03-003399,MSV1-375325DC5C075ECD,IS 19799:2026,"Security and resilience — Community resilience — Principles, framework and guidelines on urban resilience",ml,NOT_TRANSLATED,NEEDS_HUMAN_OR_MODEL_VALIDATION,AUXILIARY_ONLY
RV-V03-003400,MSV1-D8D4AD03A9B34728,IS 19798:2026,Security and resilience — Community resilience — Guidelines for infrastructure resilience,ml,NOT_TRANSLATED,NEEDS_HUMAN_OR_MODEL_VALIDATION,AUXILIARY_ONLY
RV-V03-003401,MSV1-3955A89D25FA9D2A,IS 19796:2026,"Security and resilience — Crisis management — Concepts, principles and framework",ml,NOT_TRANSLATED,NEEDS_HUMAN_OR_MODEL_VALIDATION,AUXILIARY_ONLY
RV-V03-003402,MSV1-B82633C7EE46F4B7,IS 19793:2026,Societal security — Guidelines for establishing partnering arrangements,ml,NOT_TRANSLATED,NEEDS_HUMAN_OR_MODEL_VALIDATION,AUXILIARY_ONLY
RV-V03-003403,MSV1-1843753C0B919D36,IS 19794:2026,"Security and resilience — Authenticity, integrity and trust for products and documents — Guidelines to establish a framework for trust and interoperability",ml,NOT_TRANSLATED,NEEDS_HUMAN_OR_MODEL_VALIDATION,AUXILIARY_ONLY
RV-V03-003404,MSV1-38889A60A465F80D,IS/ISO 19803:2026,Security and Resilience - Vocabulary (First Revision),ml,NOT_TRANSLATED,NEEDS_HUMAN_OR_MODEL_VALIDATION,AUXILIARY_ONLY
RV-V03-003405,MSV1-4CD79274064CE669,IS/ISO 19801:2026,Security and resilience — Community resilience — Guidelines for planning recovery and renewal (First Revision),ml,NOT_TRANSLATED,NEEDS_HUMAN_OR_MODEL_VALIDATION,AUXILIARY_ONLY
RV-V03-003406,MSV1-40A40BCCAD26D7B9,IS 19684:2026,ORAL RINSES FOR COSMETICS — SPECIFICATION,ml,NOT_TRANSLATED,NEEDS_HUMAN_OR_MODEL_VALIDATION,AUXILIARY_ONLY
RV-V03-003407,MSV1-FEBA6825CC55602D,IS 6592:2026,SOIL THERMOMETERS — SPECIFICATION (First Revision),ml,NOT_TRANSLATED,NEEDS_HUMAN_OR_MODEL_VALIDATION,AUXILIARY_ONLY
RV-V03-003408,MSV1-83BA6BC8EAB036F8,IS 18568:2026,MICROBIOLOGY OF THE FOOD CHAIN TECHNICAL REQUIREMENTS AND GUIDANCE ON THE ESTABLISHMENT OR REVISION OF A STANDARDIZED REFERENCE METHOD,ml,NOT_TRANSLATED,NEEDS_HUMAN_OR_MODEL_VALIDATION,AUXILIARY_ONLY
RV-V03-003409,MSV1-D7DF26341B009FEE,IS 3018:2026,Standard silica sand for raw material testing in foundries - Specification (first revision),ml,NOT_TRANSLATED,NEEDS_HUMAN_OR_MODEL_VALIDATION,AUXILIARY_ONLY
RV-V03-003410,MSV1-29A951A7293F6AB0,IS 1171:2026,Ferromanganese — Specification (Sixth Revision ),ml,NOT_TRANSLATED,NEEDS_HUMAN_OR_MODEL_VALIDATION,AUXILIARY_ONLY
RV-V03-003411,MSV1-3591FAE177A27116,IS 10386 (Part 11):2026,"Construction, Operation and Maintenance of River Valley Projects — Safety Guidelines Part 11 Underground Excavation ( First Revision )",ml,NOT_TRANSLATED,NEEDS_HUMAN_OR_MODEL_VALIDATION,AUXILIARY_ONLY
RV-V03-003412,MSV1-7706B91EA08C3876,IS 1200 (Part 12):2026,Method of Measurement of Building and Civil Engineering Works Part 12 Plastering and Pointing,ml,NOT_TRANSLATED,NEEDS_HUMAN_OR_MODEL_VALIDATION,AUXILIARY_ONLY
RV-V03-003413,MSV1-B66438E7B5E7852F,IS 18641:2026,"Welding consumables — Technical delivery conditions for filler materials and fluxes — Type of product, dimensions, tolerances and markings (First Revision)",ml,NOT_TRANSLATED,NEEDS_HUMAN_OR_MODEL_VALIDATION,AUXILIARY_ONLY
RV-V03-003414,MSV1-5A3E332B76FF84E6,IS 19738:2026,Parameters and Assessment Criteria for Downstream Flow to Maintain Ecological Balance — Guidelines,ml,NOT_TRANSLATED,NEEDS_HUMAN_OR_MODEL_VALIDATION,AUXILIARY_ONLY
RV-V03-003415,MSV1-DBAC501026022F62,IS 19452:2026,Design Installation Testing and Maintenance of Condensed Aerosol Fire Extinguishing System - Code of Practice,ml,NOT_TRANSLATED,NEEDS_HUMAN_OR_MODEL_VALIDATION,AUXILIARY_ONLY
RV-V03-003416,MSV1-9B41392A9A554A81,IS 19744:2026,Preparation of Catchment Area Treatment (CAT) Plan — Guidelines,ml,NOT_TRANSLATED,NEEDS_HUMAN_OR_MODEL_VALIDATION,AUXILIARY_ONLY
RV-V03-003417,MSV1-1780D5FDAA08D919,IS 228 (Part 25):2025,Methods for chemical analysis of steels: Part 25 Determination of sulphur content — Infrared absorption method after combustion in an induction furnace,ml,NOT_TRANSLATED,NEEDS_HUMAN_OR_MODEL_VALIDATION,AUXILIARY_ONLY
RV-V03-003418,MSV1-4BA22D13E1870256,IS 8073:2026,TREATMENT AND DISPOSAL OF STEEL PLANT EFFLUENTS - GUIDELINES (First Revision ),ml,NOT_TRANSLATED,NEEDS_HUMAN_OR_MODEL_VALIDATION,AUXILIARY_ONLY
RV-V03-003419,MSV1-CA547ECA43376908,IS 6231:2026,Angle Gauge Blocks -- Specification (first revision),ml,NOT_TRANSLATED,NEEDS_HUMAN_OR_MODEL_VALIDATION,AUXILIARY_ONLY
RV-V03-003420,MSV1-1A4758E39603DC96,IS 2977:2026,Textiles — Method of Test — Determination of Dimensional Changes on Soaking in Water for Fabrics (Other Than Wool) (Second Revision),ml,NOT_TRANSLATED,NEEDS_HUMAN_OR_MODEL_VALIDATION,AUXILIARY_ONLY
RV-V03-003421,MSV1-DD890A9457AAEA17,IS 2637:2025,"Steel Roller Chains, Types S and C, Attachments and Sprockets (ISO 487 : 1998, MOD) (Third Revision)",ml,NOT_TRANSLATED,NEEDS_HUMAN_OR_MODEL_VALIDATION,AUXILIARY_ONLY
RV-V03-003422,MSV1-B723271A89D07BB2,IS 5273:2026,Radius gauges - Specification (First Revision),ml,NOT_TRANSLATED,NEEDS_HUMAN_OR_MODEL_VALIDATION,AUXILIARY_ONLY
RV-V03-003423,MSV1-AF092ED0EF0C027A,IS 12991:2026,TEXTILES — CAMPING TENTS AND CARAVAN AWNINGS — VOCABULARY (Second Revision),ml,NOT_TRANSLATED,NEEDS_HUMAN_OR_MODEL_VALIDATION,AUXILIARY_ONLY
RV-V03-003424,MSV1-3CF351F62F261331,IS 13162 (Part 4):2026,Geosynthetics — Methods of Test Part 4 Dynamic Perforation (Cone Drop Test) ( Second Revision ),ml,NOT_TRANSLATED,NEEDS_HUMAN_OR_MODEL_VALIDATION,AUXILIARY_ONLY
RV-V03-003425,MSV1-6EB2E68D9CC41068,IS 14351:2026,Textiles — Ground Sheets (Light Weight) — Specification (First Revision),ml,NOT_TRANSLATED,NEEDS_HUMAN_OR_MODEL_VALIDATION,AUXILIARY_ONLY
RV-V03-003426,MSV1-43820611B794DBA7,IS 5085:2026,"Textiles — Berets, Wool, Knitted — Specification (Third Revision)",ml,NOT_TRANSLATED,NEEDS_HUMAN_OR_MODEL_VALIDATION,AUXILIARY_ONLY
RV-V03-003427,MSV1-9BB06A9EFAF34BF6,IS 11740:2026,"Motorcycle Chains — Characteristics and Test Methods (ISO 10190 : 2008, MOD) (Second Revision)",ml,NOT_TRANSLATED,NEEDS_HUMAN_OR_MODEL_VALIDATION,AUXILIARY_ONLY
RV-V03-003428,MSV1-33683CC81F97785C,IS 2873:2026,Textiles — Packaging of Jute Products in Bales — Specification (Third Revision),ml,NOT_TRANSLATED,NEEDS_HUMAN_OR_MODEL_VALIDATION,AUXILIARY_ONLY
RV-V03-003429,MSV1-087B866DBA81E85E,IS 9846:2026,Textiles — Grading of Uncut Indian Mesta (First Revision),ml,NOT_TRANSLATED,NEEDS_HUMAN_OR_MODEL_VALIDATION,AUXILIARY_ONLY
RV-V03-003430,MSV1-76A7D564FA236BB6,IS 11596:2026,Textiles — Grading of Uncut Indian Bimli (First Revision),ml,NOT_TRANSLATED,NEEDS_HUMAN_OR_MODEL_VALIDATION,AUXILIARY_ONLY
RV-V03-003431,MSV1-72E32CE716F4C663,IS 1433:2026,Beam Scales — Specification (Third Revision),ml,NOT_TRANSLATED,NEEDS_HUMAN_OR_MODEL_VALIDATION,AUXILIARY_ONLY
RV-V03-003432,MSV1-73E6CD75D62C3D01,IS 5934:2026,Rolling Bearings — Chamfer Dimensions — Geometrical Product Specification (GPS) and Values (Third Revision),ml,NOT_TRANSLATED,NEEDS_HUMAN_OR_MODEL_VALIDATION,AUXILIARY_ONLY
RV-V03-003433,MSV1-FE88BB2527867BC4,IS 17474:2026,Textile Floor Coverings — Determination of Resistance to Damage at Cut Edges Using the Modified Vettermann Drum Test (First Revision),ml,NOT_TRANSLATED,NEEDS_HUMAN_OR_MODEL_VALIDATION,AUXILIARY_ONLY
RV-V03-003434,MSV1-1313D940B89DCB8E,IS 19706:2026,Medical Textiles — Scrub Suit — Specification,ml,NOT_TRANSLATED,NEEDS_HUMAN_OR_MODEL_VALIDATION,AUXILIARY_ONLY
RV-V03-003435,MSV1-82F8ECB5450ACECD,IS 19728:2026,"Textiles — Jute Bags for filling 5 kg, 10 kg and 15 kg Foodgrains — Specification",ml,NOT_TRANSLATED,NEEDS_HUMAN_OR_MODEL_VALIDATION,AUXILIARY_ONLY
RV-V03-003436,MSV1-9F7DBA4ADCD1F04F,IS 19758:2026,Windsocks -- Specification,ml,NOT_TRANSLATED,NEEDS_HUMAN_OR_MODEL_VALIDATION,AUXILIARY_ONLY
RV-V03-003437,MSV1-CD8C07472F5F90F4,IS 19727:2026,TEXTILES — COIR BASED GREEN ROOF MODULE — SPECIFICATION,ml,NOT_TRANSLATED,NEEDS_HUMAN_OR_MODEL_VALIDATION,AUXILIARY_ONLY
RV-V03-003438,MSV1-8E51B1A78C05F517,IS 19777:2026,Textiles — Determination of Index Ingredient in Coloured Textiles Dyed with Himalayan Rhubarb,ml,NOT_TRANSLATED,NEEDS_HUMAN_OR_MODEL_VALIDATION,AUXILIARY_ONLY
RV-V03-003439,MSV1-58ABFB2B3627316D,IS 19776:2026,Textiles — Determination of Index Ingredient in Coloured Textiles Dyed with Hibiscus,ml,NOT_TRANSLATED,NEEDS_HUMAN_OR_MODEL_VALIDATION,AUXILIARY_ONLY
RV-V03-003440,MSV1-F1280933A06B5B80,IS 19703:2026,Textiles —Method of test — Determination of polycyclic aromatic hydrocarbons after toluene extraction by gas chromatography-mass spectrometry,ml,NOT_TRANSLATED,NEEDS_HUMAN_OR_MODEL_VALIDATION,AUXILIARY_ONLY
RV-V03-003441,MSV1-8A9360B217B077EA,IS 19660:2026,Determination of long-term flow of geosynthetic drains,ml,NOT_TRANSLATED,NEEDS_HUMAN_OR_MODEL_VALIDATION,AUXILIARY_ONLY
RV-V03-003442,MSV1-CDD953D711285526,IS 19764 (Part 2):2026,Geosynthetics — Determination of compression behaviour — Part 2 : Determination of short-term compression behaviour,ml,NOT_TRANSLATED,NEEDS_HUMAN_OR_MODEL_VALIDATION,AUXILIARY_ONLY
RV-V03-003443,MSV1-0158BD88E3DCCDE4,IS 19767:2026,CONTROL OF AIR POLLUTION IN COAL BASED THERMAL POWER PLANT — CODE OF PRACTICE,ml,NOT_TRANSLATED,NEEDS_HUMAN_OR_MODEL_VALIDATION,AUXILIARY_ONLY
RV-V03-003444,MSV1-7C8A9312C6D36B76,IS 18538 (Part 2):2026,"Gaseous Hydrogen — Fuelling Stations Part 2 Dispensers and Dispensing Systems (ISO 19880-2 : 2025, MOD)",ml,NOT_TRANSLATED,NEEDS_HUMAN_OR_MODEL_VALIDATION,AUXILIARY_ONLY
RV-V03-003445,MSV1-F18C77008A7967A1,IS 19774:2026,TEXTILES — BAXTER FLYER FOR SLIP DRAFT JUTE SPINNING FRAME — SPECIFICATION,ml,NOT_TRANSLATED,NEEDS_HUMAN_OR_MODEL_VALIDATION,AUXILIARY_ONLY
RV-V03-003446,MSV1-C7D907546D98F5F5,IS 17260 (Part 2):2026,Textile Floor Coverings — Production of Changes in Appearance Part 2 Hexapod Tumbler Test (First Revision),ml,NOT_TRANSLATED,NEEDS_HUMAN_OR_MODEL_VALIDATION,AUXILIARY_ONLY
RV-V03-003447,MSV1-58EC34346550698E,IS 2974 (Part 1):2026,Design and Construction of Machine Foundations Code of Practice: Part 1 General Provisions Third Revision,ml,NOT_TRANSLATED,NEEDS_HUMAN_OR_MODEL_VALIDATION,AUXILIARY_ONLY
RV-V03-003448,MSV1-29B1C3A0FB140A36,IS 2974 (Part 2):2026,Design and Construction of Machine Foundations Code of Practice: Part 2 Block Foundations (Second Revision),ml,NOT_TRANSLATED,NEEDS_HUMAN_OR_MODEL_VALIDATION,AUXILIARY_ONLY
RV-V03-003449,MSV1-566D94804DB08023,IS 2974 (Part 3):2026,Design and Construction of Machine Foundations Code of Practice : Part 3 Frame Foundations First Revision,ml,NOT_TRANSLATED,NEEDS_HUMAN_OR_MODEL_VALIDATION,AUXILIARY_ONLY
RV-V03-003450,MSV1-39819873CA6C1C01,IS 2974 (Part 4):2026,Design and Construction of Machine Foundations Code of Practice: Part 4 Foundations for Hammers and Presses (Second Revision),ml,NOT_TRANSLATED,NEEDS_HUMAN_OR_MODEL_VALIDATION,AUXILIARY_ONLY
RV-V03-003451,MSV1-3D47271D42BCF0B6,IS 3111:2026,Silver Thread - Specification,ml,NOT_TRANSLATED,NEEDS_HUMAN_OR_MODEL_VALIDATION,AUXILIARY_ONLY
RV-V03-003452,MSV1-7369FEB0106D28B4,IS 19687:2026,Safety Guidelines and General Precautions for Abandonment of Tube Wells and Bore Wells,ml,NOT_TRANSLATED,NEEDS_HUMAN_OR_MODEL_VALIDATION,AUXILIARY_ONLY
RV-V03-003453,MSV1-F2D1B32BA8B9726B,IS 11442:2026,Agricultural Tractors — Drivers Field of Vision — Requirements (Second Revision),ml,NOT_TRANSLATED,NEEDS_HUMAN_OR_MODEL_VALIDATION,AUXILIARY_ONLY
RV-V03-003454,MSV1-E942A1869C552E38,IS 5042:2026,1-AMINOANTHRAQUINONE - SPECIFICATION,ml,NOT_TRANSLATED,NEEDS_HUMAN_OR_MODEL_VALIDATION,AUXILIARY_ONLY
RV-V03-003455,MSV1-57F6D6AAC935472F,IS 9863:2026,Nutrient Requirements for Poultry ( Second Revision ),ml,NOT_TRANSLATED,NEEDS_HUMAN_OR_MODEL_VALIDATION,AUXILIARY_ONLY
RV-V03-003456,MSV1-C24E53D6C037112E,IS 9341:2026,Sulphamic Acid for Electroplating — Specification (First Revision),ml,NOT_TRANSLATED,NEEDS_HUMAN_OR_MODEL_VALIDATION,AUXILIARY_ONLY
RV-V03-003457,MSV1-019B275B862D7EF0,IS 5182 (Part 9):2026,Air Pollution Methods for Measurement Part 9 Oxidant (First Revision),ml,NOT_TRANSLATED,NEEDS_HUMAN_OR_MODEL_VALIDATION,AUXILIARY_ONLY
RV-V03-003458,MSV1-177302233E87BB0F,IS 5182 (Part 6/Sec 1):2026,Air Pollution Methods for Measurement Part 6 Oxides of Nitrogen Section 1 Colorimetric method using NEDA,ml,NOT_TRANSLATED,NEEDS_HUMAN_OR_MODEL_VALIDATION,AUXILIARY_ONLY
RV-V03-003459,MSV1-99D3D44F2B8491BF,IS 12161:2026,Animal Carts — Test Code (First Revision),ml,NOT_TRANSLATED,NEEDS_HUMAN_OR_MODEL_VALIDATION,AUXILIARY_ONLY
RV-V03-003460,MSV1-B3DEB7266369AF7E,IS 12061:2026,Agricultural Tractors - Braking Performance - Method of Test (Second Revision),ml,NOT_TRANSLATED,NEEDS_HUMAN_OR_MODEL_VALIDATION,AUXILIARY_ONLY
RV-V03-003461,MSV1-80E21C824165ADD8,IS 11081:2026,Half cage wheel for agricultural tractors ─ Specification (second revision),ml,NOT_TRANSLATED,NEEDS_HUMAN_OR_MODEL_VALIDATION,AUXILIARY_ONLY
RV-V03-003462,MSV1-3BF5854DE1D80FA7,IS 13172:2026,Fluvalinate emulsifiable concentrate (EC) - Specification (first revision),ml,NOT_TRANSLATED,NEEDS_HUMAN_OR_MODEL_VALIDATION,AUXILIARY_ONLY
RV-V03-003463,MSV1-DE2E950BC924911E,IS 5676:2026,Moulded Rubber Unit Outsoles - Specification (Third Revision),ml,NOT_TRANSLATED,NEEDS_HUMAN_OR_MODEL_VALIDATION,AUXILIARY_ONLY
RV-V03-003464,MSV1-1EC1BAF55CD77F23,IS 16991:2026,Footwear Critical Substances Potentially Present in Footwear and Footwear Components Determination of Dimethyl Fumarate DMFU First Revision,ml,NOT_TRANSLATED,NEEDS_HUMAN_OR_MODEL_VALIDATION,AUXILIARY_ONLY
RV-V03-003465,MSV1-B0C4200D46E1751A,IS 6664:2026,Microcellular Rubber Sheets for Outsoles - Specification (Second Revision),ml,NOT_TRANSLATED,NEEDS_HUMAN_OR_MODEL_VALIDATION,AUXILIARY_ONLY
RV-V03-003466,MSV1-36F9D9992EA69259,IS 1982:2026,ANTE-MORTEM AND POST-MORTEM INSPECTION OF MEAT ANIMALS CODE OF PRACTICE Third Revision of IS 1982,ml,NOT_TRANSLATED,NEEDS_HUMAN_OR_MODEL_VALIDATION,AUXILIARY_ONLY
RV-V03-003467,MSV1-A7351661BCC347C5,IS 563:2026,"DDT, technical - Specification (third revision)",ml,NOT_TRANSLATED,NEEDS_HUMAN_OR_MODEL_VALIDATION,AUXILIARY_ONLY
RV-V03-003468,MSV1-CD98B9631E9AE285,IS 1050:2026,Lime sulphur solution - Specification (second revision),ml,NOT_TRANSLATED,NEEDS_HUMAN_OR_MODEL_VALIDATION,AUXILIARY_ONLY
RV-V03-003469,MSV1-BC3C2227DA4F913A,IS 19770:2026,SLAUGHTERHOUSE WASTE MANAGEMENT CODE OF PRACTICE,ml,NOT_TRANSLATED,NEEDS_HUMAN_OR_MODEL_VALIDATION,AUXILIARY_ONLY
RV-V03-003470,MSV1-5A57CB42F662A1D9,IS 19760:2026,Polypropylene Enema Can - Specification,ml,NOT_TRANSLATED,NEEDS_HUMAN_OR_MODEL_VALIDATION,AUXILIARY_ONLY
RV-V03-003471,MSV1-55CA7EDE4B6FE995,IS 19467:2026,Herbal Raw Materials for use in Traditional Medicine - Methods of Test,ml,NOT_TRANSLATED,NEEDS_HUMAN_OR_MODEL_VALIDATION,AUXILIARY_ONLY
RV-V03-003472,MSV1-43FA86D37C1C6EFF,IS 17118 (Part 6):2026,Indoor Air Part 6 Determination of Organic Compounds VVOC VOC SVOC In Indoor and Test Chamber Air by Active Sampling on Sorbent Tubes Thermal Desorption and Gas Chromatography Using MS or MS FID,ml,NOT_TRANSLATED,NEEDS_HUMAN_OR_MODEL_VALIDATION,AUXILIARY_ONLY
RV-V03-003473,MSV1-112566D8DAABA1CB,IS 17118 (Part 7):2026,Indoor air Part 7: Sampling strategy for determination of airborne asbestos fibre concentrations,ml,NOT_TRANSLATED,NEEDS_HUMAN_OR_MODEL_VALIDATION,AUXILIARY_ONLY
RV-V03-003474,MSV1-16F6FAE8CB093695,IS 17118 (Part 10):2026,Indoor Air Part 10 Determination of the emission of volatile organic compounds from building products and furnishing Emission test cell method,ml,NOT_TRANSLATED,NEEDS_HUMAN_OR_MODEL_VALIDATION,AUXILIARY_ONLY
RV-V03-003475,MSV1-57CBC8C3E9AEA116,IS 4825:2026,LIQUID-IN-GLASS SOLID-STEM REFERENCE THERMOMETERS — SPECIFICATION (Second Revision),ml,NOT_TRANSLATED,NEEDS_HUMAN_OR_MODEL_VALIDATION,AUXILIARY_ONLY
RV-V03-003476,MSV1-7032235F8C34996D,IS 6017:2026,THERMOMETER FOR WHIRLING PSYCHROMETERS — SPECIFICATION (First Revision),ml,NOT_TRANSLATED,NEEDS_HUMAN_OR_MODEL_VALIDATION,AUXILIARY_ONLY
RV-V03-003477,MSV1-ADD43216F21BD8E5,IS 8728:2026,ADJUSTABLE RANGE THERMOMETERS - SPECIFICATION (First Revision),ml,NOT_TRANSLATED,NEEDS_HUMAN_OR_MODEL_VALIDATION,AUXILIARY_ONLY
RV-V03-003478,MSV1-4E793C5A8C89708E,IS 12244 (Part 1):2026,CALORIMETER THERMOMETERS SPECIFICATION PART 1 SOLID-STEM THERMOMETERS (First Revision),ml,NOT_TRANSLATED,NEEDS_HUMAN_OR_MODEL_VALIDATION,AUXILIARY_ONLY
RV-V03-003479,MSV1-C894E94E0FB5D312,IS 5868 (Part 3):2026,Leather - Methods of Sampling Part 3 Specimen and Test Piece Conditioning for Physical and Mechanical Tests (second revision),ml,NOT_TRANSLATED,NEEDS_HUMAN_OR_MODEL_VALIDATION,AUXILIARY_ONLY
RV-V03-003480,MSV1-1AF45E74ACB92C93,IS 8751 (Part 1):2026,Footwear Sizes in Mondopoint System Part 1 Fundamental Characteristics (First Revision),ml,NOT_TRANSLATED,NEEDS_HUMAN_OR_MODEL_VALIDATION,AUXILIARY_ONLY
RV-V03-003481,MSV1-B64EB3901743D0DE,IS 17118 (Part 5):2026,Indoor Air Part 5 Sampling Strategy for Volatile Organic Compounds VOCs,ml,NOT_TRANSLATED,NEEDS_HUMAN_OR_MODEL_VALIDATION,AUXILIARY_ONLY
RV-V03-003482,MSV1-B3A8E73686F72794,IS 17118 (Part 11):2026,Indoor Air Part 11 Determination of the Emission of Volatile Organic Compounds from Samples of Building Products and Furnishing - Sampling Storage of Samples and Preparation of Test Specimens,ml,NOT_TRANSLATED,NEEDS_HUMAN_OR_MODEL_VALIDATION,AUXILIARY_ONLY
RV-V03-003483,MSV1-22D802F1D4DA7072,IS 7080 (Part 2):2026,MTP Suction Apparatus Specification Part 2 Electrical-Cum-Manually Operated Second Revision,ml,NOT_TRANSLATED,NEEDS_HUMAN_OR_MODEL_VALIDATION,AUXILIARY_ONLY
RV-V03-003484,MSV1-E24767401003C671,IS 11646 (Part 2):2026,Cane for Persons with Visual Impairment - Specification Part 2 Folding Type First Revision,ml,NOT_TRANSLATED,NEEDS_HUMAN_OR_MODEL_VALIDATION,AUXILIARY_ONLY
RV-V03-003485,MSV1-6FD58695C29DF68E,IS 5145:2026,Specification for Walking Sticks first revision,ml,NOT_TRANSLATED,NEEDS_HUMAN_OR_MODEL_VALIDATION,AUXILIARY_ONLY
RV-V03-003486,MSV1-BF7AFA5DF89256FA,IS 6112:2026,Sims Pattern Double-ended Vaginal Speculum Specification First Revision of IS 6112,ml,NOT_TRANSLATED,NEEDS_HUMAN_OR_MODEL_VALIDATION,AUXILIARY_ONLY
RV-V03-003487,MSV1-FD382BB20E645930,IS 6464:2026,ENT Diagnostic Instruments - Tuning Forks — Specification,ml,NOT_TRANSLATED,NEEDS_HUMAN_OR_MODEL_VALIDATION,AUXILIARY_ONLY
RV-V03-003488,MSV1-AFF2E09CEE898F60,IS 19477 (Part 2):2026,Dentistry Dental Furnace Part 2 Test Method for Evaluation of Furnace Programme via Firing Glaze,ml,NOT_TRANSLATED,NEEDS_HUMAN_OR_MODEL_VALIDATION,AUXILIARY_ONLY
RV-V03-003489,MSV1-1DE9DEAF71D232B4,IS 19477:2026,Dentistry Dental Furnace Test Method for Temperature Measurement with Separate Thermocouple,ml,NOT_TRANSLATED,NEEDS_HUMAN_OR_MODEL_VALIDATION,AUXILIARY_ONLY
RV-V03-003490,MSV1-37469D76D20F991E,IS 18875 (Part 10421):2026,Health Informatics — Device Interoperability Part 10421 Personal Health Device Communication — Device Specialization — Peak Expiratory Flow Monitor (Peak Flow),ml,NOT_TRANSLATED,NEEDS_HUMAN_OR_MODEL_VALIDATION,AUXILIARY_ONLY
RV-V03-003491,MSV1-4F395BEA0B0B0776,IS 19433:2025,Health Informatics — Security Requirements for Archiving of Electronic Health Records — Guidelines,ml,NOT_TRANSLATED,NEEDS_HUMAN_OR_MODEL_VALIDATION,AUXILIARY_ONLY
RV-V03-003492,MSV1-219F63701F2A51B9,IS 18667 (Part 5):2025,Health Informatics — Medical Waveform Format Part 5 Neurophysiological Signals,ml,NOT_TRANSLATED,NEEDS_HUMAN_OR_MODEL_VALIDATION,AUXILIARY_ONLY
RV-V03-003493,MSV1-A4C7A3B2D3290EE6,IS 18875 (Part 10206):2026,Health Informatics — Device Interoperability Part 10206 Personal Health Device Communication — Abstract Content Information Model,ml,NOT_TRANSLATED,NEEDS_HUMAN_OR_MODEL_VALIDATION,AUXILIARY_ONLY
RV-V03-003494,MSV1-0AC3A28815BB2E38,IS 18875 (Part 10700):2026,Health Informatics — Device Interoperability Part 10700 Point-of-Care Medical Device Communication — Standard for Base Requirements for Participants in a Service-Oriented Device Connectivity (SDC) System,ml,NOT_TRANSLATED,NEEDS_HUMAN_OR_MODEL_VALIDATION,AUXILIARY_ONLY
RV-V03-003495,MSV1-42D736C057CD6002,IS 18875 (Part 10701):2026,Health Informatics — Device Interoperability Part 10701 Point-of-Care Medical Device Communication — Metric Provisioning by Participants in a Service-Oriented Device Connectivity (SDC) System,ml,NOT_TRANSLATED,NEEDS_HUMAN_OR_MODEL_VALIDATION,AUXILIARY_ONLY
RV-V03-003496,MSV1-BB323269ACA16C58,IS 19638 (Part 1):2026,Prosthetics and orthotics Limb deficiencies Part 1: Method of describing limb deficiencies present at birth,ml,NOT_TRANSLATED,NEEDS_HUMAN_OR_MODEL_VALIDATION,AUXILIARY_ONLY
RV-V03-003497,MSV1-28DB58588DAEAF5C,IS 19638 (Part 2):2026,Prosthetics and orthotics Limb deficiencies Part 2 Method of describing lower limb amputation stumps,ml,NOT_TRANSLATED,NEEDS_HUMAN_OR_MODEL_VALIDATION,AUXILIARY_ONLY
RV-V03-003498,MSV1-367A01C97D85F921,IS 19697:2026,Compatibility of lubricants with synthetic male condoms,ml,NOT_TRANSLATED,NEEDS_HUMAN_OR_MODEL_VALIDATION,AUXILIARY_ONLY
RV-V03-003499,MSV1-79F2980B88427000,IS 6909:2026,Supersulphated Cement - Specification (Second Revision of IS 6909),ml,NOT_TRANSLATED,NEEDS_HUMAN_OR_MODEL_VALIDATION,AUXILIARY_ONLY
RV-V03-003500,MSV1-A86F063CA3FF72C2,IS 8041:2026,Rapid Hardening Portland Cement Specification Third Revision of IS 8041,ml,NOT_TRANSLATED,NEEDS_HUMAN_OR_MODEL_VALIDATION,AUXILIARY_ONLY
RV-V03-003501,MSV1-27F2BB91DABFF6E3,IS 8043:2026,Hydrophobic Portland Cement Specification Third Revision of IS 8043,ml,NOT_TRANSLATED,NEEDS_HUMAN_OR_MODEL_VALIDATION,AUXILIARY_ONLY
RV-V03-003502,MSV1-DC3AAFCC673A5BC6,IS 4410 (Part 19):2026,Glossary of Terms related to River Valley Projects Part 19 Grouting,ml,NOT_TRANSLATED,NEEDS_HUMAN_OR_MODEL_VALIDATION,AUXILIARY_ONLY
RV-V03-003503,MSV1-205248B6EF80A3A3,IS 5897:2026,"Welding Consumables — Wire electrodes, wires and rods for welding of aluminium and aluminium alloys — Specification ( Second Revision )",ml,NOT_TRANSLATED,NEEDS_HUMAN_OR_MODEL_VALIDATION,AUXILIARY_ONLY
RV-V03-003504,MSV1-3922E2E8283E1ED1,IS 813 (Part 2):2026,Welding and allied processes: Part 2 Nomenclature of processes and reference numbers (Third Revision),ml,NOT_TRANSLATED,NEEDS_HUMAN_OR_MODEL_VALIDATION,AUXILIARY_ONLY
RV-V03-003505,MSV1-9B08E9CA05B5D715,IS 19752 (Part 1):2026,Floor and Wall tiling — Guidelines : Part 1 Characteristics and Requirements of tile and Stone Laying Materials and Design Data,ml,NOT_TRANSLATED,NEEDS_HUMAN_OR_MODEL_VALIDATION,AUXILIARY_ONLY
RV-V03-003506,MSV1-7928FE9C5D979D22,IS 19752 (Part 2):2026,Floor and Wall tiling — Guidelines : Part 2 Installation Inspection and Maintenance of Tile and Stone Systems,ml,NOT_TRANSLATED,NEEDS_HUMAN_OR_MODEL_VALIDATION,AUXILIARY_ONLY
RV-V03-003507,MSV1-961D2679ABD2D780,IS/IEC 60947 (Part 4/Sec 1):2023,Low-Voltage Switchgear and Controlgear Part 4 Contactors and Motor-Starters Section 1 Electromechanical Contactors and Motor-Starters,ml,NOT_TRANSLATED,NEEDS_HUMAN_OR_MODEL_VALIDATION,AUXILIARY_ONLY
RV-V03-003508,MSV1-069AFD90FDDAC0CB,IS 7391 (Part 1):2026,Cotton Covered Copper Conductors — Specification Part 1 Round Conductors,ml,NOT_TRANSLATED,NEEDS_HUMAN_OR_MODEL_VALIDATION,AUXILIARY_ONLY
RV-V03-003509,MSV1-E5A7682653747142,IS 7391 (Part 2):2026,Cotton Covered Copper Conductors — Specification Part 2 Rectangular Conductors,ml,NOT_TRANSLATED,NEEDS_HUMAN_OR_MODEL_VALIDATION,AUXILIARY_ONLY
RV-V03-003510,MSV1-67299639BF0C810D,IS 1146:2026,Rubber and Plastics Containers for Lead-Acid Storage Batteries — Specification ( Third Revision ),ml,NOT_TRANSLATED,NEEDS_HUMAN_OR_MODEL_VALIDATION,AUXILIARY_ONLY
RV-V03-003511,MSV1-90CDFE4A1AF562AD,IS 15429:2026,Storage installation and maintenance of DC motors - Code of practice,ml,NOT_TRANSLATED,NEEDS_HUMAN_OR_MODEL_VALIDATION,AUXILIARY_ONLY
RV-V03-003512,MSV1-C8C7E8B281D34B1D,IS 16179:2026,Statistical Methods - Guidelines for the Evaluation of Conformity with Specified Requirements,ml,NOT_TRANSLATED,NEEDS_HUMAN_OR_MODEL_VALIDATION,AUXILIARY_ONLY
RV-V03-003513,MSV1-93A8D153A409103C,IS 19761:2026,Power installations exceeding 1 kV a.c. and 1.5 kV d.c. Part 0 Principles to be observed in the design and erection of high voltage installations- Safety of high voltage installations,ml,NOT_TRANSLATED,NEEDS_HUMAN_OR_MODEL_VALIDATION,AUXILIARY_ONLY
RV-V03-003514,MSV1-A19BBA97D6A66DD6,IS 16463 (Part 22):2026,Low-Voltage Surge Protective Devices - Part 22: Surge Protective Devices Connected to Telecommunications and Signalling Networks - Selection and Application Principles,ml,NOT_TRANSLATED,NEEDS_HUMAN_OR_MODEL_VALIDATION,AUXILIARY_ONLY
RV-V03-003515,MSV1-96345B75F9939159,IS/IEC 61936 (Part 2):2023,Power Installations Exceeding 1 kV a.c. and 1.5 kV d.c. Part 2 d.c. (First Revision),ml,NOT_TRANSLATED,NEEDS_HUMAN_OR_MODEL_VALIDATION,AUXILIARY_ONLY
RV-V03-003516,MSV1-DCDEDE71AD6C7A92,IS 3466:2026,Masonry cement - Specification,ml,NOT_TRANSLATED,NEEDS_HUMAN_OR_MODEL_VALIDATION,AUXILIARY_ONLY
RV-V03-003517,MSV1-1B003F43ABD9161C,IS 4305:2026,Glossary of terms relating to pozzolana (First Revision),ml,NOT_TRANSLATED,NEEDS_HUMAN_OR_MODEL_VALIDATION,AUXILIARY_ONLY
RV-V03-003518,MSV1-19F627E474E16E01,IS 4845:2026,Definitions and terminology relating to hydraulic cement First Revision of IS 4845,ml,NOT_TRANSLATED,NEEDS_HUMAN_OR_MODEL_VALIDATION,AUXILIARY_ONLY
RV-V03-003519,MSV1-F95A9807F0D1AA18,IS 10080:2026,Vibration Machine for casting standard cement mortar cubes Specification First Revision of IS 10080,ml,NOT_TRANSLATED,NEEDS_HUMAN_OR_MODEL_VALIDATION,AUXILIARY_ONLY
RV-V03-003520,MSV1-F148739CF0F37848,IS 875 (Part 1):2026,Design Loads Other than Earthquake for Buildings and Structures Code of Practice Part 1 Dead Loads Unit Weights of Building Construction and Stored Materials,ml,NOT_TRANSLATED,NEEDS_HUMAN_OR_MODEL_VALIDATION,AUXILIARY_ONLY
RV-V03-003521,MSV1-D87E95A582F73F7A,IS 2601:2026,Brass Anodes for Electroplating Specification,ml,NOT_TRANSLATED,NEEDS_HUMAN_OR_MODEL_VALIDATION,AUXILIARY_ONLY
RV-V03-003522,MSV1-609E3649D55B265F,IS 1528 (Part 14):2026,Methods of sampling and physical tests for refractory materials: Part 14 determination of sieve analysis (First Revision),ml,NOT_TRANSLATED,NEEDS_HUMAN_OR_MODEL_VALIDATION,AUXILIARY_ONLY
RV-V03-003523,MSV1-D0E86AA1480F48D6,IS 18632:2026,Welding consumables — Procurement of filler materials and fluxes (First Revision),ml,NOT_TRANSLATED,NEEDS_HUMAN_OR_MODEL_VALIDATION,AUXILIARY_ONLY
RV-V03-003524,MSV1-1BE52BCEBE7713EA,IS 6016:2026,"Gas welding equipment — Hose connections for equipment for welding, cutting and allied processes — Listing of connections which are either standardized or in common use (Third Revision)",ml,NOT_TRANSLATED,NEEDS_HUMAN_OR_MODEL_VALIDATION,AUXILIARY_ONLY
RV-V03-003525,MSV1-B7407C4EFB611347,IS 8376:2026 P,Metallic coatings — Electroplated coatings of nickel plus chromium on plastics materials,ml,NOT_TRANSLATED,NEEDS_HUMAN_OR_MODEL_VALIDATION,AUXILIARY_ONLY
RV-V03-003526,MSV1-FCD0098BEEEE5352,IS 9838:2026,Conversion coatings on metallic materials — Determination of coating mass per unit area — Gravimetric methods,ml,NOT_TRANSLATED,NEEDS_HUMAN_OR_MODEL_VALIDATION,AUXILIARY_ONLY
RV-V03-003527,MSV1-7C52A490930BB931,IS 19750:2026,Welding Measurement of preheating temperature interpass temperature and preheat maintenance temperature,ml,NOT_TRANSLATED,NEEDS_HUMAN_OR_MODEL_VALIDATION,AUXILIARY_ONLY
RV-V03-003528,MSV1-4F383FFDFF41BF6C,IS 19743:2026,BUILDING CONSTRUCTION MACHINERY AND EQUIPMENT PILE DRIVING AND EXTRACTING EQUIPMENT TERMINOLOGY AND COMMERCIAL SPECIFICATIONS Adoption of ISO 11886,ml,NOT_TRANSLATED,NEEDS_HUMAN_OR_MODEL_VALIDATION,AUXILIARY_ONLY
RV-V03-003529,MSV1-9170131BE1C0CEBE,IS 19765:2026,Road Construction and Maintenance Equipment — Pavers-finishers — Commercial Specifications ( First Revision ),ml,NOT_TRANSLATED,NEEDS_HUMAN_OR_MODEL_VALIDATION,AUXILIARY_ONLY
RV-V03-003530,MSV1-21D453DDC8C2C579,IS 19667:2026,Nanotechnology — Nanoparticles in powder form — Characteristics and measurements,ml,NOT_TRANSLATED,NEEDS_HUMAN_OR_MODEL_VALIDATION,AUXILIARY_ONLY
RV-V03-003531,MSV1-45003C697DBF8166,IS 10058:2026,"Specification For Forceps, Fixation, Graefe's Pattern",ml,NOT_TRANSLATED,NEEDS_HUMAN_OR_MODEL_VALIDATION,AUXILIARY_ONLY
RV-V03-003532,MSV1-C9FCB8F8A6875175,IS 10390:2026,Specification for muscle hook,ml,NOT_TRANSLATED,NEEDS_HUMAN_OR_MODEL_VALIDATION,AUXILIARY_ONLY
RV-V03-003533,MSV1-4EF71BCCBEB4E59F,IS 10045:2026,"Specification For Punch, Lacrymal Bone, Beyer's Pattern",ml,NOT_TRANSLATED,NEEDS_HUMAN_OR_MODEL_VALIDATION,AUXILIARY_ONLY
RV-V03-003534,MSV1-2BA125EF8F51ED7B,IS 4569 (Part 2):2026,"Specification for scissors, Eye part 2 Conjunctival, Blunt and Sharp-Point Scissors",ml,NOT_TRANSLATED,NEEDS_HUMAN_OR_MODEL_VALIDATION,AUXILIARY_ONLY
RV-V03-003535,MSV1-AD01B2F74328DA22,IS 4569 (Part 3):2026,"Specification for scissors, eye: part 3 scissors, tenotomy (Second Revision)",ml,NOT_TRANSLATED,NEEDS_HUMAN_OR_MODEL_VALIDATION,AUXILIARY_ONLY
RV-V03-003536,MSV1-B8CC1961535AC336,IS 5157:2026,"Specification for forceps, eye, Iris (First Revision)",ml,NOT_TRANSLATED,NEEDS_HUMAN_OR_MODEL_VALIDATION,AUXILIARY_ONLY
RV-V03-003537,MSV1-26B20DFEF54275BD,IS 8106:2026,"Specification For Needle Holder, Eye, Kalt's Pattern",ml,NOT_TRANSLATED,NEEDS_HUMAN_OR_MODEL_VALIDATION,AUXILIARY_ONLY
RV-V03-003538,MSV1-436ACE74FCCF9A2A,IS 5182 (Part 25):2026,Air Pollution — Methods for Measurement Part 25 Ammonia (First Revision),ml,NOT_TRANSLATED,NEEDS_HUMAN_OR_MODEL_VALIDATION,AUXILIARY_ONLY
RV-V03-003539,MSV1-CCE5548EE5DC3200,IS 14656:2026,Ceramic Fibre Products - Methods of Test (First Revision),ml,NOT_TRANSLATED,NEEDS_HUMAN_OR_MODEL_VALIDATION,AUXILIARY_ONLY
RV-V03-003540,MSV1-DC55115A2D3224F2,IS 4263:2026,Chlorine — Code of Safety (First Revision),ml,NOT_TRANSLATED,NEEDS_HUMAN_OR_MODEL_VALIDATION,AUXILIARY_ONLY
RV-V03-003541,MSV1-327E0A6862FE433B,IS 6719:2026,Moulded PVC Unit Outsole - Specification (First Revision),ml,NOT_TRANSLATED,NEEDS_HUMAN_OR_MODEL_VALIDATION,AUXILIARY_ONLY
RV-V03-003542,MSV1-9E34EA1FB710CE26,IS 18066 (Part 4):2026,Measurement of Radioactivity in the Environment - Air Radon-222 Part 4 Integrated Measurement Method for Determining Average Activity Concentration Using Passive Sampling and Delayed Analysis,ml,NOT_TRANSLATED,NEEDS_HUMAN_OR_MODEL_VALIDATION,AUXILIARY_ONLY
RV-V03-003543,MSV1-7843F0495A064779,IS 18066 (Part 6):2026,Measurement of Radioactivity in the Environment - Air Radon-222 Part 6 Spot Measurement Methods of the Activity Concentration,ml,NOT_TRANSLATED,NEEDS_HUMAN_OR_MODEL_VALIDATION,AUXILIARY_ONLY
RV-V03-003544,MSV1-834F46E27C6679A4,IS 19627:2026,Footwear Critical Substances Potentially Present in Footwear and Footwear Components Test Method to Quantitatively Determine Dimethylformamide in Footwear Materials,ml,NOT_TRANSLATED,NEEDS_HUMAN_OR_MODEL_VALIDATION,AUXILIARY_ONLY
RV-V03-003545,MSV1-D16B7D52A77FAEC3,IS 19628:2026,Footwear Critical Substances Potentially Present in Footwear and Footwear Components Test Method to Quantitatively Determine Polycyclic Aromatic Hydrocarbons PAHs in Footwear Materials,ml,NOT_TRANSLATED,NEEDS_HUMAN_OR_MODEL_VALIDATION,AUXILIARY_ONLY
RV-V03-003546,MSV1-6DF845D1551C4264,IS 17614 (Part 27):2026,Water Quality — Sampling Part 27 Guidance on sampling for the parameters of the oceanic carbon dioxide system,ml,NOT_TRANSLATED,NEEDS_HUMAN_OR_MODEL_VALIDATION,AUXILIARY_ONLY
RV-V03-003547,MSV1-6C9ECDC3A93908F1,IS 19748:2026,Ophthalmic implants - Irrigating solutions for ophthalmic surgery,ml,NOT_TRANSLATED,NEEDS_HUMAN_OR_MODEL_VALIDATION,AUXILIARY_ONLY
RV-V03-003548,MSV1-16F593CA0A1F31D9,IS 10847:2026,"Specification for Speculum with Screw Adjustment, Eye, Right and Left, Arruga's Pattern",ml,NOT_TRANSLATED,NEEDS_HUMAN_OR_MODEL_VALIDATION,AUXILIARY_ONLY
RV-V03-003549,MSV1-2EA48FF9DB9F960A,IS 4569 (Part 1):2026,"Specification for scissors, eye: Part 1 corneal (Second Revision)",ml,NOT_TRANSLATED,NEEDS_HUMAN_OR_MODEL_VALIDATION,AUXILIARY_ONLY
RV-V03-003550,MSV1-6AAC44CFBC729748,IS 7786:2026,"Specification For Retractor, Eyelid, Desmarre's Pattern",ml,NOT_TRANSLATED,NEEDS_HUMAN_OR_MODEL_VALIDATION,AUXILIARY_ONLY
RV-V03-003551,MSV1-9E9EBB59DA6FEB57,IS 9688:2026,"Eye surgery instruments - Hooks, strabismus - Specification ( first revision)",ml,NOT_TRANSLATED,NEEDS_HUMAN_OR_MODEL_VALIDATION,AUXILIARY_ONLY
RV-V03-003552,MSV1-FE43741F67AB412C,IS 9983:2026,"Specification for wire vectis and lens expressor, eye",ml,NOT_TRANSLATED,NEEDS_HUMAN_OR_MODEL_VALIDATION,AUXILIARY_ONLY
RV-V03-003553,MSV1-82CFD3AF6105A210,IS 8109:2026,"Specification For Needle Holder, Eye, Castroviejo's Pattern",ml,NOT_TRANSLATED,NEEDS_HUMAN_OR_MODEL_VALIDATION,AUXILIARY_ONLY
RV-V03-003554,MSV1-0E516720044C9685,IS 9329:2026,"Specification For Speculum, Eye, Clark's Pattern (Modified) (First Revision)",ml,NOT_TRANSLATED,NEEDS_HUMAN_OR_MODEL_VALIDATION,AUXILIARY_ONLY
RV-V03-003555,MSV1-E58F5D0CA6B764DA,IS 19692:2026,MEDIA AND ENTERTAINMENT SOUND AND MUSIC SERVICES VOCABULARY,ml,NOT_TRANSLATED,NEEDS_HUMAN_OR_MODEL_VALIDATION,AUXILIARY_ONLY
RV-V03-003556,MSV1-47E1986CC6327878,IS 4755:2026,Acoustics Reference zero for the calibration of audiometric equipment Part 1: Reference equivalent threshold sound pressure levels for pure tones and supra-aural earphones Second Revision,ml,NOT_TRANSLATED,NEEDS_HUMAN_OR_MODEL_VALIDATION,AUXILIARY_ONLY
RV-V03-003557,MSV1-BF0609419C822A85,IS 8327:2026,ENT Surgery Instruments –– Chevalier Jackson’s Type Pattern Vocal Nodule Forceps — Specification ( First Revision ),ml,NOT_TRANSLATED,NEEDS_HUMAN_OR_MODEL_VALIDATION,AUXILIARY_ONLY
RV-V03-003558,MSV1-D22D8BD7A7FA5005,IS 8734:2026,ENT Surgery Instruments –Chevalier Jackson’s Type Pattern Forceps – Specification ( First Revision ),ml,NOT_TRANSLATED,NEEDS_HUMAN_OR_MODEL_VALIDATION,AUXILIARY_ONLY
RV-V03-003559,MSV1-6E95EA007C2E9837,IS 8743:2026,ENT Surgery Instruments–– Irwin Moore's Type Pattern Direct Bronchoscopy Forceps –– Specification ( Second Revision ),ml,NOT_TRANSLATED,NEEDS_HUMAN_OR_MODEL_VALIDATION,AUXILIARY_ONLY
RV-V03-003560,MSV1-CE57A2E72A7E10B8,IS 8838:2026,ENT Surgery Instruments – Straight Cup Forceps – Specification (First Revision),ml,NOT_TRANSLATED,NEEDS_HUMAN_OR_MODEL_VALIDATION,AUXILIARY_ONLY
RV-V03-003561,MSV1-B846137C789B471A,IS 8839:2026,ENT Surgery Instruments – Upwards Cup Forceps – Specification (First Revision),ml,NOT_TRANSLATED,NEEDS_HUMAN_OR_MODEL_VALIDATION,AUXILIARY_ONLY
RV-V03-003562,MSV1-E887DC8A767D27C6,IS 8840:2026,ENT Surgery Instruments – Scissors – Specification (First Revision ),ml,NOT_TRANSLATED,NEEDS_HUMAN_OR_MODEL_VALIDATION,AUXILIARY_ONLY
RV-V03-003563,MSV1-A3241C0083BBCFB9,IS 17034:2025,Jaipur Foot — Specification,ml,NOT_TRANSLATED,NEEDS_HUMAN_OR_MODEL_VALIDATION,AUXILIARY_ONLY
RV-V03-003564,MSV1-669DC6E21638BD25,IS 19731:2026,ENT Surgery Instruments –– Otology Drill — Specification,ml,NOT_TRANSLATED,NEEDS_HUMAN_OR_MODEL_VALIDATION,AUXILIARY_ONLY
RV-V03-003565,MSV1-1B2446ED80DCD3D3,IS 19615:2026,Extracellular Vesicles - Characterization,ml,NOT_TRANSLATED,NEEDS_HUMAN_OR_MODEL_VALIDATION,AUXILIARY_ONLY
RV-V03-003566,MSV1-8B56191E49BEC03C,IS/ISO 6039:2023,Blockchain and Distributed Ledger Technologies - Identifiers of Subjects and Objects for the Design of Blockchain Systems,ml,NOT_TRANSLATED,NEEDS_HUMAN_OR_MODEL_VALIDATION,AUXILIARY_ONLY
RV-V03-003567,MSV1-38A04B6C2EE78EBE,IS/IEC 61400 (Part 5):2020,Wind energy generation systems Part 5: Wind turbine blades,ml,NOT_TRANSLATED,NEEDS_HUMAN_OR_MODEL_VALIDATION,AUXILIARY_ONLY
RV-V03-003568,MSV1-304EF9F64DF4D82E,IS/IEC 61400 (Part 6):2020,Wind energy generation systems Part 6: Tower and foundation design requirements,ml,NOT_TRANSLATED,NEEDS_HUMAN_OR_MODEL_VALIDATION,AUXILIARY_ONLY
RV-V03-003569,MSV1-C54BAC7B972B7915,IS/IEC 61400 (Part 3/Sec 1):2019,Wind energy generation systems Part 3 Design Requirements Section 1 Fixed Offshore Wind Turbines,ml,NOT_TRANSLATED,NEEDS_HUMAN_OR_MODEL_VALIDATION,AUXILIARY_ONLY
RV-V03-003570,MSV1-1F1963D813713C20,IS 19583:2026,Orthoimagery- Data Acquisition and Accuracy Assessment,ml,NOT_TRANSLATED,NEEDS_HUMAN_OR_MODEL_VALIDATION,AUXILIARY_ONLY
RV-V03-003571,MSV1-188079A7722D267E,IS 14230:2026,C - Band parabolic dish antenna Specification,ml,NOT_TRANSLATED,NEEDS_HUMAN_OR_MODEL_VALIDATION,AUXILIARY_ONLY
RV-V03-003572,MSV1-7B1E8F64CC1BBA64,IS 7136:2026,Specification for megaphones,ml,NOT_TRANSLATED,NEEDS_HUMAN_OR_MODEL_VALIDATION,AUXILIARY_ONLY
RV-V03-003573,MSV1-8FB288129B0F12E7,IS 14481 (Part 1):2026,Nuclear power plants - Instrumentation important to safety - Radiation monitoring for accident and post - Accident conditions: Part 1 general requirements (Second Revision),ml,NOT_TRANSLATED,NEEDS_HUMAN_OR_MODEL_VALIDATION,AUXILIARY_ONLY
RV-V03-003574,MSV1-89DC28EC303F413D,IS 15996:2026,Information and Documentation — Library Performance Indicators (Second Revision),ml,NOT_TRANSLATED,NEEDS_HUMAN_OR_MODEL_VALIDATION,AUXILIARY_ONLY
RV-V03-003575,MSV1-BBEACB625669062A,IS 9558:2026,PTFE (Teflon) Piston Depth Gauge – Specification(First revision),ml,NOT_TRANSLATED,NEEDS_HUMAN_OR_MODEL_VALIDATION,AUXILIARY_ONLY
RV-V03-003576,MSV1-2D2C4730040D0FDC,IS 15994 (Part 2):2026,Information and documentation — Metadata for managing records Part 2: Conceptual and implementation issues,ml,NOT_TRANSLATED,NEEDS_HUMAN_OR_MODEL_VALIDATION,AUXILIARY_ONLY
RV-V03-003577,MSV1-B1F4DA1330A1A65E,IS 2627:2026,LIQUID-IN-GLASS THERMOMETERS - GLOSSARY (Second Revision),ml,NOT_TRANSLATED,NEEDS_HUMAN_OR_MODEL_VALIDATION,AUXILIARY_ONLY
RV-V03-003578,MSV1-C8041068FC3E2FB9,IS 7000:2026,GENERAL PURPOSE MAXIMUM AND MINIMUM THERMOMETERS SPECIFICATION (First Revision),ml,NOT_TRANSLATED,NEEDS_HUMAN_OR_MODEL_VALIDATION,AUXILIARY_ONLY
RV-V03-003579,MSV1-47F7D1E8D9C3B4FD,IS 12244 (Part 2):2026,CALORIMETER THERMOMETERS SPECIFICATION PART 2 ENCLOSED SCALE THERMOMETERS (First Revision),ml,NOT_TRANSLATED,NEEDS_HUMAN_OR_MODEL_VALIDATION,AUXILIARY_ONLY
RV-V03-003580,MSV1-4D06BCCCE49880CB,IS 3677:2026,Unbonded Rock and Slag Wool for Thermal Insulation - Specification Third Revision,ml,NOT_TRANSLATED,NEEDS_HUMAN_OR_MODEL_VALIDATION,AUXILIARY_ONLY
RV-V03-003581,MSV1-DD0DA552FA6D6C63,IS 12533:2026,Photography — Rolls of sensitized material for the pre-press industry — Dimensions and related requirements (First Revision),ml,NOT_TRANSLATED,NEEDS_HUMAN_OR_MODEL_VALIDATION,AUXILIARY_ONLY
RV-V03-003582,MSV1-1B8B8C2109AA9732,IS 12517:2026,Photography Sheets of sensitized material for the pre-press industry Dimensions and related requirements First Revision,ml,NOT_TRANSLATED,NEEDS_HUMAN_OR_MODEL_VALIDATION,AUXILIARY_ONLY
RV-V03-003583,MSV1-0BA7C2F1A8FCB230,IS 7038:2026,Chloroplatinic acid (Platinum chloride) — Specification (First Revision),ml,NOT_TRANSLATED,NEEDS_HUMAN_OR_MODEL_VALIDATION,AUXILIARY_ONLY
RV-V03-003584,MSV1-CFA03221EA7ACD61,IS 7130:2026,"Chlorosulphonic Acid, Technical - Specification",ml,NOT_TRANSLATED,NEEDS_HUMAN_OR_MODEL_VALIDATION,AUXILIARY_ONLY
RV-V03-003585,MSV1-759B7D522E4A7C70,IS 3894:2026,MANUALLY-OPERATED COMB FOUNDATION MILL — SPECIFICATION (Second Revision ),ml,NOT_TRANSLATED,NEEDS_HUMAN_OR_MODEL_VALIDATION,AUXILIARY_ONLY
RV-V03-003586,MSV1-68D9C659DB6ABE2C,IS 8325:2026,Specification for nickel formate for nickel catalyst (First Revision),ml,NOT_TRANSLATED,NEEDS_HUMAN_OR_MODEL_VALIDATION,AUXILIARY_ONLY
RV-V03-003587,MSV1-96A95D1FEB2B3F86,IS 6565:2026,Foetoscope For Foetal Heart Sounds Pinards Pattern Specification First Revision of IS 6565,ml,NOT_TRANSLATED,NEEDS_HUMAN_OR_MODEL_VALIDATION,AUXILIARY_ONLY
RV-V03-003588,MSV1-27F8F9FDB6F555B3,IS 6578:2026,Obstetrics Instruments Forceps Ovum Shape and Dimensions Second Revision of IS 6578,ml,NOT_TRANSLATED,NEEDS_HUMAN_OR_MODEL_VALIDATION,AUXILIARY_ONLY
RV-V03-003589,MSV1-3E8C065979ABCCCF,IS/IEC 62314:2022,Solid-State Relays - Safety Requirements (First Revision),ml,NOT_TRANSLATED,NEEDS_HUMAN_OR_MODEL_VALIDATION,AUXILIARY_ONLY
RV-V03-003590,MSV1-C24E1C1AF21D7EC1,IS/IEC 61812 (Part 1):2023,Time Relays and Coupling Relays for Industrial and Residential Use Part 1 Requirements and Tests (First Revision),ml,NOT_TRANSLATED,NEEDS_HUMAN_OR_MODEL_VALIDATION,AUXILIARY_ONLY
RV-V03-003591,MSV1-7F392C84E09761F0,IS 9708:2026,Overhead lines Requirements and tests for aeolian vibration dampers,ml,NOT_TRANSLATED,NEEDS_HUMAN_OR_MODEL_VALIDATION,AUXILIARY_ONLY
RV-V03-003592,MSV1-A2B40F2C4437B690,IS/IEC 60079 (Part 17):2023,Explosive atmospheres - Part 17: Electrical installations inspection and maintenance (Second Revision),ml,NOT_TRANSLATED,NEEDS_HUMAN_OR_MODEL_VALIDATION,AUXILIARY_ONLY
RV-V03-003593,MSV1-91E442BC27AAC1B2,IS 2381:2026,Information and Documentation — Guidelines for Bibliographic References and Citations to Information Resources (Fourth Revision),ml,NOT_TRANSLATED,NEEDS_HUMAN_OR_MODEL_VALIDATION,AUXILIARY_ONLY
RV-V03-003594,MSV1-2A06025DAF3035B1,IS/ISO 15924:2022,Information and documentation - Codes for the representation of names of scripts,ml,NOT_TRANSLATED,NEEDS_HUMAN_OR_MODEL_VALIDATION,AUXILIARY_ONLY
RV-V03-003595,MSV1-116E974985244DD8,IS 14836 (Part 1):2026,Codes for the Representation of Names of Countries and their Subdivisions Part 1 Country Codes ( Third Revision),ml,NOT_TRANSLATED,NEEDS_HUMAN_OR_MODEL_VALIDATION,AUXILIARY_ONLY
RV-V03-003596,MSV1-304251846C388A26,IS 14836 (Part 2):2026,Codes for the representation of names of countries and their subdivisions: Part 2 country subdivision codes,ml,NOT_TRANSLATED,NEEDS_HUMAN_OR_MODEL_VALIDATION,AUXILIARY_ONLY
RV-V03-003597,MSV1-E83C4B7DC1C4B39C,IS 14836 (Part 3):2026,Codes for the representation of namesof countries and their subdivisions: Part 3 code for formerly used names of countries,ml,NOT_TRANSLATED,NEEDS_HUMAN_OR_MODEL_VALIDATION,AUXILIARY_ONLY
RV-V03-003598,MSV1-6782EABA3FBFD9F2,IS 16276 (Part 2):2026,Document Management ” Portable Document Format Part 2 PDF 2.0,ml,NOT_TRANSLATED,NEEDS_HUMAN_OR_MODEL_VALIDATION,AUXILIARY_ONLY
RV-V03-003599,MSV1-67BCC79C9C329F88,IS/IEC 60773:2021,Rotating electrical machines — Test methods and apparatus for the measurement of the operational characteristics of brushes,ml,NOT_TRANSLATED,NEEDS_HUMAN_OR_MODEL_VALIDATION,AUXILIARY_ONLY
RV-V03-003600,MSV1-B0F338A352D19F83,IS 4647:2026,INLAND VESSELS - DETACHABLE STEEL LADDER - SPECIFICATION,ml,NOT_TRANSLATED,NEEDS_HUMAN_OR_MODEL_VALIDATION,AUXILIARY_ONLY
RV-V03-003601,MSV1-47A081B8CD3F5DFF,IS 1399:2026,Optical Technology — Glossary of Terms ( First Revision ),ml,NOT_TRANSLATED,NEEDS_HUMAN_OR_MODEL_VALIDATION,AUXILIARY_ONLY
RV-V03-003602,MSV1-E5866EB5897D11E4,IS 6454 (Part 2):2026,Radial spherical roller bearings Part 2 Double row with cylindrical or tapered bore — Specification (First Revision),ml,NOT_TRANSLATED,NEEDS_HUMAN_OR_MODEL_VALIDATION,AUXILIARY_ONLY
RV-V03-003603,MSV1-9B92A0C8F5EF6B04,IS 2462:2026,Parallel Bars Used in Gymnastics — Specification ( Second Revision ),ml,NOT_TRANSLATED,NEEDS_HUMAN_OR_MODEL_VALIDATION,AUXILIARY_ONLY
RV-V03-003604,MSV1-07E321597F4F9AA6,IS 1895:2026,Textiles — Cotton Newar — Specification (Third Revision),ml,NOT_TRANSLATED,NEEDS_HUMAN_OR_MODEL_VALIDATION,AUXILIARY_ONLY
RV-V03-003605,MSV1-DCE972B8D6922AF8,IS 5352 (Part 2):2026,Textiles — Glass and Glass-Polyester Fibre Woven Tapes Part 2 Methods of Test (Fourth Revision),ml,NOT_TRANSLATED,NEEDS_HUMAN_OR_MODEL_VALIDATION,AUXILIARY_ONLY
RV-V03-003606,MSV1-40C8F9F26D7A7273,IS 199:2026,"Textiles — Test Method — Determination of Moisture, Total Size or Finish, Ash and Fatty Matter in Grey and Finished Cotton Textile Materials (Fourth Revision)",ml,NOT_TRANSLATED,NEEDS_HUMAN_OR_MODEL_VALIDATION,AUXILIARY_ONLY
RV-V03-003607,MSV1-3D82D7598CF3AE3C,IS 665:2026,Textiles — Method of Test — Determination of Dimensional Changes of Fabrics Containing Wool on Soaking in Water (Second Revision),ml,NOT_TRANSLATED,NEEDS_HUMAN_OR_MODEL_VALIDATION,AUXILIARY_ONLY
RV-V03-003608,MSV1-000837EAFC9CA14F,IS 1299:2026,Textiles — Method of Test — Determination of Dimensional Changes on Washing of Fabrics Woven from Rayon and Synthetic Fibres (Third Revision),ml,NOT_TRANSLATED,NEEDS_HUMAN_OR_MODEL_VALIDATION,AUXILIARY_ONLY
RV-V03-003609,MSV1-8E4D8D10442FB698,IS 4419:2026,Textiles — Method of Test — Determination of Dimensional Stability of Knitted Fabrics Made of Synthetic Fibres (First Revision),ml,NOT_TRANSLATED,NEEDS_HUMAN_OR_MODEL_VALIDATION,AUXILIARY_ONLY
RV-V03-003610,MSV1-0F2CB622262B5089,IS 171:2025,Textiles — Grey Spun Cotton Yarn — Specifications (Fifth Revision),ml,NOT_TRANSLATED,NEEDS_HUMAN_OR_MODEL_VALIDATION,AUXILIARY_ONLY
RV-V03-003611,MSV1-3BF79C6DE9B897EE,IS 293:2025,"Textiles — Packaging of Staple Fibers, Yarns, Sewing Threads and Cloths/Fabrics — Code (Fourth Revision)",ml,NOT_TRANSLATED,NEEDS_HUMAN_OR_MODEL_VALIDATION,AUXILIARY_ONLY
RV-V03-003612,MSV1-AB1E6AFE781B677C,IS/ISO 603:2024,Bonded abrasive products — Dimensions Part 8 Grinding wheels for Deburring and Fettling/Snagging on Stationary Machine (First Revision),ml,NOT_TRANSLATED,NEEDS_HUMAN_OR_MODEL_VALIDATION,AUXILIARY_ONLY
RV-V03-003613,MSV1-F97D0A8E4C8699CD,IS/ISO 8000 (Part 115):2024,Data quality: Part 115 Master Data -- Exchange of quality identifiers -- Syntactic semantic and resolution requirements first revision,ml,NOT_TRANSLATED,NEEDS_HUMAN_OR_MODEL_VALIDATION,AUXILIARY_ONLY
RV-V03-003614,MSV1-3E6B4A06F7363ECE,IS 14739:2026,Geotextiles and geotextile-related products - Determination of tensile creep and creep rupture behaviour (second revision ),ml,NOT_TRANSLATED,NEEDS_HUMAN_OR_MODEL_VALIDATION,AUXILIARY_ONLY
RV-V03-003615,MSV1-D27E69C898314981,IS 3650:2026,Combination Side Cutting Pliers — Specification (Third Revision),ml,NOT_TRANSLATED,NEEDS_HUMAN_OR_MODEL_VALIDATION,AUXILIARY_ONLY
RV-V03-003616,MSV1-0FE9BA408239FEE3,IS 8857:2026,Textiles — Canvas Water Bucket — Specification ( Second Revision ),ml,NOT_TRANSLATED,NEEDS_HUMAN_OR_MODEL_VALIDATION,AUXILIARY_ONLY
RV-V03-003617,MSV1-6D6C10BE34E24B1D,IS 4003 (Part 1):2026,Pipe Wrenches - Specification Part 1 General Purpose(Third revision),ml,NOT_TRANSLATED,NEEDS_HUMAN_OR_MODEL_VALIDATION,AUXILIARY_ONLY
RV-V03-003618,MSV1-1FDDA6E5EC85026C,IS 7044:2026,Textiles — Method of Test — Determination of Sodium Chlorite Content in Textile Materials (First Revision),ml,NOT_TRANSLATED,NEEDS_HUMAN_OR_MODEL_VALIDATION,AUXILIARY_ONLY
RV-V03-003619,MSV1-08FD6ABB28022C7B,IS 7045:2026,Textiles — Method of Test — Determination of Hydrogen Peroxide Content in Textile Materials (First Revision),ml,NOT_TRANSLATED,NEEDS_HUMAN_OR_MODEL_VALIDATION,AUXILIARY_ONLY
RV-V03-003620,MSV1-4FB60D397C1EE502,IS 17260 (Part 1):2026,Textile Floor Coverings — Production of Changes in Appearance Part 1 Vettermann Drum Test (First Revision),ml,NOT_TRANSLATED,NEEDS_HUMAN_OR_MODEL_VALIDATION,AUXILIARY_ONLY
RV-V03-003621,MSV1-2B073EC9BB996BC5,IS 14820:2026,"Lasers and Laser-Related Equipment — Laser Beam Widths, Divergence Angles and Beam Propagation Ratios — Methods of Test Part 2 General Astigmatic Beams ( First Revision )",ml,NOT_TRANSLATED,NEEDS_HUMAN_OR_MODEL_VALIDATION,AUXILIARY_ONLY
RV-V03-003622,MSV1-635C73F9296FDA73,IS 19597:2026,Landing Mats used in Gymnastics - Specification,ml,NOT_TRANSLATED,NEEDS_HUMAN_OR_MODEL_VALIDATION,AUXILIARY_ONLY
RV-V03-003623,MSV1-FBED99197E27B201,IS 19723:2026,Measurement of Diameter and Girth of Trees - Guidelines,ml,NOT_TRANSLATED,NEEDS_HUMAN_OR_MODEL_VALIDATION,AUXILIARY_ONLY
RV-V03-003624,MSV1-50A134F50D10581B,IS 19701 (Part 1):2026,Automation Systems and Integration — Nuclear Digital Ecosystem Part 1 Overview and Framework,ml,NOT_TRANSLATED,NEEDS_HUMAN_OR_MODEL_VALIDATION,AUXILIARY_ONLY
RV-V03-003625,MSV1-67D6DC9935AC5945,IS 17192 (Part 3):2026,Robotics — Performance Criteria and Related Test Methods for Service Robots Part 3 Manipulation,ml,NOT_TRANSLATED,NEEDS_HUMAN_OR_MODEL_VALIDATION,AUXILIARY_ONLY
RV-V03-003626,MSV1-DB7CF655470DACEF,IS 19699:2026,Textile Floor Coverings — Broadloom Woven Carpet — Specification,ml,NOT_TRANSLATED,NEEDS_HUMAN_OR_MODEL_VALIDATION,AUXILIARY_ONLY
RV-V03-003627,MSV1-635E178AA979ED6C,IS/ISO 20140 (Part 5):2024,Automation Systems and Integration — Evaluating Energy Efficiency and other Factors of Manufacturing Systems that Influence the Environment Part 5 Environmental Performance Evaluation Data ( First Revision ),ml,NOT_TRANSLATED,NEEDS_HUMAN_OR_MODEL_VALIDATION,AUXILIARY_ONLY
RV-V03-003628,MSV1-6240528CE35F08BB,IS 19702:2026,Shanks for Pneumatic Tools and Fitting of Chuck Bushings — Dimensions,ml,NOT_TRANSLATED,NEEDS_HUMAN_OR_MODEL_VALIDATION,AUXILIARY_ONLY
RV-V03-003629,MSV1-5E34F98B26014B48,IS 12193 (Part 2):2026,Methods of measurement on radio receivers for various classes of emission Part 3: Receivers for amplitude-modulated sound-broadcasting emissions First Revision,ml,NOT_TRANSLATED,NEEDS_HUMAN_OR_MODEL_VALIDATION,AUXILIARY_ONLY
RV-V03-003630,MSV1-3689C01E61C14757,IS 2189:2026,Selection Installation and Maintenance of Automatic Fire Detection and Alarm System - Code of Practice Fifth Revision,ml,NOT_TRANSLATED,NEEDS_HUMAN_OR_MODEL_VALIDATION,AUXILIARY_ONLY
RV-V03-003631,MSV1-BDE76327270BD9CF,IS 4456 (Part 1):2026,CHEMICAL RESISTANT MORTARS — METHODS OF TEST PART 1 SILICATE TYPE AND RESIN TYPE ( First revision ),ml,NOT_TRANSLATED,NEEDS_HUMAN_OR_MODEL_VALIDATION,AUXILIARY_ONLY
RV-V03-003632,MSV1-97710F1727A17117,IS 4456 (Part 2):2026,CHEMICAL RESISTANT MORTARS — METHODS OF TEST PART 2 SULPHUR TYPE ( First Revision ),ml,NOT_TRANSLATED,NEEDS_HUMAN_OR_MODEL_VALIDATION,AUXILIARY_ONLY
RV-V03-003633,MSV1-0BF88B14B836DF9B,IS 1200 (Part 1):2026,Method of Measurement of Building and Civil Engineering Works Part 1 Earthwork,ml,NOT_TRANSLATED,NEEDS_HUMAN_OR_MODEL_VALIDATION,AUXILIARY_ONLY
RV-V03-003634,MSV1-5AACEFA70EA13A58,IS 1200 (Part 9):2026,Method of Measurement of Building and Civil Engineering Works Part 9 Roof Covering Including Cladding,ml,NOT_TRANSLATED,NEEDS_HUMAN_OR_MODEL_VALIDATION,AUXILIARY_ONLY
RV-V03-003635,MSV1-BFA88B3333817B92,IS 1200 (Part 3):2026,Method of Measurement of Building and Civil Engineering Works Part 3 Brickwork,ml,NOT_TRANSLATED,NEEDS_HUMAN_OR_MODEL_VALIDATION,AUXILIARY_ONLY
RV-V03-003636,MSV1-5A0A06019EE9C692,IS 1200 (Part 4):2026,Method of Measurement of Building and Civil Engineering Works Part 4 Stone Masonry,ml,NOT_TRANSLATED,NEEDS_HUMAN_OR_MODEL_VALIDATION,AUXILIARY_ONLY
RV-V03-003637,MSV1-FA47BB94CC9D86C6,IS 19559:2026,Hot Rolled Alloy Steel Bars Specification,ml,NOT_TRANSLATED,NEEDS_HUMAN_OR_MODEL_VALIDATION,AUXILIARY_ONLY
RV-V03-003638,MSV1-4F561AB0226FEEC2,IS 19600:2026,Gasket and Packing Flexible Graphite Material Specification,ml,NOT_TRANSLATED,NEEDS_HUMAN_OR_MODEL_VALIDATION,AUXILIARY_ONLY
RV-V03-003639,MSV1-6B34415A9F3F4CB3,IS 19747:2026,Steel wire ropes — Determination of the actual modulus of elasticity,ml,NOT_TRANSLATED,NEEDS_HUMAN_OR_MODEL_VALIDATION,AUXILIARY_ONLY
RV-V03-003640,MSV1-F4CF36E63B645CCC,IS 19745:2026,STEEL WIRE ROPES — DETERMINATION OF THE TRANSVERS RIGIDITY OF STEEL WIRE ROPES UNDER NO AXIAL LOAD CONDITION,ml,NOT_TRANSLATED,NEEDS_HUMAN_OR_MODEL_VALIDATION,AUXILIARY_ONLY
RV-V03-003641,MSV1-21BA06BF53536A41,IS 19746:2026,STEEL WIRE ROPES — DETERMINATION OF ROTATIONAL PROPERTIES,ml,NOT_TRANSLATED,NEEDS_HUMAN_OR_MODEL_VALIDATION,AUXILIARY_ONLY
RV-V03-003642,MSV1-9DA7A9E6A9034E63,IS 6499:2026,SIMS PATTERN DOUBLE-ENDED SHARP UTERINE CURETTE SPECIFICATION First Revision,ml,NOT_TRANSLATED,NEEDS_HUMAN_OR_MODEL_VALIDATION,AUXILIARY_ONLY
RV-V03-003643,MSV1-0BBE11DFF89373A8,IS/IEC 61439 (Part 3):2024,Low-voltage switchgear and controlgear assemblies Part 3: Distribution boards intended to be operated by ordinary persons DBO First Revision,ml,NOT_TRANSLATED,NEEDS_HUMAN_OR_MODEL_VALIDATION,AUXILIARY_ONLY
RV-V03-003644,MSV1-F47A448381AD4F5B,IS/IEC 61439 (Part 4):2024,Low-Voltage Switchgear and Controlgear Assemblies Part 4: Particular requirements for assemblies for construction sites ACS First Revision,ml,NOT_TRANSLATED,NEEDS_HUMAN_OR_MODEL_VALIDATION,AUXILIARY_ONLY
RV-V03-003645,MSV1-00966380F287A744,IS 15596 (Part 7):2026,Sound System Equipment Part 7: Headphones and Earphones Second Revision,ml,NOT_TRANSLATED,NEEDS_HUMAN_OR_MODEL_VALIDATION,AUXILIARY_ONLY
RV-V03-003646,MSV1-0401D0E66387D769,IS 16602 (Part 3):2026,Information & Documentation- RFID in Libraries Part 3 Fixed Lenth Encoding,ml,NOT_TRANSLATED,NEEDS_HUMAN_OR_MODEL_VALIDATION,AUXILIARY_ONLY
RV-V03-003647,MSV1-E9EB32E415F1E87A,IS 19635:2026,Grid Integration of Renewable Energy Generation Terms and Definitions,ml,NOT_TRANSLATED,NEEDS_HUMAN_OR_MODEL_VALIDATION,AUXILIARY_ONLY
RV-V03-003648,MSV1-DC6FDA9BAD33EE9F,IS 19637:2026,Grid code compliance assessment methods for grid connection of wind and PV Power plants,ml,NOT_TRANSLATED,NEEDS_HUMAN_OR_MODEL_VALIDATION,AUXILIARY_ONLY
RV-V03-003649,MSV1-AB95E7FBCB44FF02,IS/IEC 63002:2025,Interoperability Specifications and Communication Method for External Power Supplies used with Computing and Consumer Electronics Devices,ml,NOT_TRANSLATED,NEEDS_HUMAN_OR_MODEL_VALIDATION,AUXILIARY_ONLY
RV-V03-003650,MSV1-EF75001EBA6EF3BE,IS 9786:2026,Vinyl Chloride (VCM) — Code of safety (First Revision),ml,NOT_TRANSLATED,NEEDS_HUMAN_OR_MODEL_VALIDATION,AUXILIARY_ONLY
RV-V03-003651,MSV1-E6CAC8A7685216EB,IS 447:2026,RUBBER HOSES FOR WELDING SPECIFICATION,ml,NOT_TRANSLATED,NEEDS_HUMAN_OR_MODEL_VALIDATION,AUXILIARY_ONLY
RV-V03-003652,MSV1-441091E2D9DEE0F7,IS 14424:2026,RUBBER THREADS SPECIFICATION,ml,NOT_TRANSLATED,NEEDS_HUMAN_OR_MODEL_VALIDATION,AUXILIARY_ONLY
RV-V03-003653,MSV1-7FA4958D513B43BD,IS 5190:2026,CODE OF PACKAGING OF NATURAL RUBBER LATEX IN DRUMS,ml,NOT_TRANSLATED,NEEDS_HUMAN_OR_MODEL_VALIDATION,AUXILIARY_ONLY
RV-V03-003654,MSV1-5D91AEC3F17D1A9F,IS 12076:2026,PRECIPITATED SILICA FOR RUBBER INDUSTRY SPECIFICATION,ml,NOT_TRANSLATED,NEEDS_HUMAN_OR_MODEL_VALIDATION,AUXILIARY_ONLY
RV-V03-003655,MSV1-77AEE7D11A453A7B,IS 14127:2026,INSOLUBLE AMORPHOUS SULPHUR FOR RUBBER INDUSTRY SPECIFICATION,ml,NOT_TRANSLATED,NEEDS_HUMAN_OR_MODEL_VALIDATION,AUXILIARY_ONLY
RV-V03-003656,MSV1-432DF62DC44D7EDB,IS 6954:2026,Caustic Potash — Code of safety (First Revision),ml,NOT_TRANSLATED,NEEDS_HUMAN_OR_MODEL_VALIDATION,AUXILIARY_ONLY
RV-V03-003657,MSV1-76ED2CEC2E8C0FDB,IS 1448 (Part 149):2026,PETROLEUM PRODUCTS AND RELATED PRODUCTS PART 149 DIESEL FUEL — ASSESSMENT OF LUBRICITY USING THE HIGH-FREQUENCY RECIPROCATING RIG (HFRR) — TEST METHOD (Third Revision),ml,NOT_TRANSLATED,NEEDS_HUMAN_OR_MODEL_VALIDATION,AUXILIARY_ONLY
RV-V03-003658,MSV1-EED7633F2EA0A2DD,IS 19556 (Part 2):2026,Irrigation Techniques - Localised/Remote Monitoring and Control for Irrigation Part 2 Tests,ml,NOT_TRANSLATED,NEEDS_HUMAN_OR_MODEL_VALIDATION,AUXILIARY_ONLY
RV-V03-003659,MSV1-2729F5BC280AD808,IS 19516:2026,Determination of Fatty Acids in Natural and Synthetic Perfumery Materials by Gas Chromatography,ml,NOT_TRANSLATED,NEEDS_HUMAN_OR_MODEL_VALIDATION,AUXILIARY_ONLY
RV-V03-003660,MSV1-37EEC86056BE5A47,IS 19729:2026,Naturopathy Therapeutic Fasting — Code of Practice,ml,NOT_TRANSLATED,NEEDS_HUMAN_OR_MODEL_VALIDATION,AUXILIARY_ONLY
RV-V03-003661,MSV1-B96F0F1350069C83,IS 19630:2026,Naturopathy Back Massage Therapy — Code of Practice,ml,NOT_TRANSLATED,NEEDS_HUMAN_OR_MODEL_VALIDATION,AUXILIARY_ONLY
RV-V03-003662,MSV1-D681B1D98922368A,IS 19655 (Part 1):2026,Handmade Paper for Carry Bags Specification,ml,NOT_TRANSLATED,NEEDS_HUMAN_OR_MODEL_VALIDATION,AUXILIARY_ONLY
RV-V03-003663,MSV1-E827B99DB470DCDD,IS 19655 (Part 3):2026,Handmade Paper for Packaging Specification,ml,NOT_TRANSLATED,NEEDS_HUMAN_OR_MODEL_VALIDATION,AUXILIARY_ONLY
RV-V03-003664,MSV1-F95844F9878A5291,IS 19655 (Part 4):2026,Handmade Paper for Envelopes Specification,ml,NOT_TRANSLATED,NEEDS_HUMAN_OR_MODEL_VALIDATION,AUXILIARY_ONLY
RV-V03-003665,MSV1-278A318FA1314DD1,IS 19655 (Part 5):2026,Handmade Paper - Specification Part 5 for Writing,ml,NOT_TRANSLATED,NEEDS_HUMAN_OR_MODEL_VALIDATION,AUXILIARY_ONLY
RV-V03-003666,MSV1-FC8062DDE8744A5D,IS 19668:2026,Rubber raw natural Guidelines for the specification of technically specified rubber TSR,ml,NOT_TRANSLATED,NEEDS_HUMAN_OR_MODEL_VALIDATION,AUXILIARY_ONLY
RV-V03-003667,MSV1-DFF4440FC93A0A25,IS 1448 (Part 213):2026,PETROLEUM AND ITS PRODUCTS TEST METHODS DETERMINATION OF ELEMENTS IN UN-USED LUBRICATING GREASES BY INDUCTIVELY COUPLED PLASMA ATOMIC EMISSION SPECTROMETER,ml,NOT_TRANSLATED,NEEDS_HUMAN_OR_MODEL_VALIDATION,AUXILIARY_ONLY
RV-V03-003668,MSV1-D0553FA7F6C84A01,IS 5749:2026,Forged Ramshorn Hooks ― Specification,ml,NOT_TRANSLATED,NEEDS_HUMAN_OR_MODEL_VALIDATION,AUXILIARY_ONLY
RV-V03-003669,MSV1-5338F49AAEDB10F2,IS 19730:2026,"Reuse, Recycling and Disposal of Bearing Materials",ml,NOT_TRANSLATED,NEEDS_HUMAN_OR_MODEL_VALIDATION,AUXILIARY_ONLY
RV-V03-003670,MSV1-3B6423E7BD374968,IS 19664:2026,Geosynthetics — Guidelines for the assessment of durability,ml,NOT_TRANSLATED,NEEDS_HUMAN_OR_MODEL_VALIDATION,AUXILIARY_ONLY
RV-V03-003671,MSV1-D39E0868E3701942,IS 19663:2026,Geosynthetics — Test method for the determination of water discharge capacity for prefabricated vertical drains,ml,NOT_TRANSLATED,NEEDS_HUMAN_OR_MODEL_VALIDATION,AUXILIARY_ONLY
RV-V03-003672,MSV1-551AE50F39357CDE,IS 19732 (Part 1):2026,Rolling Bearings — Measuring Methods for Vibration Part 1 Fundamentals,ml,NOT_TRANSLATED,NEEDS_HUMAN_OR_MODEL_VALIDATION,AUXILIARY_ONLY
RV-V03-003673,MSV1-FC7095A54BBA4A9F,IS 17141 (Part 5):2026,Petroleum and Liquid Petroleum Products — Measurement of Level and Temperature in Storage Tanks by Automatic Methods Part 5 Measurement of Temperature in Marine Vessels ( First Revision ),ml,NOT_TRANSLATED,NEEDS_HUMAN_OR_MODEL_VALIDATION,AUXILIARY_ONLY
RV-V03-003674,MSV1-0D6FCB8086383614,IS/ISO 603:2022,Bonded abrasive products — Dimensions Part 16 Cutting-off wheels on hand held power tools (First Revision),ml,NOT_TRANSLATED,NEEDS_HUMAN_OR_MODEL_VALIDATION,AUXILIARY_ONLY
RV-V03-003675,MSV1-03BC3044830451AF,IS 16237:2026,Geotextiles and geotextile-related products — Determination of the characteristic opening size (Wet sieving) (first revision)),ml,NOT_TRANSLATED,NEEDS_HUMAN_OR_MODEL_VALIDATION,AUXILIARY_ONLY
RV-V03-003676,MSV1-9EF9F1C79BCC64F5,IS 16635:2026,Geosynthetics — Wide-width tensile test (first revision),ml,NOT_TRANSLATED,NEEDS_HUMAN_OR_MODEL_VALIDATION,AUXILIARY_ONLY
RV-V03-003677,MSV1-B67DAB7E8FF00576,IS 6457:2026,Single Row Cylindrical Roller Bearings — Specification ( Second Revision ),ml,NOT_TRANSLATED,NEEDS_HUMAN_OR_MODEL_VALIDATION,AUXILIARY_ONLY
RV-V03-003678,MSV1-5FE99BA041160489,IS 4003 (Part 2):2026,Pipe Wrenches — Specification Part 2 Heavy Duty (Second Revision),ml,NOT_TRANSLATED,NEEDS_HUMAN_OR_MODEL_VALIDATION,AUXILIARY_ONLY
RV-V03-003679,MSV1-95E6C49A0EB25357,IS 10203:2026,Thin-Walled Plain Bearings — Specification (First Revision),ml,NOT_TRANSLATED,NEEDS_HUMAN_OR_MODEL_VALIDATION,AUXILIARY_ONLY
RV-V03-003680,MSV1-6C6E5E8E75543BBF,IS 14478:2026,"Plain bearings - Thick - Walled bushes, plain and flange type, full - Round (without any joint or slit) - Specification",ml,NOT_TRANSLATED,NEEDS_HUMAN_OR_MODEL_VALIDATION,AUXILIARY_ONLY
RV-V03-003681,MSV1-C019B859A9616AB2,IS 15624:2026,Thermoplastic Polymers for Plain Bearings — Classification and Designation ( First Revision ),ml,NOT_TRANSLATED,NEEDS_HUMAN_OR_MODEL_VALIDATION,AUXILIARY_ONLY
RV-V03-003682,MSV1-BB751C27FECF0F96,IS 12576:2026,Seed/Grain Processing Machinery — Indented Cylinder Grader — Specification and Test Code ( First Revision ),ml,NOT_TRANSLATED,NEEDS_HUMAN_OR_MODEL_VALIDATION,AUXILIARY_ONLY
RV-V03-003683,MSV1-5200C307DEAF047D,IS 1448 (Part 1/Sec 2):2026,PETROLEUM AND ITS PRODUCTS TEST METHODS PART 1 DETERMINATION OF BASE NUMBER OF PETROLEUM PRODUCTS SECTION 2 POTENTIOMETRIC TITRATION,ml,NOT_TRANSLATED,NEEDS_HUMAN_OR_MODEL_VALIDATION,AUXILIARY_ONLY
RV-V03-003684,MSV1-7EAC7235549771D6,IS 5311:2026,Carbon Tetrachloride — Code of Safety (First Revision ),ml,NOT_TRANSLATED,NEEDS_HUMAN_OR_MODEL_VALIDATION,AUXILIARY_ONLY
RV-V03-003685,MSV1-433733E5A76893CB,IS 411:2026,Titanium Dioxide for Pigmentary Applications - Specification (Fifth Revision),ml,NOT_TRANSLATED,NEEDS_HUMAN_OR_MODEL_VALIDATION,AUXILIARY_ONLY
RV-V03-003686,MSV1-C826F288DA275241,IS 19689:2026,PETROLEUM AND ITS PRODUCTS - TEST METHODS PART XXX DETERMINATION OF TOTAL VOLATILE SULPHUR IN GASEOUS HYDROCARBONS AND LIQUEFIED PETROLEUM GASES THROUGH ULTRAVIOLET FLUORESCENCE DETECTION,ml,NOT_TRANSLATED,NEEDS_HUMAN_OR_MODEL_VALIDATION,AUXILIARY_ONLY
RV-V03-003687,MSV1-3D859517788119FC,IS 19688:2026,LUBRICANTS - METHODS OF TESTS DETERMINATION OF WEAR PREVENTIVE CHARACTERISTICS - FOUR-BALL METHOD,ml,NOT_TRANSLATED,NEEDS_HUMAN_OR_MODEL_VALIDATION,AUXILIARY_ONLY
RV-V03-003688,MSV1-34B7E01BD714DC48,IS 19585:2026,Power Operated Coconut Dehusker — Specification and Test Code,ml,NOT_TRANSLATED,NEEDS_HUMAN_OR_MODEL_VALIDATION,AUXILIARY_ONLY
RV-V03-003689,MSV1-1BB6F2D5B00E37EE,IS 19532:2026,Dried Distillers Grain with Solubles (DDGS) as Livestock Feed Ingredient — Specification,ml,NOT_TRANSLATED,NEEDS_HUMAN_OR_MODEL_VALIDATION,AUXILIARY_ONLY
RV-V03-003690,MSV1-D1705CB4EFFB4B93,IS 1448 (Part 207):2019,PETROLEUM AND ITS PRODUCTS - TEST METHODS PART XX DETERMINATION OF AROMATIC HYDROCARBON TYPES IN AVIATION TURBINE FUELS KEROSENE TYPE AND PETROLEUM DISTILLATES - HIGH PERFORMANCE LIQUID CHROMATOGRAPHY METHOD WITH REFRACTIVE INDEX DETECTION,ml,NOT_TRANSLATED,NEEDS_HUMAN_OR_MODEL_VALIDATION,AUXILIARY_ONLY
RV-V03-003691,MSV1-E89F9D5377BAA1B1,IS 1448 (Part 209):2019,PETROLEUM AND ITS PRODUCTS - TEST METHODS PART DETERMINATION OF FATTY ACID METHYL ESTERS FAME CONTENT DERIVED FROM BIO-DIESEL FUEL IN AVIATION TURBINE FUEL - GC-MS WITH SELECTIVE ION MONITORINGSCAN DETECTION METHOD,ml,NOT_TRANSLATED,NEEDS_HUMAN_OR_MODEL_VALIDATION,AUXILIARY_ONLY
RV-V03-003692,MSV1-ABFC028CE549ABA0,IS 19533:2026,Paper and board Determination of bending stiffness General principles for two-point three-point and four-point methods,ml,NOT_TRANSLATED,NEEDS_HUMAN_OR_MODEL_VALIDATION,AUXILIARY_ONLY
RV-V03-003693,MSV1-BE27582ACCC1B7EF,IS 17614 (Part 26):2026,Water Quality — Sampling Part 26 Guideline on the validation of the storage time of water samples,ml,NOT_TRANSLATED,NEEDS_HUMAN_OR_MODEL_VALIDATION,AUXILIARY_ONLY
RV-V03-003694,MSV1-E1C5B472CE8C5B55,IS 16463 (Part 12):2026,Low-voltage surge protective devices Part 12: Surge protective devices connected to low-voltage power systems Selection and application principles First Revision,ml,NOT_TRANSLATED,NEEDS_HUMAN_OR_MODEL_VALIDATION,AUXILIARY_ONLY
RV-V03-003695,MSV1-69FF494C09DC0A3F,IS 17120:2026,In-cable control and protection device IC-CPD for mode 2 charging of electric road vehicles (First Revision),ml,NOT_TRANSLATED,NEEDS_HUMAN_OR_MODEL_VALIDATION,AUXILIARY_ONLY
RV-V03-003696,MSV1-0DDD6D41255EF4EC,IS/IEC 60947 (Part 5/Sec 1):2024,Low-Voltage Switchgear and Controlgear Part 5 Control Circuit Devices and Switching Elements Section 1 Electromechanical Control Circuit Devices (Third Revision),ml,NOT_TRANSLATED,NEEDS_HUMAN_OR_MODEL_VALIDATION,AUXILIARY_ONLY
RV-V03-003697,MSV1-5516B3DAED2F842F,IS/IEC 61439 (Part 5):2023,Low-voltage switchgear and controlgear assemblies Part 5: Assemblies for power distribution in public networks First Revision,ml,NOT_TRANSLATED,NEEDS_HUMAN_OR_MODEL_VALIDATION,AUXILIARY_ONLY
RV-V03-003698,MSV1-12570C0486ACD326,IS 6822:2026,Dental Distal Arch Wire Cutter — Specification (First Revision),ml,NOT_TRANSLATED,NEEDS_HUMAN_OR_MODEL_VALIDATION,AUXILIARY_ONLY
RV-V03-003699,MSV1-A5B89489E2562068,IS 16602 (Part 2):2026,Information and Documentation RFID in Libraries Part 2: Encoding of RFID Data Elements Based on Rules from ISOIEC 15962 Second Revision,ml,NOT_TRANSLATED,NEEDS_HUMAN_OR_MODEL_VALIDATION,AUXILIARY_ONLY
RV-V03-003700,MSV1-F7FC7303D172520B,IS 10101:2026,Information and Documentation International Standard Serial Number ISSN Fourth Revision,ml,NOT_TRANSLATED,NEEDS_HUMAN_OR_MODEL_VALIDATION,AUXILIARY_ONLY
RV-V03-003701,MSV1-0C8F73FCF04BA079,IS/ISO 30302:2022,Information and Documentation -” Management Systems for Records ”- Guidelines for Implementation (First Revision),ml,NOT_TRANSLATED,NEEDS_HUMAN_OR_MODEL_VALIDATION,AUXILIARY_ONLY
RV-V03-003702,MSV1-41BF4FB19061CE6C,IS 16602 (Part 1):2026,Information and documentation - RFID in libraries: Part 1 data elements and general guidelines for implementation,ml,NOT_TRANSLATED,NEEDS_HUMAN_OR_MODEL_VALIDATION,AUXILIARY_ONLY
RV-V03-003703,MSV1-CA6E26F3E88D0CBA,IS 19611 (Part 2):2026,Elastomeric Parts for Parenterals and for Devices for Pharmaceutical Use Part 2 Identification and Characterization,ml,NOT_TRANSLATED,NEEDS_HUMAN_OR_MODEL_VALIDATION,AUXILIARY_ONLY
RV-V03-003704,MSV1-ED0F5D88825A85A6,IS 19282 (Part 5):2026,Needle-Based Injection Systems for Medical Use — Requirements and Test Methods Part 5 Automated Functions,ml,NOT_TRANSLATED,NEEDS_HUMAN_OR_MODEL_VALIDATION,AUXILIARY_ONLY
RV-V03-003705,MSV1-1FD3C10F2A6ECC07,IS 19282 (Part 6):2026,Needle-Based Injection Systems for Medical Use — Requirements and Test Methods Part 6 On-body Delivery Systems,ml,NOT_TRANSLATED,NEEDS_HUMAN_OR_MODEL_VALIDATION,AUXILIARY_ONLY
RV-V03-003706,MSV1-1A534CD03A225087,IS 18292 (Part 8):2026,Intravascular Catheters — Sterile and Single-Use Catheters Part 8 Catheters for Extracorporeal Blood Treatment,ml,NOT_TRANSLATED,NEEDS_HUMAN_OR_MODEL_VALIDATION,AUXILIARY_ONLY
RV-V03-003707,MSV1-4EA687770980E447,IS 19489:2026,Non-active Surgical Implants Implants for Osteosynthesis Particular Requirements,ml,NOT_TRANSLATED,NEEDS_HUMAN_OR_MODEL_VALIDATION,AUXILIARY_ONLY
RV-V03-003708,MSV1-C262D10CC3C3E2CF,IS 19492 (Part 2):2026,Implants for Surgery Wear of Total Intervertebral Spinal Disc Prostheses Part 2 Nucleus Replacements,ml,NOT_TRANSLATED,NEEDS_HUMAN_OR_MODEL_VALIDATION,AUXILIARY_ONLY
RV-V03-003709,MSV1-A5A24E453F2A726A,IS 19613:2026,"Sterilization of health care products — Low temperature vaporized hydrogen peroxide — Requirements for the development, validation and routine control of a sterilization process for medical devices",ml,NOT_TRANSLATED,NEEDS_HUMAN_OR_MODEL_VALIDATION,AUXILIARY_ONLY
RV-V03-003710,MSV1-0DE216BA7279CA70,IS 19490 (Part 3):2026,Implants for Surgery Metal Intramedullary Nailing Systems Part 3 Connection Devices and Reamer Diameter Measurements,ml,NOT_TRANSLATED,NEEDS_HUMAN_OR_MODEL_VALIDATION,AUXILIARY_ONLY
RV-V03-003711,MSV1-813D89CB45837180,IS 19720:2026,Information and documentation — Presentation and identification of periodicals,ml,NOT_TRANSLATED,NEEDS_HUMAN_OR_MODEL_VALIDATION,AUXILIARY_ONLY
RV-V03-003712,MSV1-BB9FD86DEA65180F,IS 19693:2026,Full Immersion Bath Therapy —Code Of Practice,ml,NOT_TRANSLATED,NEEDS_HUMAN_OR_MODEL_VALIDATION,AUXILIARY_ONLY
RV-V03-003713,MSV1-49C5C8CE4C9EE864,IS 19669:2026,Enema Procedure - Code of Practice,ml,NOT_TRANSLATED,NEEDS_HUMAN_OR_MODEL_VALIDATION,AUXILIARY_ONLY
RV-V03-003714,MSV1-377FE3B4590FC6F2,IS 19686:2026,Full Mud Bath Therapy -Code of Practice,ml,NOT_TRANSLATED,NEEDS_HUMAN_OR_MODEL_VALIDATION,AUXILIARY_ONLY
RV-V03-003715,MSV1-DA6F4C1AAC45FB89,IS 7983:2026,Liquid Toilet Cleaner Hydrochloric Acid Based Specification Second Revision,ml,NOT_TRANSLATED,NEEDS_HUMAN_OR_MODEL_VALIDATION,AUXILIARY_ONLY
RV-V03-003716,MSV1-DEA0DE085C312CC2,IS 3008:2026,Brushes shoe blacking - Specification fifth revision,ml,NOT_TRANSLATED,NEEDS_HUMAN_OR_MODEL_VALIDATION,AUXILIARY_ONLY
RV-V03-003717,MSV1-5FA957C2ADB563C0,IS 3090:2026,Installation and Maintenance of Rolling Bearings — Code of Practice (First Revision),ml,NOT_TRANSLATED,NEEDS_HUMAN_OR_MODEL_VALIDATION,AUXILIARY_ONLY
RV-V03-003718,MSV1-3E70920DB3CFB033,IS 16137 (Part 1):2026,Automotive Vehicles — Methods of Measurement of Braking Coefficient of Road Surfaces Part 1 SRTT Method (First Revision),ml,NOT_TRANSLATED,NEEDS_HUMAN_OR_MODEL_VALIDATION,AUXILIARY_ONLY
RV-V03-003719,MSV1-849E1DB5E752EB83,IS 16605 (Part 1):2026,Rolling Bearings — Accessories Part 1 Adapter Sleeve Assemblies and Withdrawal Sleeves — Specification (First Revision),ml,NOT_TRANSLATED,NEEDS_HUMAN_OR_MODEL_VALIDATION,AUXILIARY_ONLY
RV-V03-003720,MSV1-3D00AE472DBBFBE7,IS 1434:2026,Counter Weighing Machines — Specification (First Revision),ml,NOT_TRANSLATED,NEEDS_HUMAN_OR_MODEL_VALIDATION,AUXILIARY_ONLY
RV-V03-003721,MSV1-3264D715FD106874,IS 3980:2026,Sintered Bearings — Specification (Second Revision),ml,NOT_TRANSLATED,NEEDS_HUMAN_OR_MODEL_VALIDATION,AUXILIARY_ONLY
RV-V03-003722,MSV1-2B42E054E494D15E,IS 3047:2026,Accuracy Requirements for Volumetric Container Filling Machines Used in Petroleum Trade ( First Revision ),ml,NOT_TRANSLATED,NEEDS_HUMAN_OR_MODEL_VALIDATION,AUXILIARY_ONLY
RV-V03-003723,MSV1-DC43203CB7DB7F84,IS/ISO 6621 (Part 5):2020,INTERNAL COMBUSTION ENGINES PISTON RINGS PART 5: QUALITY REQUIREMENTS,ml,NOT_TRANSLATED,NEEDS_HUMAN_OR_MODEL_VALIDATION,AUXILIARY_ONLY
RV-V03-003724,MSV1-16687A16A75E4629,IS 19596:2026,Textiles — Filled Jacket — Specification,ml,NOT_TRANSLATED,NEEDS_HUMAN_OR_MODEL_VALIDATION,AUXILIARY_ONLY
RV-V03-003725,MSV1-0C7B61F1170E1066,IS 19712:2026,Textiles - Determination of dimensional change of fabrics - Accelerated machine method,ml,NOT_TRANSLATED,NEEDS_HUMAN_OR_MODEL_VALIDATION,AUXILIARY_ONLY
RV-V03-003726,MSV1-D7C024A5B804E116,IS 19602:2026,Textiles — Peak Cap — Specification,ml,NOT_TRANSLATED,NEEDS_HUMAN_OR_MODEL_VALIDATION,AUXILIARY_ONLY
RV-V03-003727,MSV1-2724854C609CB5AB,IS 19695:2026,Petroleum and Liquid Petroleum Products — Calibration of Spherical Tanks — External Electro-Optical Distance-Ranging Method,ml,NOT_TRANSLATED,NEEDS_HUMAN_OR_MODEL_VALIDATION,AUXILIARY_ONLY
RV-V03-003728,MSV1-2DB7D8B6C172CDDE,IS 18305 (Part 3):2026,Performance Evaluation Protocol for Digital Fitting Systems Part 3: Digital Fitting Performance - Gap,ml,NOT_TRANSLATED,NEEDS_HUMAN_OR_MODEL_VALIDATION,AUXILIARY_ONLY
RV-V03-003729,MSV1-ECE5618620B723B0,IS/ISO 8559 (Part 4):2023,Size Designation of Clothes Part 4: Determination of the Coverage Ratios of Body Measurement Tables,ml,NOT_TRANSLATED,NEEDS_HUMAN_OR_MODEL_VALIDATION,AUXILIARY_ONLY
RV-V03-003730,MSV1-B28837895300CE6F,IS/ISO 8559 (Part 5):2023,Size Designation of Clothes Part 5 Anthropometric Measurements for the Head and Face,ml,NOT_TRANSLATED,NEEDS_HUMAN_OR_MODEL_VALIDATION,AUXILIARY_ONLY
RV-V03-003731,MSV1-F116BCFA96A2ED48,IS 228 (Part 26):2026,Methods for chemical analysis of steels: Part 26 Determination of nickel content — Flame atomic absorption spectrometric method,ml,NOT_TRANSLATED,NEEDS_HUMAN_OR_MODEL_VALIDATION,AUXILIARY_ONLY
RV-V03-003732,MSV1-BDC461C90AC603A5,IS 228 (Part 27):2026,Methods for Chemical Analysis of Steels Part 27 Determination of Silicon Content — Inductively Coupled Plasma Atomic Emission Spectrometric Method,ml,NOT_TRANSLATED,NEEDS_HUMAN_OR_MODEL_VALIDATION,AUXILIARY_ONLY
RV-V03-003733,MSV1-05AADE0A5E6956B5,IS 13063:2026,Design and Construction of Shallow Foundations on Rocks — Guidelines (First Revision),ml,NOT_TRANSLATED,NEEDS_HUMAN_OR_MODEL_VALIDATION,AUXILIARY_ONLY
RV-V03-003734,MSV1-1D4296C466BFDA57,IS 12608:2026,Determination of Rebound Hardness of Rock - Method of Test (First Revision),ml,NOT_TRANSLATED,NEEDS_HUMAN_OR_MODEL_VALIDATION,AUXILIARY_ONLY
RV-V03-003735,MSV1-B42C7BD02527C483,IS 5421:2026,Glossary of Terms Relating to Test Sieves and Test Sieving (Third Revision of IS 5421),ml,NOT_TRANSLATED,NEEDS_HUMAN_OR_MODEL_VALIDATION,AUXILIARY_ONLY
RV-V03-003736,MSV1-75088FC4E69D29EC,IS 2265:2026,Specification for galvanized steel wire strand for signaling purposes (First Revision),ml,NOT_TRANSLATED,NEEDS_HUMAN_OR_MODEL_VALIDATION,AUXILIARY_ONLY
RV-V03-003737,MSV1-EF822A1F33F7F77E,IS 19655 (Part 2):2026,Handmade Paper Board for File Covers and Folders — Specification (,ml,NOT_TRANSLATED,NEEDS_HUMAN_OR_MODEL_VALIDATION,AUXILIARY_ONLY
RV-V03-003738,MSV1-47A8401C55AA9597,IS 19511:2026,Ushba Smilax aristolociaefolia Mill dried root for use in Traditional Medicine Specification,ml,NOT_TRANSLATED,NEEDS_HUMAN_OR_MODEL_VALIDATION,AUXILIARY_ONLY
RV-V03-003739,MSV1-35B849799F578CEE,IS 19517 (Part 3):2026,"Eye and Face Protection — Sunglasses and Related Eyewear Part 3 Sunglasses for Running, Cycling and Similar Active Lifestyles",ml,NOT_TRANSLATED,NEEDS_HUMAN_OR_MODEL_VALIDATION,AUXILIARY_ONLY
RV-V03-003740,MSV1-DC40FD0C82DDCBF6,IS 19531:2026,Paper and board Determination of bending stiffness Resonance method,ml,NOT_TRANSLATED,NEEDS_HUMAN_OR_MODEL_VALIDATION,AUXILIARY_ONLY
RV-V03-003741,MSV1-907012C280BB7AF0,IS 19527 (Part 2):2026,Paper and board Determination of grease resistance Part 2: Surface repellency test,ml,NOT_TRANSLATED,NEEDS_HUMAN_OR_MODEL_VALIDATION,AUXILIARY_ONLY
RV-V03-003742,MSV1-DA188ABC8949A4BF,IS 19644:2026,Water Quality — Guidance and requirements for designing an interlaboratory trial for validation of analytical methods,ml,NOT_TRANSLATED,NEEDS_HUMAN_OR_MODEL_VALIDATION,AUXILIARY_ONLY
RV-V03-003743,MSV1-8A9FEB2880ED95FF,IS 6542:2026,HYGIENIC CONDITIONS FOR FRUIT AND VEGETABLE CANNING UNITS CODE OF PRACTICE,ml,NOT_TRANSLATED,NEEDS_HUMAN_OR_MODEL_VALIDATION,AUXILIARY_ONLY
RV-V03-003744,MSV1-4EA9B3FF5B3C0A03,IS 19611 (Part 5):2026,Elastomeric Parts for Parenterals and for Devices for Pharmaceutical Use Part 5 Functional Requirements and Testing,ml,NOT_TRANSLATED,NEEDS_HUMAN_OR_MODEL_VALIDATION,AUXILIARY_ONLY
RV-V03-003745,MSV1-228A026E660C7BE1,IS 19612:2026,Aluminium Caps and Aluminium/Plastic Caps for Infusion Bottles and Injection Vials — General Requirements and Test Methods,ml,NOT_TRANSLATED,NEEDS_HUMAN_OR_MODEL_VALIDATION,AUXILIARY_ONLY
RV-V03-003746,MSV1-0B9D139B4F15A83F,IS 19329 (Part 6):2026,Prefilled Syringes Part 6 Plastic Barrels for Injectables and Sterilized Subassembled Syringes Ready for Filling,ml,NOT_TRANSLATED,NEEDS_HUMAN_OR_MODEL_VALIDATION,AUXILIARY_ONLY
RV-V03-003747,MSV1-DBDF296A13C7FB2F,IS 19282 (Part 3):2026,Needle-Based Injection Systems for Medical Use — Requirements and Test Methods Part 3 Containers and Integrated Fluid Paths,ml,NOT_TRANSLATED,NEEDS_HUMAN_OR_MODEL_VALIDATION,AUXILIARY_ONLY
RV-V03-003748,MSV1-00879A6C36BB5B38,IS 19282 (Part 7):2026,Needle-Based Injection Systems for Medical Use — Requirements and Test Methods Part 7 Accessibility for Persons with Visual Impairment,ml,NOT_TRANSLATED,NEEDS_HUMAN_OR_MODEL_VALIDATION,AUXILIARY_ONLY
RV-V03-003749,MSV1-370D89561A9E15F8,IS 19690:2026,VIDEO AND DIGITAL GAMES – AGE-RATING AND CONTENT DESCRIPTOR LABELS – SPECIFICATIONS,ml,NOT_TRANSLATED,NEEDS_HUMAN_OR_MODEL_VALIDATION,AUXILIARY_ONLY
RV-V03-003750,MSV1-3593FA73A9F41FE8,IS 8181:2026,"Specification for repositor, Iris",ml,NOT_TRANSLATED,NEEDS_HUMAN_OR_MODEL_VALIDATION,AUXILIARY_ONLY
RV-V03-003751,MSV1-557CF03939E38739,IS 9378:2026,"Specification For Speculum, Eye, Castroviejo's Pattern (First Revision)",ml,NOT_TRANSLATED,NEEDS_HUMAN_OR_MODEL_VALIDATION,AUXILIARY_ONLY
RV-V03-003752,MSV1-4BC5CAC1ECDBDBDD,IS 8772:2026,"Specification For Needle Holder, Eye, Barraquer's Pattern(First Revision)",ml,NOT_TRANSLATED,NEEDS_HUMAN_OR_MODEL_VALIDATION,AUXILIARY_ONLY
RV-V03-003753,MSV1-C031EF0F03F00C0E,IS 19724 (Part 2):2026,Document Management Information Classification Marking and Handling Part 2: Functional and Technical Requirements for ICMH Solutions,ml,NOT_TRANSLATED,NEEDS_HUMAN_OR_MODEL_VALIDATION,AUXILIARY_ONLY
RV-V03-003754,MSV1-1EA83310E75202A6,IS 19714:2026,Information and Documentation - Paper for Documents - Requirements for Permanence,ml,NOT_TRANSLATED,NEEDS_HUMAN_OR_MODEL_VALIDATION,AUXILIARY_ONLY
RV-V03-003755,MSV1-57B2BD9021D06C76,IS 19716:2026,Information and Documentation - Archival Paper - Requirements for Permanence and Durability,ml,NOT_TRANSLATED,NEEDS_HUMAN_OR_MODEL_VALIDATION,AUXILIARY_ONLY
RV-V03-003756,MSV1-891D65C9051EB3F7,IS 19715:2026,Impact Assessment for Museums,ml,NOT_TRANSLATED,NEEDS_HUMAN_OR_MODEL_VALIDATION,AUXILIARY_ONLY
RV-V03-003757,MSV1-0B2AF497ABF621B9,IS 19677:2026,Security and Resilience — Guidelines for Complexity Assessment Process,ml,NOT_TRANSLATED,NEEDS_HUMAN_OR_MODEL_VALIDATION,AUXILIARY_ONLY
RV-V03-003758,MSV1-5ED84A370DF5A5AB,IS 19676:2026,"Security and Resilience – Authenticity, Integrity and Trust for Products and Documents — Guidelines for Interoperable Object Identification and Related Authentication Systems to Deter Counterfeiting and Illicit Trade",ml,NOT_TRANSLATED,NEEDS_HUMAN_OR_MODEL_VALIDATION,AUXILIARY_ONLY
RV-V03-003759,MSV1-D05E438A88E98B42,IS 19680:2026,"Security and Resilience – Authenticity, Integrity and Trust for Products and Documents — General Principles for Product Fraud Risk and Countermeasures",ml,NOT_TRANSLATED,NEEDS_HUMAN_OR_MODEL_VALIDATION,AUXILIARY_ONLY
RV-V03-003760,MSV1-157CFA4209394CE1,IS 19679:2026,"Security and Resilience – Authenticity, Integrity and Trust for Products and Documents — Guidelines for the Content, Security, Issuance and Examination of Excise Tax Stamps",ml,NOT_TRANSLATED,NEEDS_HUMAN_OR_MODEL_VALIDATION,AUXILIARY_ONLY
RV-V03-003761,MSV1-9851455CFBE2F20C,IS 19678:2026,"Security and Resilience – Authenticity, Integrity and Trust for Products and Documents — Validation Procedures for the Application of Artefact Metrics",ml,NOT_TRANSLATED,NEEDS_HUMAN_OR_MODEL_VALIDATION,AUXILIARY_ONLY
RV-V03-003762,MSV1-333F613675EECF89,IS 19717:2026,Document management applications Specification for a digital safe,ml,NOT_TRANSLATED,NEEDS_HUMAN_OR_MODEL_VALIDATION,AUXILIARY_ONLY
RV-V03-003763,MSV1-FD5033790355B36B,IS 19724 (Part 1):2026,"Document management — Information classification, marking and handling Part 1: Requirements",ml,NOT_TRANSLATED,NEEDS_HUMAN_OR_MODEL_VALIDATION,AUXILIARY_ONLY
RV-V03-003764,MSV1-64BA63545CC87060,IS 19721:2026,Application of blockchain-based traceability platform for cold chain food,ml,NOT_TRANSLATED,NEEDS_HUMAN_OR_MODEL_VALIDATION,AUXILIARY_ONLY
RV-V03-003765,MSV1-DE2C123DD5D32B92,IS 19718:2026,Information and documentation — Principles of identification,ml,NOT_TRANSLATED,NEEDS_HUMAN_OR_MODEL_VALIDATION,AUXILIARY_ONLY
RV-V03-003766,MSV1-6A6CC5DB5E9EAB3C,IS 19722:2026,Information and documentation — Papers and boards used for conservation — Measurement of impact of volatiles on cellulose in paper,ml,NOT_TRANSLATED,NEEDS_HUMAN_OR_MODEL_VALIDATION,AUXILIARY_ONLY
RV-V03-003767,MSV1-3777A7E9153EE0C5,IS 19719:2026,"Trusted mobile e-document framework — Requirements, functionality and criteria for ensuring reliable and safe mobile e-business",ml,NOT_TRANSLATED,NEEDS_HUMAN_OR_MODEL_VALIDATION,AUXILIARY_ONLY
RV-V03-003768,MSV1-D0D69762DA57EED4,IS 16194:2026,Information and documentation - International standard music number (ISMN) (First Revision),ml,NOT_TRANSLATED,NEEDS_HUMAN_OR_MODEL_VALIDATION,AUXILIARY_ONLY
RV-V03-003769,MSV1-E8E8A23BAE6E4AB6,IS 16789:2026,Information and documentation - Digital records conversion and migration process,ml,NOT_TRANSLATED,NEEDS_HUMAN_OR_MODEL_VALIDATION,AUXILIARY_ONLY
RV-V03-003770,MSV1-3805B12DAD7CDDD1,IS/ISO 14533 (Part 3):2025,Processes data elements and documents in commerce industry and administration- Long term signature profiles- Part 3: Long term signature profiles for PDF Advanced Electronic Signatures PAdES,ml,NOT_TRANSLATED,NEEDS_HUMAN_OR_MODEL_VALIDATION,AUXILIARY_ONLY
RV-V03-003771,MSV1-DF0816327EA1CB88,IS 18474 (Part 4):2026,"Transfusion Equipment for Medical Use Part 4 Transfusion Sets for Single Use, Gravity Feed",ml,NOT_TRANSLATED,NEEDS_HUMAN_OR_MODEL_VALIDATION,AUXILIARY_ONLY
RV-V03-003772,MSV1-8EE51FC53C52309D,IS 18294 (Part 1):2026,"Sterilization of Health Care Products — Radiation Part 1 Requirements for the Development, Validation and Routine Control of a Sterilization Process for Medical Devices",ml,NOT_TRANSLATED,NEEDS_HUMAN_OR_MODEL_VALIDATION,AUXILIARY_ONLY
RV-V03-003773,MSV1-219DADD8A923DC12,IS 18344 (Part 1):2026,"Washer-Disinfectors Part 1 General Requirements, Terms and Definitions and Tests",ml,NOT_TRANSLATED,NEEDS_HUMAN_OR_MODEL_VALIDATION,AUXILIARY_ONLY
RV-V03-003774,MSV1-A7757FC2454AC6A0,IS 18344 (Part 2):2026,Washer-Disinfectors Part 2 Requirements and Tests for Washer-Disinfectors Employing Thermal Disinfection for Critical and Semi-Critical Medical Devices,ml,NOT_TRANSLATED,NEEDS_HUMAN_OR_MODEL_VALIDATION,AUXILIARY_ONLY
RV-V03-003775,MSV1-E372E13027F75AA4,IS 18344 (Part 3):2026,Washer-Disinfectors Part 3 Requirements and Tests for Washer-Disinfectors Employing Thermal Disinfection for Human Waste Containers,ml,NOT_TRANSLATED,NEEDS_HUMAN_OR_MODEL_VALIDATION,AUXILIARY_ONLY
RV-V03-003776,MSV1-15DF588CF9E4C2C7,IS 1984 (Part 7):2026,Injection Containers and Accessories Part 7 Injection Caps Made of Aluminium-Plastics Combinations Without Overlapping Plastics Part,ml,NOT_TRANSLATED,NEEDS_HUMAN_OR_MODEL_VALIDATION,AUXILIARY_ONLY
RV-V03-003777,MSV1-F37186164001ABC6,IS 19611 (Part 1):2026,Elastomeric Parts for Parenterals and for Devices for Pharmaceutical Use Part 1 Extractables in Aqueous Autoclavates,ml,NOT_TRANSLATED,NEEDS_HUMAN_OR_MODEL_VALIDATION,AUXILIARY_ONLY
RV-V03-003778,MSV1-128F5A60C6D1FEC7,IS 19611 (Part 3):2026,Elastomeric Parts for Parenterals and for Devices for Pharmaceutical Use Part 3 Determination of Released-Particle Count,ml,NOT_TRANSLATED,NEEDS_HUMAN_OR_MODEL_VALIDATION,AUXILIARY_ONLY
RV-V03-003779,MSV1-F14B4D47546A711C,IS 19611 (Part 4):2026,Elastomeric Parts for Parenterals and for Devices for Pharmaceutical Use Part 4 Biological Requirements and Test Methods,ml,NOT_TRANSLATED,NEEDS_HUMAN_OR_MODEL_VALIDATION,AUXILIARY_ONLY
RV-V03-003780,MSV1-76E29E99D1B833ED,IS 19329 (Part 7):2026,Prefilled Syringes Part 7 Packaging Systems for Sterilized Subassembled Syringes Ready for Filling,ml,NOT_TRANSLATED,NEEDS_HUMAN_OR_MODEL_VALIDATION,AUXILIARY_ONLY
RV-V03-003781,MSV1-037ECE5F843B2116,IS 19329 (Part 8):2026,Prefilled Syringes Part 8 Requirements and Test Methods for Finished Prefilled Syringes,ml,NOT_TRANSLATED,NEEDS_HUMAN_OR_MODEL_VALIDATION,AUXILIARY_ONLY
RV-V03-003782,MSV1-913A992DEAA6550B,IS 19282 (Part 4):2026,Needle-Based Injection Systems for Medical Use — Requirements and Test Methods Part 4 Needle-Based Injection Systems Containing Electronics,ml,NOT_TRANSLATED,NEEDS_HUMAN_OR_MODEL_VALIDATION,AUXILIARY_ONLY
RV-V03-003783,MSV1-1C2E401FA22707C5,IS 18474 (Part 5):2026,Transfusion Equipment for Medical Use Part 5 Transfusion Sets for Single Use with Pressure Infusion Apparatus (First Revision),ml,NOT_TRANSLATED,NEEDS_HUMAN_OR_MODEL_VALIDATION,AUXILIARY_ONLY
RV-V03-003784,MSV1-B411C3F781F20C34,IS 18879 (Part 6):2026,Infusion Equipment for Medical Use Part 6 Freeze Drying Closures for Infusion Bottles (First Revision),ml,NOT_TRANSLATED,NEEDS_HUMAN_OR_MODEL_VALIDATION,AUXILIARY_ONLY
RV-V03-003785,MSV1-D842226166CD0C93,IS 18879 (Part 13):2026,Infusion Equipment for Medical Use Part 13 Graduated Flow Regulators for Single Use with Fluid Contact (First Revision),ml,NOT_TRANSLATED,NEEDS_HUMAN_OR_MODEL_VALIDATION,AUXILIARY_ONLY
RV-V03-003786,MSV1-4EF9BC47D74FDE78,IS 19594:2026,Textiles — Woven Trouser — Specification,ml,NOT_TRANSLATED,NEEDS_HUMAN_OR_MODEL_VALIDATION,AUXILIARY_ONLY
RV-V03-003787,MSV1-2E7D4E362401712E,IS 19656:2026,TEXTILES — GREIGE AND DIPPED POLYESTER TYRE CORD FABRIC FOR AUTOMOTIVE TYRES — SPECIFICATION,ml,NOT_TRANSLATED,NEEDS_HUMAN_OR_MODEL_VALIDATION,AUXILIARY_ONLY
RV-V03-003788,MSV1-51B0ACACFA8402E8,IS 19593:2026,Textiles — Woven Shirt — Specification,ml,NOT_TRANSLATED,NEEDS_HUMAN_OR_MODEL_VALIDATION,AUXILIARY_ONLY
RV-V03-003789,MSV1-62D9774C382F649C,IS 19725:2026,Assembly Tools for Screws and Nuts Single-Head Engineers Wrenches for Lower Torque Applications Maximum Outside Dimensions of Heads and Test Torques,ml,NOT_TRANSLATED,NEEDS_HUMAN_OR_MODEL_VALIDATION,AUXILIARY_ONLY
RV-V03-003790,MSV1-66E9ED0BBC1B3010,IS 19662:2026,Textiles — Field Service Cap — Specification,ml,NOT_TRANSLATED,NEEDS_HUMAN_OR_MODEL_VALIDATION,AUXILIARY_ONLY
RV-V03-003791,MSV1-49954C68A703A6FC,IS 19713:2026,Plain bearings — Handling of plain bearings,ml,NOT_TRANSLATED,NEEDS_HUMAN_OR_MODEL_VALIDATION,AUXILIARY_ONLY
RV-V03-003792,MSV1-4BCAE7052A937499,IS 19709:2026,Plain bearings — Sintered bushes — Dimensions and tolerances,ml,NOT_TRANSLATED,NEEDS_HUMAN_OR_MODEL_VALIDATION,AUXILIARY_ONLY
RV-V03-003793,MSV1-5D5149950F6E6A83,IS 7163:2026,Potassium Iodide Pure and Analytical Reagent - Specification (Second Revision),ml,NOT_TRANSLATED,NEEDS_HUMAN_OR_MODEL_VALIDATION,AUXILIARY_ONLY
RV-V03-003794,MSV1-9F1F37CA52D0C385,IS 5191:2026,"Sodium alginate, food grade - Specification (second revision)",ml,NOT_TRANSLATED,NEEDS_HUMAN_OR_MODEL_VALIDATION,AUXILIARY_ONLY
RV-V03-003795,MSV1-809769A3FE04DEDB,IS 2557:2026,Annatto colour for food products - Specification (second revision),ml,NOT_TRANSLATED,NEEDS_HUMAN_OR_MODEL_VALIDATION,AUXILIARY_ONLY
RV-V03-003796,MSV1-FFA4EB4836728A28,IS 8153:2026,SENSORY EVALUATION OF FRESH AND FRESH-CUT FRUITS METHOD OF TEST,ml,NOT_TRANSLATED,NEEDS_HUMAN_OR_MODEL_VALIDATION,AUXILIARY_ONLY
RV-V03-003797,MSV1-FBFA5C9B4B039352,IS 868:2026,SEALING WAX SPECIFICATION,ml,NOT_TRANSLATED,NEEDS_HUMAN_OR_MODEL_VALIDATION,AUXILIARY_ONLY
RV-V03-003798,MSV1-9BD440287327CDC3,IS 8497:2026,Paraquat dichloride water soluble concentrate - Specification (second revision),ml,NOT_TRANSLATED,NEEDS_HUMAN_OR_MODEL_VALIDATION,AUXILIARY_ONLY
RV-V03-003799,MSV1-33CAFE08B4044246,IS 9358:2026,Triallate emulsifiable concentrate EC - Specification first revision,ml,NOT_TRANSLATED,NEEDS_HUMAN_OR_MODEL_VALIDATION,AUXILIARY_ONLY
RV-V03-003800,MSV1-CA905C620C001EFF,IS 13454:2026,Pirimiphos-methyl wettable powder WP Specification first revision,ml,NOT_TRANSLATED,NEEDS_HUMAN_OR_MODEL_VALIDATION,AUXILIARY_ONLY
RV-V03-003801,MSV1-7CCFE09B7D7E20D6,IS 13456:2026,Pirimiphos methyl space spray - Specification (first revision),ml,NOT_TRANSLATED,NEEDS_HUMAN_OR_MODEL_VALIDATION,AUXILIARY_ONLY
RV-V03-003802,MSV1-98D73D9C478FC14E,IS 13328:2026,"Triadimefon, technical - Specification (first revision)",ml,NOT_TRANSLATED,NEEDS_HUMAN_OR_MODEL_VALIDATION,AUXILIARY_ONLY
RV-V03-003803,MSV1-E28AF495F52B9B5A,IS 13785:2026,Dodine wettable powder (WP) - Specification (first revision),ml,NOT_TRANSLATED,NEEDS_HUMAN_OR_MODEL_VALIDATION,AUXILIARY_ONLY
RV-V03-003804,MSV1-F8F0D3D381F222EB,IS 14549:2026,"Hexaconazole, technical - Specification (first revision)",ml,NOT_TRANSLATED,NEEDS_HUMAN_OR_MODEL_VALIDATION,AUXILIARY_ONLY
RV-V03-003805,MSV1-2C25D1AD9355736A,IS 3387:2026,Manual Toothbrush — Specification (Third Revision),ml,NOT_TRANSLATED,NEEDS_HUMAN_OR_MODEL_VALIDATION,AUXILIARY_ONLY
RV-V03-003806,MSV1-730B581DA2F8015B,IS 7415:2026,Aniline — Code of Safety (First Revision),ml,NOT_TRANSLATED,NEEDS_HUMAN_OR_MODEL_VALIDATION,AUXILIARY_ONLY
RV-V03-003807,MSV1-4F216B753C024E55,IS 1312:2026,Methyl bromide - Specification (third revision),ml,NOT_TRANSLATED,NEEDS_HUMAN_OR_MODEL_VALIDATION,AUXILIARY_ONLY
RV-V03-003808,MSV1-7910FC09467F82BD,IS 19562:2026,Maize or Corn Silage as Livestock Fodder — Specification,ml,NOT_TRANSLATED,NEEDS_HUMAN_OR_MODEL_VALIDATION,AUXILIARY_ONLY
RV-V03-003809,MSV1-3A31590A28F64ED1,IS 19575:2026,"Efficiency Assessment of Anion Exchange Membrane, Proton Exchange Membrane and Alkaline Water Electrolysers",ml,NOT_TRANSLATED,NEEDS_HUMAN_OR_MODEL_VALIDATION,AUXILIARY_ONLY
RV-V03-003810,MSV1-EA336E2227255149,IS 19522:2026,Safety Harness for Child to be Carried on Two Wheelers Specifications,ml,NOT_TRANSLATED,NEEDS_HUMAN_OR_MODEL_VALIDATION,AUXILIARY_ONLY
RV-V03-003811,MSV1-54BADE09309286FF,IS 19561:2026,Sodium Cyanide — Code of Safety,ml,NOT_TRANSLATED,NEEDS_HUMAN_OR_MODEL_VALIDATION,AUXILIARY_ONLY
RV-V03-003812,MSV1-B38408FF54461A0F,IS 14700 (Part 1/Sec 1):2026,Electromagnetic Compatibility EMC Part 1: General Section 1: Application and Interpretation of Fundamental Definitions and Terms First Revision,ml,NOT_TRANSLATED,NEEDS_HUMAN_OR_MODEL_VALIDATION,AUXILIARY_ONLY
RV-V03-003813,MSV1-792A091DEA2CEC79,IS 14700 (Part 4/Sec 6):2026,Electromagnetic Compatibility EMC Part 4: Testing and Measurement Techniques Section 6: Immunity to Conducted Disturbances Induced by Radio-Frequency Fields First Revision,ml,NOT_TRANSLATED,NEEDS_HUMAN_OR_MODEL_VALIDATION,AUXILIARY_ONLY
RV-V03-003814,MSV1-DE3C320AE33C5413,IS 4569 (Part 4):2026,"Specification For Scissors, Eye Part 4 Scissors,Enucleation (Second Revision)",ml,NOT_TRANSLATED,NEEDS_HUMAN_OR_MODEL_VALIDATION,AUXILIARY_ONLY
RV-V03-003815,MSV1-D05552B7EA0BA204,IS 4569 (Part 6):2026,"Specification For Scissors, Eye Part 6 Scissors, Iris (Second Revision)",ml,NOT_TRANSLATED,NEEDS_HUMAN_OR_MODEL_VALIDATION,AUXILIARY_ONLY
RV-V03-003816,MSV1-F6AD0E59C4CBEF5D,IS 14700 (Part 5/Sec 1):2026,Electromagnetic Compatibility EMC Part 5: Installation and Mitigation Guidelines Section 1: General Considerations,ml,NOT_TRANSLATED,NEEDS_HUMAN_OR_MODEL_VALIDATION,AUXILIARY_ONLY
RV-V03-003817,MSV1-BCB277EF8E4090E4,IS 15040:2026,Vehicles Boats and Internal Combustion Engines - Radio Disturbance Characteristics Limits and Methods of Measurement for the Protection of On-Board Receivers,ml,NOT_TRANSLATED,NEEDS_HUMAN_OR_MODEL_VALIDATION,AUXILIARY_ONLY
RV-V03-003818,MSV1-8B2B937ACB9EE9BA,IS/IEc 62232:2022,Determination of RF field strength power density and SAR in the vicinity of base stations for the purpose of evaluating human exposure,ml,NOT_TRANSLATED,NEEDS_HUMAN_OR_MODEL_VALIDATION,AUXILIARY_ONLY
RV-V03-003819,MSV1-31B96513885EC906,IS/IEc IEEE 63195 (Part 2):2022,Assessment of Power Density of Human Exposure to Radio Frequency Fields from Wireless Devices in Close Proximity to the Head and Body Frequency Range of 6 Ghz to 300 Ghz Part 2 Computational Procedure,ml,NOT_TRANSLATED,NEEDS_HUMAN_OR_MODEL_VALIDATION,AUXILIARY_ONLY
RV-V03-003820,MSV1-EC72C2AFE9F3AFA8,IS 19691:2026,Lighting systems Characteristics for selected outdoor applications,ml,NOT_TRANSLATED,NEEDS_HUMAN_OR_MODEL_VALIDATION,AUXILIARY_ONLY
RV-V03-003821,MSV1-2CACC330A2421022,IS 19490 (Part 2):2026,Implants for Surgery Metal Intramedullary Nailing Systems Part 2 Locking Components,ml,NOT_TRANSLATED,NEEDS_HUMAN_OR_MODEL_VALIDATION,AUXILIARY_ONLY
RV-V03-003822,MSV1-BB870C936BC2F403,IS 9471 (Part 2):2026,Specification for Modular Lower Limb Orthotic Components Part 2 Stirrups Split First Revision,ml,NOT_TRANSLATED,NEEDS_HUMAN_OR_MODEL_VALIDATION,AUXILIARY_ONLY
RV-V03-003823,MSV1-0AD3F17C5AFB1B07,IS 6584:2026,Single-ended Hegars Pattern Uterine Dilators Specification First Revision of IS 6584,ml,NOT_TRANSLATED,NEEDS_HUMAN_OR_MODEL_VALIDATION,AUXILIARY_ONLY
RV-V03-003824,MSV1-06748A884B356198,IS/IEC 61124:2023,Reliability Testing Compliance Tests for Constant Failure Rate and Constant Failure Intensity First Revision,ml,NOT_TRANSLATED,NEEDS_HUMAN_OR_MODEL_VALIDATION,AUXILIARY_ONLY
RV-V03-003825,MSV1-B9FD19D114F8973B,IS/IEC 62506:2023,Methods for Product Accelerated Testing First Revision,ml,NOT_TRANSLATED,NEEDS_HUMAN_OR_MODEL_VALIDATION,AUXILIARY_ONLY
RV-V03-003826,MSV1-0ED101370E8EABC3,IS 19330:2026,Formaldehyde Dosimeter - Specification,ml,NOT_TRANSLATED,NEEDS_HUMAN_OR_MODEL_VALIDATION,AUXILIARY_ONLY
RV-V03-003827,MSV1-8B7CC053B46BA0D3,IS/ISO 22739:2026,Blockchain and Distributed Ledger Technologies — Vocabulary (First Revision),ml,NOT_TRANSLATED,NEEDS_HUMAN_OR_MODEL_VALIDATION,AUXILIARY_ONLY
RV-V03-003828,MSV1-D0D75732BE28829A,IS/ISO 23644:2023,Blockchain and Distributed Ledger Technologies (DLTs) - Overview of Trust Anchors for DLT-Based Identity Management,ml,NOT_TRANSLATED,NEEDS_HUMAN_OR_MODEL_VALIDATION,AUXILIARY_ONLY
RV-V03-003829,MSV1-82A836660DAD7670,IS 19496:2026,Dentistry Refractory Investment and Die Material,ml,NOT_TRANSLATED,NEEDS_HUMAN_OR_MODEL_VALIDATION,AUXILIARY_ONLY
RV-V03-003830,MSV1-6D579B8A3310AFEA,IS 19610:2026,TRANSPORTATION OF CLOSED BODY VEHICLES GUIDELINES,ml,NOT_TRANSLATED,NEEDS_HUMAN_OR_MODEL_VALIDATION,AUXILIARY_ONLY
RV-V03-003831,MSV1-B9BBE7BB2A3E0C63,IS 19674:2026,Financial services — Third-party payment service providers,ml,NOT_TRANSLATED,NEEDS_HUMAN_OR_MODEL_VALIDATION,AUXILIARY_ONLY
RV-V03-003832,MSV1-9679D363E02CF6A6,IS 19673:2026,Financial services — Security information for PKI in blockchain and DLT implementations,ml,NOT_TRANSLATED,NEEDS_HUMAN_OR_MODEL_VALIDATION,AUXILIARY_ONLY
RV-V03-003833,MSV1-0446CF8193E78AA9,IS 19696:2026,Requirements and Recommendations for Food Traceability in Cold Chain Logistics,ml,NOT_TRANSLATED,NEEDS_HUMAN_OR_MODEL_VALIDATION,AUXILIARY_ONLY
RV-V03-003834,MSV1-970C54840FF67FFE,IS 15474 (Part 1):2026,Dependability Management Part 1: Managing Dependability First Revision,ml,NOT_TRANSLATED,NEEDS_HUMAN_OR_MODEL_VALIDATION,AUXILIARY_ONLY
RV-V03-003835,MSV1-855BF0099DADB6CF,IS 15474 (Part 3/Sec 14):2026,Dependability Management Part 3: Application Guide Section 14: Supportability and Support (First Revision),ml,NOT_TRANSLATED,NEEDS_HUMAN_OR_MODEL_VALIDATION,AUXILIARY_ONLY
RV-V03-003836,MSV1-BB9158F772D49F6B,IS/ISO/IEC 24759:2025,Information security cybersecurity and privacy protection Test requirements for cryptographic modules First Revision,ml,NOT_TRANSLATED,NEEDS_HUMAN_OR_MODEL_VALIDATION,AUXILIARY_ONLY
RV-V03-003837,MSV1-0F899B321E5C4A47,IS/ISO/IEC 18004:2024,Information Technology Automatic Identification and Data Capture Techniques QR Code Bar Code Symbology Specification First Revision,ml,NOT_TRANSLATED,NEEDS_HUMAN_OR_MODEL_VALIDATION,AUXILIARY_ONLY
RV-V03-003838,MSV1-204D353D260327B6,IS 14202 (Part 8):2026,Identification Cards Integrated Circuit Cards Part 8 Commands and Mechanisms for Security Operations Second Revision,ml,NOT_TRANSLATED,NEEDS_HUMAN_OR_MODEL_VALIDATION,AUXILIARY_ONLY
RV-V03-003839,MSV1-AF96055E5DC65BA9,IS 14202 (Part 11):2026,Identification Cards Integrated Circuit Cards Part 11 Personal Verification through Biometric Methods Second Revision,ml,NOT_TRANSLATED,NEEDS_HUMAN_OR_MODEL_VALIDATION,AUXILIARY_ONLY
RV-V03-003840,MSV1-B4BB6533B4F5AE87,IS/IEC/IEE 63195 (Part 1):2022,Assessment of Power Density of Human Exposure to Radio Frequency Fields from Wireless Devices in Close Proximity to the Head and Body Frequency Range of 6 Ghz to 300 Ghz Part 1: Measurement Procedure,ml,NOT_TRANSLATED,NEEDS_HUMAN_OR_MODEL_VALIDATION,AUXILIARY_ONLY
RV-V03-003841,MSV1-CDE6DBBEC5070444,IS/ISO/IECTR 10822 (Part 1):2025,Cloud computing — Multi-Cloud management Part 1: Overview and use cases,ml,NOT_TRANSLATED,NEEDS_HUMAN_OR_MODEL_VALIDATION,AUXILIARY_ONLY
RV-V03-003842,MSV1-EBE24F4E4FFE324F,IS/ISO/IEC 22237 (Part 2):2024,Information technology — Data centre facilities and infrastructures Part 2: Building construction,ml,NOT_TRANSLATED,NEEDS_HUMAN_OR_MODEL_VALIDATION,AUXILIARY_ONLY
RV-V03-003843,MSV1-1F11C0AD0EADA59A,IS/ISO/IEC 22237 (Part 6):2024,Information technology — Data centre facilities and infrastructuresPart 6: Security systems,ml,NOT_TRANSLATED,NEEDS_HUMAN_OR_MODEL_VALIDATION,AUXILIARY_ONLY
RV-V03-003844,MSV1-43A85FA152E6C1F9,IS 14231 (Part 10):2026,Cable Distribution System for Television and Sound Signals Part 10: Optical Equipment Consumption First Revision,ml,NOT_TRANSLATED,NEEDS_HUMAN_OR_MODEL_VALIDATION,AUXILIARY_ONLY
RV-V03-003845,MSV1-E194740E6309322D,IS/IEC 62623:2022,Desktop and Notebook Computers Measurement of Energy Consumption First Revision,ml,NOT_TRANSLATED,NEEDS_HUMAN_OR_MODEL_VALIDATION,AUXILIARY_ONLY
RV-V03-003846,MSV1-E71967B80466CA7D,IS/IEC 62087 (Part 3):2023,Audio Video and Related Equipment- Determination of Power Consumption Part 3: Television Sets First Revision,ml,NOT_TRANSLATED,NEEDS_HUMAN_OR_MODEL_VALIDATION,AUXILIARY_ONLY
RV-V03-003847,MSV1-01312BDEA76B49D6,IS 19529:2026,MAINTENANCE AND REPAIR SERVICES REQUIREMENTS,ml,NOT_TRANSLATED,NEEDS_HUMAN_OR_MODEL_VALIDATION,AUXILIARY_ONLY
RV-V03-003848,MSV1-C361C8E57FDB3CDB,IS 19671:2026,Financial services Code-scanning payment security,ml,NOT_TRANSLATED,NEEDS_HUMAN_OR_MODEL_VALIDATION,AUXILIARY_ONLY
RV-V03-003849,MSV1-A04EBA9D4C6BB8CE,IS 19672:2026,Security aspects for digital currencies,ml,NOT_TRANSLATED,NEEDS_HUMAN_OR_MODEL_VALIDATION,AUXILIARY_ONLY
RV-V03-003850,MSV1-FF705639E18AFA4F,IS 19670:2026,Financial services — Biometrics — Security framework,ml,NOT_TRANSLATED,NEEDS_HUMAN_OR_MODEL_VALIDATION,AUXILIARY_ONLY
RV-V03-003851,MSV1-0A706A7218C4A6E8,IS 4387:2026,Uneven Bars used in Gymnastics -- Specifications ( First Revision ),ml,NOT_TRANSLATED,NEEDS_HUMAN_OR_MODEL_VALIDATION,AUXILIARY_ONLY
RV-V03-003852,MSV1-616705751FAA0F8E,IS 6078:2026,"Pliers and nippers — Engineers and Linemans pliers — Dimensions and test values (ISO 5746 : 2021, MOD) ( Fourth Revision )",ml,NOT_TRANSLATED,NEEDS_HUMAN_OR_MODEL_VALIDATION,AUXILIARY_ONLY
RV-V03-003853,MSV1-A55A41F1559FF105,IS 19537:2026,Hydraulic Torque Wrench — Specification,ml,NOT_TRANSLATED,NEEDS_HUMAN_OR_MODEL_VALIDATION,AUXILIARY_ONLY
RV-V03-003854,MSV1-03364F49FF315D04,IS 19708:2026,Graphical Symbols - Safety Colours and Safety Signs - Guidance for the Development and use of a Safety Signing System,ml,NOT_TRANSLATED,NEEDS_HUMAN_OR_MODEL_VALIDATION,AUXILIARY_ONLY
RV-V03-003855,MSV1-FFE942A60A38872B,IS 19705:2026,Spanners and Wrenches — Spline Drive ends for Power Socket Wrenches,ml,NOT_TRANSLATED,NEEDS_HUMAN_OR_MODEL_VALIDATION,AUXILIARY_ONLY
RV-V03-003856,MSV1-D10E7D2DDF97A0F2,IS 5643:2026,Tobacco and Tobacco Products — Methods of Test (Fourth Revision),ml,NOT_TRANSLATED,NEEDS_HUMAN_OR_MODEL_VALIDATION,AUXILIARY_ONLY
RV-V03-003857,MSV1-790CD656D9F25C3C,IS 13080:2026,Pirimiphos-methyl technical - Specification first revision,ml,NOT_TRANSLATED,NEEDS_HUMAN_OR_MODEL_VALIDATION,AUXILIARY_ONLY
RV-V03-003858,MSV1-7775397BB3EAA657,IS 13097:2026,Fluvalinate technical - Specification (first revision),ml,NOT_TRANSLATED,NEEDS_HUMAN_OR_MODEL_VALIDATION,AUXILIARY_ONLY
RV-V03-003859,MSV1-811AC425605A5D19,IS 13784:2026,"Dodine, technical - Specification (first revision)",ml,NOT_TRANSLATED,NEEDS_HUMAN_OR_MODEL_VALIDATION,AUXILIARY_ONLY
RV-V03-003860,MSV1-9D7588C4D73FC376,IS 13403:2026,Anilophos emulsifiable concentrate (EC) - Specification (first revision),ml,NOT_TRANSLATED,NEEDS_HUMAN_OR_MODEL_VALIDATION,AUXILIARY_ONLY
RV-V03-003861,MSV1-CF90953F49A30599,IS 14300:2026,Neem based EC containing azadirachtin - Specification (first revision),ml,NOT_TRANSLATED,NEEDS_HUMAN_OR_MODEL_VALIDATION,AUXILIARY_ONLY
RV-V03-003862,MSV1-F037E59FF272F2C4,IS 15465:2026,Gases and gas mixtures Determination of fire potential and oxidizing ability for the selection of cylinder valve outlets (Second Revision),ml,NOT_TRANSLATED,NEEDS_HUMAN_OR_MODEL_VALIDATION,AUXILIARY_ONLY
RV-V03-003863,MSV1-576C0294AB80E3AC,IS 12496:2026,Photography Industrial radiographic films roll and sheet and metal intensifying screens Dimensions First Revision,ml,NOT_TRANSLATED,NEEDS_HUMAN_OR_MODEL_VALIDATION,AUXILIARY_ONLY
RV-V03-003864,MSV1-C8F477418AAF3D3D,IS 10396:2026,Imaging materials Photographic film and paper Determination of curl (First Revision),ml,NOT_TRANSLATED,NEEDS_HUMAN_OR_MODEL_VALIDATION,AUXILIARY_ONLY
RV-V03-003865,MSV1-82F7E3132DB2A4F0,IS 10419:2026,Imaging materials Photographic films and papers Wedge test for brittleness (First Revision),ml,NOT_TRANSLATED,NEEDS_HUMAN_OR_MODEL_VALIDATION,AUXILIARY_ONLY
RV-V03-003866,MSV1-A756753FAC5BA03F,IS 565:2026,DDT water dispersible powder concentrate - Specification (fourth revision),ml,NOT_TRANSLATED,NEEDS_HUMAN_OR_MODEL_VALIDATION,AUXILIARY_ONLY
RV-V03-003867,MSV1-C39B8D4F00EF904D,IS 19515:2026,Spiral Separator — Specification and Test code,ml,NOT_TRANSLATED,NEEDS_HUMAN_OR_MODEL_VALIDATION,AUXILIARY_ONLY
RV-V03-003868,MSV1-8445E95732DAF6BD,IS 19589:2026,Plant Layout and Optimal Process for Production of Biomass Pellets — Guidelines,ml,NOT_TRANSLATED,NEEDS_HUMAN_OR_MODEL_VALIDATION,AUXILIARY_ONLY
RV-V03-003869,MSV1-1B60D81DE123D8E9,IS 19588:2026,Biomass Shredder — Specification and Test Code,ml,NOT_TRANSLATED,NEEDS_HUMAN_OR_MODEL_VALIDATION,AUXILIARY_ONLY
RV-V03-003870,MSV1-72E02AEE944E2243,IS 19587:2026,Biomass Hammer Mill — Specification and Test Code,ml,NOT_TRANSLATED,NEEDS_HUMAN_OR_MODEL_VALIDATION,AUXILIARY_ONLY
RV-V03-003871,MSV1-692F4E0ECD85BD66,IS 19590:2026,Biomass Pelletiser — Ring Die Type — Specification and Test Code,ml,NOT_TRANSLATED,NEEDS_HUMAN_OR_MODEL_VALIDATION,AUXILIARY_ONLY
RV-V03-003872,MSV1-90543A17E45A3B58,IS 19586:2026,Biomass Pelletiser — Crank-Piston-Cylinder Type — Specification and Test Code,ml,NOT_TRANSLATED,NEEDS_HUMAN_OR_MODEL_VALIDATION,AUXILIARY_ONLY
RV-V03-003873,MSV1-9AA5E1FF30E5A32C,IS 19527 (Part 3):2026,Paper and board Determination of grease resistance Part 3: Turpentine test for voids in glassine and greaseproof papers,ml,NOT_TRANSLATED,NEEDS_HUMAN_OR_MODEL_VALIDATION,AUXILIARY_ONLY
RV-V03-003874,MSV1-047FCAF47000AFD7,IS 1060 (Part 5/Sec 22):2026,Method of Sampling and Test for Paper and Allied Products Part 5 Method of Test for Paper and Board Section 22 Determination of roughness smoothness Air leak methods - Oken method,ml,NOT_TRANSLATED,NEEDS_HUMAN_OR_MODEL_VALIDATION,AUXILIARY_ONLY
RV-V03-003875,MSV1-D7F7E55D3CF36380,IS 19582:2026,"Vegetable fats and oils — Determination of aflatoxins B1, B2, G1 and G2 by immunoaffinity column clean-up and high-performance liquid chromatography",ml,NOT_TRANSLATED,NEEDS_HUMAN_OR_MODEL_VALIDATION,AUXILIARY_ONLY
RV-V03-003876,MSV1-01F4BC12258A19AC,IS 11282:2026,LABORATORY POT-GRATE SINTERING TESTS FOR IRON ORE FINES - GUIDELINES,ml,NOT_TRANSLATED,NEEDS_HUMAN_OR_MODEL_VALIDATION,AUXILIARY_ONLY
RV-V03-003877,MSV1-AD7C0E40FFFF089B,IS 12783:2026,HARDMETALS- VICKERS HARDNESS TEST ( First Revision ),ml,NOT_TRANSLATED,NEEDS_HUMAN_OR_MODEL_VALIDATION,AUXILIARY_ONLY
RV-V03-003878,MSV1-A09ECE2C7ADB148F,IS 13159 (Part 1):2026,Pipe Flanges and Flanged Fittings — Code of Practice (First Revision),ml,NOT_TRANSLATED,NEEDS_HUMAN_OR_MODEL_VALIDATION,AUXILIARY_ONLY
RV-V03-003879,MSV1-4D48634A12E63B0C,IS 4090:2026,Criteria for the design of reinforced concrete arches,ml,NOT_TRANSLATED,NEEDS_HUMAN_OR_MODEL_VALIDATION,AUXILIARY_ONLY
RV-V03-003880,MSV1-34B4EB2F7231B07D,IS 7506:2026,NICKEL POWDER FOR HEAVY ALLOYS AND HARD METALS - SPECIFICATION Second Revision,ml,NOT_TRANSLATED,NEEDS_HUMAN_OR_MODEL_VALIDATION,AUXILIARY_ONLY
RV-V03-003881,MSV1-A38B584DBDF188F3,IS 14795:2026,Iron Ore Pellets for Shaft Direct-reduction Feedstocks - Determination of the Clustering Index,ml,NOT_TRANSLATED,NEEDS_HUMAN_OR_MODEL_VALIDATION,AUXILIARY_ONLY
RV-V03-003882,MSV1-3326C80808711EF1,IS 17175 (Part 2):2026,Steel Measurement Method for the Evaluation of Hydrogen Embrittlement Resistance of High-Strength Steels Part 2: Slow Strain Rate Test,ml,NOT_TRANSLATED,NEEDS_HUMAN_OR_MODEL_VALIDATION,AUXILIARY_ONLY
RV-V03-003883,MSV1-EB0BA09C76100F92,IS 6882:2026 P,Platinum Electrodes - Specification (First Revision),ml,NOT_TRANSLATED,NEEDS_HUMAN_OR_MODEL_VALIDATION,AUXILIARY_ONLY
RV-V03-003884,MSV1-76E3B649DBBDABEB,IS 19411:2026,GLOSSARY OF TERMS RELATED TO COASTAL ENGINEERING,ml,NOT_TRANSLATED,NEEDS_HUMAN_OR_MODEL_VALIDATION,AUXILIARY_ONLY
RV-V03-003885,MSV1-EBE270D66E4F2938,IS 19657:2026,Microbeam analysis Scanning electron microscopy Guidelines for calibrating image magnification,ml,NOT_TRANSLATED,NEEDS_HUMAN_OR_MODEL_VALIDATION,AUXILIARY_ONLY
RV-V03-003886,MSV1-71B652294131B92F,IS 19555:2026,Acoustics — Determination of Sound Power Levels and Sound Energy Levels of Noise Sources using Sound Pressure — Engineering Methods for an Essentially Free Field over a Reflecting Plane,ml,NOT_TRANSLATED,NEEDS_HUMAN_OR_MODEL_VALIDATION,AUXILIARY_ONLY
RV-V03-003887,MSV1-050FF8EAFC43CF7E,IS 19580:2026,Iron ore and direct reduced iron - Vocabulary,ml,NOT_TRANSLATED,NEEDS_HUMAN_OR_MODEL_VALIDATION,AUXILIARY_ONLY
RV-V03-003888,MSV1-46FB9F7A6485F2D3,IS 13218 (Part 1):2026,PROFORMA FOR REPORTING PROGRESS DURING CONSTRUCTION FOR RIVER VALLEY PROJECTS PART 1 IRRIGATION WORKS First Revision of IS 13218 Part 1,ml,NOT_TRANSLATED,NEEDS_HUMAN_OR_MODEL_VALIDATION,AUXILIARY_ONLY
RV-V03-003889,MSV1-830231827690694E,IS 19407:2026,Method of measurement of hydrogen permeation and determination of hydrogen uptake and transport in metals by an electrochemical technique,ml,NOT_TRANSLATED,NEEDS_HUMAN_OR_MODEL_VALIDATION,AUXILIARY_ONLY
RV-V03-003890,MSV1-F16E47A416E9395F,IS 15287 (Part 2):2026,Coated abrasives — Determination and designation of grain size distribution Part 2 Macrogrit sizes P12 to P220 (First Revision),ml,NOT_TRANSLATED,NEEDS_HUMAN_OR_MODEL_VALIDATION,AUXILIARY_ONLY
RV-V03-003891,MSV1-FD9AC638524E8250,IS 14342:2026,Textiles — Jute Yarn/Twine Packaging Code ( First Revision ),ml,NOT_TRANSLATED,NEEDS_HUMAN_OR_MODEL_VALIDATION,AUXILIARY_ONLY
RV-V03-003892,MSV1-5C21DEE41C8351F8,IS 14369:2026,Coated Abrasives -- Abrasive belts -- Selection of width/length combination (First Revision),ml,NOT_TRANSLATED,NEEDS_HUMAN_OR_MODEL_VALIDATION,AUXILIARY_ONLY
RV-V03-003893,MSV1-DD6845D2E9ECE730,IS 2460:2026,Horses and Bucks used in Gymnastics -- Specification ( Second Revision ),ml,NOT_TRANSLATED,NEEDS_HUMAN_OR_MODEL_VALIDATION,AUXILIARY_ONLY
RV-V03-003894,MSV1-56D59E56278E8D85,IS/ISO 603 (Part 15):2022,Bonded abrasive products -- Dimensions -- Part 15 Cutting-off wheels on stationary or mobile cutting-off machines (First Revision),ml,NOT_TRANSLATED,NEEDS_HUMAN_OR_MODEL_VALIDATION,AUXILIARY_ONLY
RV-V03-003895,MSV1-B524EA4018BF2098,IS 2898 (Part 2):2026,"Rolling Bearings Part 2 Ceramic Balls (ISO 3290-2 : 2014, MOD) (First Revision)",ml,NOT_TRANSLATED,NEEDS_HUMAN_OR_MODEL_VALIDATION,AUXILIARY_ONLY
RV-V03-003896,MSV1-F861986BC07705D1,IS 7906 (Part 8):2026,HELICAL COMPRESSION SPRINGS PART 8 METHOD OF INSPECTION OF HOTCOILED COMPRESSION SPRINGS MADE FROM CIRCULAR SECTION BARS (First Revision),ml,NOT_TRANSLATED,NEEDS_HUMAN_OR_MODEL_VALIDATION,AUXILIARY_ONLY
RV-V03-003897,MSV1-265F0CC6BD22C474,IS 16595 (Part 5):2026,Ergonomics of Human-System Interaction : Part 5 Workstation Layout and Postural Requirements ( First Revision ),ml,NOT_TRANSLATED,NEEDS_HUMAN_OR_MODEL_VALIDATION,AUXILIARY_ONLY
RV-V03-003898,MSV1-200E297584BF2354,IS/ISO 603 (Part 14):2026,Bonded abrasive products -- Dimensions Part 14 Grinding wheels for deburring and fettling/snagging on an angle grinder (First Revision),ml,NOT_TRANSLATED,NEEDS_HUMAN_OR_MODEL_VALIDATION,AUXILIARY_ONLY
RV-V03-003899,MSV1-C57E3E70D7F63A7A,IS 46001:2019,Water Efficiency Management Systems - Requirements with Guidance for Use,ml,NOT_TRANSLATED,NEEDS_HUMAN_OR_MODEL_VALIDATION,AUXILIARY_ONLY
RV-V03-003900,MSV1-479381BB12DB0ADA,IS 19666:2026,Graphical Symbols -- Safety Colours and Safety Signs -- Natural Disaster Safety way Guidance System,ml,NOT_TRANSLATED,NEEDS_HUMAN_OR_MODEL_VALIDATION,AUXILIARY_ONLY
RV-V03-003901,MSV1-EE33752F599FC25C,IS 16681 (Part 4):2026,Public Information Guidance Systems Part 4: Installation and Assessment,ml,NOT_TRANSLATED,NEEDS_HUMAN_OR_MODEL_VALIDATION,AUXILIARY_ONLY
RV-V03-003902,MSV1-9A2AB58ABBC5D6B9,IS 19595 (Part 1):2026,Hand-held non-electric power tools Safety requirements Part 1: Assembly power tools for non-threaded mechanical fasteners,ml,NOT_TRANSLATED,NEEDS_HUMAN_OR_MODEL_VALIDATION,AUXILIARY_ONLY
RV-V03-003903,MSV1-4306E9ABF86DE2AA,IS 19595 (Part 3):2026,Hand-held Non-Electric Power Tools — Safety Requirements : Part 3 Drills and Tappers,ml,NOT_TRANSLATED,NEEDS_HUMAN_OR_MODEL_VALIDATION,AUXILIARY_ONLY
RV-V03-003904,MSV1-29D7D034D5594228,IS 19595 (Part 7):2026,Hand-held non-electric power tools Safety requirements : Part 7 Grinders,ml,NOT_TRANSLATED,NEEDS_HUMAN_OR_MODEL_VALIDATION,AUXILIARY_ONLY
RV-V03-003905,MSV1-465CFA00E101B2CE,IS 19595 (Part 8):2026,Hand-held non-electric power tools - Safety requirements : Part 8 Sanders and polishers,ml,NOT_TRANSLATED,NEEDS_HUMAN_OR_MODEL_VALIDATION,AUXILIARY_ONLY
RV-V03-003906,MSV1-77BE2BE4913BED9B,IS 19578:2026,Coated abrasives -- Cylindrical sleeves,ml,NOT_TRANSLATED,NEEDS_HUMAN_OR_MODEL_VALIDATION,AUXILIARY_ONLY
RV-V03-003907,MSV1-6934BEE1F0347EFA,IS 16506 (Part 8):2026,Optics and Photonics — Optical Coatings : Part 8 Minimum Requirements for Coatings Used for Laser Optics,ml,NOT_TRANSLATED,NEEDS_HUMAN_OR_MODEL_VALIDATION,AUXILIARY_ONLY
RV-V03-003908,MSV1-54E58FD238A606C6,IS 19665 (Part 1):2026,Assembly Tools for Screws and Nuts — Machine-Operated Screwdriver Bits Part 1 Screwdriver Bits for Slotted Head Screws,ml,NOT_TRANSLATED,NEEDS_HUMAN_OR_MODEL_VALIDATION,AUXILIARY_ONLY
RV-V03-003909,MSV1-57B244FDE0EC0272,IS 19665 (Part 2):2026,Assembly Tools for Screws and Nuts — Machine-Operated Screwdriver Bits Part 2 Screwdriver Bits for Cross-Recessed Head Screws,ml,NOT_TRANSLATED,NEEDS_HUMAN_OR_MODEL_VALIDATION,AUXILIARY_ONLY
RV-V03-003910,MSV1-C75CAFB4890E1D9E,IS 19665 (Part 3):2026,Assembly Tools for Screws and Nuts — Machine-Operated Screwdriver Bits Part 3 Screwdriver Bits for Hexagon Socket Screws,ml,NOT_TRANSLATED,NEEDS_HUMAN_OR_MODEL_VALIDATION,AUXILIARY_ONLY
RV-V03-003911,MSV1-DEE1F9EDBDFBE04B,IS 11647:2026,Specification for Braille Paper First Revision,ml,NOT_TRANSLATED,NEEDS_HUMAN_OR_MODEL_VALIDATION,AUXILIARY_ONLY
RV-V03-003912,MSV1-F5FDB0FCA7190783,IS 7714:2026,Method of Sealability Test for Gasket Materials,ml,NOT_TRANSLATED,NEEDS_HUMAN_OR_MODEL_VALIDATION,AUXILIARY_ONLY
RV-V03-003913,MSV1-7C07152F372AA6EB,IS 12986 (Part 1):2026,Biogas Plants — Glass Fibre Reinforced Polyester Resin Gas Holders — Specification Part 1 With Steel Frame (First Revision),ml,NOT_TRANSLATED,NEEDS_HUMAN_OR_MODEL_VALIDATION,AUXILIARY_ONLY
RV-V03-003914,MSV1-CEBF8913C241D12E,IS 19472:2026,Steel Sheets and Strips for Hot Stamping Applications - Specification,ml,NOT_TRANSLATED,NEEDS_HUMAN_OR_MODEL_VALIDATION,AUXILIARY_ONLY
RV-V03-003915,MSV1-5FCC505CB0B59FEC,IS 19599:2026,Gaskets and Packings Oxidation of Expanded Graphite Methods of Test,ml,NOT_TRANSLATED,NEEDS_HUMAN_OR_MODEL_VALIDATION,AUXILIARY_ONLY
RV-V03-003916,MSV1-F9975191D72171F6,IS 19497:2026,Carbon and Low-Alloy Steel Wire Rods for Submerged Arc Welding and Gas Shielded Arc Welding Electrodes - Specification,ml,NOT_TRANSLATED,NEEDS_HUMAN_OR_MODEL_VALIDATION,AUXILIARY_ONLY
RV-V03-003917,MSV1-37C9A3A294221C52,IS 19606:2026,Non-Asbestos Beater Addition Jointing Specification,ml,NOT_TRANSLATED,NEEDS_HUMAN_OR_MODEL_VALIDATION,AUXILIARY_ONLY
RV-V03-003918,MSV1-ED31ED78E55B0321,IS 19558 (Part 2):2026,Energy Audits Part 2 Guidance for Conducting an Energy Audit using ISO 50002-1 in Buildings,ml,NOT_TRANSLATED,NEEDS_HUMAN_OR_MODEL_VALIDATION,AUXILIARY_ONLY
RV-V03-003919,MSV1-4B88ED11B7A6F43E,IS 19550:2026,Acoustics — Noise Emitted by Machinery and Equipment — Guidelines for the use of Basic Standards for the Determination of Emission Sound Pressure Levels at a Work Station and at other Specified Positions,ml,NOT_TRANSLATED,NEEDS_HUMAN_OR_MODEL_VALIDATION,AUXILIARY_ONLY
RV-V03-003920,MSV1-F3F2ACF1B9A52B15,IS 19546:2026,Acoustics — Determination of Sound Power Levels and Sound Energy Levels of Noise Sources using Sound Pressure — Precision Methods for Reverberation Test Rooms,ml,NOT_TRANSLATED,NEEDS_HUMAN_OR_MODEL_VALIDATION,AUXILIARY_ONLY
RV-V03-003921,MSV1-B2E7D6CCFED2F77A,IS 19544 (Part 2):2026,"Acoustics — Determination of Sound Power Levels of Noise Sources Using Sound Pressure — Engineering Methods for Small, Movable Sources in Reverberant Fields Part 2 Methods for Special Reverberation Test Rooms",ml,NOT_TRANSLATED,NEEDS_HUMAN_OR_MODEL_VALIDATION,AUXILIARY_ONLY
RV-V03-003922,MSV1-A2AD8BC26A57B0D9,IS 19554:2026,Acoustics — Determination of Sound Power Levels and Sound Energy Levels of Noise Sources Using Sound Pressure — Precision Methods for Anechoic Rooms and Hemi-Anechoic Rooms,ml,NOT_TRANSLATED,NEEDS_HUMAN_OR_MODEL_VALIDATION,AUXILIARY_ONLY
RV-V03-003923,MSV1-77440F7BF8E2D06B,IS/IEC 60118 (Part 0):2022,Electroacoustics Hearing Aids- Part 0: Measurement of the Performance Characteristics of Hearing Aids First Revision,ml,NOT_TRANSLATED,NEEDS_HUMAN_OR_MODEL_VALIDATION,AUXILIARY_ONLY
RV-V03-003924,MSV1-4A9F08E4FFEED349,IS 12360:2026,VOLTAGE BANDS FOR ELECTRICAL INSTALLATIONS INCLUDING PREFERRED VOLTAGE AND FREQUENCY,ml,NOT_TRANSLATED,NEEDS_HUMAN_OR_MODEL_VALIDATION,AUXILIARY_ONLY
RV-V03-003925,MSV1-5C901BF15C22CEE8,IS 5763:2026,Dental Occlusal Plane Guide — Specification (First Revision),ml,NOT_TRANSLATED,NEEDS_HUMAN_OR_MODEL_VALIDATION,AUXILIARY_ONLY
RV-V03-003926,MSV1-2D6B916E4FE3221B,IS 8735:2026,ENT Surgery Instruments ––Yankauer's type pattern Suction Tube –– Specification (First Revision),ml,NOT_TRANSLATED,NEEDS_HUMAN_OR_MODEL_VALIDATION,AUXILIARY_ONLY
RV-V03-003927,MSV1-41F9B87D6F77D25D,IS/ISO/IEC 19792:2025,Information security cybersecurity and privacy protection General principles requirements and guidance for security evaluation of biometric systems First Revision,ml,NOT_TRANSLATED,NEEDS_HUMAN_OR_MODEL_VALIDATION,AUXILIARY_ONLY
RV-V03-003928,MSV1-BE850BC395878608,IS/ISO/IEC 20540:2025 P,Information security cybersecurity and privacy protection Testing cryptographic modules in their field First Revision,ml,NOT_TRANSLATED,NEEDS_HUMAN_OR_MODEL_VALIDATION,AUXILIARY_ONLY
RV-V03-003929,MSV1-E9A91F232471CBE7,IS/ISO/IEC 22123 (Part 3):2023,Information technology Cloud computing Part 3: Reference architecture,ml,NOT_TRANSLATED,NEEDS_HUMAN_OR_MODEL_VALIDATION,AUXILIARY_ONLY
RV-V03-003930,MSV1-77352F3231B5DDA3,IS 18682 (Part 5):2026,Dentistry Periodontal Curettes Dental Scalers and Excavators Part 5 Jacquette Scalers,ml,NOT_TRANSLATED,NEEDS_HUMAN_OR_MODEL_VALIDATION,AUXILIARY_ONLY
RV-V03-003931,MSV1-2C10782E3EA41975,IS 19618:2026,Dentistry Filling Instrument with Contra Angle,ml,NOT_TRANSLATED,NEEDS_HUMAN_OR_MODEL_VALIDATION,AUXILIARY_ONLY
RV-V03-003932,MSV1-FEFF4AB5F04590EE,IS 18813:2026,Dentistry Ceramic Materials,ml,NOT_TRANSLATED,NEEDS_HUMAN_OR_MODEL_VALIDATION,AUXILIARY_ONLY
RV-V03-003933,MSV1-1AEE492C051215AF,IS 1593:2026,FUEL OILS - SPECIFICATION,ml,NOT_TRANSLATED,NEEDS_HUMAN_OR_MODEL_VALIDATION,AUXILIARY_ONLY
RV-V03-003934,MSV1-F0DD670AE17F10ED,IS 13360 (Part 5/Sec 14):2026,PLASTICS — METHODS OF TESTING PART 5 MECHANICAL PROPERTIES SECTION 14 DETERMINATION OF INDENTATION HARDNESS OF RIGID PLASTIC BY BARCOL IMPRESSOR (First Revision),ml,NOT_TRANSLATED,NEEDS_HUMAN_OR_MODEL_VALIDATION,AUXILIARY_ONLY
RV-V03-003935,MSV1-C17B1D9ED4DE14DF,IS 14635 (Part 2):2026,FLUOROPOLYMER DISPERSIONS AND MOULDING AND EXTRUSION MATERIALS PART 2 PREPARATION OF TEST SPECIMENS AND DETERMINATION OF PROPERTIES,ml,NOT_TRANSLATED,NEEDS_HUMAN_OR_MODEL_VALIDATION,AUXILIARY_ONLY
RV-V03-003936,MSV1-D1098D1CED88589B,IS 867:2026,PHENOLIC MOULDING MATERIALS - METHODS OF TEST (Second Revision),ml,NOT_TRANSLATED,NEEDS_HUMAN_OR_MODEL_VALIDATION,AUXILIARY_ONLY
RV-V03-003937,MSV1-86BE5C5EA3773892,IS 2221:2026,AMINOPLASTIC MOULDING MATERIALS - METHODS OF TEST (First Revision),ml,NOT_TRANSLATED,NEEDS_HUMAN_OR_MODEL_VALIDATION,AUXILIARY_ONLY
RV-V03-003938,MSV1-1F5AF3CCC59E2C2A,IS 2530:2026,POLYETHYLENE MOULDING MATERIALS AND POLYETHYLENE COMPOUNDS - METHODS OF TEST (First Revision),ml,NOT_TRANSLATED,NEEDS_HUMAN_OR_MODEL_VALIDATION,AUXILIARY_ONLY
RV-V03-003939,MSV1-6C4DBAA71E0EE0CA,IS 4669:2026,METHODS OF TEST — POLYVINYL CHLORIDE RESINS (First Revision),ml,NOT_TRANSLATED,NEEDS_HUMAN_OR_MODEL_VALIDATION,AUXILIARY_ONLY
RV-V03-003940,MSV1-4ABBE13EF8B76F0D,IS 1448 (Part 167):2026,Petroleum and its Products — Methods of Test Part 167 Determination of Density — Laboratory Density Meter with an Oscillating U-Tube Sensor (First Revision),ml,NOT_TRANSLATED,NEEDS_HUMAN_OR_MODEL_VALIDATION,AUXILIARY_ONLY
RV-V03-003941,MSV1-A41AE1C7D46B5A6C,IS 1448 (Part 113):2026,PETROLEUM AND ITS PRODUCTS TEST METHODS PART: 113 DETERMINATIONS OF TOTAL ACIDITY IN AVIATION TURBINE FUEL,ml,NOT_TRANSLATED,NEEDS_HUMAN_OR_MODEL_VALIDATION,AUXILIARY_ONLY
RV-V03-003942,MSV1-C54223CABC00DB86,IS 15133:2025,"2,6-Dichloro-4-Nitroaniline Specification",ml,NOT_TRANSLATED,NEEDS_HUMAN_OR_MODEL_VALIDATION,AUXILIARY_ONLY
RV-V03-003943,MSV1-890E24B747A39262,IS 13360 (Part 3/Sec 3):2026,PLASTICS — METHODS OF TESTING PART 3 PHYSICAL AND DIMENSIONAL PROPERTIES Section 3 Determination of Apparent Density of moulding Material that cannot be Poured from a Specified Funnel (First Revision),ml,NOT_TRANSLATED,NEEDS_HUMAN_OR_MODEL_VALIDATION,AUXILIARY_ONLY
RV-V03-003944,MSV1-73F8C6FC95BF7E7A,IS 13360 (Part 3/Sec 7):2026,PLASTICS — METHODS OF TESTING PART 3 PHYSICAL AND DIMENSIONAL PROPERTIES Section 7 Liquid Resins — Determination of Density by the Pyknometer Method (First Revision),ml,NOT_TRANSLATED,NEEDS_HUMAN_OR_MODEL_VALIDATION,AUXILIARY_ONLY
RV-V03-003945,MSV1-D3AB48E34553CD31,IS 13360 (Part 4/Sec 2):2026,Plastics - Methods of testing Part 4 Rheological Properties Section 2 Cup Flow of Phenolic and Alkyd Moulding Materials (First Revision),ml,NOT_TRANSLATED,NEEDS_HUMAN_OR_MODEL_VALIDATION,AUXILIARY_ONLY
RV-V03-003946,MSV1-B5C064E81E753649,IS 13360 (Part 11/Sec 11/Sub-Sec 1):2026,PLASTICS — METHODS OF TESTING PART 11 SPECIAL PROPERTIES SECTION 11 RHEOLOGY SUBSECTION 1 VOCABULARY AND SYMBOLS FOR ROTATIONAL AND OSCILLATORY RHEOMETRY (First Revision),ml,NOT_TRANSLATED,NEEDS_HUMAN_OR_MODEL_VALIDATION,AUXILIARY_ONLY
RV-V03-003947,MSV1-EFB2E17F60E04160,IS 13360 (Part 11/Sec 11/Sub-Sec 2):2026,PLASTICS — METHODS OF TESTING PART 11 SPECIAL PROPERTIES SECTION 11 RHEOLOGY SUBSECTION 2 GENERAL PRINCIPLES OF ROTATIONAL AND OSCILLATORY RHEOMETRY (First Revision),ml,NOT_TRANSLATED,NEEDS_HUMAN_OR_MODEL_VALIDATION,AUXILIARY_ONLY
RV-V03-003948,MSV1-D6C09C50F5EE9B51,IS 1448 (Part 105):2026,PETROLEUM AND ITS PRODUCTS - TEST METHODS PART 105 ULTRAVIOLET UV ABSORBANCE AND ABSORPTIVITY OF PETROLEUM PRODUCTS FIRST REVISION,ml,NOT_TRANSLATED,NEEDS_HUMAN_OR_MODEL_VALIDATION,AUXILIARY_ONLY
RV-V03-003949,MSV1-E36D295A81D19421,IS 11557:2026,2 - NAPHTHYLAMINE - 3: 6: 8 - TRISULPHONIC ACID TECHNICAL SPECIFICATION,ml,NOT_TRANSLATED,NEEDS_HUMAN_OR_MODEL_VALIDATION,AUXILIARY_ONLY
RV-V03-003950,MSV1-317908432181C61A,IS 9873 (Part 8):2026,Safety of toys Part 8: Age determination First age grade for the appropriate play of toys First Revision,ml,NOT_TRANSLATED,NEEDS_HUMAN_OR_MODEL_VALIDATION,AUXILIARY_ONLY
RV-V03-003951,MSV1-010C343D1DB0D8CC,IS 9873 (Part 4):2026,Safety of toys Part 4: Activity toys for domestic use,ml,NOT_TRANSLATED,NEEDS_HUMAN_OR_MODEL_VALIDATION,AUXILIARY_ONLY
RV-V03-003952,MSV1-70EB787384F34E6F,IS 16432:2026,Microbiology of the food chain Polymerase chain reaction PCR for the detection and quantification of microorganisms General requirements and definitions,ml,NOT_TRANSLATED,NEEDS_HUMAN_OR_MODEL_VALIDATION,AUXILIARY_ONLY
RV-V03-003953,MSV1-84D049DD9A981888,IS 3328:2026,Quality Requirements of Water for Swimming Pools ( Second Revision ),ml,NOT_TRANSLATED,NEEDS_HUMAN_OR_MODEL_VALIDATION,AUXILIARY_ONLY
RV-V03-003954,MSV1-A7452EC66FAFE7A9,IS 14421:2026,PLASTICIZER ESTERS — SPECIFICATION (First Revision),ml,NOT_TRANSLATED,NEEDS_HUMAN_OR_MODEL_VALIDATION,AUXILIARY_ONLY
RV-V03-003955,MSV1-A5083C2BDDD60919,IS 19086:2026,"Oil of Clove Leaves [Syzygium aromaticum (L.) Merr. & L.M.Perry, Syn. Eugenia caryophyllus (Spreng.) Bullock & S.G.Harrison] — Specification",ml,NOT_TRANSLATED,NEEDS_HUMAN_OR_MODEL_VALIDATION,AUXILIARY_ONLY
RV-V03-003956,MSV1-C93EE8265E18799C,IS 19087:2026,"Oil of Clove Buds [Syzygium aromaticum (L.) Merr. & L.M.Perry, Syn. Eugenia caryophyllus (Spreng.) Bullock & S.G. Harrison] — Specification",ml,NOT_TRANSLATED,NEEDS_HUMAN_OR_MODEL_VALIDATION,AUXILIARY_ONLY
RV-V03-003957,MSV1-E14D7A97FAE4B8A9,IS 19088:2026,"Oil of Clove Stems [Syzygium aromaticum (L.) Merr. & L.M.Perry, Syn. Eugenia caryophyllus (Spreng.) Bullock & S.G.Harrison] — Specification",ml,NOT_TRANSLATED,NEEDS_HUMAN_OR_MODEL_VALIDATION,AUXILIARY_ONLY
RV-V03-003958,MSV1-7534127F5966B590,IS 19486:2026,HEXANE INDUSTRIAL SOLVENT GRADE SPECIFICATION,ml,NOT_TRANSLATED,NEEDS_HUMAN_OR_MODEL_VALIDATION,AUXILIARY_ONLY
RV-V03-003959,MSV1-219A2ADB3DCD56BA,IS 19410:2026,Solid Biofuels — Sampling,ml,NOT_TRANSLATED,NEEDS_HUMAN_OR_MODEL_VALIDATION,AUXILIARY_ONLY
RV-V03-003960,MSV1-9C1DC8EFEFA31F8C,IS 13360 (Part 5/Sec 31/Sub-Sec 2):2026,PLASTICS PLASTICS — METHODS OF TESTING PART 5 MECHANICAL PROPERTIES SEC 31 DETERMINATION OF DYNAMIC MECHANICAL PROPERTIES SUBSEC 1 GENERAL PRINCIPLES METHODS OF TESTING PART 5 MECHANICAL PROPERTIES SEC XX DETERMINATION OF DYNAMIC MECHANICAL PROPERTIES SUBSEC 1 GENERAL PRINCIPLES,ml,NOT_TRANSLATED,NEEDS_HUMAN_OR_MODEL_VALIDATION,AUXILIARY_ONLY
RV-V03-003961,MSV1-382F6792B9DD9F9E,IS 13360 (Part 5/Sec 31/Sub-Sec 1):2026,PLASTICS — METHODS OF TESTING PART 5 MECHANICAL PROPERTIES SEC 31 DETERMINATION OF DYNAMIC MECHANICAL PROPERTIES SUBSEC 2 TORSION-PENDULUM METHOD,ml,NOT_TRANSLATED,NEEDS_HUMAN_OR_MODEL_VALIDATION,AUXILIARY_ONLY
RV-V03-003962,MSV1-9A03DD268CE7FF19,IS 13360 (Part 5/Sec 31/Sub-Sec 3):2026,PLASTICS — METHODS OF TESTING PART 5 MECHANICAL PROPERTIES SEC 31 DETERMINATION OF DYNAMIC MECHANICAL PROPERTIES SUBSEC 3 FLEXURAL VIBRATION — RESONANCE-CURVE METHOD,ml,NOT_TRANSLATED,NEEDS_HUMAN_OR_MODEL_VALIDATION,AUXILIARY_ONLY
RV-V03-003963,MSV1-491964D91E4E9D59,IS 13360 (Part 5/Sec 31/Sub-Sec 4):2026,PLASTICS — METHODS OF TESTING PART 5 MECHANICAL PROPERTIES SEC 31 DETERMINATION OF DYNAMIC MECHANICAL PROPERTIES SUBSEC 4 TENSILE VIBRATION — NON-RESONANCE METHOD,ml,NOT_TRANSLATED,NEEDS_HUMAN_OR_MODEL_VALIDATION,AUXILIARY_ONLY
RV-V03-003964,MSV1-D9AEDD8B5CBFE6EE,IS 13360 (Part 31/Sec 5/Sub-Sec 5):2026,PLASTICS — METHODS OF TESTING PART 5 MECHANICAL PROPERTIES SEC 31 DETERMINATION OF DYNAMIC MECHANICAL PROPERTIES SUBSEC 5 FLEXURAL VIBRATION — NON-RESONANCE METHOD,ml,NOT_TRANSLATED,NEEDS_HUMAN_OR_MODEL_VALIDATION,AUXILIARY_ONLY
RV-V03-003965,MSV1-91F344D152C02E14,IS 13360 (Part 5/Sec 31/Sub-Sec 6):2026,PLASTICS — METHODS OF TESTING PART 5 MECHANICAL PROPERTIES SEC 31 DETERMINATION OF DYNAMIC MECHANICAL ROPERTIES SUBSEC 6 SHEAR VIBRATION — NON-RESONANCE METHOD,ml,NOT_TRANSLATED,NEEDS_HUMAN_OR_MODEL_VALIDATION,AUXILIARY_ONLY
RV-V03-003966,MSV1-1B111A6BC0B53C5B,IS 13360 (Part 5/Sec 31/Sub-Sec 7):2026,PLASTICS — METHODS OF TESTING PART 5 MECHANICAL PROPERTIES SEC 31 DETERMINATION OF DYNAMIC MECHANICAL PROPERTIES SUBSEC 7 TORSIONAL VIBRATION — NON-RESONANCE METHOD,ml,NOT_TRANSLATED,NEEDS_HUMAN_OR_MODEL_VALIDATION,AUXILIARY_ONLY
RV-V03-003967,MSV1-499B3DB09756276B,IS 13360 (Part 5/Sec 31/Sub-Sec 8):2026,PLASTICS — METHODS OF TESTING PART 5 MECHANICAL PROPERTIES SEC 31 DETERMINATION OF DYNAMIC MECHANICAL PROPERTIES SUBSEC 8 LONGITUDINAL AND SHEAR VIBRATION — WAVE-PROPAGATION METHOD,ml,NOT_TRANSLATED,NEEDS_HUMAN_OR_MODEL_VALIDATION,AUXILIARY_ONLY
RV-V03-003968,MSV1-4FC4B2BB81AB9739,IS 13360 (Part 5/Sec 31/Sub-Sec 9):2026,PLASTICS METHODS OF TESTING PART 5 MECHANICAL PROPERTIES SEC 31 DETERMINATION OF DYNAMIC MECHANICAL PROPERTIES SUBSEC 9 TENSILE VIBRATION — SONIC-PULSE PROPAGATION METHOD,ml,NOT_TRANSLATED,NEEDS_HUMAN_OR_MODEL_VALIDATION,AUXILIARY_ONLY
RV-V03-003969,MSV1-9B04F2A6C33FC9D2,IS 13360 (Part 5/Sec 31/Sub-Sec 10):2026,PLASTICS — METHODS OF TESTING PART 5 MECHANICAL PROPERTIES SEC 31 DETERMINATION OF DYNAMIC MECHANICAL PROPERTIES SUBSEC 10 COMPLEX SHEAR VISCOSITY USING A PARALLEL-PLATE OSCILLATORY RHEOMETER,ml,NOT_TRANSLATED,NEEDS_HUMAN_OR_MODEL_VALIDATION,AUXILIARY_ONLY
RV-V03-003970,MSV1-6BD812979A21FAA6,IS 13360 (Part 5/Sec 31/Sub-Sec 11):2026,PLASTICS — METHODS OF TESTING PART 5 MECHANICAL PROPERTIES SEC 31 DETERMINATION OF DYNAMIC MECHANICAL PROPERTIES SUBSEC 11 GLASS TRANSITION TEMPERATURE,ml,NOT_TRANSLATED,NEEDS_HUMAN_OR_MODEL_VALIDATION,AUXILIARY_ONLY
RV-V03-003971,MSV1-C2A5A54C56E0823F,IS 13360 (Part 5/Sec 31/Sub-Sec 12):2026,PLASTICS METHODS OF TESTING PART 5 MECHANICAL PROPERTIES SEC 31 DETERMINATION OF DYNAMIC MECHANICAL PROPERTIES SUBSEC 12 COMPRESSIVE VIBRATION NON-RESONANCE METHOD,ml,NOT_TRANSLATED,NEEDS_HUMAN_OR_MODEL_VALIDATION,AUXILIARY_ONLY
RV-V03-003972,MSV1-DFBA4B448CDA6A68,IS 19345:2026,o-Tertiary Butyl Phenol Specification,ml,NOT_TRANSLATED,NEEDS_HUMAN_OR_MODEL_VALIDATION,AUXILIARY_ONLY
RV-V03-003973,MSV1-757823B2F7C32097,IS 19374:2026,p-Tertiary Butyl Phenol Specification,ml,NOT_TRANSLATED,NEEDS_HUMAN_OR_MODEL_VALIDATION,AUXILIARY_ONLY
RV-V03-003974,MSV1-21D010C0708A269D,IS 1448 (Part 204):2026,INDUSTRIAL QUENCHING OILS DETERMINATION OF COOLING CHARACTERISTICS NICKEL-ALLOY PROBE TEST METHOD,ml,NOT_TRANSLATED,NEEDS_HUMAN_OR_MODEL_VALIDATION,AUXILIARY_ONLY
RV-V03-003975,MSV1-0F61EA2A161CC7FE,IS/ISO 28580:2018,"Passenger Car, Truck and Bus Tyre — Method of Measuring Rolling Resistance — Single Point Test and Correlation of Measurement Results (First Revision)",ml,NOT_TRANSLATED,NEEDS_HUMAN_OR_MODEL_VALIDATION,AUXILIARY_ONLY
RV-V03-003976,MSV1-F5CD02E7F5E3BA49,IS 14347:2026,Rolling Bearings — Plummer Block Housings — Specification (First Revision),ml,NOT_TRANSLATED,NEEDS_HUMAN_OR_MODEL_VALIDATION,AUXILIARY_ONLY
RV-V03-003977,MSV1-8B2A911F14BC36CE,IS 6454 (Part 1):2026,Radial spherical roller bearings Part 1 Single row with cylindrical or tapered bore — Specification (First Revision),ml,NOT_TRANSLATED,NEEDS_HUMAN_OR_MODEL_VALIDATION,AUXILIARY_ONLY
RV-V03-003978,MSV1-5E840A8341E2C02A,IS/ISO 10303 (Part 1):2024,Industrial automation systems and integration -- Product data representation and exchange: Part 1 Overview and fundamental principles second revision,ml,NOT_TRANSLATED,NEEDS_HUMAN_OR_MODEL_VALIDATION,AUXILIARY_ONLY
RV-V03-003979,MSV1-E059551D1A49C734,IS 6458:2026,Double Row Cylindrical Roller Bearings — Specification ( First revision ),ml,NOT_TRANSLATED,NEEDS_HUMAN_OR_MODEL_VALIDATION,AUXILIARY_ONLY
RV-V03-003980,MSV1-CF5C7C595E7C8C12,IS 17128 (Part 4):2026,Automotive Vehicles ― Vehicle Dynamics Test Methods Part 4 Ride Comfort Measurements,ml,NOT_TRANSLATED,NEEDS_HUMAN_OR_MODEL_VALIDATION,AUXILIARY_ONLY
RV-V03-003981,MSV1-0A25D30664C3A0EF,IS 17128 (Part 5):2026,"Automotive Vehicles — Vehicle Dynamics Test Methods Part 5 Subjective Evaluation Vehicle Ride, Handling, Steering",ml,NOT_TRANSLATED,NEEDS_HUMAN_OR_MODEL_VALIDATION,AUXILIARY_ONLY
RV-V03-003982,MSV1-91CB930032D76399,IS 2898 (Part 1):2026,"Rolling Bearings Part 1 Steel Balls (ISO 3290-1 : 2014, MOD) (Third revision)",ml,NOT_TRANSLATED,NEEDS_HUMAN_OR_MODEL_VALIDATION,AUXILIARY_ONLY
RV-V03-003983,MSV1-409F3025F1FF26CD,IS 6455:2026,Single Row Deep Groove Ball Bearings — Specification ( Second Revision ),ml,NOT_TRANSLATED,NEEDS_HUMAN_OR_MODEL_VALIDATION,AUXILIARY_ONLY
RV-V03-003984,MSV1-21C10B8757247A78,IS 10806:2026,Trailers for Power Tillers — Specification (Second Revision),ml,NOT_TRANSLATED,NEEDS_HUMAN_OR_MODEL_VALIDATION,AUXILIARY_ONLY
RV-V03-003985,MSV1-387CA72AE246FC39,IS 8213:2026,Trailers for Agricultural Tractors — Specification Fourth Revision),ml,NOT_TRANSLATED,NEEDS_HUMAN_OR_MODEL_VALIDATION,AUXILIARY_ONLY
RV-V03-003986,MSV1-75472419F16076B2,IS 4447:2026,"Sodium benzoate, food grade - Specification (second revision)",ml,NOT_TRANSLATED,NEEDS_HUMAN_OR_MODEL_VALIDATION,AUXILIARY_ONLY
RV-V03-003987,MSV1-E4B879D8B0DE8EC6,IS 6795:2026,"Acacia (arabic) gum, food grade - Specification (second revision)",ml,NOT_TRANSLATED,NEEDS_HUMAN_OR_MODEL_VALIDATION,AUXILIARY_ONLY
RV-V03-003988,MSV1-684B8A59896AF2ED,IS 8356:2026,"Titanium oxide, food grade - Specification (second revision)",ml,NOT_TRANSLATED,NEEDS_HUMAN_OR_MODEL_VALIDATION,AUXILIARY_ONLY
RV-V03-003989,MSV1-C10924EBCCFB8AB9,IS 10563:2026,"Mineral oil (medium viscosity and high viscosity), food grade - Specification (first revision)",ml,NOT_TRANSLATED,NEEDS_HUMAN_OR_MODEL_VALIDATION,AUXILIARY_ONLY
RV-V03-003990,MSV1-A5DFF60D92A8CB70,IS 13373:2026,Grass Shear — Specification (First Revision),ml,NOT_TRANSLATED,NEEDS_HUMAN_OR_MODEL_VALIDATION,AUXILIARY_ONLY
RV-V03-003991,MSV1-B666E597D3C3CF32,IS 13455:2026,Pirimiphos methyl emulsifiable concentrate (EC) - Specification (first revision),ml,NOT_TRANSLATED,NEEDS_HUMAN_OR_MODEL_VALIDATION,AUXILIARY_ONLY
RV-V03-003992,MSV1-BE54689B908AC103,IS 14299:2026,Neem extracts containing azadirachtin - Specification (first revision),ml,NOT_TRANSLATED,NEEDS_HUMAN_OR_MODEL_VALIDATION,AUXILIARY_ONLY
RV-V03-003993,MSV1-B561D829A20E1D81,IS 13790:2026,Kitazin emulsifiable concentrate (EC) - Specification (first revision),ml,NOT_TRANSLATED,NEEDS_HUMAN_OR_MODEL_VALIDATION,AUXILIARY_ONLY
RV-V03-003994,MSV1-2D85294AB77DF27A,IS 548 (Part 3/Sec 10):2026,Methods of sampling and test for oils and fats Part 3 Advanced instrumental methods Section 10 Determination of fatty-acid-bound chloropropanediols MCPDs and glycidol by GCMS Method using slow alkaline transesterification and measurement for 2-MCPD 3-MCPD and Glycidol,ml,NOT_TRANSLATED,NEEDS_HUMAN_OR_MODEL_VALIDATION,AUXILIARY_ONLY
RV-V03-003995,MSV1-3FCAA59EABAF313E,IS 548 (Part 3/Sec 11):2026,Methods of sampling and test for oils and fats Part 3 Advanced instrumental methods Section 11 Determination of fatty-acid-bound chloropropanediols MCPDs and glycidol by GCMS Method using acid transesterification and measurement for 2-MCPD 3-MCPD and Glycidol,ml,NOT_TRANSLATED,NEEDS_HUMAN_OR_MODEL_VALIDATION,AUXILIARY_ONLY
RV-V03-003996,MSV1-3E5FAEF49D3DC83F,IS 633:2026,DDT emulsifiable concentrate (EC) - Specification (third revision),ml,NOT_TRANSLATED,NEEDS_HUMAN_OR_MODEL_VALIDATION,AUXILIARY_ONLY
RV-V03-003997,MSV1-A7B4564986731D80,IS 19514:2026,Crop Protection Equipment — Belly-Mounter Hand-Rotary Duster — Specification,ml,NOT_TRANSLATED,NEEDS_HUMAN_OR_MODEL_VALIDATION,AUXILIARY_ONLY
RV-V03-003998,MSV1-BFF847BAB5A68855,IS 17274 (Part 14):2026,Respiratory Protective Devices — Methods of Test and Test Equipment Part 14 Measurement of Sound Pressure Level,ml,NOT_TRANSLATED,NEEDS_HUMAN_OR_MODEL_VALIDATION,AUXILIARY_ONLY
RV-V03-003999,MSV1-BC072D622C8886B1,IS 7124:2026,Gun Powder — Specification ( First Revision ),ml,NOT_TRANSLATED,NEEDS_HUMAN_OR_MODEL_VALIDATION,AUXILIARY_ONLY
RV-V03-004000,MSV1-544D2F2804C6D327,IS 19517 (Part 2):2026,Eye and Face Protection — Sunglasses and Related Eyewear Part 2 Filters for Direct Observation of the Sun,ml,NOT_TRANSLATED,NEEDS_HUMAN_OR_MODEL_VALIDATION,AUXILIARY_ONLY
RV-V03-004001,MSV1-2EF373BD9DFF76B6,IS 6456:2026,Double Row Radial Ball Bearings — Specification (first revision),ml,NOT_TRANSLATED,NEEDS_HUMAN_OR_MODEL_VALIDATION,AUXILIARY_ONLY
RV-V03-004002,MSV1-D5BEE9B2B607D1F3,IS 4211:2026,Gauges -- Thread Pitch Gauges for ISO Metric Screw Threads (Pitch Range 0.4 mm To 6 mm) -- Specification (Second Revision ),ml,NOT_TRANSLATED,NEEDS_HUMAN_OR_MODEL_VALIDATION,AUXILIARY_ONLY
RV-V03-004003,MSV1-08236BE96DA81500,IS 12102:2026,Tapered Roller Bearings — Specification (First Revision),ml,NOT_TRANSLATED,NEEDS_HUMAN_OR_MODEL_VALIDATION,AUXILIARY_ONLY
RV-V03-004004,MSV1-8774A2BBFD257F88,IS 9619:2026,Identification Code for Shell Type Needle Bearings (First Revision),ml,NOT_TRANSLATED,NEEDS_HUMAN_OR_MODEL_VALIDATION,AUXILIARY_ONLY
RV-V03-004005,MSV1-5D40ACA485B706DB,IS 6118:2026,"Pliers and nippers — Multiple slip joint pliers — Dimensions and test values (ISO 8976 : 2021, MOD) ( Third Revision )",ml,NOT_TRANSLATED,NEEDS_HUMAN_OR_MODEL_VALIDATION,AUXILIARY_ONLY
RV-V03-004006,MSV1-0800C6B75AFE91D6,IS 17527:2026,Conveyor Belts — Test Atmospheres and Conditioning Periods (First Revision),ml,NOT_TRANSLATED,NEEDS_HUMAN_OR_MODEL_VALIDATION,AUXILIARY_ONLY
RV-V03-004007,MSV1-3D89363E922E256B,IS 18508:2026,Chipboard screws — Specification (first revision),ml,NOT_TRANSLATED,NEEDS_HUMAN_OR_MODEL_VALIDATION,AUXILIARY_ONLY
RV-V03-004008,MSV1-241A51B40D3C3C77,ISO 24342:2024,Resilient and textile floor coverings - Determination of side length edge straightness and squareness of tiles and planks (First Revision),ml,NOT_TRANSLATED,NEEDS_HUMAN_OR_MODEL_VALIDATION,AUXILIARY_ONLY
RV-V03-004009,MSV1-4481950565EF738D,IS 15790:2026,Fatigue Test Method for Transmission Precision Roller Chains and Leaf Chains (First Revision),ml,NOT_TRANSLATED,NEEDS_HUMAN_OR_MODEL_VALIDATION,AUXILIARY_ONLY
RV-V03-004010,MSV1-E34784D32A2082FD,IS 4215:2026,Needle Roller Bearings — Specification (Second Revision),ml,NOT_TRANSLATED,NEEDS_HUMAN_OR_MODEL_VALIDATION,AUXILIARY_ONLY
RV-V03-004011,MSV1-5D5DCF7332449679,IS 4217:2026,Rolling bearings -- Needle rollers -- Specification (Third Revision),ml,NOT_TRANSLATED,NEEDS_HUMAN_OR_MODEL_VALIDATION,AUXILIARY_ONLY
RV-V03-004012,MSV1-F4B20BE5754898D5,IS 19579:2026,"Rolling Bearings — Cast and Pressed Housings for Insert Bearings — Boundary Dimensions and Tolerances (ISO 3228 : 2013, MOD)",ml,NOT_TRANSLATED,NEEDS_HUMAN_OR_MODEL_VALIDATION,AUXILIARY_ONLY
RV-V03-004013,MSV1-7CD99FCBFD7A189D,IS 19661 (Part 1):2026,Safety Information for the Content of Piping Systems and Tanks : Part 1 Piping Systems,ml,NOT_TRANSLATED,NEEDS_HUMAN_OR_MODEL_VALIDATION,AUXILIARY_ONLY
RV-V03-004014,MSV1-2D5F94266BACC6BC,IS 19661 (Part 2):2026,Safety Information for the Content of Piping Systems and Tanks Part 2: Tanks,ml,NOT_TRANSLATED,NEEDS_HUMAN_OR_MODEL_VALIDATION,AUXILIARY_ONLY
RV-V03-004015,MSV1-C5D8A317200F30FB,IS 1966 (Part 3):2026,Textiles — Bursting Properties of Fabrics Part 3 Ball bursting method for determination of bursting strength and bursting distension,ml,NOT_TRANSLATED,NEEDS_HUMAN_OR_MODEL_VALIDATION,AUXILIARY_ONLY
RV-V03-004016,MSV1-E31F73A50C956EB6,IS 19601:2026,Robotics — Test methods for exoskeleton-type walking RACA robot,ml,NOT_TRANSLATED,NEEDS_HUMAN_OR_MODEL_VALIDATION,AUXILIARY_ONLY
RV-V03-004017,MSV1-C6A7421D9B3A9E61,IS 19508:2026,Selection of PPE for Waste Handling — Guidelines,ml,NOT_TRANSLATED,NEEDS_HUMAN_OR_MODEL_VALIDATION,AUXILIARY_ONLY
RV-V03-004018,MSV1-4A2145CF79D9C9AD,IS 840:2026,Cashewnut Shell Liquid CNSL - Specification,ml,NOT_TRANSLATED,NEEDS_HUMAN_OR_MODEL_VALIDATION,AUXILIARY_ONLY
RV-V03-004019,MSV1-3F226B2D25F8FFAA,IS 15205:2026,AUTO-OXIDATION HAIR DYES/COLOURS ― SPECIFICATION,ml,NOT_TRANSLATED,NEEDS_HUMAN_OR_MODEL_VALIDATION,AUXILIARY_ONLY
RV-V03-004020,MSV1-5F8C034A4D897B6B,IS 14482:2026,Irrigation Equipment - Polyethylene Micro Tubes for Drip Irrigation - Specification (First Revision),ml,NOT_TRANSLATED,NEEDS_HUMAN_OR_MODEL_VALIDATION,AUXILIARY_ONLY
RV-V03-004021,MSV1-B2308D2E8C057781,IS 15279:2026,SUGAR - METHODS OF TEST,ml,NOT_TRANSLATED,NEEDS_HUMAN_OR_MODEL_VALIDATION,AUXILIARY_ONLY
RV-V03-004022,MSV1-DB1BF60119582C5F,IS 14135:2026,CODE FOR HYGIENIC PRACTICES FOR PROCESSING AND HANDLING OF DEHYDRATED FRUITS AND VEGETABLES INCLUDING EDIBLE FUNGI,ml,NOT_TRANSLATED,NEEDS_HUMAN_OR_MODEL_VALIDATION,AUXILIARY_ONLY
RV-V03-004023,MSV1-BCE424133E16FE2B,IS 5832:2026,BLACK PEPPER OLEORESIN – SPECIFICATION,ml,NOT_TRANSLATED,NEEDS_HUMAN_OR_MODEL_VALIDATION,AUXILIARY_ONLY
RV-V03-004024,MSV1-632FAB450E9402CE,IS 7826:2026,GINGER OLEORESIN – SPECIFICATION,ml,NOT_TRANSLATED,NEEDS_HUMAN_OR_MODEL_VALIDATION,AUXILIARY_ONLY
RV-V03-004025,MSV1-AA75E0595955EF53,IS 10925:2026,TURMERIC OLEORESIN SPECIFICATION,ml,NOT_TRANSLATED,NEEDS_HUMAN_OR_MODEL_VALIDATION,AUXILIARY_ONLY
RV-V03-004026,MSV1-6A382FDF6C4BFA64,IS 13062:2026,Irrigation Equipment and Systems - Evaluation of Field Irrigation Efficiencies - Guidelines (First Revision),ml,NOT_TRANSLATED,NEEDS_HUMAN_OR_MODEL_VALIDATION,AUXILIARY_ONLY
RV-V03-004027,MSV1-E090677A75782DC2,IS 19432:2025,Dried dill — Specification,ml,NOT_TRANSLATED,NEEDS_HUMAN_OR_MODEL_VALIDATION,AUXILIARY_ONLY
RV-V03-004028,MSV1-C6736D16F67C5832,IS 19440:2025,Dried Parsley Petroselinum crispum Specification,ml,NOT_TRANSLATED,NEEDS_HUMAN_OR_MODEL_VALIDATION,AUXILIARY_ONLY
RV-V03-004029,MSV1-494748244E865810,IS 19576:2026,"Spices and condiments — Dried chive (Allium schoenoprasum L.), Cut and ground — Specification",ml,NOT_TRANSLATED,NEEDS_HUMAN_OR_MODEL_VALIDATION,AUXILIARY_ONLY
RV-V03-004030,MSV1-BE001B9134CD468E,IS 19439:2025,Spices and condiments Dried sumac Specification,ml,NOT_TRANSLATED,NEEDS_HUMAN_OR_MODEL_VALIDATION,AUXILIARY_ONLY
RV-V03-004031,MSV1-8BE2C076F3C69321,IS 19534:2025,Paper and board Determination of resistance to water penetration,ml,NOT_TRANSLATED,NEEDS_HUMAN_OR_MODEL_VALIDATION,AUXILIARY_ONLY
RV-V03-004032,MSV1-8267B69575351E02,IS 19530:2026,Paper and board Determination of compressive strength Ring crush method,ml,NOT_TRANSLATED,NEEDS_HUMAN_OR_MODEL_VALIDATION,AUXILIARY_ONLY
RV-V03-004033,MSV1-B29CB2AE26170834,IS 19527 (Part 1):2025,Paper and board Determination of grease resistance Part 1: Permeability test,ml,NOT_TRANSLATED,NEEDS_HUMAN_OR_MODEL_VALIDATION,AUXILIARY_ONLY
RV-V03-004034,MSV1-6F1542CD623240CE,IS 19608:2026,"Hot-rolled Carbon and Alloy Steel Plates, Sheets and Strips - Specification",ml,NOT_TRANSLATED,NEEDS_HUMAN_OR_MODEL_VALIDATION,AUXILIARY_ONLY
RV-V03-004035,MSV1-69E8E08E1DF6DFFF,IS 19584:2026,"Natural Gas Fuelling Stations — LNG Stations for Fuelling Vehicles (ISO 16924 : 2016, MOD)",ml,NOT_TRANSLATED,NEEDS_HUMAN_OR_MODEL_VALIDATION,AUXILIARY_ONLY
RV-V03-004036,MSV1-58B1250B4FC651EF,IS 1493 (Part 12):2026,Methods of chemical analysis of iron ores: Part 12 Determination of various elements — Inductively coupled plasma atomic emission spectrometric method,ml,NOT_TRANSLATED,NEEDS_HUMAN_OR_MODEL_VALIDATION,AUXILIARY_ONLY
RV-V03-004037,MSV1-150175E757DA92BF,IS 19605 (Part 1):2026,"Petroleum, petrochemical and natural gas industries — Axial and centrifugal compressors and expander compressors — Part 1: General requirements (Adoption of ISO 10439-1: 2015)",ml,NOT_TRANSLATED,NEEDS_HUMAN_OR_MODEL_VALIDATION,AUXILIARY_ONLY
RV-V03-004038,MSV1-AF2B254BD0D84805,IS 19605 (Part 2):2026,"Petroleum, petrochemical and natural gas industries — Axial and centrifugal compressors and expander compressors — Part 2: Non-integrally geared centrifugal and axial compressors. (Adoption of ISO 10439-2: 2015)",ml,NOT_TRANSLATED,NEEDS_HUMAN_OR_MODEL_VALIDATION,AUXILIARY_ONLY
RV-V03-004039,MSV1-D7992CCC431F0AE5,IS 19605 (Part 3):2026,"Petroleum, petrochemical and natural gas industries — Axial and centrifugal compressors and expander compressors — Part 3: Integrally geared centrifugal compressors (Adoption of ISO 10439-3: 2015)",ml,NOT_TRANSLATED,NEEDS_HUMAN_OR_MODEL_VALIDATION,AUXILIARY_ONLY
RV-V03-004040,MSV1-EA027ADDC3BB875A,IS 19605 (Part 4):2026,"Petroleum, petrochemical and natural gas industries — Axial and centrifugal compressors and expander compressors — Part 4: Expander-compressors (Adoption of ISO 10439-4: 2015)",ml,NOT_TRANSLATED,NEEDS_HUMAN_OR_MODEL_VALIDATION,AUXILIARY_ONLY
RV-V03-004041,MSV1-B4515ECE619EB668,IS 19604 (Part 1):2026,"Petroleum, petrochemical and natural gas industries — Rotary-type positive, displacement compressors — Part 1: Process compressors (Adoption of ISO 10440-1: 2007)",ml,NOT_TRANSLATED,NEEDS_HUMAN_OR_MODEL_VALIDATION,AUXILIARY_ONLY
RV-V03-004042,MSV1-5A215135CD40F70C,IS 19604 (Part 2):2026,Petroleum and natural gas industries — Rotary-type positive-displacement compressors — Part 2: Packaged air compressors (oil-free) (Adoption of ISO 10440-2: 2001),ml,NOT_TRANSLATED,NEEDS_HUMAN_OR_MODEL_VALIDATION,AUXILIARY_ONLY
RV-V03-004043,MSV1-A767F2F6316C0B01,IS 19549:2026,Acoustics — Noise Emitted by Machinery and Equipment — Determination of Emission Sound Pressure Levels at a Work Station and at other Specified Positions in an Essentially Free Field over a Reflecting Plane with Negligible Environmental Corrections,ml,NOT_TRANSLATED,NEEDS_HUMAN_OR_MODEL_VALIDATION,AUXILIARY_ONLY
RV-V03-004044,MSV1-168F1928C46BB19E,IS 19544 (Part 1):2026,Acoustics — Determination of Sound Power Levels and Sound Energy Levels of Noise Sources Using Sound Pressure — Engineering Methods for Small Movable Sources in Reverberant Fields Part 1 Comparison Method for a Hard-Walled Test Room,ml,NOT_TRANSLATED,NEEDS_HUMAN_OR_MODEL_VALIDATION,AUXILIARY_ONLY
RV-V03-004045,MSV1-5CEE3AF4D4FDE4EC,IS 19548:2026,Acoustics — Noise Emitted by Machinery and Equipment — Determination of Emission Sound Pressure Levels at a Work Station and at other Specified Positions from the Sound Power Level,ml,NOT_TRANSLATED,NEEDS_HUMAN_OR_MODEL_VALIDATION,AUXILIARY_ONLY
RV-V03-004046,MSV1-1BB55FA3BFB65382,IS 19547:2026,Acoustics — Noise Emitted by Machinery and Equipment — Determination of Emission Sound Pressure Levels at a Work Station and at other Specified Positions Applying Accurate Environmental Corrections,ml,NOT_TRANSLATED,NEEDS_HUMAN_OR_MODEL_VALIDATION,AUXILIARY_ONLY
RV-V03-004047,MSV1-755EA0131DF62A6A,IS 19545:2026,Acoustics — Noise Emitted by Machinery and Equipment — Engineering Method for the Determination of Emission Sound Pressure Levels in Situ at the Work Station and at other Specified Positions using Sound Intensity,ml,NOT_TRANSLATED,NEEDS_HUMAN_OR_MODEL_VALIDATION,AUXILIARY_ONLY
RV-V03-004048,MSV1-40B4D6862179A113,IS 19553:2026,Acoustics — Determination of Sound Power Levels and Sound Energy Levels of Noise Sources using Sound Pressure — Survey Method Using an Enveloping Measurement Surface over a Reflecting Plane,ml,NOT_TRANSLATED,NEEDS_HUMAN_OR_MODEL_VALIDATION,AUXILIARY_ONLY
RV-V03-004049,MSV1-79A143F3A7944811,IS 19552:2026,Acoustics — Determination of Sound Power Levels and Sound Energy Levels of Noise Sources using Sound Pressure — Engineering/Survey Methods for use in Situ in a Reverberant Environment,ml,NOT_TRANSLATED,NEEDS_HUMAN_OR_MODEL_VALIDATION,AUXILIARY_ONLY
RV-V03-004050,MSV1-2EC58DF180F72629,IS 2507:2026,Cold-reduced carbon and alloy steel sheets and strips - Specification,ml,NOT_TRANSLATED,NEEDS_HUMAN_OR_MODEL_VALIDATION,AUXILIARY_ONLY
RV-V03-004051,MSV1-FF276AAD50D08732,IS 19617:2026,Dentistry Pre-capsulated Dental Amalgam,ml,NOT_TRANSLATED,NEEDS_HUMAN_OR_MODEL_VALIDATION,AUXILIARY_ONLY
RV-V03-004052,MSV1-C302DCDD2FA9E33C,IS 19495:2026,Dentistry Mandrels for Rotary Instruments,ml,NOT_TRANSLATED,NEEDS_HUMAN_OR_MODEL_VALIDATION,AUXILIARY_ONLY
RV-V03-004053,MSV1-17362F3D02C198CD,IS 19619 (Part 1):2026,Dentistry Portable Dental Equipment for use in NonPermanent Healthcare Environment Part 1 General Requirements,ml,NOT_TRANSLATED,NEEDS_HUMAN_OR_MODEL_VALIDATION,AUXILIARY_ONLY
RV-V03-004054,MSV1-C4B0E1A904F9794B,IS 19619 (Part 3):2026,Dentistry Portable Dental Equipment for use in NonPermanent Healthcare Environment Part 3 Portable Suction Equipment,ml,NOT_TRANSLATED,NEEDS_HUMAN_OR_MODEL_VALIDATION,AUXILIARY_ONLY
RV-V03-004055,MSV1-F9E1929E63837621,IS 19620:2026,Dentistry Physical Properties of Powered Toothbrushes,ml,NOT_TRANSLATED,NEEDS_HUMAN_OR_MODEL_VALIDATION,AUXILIARY_ONLY
RV-V03-004056,MSV1-A3142E9F72BED312,IS 19616:2026,Dentistry Screw Loosening Test Using Cyclic Torsional Loading for Implant BodyImplant Abutment Connection of Endosseous Dental Implants,ml,NOT_TRANSLATED,NEEDS_HUMAN_OR_MODEL_VALIDATION,AUXILIARY_ONLY
RV-V03-004057,MSV1-5FC09869B61A0559,IS 19506:2026,Statistical methods Six Sigma Basic criteria underlying benchmarking for Six Sigma in organisations,ml,NOT_TRANSLATED,NEEDS_HUMAN_OR_MODEL_VALIDATION,AUXILIARY_ONLY
RV-V03-004058,MSV1-B801B53C437F50DE,IS 19507:2026,Quantitative Methods in Process Improvement - Six Sigma - Competencies for Key Personnel and their Organizations in relation to Six Sigma and Lean Implementation,ml,NOT_TRANSLATED,NEEDS_HUMAN_OR_MODEL_VALIDATION,AUXILIARY_ONLY
RV-V03-004059,MSV1-E1C61201B0966E37,IS 18875 (Part 10471):2026,Health Informatics — Device Interoperability Part 10471 Personal Health Device Communication — Device Specialization — Independent Living Activity Hub,ml,NOT_TRANSLATED,NEEDS_HUMAN_OR_MODEL_VALIDATION,AUXILIARY_ONLY
RV-V03-004060,MSV1-050B4BF5C602EF32,IS 19421:2026,Genomics Informatics — Data Elements and their Metadata for Describing the Microsatellite Instability (MSI) Information of Clinical Massive Parallel DNA Sequencing,ml,NOT_TRANSLATED,NEEDS_HUMAN_OR_MODEL_VALIDATION,AUXILIARY_ONLY
RV-V03-004061,MSV1-0D7CBD56421CC2AA,IS 19633:2026,Sustainable tourism Indicators for organizations in the tourism value chain Requirements and guidance for use,ml,NOT_TRANSLATED,NEEDS_HUMAN_OR_MODEL_VALIDATION,AUXILIARY_ONLY
RV-V03-004062,MSV1-E2E1502346FADB5C,IS 19453:2025,Ophthalmic optics Spectacle frames Screw threads,ml,NOT_TRANSLATED,NEEDS_HUMAN_OR_MODEL_VALIDATION,AUXILIARY_ONLY
RV-V03-004063,MSV1-4764B0C8D47A04AF,IS 19477 (Part 3):2026,Dentistry Dental Furnace Part 3 Test method for the evaluation of high temperature sintering furnace measurement with a separate thermocouple,ml,NOT_TRANSLATED,NEEDS_HUMAN_OR_MODEL_VALIDATION,AUXILIARY_ONLY
RV-V03-004064,MSV1-7005BF57991C3CF9,IS 18875 (Part 10472):2026,Health Informatics — Device Interoperability Part 10472 Personal Health Device Communication — Device Specialization — Medication Monitor,ml,NOT_TRANSLATED,NEEDS_HUMAN_OR_MODEL_VALIDATION,AUXILIARY_ONLY
RV-V03-004065,MSV1-4165531C62A5C2A7,IS 19435:2026,Genomics Informatics — Data Elements and their Metadata for Describing the Tumor Mutation Burden (TMB) Information of Clinical Massive Parallel DNA Sequencing,ml,NOT_TRANSLATED,NEEDS_HUMAN_OR_MODEL_VALIDATION,AUXILIARY_ONLY
RV-V03-004066,MSV1-7611CC7139AA670B,IS ISO 6204:2024,Health Informatics — Categorial Structures for Representation of Ayurvedic Medicinal Water — Decocting Process in Ayurveda,ml,NOT_TRANSLATED,NEEDS_HUMAN_OR_MODEL_VALIDATION,AUXILIARY_ONLY
RV-V03-004067,MSV1-BE20456F05F314EF,IS 19482:2026,Genomics Informatics — Omics Markup Language (OML),ml,NOT_TRANSLATED,NEEDS_HUMAN_OR_MODEL_VALIDATION,AUXILIARY_ONLY
RV-V03-004068,MSV1-5C80EEF07B10E466,IS 18867 (Part 4):2026,Health Informatics — Medical Waveform Format Part 4 Stress Test Electrocardiography,ml,NOT_TRANSLATED,NEEDS_HUMAN_OR_MODEL_VALIDATION,AUXILIARY_ONLY
RV-V03-004069,MSV1-DA74D52DF2D73B2B,IS 19503:2026,Implants for Surgery Determination of Impact Resistance of Ceramic Femoral Heads for Hip Joint Prostheses,ml,NOT_TRANSLATED,NEEDS_HUMAN_OR_MODEL_VALIDATION,AUXILIARY_ONLY
RV-V03-004070,MSV1-B8475AA9F99C6DCC,IS 19504:2026,Implants for Surgery Mechanical Testing of Implantable Spinal Devices Fatigue Test Method for Spinal Implant Assemblies Using an Anterior Support,ml,NOT_TRANSLATED,NEEDS_HUMAN_OR_MODEL_VALIDATION,AUXILIARY_ONLY
RV-V03-004071,MSV1-FDAC7C14FAD055C1,IS 19491:2026,Implants for Surgery Test Solutions and Environmental Conditions for Static and Dynamic Corrosion Tests on Implantable Materials and Medical Devices,ml,NOT_TRANSLATED,NEEDS_HUMAN_OR_MODEL_VALIDATION,AUXILIARY_ONLY
RV-V03-004072,MSV1-6EB7526DB7684150,IS 19502:2026,Implants for Surgery Measurements of Open-circuit Potential to Assess Corrosion Behaviour of Metallic Implantable Materials and Medical Devices Over Extended Time Periods,ml,NOT_TRANSLATED,NEEDS_HUMAN_OR_MODEL_VALIDATION,AUXILIARY_ONLY
RV-V03-004073,MSV1-2C8AC8B4F263C6DA,IS 19492 (Part 1):2025,Implants for Surgery - Wear of Total Intervertebral Spinal Disc Prostheses Part 1 Loading and Displacement Parameters for Wear Testing and Corresponding Environmental Conditions for Test,ml,NOT_TRANSLATED,NEEDS_HUMAN_OR_MODEL_VALIDATION,AUXILIARY_ONLY
RV-V03-004074,MSV1-98F9BE0A660D2D41,IS 19501 (Part 1):2026,Implants for Surgery Orthopaedic Joint Prosthesis Part 1 Procedure for Producing Parametric 3D Bone Models from CT Data of the Knee,ml,NOT_TRANSLATED,NEEDS_HUMAN_OR_MODEL_VALIDATION,AUXILIARY_ONLY
RV-V03-004075,MSV1-4868B12CFA2B05C4,IS 19499:2026,Implants for Surgery Metallic Materials Classification of Microstructures for AlphaBeta Titanium Alloy Bars,ml,NOT_TRANSLATED,NEEDS_HUMAN_OR_MODEL_VALIDATION,AUXILIARY_ONLY
RV-V03-004076,MSV1-A115761F6E5FC557,IS 19500:2026,Implants for Surgery Wear of Total Ankle-Joint Prostheses Loading and Displacement Parameters for Wear-Testing Machines with Load or Displacement Control and Corresponding Environmental Conditions for Test,ml,NOT_TRANSLATED,NEEDS_HUMAN_OR_MODEL_VALIDATION,AUXILIARY_ONLY
RV-V03-004077,MSV1-5D9300AE919503E6,IS 17798:2026,Genomics Informatics — Data Elements and their Metadata for Describing Structured Clinical Genomic Sequence Information in Electronic Health Records (First Revision),ml,NOT_TRANSLATED,NEEDS_HUMAN_OR_MODEL_VALIDATION,AUXILIARY_ONLY
RV-V03-004078,MSV1-744CA2B91793F4DB,IS 18875 (Part 10425):2026,Health Informatics — Device Interoperability Part 10425 Personal Health Device Communication — Device Specialization — Continuous Glucose Monitor (CGM) (First Revision),ml,NOT_TRANSLATED,NEEDS_HUMAN_OR_MODEL_VALIDATION,AUXILIARY_ONLY
RV-V03-004079,MSV1-0B79375C3F947381,IS 62680 (Part 4):2022,Universal Serial Bus Interfaces for Data and Power - Part 4-1: Universal Serial Bus 4 Specification,ml,NOT_TRANSLATED,NEEDS_HUMAN_OR_MODEL_VALIDATION,AUXILIARY_ONLY
RV-V03-004080,MSV1-CAF82A75786DDA69,IS/ISO 55011:2024,Asset management Guidance for the development of public policy to enable asset management,ml,NOT_TRANSLATED,NEEDS_HUMAN_OR_MODEL_VALIDATION,AUXILIARY_ONLY
RV-V03-004081,MSV1-42B10F35670774B0,IS/ISO 55012:2024,Asset management Guidance on people involvement and competence,ml,NOT_TRANSLATED,NEEDS_HUMAN_OR_MODEL_VALIDATION,AUXILIARY_ONLY
RV-V03-004082,MSV1-BE4F6D5762D3A4A4,IS/ISO/IEC 22123 (Part 2):2023,Information technology Cloud computing Part 2: Concepts,ml,NOT_TRANSLATED,NEEDS_HUMAN_OR_MODEL_VALIDATION,AUXILIARY_ONLY
RV-V03-004083,MSV1-301E1828E2C497D0,IS 63240 (Part 1):2026,Active Assisted Living AAL Reference Architecture and Architecture Model Part 1: Reference Architecture,ml,NOT_TRANSLATED,NEEDS_HUMAN_OR_MODEL_VALIDATION,AUXILIARY_ONLY
RV-V03-004084,MSV1-7D731DE5A1F7B095,IS/IEC 63240 (Part 2):2020,Active Assisted Living AAL Reference Architecture and Architecture Model Part 2: Architecture Model,ml,NOT_TRANSLATED,NEEDS_HUMAN_OR_MODEL_VALIDATION,AUXILIARY_ONLY
RV-V03-004085,MSV1-86B6330CAED6800D,IS 63416:2026,Ethical Considerations of Artificial Intelligence AI When Applied in the Active Assisted Living AAL Context,ml,NOT_TRANSLATED,NEEDS_HUMAN_OR_MODEL_VALIDATION,AUXILIARY_ONLY
RV-V03-004086,MSV1-D6662D0093CEE5B2,IS/ISO/IEC 30134 (Part 7):2023,Information technology — Data centres key performance indicators — Part 7: Cooling efficiency ratio (CER),ml,NOT_TRANSLATED,NEEDS_HUMAN_OR_MODEL_VALIDATION,AUXILIARY_ONLY
RV-V03-004087,MSV1-AF5B95ECF37D0E71,IS/ISO/TS 55010:2024,Asset management - Guidance on the alignment of financial and non-financial functions in asset management (First Revision),ml,NOT_TRANSLATED,NEEDS_HUMAN_OR_MODEL_VALIDATION,AUXILIARY_ONLY
RV-V03-004088,MSV1-62F9B858CEA8C728,IEC 61196 (Part 1/Sec 105):2026,Coaxial Communication Cables Part 1- Electrical Test Methods Section 105 Test for Withstand Voltage of Cable Dielectric First Revision,ml,NOT_TRANSLATED,NEEDS_HUMAN_OR_MODEL_VALIDATION,AUXILIARY_ONLY
RV-V03-004089,MSV1-08541AE68ED2A565,IS/IEC 60793 (Part 1/Sec 46):2024,Optical fibres: Part 1 measurement methods and test procedures: Sec 46 monitoring of changes in optical transmittance first Revision,ml,NOT_TRANSLATED,NEEDS_HUMAN_OR_MODEL_VALIDATION,AUXILIARY_ONLY
RV-V03-004090,MSV1-C9D83517DCA44DB5,IS/IEC 60793 (Part 1/Sec 45):2024,Optical Fibres Part 1 Measurement Methods and Test Procedures Section 45 Mode field diameter Second Revision,ml,NOT_TRANSLATED,NEEDS_HUMAN_OR_MODEL_VALIDATION,AUXILIARY_ONLY
RV-V03-004091,MSV1-F6B7C5A4A8D2933B,IS/IEC 60793 (Part 1/Sec 44):2023,Optical fibres: Part 1 measurement methods and test procedures: Sec 44 cut - Off wavelength first Revision,ml,NOT_TRANSLATED,NEEDS_HUMAN_OR_MODEL_VALIDATION,AUXILIARY_ONLY
RV-V03-004092,MSV1-38E657DFFCD32CCB,IS 1251:2026,"Zinc phosphide, technical - Specification (fourth revision)",ml,NOT_TRANSLATED,NEEDS_HUMAN_OR_MODEL_VALIDATION,AUXILIARY_ONLY
RV-V03-004093,MSV1-C847B1546147F98A,IS 12004:2026,Isoproturon technical - Specification first revision,ml,NOT_TRANSLATED,NEEDS_HUMAN_OR_MODEL_VALIDATION,AUXILIARY_ONLY
RV-V03-004094,MSV1-DF46F52F4F9D6818,IS 7516:2026,Trap Nests for Poultry – Specification (First Revision),ml,NOT_TRANSLATED,NEEDS_HUMAN_OR_MODEL_VALIDATION,AUXILIARY_ONLY
RV-V03-004095,MSV1-B4F49C65757549DC,IS 1551:2026,Carbon Papers - Typewriters -Specification (Third Revision),ml,NOT_TRANSLATED,NEEDS_HUMAN_OR_MODEL_VALIDATION,AUXILIARY_ONLY
RV-V03-004096,MSV1-BAEF6B55EC268A38,IS 4395:2026,Inks and Allied Industry — Glossary of Terms,ml,NOT_TRANSLATED,NEEDS_HUMAN_OR_MODEL_VALIDATION,AUXILIARY_ONLY
RV-V03-004097,MSV1-ECACD538ED1D885E,IS 4737:2026,Chromite for Chemical Industries - Specification (Second Revision),ml,NOT_TRANSLATED,NEEDS_HUMAN_OR_MODEL_VALIDATION,AUXILIARY_ONLY
RV-V03-004098,MSV1-90F6EB305F5CAEB3,IS 5672:2026,Mineral mixtures for supplementing poultry feeds Specification ( Second Revision ),ml,NOT_TRANSLATED,NEEDS_HUMAN_OR_MODEL_VALIDATION,AUXILIARY_ONLY
RV-V03-004099,MSV1-4B29600AA059655B,IS 13329:2026,TRIADIMEFON WETTABLE POWDER WP SPECIFICATION first revision,ml,NOT_TRANSLATED,NEEDS_HUMAN_OR_MODEL_VALIDATION,AUXILIARY_ONLY
RV-V03-004100,MSV1-3368332549227E5A,IS 13330:2026,BITERTANOL TECHNICAL SPECIFICATION first revision,ml,NOT_TRANSLATED,NEEDS_HUMAN_OR_MODEL_VALIDATION,AUXILIARY_ONLY
RV-V03-004101,MSV1-38925AD37AAB4639,IS 13331:2026,BITERTANOL WETTABLE POWDER WP SPECIFICATION first revision,ml,NOT_TRANSLATED,NEEDS_HUMAN_OR_MODEL_VALIDATION,AUXILIARY_ONLY
RV-V03-004102,MSV1-7D49B3978E84876E,IS 13402:2026,ANILOPHOS TECHNICAL SPECIFICATION first revision,ml,NOT_TRANSLATED,NEEDS_HUMAN_OR_MODEL_VALIDATION,AUXILIARY_ONLY
RV-V03-004103,MSV1-20C9489A616DA393,IS 13800:2026,Shoe Sizes Method of Marking First Revision,ml,NOT_TRANSLATED,NEEDS_HUMAN_OR_MODEL_VALIDATION,AUXILIARY_ONLY
RV-V03-004104,MSV1-F52997B0B5895479,IS 15937:2026,Meat and meat products Determination of chloramphenicol content Reference method First Revision of IS 15937 Adoption of ISO 13493 : 2021,ml,NOT_TRANSLATED,NEEDS_HUMAN_OR_MODEL_VALIDATION,AUXILIARY_ONLY
RV-V03-004105,MSV1-753ED5FAFD3031C1,IS 19518:2026,Papta Desi Carica papaya L dried pericarp of fruits for use in Traditional Medicine Specification,ml,NOT_TRANSLATED,NEEDS_HUMAN_OR_MODEL_VALIDATION,AUXILIARY_ONLY
RV-V03-004106,MSV1-4C7C9E60D0AB5348,IS 17274 (Part 4):2026,"Respiratory Protective Devices — Methods of Test and Test Equipment Part 4 Determination of gas filter capacity and migration, desorption and carbon monoxide dynamic testing",ml,NOT_TRANSLATED,NEEDS_HUMAN_OR_MODEL_VALIDATION,AUXILIARY_ONLY
RV-V03-004107,MSV1-D5744052BF230FCB,IS 19420:2026,Personal Protective Equipment — Test Methods for Sunglasses and Related Eyewear,ml,NOT_TRANSLATED,NEEDS_HUMAN_OR_MODEL_VALIDATION,AUXILIARY_ONLY
RV-V03-004108,MSV1-953194F43F8FCAD1,IS 19517 (Part 1):2026,Eye and Face Protection — Sunglasses and Related Eyewear Part 1 Sunglasses for General Use,ml,NOT_TRANSLATED,NEEDS_HUMAN_OR_MODEL_VALIDATION,AUXILIARY_ONLY
RV-V03-004109,MSV1-E866C99335C53356,IS 19509:2026,Justicia adhatoda Hydro-alcoholic Extract for Use in Homoeopathy Specification,ml,NOT_TRANSLATED,NEEDS_HUMAN_OR_MODEL_VALIDATION,AUXILIARY_ONLY
RV-V03-004110,MSV1-0518AFC6A520AA6B,IS 1946 (Part 4):2026,"Fixing Devices in Walls, Ceilings and Floors of Solid Construction Part 4 Testing and Assessment of Post-Installed Mechanical Anchoring Systems ( First Revision )",ml,NOT_TRANSLATED,NEEDS_HUMAN_OR_MODEL_VALIDATION,AUXILIARY_ONLY
RV-V03-004111,MSV1-D8945DAE51128E3F,IS 6911:2026,"STAINLESS STEEL PLATE, SHEET AND STRIP - SPECIFICATION (Third revision)",ml,NOT_TRANSLATED,NEEDS_HUMAN_OR_MODEL_VALIDATION,AUXILIARY_ONLY
RV-V03-004112,MSV1-D60CBB83D78AE371,IS 17175 (Part 1):2026,Steel Measurement Method for the Evaluation of Hydrogen Embrittlement Resistance of High Strength Steels Part 1: Constant Load Test,ml,NOT_TRANSLATED,NEEDS_HUMAN_OR_MODEL_VALIDATION,AUXILIARY_ONLY
RV-V03-004113,MSV1-7E45D6F315F2E73E,IS 19558 (Part 1):2026,Energy Audits Part 1 General Requirements with Guidance for use (First Revision),ml,NOT_TRANSLATED,NEEDS_HUMAN_OR_MODEL_VALIDATION,AUXILIARY_ONLY
RV-V03-004114,MSV1-0E715450D2B5A8F2,IS 16656:2026,REFRIGERANTS — DESIGNATION AND SAFETY CLASSIFICATION ( First Revision of IS 16656 : 2017/ISO 817 : 2014 ),ml,NOT_TRANSLATED,NEEDS_HUMAN_OR_MODEL_VALIDATION,AUXILIARY_ONLY
RV-V03-004115,MSV1-E0F9033C7DBCB910,IS 16672 (Part 1):2026,REFRIGERATED DISPLAY CABINETS PART 1 VOCABULARY [ First Revision of IS 16672 (Part 1) : 2017/ISO 23953-1 : 2015] ( Adoption of ISO 23953-1 : 2023),ml,NOT_TRANSLATED,NEEDS_HUMAN_OR_MODEL_VALIDATION,AUXILIARY_ONLY
RV-V03-004116,MSV1-985383648064A339,IS 2062 (Part 2):2026,"Structural Steel - Part 2 - Hot Rolled Quenched and Tempered Steel Plates, Sheets, Strips and Wide Flats",ml,NOT_TRANSLATED,NEEDS_HUMAN_OR_MODEL_VALIDATION,AUXILIARY_ONLY
RV-V03-004117,MSV1-0B59BC2BB1AEEE5B,IS 19626:2026,Electrolytic Zinc-Nickel Alloy Coated Steel Sheet and Strip- Specification,ml,NOT_TRANSLATED,NEEDS_HUMAN_OR_MODEL_VALIDATION,AUXILIARY_ONLY
RV-V03-004118,MSV1-73BCA84A42A24AB4,IS 19571:2026,BUILDING CONSTRUCTION MACHINERY AND EQUIPMENT CONCRETE SPRAYING MACHINES TERMINOLOGY AND COMMERCIAL SPECIFICATIONS Adoption of ISO 21592,ml,NOT_TRANSLATED,NEEDS_HUMAN_OR_MODEL_VALIDATION,AUXILIARY_ONLY
RV-V03-004119,MSV1-CF47FE721FA5D165,IS 19569:2026,BUILDING CONSTRUCTION MACHINERY AND EQUIPMENT PEDESTRIAN-CONTROLLED VIBRATORY PLATES TERMINOLOGY AND COMMERCIAL SPECIFICATIONS Adoption of ISO 19433,ml,NOT_TRANSLATED,NEEDS_HUMAN_OR_MODEL_VALIDATION,AUXILIARY_ONLY
RV-V03-004120,MSV1-85636550788621FF,IS 19566 (Part 1):2026,BUILDING CONSTRUCTION MACHINERY AND EQUIPMENT CONCRETE PLACING SYSTEMS FOR STATIONARY EQUIPMENT PART 1 TERMINOLOGY AND COMMERCIAL SPECIFICATIONS Adoption of ISO 17740-1,ml,NOT_TRANSLATED,NEEDS_HUMAN_OR_MODEL_VALIDATION,AUXILIARY_ONLY
RV-V03-004121,MSV1-BC328CAB218C7A2B,IS 19558 (Part 3):2026,Energy Audits Part 3 Guidance for Conducting an Energy Audit using ISO 50002-1 in Processes,ml,NOT_TRANSLATED,NEEDS_HUMAN_OR_MODEL_VALIDATION,AUXILIARY_ONLY
RV-V03-004122,MSV1-D98D0299B59AB748,IS 19557:2026,Clean Cookstoves and Clean Cooking Solutions — Test Protocols for Institutional Cookstoves,ml,NOT_TRANSLATED,NEEDS_HUMAN_OR_MODEL_VALIDATION,AUXILIARY_ONLY
RV-V03-004123,MSV1-98EBCD0A359757DD,IS 19603:2026,"Petroleum, chemical and gas service industries — Packaged, integrally geared centrifugal air compressors (Adoption of ISO 10442: 2002)",ml,NOT_TRANSLATED,NEEDS_HUMAN_OR_MODEL_VALIDATION,AUXILIARY_ONLY
RV-V03-004124,MSV1-FB6DBD16D9ECF27B,IS 19551:2026,Acoustics — Noise Emitted by Machinery and Equipment — Determination of Emission Sound Pressure Levels at a Work Station and at other Specified Positions Applying Approximate Environmental Corrections,ml,NOT_TRANSLATED,NEEDS_HUMAN_OR_MODEL_VALIDATION,AUXILIARY_ONLY
RV-V03-004125,MSV1-F0055A0F68FDD912,IS 16502 (Part 5):2026,Safety of Machinery Electro-Sensitive Protective Equipment Part 5 Particular Requirements for Radar-Based Protective Devices,ml,NOT_TRANSLATED,NEEDS_HUMAN_OR_MODEL_VALIDATION,AUXILIARY_ONLY
RV-V03-004126,MSV1-4F29ACEAD092F139,IS 19598:2026,E-COMMERCE- PRINCIPLES AND GUIDELINES FOR SELF-GOVERNANCE,ml,NOT_TRANSLATED,NEEDS_HUMAN_OR_MODEL_VALIDATION,AUXILIARY_ONLY
RV-V03-004127,MSV1-4EFAE4DE38C2AF45,IS/ISO/IEC 5140:2024,Information technology Cloud computing Concepts for multi-cloud and the use of multiple cloud services,ml,NOT_TRANSLATED,NEEDS_HUMAN_OR_MODEL_VALIDATION,AUXILIARY_ONLY
RV-V03-004128,MSV1-C5E674F636C1DA84,IS 19621:2026,Dentistry Graphical Symbols for Dental Instruments,ml,NOT_TRANSLATED,NEEDS_HUMAN_OR_MODEL_VALIDATION,AUXILIARY_ONLY
RV-V03-004129,MSV1-294DAA007B4995A5,IS 18775 (Part 20701):2025,Health Informatics — Device Interoperability Part 20701 Point-of-Care Medical Device Communication — Service Oriented Medical Device Exchange Architecture and Protocol Binding,ml,NOT_TRANSLATED,NEEDS_HUMAN_OR_MODEL_VALIDATION,AUXILIARY_ONLY
RV-V03-004130,MSV1-0A84A0F70458436D,IS 18875 (Part 40102):2026,Health Informatics — Device Interoperability Part 40101 Foundational — Cybersecurity — Processes for Vulnerability Assessment,ml,NOT_TRANSLATED,NEEDS_HUMAN_OR_MODEL_VALIDATION,AUXILIARY_ONLY
RV-V03-004131,MSV1-1BF8B5BE10AD57C5,IS 18875 (Part 40102):2025,Health Informatics — Device Interoperability Part 40102 Foundational — Cybersecurity — Capabilities for Mitigation,ml,NOT_TRANSLATED,NEEDS_HUMAN_OR_MODEL_VALIDATION,AUXILIARY_ONLY
RV-V03-004132,MSV1-D90FFBE61B733AE7,IS 10467:2026,Sound System Equipment Listening Tests on Loudspeakers (First Revision),ml,NOT_TRANSLATED,NEEDS_HUMAN_OR_MODEL_VALIDATION,AUXILIARY_ONLY
RV-V03-004133,MSV1-5D8D5279A6C61703,IS 5155:2026,Medical Laboratory Glassware Ostwald-Folin Type Pipettes Specification First Revision,ml,NOT_TRANSLATED,NEEDS_HUMAN_OR_MODEL_VALIDATION,AUXILIARY_ONLY
RV-V03-004134,MSV1-6D5B0E1F9759EC1D,IS 6944:2026,Medical Laboratory Glassware — Bijou Bacteriological Bottle — Specification (First Revision),ml,NOT_TRANSLATED,NEEDS_HUMAN_OR_MODEL_VALIDATION,AUXILIARY_ONLY
RV-V03-004135,MSV1-BD8E99AA22CD0D1D,IS 16504 (Part 32):2026,Safety of Machinery - Electrical Equipment of Machines Part 32 Requirements for Hoisting Machines (First Revision),ml,NOT_TRANSLATED,NEEDS_HUMAN_OR_MODEL_VALIDATION,AUXILIARY_ONLY
RV-V03-004136,MSV1-561BEB9BA9CF018C,IS 17521:2026,Safety of Machinery Security Aspects Related to Functional Safety of Safety Related Control Systems (First Revision),ml,NOT_TRANSLATED,NEEDS_HUMAN_OR_MODEL_VALIDATION,AUXILIARY_ONLY
RV-V03-004137,MSV1-C5072671A8BCE975,IS 16784:2026,INSULATORS FOR OVERHEAD LINES COMPOSITE SUSPENSION AND TENSION INSULATORS WITH a.c. VOLTAGE GREATER THAN 1 000 V AND d.c. VOLTAGE GREATER THAN 1 500 V DEFINITIONS TEST METHODS AND ACCEPTANCE CRITERIA (First Revision),ml,NOT_TRANSLATED,NEEDS_HUMAN_OR_MODEL_VALIDATION,AUXILIARY_ONLY
RV-V03-004138,MSV1-0D9AF2D55367CCAD,IS/IEC 62820 (Part 1/Sec 2):2017,Building intercom systems Part 1-2: System requirements Building intercom systems using the internet protocol IP,ml,NOT_TRANSLATED,NEEDS_HUMAN_OR_MODEL_VALIDATION,AUXILIARY_ONLY
RV-V03-004139,MSV1-E80B563B00362FB5,IS/IEC 62820 (Part 3/Sec 1):2017,Building intercom systems Part 3-1: Application guidelines General,ml,NOT_TRANSLATED,NEEDS_HUMAN_OR_MODEL_VALIDATION,AUXILIARY_ONLY
RV-V03-004140,MSV1-8F8B9C586F4E5272,IS/IEC 62820 (Part 3/Sec 2):2018,Building intercom systems Part 3-2: Application guidelines Advanced security building intercom systems ASBIS,ml,NOT_TRANSLATED,NEEDS_HUMAN_OR_MODEL_VALIDATION,AUXILIARY_ONLY
RV-V03-004141,MSV1-C27F887FB984D511,IS 16910 (Part 5/Sec 1):2026,Video surveillance systems for use in security applications Part 5-1: Data specifications and image quality performance for camera devices Environmental test methods for image quality performance,ml,NOT_TRANSLATED,NEEDS_HUMAN_OR_MODEL_VALIDATION,AUXILIARY_ONLY
RV-V03-004142,MSV1-86216FDA606427B2,IS/IEC 62851 (Part 1):2014,Alarm and electronic security systems Social alarm systems Part 1: System requirements,ml,NOT_TRANSLATED,NEEDS_HUMAN_OR_MODEL_VALIDATION,AUXILIARY_ONLY
RV-V03-004143,MSV1-6A0C21E03FFC4D13,IS/IEC 62851 (Part 3):2014,Alarm and electronic security systems Social alarm systems Part 3: Local unit and controller,ml,NOT_TRANSLATED,NEEDS_HUMAN_OR_MODEL_VALIDATION,AUXILIARY_ONLY
RV-V03-004144,MSV1-B544ED0F37FC7977,IS 16910 (Part 2/Sec 33)2026,Video surveillance systems for use in security applications Part 2-33: Video transmission protocols Cloud uplink and remote management system access,ml,NOT_TRANSLATED,NEEDS_HUMAN_OR_MODEL_VALIDATION,AUXILIARY_ONLY
RV-V03-004145,MSV1-9CAAB83771FCC727,IS/IEC 62820 (Part 2):2017,Building intercom systems Part 2: System requirements Building intercom systems using the Internet Protocol IP,ml,NOT_TRANSLATED,NEEDS_HUMAN_OR_MODEL_VALIDATION,AUXILIARY_ONLY
RV-V03-004146,MSV1-24ABED3D718ABA51,IS 16910 (Part 2/Sec 11)2026,Video Surveillance Systems VSS for use in security applications - Part 2-11: Video transmission protocols - Interop profiles for VMS and cloud VSaaS systems for safe cities and law enforcement,ml,NOT_TRANSLATED,NEEDS_HUMAN_OR_MODEL_VALIDATION,AUXILIARY_ONLY
RV-V03-004147,MSV1-F04CB376049ECC23,IS/IEC 62851 (Part 2):2014,Alarm and electronic security systems - Social alarm systems - Part 2: Trigger devices,ml,NOT_TRANSLATED,NEEDS_HUMAN_OR_MODEL_VALIDATION,AUXILIARY_ONLY
RV-V03-004148,MSV1-977650DB8FAA6CD1,IS/IEC 62851 (Part 5):2014,Alarm and electronic security systems Social alarm systems Part 5: Interconnections and communications,ml,NOT_TRANSLATED,NEEDS_HUMAN_OR_MODEL_VALIDATION,AUXILIARY_ONLY
RV-V03-004149,MSV1-DA0D920D22EFCB9D,IS/ISO/IEC 11801 (Part 9910):2020,Information technology Generic cabling systems for customer premises Part 9910: Specifications for modular plug terminated link cabling,ml,NOT_TRANSLATED,NEEDS_HUMAN_OR_MODEL_VALIDATION,AUXILIARY_ONLY
RV-V03-004150,MSV1-1F108F633F95A430,IS/ISO/IEC 11801 (Part 6):2017,Information technology Generic cabling for customer premises Part 6: Distributed building services,ml,NOT_TRANSLATED,NEEDS_HUMAN_OR_MODEL_VALIDATION,AUXILIARY_ONLY
RV-V03-004151,MSV1-6A124B39D24DBB09,IS/ISO/IEC 11801 (Part 9909):2020,Information technology Generic cabling systems for customer premises Part 9909: Evaluation of balanced cabling in support of 25 Gbits for reach greater than 30 metres,ml,NOT_TRANSLATED,NEEDS_HUMAN_OR_MODEL_VALIDATION,AUXILIARY_ONLY
RV-V03-004152,MSV1-9F19051F0974B2EA,IS 17798 (Part 3):2025,Cable Networks for Television Signals Sound Signals and Interactive Services - Part 3: Active Wideband Equipment for Cable Networks,ml,NOT_TRANSLATED,NEEDS_HUMAN_OR_MODEL_VALIDATION,AUXILIARY_ONLY
RV-V03-004153,MSV1-508C419920CEB167,IS 14231 (Part 4):2026,Cable Networks for Television Signals Sound Signals and Interactive Services -Part 4: Passive Wideband Equipment for Coaxial Cable Networks First Revision,ml,NOT_TRANSLATED,NEEDS_HUMAN_OR_MODEL_VALIDATION,AUXILIARY_ONLY
RV-V03-004154,MSV1-F9345ADCD1C43C11,IS 2264:2026,Acoustics - Preferred frequencies (First Revision),ml,NOT_TRANSLATED,NEEDS_HUMAN_OR_MODEL_VALIDATION,AUXILIARY_ONLY
RV-V03-004155,MSV1-ACE8B1A9505D7F27,IS 7709:2026,Underwater acoustics - Hydrophones – Properties of hydrophones in the frequency range 1 Hz to 500 kHz (First Revision),ml,NOT_TRANSLATED,NEEDS_HUMAN_OR_MODEL_VALIDATION,AUXILIARY_ONLY
RV-V03-004156,MSV1-A93AE222567640FA,IS 14231 (Part 5):2026,Cable Networks for Television Signals Sound Signals and Interactive Services - Part 5: Headend Equipment First Revision,ml,NOT_TRANSLATED,NEEDS_HUMAN_OR_MODEL_VALIDATION,AUXILIARY_ONLY
RV-V03-004157,MSV1-2A2D4C7AD5417E46,IS 8159:2026,Scales and Sizes for Plotting Frequency Characteristics and Polar Diagrams(Second Revision),ml,NOT_TRANSLATED,NEEDS_HUMAN_OR_MODEL_VALIDATION,AUXILIARY_ONLY
RV-V03-004158,MSV1-B26A6DF349D397B9,IS 14231 (Part 7):2026,Cable Networks for Television Signals Sound Signals and Interactive Services - Part 7: Electromagnetic Compatibility of Systems First Revision,ml,NOT_TRANSLATED,NEEDS_HUMAN_OR_MODEL_VALIDATION,AUXILIARY_ONLY
RV-V03-004159,MSV1-D00A8B044088E37D,IS 14231 (Part 1):2026,Cable networks for television signals sound signals and interactive services Part 1: System performance of forward paths First Revision,ml,NOT_TRANSLATED,NEEDS_HUMAN_OR_MODEL_VALIDATION,AUXILIARY_ONLY
RV-V03-004160,MSV1-179935837B8C97CD,IS/IEC 60118 (Part 12):1996,Hearing aids - Dimensions of electrical connecter systems (Second Revision),ml,NOT_TRANSLATED,NEEDS_HUMAN_OR_MODEL_VALIDATION,AUXILIARY_ONLY
RV-V03-004161,MSV1-CBCF2842A8C9908E,IS 60118 (Part 9):2019,Electroacoustics - Hearing Aids - Part 9: Methods of Measurement of The Performance Characteristics of Bone Conduction Hearing Aids First Revision,ml,NOT_TRANSLATED,NEEDS_HUMAN_OR_MODEL_VALIDATION,AUXILIARY_ONLY
RV-V03-004162,MSV1-E5CD245E553AD4D5,IS/IEC 60318 (Part 6):2007,Electroacoustics Simulators of Human Head and Ear Part 6: Mechanical Coupler for The Measurement of Bone Vibrators First Revision,ml,NOT_TRANSLATED,NEEDS_HUMAN_OR_MODEL_VALIDATION,AUXILIARY_ONLY
RV-V03-004163,MSV1-D75B43E1125344FA,IS 389 (Part 3):2016,Acoustics Reference Zero for The Calibration of Audiometric Equipment Part 3: Reference Equivalent Threshold Vibratory Force Levels For Pure Tones and Bone Vibrators,ml,NOT_TRANSLATED,NEEDS_HUMAN_OR_MODEL_VALIDATION,AUXILIARY_ONLY
RV-V03-004164,MSV1-76CCA987ECB1ED9F,IS/IEC 60793 (Part 1/Sec 41):2024,Optical fibres Part 1 Measurement Methods and Test Procedures Section 41 Bandwidth first Revision,ml,NOT_TRANSLATED,NEEDS_HUMAN_OR_MODEL_VALIDATION,AUXILIARY_ONLY
RV-V03-004165,MSV1-F3DE7ED18509B966,IS/IEC 60793 (Part 1/Sec 34):2021,Optical fibres Optical fibres: Part 1 measurement methods and test procedures: Sec 34 fibre curl first Revision,ml,NOT_TRANSLATED,NEEDS_HUMAN_OR_MODEL_VALIDATION,AUXILIARY_ONLY
RV-V03-004166,MSV1-6C90D41CA299EC6A,IS/IEC 60793 (Part 1/Sec 32):2018,Optical fibres: Part 1 measurement methods and test procedures: Sec 32 coating strippability first Revision,ml,NOT_TRANSLATED,NEEDS_HUMAN_OR_MODEL_VALIDATION,AUXILIARY_ONLY
RV-V03-004167,MSV1-5935CB0719E22D17,IS/IEC 60793 (Part 1/Sec 31):2019,Optical fibres: Part 1 measurement methods and test procedures: Sec 31 tensile strength First Revision,ml,NOT_TRANSLATED,NEEDS_HUMAN_OR_MODEL_VALIDATION,AUXILIARY_ONLY
RV-V03-004168,MSV1-A18B44F5E280A940,IS 9989 (Part 2):2025,Acoustics Description Measurement and Assessment of Environmental Noise Part 2: Determination of Sound Pressure Levels,ml,NOT_TRANSLATED,NEEDS_HUMAN_OR_MODEL_VALIDATION,AUXILIARY_ONLY
RV-V03-004169,MSV1-30ABF6B1C4E341D8,IS 1996 (Part 1):2016,Acoustics Description Measurement and Assessment of Environmental Noise Part 1: Basic Quantities and Assessment Procedures,ml,NOT_TRANSLATED,NEEDS_HUMAN_OR_MODEL_VALIDATION,AUXILIARY_ONLY
RV-V03-004170,MSV1-3542EA3F513AB34C,IS/IEC 60461:2021,Time and control code,ml,NOT_TRANSLATED,NEEDS_HUMAN_OR_MODEL_VALIDATION,AUXILIARY_ONLY
RV-V03-004171,MSV1-B0507743A6428CD4,IS 19479:2026,Sterile Blades for Ophthalmic Microsurgeries for Single Use-Requirements and Test Methods,ml,NOT_TRANSLATED,NEEDS_HUMAN_OR_MODEL_VALIDATION,AUXILIARY_ONLY
RV-V03-004172,MSV1-89B82BFB75FA5792,IS 18489 (Part 2):2026,Dentistry Digital Impression Devices Part 2 Methods for Assessing Accuracy for Implanted Devices,ml,NOT_TRANSLATED,NEEDS_HUMAN_OR_MODEL_VALIDATION,AUXILIARY_ONLY
RV-V03-004173,MSV1-A44533B7A86FF21F,IS 8152:2026,Method of measurement of speed fluctuations in sound recording and reproducing equipment First Revision,ml,NOT_TRANSLATED,NEEDS_HUMAN_OR_MODEL_VALIDATION,AUXILIARY_ONLY
RV-V03-004174,MSV1-4F9DC8D85BC3ED0A,IS/ISO/IEC 14496 (Part 12):2022,Information Technology Coding of Audio-Visual Objects Part 12: ISO Base Media File Format,ml,NOT_TRANSLATED,NEEDS_HUMAN_OR_MODEL_VALIDATION,AUXILIARY_ONLY
RV-V03-004175,MSV1-26B4524C24EDE1B6,IS 2254:2026,Dimensions of vertical shaft motors for pumps,ml,NOT_TRANSLATED,NEEDS_HUMAN_OR_MODEL_VALIDATION,AUXILIARY_ONLY
RV-V03-004176,MSV1-FCE1ABFB03A1D6AE,IS/IEC 60875 (Part 1):2024,Fibre optic interconnecting devices and passive components Non-wavelength-selective fibre optic branching devices Part 1: Generic specification First Revision,ml,NOT_TRANSLATED,NEEDS_HUMAN_OR_MODEL_VALIDATION,AUXILIARY_ONLY
RV-V03-004177,MSV1-C4D7D29660D33BF1,IS/ISO/IEC 19790:2025,Information Security Cybersecurity and Privacy Protection Security Requirements For Cryptographic Modules First Revision,ml,NOT_TRANSLATED,NEEDS_HUMAN_OR_MODEL_VALIDATION,AUXILIARY_ONLY
RV-V03-004178,MSV1-95EF888C0C25C83E,IS 19526:2026,Digital Platform Conformity Assessment,ml,NOT_TRANSLATED,NEEDS_HUMAN_OR_MODEL_VALIDATION,AUXILIARY_ONLY
RV-V03-004179,MSV1-8A8E737882B237CA,IS/ISO/IEC 27035 (Part 4):2024,Information Technology Information Security Incident Management Part 4: Coordination,ml,NOT_TRANSLATED,NEEDS_HUMAN_OR_MODEL_VALIDATION,AUXILIARY_ONLY
RV-V03-004180,MSV1-EAA1A12BFA992DCF,IS 19541:2026,EARTH-MOVING MACHINERY HYDRAULIC BREAKERS TERMINOLOGY AND COMMERCIAL SPECIFICATIONS,ml,NOT_TRANSLATED,NEEDS_HUMAN_OR_MODEL_VALIDATION,AUXILIARY_ONLY
RV-V03-004181,MSV1-CB75D22EB48A2549,IS 19563:2026,Jewellery and precious metals Determination of high purity gold silver platinum and palladium Difference method using SPARK-OES,ml,NOT_TRANSLATED,NEEDS_HUMAN_OR_MODEL_VALIDATION,AUXILIARY_ONLY
RV-V03-004182,MSV1-988717EB148452D9,IS 19565 (Part 2):2026,BUILDING CONSTRUCTION MACHINERY AND EQUIPMENT TRUCK MIXERS PART 2 SAFETY REQUIREMENTS Adoption of ISO 19711-2,ml,NOT_TRANSLATED,NEEDS_HUMAN_OR_MODEL_VALIDATION,AUXILIARY_ONLY
RV-V03-004183,MSV1-996FDC01FCA4280F,IS 19570 (Part 1):2026,BUILDING CONSTRUCTION MACHINERY AND EQUIPMENT PLANTS FOR THE PREPARATION OF CONCRETE AND MORTAR PART 1 TERMINOLOGY AND COMMERCIAL SPECIFICATIONS Adoption of ISO 19720-1,ml,NOT_TRANSLATED,NEEDS_HUMAN_OR_MODEL_VALIDATION,AUXILIARY_ONLY
RV-V03-004184,MSV1-2983874B08754C2E,IS 19573:2026,ROAD CONSTRUCTION AND MAINTENANCE EQUIPMENT CHIPPINGS SPREADERS TERMINOLOGY AND COMMERCIAL SPECIFICATIONS Adoption of ISO 15644,ml,NOT_TRANSLATED,NEEDS_HUMAN_OR_MODEL_VALIDATION,AUXILIARY_ONLY
RV-V03-004185,MSV1-AE91DE9DEF9B6CB5,IS 19574:2026,ROAD CONSTRUCTION AND MAINTENANCE EQUIPMENT POWDER BINDER SPREADERS TERMINOLOGY AND COMMERCIAL SPECIFICATION Adoption of ISO 15689,ml,NOT_TRANSLATED,NEEDS_HUMAN_OR_MODEL_VALIDATION,AUXILIARY_ONLY
RV-V03-004186,MSV1-8372F0AFFE1EDA34,IS 19572:2026,DRILLING AND FOUNDATION MACHINERY HORIZONTAL DIRECTIONAL DRILLING HDD MACHINES COMMERCIAL SPECIFICATIONS Adoption of ISO 21467,ml,NOT_TRANSLATED,NEEDS_HUMAN_OR_MODEL_VALIDATION,AUXILIARY_ONLY
RV-V03-004187,MSV1-DA5D35D59B3A89E5,IS 19565 (Part 1):2026,BUILDING CONSTRUCTION MACHINERY AND EQUIPMENT TRUCK MIXERS PART 1 TERMINOLOGY AND COMMERCIAL SPECIFICATIONS Adoption of ISO 19711-1,ml,NOT_TRANSLATED,NEEDS_HUMAN_OR_MODEL_VALIDATION,AUXILIARY_ONLY
RV-V03-004188,MSV1-13A37DEFFC4A8D4A,IS 9999:2026,Specification and Safety Requirements for Diesel Locomotives used in Mines,ml,NOT_TRANSLATED,NEEDS_HUMAN_OR_MODEL_VALIDATION,AUXILIARY_ONLY
RV-V03-004189,MSV1-AB4A8A3DC5FE122F,IS 1943:2026,Textiles — A — Twill Jute Bags — Specification ( Third Revision ),ml,NOT_TRANSLATED,NEEDS_HUMAN_OR_MODEL_VALIDATION,AUXILIARY_ONLY
RV-V03-004190,MSV1-C6E0E12A2134AEEB,IS 2566:2026,Textiles BTwill Jute Bags for Packing Food grains Specification,ml,NOT_TRANSLATED,NEEDS_HUMAN_OR_MODEL_VALIDATION,AUXILIARY_ONLY
RV-V03-004191,MSV1-107A0235696AC684,IS 3667:2026,Textiles — B — Twill Jute Cloth — Specification,ml,NOT_TRANSLATED,NEEDS_HUMAN_OR_MODEL_VALIDATION,AUXILIARY_ONLY
RV-V03-004192,MSV1-C27B9053B32F7C17,IS 17623:2026,Water reuse Vocabulary First Revision,ml,NOT_TRANSLATED,NEEDS_HUMAN_OR_MODEL_VALIDATION,AUXILIARY_ONLY
RV-V03-004193,MSV1-8A2B1BB926743F92,IS 13323:2026,"Pliers and nippers — Slip joint pliers — Dimensions and test values (ISO 9343 : 2021, MOD) ( Second Revision )",ml,NOT_TRANSLATED,NEEDS_HUMAN_OR_MODEL_VALIDATION,AUXILIARY_ONLY
RV-V03-004194,MSV1-1EAE7F4A95F49168,IS 18507:2026,Drywall screws — Specification (first revision),ml,NOT_TRANSLATED,NEEDS_HUMAN_OR_MODEL_VALIDATION,AUXILIARY_ONLY
RV-V03-004195,MSV1-E3AEA4F6FCB2D208,IS 3082:2026,Assembly Tools for Screws and Nuts — Hexagon Socket Screw Keys ( Fourth) Revision ),ml,NOT_TRANSLATED,NEEDS_HUMAN_OR_MODEL_VALIDATION,AUXILIARY_ONLY
RV-V03-004196,MSV1-51352396E5738078,IS 18554:2026,Textile floor coverings - Water impermeability test (first revision),ml,NOT_TRANSLATED,NEEDS_HUMAN_OR_MODEL_VALIDATION,AUXILIARY_ONLY
RV-V03-004197,MSV1-97D7B2E37BCAE515,IS 11205:2026,Textile floor coverings — Vocabulary (Second Revision),ml,NOT_TRANSLATED,NEEDS_HUMAN_OR_MODEL_VALIDATION,AUXILIARY_ONLY
RV-V03-004198,MSV1-BA921BABBFA96F15,IS 15891 (Part 6):2026,"Nonwovens — Test Methods Part 6 Absorption (First Revision) (ISO 9073 – 6 : 2025, MOD)",ml,NOT_TRANSLATED,NEEDS_HUMAN_OR_MODEL_VALIDATION,AUXILIARY_ONLY
RV-V03-004199,MSV1-837B5D3994F98EC8,IS 15891 (Part 7):2026,"Nonwovens — Test Methods Part 7 Determination of Bending Length (First Revision) (ISO 9073 – 7 : 2025, MOD)",ml,NOT_TRANSLATED,NEEDS_HUMAN_OR_MODEL_VALIDATION,AUXILIARY_ONLY
RV-V03-004200,MSV1-121C93C850CA548D,IS 837:2026,Textiles — Doffer and Flat Stripping Comb Blades — Specification (Second Revision),ml,NOT_TRANSLATED,NEEDS_HUMAN_OR_MODEL_VALIDATION,AUXILIARY_ONLY
RV-V03-004201,MSV1-A22D395DE49873EC,IS 19524:2026,Hydraulic Impulse Tools -- Specification,ml,NOT_TRANSLATED,NEEDS_HUMAN_OR_MODEL_VALIDATION,AUXILIARY_ONLY
RV-V03-004202,MSV1-0C870B59777C045A,IS 19538:2026,Internal Combustion Engines - Piston Rings - Oil Control Rings,ml,NOT_TRANSLATED,NEEDS_HUMAN_OR_MODEL_VALIDATION,AUXILIARY_ONLY
RV-V03-004203,MSV1-70EE8B40D57FD173,ISO/SAE 21434:2021,ROAD VEHICLES CYBER SECURITY ENGINEERING,ml,NOT_TRANSLATED,NEEDS_HUMAN_OR_MODEL_VALIDATION,AUXILIARY_ONLY
RV-V03-004204,MSV1-2771FC049E99875D,IS 19577 (Part 1):2026,Textiles — Test methods for evaluating the electrostatic propensity of fabrics Part 1 Test method using corona charging,ml,NOT_TRANSLATED,NEEDS_HUMAN_OR_MODEL_VALIDATION,AUXILIARY_ONLY
RV-V03-004205,MSV1-E6F77E0430616625,IS 19577 (Part 2):2026,Textiles — Test methods for evaluating the electrostatic propensity of fabrics Part 2 Test method using rotary mechanical friction,ml,NOT_TRANSLATED,NEEDS_HUMAN_OR_MODEL_VALIDATION,AUXILIARY_ONLY
RV-V03-004206,MSV1-D791CCE54E25572D,IS 19577 (Part 3):2026,Textiles — Test methods for evaluating the electrostatic propensity of fabrics Part 3 Test method using manual friction,ml,NOT_TRANSLATED,NEEDS_HUMAN_OR_MODEL_VALIDATION,AUXILIARY_ONLY
RV-V03-004207,MSV1-AF3A8ABA9DBDB8EF,IS 19577 (Part 4):2026,Textiles — Test methods for evaluating the electrostatic propensity of fabrics Part 4 Test method using horizontal mechanical friction,ml,NOT_TRANSLATED,NEEDS_HUMAN_OR_MODEL_VALIDATION,AUXILIARY_ONLY
RV-V03-004208,MSV1-A1A0C741EC0EF742,IS 19625:2026,Organization of Exhibitions - Recommendations and Requirements,ml,NOT_TRANSLATED,NEEDS_HUMAN_OR_MODEL_VALIDATION,AUXILIARY_ONLY
RV-V03-004209,MSV1-CF2F96AFA2097258,IS 19629:2026,"Internet of Things (IoT) - IoT for Stress Management , Good Health and Well-Being",ml,NOT_TRANSLATED,NEEDS_HUMAN_OR_MODEL_VALIDATION,AUXILIARY_ONLY
RV-V03-004210,MSV1-D326CBBC904B4CA4,IS 19581:2026,Sustainable Beach Operations - Requirements,ml,NOT_TRANSLATED,NEEDS_HUMAN_OR_MODEL_VALIDATION,AUXILIARY_ONLY
RV-V03-004211,MSV1-0559B4BDF88BEAA7,IS 19591:2026,Cold Chain Logistics - Vocabulary,ml,NOT_TRANSLATED,NEEDS_HUMAN_OR_MODEL_VALIDATION,AUXILIARY_ONLY
RV-V03-004212,MSV1-D1C81DBE0EBAD92C,IS 6690:2026,Blades for Rortary Tiller (Rotavator) — Specification (Second Revision),ml,NOT_TRANSLATED,NEEDS_HUMAN_OR_MODEL_VALIDATION,AUXILIARY_ONLY
RV-V03-004213,MSV1-267BC92F4EA912AA,IS 11380:2026,Pesticide Residues Analysis in Agricultural and Food Commodities Method of Sampling,ml,NOT_TRANSLATED,NEEDS_HUMAN_OR_MODEL_VALIDATION,AUXILIARY_ONLY
RV-V03-004214,MSV1-5574D2EC193D8FDD,IS 5804:2026,Poultry Beak Trimming Machine — Specification (Second Revision),ml,NOT_TRANSLATED,NEEDS_HUMAN_OR_MODEL_VALIDATION,AUXILIARY_ONLY
RV-V03-004215,MSV1-4523D14201535975,IS 5302:2026,Acetic Anhydride Code of Safety First Revision,ml,NOT_TRANSLATED,NEEDS_HUMAN_OR_MODEL_VALIDATION,AUXILIARY_ONLY
RV-V03-004216,MSV1-A1410102430FE4B3,IS 17936:2026,Fine Ceramics Advanced Ceramics Advanced Technical Ceramics Vocabulary First Revision,ml,NOT_TRANSLATED,NEEDS_HUMAN_OR_MODEL_VALIDATION,AUXILIARY_ONLY
RV-V03-004217,MSV1-3C9B5B8A77F0C25B,IS 10897:2026,Zinc Phosphate Pigment for Paints - Specification,ml,NOT_TRANSLATED,NEEDS_HUMAN_OR_MODEL_VALIDATION,AUXILIARY_ONLY
RV-V03-004218,MSV1-A234A11EACAE3AC0,IS 19470:2026,Gul-I-Guhal Hibiscus rosa-sinensis L dried flowers for use in Traditional Medicine Specification,ml,NOT_TRANSLATED,NEEDS_HUMAN_OR_MODEL_VALIDATION,AUXILIARY_ONLY
RV-V03-004219,MSV1-DC27EE1B7722D4E7,IS 19460:2026,Ficus racemosa L Stem Bark for Use in Traditional Medicine Specification,ml,NOT_TRANSLATED,NEEDS_HUMAN_OR_MODEL_VALIDATION,AUXILIARY_ONLY
RV-V03-004220,MSV1-711582C489CFDE18,IS 6742:2026,AIRCRAFT — JACKING PADS,ml,NOT_TRANSLATED,NEEDS_HUMAN_OR_MODEL_VALIDATION,AUXILIARY_ONLY
RV-V03-004221,MSV1-1062C7FAFDFED6C8,IS 551:2025,"Bonded abrasive products -- Shape types, designation and marking",ml,NOT_TRANSLATED,NEEDS_HUMAN_OR_MODEL_VALIDATION,AUXILIARY_ONLY
RV-V03-004222,MSV1-12C5A2BB5B2A7BA5,IS 8622:2026,Wire Wound Sliding Contact Rheostats for Use in Educational Institutions -- Specification (Second Revision),ml,NOT_TRANSLATED,NEEDS_HUMAN_OR_MODEL_VALIDATION,AUXILIARY_ONLY
RV-V03-004223,MSV1-C31BCE1EBF87E8D2,IS 15742:2026,Textiles - Clothing Made of Limited Flame Spread Materials for Protection against Heat and Flame - Specification (First Revision),ml,NOT_TRANSLATED,NEEDS_HUMAN_OR_MODEL_VALIDATION,AUXILIARY_ONLY
RV-V03-004224,MSV1-744B4E43893676F9,IS 16111:2026,Medical Textiles — Elastic Bandage — Specification (first revision),ml,NOT_TRANSLATED,NEEDS_HUMAN_OR_MODEL_VALIDATION,AUXILIARY_ONLY
RV-V03-004225,MSV1-86081C676C33DB30,IS 753:2026,"Textiles — Handloom Cotton Pugri Cloth, Bleached or Dyed — Specification (Second Revision)",ml,NOT_TRANSLATED,NEEDS_HUMAN_OR_MODEL_VALIDATION,AUXILIARY_ONLY
RV-V03-004226,MSV1-6EBB5390BB6D0852,IS 2028:2026,Open Jaw Wrenches (Spanners) — Specification ( Sixth Revision ),ml,NOT_TRANSLATED,NEEDS_HUMAN_OR_MODEL_VALIDATION,AUXILIARY_ONLY
RV-V03-004227,MSV1-24D5989C38C1797D,IS 2029:2026,RING WRENCHES (SPANNERS) — SPECIFICATION (Fifth Revision),ml,NOT_TRANSLATED,NEEDS_HUMAN_OR_MODEL_VALIDATION,AUXILIARY_ONLY
RV-V03-004228,MSV1-F21E58B1FDF9E019,IS 1364 (Part 3):2026,"Hexagon head bolts, screws and nuts of product grades A and B: Part 3 Hexagon nuts, style 1 (Size range M5 To M39) (sixth revision)",ml,NOT_TRANSLATED,NEEDS_HUMAN_OR_MODEL_VALIDATION,AUXILIARY_ONLY
RV-V03-004229,MSV1-5169EAF164597A07,IS 19520 (Part 3):2026,INTERNAL COMBUSTION ENGINES - PISTON RINGS - PART 3: COIL-SPRING-LOADED OIL CONTROL RINGS MADE OF STEEL,ml,NOT_TRANSLATED,NEEDS_HUMAN_OR_MODEL_VALIDATION,AUXILIARY_ONLY
RV-V03-004230,MSV1-090315B37F3883FE,IS 19521:2026,INTERNAL COMBUSTION ENGINES — PISTON RINGS — EXPANDER RAIL OIL-CONTROL RINGS,ml,NOT_TRANSLATED,NEEDS_HUMAN_OR_MODEL_VALIDATION,AUXILIARY_ONLY
RV-V03-004231,MSV1-B9B2996E7A660829,IS 19393:2026,Textiles - Sports Ropes - Specification,ml,NOT_TRANSLATED,NEEDS_HUMAN_OR_MODEL_VALIDATION,AUXILIARY_ONLY
RV-V03-004232,MSV1-1EAA44E6E20BE960,IS 5178:2026,Dental Gingival Margin Trimmers — Specification (First Revision),ml,NOT_TRANSLATED,NEEDS_HUMAN_OR_MODEL_VALIDATION,AUXILIARY_ONLY
RV-V03-004233,MSV1-599B312DCC78176D,IS 5217:2026,Dental Flask Clamp — Specification (First Revision),ml,NOT_TRANSLATED,NEEDS_HUMAN_OR_MODEL_VALIDATION,AUXILIARY_ONLY
RV-V03-004234,MSV1-A29CB13A9E8F1793,IS 7467:2026,Dental Matrix Bands — Specification (First Revision),ml,NOT_TRANSLATED,NEEDS_HUMAN_OR_MODEL_VALIDATION,AUXILIARY_ONLY
RV-V03-004235,MSV1-41259BF9033AE15B,IS 18658 (Part 2):2026,Ophthalmic implants Intraocular lenses Part 2: Optical properties and test methods,ml,NOT_TRANSLATED,NEEDS_HUMAN_OR_MODEL_VALIDATION,AUXILIARY_ONLY
RV-V03-004236,MSV1-588D4AE53E9B2C76,IS 19427:2026,Onsite diagnostic testing of power transformers for condition health assessment,ml,NOT_TRANSLATED,NEEDS_HUMAN_OR_MODEL_VALIDATION,AUXILIARY_ONLY
RV-V03-004237,MSV1-36989D788C897164,IS 18888 (Part 3):2026,Designing Online Course Contents and Quality Assessment of Course Content & Delivery Platform —Code of Practice Part 3 Online Course Hosting Platform Quality Model and Assessment Methodology,ml,NOT_TRANSLATED,NEEDS_HUMAN_OR_MODEL_VALIDATION,AUXILIARY_ONLY
RV-V03-004238,MSV1-E966A4B5C44D4442,IS 19391:2026,Neurosurgical implants Sterile single-use hydrocephalus shunts,ml,NOT_TRANSLATED,NEEDS_HUMAN_OR_MODEL_VALIDATION,AUXILIARY_ONLY
RV-V03-004239,MSV1-C19A33D54E2A891C,IS 19379:2026,Optics and Optical Instruments Ophthalmic Optics Formers,ml,NOT_TRANSLATED,NEEDS_HUMAN_OR_MODEL_VALIDATION,AUXILIARY_ONLY
RV-V03-004240,MSV1-3C180CAEDAA68BB5,IS 19443:2026,Ophthalmic optics Contact lens care products Microbiological requirements and test methods for products and regimens for hygienic management of contact lenses,ml,NOT_TRANSLATED,NEEDS_HUMAN_OR_MODEL_VALIDATION,AUXILIARY_ONLY
RV-V03-004241,MSV1-271E35AED8C28CFB,IS 19399:2026,Ophthalmic optics Contact lenses Determination of shelf- life,ml,NOT_TRANSLATED,NEEDS_HUMAN_OR_MODEL_VALIDATION,AUXILIARY_ONLY
RV-V03-004242,MSV1-24B0E8BF5D9B08BB,IS 19419:2026,Ophthalmic optics Contact lenses and contact lens care products Guidance for clinical investigations,ml,NOT_TRANSLATED,NEEDS_HUMAN_OR_MODEL_VALIDATION,AUXILIARY_ONLY
RV-V03-004243,MSV1-6EDB1C92F18B7D28,IS 19475:2026,Ophthalmic optics Contact lens care products Guidelines for determination of shelf-life,ml,NOT_TRANSLATED,NEEDS_HUMAN_OR_MODEL_VALIDATION,AUXILIARY_ONLY
RV-V03-004244,MSV1-7985776FE2A437D8,IS 19402:2026,Ophthalmic optics Contact lens care products Antimicrobial preservative efficacy testing and guidance on determining discard date,ml,NOT_TRANSLATED,NEEDS_HUMAN_OR_MODEL_VALIDATION,AUXILIARY_ONLY
RV-V03-004245,MSV1-2B4522929DD56B73,IS 19369:2026,Ophthalmic optics Contact lenses Hygienic management of multipatient use trial contact lenses,ml,NOT_TRANSLATED,NEEDS_HUMAN_OR_MODEL_VALIDATION,AUXILIARY_ONLY
RV-V03-004246,MSV1-4D0A307E74A7D67B,IS 19422:2026,Ophthalmic optics Spectacle lenses Short wavelength visible solar radiation and the eye,ml,NOT_TRANSLATED,NEEDS_HUMAN_OR_MODEL_VALIDATION,AUXILIARY_ONLY
RV-V03-004247,MSV1-B5616AC32DD287B4,IS 19417:2026,Ophthalmic implants Intraocular lenses Guidance on assessment of the need for clinical investigation of intraocular lens design modifications,ml,NOT_TRANSLATED,NEEDS_HUMAN_OR_MODEL_VALIDATION,AUXILIARY_ONLY
RV-V03-004248,MSV1-546515DE90395490,IS 19405:2026,Ophthalmic optics Contact lenses and contact lens care products Determination of physical compatibility of contact lens care products with contact lenses,ml,NOT_TRANSLATED,NEEDS_HUMAN_OR_MODEL_VALIDATION,AUXILIARY_ONLY
RV-V03-004249,MSV1-34A980916E1BC8A1,IS 19481:2026,Genomics Informatics — Phenopackets: A Format for Phenotypic Data Exchange,ml,NOT_TRANSLATED,NEEDS_HUMAN_OR_MODEL_VALIDATION,AUXILIARY_ONLY
RV-V03-004250,MSV1-004D876532FBF41B,IS 19431:2026,Health Informatics — Interoperability of Public Health Emergency Preparedness and Response Information Systems,ml,NOT_TRANSLATED,NEEDS_HUMAN_OR_MODEL_VALIDATION,AUXILIARY_ONLY
RV-V03-004251,MSV1-3CB25F3E3D0FCC21,IS 19480:2026,Health Informatics — Standardizing Graphical Content,ml,NOT_TRANSLATED,NEEDS_HUMAN_OR_MODEL_VALIDATION,AUXILIARY_ONLY
RV-V03-004252,MSV1-F0E70AFBC9B15633,IS 19425:2026,Health Informatics — Workforce Roles and Capabilities for Terminology and Terminology Services in Healthcare (Term Workforce),ml,NOT_TRANSLATED,NEEDS_HUMAN_OR_MODEL_VALIDATION,AUXILIARY_ONLY
RV-V03-004253,MSV1-2AE55817A86B4181,IS 19525:2026,Ophthalmic Optics Spectacle Lenses Fundamental Requirements for Uncut Finished Lenses,ml,NOT_TRANSLATED,NEEDS_HUMAN_OR_MODEL_VALIDATION,AUXILIARY_ONLY
RV-V03-004254,MSV1-1D630144BFF9317B,IS 5211:2026,"Dental Scissors, Straight and Curved — Specification (First Revision)",ml,NOT_TRANSLATED,NEEDS_HUMAN_OR_MODEL_VALIDATION,AUXILIARY_ONLY
RV-V03-004255,MSV1-142131340A0F074B,IS 5212:2026,"Dental Crown Scissors, Straight and Curved — Specification (First Revision)",ml,NOT_TRANSLATED,NEEDS_HUMAN_OR_MODEL_VALIDATION,AUXILIARY_ONLY
RV-V03-004256,MSV1-F5169850AE84A1DC,IS 10353:2026,Dental McKellops' Type Pliers — Specification (First Revision),ml,NOT_TRANSLATED,NEEDS_HUMAN_OR_MODEL_VALIDATION,AUXILIARY_ONLY
RV-V03-004257,MSV1-C6A8678DA4399A06,IS/IEC 61746 (Part 1):2009,Calibration of Optical Time-Domain Reflectometers OTDR First Revision,ml,NOT_TRANSLATED,NEEDS_HUMAN_OR_MODEL_VALIDATION,AUXILIARY_ONLY
RV-V03-004258,MSV1-FC11FB716615F6D2,IS/ISO/IEC 18031:2025,Information Technology Security Techniques Random Bit Generation First Revision,ml,NOT_TRANSLATED,NEEDS_HUMAN_OR_MODEL_VALIDATION,AUXILIARY_ONLY
RV-V03-004259,MSV1-7BB895FC107B8B81,IS/ISO/IEC 22123 (Part 1):2023,Information Technology Cloud Computing Part 1: Vocabulary First Revision,ml,NOT_TRANSLATED,NEEDS_HUMAN_OR_MODEL_VALIDATION,AUXILIARY_ONLY
RV-V03-004260,MSV1-E46511DE744B73B5,IS/IEC 62308:2006,Equipment Reliability Reliability assessment methods,ml,NOT_TRANSLATED,NEEDS_HUMAN_OR_MODEL_VALIDATION,AUXILIARY_ONLY
RV-V03-004261,MSV1-D3FE47102924D4E1,IS 17900 (Part 5):2026,LIFTS FOR THE TRANSPORT OF PERSONS AND GOODS : PART 5 GUIDE FOR INSPECTION OF LIFTS,ml,NOT_TRANSLATED,NEEDS_HUMAN_OR_MODEL_VALIDATION,AUXILIARY_ONLY
RV-V03-004262,MSV1-C95A8261458A7121,IS 19454:2026,Writable Functional Inks for Pens Conductive and Resistive,ml,NOT_TRANSLATED,NEEDS_HUMAN_OR_MODEL_VALIDATION,AUXILIARY_ONLY
RV-V03-004263,MSV1-8B038F2FB506783D,IS 19423:2026,Dentistry Compatibility Testing for Metal-Ceramic and Ceramic-Ceramic Systems,ml,NOT_TRANSLATED,NEEDS_HUMAN_OR_MODEL_VALIDATION,AUXILIARY_ONLY
RV-V03-004264,MSV1-AA110AED9ACB61D1,IS 19424:2026,Dentistry Polymer-Based Die Materials,ml,NOT_TRANSLATED,NEEDS_HUMAN_OR_MODEL_VALIDATION,AUXILIARY_ONLY
RV-V03-004265,MSV1-C7329CF58A446CFD,IS 19430:2026,Dentistry Bonding Test Between Polymer Teeth and Denture Base Materials,ml,NOT_TRANSLATED,NEEDS_HUMAN_OR_MODEL_VALIDATION,AUXILIARY_ONLY
RV-V03-004266,MSV1-029614298BA73967,IS 19494:2026,Dentistry Guidance on Colour Measurement,ml,NOT_TRANSLATED,NEEDS_HUMAN_OR_MODEL_VALIDATION,AUXILIARY_ONLY
RV-V03-004267,MSV1-03EC6D8C031531BD,IS 19429:2026,Dentistry Bore Diameters for Rotary Instruments such as Discs and Wheels,ml,NOT_TRANSLATED,NEEDS_HUMAN_OR_MODEL_VALIDATION,AUXILIARY_ONLY
RV-V03-004268,MSV1-861BE6CB17D13EC2,IS 19483:2026,Dentistry General Requirements for Instruments and Related Accessories Used in Dental Implant Placement and Treatment,ml,NOT_TRANSLATED,NEEDS_HUMAN_OR_MODEL_VALIDATION,AUXILIARY_ONLY
RV-V03-004269,MSV1-1E25E56D82900E20,IS 19401:2026,Dentistry Screening Method for Erosion Potential of Oral Rinses on Dental Hard Tissues,ml,NOT_TRANSLATED,NEEDS_HUMAN_OR_MODEL_VALIDATION,AUXILIARY_ONLY
RV-V03-004270,MSV1-AE6A7490694F7C55,IS/ISO/IEC 11801 (Part 4):2017,Information technology Generic cabling for customer premises Part 4: Single-tenant homes,ml,NOT_TRANSLATED,NEEDS_HUMAN_OR_MODEL_VALIDATION,AUXILIARY_ONLY
RV-V03-004271,MSV1-508E572E7442774A,IS/ISO/IEC 11801 (Part 9908):2020,Information technology Generic cabling systems for customer premises Part 9908: Guidance for the support of higher speed applications over optical fibre channels,ml,NOT_TRANSLATED,NEEDS_HUMAN_OR_MODEL_VALIDATION,AUXILIARY_ONLY
RV-V03-004272,MSV1-E7E07345D9D1196E,IS 19540:2026,EARTH-MOVING MACHINERY - TIP-OVER PROTECTION STRUCTURE TOPS FOR COMPACT EXCAVATORS - LABORATORY TESTS AND PERFORMANCE REQUIREMENTS,ml,NOT_TRANSLATED,NEEDS_HUMAN_OR_MODEL_VALIDATION,AUXILIARY_ONLY
RV-V03-004273,MSV1-037FB83E9F50737A,IS 19543 (Part 1):2026,PLASTICS AND RUBBER MACHINES CLAMPING SYSTEMS PART 1 SAFETY REQUIREMENTS FOR MAGNETIC CLAMPING SYSTEMS,ml,NOT_TRANSLATED,NEEDS_HUMAN_OR_MODEL_VALIDATION,AUXILIARY_ONLY
RV-V03-004274,MSV1-86D3A8A5B8BABCB6,IS 19560:2026,ROAD OPERATION MACHINERY AND ASSOCIATED EQUIPMENT SWEEPERS COMMERCIAL SPECIFICATIONS Adoption of ISO 24147,ml,NOT_TRANSLATED,NEEDS_HUMAN_OR_MODEL_VALIDATION,AUXILIARY_ONLY
RV-V03-004275,MSV1-E6D05F2C08C9F161,IS 19568:2026,BUILDING CONSTRUCTION MACHINERY AND EQUIPMENT CLASSIFICATION Adoption of ISOTR 12603,ml,NOT_TRANSLATED,NEEDS_HUMAN_OR_MODEL_VALIDATION,AUXILIARY_ONLY
RV-V03-004276,MSV1-ECC9021887775033,IS 19567:2026,BUILDING CONSTRUCTION MACHINERY AND EQUIPMENT PEDESTRIAN-CONTROLLED VIBRATORY PERCUSSION RAMMERS TERMINOLOGY AND COMMERCIAL SPECIFICATIONS Adoption of ISO 19452,ml,NOT_TRANSLATED,NEEDS_HUMAN_OR_MODEL_VALIDATION,AUXILIARY_ONLY
RV-V03-004277,MSV1-EF72F8436A27D864,IS 19564 (Part 1):2026,BUILDING CONSTRUCTION MACHINERY AND EQUIPMENT MOBILE CRUSHERS PART 1 TERMINOLOGY AND COMMERCIAL SPECIFICATIONS Adoption of ISO 21873-1,ml,NOT_TRANSLATED,NEEDS_HUMAN_OR_MODEL_VALIDATION,AUXILIARY_ONLY
RV-V03-004278,MSV1-544D9E9EC434E3A8,IS 19523:2026,Textiles — Children Apparel — Safety Requirements,ml,NOT_TRANSLATED,NEEDS_HUMAN_OR_MODEL_VALIDATION,AUXILIARY_ONLY
RV-V03-004279,MSV1-38E66B022F433279,IS 5348:2026,Stationery Staples — Specifications (Second Revision),ml,NOT_TRANSLATED,NEEDS_HUMAN_OR_MODEL_VALIDATION,AUXILIARY_ONLY
RV-V03-004280,MSV1-C4B835EE7FFEE49A,IS 19498:2025,Textiles — Treated Synthetic Fabrics for Conveyor Belts — Specification,ml,NOT_TRANSLATED,NEEDS_HUMAN_OR_MODEL_VALIDATION,AUXILIARY_ONLY
RV-V03-004281,MSV1-78D8A20A47A3413B,IS 19442:2026,Unani medicine Air extraction Hijama Cupping Device,ml,NOT_TRANSLATED,NEEDS_HUMAN_OR_MODEL_VALIDATION,AUXILIARY_ONLY
RV-V03-004282,MSV1-CC83C63F49DF409A,IS 19485:2026,Bkh-i-Sahajana Moringa oleifera Lam Root Bark for use in Traditional Medicine Specification,ml,NOT_TRANSLATED,NEEDS_HUMAN_OR_MODEL_VALIDATION,AUXILIARY_ONLY
RV-V03-004283,MSV1-4921BA7D009BEAF2,IS 18750 (Part 8/Sec 3):2026,"Unani medicine — Glossary of Terms, Part 8/Sec 3 Standardized Terminology used for Diseases of Lower Gastro-intestinal Tract (Intestine, Mesentery and other parts)",ml,NOT_TRANSLATED,NEEDS_HUMAN_OR_MODEL_VALIDATION,AUXILIARY_ONLY
RV-V03-004284,MSV1-A6BEE75A46AD4635,IS 10322 (Part 1):2026,Luminaires Part 1 General Requirements and Tests (second revision),ml,NOT_TRANSLATED,NEEDS_HUMAN_OR_MODEL_VALIDATION,AUXILIARY_ONLY
RV-V03-004285,MSV1-ED18B3FBEA541A7D,IS 16102 (Part 1):2026,Self-Ballasted LED Lamps for General Lighting Services Part 1 Safety Requirements (First Revision),ml,NOT_TRANSLATED,NEEDS_HUMAN_OR_MODEL_VALIDATION,AUXILIARY_ONLY
RV-V03-004286,MSV1-40F4E2B07CDCBCE5,IS 16102 (Part 2):2026,Self-Ballasted LED Lamps for General Lighting Services Part 2 Performance Requirements Second Revision,ml,NOT_TRANSLATED,NEEDS_HUMAN_OR_MODEL_VALIDATION,AUXILIARY_ONLY
RV-V03-004287,MSV1-F47858FAB95CA346,IS 16614 (Part 1):2026,Double-Capped LED Linear Lamps Part 1 Safety Requirements (First Revision),ml,NOT_TRANSLATED,NEEDS_HUMAN_OR_MODEL_VALIDATION,AUXILIARY_ONLY
RV-V03-004288,MSV1-927DBF112E19FC04,IS 10322 (Part 5/Sec 1):2026,Luminaires Part 5: Particular requirements Section 1: Fixed general purpose luminaires (Second Revision),ml,NOT_TRANSLATED,NEEDS_HUMAN_OR_MODEL_VALIDATION,AUXILIARY_ONLY
RV-V03-004289,MSV1-BA5290D886CD5F88,IS 10322 (Part 5/Sec 2):2026,Luminaires Part 5: Particular requirements Section 2: Recessed luminaires and recessed air-handling luminaires (Second Revision),ml,NOT_TRANSLATED,NEEDS_HUMAN_OR_MODEL_VALIDATION,AUXILIARY_ONLY
RV-V03-004290,MSV1-DF0AF40FA7ADD8EB,IS 10322 (Part 5/Sec 3):2026,Luminaires Part 5: Particular requirements Section 3: Luminaires for road and street lighting (Second Revision),ml,NOT_TRANSLATED,NEEDS_HUMAN_OR_MODEL_VALIDATION,AUXILIARY_ONLY
RV-V03-004291,MSV1-1E9D54803C545761,IS 10322 (Part 5/Sec 4):2026,Luminaires Part 5: Particular requirements Section 4: Portable general purpose luminaires (First Revision),ml,NOT_TRANSLATED,NEEDS_HUMAN_OR_MODEL_VALIDATION,AUXILIARY_ONLY
RV-V03-004292,MSV1-4E6D4E819A2EA6A7,IS 10322 (Part 5/Sec 5):2026,Luminaires Part 5: Particular requirements Section 5: Floodlights (Second Revision),ml,NOT_TRANSLATED,NEEDS_HUMAN_OR_MODEL_VALIDATION,AUXILIARY_ONLY
RV-V03-004293,MSV1-E82A3155515545FA,IS 10322 (Part 5/Sec 6):2026,Luminaires Part 5: Particular requirements Section 6: Handlamps (First Revision),ml,NOT_TRANSLATED,NEEDS_HUMAN_OR_MODEL_VALIDATION,AUXILIARY_ONLY
RV-V03-004294,MSV1-D3558C2C3A7F2D0A,IS 10322 (Part 5/Sec 7):2026,Luminaires Part 5: Particular requirements Section 7: Lighting chains (Second Revision),ml,NOT_TRANSLATED,NEEDS_HUMAN_OR_MODEL_VALIDATION,AUXILIARY_ONLY
RV-V03-004295,MSV1-29767AB1E810A7D7,IS 10322 (Part 5/Sec 8):2026,Luminaires Part 5: Particular requirements Section 8: Luminaires for emergency lighting (First Revision),ml,NOT_TRANSLATED,NEEDS_HUMAN_OR_MODEL_VALIDATION,AUXILIARY_ONLY
RV-V03-004296,MSV1-35425E352613595C,IS 10322 (Part 5/Sec 18):2026,Luminaires – Part 5 Particular requirements Section 18 Luminaires for swimming pools and similar applications,ml,NOT_TRANSLATED,NEEDS_HUMAN_OR_MODEL_VALIDATION,AUXILIARY_ONLY
RV-V03-004297,MSV1-2C210A365B10D951,IS 6034:2026,Insulating Oil Conditioning Plants - Specification (Second Revision),ml,NOT_TRANSLATED,NEEDS_HUMAN_OR_MODEL_VALIDATION,AUXILIARY_ONLY
RV-V03-004298,MSV1-1D3F6B2ECD25BE23,IS 4190:2025,Eye Bolts with Collars Specification,ml,NOT_TRANSLATED,NEEDS_HUMAN_OR_MODEL_VALIDATION,AUXILIARY_ONLY
RV-V03-004299,MSV1-A89AB6BF4F28F6A3,IS 6549:2025,GLOSSARY OF TERMS USED IN CONNECTION WITH LIFTING TACKLE,ml,NOT_TRANSLATED,NEEDS_HUMAN_OR_MODEL_VALIDATION,AUXILIARY_ONLY
RV-V03-004300,MSV1-C43D86B446A99E47,IS 19539:2026,EARTH-MOVING MACHINERY PRODUCT IDENTIFICATION NUMBERING SYSTEM,ml,NOT_TRANSLATED,NEEDS_HUMAN_OR_MODEL_VALIDATION,AUXILIARY_ONLY
RV-V03-004301,MSV1-B88C6F5B5E0FCABE,IS 19542 (Part 2):2026,EARTH-MOVING MACHINERY OPERATORS MANUAL PART 2 LIST OF REFERENCES,ml,NOT_TRANSLATED,NEEDS_HUMAN_OR_MODEL_VALIDATION,AUXILIARY_ONLY
RV-V03-004302,MSV1-34F982491CE26738,IS 997:2026,Limestone and Dolomite for Glass and Ceramic Industry — Specification ( Second Revision ),ml,NOT_TRANSLATED,NEEDS_HUMAN_OR_MODEL_VALIDATION,AUXILIARY_ONLY
RV-V03-004303,MSV1-B1EA8DFE76DEDA23,IS 6500:2026,THERMOMETER FOR MEASUREMENT OF SEA SURFACE TEMPERATURE — SPECIFICATION (First Revision),ml,NOT_TRANSLATED,NEEDS_HUMAN_OR_MODEL_VALIDATION,AUXILIARY_ONLY
RV-V03-004304,MSV1-09A59C0D8F8907C9,IS 10392:2026,Specification for feed water and boiler water for low and medium pressure boilers First Revision,ml,NOT_TRANSLATED,NEEDS_HUMAN_OR_MODEL_VALIDATION,AUXILIARY_ONLY
RV-V03-004305,MSV1-BCE1B406544C9F60,IS 10282:2026,Cage Wheel for Power Tillers - Specification (First Reviison),ml,NOT_TRANSLATED,NEEDS_HUMAN_OR_MODEL_VALIDATION,AUXILIARY_ONLY
RV-V03-004306,MSV1-1683D9BC25551A0E,IS 15366:2026,Dolomite for paint - Specification (First Revision),ml,NOT_TRANSLATED,NEEDS_HUMAN_OR_MODEL_VALIDATION,AUXILIARY_ONLY
RV-V03-004307,MSV1-F313B3F3F4BB153B,IS 12785:2026,Irrigation Equipment - Strainer-Type Filters - Specification (Second Revision),ml,NOT_TRANSLATED,NEEDS_HUMAN_OR_MODEL_VALIDATION,AUXILIARY_ONLY
RV-V03-004308,MSV1-826DFC18C3F6D180,IS 9028:2026,Paper Sacks — Glossary of Terms,ml,NOT_TRANSLATED,NEEDS_HUMAN_OR_MODEL_VALIDATION,AUXILIARY_ONLY
RV-V03-004309,MSV1-D880853D9113AAD1,IS 10279:2026,Overall Trimmed Sizes of Articles of Stationery that Include Detachable Sheets - Specification (First Revision),ml,NOT_TRANSLATED,NEEDS_HUMAN_OR_MODEL_VALIDATION,AUXILIARY_ONLY
RV-V03-004310,MSV1-EFF44851857DAF19,IS 19360:2026,Coated Glass - Specification,ml,NOT_TRANSLATED,NEEDS_HUMAN_OR_MODEL_VALIDATION,AUXILIARY_ONLY
RV-V03-004311,MSV1-F807AECC43B68E3F,IS 19466:2026,Cinnamomum tamala Buch - Ham Nees Eberm Leaf for Use in Traditional Medicine Specification,ml,NOT_TRANSLATED,NEEDS_HUMAN_OR_MODEL_VALIDATION,AUXILIARY_ONLY
RV-V03-004312,MSV1-530E6789B0A37405,IS 19457:2026,Meat and meat products Determination hydroxyproline content Adoption of ISO 3496 : 1994,ml,NOT_TRANSLATED,NEEDS_HUMAN_OR_MODEL_VALIDATION,AUXILIARY_ONLY
RV-V03-004313,MSV1-912F5CD080DCD4AC,IS 10311:2026,Powered Platform Trucks and their Acceptance Criteria — General Requirements ( First Revision ),ml,NOT_TRANSLATED,NEEDS_HUMAN_OR_MODEL_VALIDATION,AUXILIARY_ONLY
RV-V03-004314,MSV1-8073999ACCC05BD9,IS 11523:2026,"Indexable hardmetal (carbide) inserts with wiper edges, without fixing hole — Dimensions (second revision)",ml,NOT_TRANSLATED,NEEDS_HUMAN_OR_MODEL_VALIDATION,AUXILIARY_ONLY
RV-V03-004315,MSV1-2F39BC431193A064,IS 12354:2026,"Indexable hard material inserts with rounded corners, with partly cylindrical fixing hole — Dimensions (second revision)",ml,NOT_TRANSLATED,NEEDS_HUMAN_OR_MODEL_VALIDATION,AUXILIARY_ONLY
RV-V03-004316,MSV1-26D777DF6B1BE3E6,IS 5815 (Part 6):2026,Textiles — Hydrophilic Fishing Net Twines — Method of Test Part 6 Determination of Change in Length after Immersion in Water ( Second Revision ),ml,NOT_TRANSLATED,NEEDS_HUMAN_OR_MODEL_VALIDATION,AUXILIARY_ONLY
RV-V03-004317,MSV1-20EBE43B74D959AC,IS 6347:2026,Textiles — High Density Polyethylene Continuous Filament Twines for Fishing — Specification ( Second Revision ),ml,NOT_TRANSLATED,NEEDS_HUMAN_OR_MODEL_VALIDATION,AUXILIARY_ONLY
RV-V03-004318,MSV1-6F5FB27A582D52EE,IS 15789:2026,Fishing Nets — Method of Test for Determination of Mesh Size — Length of Mesh (First Revision),ml,NOT_TRANSLATED,NEEDS_HUMAN_OR_MODEL_VALIDATION,AUXILIARY_ONLY
RV-V03-004319,MSV1-8A2BBAFA7F9E1BED,IS 13260:2026,TEXTILES — APPEARANCE OF COTTON YARN USING PHOTOGRAPHIC STANDARDS — METHOD OF GRADING ( First Revision ),ml,NOT_TRANSLATED,NEEDS_HUMAN_OR_MODEL_VALIDATION,AUXILIARY_ONLY
RV-V03-004320,MSV1-20AB76E0D3C13366,IS 2422:2026,Textiles — Water Repellent Fabric for Capes and Rain Coats — Specification (Fourth Revision),ml,NOT_TRANSLATED,NEEDS_HUMAN_OR_MODEL_VALIDATION,AUXILIARY_ONLY
RV-V03-004321,MSV1-32DBB4709AFF4572,IS 17267:2026,Rolling Bearings — Method for calculating the modified reference rating life for universally loaded rolling bearings (First Revision),ml,NOT_TRANSLATED,NEEDS_HUMAN_OR_MODEL_VALIDATION,AUXILIARY_ONLY
RV-V03-004322,MSV1-43CF22C6469E48D5,IS 19484:2026,Industrial Staples — Specification,ml,NOT_TRANSLATED,NEEDS_HUMAN_OR_MODEL_VALIDATION,AUXILIARY_ONLY
RV-V03-004323,MSV1-619FE013D0714957,IS 8007 (Part 3):2026,Road vehicles Mechanical couplings between tractors and semi-trailers Part 3: Requirements for semi-trailer contact area to fifth wheel,ml,NOT_TRANSLATED,NEEDS_HUMAN_OR_MODEL_VALIDATION,AUXILIARY_ONLY
RV-V03-004324,MSV1-FA770C8433056F0E,IS/ISO 37001:2025,Anti-Bribery Management Systems Requirements with Guidance for Use First Revision,ml,NOT_TRANSLATED,NEEDS_HUMAN_OR_MODEL_VALIDATION,AUXILIARY_ONLY
RV-V03-004325,MSV1-E5DDADE175145C9D,IS 9839:2026,Chromate conversion coating on zinc and cadmium coated articles and zinc base alloys - Specification (First Revision),ml,NOT_TRANSLATED,NEEDS_HUMAN_OR_MODEL_VALIDATION,AUXILIARY_ONLY
RV-V03-004326,MSV1-91E5B6CC28C66754,IS 17093:2026,TECHNICAL SUPPLY CONDITIONS FOR RECIPROCATING AIR COMPRESSORS FOR GENERAL PURPOSE AND INDUSTRIAL APPLICATIONS (First Revision of IS 17093),ml,NOT_TRANSLATED,NEEDS_HUMAN_OR_MODEL_VALIDATION,AUXILIARY_ONLY
RV-V03-004327,MSV1-6D947A28F5A0A468,IS 6498:2026,Glossary of Terms Used in Connection with Pulley Blocks,ml,NOT_TRANSLATED,NEEDS_HUMAN_OR_MODEL_VALIDATION,AUXILIARY_ONLY
RV-V03-004328,MSV1-716E8A6207EFDA4A,IS 15879:2026,BREATHING AIR COMPRESSOR PACKAGE - SPECIFICATION (First Revision of IS 15879),ml,NOT_TRANSLATED,NEEDS_HUMAN_OR_MODEL_VALIDATION,AUXILIARY_ONLY
RV-V03-004329,MSV1-0BBAE790958F95A4,IS 19406:2026,Metallic and other inorganic coatings — Test for residual embrittlement in both metallic-coated and uncoated externally-threaded articles and rods — Inclined wedge method,ml,NOT_TRANSLATED,NEEDS_HUMAN_OR_MODEL_VALIDATION,AUXILIARY_ONLY
RV-V03-004330,MSV1-64911BEB52227427,IS 1170:2026,Ferrochromium - Specification Third Revision,ml,NOT_TRANSLATED,NEEDS_HUMAN_OR_MODEL_VALIDATION,AUXILIARY_ONLY
RV-V03-004331,MSV1-8FAC8041256CF959,IS 713:2026,Zinc-Aluminium Alloy Ingots intended for Foundry and Die Castings ― Specification,ml,NOT_TRANSLATED,NEEDS_HUMAN_OR_MODEL_VALIDATION,AUXILIARY_ONLY
RV-V03-004332,MSV1-3ABCA05496F29AE2,IS 13230:2026,GRAPHICAL SYMBOLS FOR USE ON MINE PLANS First Revision,ml,NOT_TRANSLATED,NEEDS_HUMAN_OR_MODEL_VALIDATION,AUXILIARY_ONLY
RV-V03-004333,MSV1-2BD0A0B7B70DF146,IS 19455:2026,Gasket and packing Glossary of terms,ml,NOT_TRANSLATED,NEEDS_HUMAN_OR_MODEL_VALIDATION,AUXILIARY_ONLY
RV-V03-004334,MSV1-FEE6D161650B258E,IS 19474:2026,Hot Dip Aluminium and Aluminium- Silicon Coated Steel Sheet and Strip- Specification,ml,NOT_TRANSLATED,NEEDS_HUMAN_OR_MODEL_VALIDATION,AUXILIARY_ONLY
RV-V03-004335,MSV1-5B5C35DF2716471E,IS 19316 (Part 2):2026,BUILDING CONSTRUCTION MACHINERY AND EQUIPMENT MACHINERY FOR CONCRETE SURFACE FLOATING AND FINISHING PART 2 SAFETY REQUIREMENTS AND VERIFICATION Adoption of ISO 13105-2,ml,NOT_TRANSLATED,NEEDS_HUMAN_OR_MODEL_VALIDATION,AUXILIARY_ONLY
RV-V03-004336,MSV1-7153A2F7E2ED21BC,IS 733:2025,"Wrought Aluminium and Aluminium Alloy Bars, Rods, Sections, Extruded Tube, Hollow Sections and Profiles for General Engineering Purposes ― Specification (Fourth Revision)",ml,NOT_TRANSLATED,NEEDS_HUMAN_OR_MODEL_VALIDATION,AUXILIARY_ONLY
RV-V03-004337,MSV1-58256D7E952AC001,IS 2062 (Part 1):2025,Structural Steel - Part 1 - Hot Rolled Medium and High tensile Steel,ml,NOT_TRANSLATED,NEEDS_HUMAN_OR_MODEL_VALIDATION,AUXILIARY_ONLY
RV-V03-004338,MSV1-EF7F57461722D2F8,IS 4164:2025,LIFTING C HOOKS WITH EYE CAPACITY UP TO 25 TONNES SPECIFICATION,ml,NOT_TRANSLATED,NEEDS_HUMAN_OR_MODEL_VALIDATION,AUXILIARY_ONLY
RV-V03-004339,MSV1-8A7D3EBD8D2FB328,IS 2760:2025,STEEL CHAIN SLINGS SPECIFICATION,ml,NOT_TRANSLATED,NEEDS_HUMAN_OR_MODEL_VALIDATION,AUXILIARY_ONLY
RV-V03-004340,MSV1-7100AE289AE97D59,IS 19464:2025,Steel Wire for Hose Reinforcement - Specification,ml,NOT_TRANSLATED,NEEDS_HUMAN_OR_MODEL_VALIDATION,AUXILIARY_ONLY
RV-V03-004341,MSV1-67E0407831C6E80E,IS 488:2025,Glass Making Sands - Specification (Third Revision),ml,NOT_TRANSLATED,NEEDS_HUMAN_OR_MODEL_VALIDATION,AUXILIARY_ONLY
RV-V03-004342,MSV1-04AF754236295330,IS 9157:2025,Sodium Nitrate and Potassium Nitrate for Glass Compositions — Specification ( First Revision ),ml,NOT_TRANSLATED,NEEDS_HUMAN_OR_MODEL_VALIDATION,AUXILIARY_ONLY
RV-V03-004343,MSV1-9A1260B1DFCDE437,IS 11041:2025,Air-Screen Seed/Grain Cleaner — Specification and Test Code (First Revision),ml,NOT_TRANSLATED,NEEDS_HUMAN_OR_MODEL_VALIDATION,AUXILIARY_ONLY
RV-V03-004344,MSV1-2376C060930C95F7,Is 14661 (Part 2):2025,Tissue Paper and Tissue Products Part 2 Specification First Revision,ml,NOT_TRANSLATED,NEEDS_HUMAN_OR_MODEL_VALIDATION,AUXILIARY_ONLY
RV-V03-004345,MSV1-ACBA54415FA8F107,IS 6481:2025,GUIDE FOR PRINCIPAL USES AND STYLES OF FIBERBOARD CONTAINERS AND FITMENTS,ml,NOT_TRANSLATED,NEEDS_HUMAN_OR_MODEL_VALIDATION,AUXILIARY_ONLY
RV-V03-004346,MSV1-7C0887EE165AB8D4,IS 6213 (Part 5):2025,METHODS OF TEST FOR PULP PART 5 SOLUBILITY OF PULP IN ONE PERCENT CAUSTIC SODA SOLUTION,ml,NOT_TRANSLATED,NEEDS_HUMAN_OR_MODEL_VALIDATION,AUXILIARY_ONLY
RV-V03-004347,MSV1-AD4B51A121CEA966,IS 6213 (Part 6):2025,METHODS OF TEST FOR PULP PART 6 COPPER NUMBER OF PULP,ml,NOT_TRANSLATED,NEEDS_HUMAN_OR_MODEL_VALIDATION,AUXILIARY_ONLY
RV-V03-004348,MSV1-566F3C97673DF432,Is 3413:2025,Base Paper for Carbon Paper Specification,ml,NOT_TRANSLATED,NEEDS_HUMAN_OR_MODEL_VALIDATION,AUXILIARY_ONLY
RV-V03-004349,MSV1-B761C66F0FFCC8C4,IS 19434:2025,Mobile Agro-Processing Units for Food Grains — Safety Requirements,ml,NOT_TRANSLATED,NEEDS_HUMAN_OR_MODEL_VALIDATION,AUXILIARY_ONLY
RV-V03-004350,MSV1-34F07E89A35DBFE9,IS 19396:2025,"Milk, Dried Milk Products and Cream - Determination of Fat Content - Gravimetric Method",ml,NOT_TRANSLATED,NEEDS_HUMAN_OR_MODEL_VALIDATION,AUXILIARY_ONLY
RV-V03-004351,MSV1-1D8337DE7607B388,IS 18750 (Part 8/Sec 1):2025,Unani medicine Glossary of Terms Part 8Sec 1 Standardized Terminology Used for Diseases of Upper Gastrointestinal Tract Oesophagus and Stomach,ml,NOT_TRANSLATED,NEEDS_HUMAN_OR_MODEL_VALIDATION,AUXILIARY_ONLY
RV-V03-004352,MSV1-095DC953EB6F36EF,IS 18750 (Part 8/Sec 2):2025,Unani Medicine Glossary of Terms Part 8Sec 2 Standardized Terminology Used for Diseases of Liver Spleen and Pancreas,ml,NOT_TRANSLATED,NEEDS_HUMAN_OR_MODEL_VALIDATION,AUXILIARY_ONLY
RV-V03-004353,MSV1-E967584B1AD5218D,IS 19458:2025,Eggs and egg products Determination of fipronil and metabolites residues Liquid chromatography tandem mass spectrometry method Adoption of ISO 7124 : 2023,ml,NOT_TRANSLATED,NEEDS_HUMAN_OR_MODEL_VALIDATION,AUXILIARY_ONLY
RV-V03-004354,MSV1-C161B677E729D2AB,IS 19459:2025,Meat and meat products Determination of nitrite and nitrate content Ion chromatography method Adoption of ISO 7158 : 2024,ml,NOT_TRANSLATED,NEEDS_HUMAN_OR_MODEL_VALIDATION,AUXILIARY_ONLY
RV-V03-004355,MSV1-28CDE83F4A5CF68F,IS 62550:2017,Spare Parts Provisioning,ml,NOT_TRANSLATED,NEEDS_HUMAN_OR_MODEL_VALIDATION,AUXILIARY_ONLY
RV-V03-004356,MSV1-803A0E8DE840AA3D,IS 62740:2015,Root cause analysis RCA,ml,NOT_TRANSLATED,NEEDS_HUMAN_OR_MODEL_VALIDATION,AUXILIARY_ONLY
RV-V03-004357,MSV1-4E9D889E59355977,IS 19450:2025,Requirements for E-Textbooks in Education,ml,NOT_TRANSLATED,NEEDS_HUMAN_OR_MODEL_VALIDATION,AUXILIARY_ONLY
RV-V03-004358,MSV1-1DCDC7AE574A2C09,IS ISO 55013:2024,Asset Management Guidance on the Management of Data Assets,ml,NOT_TRANSLATED,NEEDS_HUMAN_OR_MODEL_VALIDATION,AUXILIARY_ONLY
RV-V03-004359,MSV1-6247FC51AF0DBD92,IS 19428:2025,Dry Type Mining Transformers Transwitch Units and Load Centers,ml,NOT_TRANSLATED,NEEDS_HUMAN_OR_MODEL_VALIDATION,AUXILIARY_ONLY
RV-V03-004360,MSV1-1DE0D46DAC9AE3C4,IS 19476:2025,Pure-tone and Speech Audiometers - Specification,ml,NOT_TRANSLATED,NEEDS_HUMAN_OR_MODEL_VALIDATION,AUXILIARY_ONLY
RV-V03-004361,MSV1-DE37D03D5E9D5B8E,IS/ISO 55000:2024,"Asset management - Vocabulary, Overview and Principles (First Revision)",ml,NOT_TRANSLATED,NEEDS_HUMAN_OR_MODEL_VALIDATION,AUXILIARY_ONLY
RV-V03-004362,MSV1-ADCCCB74895F52F9,IS 12266:2025,International Shore Connections for Use on Board Ship - Specification (First Revision),ml,NOT_TRANSLATED,NEEDS_HUMAN_OR_MODEL_VALIDATION,AUXILIARY_ONLY
RV-V03-004363,MSV1-351B42E7CC073511,IS 3181:2025,Conveyor Belts — Fire Resistant Conveyor Belting for Underground Mines and Such other Hazardous Applications — Specification,ml,NOT_TRANSLATED,NEEDS_HUMAN_OR_MODEL_VALIDATION,AUXILIARY_ONLY
RV-V03-004364,MSV1-F3A182B3CBB74157,IS 5746 (Part 2):2025,Textiles — Woven Glass Fibres Fabrics for Plastic Laminates for Aerospace Purposes — Specification Part 2 Desized Fabrics ( Third Revision ),ml,NOT_TRANSLATED,NEEDS_HUMAN_OR_MODEL_VALIDATION,AUXILIARY_ONLY
RV-V03-004365,MSV1-64A4710AC51132B1,IS 5746 (Part 3):2025,Textiles — Woven Glass Fibres Fabrics for Plastic Laminates for Aerospace Purposes — Specification Part 3 Finished Fabrics for Use with Polyester Resin Systems ( Third Revision ),ml,NOT_TRANSLATED,NEEDS_HUMAN_OR_MODEL_VALIDATION,AUXILIARY_ONLY
RV-V03-004366,MSV1-6E4A13795C30B289,IS 5746 (Part 1):2025,Textiles — Woven Glass Fibres Fabrics for Plastic Laminates for Aerospace Purposes — Specification Part 1 Loom-State Fabrics ( Third Revision ),ml,NOT_TRANSLATED,NEEDS_HUMAN_OR_MODEL_VALIDATION,AUXILIARY_ONLY
RV-V03-004367,MSV1-AB93FE920EFAAB92,IS 1451:2025,Textiles — Handloom Cotton Drills — Specification (Second Revision),ml,NOT_TRANSLATED,NEEDS_HUMAN_OR_MODEL_VALIDATION,AUXILIARY_ONLY
RV-V03-004368,MSV1-92444AC58A98CF24,IS 1101:2025,Textiles — Handloom Cotton Cellular Shirting — Specification (Second Revision),ml,NOT_TRANSLATED,NEEDS_HUMAN_OR_MODEL_VALIDATION,AUXILIARY_ONLY
RV-V03-004369,MSV1-581D0E1C5C2813B6,IS 3773:2025,"Textiles — Napkins and Table Cloth, Bleached Cotton Khadi — Specification (Second Revision)",ml,NOT_TRANSLATED,NEEDS_HUMAN_OR_MODEL_VALIDATION,AUXILIARY_ONLY
RV-V03-004370,MSV1-04094A1655ECF027,IS 684:2025,TEXTILES — NEPS IN COTTON FIBRES — METHODS OF TEST ( First Revision ),ml,NOT_TRANSLATED,NEEDS_HUMAN_OR_MODEL_VALIDATION,AUXILIARY_ONLY
RV-V03-004371,MSV1-D23F609E19C26FFA,IS 19413:2025,Intelligent Traffic Management System Components — General Specifications for Smart Traffic Signalling Systems,ml,NOT_TRANSLATED,NEEDS_HUMAN_OR_MODEL_VALIDATION,AUXILIARY_ONLY
RV-V03-004372,MSV1-5A7D934AC80CF8A9,IS 19463:2025,Agro Textiles — High Density Polyethylene (HDPE) Woven Dry Fodder Storage Bags — Specification,ml,NOT_TRANSLATED,NEEDS_HUMAN_OR_MODEL_VALIDATION,AUXILIARY_ONLY
RV-V03-004373,MSV1-B8DA06DDF2473BA2,IS 19445:2025,Bomb Disposal Systems Performance Evaluation and Requirements,ml,NOT_TRANSLATED,NEEDS_HUMAN_OR_MODEL_VALIDATION,AUXILIARY_ONLY
RV-V03-004374,MSV1-027BB0E413093F51,IS 4551:2025,Lifeboat Crutches - Specification,ml,NOT_TRANSLATED,NEEDS_HUMAN_OR_MODEL_VALIDATION,AUXILIARY_ONLY
RV-V03-004375,MSV1-1A64E53C759F3E8C,IS 8790 (Part 1):2025,Powered Industrial Trucks Working in Hazardous Areas — General Requirements Part 1 Internal Combustion Engine Powered Trucks ( First Revision ),ml,NOT_TRANSLATED,NEEDS_HUMAN_OR_MODEL_VALIDATION,AUXILIARY_ONLY
RV-V03-004376,MSV1-EF42864F6173B5A8,IS 5326:2025,LifeBuoys - Specification,ml,NOT_TRANSLATED,NEEDS_HUMAN_OR_MODEL_VALIDATION,AUXILIARY_ONLY
RV-V03-004377,MSV1-6539D5C2D78C448C,IS 12264:2025,"Signalling Mirror for Lifeboats, Liferafts and Rescue Boats for Sea-Going Ships — Specification",ml,NOT_TRANSLATED,NEEDS_HUMAN_OR_MODEL_VALIDATION,AUXILIARY_ONLY
RV-V03-004378,MSV1-391E6B6256ADBB3B,IS 5235:2025,"Meteorology — Raingauges, Recording — Specification ( second revision )",ml,NOT_TRANSLATED,NEEDS_HUMAN_OR_MODEL_VALIDATION,AUXILIARY_ONLY
RV-V03-004379,MSV1-E5AAA831AF26ED88,IS 5847:2025,Pin Chuck for Introducing Steinman Pins Specification First Revision,ml,NOT_TRANSLATED,NEEDS_HUMAN_OR_MODEL_VALIDATION,AUXILIARY_ONLY
RV-V03-004380,MSV1-FBB24CEA7D902C44,IS 6976:2025,Kuntscher Diamond Pointed Awl Specification First Revision,ml,NOT_TRANSLATED,NEEDS_HUMAN_OR_MODEL_VALIDATION,AUXILIARY_ONLY
RV-V03-004381,MSV1-F3ED4D32A77ECFC9,IS 7055:2025,Drivers for Kuntscher Nail Specification First Revision,ml,NOT_TRANSLATED,NEEDS_HUMAN_OR_MODEL_VALIDATION,AUXILIARY_ONLY
RV-V03-004382,MSV1-798F12CFD0CF62FF,IS 7105 (Part 1):2025,Extractor for Kuntscher Nail Specification Part 1 Handle Type First Revision,ml,NOT_TRANSLATED,NEEDS_HUMAN_OR_MODEL_VALIDATION,AUXILIARY_ONLY
RV-V03-004383,MSV1-0C1E0A00A2C7FA8F,IS 7105 (Part 2):2025,Extractor for Kuntscher Nail Specification Part 2 Striker Type First Revision,ml,NOT_TRANSLATED,NEEDS_HUMAN_OR_MODEL_VALIDATION,AUXILIARY_ONLY
RV-V03-004384,MSV1-8C3E8CE5E0B3D01E,IS 7106:2025,Orthopaedic Staple Extractor — Specification First Revision,ml,NOT_TRANSLATED,NEEDS_HUMAN_OR_MODEL_VALIDATION,AUXILIARY_ONLY
RV-V03-004385,MSV1-D4F5743F9C49B829,IS 7108:2025,Hammer for Kuntscher Nail Extractor Specification First Revision,ml,NOT_TRANSLATED,NEEDS_HUMAN_OR_MODEL_VALIDATION,AUXILIARY_ONLY
RV-V03-004386,MSV1-C66B74F20EEB4352,IS 7107:2025,Orthopaedic Staple Punch Specification First Revision,ml,NOT_TRANSLATED,NEEDS_HUMAN_OR_MODEL_VALIDATION,AUXILIARY_ONLY
RV-V03-004387,MSV1-F8684A9DC8D17FC1,IS 17900 (Part 11):2025,LIFTS FOR THE TRANSPORT OF PERSONS AND GOODS PART 11: SAFETY NORMS FOR EXISTING LIFTS RISK ASSESSMENT AND RISK REDUCTION,ml,NOT_TRANSLATED,NEEDS_HUMAN_OR_MODEL_VALIDATION,AUXILIARY_ONLY
RV-V03-004388,MSV1-16CFC7947787F9F8,IS 19478:2025,Bovine Endometrial Cytotaping Catheter Specification,ml,NOT_TRANSLATED,NEEDS_HUMAN_OR_MODEL_VALIDATION,AUXILIARY_ONLY
RV-V03-004389,MSV1-DCC7283D43AEF66D,IS 1448 (Part 201):2025,"Petroleum and its Products - Methods of test Part 201 Determination of Oxygenates such as Ethers, Tertiary Amyl Alcohol and C1 to C4 Alcohols in Motor Gasoline by Gas Chromatography Method",ml,NOT_TRANSLATED,NEEDS_HUMAN_OR_MODEL_VALIDATION,AUXILIARY_ONLY
RV-V03-004390,MSV1-80EC96E86C7B910F,IS 19397:2025,Compounded Feed for Pregnant Cows and Buffaloes — Specification,ml,NOT_TRANSLATED,NEEDS_HUMAN_OR_MODEL_VALIDATION,AUXILIARY_ONLY
RV-V03-004391,MSV1-99EC60AAF26AE121,IS 19361:2025,Unmanned Aerial Spraying Systems — Requirements and Test Procedure,ml,NOT_TRANSLATED,NEEDS_HUMAN_OR_MODEL_VALIDATION,AUXILIARY_ONLY
RV-V03-004392,MSV1-D4EE56F4046BB86E,IS 14724:2025,ULTRAVIOLET BASED POINT OF USE WATER DISINFECTION SYSTEM FOR DRINKING PURPOSES— SPECIFICATION,ml,NOT_TRANSLATED,NEEDS_HUMAN_OR_MODEL_VALIDATION,AUXILIARY_ONLY
RV-V03-004393,MSV1-C66B08C8AB732CC2,IS 12758:2025,"Cheese and Processed Cheese Products, Caseins and caseinates — Determination of Fat Content — Gravimetric Method (Second Revision)",ml,NOT_TRANSLATED,NEEDS_HUMAN_OR_MODEL_VALIDATION,AUXILIARY_ONLY
RV-V03-004394,MSV1-7CA230ED15E04BAA,IS 11623:2025,Dried Milk and Dried Milk Products - Determination of Moisture Content (Reference Method) (Second Revision),ml,NOT_TRANSLATED,NEEDS_HUMAN_OR_MODEL_VALIDATION,AUXILIARY_ONLY
RV-V03-004395,MSV1-C83EF4CC2E3E5279,IS 15930 (Part 1):2025,REQUIREMENTS FOR GOOD AGRICULTURAL PRACTICES IndiaGAP PART 1 CROP BASE First Revision of IS 15930 Part 1,ml,NOT_TRANSLATED,NEEDS_HUMAN_OR_MODEL_VALIDATION,AUXILIARY_ONLY
RV-V03-004396,MSV1-15C1DDC35DC446F9,IS 4307:2025,Fish Meal as Poultry Feed Ingredient — Specification (Third Revision),ml,NOT_TRANSLATED,NEEDS_HUMAN_OR_MODEL_VALIDATION,AUXILIARY_ONLY
RV-V03-004397,MSV1-A2FBCFA87CEBB900,IS 1942:2025,Bone-Meal As Poultry Feed Supplement — Specification ( Second Revision ),ml,NOT_TRANSLATED,NEEDS_HUMAN_OR_MODEL_VALIDATION,AUXILIARY_ONLY
RV-V03-004398,MSV1-2FA32F9820C415DE,IS 5065:2025,Meat Meal as Poultry Feed Ingredient — Specification (Second Revision),ml,NOT_TRANSLATED,NEEDS_HUMAN_OR_MODEL_VALIDATION,AUXILIARY_ONLY
RV-V03-004399,MSV1-92A822FD7A87683B,IS 6107:2025,Dried Silk Worm Pupae as Poultry Feed Ingredient — Specification ( First Revision ),ml,NOT_TRANSLATED,NEEDS_HUMAN_OR_MODEL_VALIDATION,AUXILIARY_ONLY
RV-V03-004400,MSV1-45A2599AF639E291,IS 7060:2025,Blood Meal as Poultry Feed Ingredient — Specification ( First Revision ),ml,NOT_TRANSLATED,NEEDS_HUMAN_OR_MODEL_VALIDATION,AUXILIARY_ONLY
RV-V03-004401,MSV1-B3F555D7736205D0,IS 9700:2025,Activated Alumina - Specification (Second Revision),ml,NOT_TRANSLATED,NEEDS_HUMAN_OR_MODEL_VALIDATION,AUXILIARY_ONLY
RV-V03-004402,MSV1-2666542350641417,IS 13334 (Part 1):2025,Skimmed Milk Powder — Specification : Part 1 Standard Grade ( Third Revision ),ml,NOT_TRANSLATED,NEEDS_HUMAN_OR_MODEL_VALIDATION,AUXILIARY_ONLY
RV-V03-004403,MSV1-2902CFC84A54AB70,IS 13334 (Part 2):2025,Skimmed Milk Powder — Specification : Part 2 Extra Grade ( Second Revision ),ml,NOT_TRANSLATED,NEEDS_HUMAN_OR_MODEL_VALIDATION,AUXILIARY_ONLY
RV-V03-004404,MSV1-11E03BBB4FDD049D,IS 14542:2025,Partly Skimmed Milk Powder — Specification ( First Revision ),ml,NOT_TRANSLATED,NEEDS_HUMAN_OR_MODEL_VALIDATION,AUXILIARY_ONLY
RV-V03-004405,MSV1-C63A9C313B9C89C8,IS 10167:2025,Method for upsetting test on metallic materials (First Revision),ml,NOT_TRANSLATED,NEEDS_HUMAN_OR_MODEL_VALIDATION,AUXILIARY_ONLY
RV-V03-004406,MSV1-1EE799E45E228ADA,IS 6885 (Part 1):2025,Metallic materials Knoop hardness test Part 1: Test method (Third Revision),ml,NOT_TRANSLATED,NEEDS_HUMAN_OR_MODEL_VALIDATION,AUXILIARY_ONLY
RV-V03-004407,MSV1-0504103EBB960520,IS 10748:2025,Hot-Rolled Steel Strip for Welded Tubes and Pipes - Specification ( Third Revision),ml,NOT_TRANSLATED,NEEDS_HUMAN_OR_MODEL_VALIDATION,AUXILIARY_ONLY
RV-V03-004408,MSV1-416482B30E6E6336,IS 16730 (Part 1):2025,BUILDING CONSTRUCTION MACHINERY AND EQUIPMENT CONCRETE PUMPS PART 1 COMMERCIAL SPECIFICATIONS First Revision Adoption of ISO 21573-1,ml,NOT_TRANSLATED,NEEDS_HUMAN_OR_MODEL_VALIDATION,AUXILIARY_ONLY
RV-V03-004409,MSV1-5859D76835283E3A,IS 4454 (Part 2):2025,Steel wire for mechanical springs - Specification : Part 2 oil hardened and tempered steel wire,ml,NOT_TRANSLATED,NEEDS_HUMAN_OR_MODEL_VALIDATION,AUXILIARY_ONLY
RV-V03-004410,MSV1-8C7857076D795F1A,IS 2721:2025,"GALVANIZED POLY CHLORIDE (PVC), POLYOLEFIN AND OTHER POLYMER - COATED STEEL CHAIN LINK FENCE FABRIC — SPECIFICATION (Third Revision of IS 2721)",ml,NOT_TRANSLATED,NEEDS_HUMAN_OR_MODEL_VALIDATION,AUXILIARY_ONLY
RV-V03-004411,MSV1-C16042023E0136EC,IS 19469:2025,Jewellery — Consumer confidence in the diamond industry,ml,NOT_TRANSLATED,NEEDS_HUMAN_OR_MODEL_VALIDATION,AUXILIARY_ONLY
RV-V03-004412,MSV1-396E4B2E58D794AF,IS 19461:2025,ELECTRONIC LOCKS FOR SECURITY EQUIPMENT SPECIFICATIONS,ml,NOT_TRANSLATED,NEEDS_HUMAN_OR_MODEL_VALIDATION,AUXILIARY_ONLY
RV-V03-004413,MSV1-62425D830DE67442,IS 15086 (Part 8):2025,Surge arresters: Part 8 metal oxide surge arresters with external series gap EGLA for overhead transmission and distribution lines of ac systems above 1 kv,ml,NOT_TRANSLATED,NEEDS_HUMAN_OR_MODEL_VALIDATION,AUXILIARY_ONLY
RV-V03-004414,MSV1-E2D4B062474C5A2E,IS/IEC 60154 (Part 3):1982,Flanges for Waveguides Part 3: Relevant Specifications for Flanges for Flat Rectangular Waveguides First Revision,ml,NOT_TRANSLATED,NEEDS_HUMAN_OR_MODEL_VALIDATION,AUXILIARY_ONLY
RV-V03-004415,MSV1-3FF57825194C3CDB,IS 17520 (Part 3):2025,Safety of Machinery - Safety-Related Sensors Used for the Protection of Persons Part 3 Sensor Technologies and Algorithms,ml,NOT_TRANSLATED,NEEDS_HUMAN_OR_MODEL_VALIDATION,AUXILIARY_ONLY
RV-V03-004416,MSV1-9C45AE089A8CD885,IS 13925 (Part 1):2025,SHUNT CAPACITORS FOR AC POWER SYSTEMS HAVING A RATED VOLTAGE ABOVE 1 000 V PART 1: GENERAL Second Revision,ml,NOT_TRANSLATED,NEEDS_HUMAN_OR_MODEL_VALIDATION,AUXILIARY_ONLY
RV-V03-004417,MSV1-853ED41029EFC35A,IS 13925 (Part 2):2025,SHUNT CAPACITORS FOR AC POWER SYSTEMS HAVING A RATED VOLTAGE ABOVE 1 000 V PART 2: ENDURANCE TESTING Second Revision,ml,NOT_TRANSLATED,NEEDS_HUMAN_OR_MODEL_VALIDATION,AUXILIARY_ONLY
RV-V03-004418,MSV1-17E501704CEC4753,IS 13925 (Part 3):2025,SHUNT CAPACITORS FOR AC POWER SYSTEMS HAVING A RATED VOLTAGE ABOVE 1 000 V PART 3: PROTECTION OF SHUNT CAPACITORS AND SHUNT CAPACITOR BANKS First Revision,ml,NOT_TRANSLATED,NEEDS_HUMAN_OR_MODEL_VALIDATION,AUXILIARY_ONLY
RV-V03-004419,MSV1-5E914B0C6382709F,IS 13925 (Part 4):2025,SHUNT CAPACITORS FOR AC POWER SYSTEMS HAVING A RATED VOLTAGE ABOVE 1 000 V PART 4: INTERNAL FUSES First Revision,ml,NOT_TRANSLATED,NEEDS_HUMAN_OR_MODEL_VALIDATION,AUXILIARY_ONLY
RV-V03-004420,MSV1-950EE034C3FD4E6B,IS/IEC 62896:2024,HYBRID INSULATORS FOR ac AND dc FOR HIGH-VOLTAGE APPLICATIONS GREATER THAN 1 000 V ac AND 1 500 V dc DEFINITIONS TEST METHODS AND ACCEPTANCE CRITERIA First Revision,ml,NOT_TRANSLATED,NEEDS_HUMAN_OR_MODEL_VALIDATION,AUXILIARY_ONLY
RV-V03-004421,MSV1-D7B89D2E73553093,IS 16836:2025,Financial services Financial instrument short name FISN,ml,NOT_TRANSLATED,NEEDS_HUMAN_OR_MODEL_VALIDATION,AUXILIARY_ONLY
RV-V03-004422,MSV1-1671F3EFC211B1AD,IS 19493:2025,Healthcare Services – Format of Hospital Bills – Requirements and Recommendations,ml,NOT_TRANSLATED,NEEDS_HUMAN_OR_MODEL_VALIDATION,AUXILIARY_ONLY
RV-V03-004423,MSV1-DCD39A32CB735B8F,IS 17900 (Part 10):2025,Lifts for The Transport of Persons and Goods PART 10 Replacement of Existing Passenger and Goods Passenger Lifts in Existing Buildings,ml,NOT_TRANSLATED,NEEDS_HUMAN_OR_MODEL_VALIDATION,AUXILIARY_ONLY
RV-V03-004424,MSV1-6D1F431A8905FF9C,IS/ISO 21001:2025,Educational organizations Management systems for educational organizations Requirements with guidance for use,ml,NOT_TRANSLATED,NEEDS_HUMAN_OR_MODEL_VALIDATION,AUXILIARY_ONLY
RV-V03-004425,MSV1-C71118F457B56F8F,IS 61709:2017,Electric components Reliability Reference conditions for failure rates and stress models for conversion (Superseding IS 7354 (Part 3): 2011),ml,NOT_TRANSLATED,NEEDS_HUMAN_OR_MODEL_VALIDATION,AUXILIARY_ONLY
RV-V03-004426,MSV1-6A48C58B3C95F577,IS 61703:2016,Mathematical expressions for reliability availability maintainability and maintenance support terms,ml,NOT_TRANSLATED,NEEDS_HUMAN_OR_MODEL_VALIDATION,AUXILIARY_ONLY
RV-V03-004427,MSV1-F21A01600C811403,IS/IEC/TS 61400 (Part 28):2025,Wind Energy Generation Systems Part 28: Through-life management and life extension of wind power assets,ml,NOT_TRANSLATED,NEEDS_HUMAN_OR_MODEL_VALIDATION,AUXILIARY_ONLY
RV-V03-004428,MSV1-CCD754723D09D544,IS 17153:2025,DOMESTIC GAS STOVES AND BUILT IN HOB FOR USE WITH PNG SPECIFICATION (First Revision of IS 17153),ml,NOT_TRANSLATED,NEEDS_HUMAN_OR_MODEL_VALIDATION,AUXILIARY_ONLY
RV-V03-004429,MSV1-660D9DDD864F3D41,IS 3626:2025,LOCKED COIL WINDING ROPES SPECIFICATION (Fourth Revision of IS 3626),ml,NOT_TRANSLATED,NEEDS_HUMAN_OR_MODEL_VALIDATION,AUXILIARY_ONLY
RV-V03-004430,MSV1-5BF7B029F7CCCFE1,IS 19404:2025,FORGED SHACKLES FOR GENERAL LIFTING PURPOSES DEE SHACKLES AND BOW SHACKLES First Revision,ml,NOT_TRANSLATED,NEEDS_HUMAN_OR_MODEL_VALIDATION,AUXILIARY_ONLY
RV-V03-004431,MSV1-9BDDD766294BFE77,IS 19408:2025,Audit Data Collection Customs and Indirect Tax Extension,ml,NOT_TRANSLATED,NEEDS_HUMAN_OR_MODEL_VALIDATION,AUXILIARY_ONLY
RV-V03-004432,MSV1-CB22E6B008724D25,IS 19446:2025,Audit data collection extension Government regulated financial reports and payroll,ml,NOT_TRANSLATED,NEEDS_HUMAN_OR_MODEL_VALIDATION,AUXILIARY_ONLY
RV-V03-004433,MSV1-8EE631687E5AEA2A,IS 16005 (Part 1):2025,Financial Services Secure Cryptographic Devices Retail Part 1: Concepts and Requirements Second Revision,ml,NOT_TRANSLATED,NEEDS_HUMAN_OR_MODEL_VALIDATION,AUXILIARY_ONLY
RV-V03-004434,MSV1-40ECDE33CF909833,IS 12668:2025,MELTING CHARACTERISTICS OF SPONGE IRONDIRECT REDUCED IRON DRI First Revision,ml,NOT_TRANSLATED,NEEDS_HUMAN_OR_MODEL_VALIDATION,AUXILIARY_ONLY
RV-V03-004435,MSV1-44B62583535FCD20,IS 4182:2025,Misch Metal — Specification (Second Revision),ml,NOT_TRANSLATED,NEEDS_HUMAN_OR_MODEL_VALIDATION,AUXILIARY_ONLY
RV-V03-004436,MSV1-4451B6A126BF36D1,IS 10773:2025,Wrought copper tubes for refrigeration and air-conditioning purposes — Specification (Second Revision),ml,NOT_TRANSLATED,NEEDS_HUMAN_OR_MODEL_VALIDATION,AUXILIARY_ONLY
RV-V03-004437,MSV1-AC78055A834C0632,IS 17613:2025,GAS CYLINDERS REFILLABLE WELDED ALUMINIUM ALLOY CYLINDERS DESIGN CONSTRUCTION AND TESTING First Revision of IS 17613,ml,NOT_TRANSLATED,NEEDS_HUMAN_OR_MODEL_VALIDATION,AUXILIARY_ONLY
RV-V03-004438,MSV1-A32C2C6F05AD46AA,IS 15369:2025,CONSTRUCTION OF VAULT STRONG ROOM CODE OF PRACTICE (Second Revision of IS 15369),ml,NOT_TRANSLATED,NEEDS_HUMAN_OR_MODEL_VALIDATION,AUXILIARY_ONLY
RV-V03-004439,MSV1-10EE9112368B680C,IS 3596:2025,Textiles — Glossary of Terms Relating to Hosiery ( First Revision),ml,NOT_TRANSLATED,NEEDS_HUMAN_OR_MODEL_VALIDATION,AUXILIARY_ONLY
RV-V03-004440,MSV1-0AE87D7F9CADF684,IS 19441:2025,TEXTILES SMOOTHNESS CHARACTERISTICS OF FABRIC METHODS OF TEST,ml,NOT_TRANSLATED,NEEDS_HUMAN_OR_MODEL_VALIDATION,AUXILIARY_ONLY
RV-V03-004441,MSV1-A3E292752B3E7EE7,IS 6124:2025,TEXTILES — CRIMP IN WOOL FIBRES — METHODS OF TEST ( First Revision ),ml,NOT_TRANSLATED,NEEDS_HUMAN_OR_MODEL_VALIDATION,AUXILIARY_ONLY
RV-V03-004442,MSV1-639FBFB2D8698BF5,IS 19387:2025,Textiles — Single Jersey Cotton Synthetic and Blended Leggings — Specification,ml,NOT_TRANSLATED,NEEDS_HUMAN_OR_MODEL_VALIDATION,AUXILIARY_ONLY
RV-V03-004443,MSV1-28C711F29E0D403D,IS 7703 (Part 3):2025,TEXTILES — MAN-MADE FIBRES CONTINUOUS FILAMENT FLAT YARN — METHOD OF TEST PART 3 COMMERCIAL MASS ( Second Revision ),ml,NOT_TRANSLATED,NEEDS_HUMAN_OR_MODEL_VALIDATION,AUXILIARY_ONLY
RV-V03-004444,MSV1-B796A0A8CAED4FF5,IS 19388:2025,Textiles — Single Jersey Cotton Synthetic and Blended Shorts — Specification,ml,NOT_TRANSLATED,NEEDS_HUMAN_OR_MODEL_VALIDATION,AUXILIARY_ONLY
RV-V03-004445,MSV1-7D6E8403F91A486C,IS 19373:2025,TEXTILES — SINGLE JERSEY COTTON SYNTHETIC AND BLENDED WOMENS STOCKINGS — SPECIFICATION,ml,NOT_TRANSLATED,NEEDS_HUMAN_OR_MODEL_VALIDATION,AUXILIARY_ONLY
RV-V03-004446,MSV1-9203695068659038,IS 19436:2025,Textiles Smart Textiles Test Method for Sheet Resistance of Conductive Textiles using Non-Contact Type,ml,NOT_TRANSLATED,NEEDS_HUMAN_OR_MODEL_VALIDATION,AUXILIARY_ONLY
RV-V03-004447,MSV1-088C4717D4D0DDAA,IS 19437:2025,TEXTILES AND TEXTILE PRODUCTS SMART INTELLIGENT TEXTILES DEFINITIONS CATEGORISATION APPLICATIONS AND STANDARDIZATION NEEDS,ml,NOT_TRANSLATED,NEEDS_HUMAN_OR_MODEL_VALIDATION,AUXILIARY_ONLY
RV-V03-004448,MSV1-A2BA7F5210BA4CB5,IS/ISO/IEC 2382 (Part 37):2022,Information Technology Vocabulary Part 37: Biometrics,ml,NOT_TRANSLATED,NEEDS_HUMAN_OR_MODEL_VALIDATION,AUXILIARY_ONLY
RV-V03-004449,MSV1-234525353C9C28C2,IS/IEC 62477 (Part 1):2022,Safety requirements for power electronic converter systems and equipment Part 1 General,ml,NOT_TRANSLATED,NEEDS_HUMAN_OR_MODEL_VALIDATION,AUXILIARY_ONLY
RV-V03-004450,MSV1-3119CBC9CEECDF42,IS/IEC 62477 (Part 2):2018,Safety requirements for power electronic converter systems and equipment Part 2 Power electronic converters from 1 000 V a.c or 1 500 V d.c up to 36 kV a.c or 54 kV d.c.,ml,NOT_TRANSLATED,NEEDS_HUMAN_OR_MODEL_VALIDATION,AUXILIARY_ONLY
RV-V03-004451,MSV1-400C888E7DE992A9,IS 19327 (Part 2):2025,METHODS OF PREPARATION OF HOMOEOPATHIC MOTHER TINCTURES Part 2 PERCOLATION,ml,NOT_TRANSLATED,NEEDS_HUMAN_OR_MODEL_VALIDATION,AUXILIARY_ONLY
RV-V03-004452,MSV1-B9F01FD385C5AE04,IS/IEC 60034 (Part 27/Sec 1):2017,Rotating electrical machines Part 27 Winding insulation of rotating electrical machines Section 1 Off-Line partial discharge measurements on the winding insulation,ml,NOT_TRANSLATED,NEEDS_HUMAN_OR_MODEL_VALIDATION,AUXILIARY_ONLY
RV-V03-004453,MSV1-C337D572DFDDDFAA,IS/IEC 60034 (Part 27/Sec 2):2023,Rotating electrical machines Part 27 Winding insulation of rotating electrical machines Section 2 On-line partial discharge measurements on the stator winding insulation,ml,NOT_TRANSLATED,NEEDS_HUMAN_OR_MODEL_VALIDATION,AUXILIARY_ONLY
RV-V03-004454,MSV1-4C661F6F0FD6FA97,IS/IEC 60034 (Part 27/Sec 3):2015,Rotating electrical machines Part 27 Winding insulation of rotating electrical machines Section 3 Dielectric dissipation factor measurement on stator winding insulation of rotating electrical machines,ml,NOT_TRANSLATED,NEEDS_HUMAN_OR_MODEL_VALIDATION,AUXILIARY_ONLY
RV-V03-004455,MSV1-7F63E636430637A7,SP 74:2025,REVISED STATE OF THE ART OF METRIC SYSTEM IN INDIA (An update to the SP4 : 1969 Metric Change in India),ml,NOT_TRANSLATED,NEEDS_HUMAN_OR_MODEL_VALIDATION,AUXILIARY_ONLY
RV-V03-004456,MSV1-2D872C311153848B,IS 14970:2025,Leather — Determination of Distension and Strength of Surface (Ball Burst Method),ml,NOT_TRANSLATED,NEEDS_HUMAN_OR_MODEL_VALIDATION,AUXILIARY_ONLY
RV-V03-004457,MSV1-6AB0A38FA591DFE5,IS 19416:2025,Internet of Things (loT) — Digital Twin — Use Cases,ml,NOT_TRANSLATED,NEEDS_HUMAN_OR_MODEL_VALIDATION,AUXILIARY_ONLY
RV-V03-004458,MSV1-5C67164DA4A5D860,IS 19381:2025,Adventure tourism Cyclotourism Requirements and recommendations,ml,NOT_TRANSLATED,NEEDS_HUMAN_OR_MODEL_VALIDATION,AUXILIARY_ONLY
RV-V03-004459,MSV1-A89FF6D7B944351D,IS 19384:2025,Tourism and Related Services Online Travel Agency OTA Guidelines for Online Accommodation Booking Platform Services,ml,NOT_TRANSLATED,NEEDS_HUMAN_OR_MODEL_VALIDATION,AUXILIARY_ONLY
RV-V03-004460,MSV1-7E4474AAEAEB8EE4,IS 19385:2025,Tourism and Related Services - Restaurants and Catering - Vocabulary,ml,NOT_TRANSLATED,NEEDS_HUMAN_OR_MODEL_VALIDATION,AUXILIARY_ONLY
RV-V03-004461,MSV1-DF631BD4825BA0FA,IS/ISO 25639 (Part 1):2025,Exhibitions and Events Part 1: Vocabulary,ml,NOT_TRANSLATED,NEEDS_HUMAN_OR_MODEL_VALIDATION,AUXILIARY_ONLY
RV-V03-004462,MSV1-AC3BAFC04BF2DC44,IS 19418:2025,CAMPUS FACILITIES AND ACCOMMODATION SERVICES FOR EDUCATIONAL ORGANIZATIONS — REQUIREMENTS,ml,NOT_TRANSLATED,NEEDS_HUMAN_OR_MODEL_VALIDATION,AUXILIARY_ONLY
RV-V03-004463,MSV1-09E4ACBCDF0C34B6,IS/IEC 60034 (Part 30/Sec 3):2024,Rotating electrical machines Part 30 Efficiency classes Section 3 High voltage a.c. motors IE-code,ml,NOT_TRANSLATED,NEEDS_HUMAN_OR_MODEL_VALIDATION,AUXILIARY_ONLY
RV-V03-004464,MSV1-D962B503F492CA08,IS/IEC 60793 (Part 1/Sec 22):2024,Optical fibres Part 1-22: Measurement methods and test procedures - Length measurement First Revision,ml,NOT_TRANSLATED,NEEDS_HUMAN_OR_MODEL_VALIDATION,AUXILIARY_ONLY
RV-V03-004465,MSV1-21996C3AF7BD5EB3,IS 17900 (Part 4):2025,Lifts for the Transport of Persons and Goods Part 4 Specifications for Control Devices Buttons Signals Indicators and Other Fittings,ml,NOT_TRANSLATED,NEEDS_HUMAN_OR_MODEL_VALIDATION,AUXILIARY_ONLY
RV-V03-004466,MSV1-DAD4B2FC196F13CF,IS/IEC 62429:2007,Reliability growth Stress testing for early failures in unique complex systems,ml,NOT_TRANSLATED,NEEDS_HUMAN_OR_MODEL_VALIDATION,AUXILIARY_ONLY
RV-V03-004467,MSV1-CB66546ED1507707,IS/ISO/IEC 5259 (Part 1):2024,Artificial Intelligence Data Quality for Analytics and Machine Learning ML Part 1: Overview Terminology and Examples,ml,NOT_TRANSLATED,NEEDS_HUMAN_OR_MODEL_VALIDATION,AUXILIARY_ONLY
RV-V03-004468,MSV1-7CA142DA3F82EBC4,IS/ISO/IEC 5259 (Part 2):2024,Artificial Intelligence Data Quality for Analytics and Machine Learning ML Part 2: Data Quality Measures,ml,NOT_TRANSLATED,NEEDS_HUMAN_OR_MODEL_VALIDATION,AUXILIARY_ONLY
RV-V03-004469,MSV1-A2ED84A1A9574AD5,IS/ISO/IEC 5259 (Part 3):2024,Artificial Intelligence Data Quality for Analytics and Machine Learning ML Part 3: Data Quality Management Requirements and Guidelines,ml,NOT_TRANSLATED,NEEDS_HUMAN_OR_MODEL_VALIDATION,AUXILIARY_ONLY
RV-V03-004470,MSV1-CB88970DA3A0EF4E,IS/ISO/IEC 5259 (Part 4):2024,Artificial intelligence Data Quality for Analytics and Machine Learning ML Part 4: Data Quality Process Framework,ml,NOT_TRANSLATED,NEEDS_HUMAN_OR_MODEL_VALIDATION,AUXILIARY_ONLY
RV-V03-004471,MSV1-CFDA9D68F2D8B3C7,IS 19276:2025,COUMARIN - SPECIFICATION,ml,NOT_TRANSLATED,NEEDS_HUMAN_OR_MODEL_VALIDATION,AUXILIARY_ONLY
RV-V03-004472,MSV1-0B421107D8DD5C1B,IS 19278 (Part 1):2025,Electronic Signatures and Infrastructures (ESI) — Procedures for Creation and Validation of AdES Digital Signatures Part 1 Creation and Validation,ml,NOT_TRANSLATED,NEEDS_HUMAN_OR_MODEL_VALIDATION,AUXILIARY_ONLY
RV-V03-004473,MSV1-59C836F32CE326F5,IS 19357:2025,Textile Floor Coverings - State of the Art on Maintenance and Cleaning,ml,NOT_TRANSLATED,NEEDS_HUMAN_OR_MODEL_VALIDATION,AUXILIARY_ONLY
RV-V03-004474,MSV1-D7CDD1D37A1690A7,IS 19332:2025,Electronic Signatures and Infrastructures ESI The framework for standardization of signatures Definitions and abbreviations,ml,NOT_TRANSLATED,NEEDS_HUMAN_OR_MODEL_VALIDATION,AUXILIARY_ONLY
RV-V03-004475,MSV1-34D76A79AE9810D0,IS 17900 (Part 7/Sec 1):2025,Lift for the Transport of Person and Goods Part 7 Lifts for Special Applications Section 1 Lifts Used Under-Construction Buildings,ml,NOT_TRANSLATED,NEEDS_HUMAN_OR_MODEL_VALIDATION,AUXILIARY_ONLY
RV-V03-004476,MSV1-C1BFEFAADD205E38,IS 19118:2025,Safety of Machinery - Guidelines on Functional Safety of Safety-Related Control System,ml,NOT_TRANSLATED,NEEDS_HUMAN_OR_MODEL_VALIDATION,AUXILIARY_ONLY
RV-V03-004477,MSV1-A168F65661DEDC41,IS 5182 (Part 30):2025,Air Pollution - Methods For Measurement Part 30 Metals in Particulate Matter in Ambient Air,ml,NOT_TRANSLATED,NEEDS_HUMAN_OR_MODEL_VALIDATION,AUXILIARY_ONLY
RV-V03-004478,MSV1-8E0E09916CE774E0,IS 19383:2025,Audiometric Test Room - Specification,ml,NOT_TRANSLATED,NEEDS_HUMAN_OR_MODEL_VALIDATION,AUXILIARY_ONLY
RV-V03-004479,MSV1-6543C309CF1319C9,IS 19400:2025,HOLARRHENA ANTIDYSENTERICA HYDRO-ALCOHOLIC EXTRACT FOR USE IN HOMOEOPATHY- SPECIFICATION,ml,NOT_TRANSLATED,NEEDS_HUMAN_OR_MODEL_VALIDATION,AUXILIARY_ONLY
RV-V03-004480,MSV1-23632E00BF5F3D8A,IS 14223 (Part 2):2025,Polished Building Stones –– Specification Part 2 Marble and Similar Stones,ml,NOT_TRANSLATED,NEEDS_HUMAN_OR_MODEL_VALIDATION,AUXILIARY_ONLY
RV-V03-004481,MSV1-8F27C798F02C3A59,IS 19409:2025,SERVICE VALVES FOR AIR CONDITIONING AND REFRIGERATION PURPOSES - SPECIFICATION,ml,NOT_TRANSLATED,NEEDS_HUMAN_OR_MODEL_VALIDATION,AUXILIARY_ONLY
RV-V03-004482,MSV1-0E6C8AAE69613148,IS 15559:2025,POLYESTER PET STRAPPING SPECIFICATION,ml,NOT_TRANSLATED,NEEDS_HUMAN_OR_MODEL_VALIDATION,AUXILIARY_ONLY
RV-V03-004483,MSV1-A2C745F72841EACA,IS 12844:2025,Vinyl Pyridine Latex — Specification,ml,NOT_TRANSLATED,NEEDS_HUMAN_OR_MODEL_VALIDATION,AUXILIARY_ONLY
RV-V03-004484,MSV1-3E7D6A5C543F21D7,IS 1671:2025,TEXTILES — STRENGTH PARAMETERS OF YARNS SPUN ON COTTON SYSTEM — METHODS OF TEST,ml,NOT_TRANSLATED,NEEDS_HUMAN_OR_MODEL_VALIDATION,AUXILIARY_ONLY
RV-V03-004485,MSV1-A1A1D0EB8C55826B,IS 7845:2025,Textile Dyestuffs - Method for Evaluating Strength of Reactive Dyes Trichloropyrimidyl Type by Dyeing Test (Second Revision),ml,NOT_TRANSLATED,NEEDS_HUMAN_OR_MODEL_VALIDATION,AUXILIARY_ONLY
RV-V03-004486,MSV1-5254B742D1837CCE,IS 7471:2025,Recommendation for Polarity of Earth Connections and Marking of Electrical Equipment for Automobiles (First Revision),ml,NOT_TRANSLATED,NEEDS_HUMAN_OR_MODEL_VALIDATION,AUXILIARY_ONLY
RV-V03-004487,MSV1-BD87B50EA9F37C7E,IS 11657:2025,Phosphorus Oxychloride Technical - Specification (Second Revision),ml,NOT_TRANSLATED,NEEDS_HUMAN_OR_MODEL_VALIDATION,AUXILIARY_ONLY
RV-V03-004488,MSV1-64062318C88FCEA0,IS 3735:2025,Canvas Shoes Rubber Sole - Specification (Third Revision ),ml,NOT_TRANSLATED,NEEDS_HUMAN_OR_MODEL_VALIDATION,AUXILIARY_ONLY
RV-V03-004489,MSV1-FCDEFB04E5130FDD,IS 8540:2025,Liquid Glass Cleaner — Specification ( Second Revision ),ml,NOT_TRANSLATED,NEEDS_HUMAN_OR_MODEL_VALIDATION,AUXILIARY_ONLY
RV-V03-004490,MSV1-D6A739A02EDD5036,IS 13980:2025,ACCEPTANCE TESTS ON INDUSTRIAL BOILERS CODE OF PRACTICE,ml,NOT_TRANSLATED,NEEDS_HUMAN_OR_MODEL_VALIDATION,AUXILIARY_ONLY
RV-V03-004491,MSV1-73093B6035FEDFB2,IS 9821:2025,Farm Transport Equipment - Glossary ( First Revision),ml,NOT_TRANSLATED,NEEDS_HUMAN_OR_MODEL_VALIDATION,AUXILIARY_ONLY
RV-V03-004492,MSV1-15EF82AF4407E61D,IS 1493 (Part 1):2025,Methods of chemical analysis of iron ores Part 1 Determination of common constituents ( Second Revision),ml,NOT_TRANSLATED,NEEDS_HUMAN_OR_MODEL_VALIDATION,AUXILIARY_ONLY
RV-V03-004493,MSV1-EF965C4E3964D089,IS 3564:2025,Hydraulically Regulated Door Closers - Specification Fifth Revision of IS 3564 Amalgamating IS 14912,ml,NOT_TRANSLATED,NEEDS_HUMAN_OR_MODEL_VALIDATION,AUXILIARY_ONLY
RV-V03-004494,MSV1-EABF34A578903E3E,IS 6315:2025,Hydraulically Regulated Floor Springs - Specification Third Revision of IS 6315 ICS 91190,ml,NOT_TRANSLATED,NEEDS_HUMAN_OR_MODEL_VALIDATION,AUXILIARY_ONLY
RV-V03-004495,MSV1-C49E4AD43EE39E1F,IS 5114:2025,REFLECTORIZED SIGNS FOR MINES SPECIFICATION First Revision,ml,NOT_TRANSLATED,NEEDS_HUMAN_OR_MODEL_VALIDATION,AUXILIARY_ONLY
RV-V03-004496,MSV1-9DCD6E11C443A077,IS 10891 (Part 2):2025,STEEL WIRE ROPES FOR AERIAL ROPEWAYS SPECIFICATION PART 2 TRACK ROPES [Second Revision of IS 10891 (Part 2)],ml,NOT_TRANSLATED,NEEDS_HUMAN_OR_MODEL_VALIDATION,AUXILIARY_ONLY
RV-V03-004497,MSV1-419D892BCA79A4E1,IS 19389:2025,Monitoring Radioactive Gases in Effluents from Facilities Producing Positron Emitting Radionuclides and Radiopharmaceuticals,ml,NOT_TRANSLATED,NEEDS_HUMAN_OR_MODEL_VALIDATION,AUXILIARY_ONLY
RV-V03-004498,MSV1-EB7585448D72C54C,IS 19390:2025,Guidance for Gamma Spectrometry Measurement of Radioactive Waste,ml,NOT_TRANSLATED,NEEDS_HUMAN_OR_MODEL_VALIDATION,AUXILIARY_ONLY
RV-V03-004499,MSV1-615D9D5FDCEFF770,IS 19392:2025,Measurement of radioactivity - Gamma ray and beta emitting radionuclides - Test method to assess the ease of decontamination of surface materials,ml,NOT_TRANSLATED,NEEDS_HUMAN_OR_MODEL_VALIDATION,AUXILIARY_ONLY
RV-V03-004500,MSV1-6BEED4F8837A02CC,IS 19378:2025,Base Paper for Sublimation Coating and Sublimation Coated Paper Specification,ml,NOT_TRANSLATED,NEEDS_HUMAN_OR_MODEL_VALIDATION,AUXILIARY_ONLY
