standard_family_id,standard_family_key
FAM-8E9E5F5ED5D0,IS 19763
FAM-83F690D22DDF,IS 19822
FAM-805B774E03B4,IS 19783
FAM-0829DE72D6AF,IS 1608
FAM-7E00449AA06E,IS 19881
FAM-42E73E8C7C7F,IS 19879
FAM-61F27AEEC34B,IS 19880
FAM-ADFEA4BA76F0,IS 19882
FAM-EA48656667B6,IS 8324
FAM-290628A00AC4,IS 13872
FAM-95AACAC65D1D,IS 9874
FAM-2D2E4E640C17,IS 10325
FAM-A3DC59B88B70,IS 12112
FAM-65B088EE664A,IS 7385
FAM-1F57D5217C3F,IS 13618
FAM-F406FC24E7DD,IS 12185
FAM-1524A1B31B8B,IS 11916
FAM-91F651E8C406,IS 10447
FAM-A3B399962FDB,IS 11304
FAM-2367D9344201,IS 16810
FAM-7220EA523B38,IS 16815
FAM-999683C1E8CE,IS 7967
FAM-6083EE3F0413,IS 3256
FAM-611AD2BAAA95,IS 5175
FAM-D766E6EF59F0,IS 13450
FAM-0958B23531A0,IS 15732
FAM-ABDA009D8454,IS 5647
FAM-C0A778BE7864,IS 5649
FAM-EBB57FB1BD00,IS 6156
FAM-C235DB30D7CE,IS 10870
FAM-A79AB383D78E,IS 19887
FAM-1CD8356A2312,IS 19901
FAM-5333E7C0E470,IS 19897
FAM-E5CFBBB2D2F6,IS 19900
FAM-3E8FBCCFAC08,IS 19898
FAM-579946298A43,IS 302
FAM-2EA41E30E714,IS/ISO/IEC/IEEE 8802
FAM-0A7EE7A1564D,IS/ISO/IEC 11179
FAM-C4EF715AECBD,IS/ISO/IEC 14882
FAM-AFE00D24A7C1,IS 7324
FAM-09F1419C8215,IS 15284
FAM-62F985CD5882,IS 6452
FAM-322716CC8E08,IS 11233
FAM-9823BC9E63A9,IS 17425
FAM-97487B2AA59E,IS 5306
FAM-B6CBA0830081,IS 5867
FAM-679F676C75FE,IS 7328
FAM-16AE4994512C,IS 8122
FAM-0AF31E9E6136,IS 7585
FAM-DC5320B5D2DC,IS 9374
FAM-FD2F4F12E574,IS 1989
FAM-F22A5FA59054,IS 2553
FAM-E8C08074ABAF,IS 19655
FAM-B5DFA5AAD35D,IS 19535
FAM-513259A6C770,IS 19792
FAM-553F8BB1F496,IS 19878
FAM-182217635015,IS 19885
FAM-D33FA839B91E,IS 19700
FAM-960E5690A42E,IS 14452
FAM-3215DE736672,IS 17862
FAM-48785747826E,IS 19884
FAM-364CBFA5CAB3,IS 12157
FAM-F261F1CE4225,IS/ISO 7425
FAM-B53B5C105A4B,IS 7386
FAM-B0093489F9ED,IS 16812
FAM-D78AEB80445A,IS 19841
FAM-7BBA3BDB4EA4,IS 19592
FAM-41727625D8C1,IS 3346
FAM-901318D6FF10,IS 9357
FAM-C405487F000A,IS 14550
FAM-4009F499CF83,IS 16122
FAM-C9F7E488E338,IS 19864
FAM-3947B6239745,IS 19866
FAM-8EC644B56E9F,IS 17874
FAM-5742401D5215,IS 19510
FAM-1B88A755B023,IS 19823
FAM-3B5AADCEB61E,IS 19846
FAM-93AD6B0DB27D,IS 17113
FAM-B72FF822F1BA,IS 19844
FAM-61CCC3C10404,IS 19843
FAM-5ABD24E235BE,IS 19859
FAM-26620E531A15,IS 19848
FAM-F55D4058119C,IS 19847
FAM-8BCC9A85EA83,IS 19860
FAM-581FE171855B,IS 19845
FAM-88F84229B42F,IS 19762
FAM-1C5542FC3DAD,IS 17017
FAM-F6BEA5A5F944,IS 13940
FAM-E4C1C78C87FA,IS/ISO/IEC 5218
FAM-120A83A371DA,IS 10680
FAM-3BDB28680B59,IS 14943
FAM-F912C25215F8,IS/ISO 56001
FAM-D17910BAD8D5,IS 19814
FAM-1440E5DE545B,IS 19815
FAM-6A4F15FF4F24,IS 19811
FAM-2D48A9DA4ACC,IS 19863
FAM-2DCA58A27524,IS 1622
FAM-6688A1E7932E,IS/ISO 8573
FAM-9EBE3086D0E3,IS 16264
FAM-D2E374B29D7F,IS 16252
FAM-EBB98E23A34B,IS 5760
FAM-812445D42DEB,IS 15583
FAM-E7F2BF5827EC,IS 17274
FAM-A0848968951D,IS 19872
FAM-3A205FF59782,IS 19875
FAM-BDA384690057,IS 19869
FAM-BDC066B07C34,IS 19873
FAM-01B615694172,IS 19874
FAM-2DFBF4A9DFF0,IS 19870
FAM-B15A03EC7132,IS 19871
FAM-F75ACF47BF6E,IS 5870
FAM-23F04EB0A113,IS 5681
FAM-CE4A10A65D3D,IS 8697
FAM-5C18F15E48F6,IS 8787
FAM-85EBB055CC2B,IS 7219
FAM-965F3A09804B,IS 8751
FAM-9C9B7DC8EC50,IS 19857
FAM-25AB5A08C6DD,IS 19856
FAM-65CF53B54F56,IS 19834
FAM-1D69F0EF15C8,IS 19835
FAM-2287E28476D4,IS/ISO/IEC 8663
FAM-264F7DBAB030,IS/ISO/IEC 27031
FAM-3B295FDA7C29,IS 16500
FAM-C980AF0144D8,IS/ISO/IEC 19896
FAM-239A921C3D89,IS/ISO/IEC 27018
FAM-F54ADADB6206,IS 14990
FAM-BD1A7034A427,IS 19751
FAM-A455133BFCD2,IS 1459
FAM-A5A67725D2F0,IS 5508
FAM-4E567822161D,IS 3608
FAM-78EF20A69990,IS 10226
FAM-A7ECEF8F89B0,IS 12435
FAM-7D4608A18A9A,IS 1017
FAM-793241417357,IS 19877T
FAM-88261E834D55,IS 19465
FAM-35459B64655D,IS/IEC 60136
FAM-7CADFD7E23DE,IS 29997
FAM-37EAAAC9EB99,IS 1944
FAM-F73DC51BE6EA,IS 8783
FAM-A3C976EC1227,IS 16234
FAM-63A7BEFC35E2,IS 9131
FAM-4DA2FAFF034B,IS 19757
FAM-A6E5CEA4394B,IS 19607
FAM-38EE497A563B,IS 19819
FAM-3ECF3A5739DF,IS 12410
FAM-8AA06CC7493E,IS 14685
FAM-0AD3E8C48455,IS 14684
FAM-2F4F01495DD9,IS 101
FAM-7CA29C8CE9FB,IS 1420
FAM-D5F2D2D4DE47,IS 13213
FAM-60E6B73116D2,IS 15386
FAM-FF97608F9D80,IS 75
FAM-C5D2033921CB,IS 887
FAM-2391CA423E0A,IS 19854
FAM-A6C0BD1F2496,IS 19852
FAM-209C455A67AF,IS 19851
FAM-FCD41C101658,IS 19853
FAM-CFC65C8DD1B6,IS 19861
FAM-47BC6CE60770,IS 19855
FAM-887F1714A657,IS 19858
FAM-F6E30A2C6A7E,IS 19809
FAM-DD4CB879A940,IS 8682
FAM-B181086B52CB,IS/ISO 7507
FAM-9FEBCA027157,IS 19726
FAM-7FE7B643DA86,IS 20201
FAM-BEBAEA76B7D5,IS 432
FAM-02BB0CC22CEB,IS 10125
FAM-A56115F54ECC,IS 12292
FAM-5451BD34AD5B,IS 19519
FAM-AC6E407CD2D8,IS 4289
FAM-2E99A73C8DE6,IS 16805
FAM-56F9BBF99B5D,IS 16893
FAM-07FF7E6ED306,IS 19775
FAM-BA9200667705,IS 19826
FAM-964A32E2BD46,IS 19829
FAM-A4754F5BF02E,IS 19830
FAM-40916FC9B544,IS 19828
FAM-21ECDF1E55B4,IS 19831
FAM-C7DA800AE68D,IS/IEC 61537
FAM-3E24B3C0F08F,IS 16724
FAM-36FD57C1C091,IS 8810
FAM-7BD6899580E8,IS 19778
FAM-6BE9B5362288,IS 19711
FAM-32E87C1721EE,IS 19632
FAM-240AD7989846,IS 19359
FAM-B2C661D57AB5,IS 19636
FAM-098E45EE98F8,IS 19827
FAM-42ABB0E5C56B,IS 19832
FAM-BA19F7E82F12,IS 19833
FAM-D41CCC896192,IS 3009
FAM-127589AFBA39,IS 18698
FAM-9D5D54A256E6,IS 19749
FAM-100553ACA171,IS 19788
FAM-C4058322C1D0,IS 19850
FAM-A404316122DF,IS/ISO 14001
FAM-221C32472ABD,IS 19756
FAM-666C0366E598,IS 19782
FAM-A419B46D097A,IS 19766
FAM-452581D0654F,IS 12036
FAM-9421D81C0FF8,IS 17905
FAM-9E166AF6E025,IS 12062
FAM-0F9655C44D49,IS 2072
FAM-EAADC94B6F0E,IS 82
FAM-BA7A01E85DF9,IS 19790
FAM-0A3A8D23658F,IS 19047
FAM-68D26DE461EB,IS 19741
FAM-8B7D25F8F69D,IS 19821
FAM-268A909673BA,IS 10273
FAM-92C90EF166D2,IS 12226
FAM-1DAD1ABE5E76,IS 15365
FAM-4A9F29E7DF7D,IS 13425
FAM-D35517BD121B,IS 19787
FAM-1D82F8ECB1B0,IS 19736
FAM-62E82D4ED692,IS 19740
FAM-8FB03D1E7898,IS 19742
FAM-F31E198258E6,IS 19735
FAM-4465272C687B,IS 19737
FAM-59FFC8F54DE5,IS 7762
FAM-38B78FAA8E2D,IS 6420
FAM-FB82A500D770,IS 7758
FAM-FD6762CC16E4,IS 8771
FAM-2C7506689F6C,IS 7767
FAM-42F8EAB7189C,IS 9062
FAM-E0C3D488F04D,IS 5722
FAM-372DA48FADC2,IS 10009
FAM-AA956FDF7166,IS 9061
FAM-A63C9F7355D5,IS 9134
FAM-E00FDF4C6EF7,IS 11244
FAM-A1F996C6771B,IS 19734
FAM-AF38C3957BF8,IS 4296
FAM-91264910AD6F,IS 15511
FAM-CF134FAC8303,IS 8533
FAM-308F2025A6A4,IS 16762
FAM-C9B3EB6DCC17,SP 7
FAM-756219C0EC77,IS 8605
FAM-A13A261CF945,IS 4997
FAM-DD96D76CED76,IS 9401
FAM-D2E452AB29F2,IS 5878
FAM-9FB577ACBF50,IS 12633
FAM-198E21752378,IS 10334
FAM-4D1D2ED78AB8,IS 10434
FAM-F35153693685,IS 15310
FAM-79482A060AC5,IS 11639
FAM-54906005BD5B,IS 12615
FAM-C4FF90F3D5FD,IS 19789
FAM-19BFEBDD6055,IS 17900
FAM-C847F283BCAC,IS/IEC 60068
FAM-11AA87858211,IS 19791
FAM-919BF3E4EFE6,IS/IEC 62563
FAM-78FE48916967,IS 8317
FAM-21C139B90D09,IS 16783
FAM-2AA37E854AC4,IS 17039
FAM-4FD1140998FB,IS 19797
FAM-9A6B417A3F90,IS 19771
FAM-9A95E039808E,IS 10284
FAM-A71502DFEC8A,IS 8861
FAM-DD3A46D9601C,IS 8873
FAM-6F1F770C35B6,IS 4887
FAM-7E37614D8F09,IS 507
FAM-5599F9A68471,IS 9611
FAM-BBBBE428E1D7,IS 5573
FAM-C642660D8CDD,IS 3916
FAM-A27A9358BB65,IS 8543
FAM-073B59B95F7D,IS 1216
FAM-539124DE77EB,IS 8461
FAM-AEDDEDA779B0,IS 1448
FAM-42F7326E789A,IS 13360
FAM-788C7E8B4EE2,IS 16861
FAM-372F6A7C57B4,IS 14385
FAM-4453F447FE64,IS 13123
FAM-C9727BB156EC,IS 16061
FAM-44A6F8455796,IS 11604
FAM-5BF4BA68F74F,IS 15641
FAM-5227017F7FA1,IS 19685
FAM-41EC213A839E,IS 19681
FAM-F45DF6A53205,IS 19683
FAM-FF3D3C234BD9,IS 19682
FAM-05E72734DC29,IS 19487
FAM-CC5987D557D5,IS 19733
FAM-2E5A32DB0B58,IS 19694
FAM-A319F142BD5E,IS 19769
FAM-FAB059CBFF63,IS 17118
FAM-C62CBC88A650,IS 19768
FAM-75EE301F0A41,IS 8345
FAM-9B1659B3814F,IS 7116
FAM-05784D3918DB,IS 7117
FAM-F34E13F942A8,IS 11889
FAM-FC37F8D29F0A,IS 12256
FAM-B0F971EA22F9,IS 8773
FAM-C5C8E2A02BE1,IEC 61000
FAM-3359003C0B94,IS 19638
FAM-50010170FB69,IS 19512
FAM-87E8DFA8333D,IS 18972
FAM-A103A02E1E9A,IS/IEC 60669
FAM-F92C20E4D92F,IS 7039
FAM-A44B409D85A3,IS 10156
FAM-D8DBC9196E1B,IS 7080
FAM-87B47493D30D,IS 6510
FAM-3A6C48CD2086,IS 6589
FAM-5A1442A10084,IS 6436
FAM-174788340F61,IS 7432
FAM-26DAC5FFF7D3,IS 16463
FAM-BD038E7AF16E,IS 19808
FAM-D3FE87F88152,IS 19806
FAM-340EFE445C77,IS 19804
FAM-6CAA8DAF9D29,IS 19805
FAM-B2DB77677773,IS 19807
FAM-BA9BDC4B69F3,IS 19631
FAM-E6FD768C4442,IS 13970
FAM-7BFBE28D5DA6,IS 19642
FAM-96463772E062,IS/ISO/IEC 5259
FAM-D57DA0222CAE,IS/ISO/IEC 42005
FAM-920BFEEDDA58,IS/ISO/IEC 42006
FAM-E58EB70A51B0,IS/ISO/IECTR 20226
FAM-D16B22A832F7,IS/ISO/IECTS 12791
FAM-F32D617BBB20,IS/ISO/IECTR 24027
FAM-38EC0DD2362E,IS 12556
FAM-BF4B9A993999,IS 8572
FAM-78391DB80C66,IS 19490
FAM-65B865924060,IS 10408
FAM-9D30B3A29EE1,IS 5367
FAM-31BCD46F71D3,IS 7906
FAM-922AD7AAD8BB,IS 2742
FAM-FD7F3E072F02,IS 1887
FAM-754A50BC13A3,IS 19780
FAM-05B2408C6A77,IS 11682
FAM-1899EEAC6F65,IS 813
FAM-A8A8E8887061,IS 8604
FAM-A9BB1061E467,IS 19773
FAM-60A3E86537FB,IS 19784
FAM-B50EBA1F2E44,IS 19754
FAM-3C5983B5B725,IS 19704
FAM-3625C130BB23,IS 19755
FAM-15115B22EA50,IS/ISO 14067
FAM-94935196D5DC,IS 8593
FAM-EFF77BFFBF6A,IS 19795
FAM-3168D3EA5247,IS 19802
FAM-4D5E79BAC1E9,IS 19800
FAM-5E35F253E28D,IS 19799
FAM-66BE8C2CC111,IS 19798
FAM-65324AB04D64,IS 19796
FAM-095232D9E179,IS 19793
FAM-7AC638B3F014,IS 19794
FAM-B4F5EB31C11A,IS/ISO 19803
FAM-E41210948C2D,IS/ISO 19801
FAM-2A5A8170A32F,IS 19684
FAM-ABE5F47BAD1F,IS 6592
FAM-C137CA2AB869,IS 18568
FAM-110653D43AAA,IS 3018
FAM-08A653922445,IS 1171
FAM-6170C66B2C95,IS 10386
FAM-027B5A3CF1C8,IS 1200
FAM-8252B06E34D3,IS 18641
FAM-6F1787EAA1A9,IS 19738
FAM-F0DAA6A0D164,IS 19452
FAM-6B50275FFA47,IS 19744
FAM-0AD788F9F64D,IS 228
FAM-CFDA644C94C2,IS 8073
FAM-300507CB5F11,IS 6231
FAM-0B35273F1443,IS 2977
FAM-0C4D06396122,IS 2637
FAM-2D38D0F50573,IS 5273
FAM-2217CCE2B1FC,IS 12991
FAM-BDAF6384B3C7,IS 13162
FAM-EB633ABC348E,IS 14351
FAM-DF7ED022A140,IS 5085
FAM-449072065D56,IS 11740
FAM-CADF614B414D,IS 2873
FAM-F8EB4D419AEE,IS 9846
FAM-00ED4E41A1F9,IS 11596
FAM-B14551C4365E,IS 1433
FAM-0E59DC67AC76,IS 5934
FAM-DD012BE00BBC,IS 17474
FAM-D25490EE3689,IS 19706
FAM-6BB8EC017155,IS 19728
FAM-61F1A949C17B,IS 19758
FAM-2256CC7A3186,IS 19727
FAM-A6AF6EC0D58E,IS 19777
FAM-B0A2F00DC9B9,IS 19776
FAM-AD8275E88F9C,IS 19703
FAM-888FAB1F40BA,IS 19660
FAM-C84C74B5F8A0,IS 19764
FAM-D8A7FA9011E1,IS 19767
FAM-2FF49763C689,IS 18538
FAM-FF5C22643E3D,IS 19774
FAM-D92312AF60C5,IS 17260
FAM-2D46C62AA007,IS 2974
FAM-C77AC54185B6,IS 3111
FAM-605D2CB1FF04,IS 19687
FAM-639234264D4B,IS 11442
FAM-7E99C8DE9A58,IS 5042
FAM-C4159625ED88,IS 9863
FAM-0662AFB2F764,IS 9341
FAM-7081B8F47000,IS 5182
FAM-44C42689E99B,IS 12161
FAM-A51BA0A289C2,IS 12061
FAM-E329607568EA,IS 11081
FAM-3807FCFE0D2B,IS 13172
FAM-938E3BEA8033,IS 5676
FAM-21C172F75F54,IS 16991
FAM-D333A50A80B5,IS 6664
FAM-38B15C7BF1D9,IS 1982
FAM-80EE1DF175FE,IS 563
FAM-37BE1B94028F,IS 1050
FAM-3E613229DDE8,IS 19770
FAM-5BB7D3075A58,IS 19760
FAM-9E1E07B09EBB,IS 19467
FAM-FD3ADBBCD6B2,IS 4825
FAM-B43426D33276,IS 6017
FAM-7D0B9B9088B0,IS 8728
FAM-4C138127B3BD,IS 12244
FAM-155FDCCFA1C8,IS 5868
FAM-0452554AF53D,IS 11646
FAM-A755C23D5569,IS 5145
FAM-B302C148AB8D,IS 6112
FAM-7A4D33740661,IS 6464
FAM-3AB17937CC30,IS 19477
FAM-90FA47620194,IS 18875
FAM-8EF75F5534DF,IS 19433
FAM-9271704F3ACC,IS 18667
FAM-1F815D85C223,IS 19697
FAM-3E788919FB6B,IS 6909
FAM-CD7486D73B4F,IS 8041
FAM-6A789BED4088,IS 8043
FAM-803AEBE402AC,IS 4410
FAM-0A24AF37AAE2,IS 5897
FAM-AD3B3ABD7B0D,IS 19752
FAM-E63916434F65,IS/IEC 60947
FAM-A6C573BB56D4,IS 7391
FAM-504190789960,IS 1146
FAM-E4268BCCBE24,IS 15429
FAM-139298590D9E,IS 16179
FAM-5B1FDA572ED1,IS 19761
FAM-A8C0D9EB6679,IS/IEC 61936
FAM-261D42D08FD8,IS 3466
FAM-4DF94DA2E9CE,IS 4305
FAM-CCEEF0724C59,IS 4845
FAM-FA1047ABD9A2,IS 10080
FAM-1A2235F10EF9,IS 875
FAM-9F539F75311C,IS 2601
FAM-0D6A2D5018D5,IS 1528
FAM-5A703036CB3F,IS 18632
FAM-CAD6C25740A6,IS 6016
FAM-02F11726E50B,IS 8376
FAM-CEB5DDB9788B,IS 9838
FAM-F4CF85154423,IS 19750
FAM-19C8DA8A9255,IS 19743
FAM-B2DC7E1709E6,IS 19765
FAM-05F874367460,IS 19667
FAM-8BAE0E7EBB3B,IS 10058
FAM-EE7D0670B6E7,IS 10390
FAM-A41035AC0CFC,IS 10045
FAM-019819CC3EF2,IS 4569
FAM-072A61116FF1,IS 5157
FAM-CF13DEA5FA15,IS 8106
FAM-F703F4A5E648,IS 14656
FAM-92A495447290,IS 4263
FAM-2B1374743070,IS 6719
FAM-70DF261FB649,IS 18066
FAM-CF4CC61115D3,IS 19627
FAM-3031586B2B9E,IS 19628
FAM-4E4CEB518201,IS 17614
FAM-8C421013D894,IS 19748
FAM-602BA1142002,IS 10847
FAM-D34DCB43944F,IS 7786
FAM-AAB5CC104C4B,IS 9688
FAM-E9BF502DD307,IS 9983
FAM-098E834D32F9,IS 8109
FAM-CDA92A8EC84E,IS 9329
FAM-06AE835397CA,IS 19692
FAM-6AC86BCD7293,IS 4755
FAM-33C8F0F499EB,IS 8327
FAM-C54EAE479561,IS 8734
FAM-C9C80BD3DC64,IS 8743
FAM-A6E25C3D8B47,IS 8838
FAM-C6C8461DFDA7,IS 8839
FAM-6600E17A1004,IS 8840
FAM-1B67631DAE77,IS 17034
FAM-48F6BF6074EF,IS 19731
FAM-0D851B2EFFBD,IS 19615
FAM-A1182784C07E,IS/ISO 6039
FAM-F3DC8E43E2B3,IS/IEC 61400
FAM-85DBEC596CA4,IS 19583
FAM-1CFDF6546D42,IS 14230
FAM-B79C88D6FEE8,IS 7136
FAM-D73FB4407A26,IS 14481
FAM-80B04E1D7D8F,IS 15996
FAM-E958B8885D8D,IS 9558
FAM-4EB16E88979F,IS 15994
FAM-5001B601449F,IS 2627
FAM-96017AE3F774,IS 7000
FAM-C0DD7C547B02,IS 3677
FAM-CCD333A2F2B1,IS 12533
FAM-0EF8425AF764,IS 12517
FAM-0AFE79A13D0D,IS 7038
FAM-32228B69E638,IS 7130
FAM-55A55597D9D1,IS 3894
FAM-84DFC62FF6F4,IS 8325
FAM-E44D095E36E6,IS 6565
FAM-2B63DF771847,IS 6578
FAM-30973FE383FE,IS/IEC 62314
FAM-36813694A287,IS/IEC 61812
FAM-1DFEB443965F,IS 9708
FAM-207131D1FC89,IS/IEC 60079
FAM-644FB17B60AA,IS 2381
FAM-6F5F7112BA68,IS/ISO 15924
FAM-06E0D27DDC0D,IS 14836
FAM-777D00E59699,IS 16276
FAM-16137535B07D,IS/IEC 60773
FAM-0C5554084624,IS 4647
FAM-687EDE9B6DBE,IS 1399
FAM-28585014E7EB,IS 6454
FAM-0664BA13F7BC,IS 2462
FAM-26727FBF96B0,IS 1895
FAM-B200E9D62CD7,IS 5352
FAM-9843D2BA52ED,IS 199
FAM-76B1814FE2BD,IS 665
FAM-6B1D50D55BAE,IS 1299
FAM-6ECD1DE6DBBC,IS 4419
FAM-7E4FE0CBB2EB,IS 171
FAM-57297E22E448,IS 293
FAM-69D5B76CAB91,IS/ISO 603
FAM-49F4906BDB0A,IS/ISO 8000
FAM-06105692EE5B,IS 14739
FAM-9CDE2FCC3789,IS 3650
FAM-E23DB8F98DA4,IS 8857
FAM-A2B70C969054,IS 4003
FAM-EBCF3FC97912,IS 7044
FAM-45DB3B7B80C9,IS 7045
FAM-56F17723B778,IS 14820
FAM-D0803885E90B,IS 19597
FAM-40417773B1F9,IS 19723
FAM-619EE85DD57F,IS 19701
FAM-5FC40E412EEA,IS 17192
FAM-7C38B99DE7FE,IS 19699
FAM-ED3623E5F394,IS/ISO 20140
FAM-E875411F4FBF,IS 19702
FAM-0880D323F7B0,IS 12193
FAM-9C9A652B3BE3,IS 2189
FAM-29AD70579481,IS 4456
FAM-DA973E3C7BFD,IS 19559
FAM-0F10AC4D066F,IS 19600
FAM-D04C7832B1AE,IS 19747
FAM-3C26204FD5E7,IS 19745
FAM-2C93D641EF22,IS 19746
FAM-3D9A1F97A44B,IS 6499
FAM-BBC47CE46FE3,IS/IEC 61439
FAM-046EFD45E163,IS 15596
FAM-F057B063CDB5,IS 16602
FAM-F09599673098,IS 19635
FAM-CE6249E7D945,IS 19637
FAM-72B12659D43B,IS/IEC 63002
FAM-7940847E22B0,IS 9786
FAM-0C3F0D5A1A54,IS 447
FAM-756B6C88E8B4,IS 14424
FAM-AE032E496810,IS 5190
FAM-BF775F9F015B,IS 12076
FAM-4022EAD044FC,IS 14127
FAM-6C16864CC923,IS 6954
FAM-555BA6592377,IS 19556
FAM-365EF1272C26,IS 19516
FAM-87334E7B9D41,IS 19729
FAM-F269D71DE2B8,IS 19630
FAM-BA35ED29100D,IS 19668
FAM-1D88233E1282,IS 5749
FAM-08B595DC17DF,IS 19730
FAM-D4810FFE9060,IS 19664
FAM-A93EFC2188CB,IS 19663
FAM-54F2B72A85A9,IS 19732
FAM-458F177D49DE,IS 17141
FAM-7A311004D12C,IS 16237
FAM-C5C963D2ED97,IS 16635
FAM-60093D867B62,IS 6457
FAM-7D1289EFBB68,IS 10203
FAM-ADB962D23F04,IS 14478
FAM-D6431E91FDDD,IS 15624
FAM-10D9B6DD6FB2,IS 12576
FAM-8BA707D27649,IS 5311
FAM-CD4DB052B558,IS 411
FAM-094F06F89476,IS 19689
FAM-CBA4F64ED597,IS 19688
FAM-C3F40B89901F,IS 19585
FAM-BE03888A0B9E,IS 19532
FAM-465432529A93,IS 19533
FAM-76DCFC63A53D,IS 17120
FAM-CA1172F630AC,IS 6822
FAM-39595ADAB50D,IS 10101
FAM-306F0B0B5953,IS/ISO 30302
FAM-2D5D5DE3F6EC,IS 19611
FAM-C9598F1EC091,IS 19282
FAM-4B5F6D228EF4,IS 18292
FAM-43D6948727BD,IS 19489
FAM-EC3A3A12FD6B,IS 19492
FAM-C90C5B924445,IS 19613
FAM-4E99DBB01CDF,IS 19720
FAM-95693EE07D0D,IS 19693
FAM-19E174660BB5,IS 19669
FAM-3EA7F17E21AD,IS 19686
FAM-0277509BE8E2,IS 7983
FAM-C6B46D27CD52,IS 3008
FAM-F95520F57867,IS 3090
FAM-03DA30D1A460,IS 16137
FAM-A55AA6DFDE8A,IS 16605
FAM-DA4981BB9E57,IS 1434
FAM-B59C7276FEF5,IS 3980
FAM-B1C0F4FA943F,IS 3047
FAM-E0DB75B2DD49,IS/ISO 6621
FAM-602F2F607700,IS 19596
FAM-6F51EB238FEC,IS 19712
FAM-B716D6342B84,IS 19602
FAM-736DE3997B8F,IS 19695
FAM-34D0570F61F0,IS 18305
FAM-B3566B4CE013,IS/ISO 8559
FAM-948256E11D2A,IS 13063
FAM-67C439EE61ED,IS 12608
FAM-415507E20804,IS 5421
FAM-12BD7B0B5693,IS 2265
FAM-668C8803F22F,IS 19511
FAM-BC8784C8859C,IS 19517
FAM-9004E05C2AFB,IS 19531
FAM-7ED303E9ECED,IS 19527
FAM-84B0F80F2E56,IS 19644
FAM-A2CEA3593CC7,IS 6542
FAM-2992ACDEBDA8,IS 19612
FAM-416165DC2740,IS 19329
FAM-E01896CD8E31,IS 19690
FAM-5D41B45B08D3,IS 8181
FAM-79E9748F298D,IS 9378
FAM-C78A7FB76728,IS 8772
FAM-C384E2BAE524,IS 19724
FAM-EB855C030F0E,IS 19714
FAM-515845559815,IS 19716
FAM-2DF6C2FA75D9,IS 19715
FAM-AD7BF4D9D699,IS 19677
FAM-FD76DB1FCABC,IS 19676
FAM-7EE638141E89,IS 19680
FAM-CDA0D63B3914,IS 19679
FAM-6FDD77970CB3,IS 19678
FAM-3BA48936D501,IS 19717
FAM-9BA0C2410C82,IS 19721
FAM-4560C4F4A5DC,IS 19718
FAM-E7F9617176A7,IS 19722
FAM-1BC8AFA14082,IS 19719
FAM-308A6D988E73,IS 16194
FAM-F667EF6943C0,IS 16789
FAM-A9671FA0AED1,IS/ISO 14533
FAM-629EB6156DA5,IS 18474
FAM-5D06973DED5D,IS 18294
FAM-3B4082177403,IS 18344
FAM-3591843330CD,IS 1984
FAM-24C2AE139DA5,IS 18879
FAM-9523DC929EEC,IS 19594
FAM-1BDAB81F5D50,IS 19656
FAM-1F589C524AB3,IS 19593
FAM-E97555CF49DD,IS 19725
FAM-72D944B69642,IS 19662
FAM-AA85EF054631,IS 19713
FAM-081284F006A8,IS 19709
FAM-5AF26D813752,IS 7163
FAM-4D2E92AFB13C,IS 5191
FAM-2AF160A99CBB,IS 2557
FAM-0A55E2DB8513,IS 8153
FAM-8DEC7009475A,IS 868
FAM-0AC2C601F536,IS 8497
FAM-DB51F18E6111,IS 9358
FAM-DFC1967A87D0,IS 13454
FAM-8694E7C17F76,IS 13456
FAM-0BF112654EEC,IS 13328
FAM-53C7BB295702,IS 13785
FAM-6B0EE92D95EF,IS 14549
FAM-57B0ACD9A664,IS 3387
FAM-37BC348396CA,IS 7415
FAM-3494C0D9D7E1,IS 1312
FAM-832EBC89C679,IS 19562
FAM-149F94D7FFBE,IS 19575
FAM-33857A5532BA,IS 19522
FAM-C1FAB54815CC,IS 19561
FAM-9C16E5836C5A,IS 14700
FAM-3BF630D5AF49,IS 15040
FAM-C27601B1F8E2,IS/IEc 62232
FAM-05C198B51435,IS/IEc IEEE 63195
FAM-2663AD63B742,IS 19691
FAM-E124685D0C38,IS 9471
FAM-317AF9FDA9C3,IS 6584
FAM-3298F7476C80,IS/IEC 61124
FAM-F68A6E7E49B2,IS/IEC 62506
FAM-91427900389D,IS 19330
FAM-10F4F66B8273,IS/ISO 22739
FAM-AECCD394F869,IS/ISO 23644
FAM-A21574F52728,IS 19496
FAM-6E53854B068E,IS 19610
FAM-E327FD3B58FD,IS 19674
FAM-4F04F9CD0D6C,IS 19673
FAM-8730AD013A04,IS 19696
FAM-A41172B41190,IS 15474
FAM-630CCFA69715,IS/ISO/IEC 24759
FAM-97A81F561868,IS/ISO/IEC 18004
FAM-08ED2DBC4202,IS 14202
FAM-B6ABAB7D8D2F,IS/IEC/IEE 63195
FAM-F5D703949AAB,IS/ISO/IECTR 10822
FAM-019E2432D9B6,IS/ISO/IEC 22237
FAM-4370F04872F1,IS 14231
FAM-119196C86DD5,IS/IEC 62623
FAM-417C8383AA53,IS/IEC 62087
FAM-3EA01C3DAF2A,IS 19529
FAM-192C9D67D966,IS 19671
FAM-64B2BB79AEAC,IS 19672
FAM-7117CCA429C4,IS 19670
FAM-88678B5EF1AD,IS 4387
FAM-89BBFE0F697A,IS 6078
FAM-E9F2EFFC1E80,IS 19537
FAM-65E1BE04CEF4,IS 19708
FAM-1AD363A65658,IS 19705
FAM-75B31F0A08B2,IS 5643
FAM-B9877F74EB63,IS 13080
FAM-25568F207EDB,IS 13097
FAM-DFAE25B96443,IS 13784
FAM-416AF71455E8,IS 13403
FAM-5B1FA6E3E33D,IS 14300
FAM-BF75DC295690,IS 15465
FAM-55F08F5BA277,IS 12496
FAM-B08B8A685BF4,IS 10396
FAM-DA727E4F51BD,IS 10419
FAM-6ED6B505D856,IS 565
FAM-09D227FB55DC,IS 19515
FAM-26CC4B4D0154,IS 19589
FAM-423BA56FA4BC,IS 19588
FAM-9A01C632D21B,IS 19587
FAM-162165E7B20A,IS 19590
FAM-554A85A61B34,IS 19586
FAM-58A9E51CE27B,IS 1060
FAM-E9C57B738BB2,IS 19582
FAM-679F4E690AA0,IS 11282
FAM-D59227F9BA6C,IS 12783
FAM-C03C8FFEB51E,IS 13159
FAM-6BA775AB0648,IS 4090
FAM-5ED26E9B9517,IS 7506
FAM-C1602B08757A,IS 14795
FAM-956E0C8E4694,IS 17175
FAM-5941AD60CB5D,IS 6882
FAM-69D7B344845C,IS 19411
FAM-C473C39318FC,IS 19657
FAM-4AB54AD472C6,IS 19555
FAM-2578A49682D0,IS 19580
FAM-67486EEDF23D,IS 13218
FAM-EC2525BD4561,IS 19407
FAM-C2758D91F590,IS 15287
FAM-99161B8CEF5A,IS 14342
FAM-019B019E474F,IS 14369
FAM-1B8FEFE489EF,IS 2460
FAM-4245D289C77E,IS 2898
FAM-9CBBCD704B15,IS 16595
FAM-2528B9647EFC,IS 46001
FAM-4F3372647209,IS 19666
FAM-6BA757A6AE16,IS 16681
FAM-2AF5E06BB59B,IS 19595
FAM-7D04396F6EE1,IS 19578
FAM-71CA92D441B9,IS 16506
FAM-13547EEA8CC4,IS 19665
FAM-A1362324A609,IS 11647
FAM-293B148F105F,IS 7714
FAM-C3DCA8492FEE,IS 12986
FAM-8B832106D2E2,IS 19472
FAM-39735253FD77,IS 19599
FAM-06C5A5FA58F4,IS 19497
FAM-ACCA7DE51DAE,IS 19606
FAM-4B0952CF3E0F,IS 19558
FAM-A8279E75208F,IS 19550
FAM-C1F05FAE4672,IS 19546
FAM-34923B9A6AAD,IS 19544
FAM-6CF3A0BEDDD7,IS 19554
FAM-2AB1E7BF6EFE,IS/IEC 60118
FAM-44DE56FEA0BA,IS 12360
FAM-BA37949969F3,IS 5763
FAM-A05D09EC0455,IS 8735
FAM-8B007E1FCB5F,IS/ISO/IEC 19792
FAM-6C863C0BB5AB,IS/ISO/IEC 20540
FAM-9EEE2C6D648C,IS/ISO/IEC 22123
FAM-C1864C4F7CB8,IS 18682
FAM-19B8EC7C7280,IS 19618
FAM-CA208A1C774B,IS 18813
FAM-3C7C72487227,IS 1593
FAM-83D70A9584F0,IS 14635
FAM-03F49A9A6A9F,IS 867
FAM-2C23E91E4387,IS 2221
FAM-BEAB47C44223,IS 2530
FAM-CBE482026162,IS 4669
FAM-4940678A1FAE,IS 15133
FAM-5FD5AF98A492,IS 11557
FAM-D0F875D744BA,IS 9873
FAM-F69DF646AAF2,IS 16432
FAM-21B2FBC311D5,IS 3328
FAM-07599F119181,IS 14421
FAM-EF295A91466B,IS 19086
FAM-218A7D9750A8,IS 19087
FAM-91679DEE7476,IS 19088
FAM-7FC218B92ACD,IS 19486
FAM-481E2A657935,IS 19410
FAM-B965E6282BB0,IS 19345
FAM-938D6F223745,IS 19374
FAM-70A4DE774CF6,IS/ISO 28580
FAM-373268169F56,IS 14347
FAM-0EEF4E8DA401,IS/ISO 10303
FAM-6C6EFC588683,IS 6458
FAM-8F488CA3E83C,IS 17128
FAM-6AB58D18D36E,IS 6455
FAM-2DE1EA8F0E2D,IS 10806
FAM-6E3CB7B9C5FD,IS 8213
FAM-56ED4BC60164,IS 4447
FAM-469970B3FF4A,IS 6795
FAM-C0EB5F736EDD,IS 8356
FAM-5B611975FE51,IS 10563
FAM-C7A0E8AC958B,IS 13373
FAM-BB180C79C0BB,IS 13455
FAM-EEB20F334217,IS 14299
FAM-086A2170237E,IS 13790
FAM-0224EB423A3C,IS 548
FAM-EF2DF76A92B7,IS 633
FAM-8FE0E4AF7D9D,IS 19514
FAM-C888076ABADF,IS 7124
FAM-BEAA0481C40E,IS 6456
FAM-2C4180CC20E8,IS 4211
FAM-CE11AF9D1109,IS 12102
FAM-6DF8BF9C523A,IS 9619
FAM-0DD150D07064,IS 6118
FAM-5DDACBAC03D5,IS 17527
FAM-EF4DC559DDFF,IS 18508
FAM-A199F13803CE,ISO 24342
FAM-5B0F8500DB7B,IS 15790
FAM-41105881FE3A,IS 4215
FAM-2080212F5E69,IS 4217
FAM-CB62700F3AA2,IS 19579
FAM-B60F0B730768,IS 19661
FAM-4D2D5D594516,IS 1966
FAM-3137F822733B,IS 19601
FAM-59406CB3B347,IS 19508
FAM-16EB1CF7862D,IS 840
FAM-CC9C1C9BE0D6,IS 15205
FAM-917E3E0CFBD6,IS 14482
FAM-15884E3F7C0D,IS 15279
FAM-FC497633312F,IS 14135
FAM-92D52D7171B2,IS 5832
FAM-5374F5920D15,IS 7826
FAM-0D042DA309C3,IS 10925
FAM-05FD43A67496,IS 13062
FAM-33115860A95B,IS 19432
FAM-262506CD4797,IS 19440
FAM-4EF131BBA1A5,IS 19576
FAM-6B32CA408B4A,IS 19439
FAM-DC468994AF8F,IS 19534
FAM-D48BEA66A515,IS 19530
FAM-665101658083,IS 19608
FAM-DBE481BCA201,IS 19584
FAM-C99AA815D448,IS 1493
FAM-B83B703C5784,IS 19605
FAM-D3176ECEBAB0,IS 19604
FAM-45A07E8B3C6A,IS 19549
FAM-C4BAACA4469B,IS 19548
FAM-3D7BD4EBB022,IS 19547
FAM-2FE118F5FDFD,IS 19545
FAM-FFF84528FA31,IS 19553
FAM-4BBDA99D6B9D,IS 19552
FAM-0284D8723D2F,IS 2507
FAM-AC719C35F6EC,IS 19617
FAM-8C1E067B1819,IS 19495
FAM-891681C67D14,IS 19619
FAM-B642E12847C4,IS 19620
FAM-4821D26AB926,IS 19616
FAM-BEB550902938,IS 19506
FAM-D2DA7B339C5E,IS 19507
FAM-A01CE57E6307,IS 19421
FAM-8585F18A1671,IS 19633
FAM-E97CDE009F08,IS 19453
FAM-FCA8D788EC55,IS 19435
FAM-AF4403C77F20,IS ISO 6204
FAM-28F678D5267D,IS 19482
FAM-5A8B77D7AB74,IS 18867
FAM-ECF26AA2BAFB,IS 19503
FAM-EDEED29B9E12,IS 19504
FAM-E1002B0EF03E,IS 19491
FAM-D04C4AEEC3C3,IS 19502
FAM-E33F184F4F26,IS 19501
FAM-77F03FFCB6EE,IS 19499
FAM-A2A52E7C0C13,IS 19500
FAM-92984DE8F4FB,IS 17798
FAM-0FFF5F588644,IS 62680
FAM-C34DF0082AED,IS/ISO 55011
FAM-2FAA5CC066AC,IS/ISO 55012
FAM-682F01CE3B93,IS 63240
FAM-4575D14825EF,IS/IEC 63240
FAM-EB71A82F128F,IS 63416
FAM-B7D8E46E5827,IS/ISO/IEC 30134
FAM-A81BD88BDFE6,IS/ISO/TS 55010
FAM-4ED6E68F1820,IEC 61196
FAM-8CE1714445C6,IS/IEC 60793
FAM-75C07ACB8989,IS 1251
FAM-B6ACA840C161,IS 12004
FAM-41826855350A,IS 7516
FAM-B738EAC8CB67,IS 1551
FAM-E6EB352C98BB,IS 4395
FAM-9D44B79D7052,IS 4737
FAM-CCB7214A6981,IS 5672
FAM-21C2CD2FC730,IS 13329
FAM-D88D511C0BD9,IS 13330
FAM-1A64FE16FF15,IS 13331
FAM-833D7EDB0438,IS 13402
FAM-3645C4359104,IS 13800
FAM-76F22C21F6AC,IS 15937
FAM-8B3A93C0E719,IS 19518
FAM-92B00C51E4C6,IS 19420
FAM-7A668FCA6DC7,IS 19509
FAM-F028BCB21444,IS 1946
FAM-D1B9098A1913,IS 6911
FAM-6D797689F5F5,IS 16656
FAM-EC42E4049E18,IS 16672
FAM-7BFEA7EEFFC6,IS 2062
FAM-25ED5FDE39CE,IS 19626
FAM-16443FD0A7F5,IS 19571
FAM-0B6F7D8A42B4,IS 19569
FAM-D504515D6C58,IS 19566
FAM-2621BD6DDCEC,IS 19557
FAM-ED3840370DA2,IS 19603
FAM-3CA5B8942A33,IS 19551
FAM-3CB22EF310C1,IS 16502
FAM-6CB4CD9B32DE,IS 19598
FAM-C1F3887872DF,IS/ISO/IEC 5140
FAM-D7D63CF28971,IS 19621
FAM-B76F196BF6E5,IS 18775
FAM-14182350DEAF,IS 10467
FAM-F8CB935B2746,IS 5155
FAM-441697876233,IS 6944
FAM-E37A453B58D0,IS 16504
FAM-15C2117AD30B,IS 17521
FAM-9C31B8CC1CF6,IS 16784
FAM-E719883F270E,IS/IEC 62820
FAM-50DBAB8CB272,IS 16910
FAM-81C2FA53C1FF,IS/IEC 62851
FAM-0C377F661E81,IS 169102026
FAM-4322E00D7FA5,IS/ISO/IEC 11801
FAM-45DE9C0D65AE,IS 2264
FAM-7FABC2286528,IS 7709
FAM-9760635E8BB8,IS 8159
FAM-244952869063,IS 60118
FAM-53D6D572A0A8,IS/IEC 60318
FAM-3BBAAECB2BFA,IS 389
FAM-F57E05B2A17E,IS 9989
FAM-CD3B7B49CC0F,IS 1996
FAM-1C99C9D1F9CF,IS/IEC 60461
FAM-35F4558C09E9,IS 19479
FAM-E6E677392183,IS 18489
FAM-78726A390375,IS 8152
FAM-4D9B2BECA305,IS/ISO/IEC 14496
FAM-A5D3641545A2,IS 2254
FAM-89461CFB94B2,IS/IEC 60875
FAM-ADFE7A431E56,IS/ISO/IEC 19790
FAM-618F4A23787A,IS 19526
FAM-0D50A275E472,IS/ISO/IEC 27035
FAM-4E741E015433,IS 19541
FAM-1E6484D436E8,IS 19563
FAM-F2F7BFB2CE83,IS 19565
FAM-6C25A761D956,IS 19570
FAM-95F4DBE2820B,IS 19573
FAM-D29F5F386A9B,IS 19574
FAM-E57D812D25BD,IS 19572
FAM-643CB7184E9D,IS 9999
FAM-132724FFBE2A,IS 1943
FAM-97A09206AE66,IS 2566
FAM-1E2E77951100,IS 3667
FAM-784F9180CCED,IS 17623
FAM-6BADFB82D16F,IS 13323
FAM-41FDDB54639D,IS 18507
FAM-D42DA52C989A,IS 3082
FAM-78C9F6E21819,IS 18554
FAM-491F5FB19A7C,IS 11205
FAM-F9EE296F11BD,IS 15891
FAM-20A2F50BC8B2,IS 837
FAM-9E434CF4A224,IS 19524
FAM-FFDD431E11E0,IS 19538
FAM-22F38358A88D,ISO/SAE 21434
FAM-26B9DCB21741,IS 19577
FAM-7D69FDDECF47,IS 19625
FAM-87CD5C622D47,IS 19629
FAM-C50F293CDDBA,IS 19581
FAM-2ECD01565C48,IS 19591
FAM-94D35E70C265,IS 6690
FAM-DACBA4D779BB,IS 11380
FAM-88C0D12A3FCB,IS 5804
FAM-FB33C3F48859,IS 5302
FAM-DFC32528D5AD,IS 17936
FAM-558D9EBB8AAE,IS 10897
FAM-F7A478AF1132,IS 19470
FAM-F3188CE94FCB,IS 19460
FAM-051623FD053C,IS 6742
FAM-2AB4EDC8D58D,IS 551
FAM-6AF7241ED3CE,IS 8622
FAM-1BFF08E0EFEA,IS 15742
FAM-D164B39AADE4,IS 16111
FAM-CDC437ED90CF,IS 753
FAM-E9446877E190,IS 2028
FAM-743835A7B930,IS 2029
FAM-98BA35A65FC1,IS 1364
FAM-8ED46FAC14B5,IS 19520
FAM-38BDEC6C401F,IS 19521
FAM-7A71470F2120,IS 19393
FAM-A793413EED93,IS 5178
FAM-BC88673232ED,IS 5217
FAM-4AE4E5BCDDC1,IS 7467
FAM-00D3F4B45BAA,IS 18658
FAM-27DBCB524A62,IS 19427
FAM-0FD0851FB83C,IS 18888
FAM-75F7A9A0A897,IS 19391
FAM-0D7EE186F394,IS 19379
FAM-A8DD2DE0C75A,IS 19443
FAM-C75D997B643C,IS 19399
FAM-E5B094595E11,IS 19419
FAM-109254924FD9,IS 19475
FAM-FE3A76EE4C23,IS 19402
FAM-721AB4B7E4CA,IS 19369
FAM-8833FE8BB1C3,IS 19422
FAM-A1EFF213CE7E,IS 19417
FAM-7631E6FB6143,IS 19405
FAM-8BBC4D45A16C,IS 19481
FAM-B7FED0CFF3CE,IS 19431
FAM-47F393F55639,IS 19480
FAM-7254D4718A16,IS 19425
FAM-FC609D57D930,IS 19525
FAM-49BBD6CE9498,IS 5211
FAM-7DBF3FBFB447,IS 5212
FAM-E81852F36F37,IS 10353
FAM-739E85FEC572,IS/IEC 61746
FAM-860AE25F31D3,IS/ISO/IEC 18031
FAM-BB74549CF427,IS/IEC 62308
FAM-ECC78C7D30B1,IS 19454
FAM-919550C70262,IS 19423
FAM-718160EA0A5E,IS 19424
FAM-BF03B78DDFC8,IS 19430
FAM-642FA4A8BE37,IS 19494
FAM-251C241F5FCA,IS 19429
FAM-049014000B7F,IS 19483
FAM-6C915C036649,IS 19401
FAM-3CE611975AF6,IS 19540
FAM-B9E5C9D9006F,IS 19543
FAM-6C8D9F5B3E45,IS 19560
FAM-C1C00A65DE03,IS 19568
FAM-86501909B3CA,IS 19567
FAM-90628FBCA691,IS 19564
FAM-9F7A6C405455,IS 19523
FAM-3EB8DCCAD86C,IS 5348
FAM-56F628C5EC03,IS 19498
FAM-743BF1418678,IS 19442
FAM-AF05BB179493,IS 19485
FAM-3F0421D43B14,IS 18750
FAM-35E97584AD53,IS 10322
FAM-C06C2BCCF58C,IS 16102
FAM-C5D1B0113F99,IS 16614
FAM-38B0C4A54AF0,IS 6034
FAM-9E38D6DC5482,IS 4190
FAM-81ADE969DE55,IS 6549
FAM-740029D46E99,IS 19539
FAM-49F2B42931BE,IS 19542
FAM-FE340409BF20,IS 997
FAM-157F8F6D1E7D,IS 6500
FAM-B372E362A1BA,IS 10392
FAM-004A64C21B34,IS 10282
FAM-BFB1641ECB6A,IS 15366
FAM-06648D89EEFC,IS 12785
FAM-CBEA18A8207E,IS 9028
FAM-D7DBEAC0C742,IS 10279
FAM-DE329D054866,IS 19360
FAM-945D5C8C6823,IS 19466
FAM-6A37D49D7A4C,IS 19457
FAM-A9847611E62E,IS 10311
FAM-BB5E5827F1EE,IS 11523
FAM-8B54CD17D258,IS 12354
FAM-6BEF289D235C,IS 5815
FAM-FA81940399B4,IS 6347
FAM-8156858839C3,IS 15789
FAM-8847A8B0D020,IS 13260
FAM-9D4159A027C0,IS 2422
FAM-90FE47FB0481,IS 17267
FAM-1318759C330F,IS 19484
FAM-19C0DD2BC94D,IS 8007
FAM-C465CCF0C6E9,IS/ISO 37001
FAM-E860DF872241,IS 9839
FAM-6A8A2EAEC864,IS 17093
FAM-829D120DDC7C,IS 6498
FAM-2AAF3F696976,IS 15879
FAM-642F935F7318,IS 19406
FAM-42D225D12603,IS 1170
FAM-743A162A6BE0,IS 713
FAM-D40104FEEE6D,IS 13230
FAM-29F75A667668,IS 19455
FAM-FB558BE2DB71,IS 19474
FAM-ADBD26D40770,IS 19316
FAM-B1B040AD491B,IS 733
FAM-BB6A2F26A0C6,IS 4164
FAM-07ECD89580FC,IS 2760
FAM-7F3613EAE7A5,IS 19464
FAM-B57A474C2B4B,IS 488
FAM-FF98ED94B668,IS 9157
FAM-856EDC3A1E67,IS 11041
FAM-6BD969BF973B,Is 14661
FAM-036DEAD65BDE,IS 6481
FAM-7450034DD007,IS 6213
FAM-3917CD7EF1DF,Is 3413
FAM-40F2F7E3A8EC,IS 19434
FAM-EE5421D3BB95,IS 19396
FAM-4D09CA040819,IS 19458
FAM-9BA02EADB27E,IS 19459
FAM-FD14D4F8B508,IS 62550
FAM-4D05EC1D7F26,IS 62740
FAM-84F2DA45A2C8,IS 19450
FAM-6AC917746EE0,IS ISO 55013
FAM-51B63BEDAE29,IS 19428
FAM-C56151D3CAF1,IS 19476
FAM-3B32C1EA8D25,IS/ISO 55000
FAM-FF0EA2166DD3,IS 12266
FAM-F9E87E4CE491,IS 3181
FAM-613CB0B183CA,IS 5746
FAM-2547DCE44896,IS 1451
FAM-DBA9F8F224B8,IS 1101
FAM-D331BC6A1F22,IS 3773
FAM-71E3A614EC5B,IS 684
FAM-55DD9F7224A1,IS 19413
FAM-0EDA3618BFEF,IS 19463
FAM-8323F0194265,IS 19445
FAM-DCB572FABB1B,IS 4551
FAM-BAAA5ABB0C13,IS 8790
FAM-CD47A6BACECF,IS 5326
FAM-676A2AE23713,IS 12264
FAM-B25884F97AAD,IS 5235
FAM-347BDC7439F5,IS 5847
FAM-DD3D72456183,IS 6976
FAM-1E7E0EDA7229,IS 7055
FAM-9F2E203C2C85,IS 7105
FAM-49402BC3B5E7,IS 7106
FAM-8EC276507696,IS 7108
FAM-9B52E90D256E,IS 7107
FAM-E161D7205AA2,IS 19478
FAM-644155791F76,IS 19397
FAM-5553E19CEEEA,IS 19361
FAM-AE1DB0D5908E,IS 14724
FAM-C59CACEA0E73,IS 12758
FAM-EE1C7D01312B,IS 11623
FAM-398A3CC04D60,IS 15930
FAM-4B357C5A44D7,IS 4307
FAM-2E72AF416C6C,IS 1942
FAM-D31A3BF05CB5,IS 5065
FAM-8941E0D179DC,IS 6107
FAM-D4AB4B2DE480,IS 7060
FAM-089DFA102F50,IS 9700
FAM-B5810907AC37,IS 13334
FAM-8A4C46715FDF,IS 14542
FAM-26C5975D1D58,IS 10167
FAM-9280C7920C8D,IS 6885
FAM-609C1157B6AE,IS 10748
FAM-2A22133288C1,IS 16730
FAM-48FEE6626EB0,IS 4454
FAM-D056B8B577A0,IS 2721
FAM-383E27D5C40D,IS 19469
FAM-36E40CB01526,IS 19461
FAM-9FC83D6604ED,IS 15086
FAM-C737A84B4D92,IS/IEC 60154
FAM-AB883A67206B,IS 17520
FAM-0D0F51A7615E,IS 13925
FAM-392027510CF6,IS/IEC 62896
FAM-548C0AE07913,IS 16836
FAM-D527E163927E,IS 19493
FAM-765EEC14A463,IS/ISO 21001
FAM-39A761318244,IS 61709
FAM-C93FC74799D8,IS 61703
FAM-18BE8114C597,IS/IEC/TS 61400
FAM-51C1B3C5F5FB,IS 17153
FAM-98025EE5D4D7,IS 3626
FAM-E00A52EDBC49,IS 19404
FAM-72FD3F0DBD56,IS 19408
FAM-BD471BE03D2E,IS 19446
FAM-007BA09794B7,IS 16005
FAM-4CF6053FA862,IS 12668
FAM-3B62C03C5516,IS 4182
FAM-78E923B41E5C,IS 10773
FAM-B24641EAD8B2,IS 17613
FAM-C0E70639CE7F,IS 15369
FAM-8B9B1F1F8832,IS 3596
FAM-7F692B628338,IS 19441
FAM-F5D5271E088B,IS 6124
FAM-5C5A22AC71F4,IS 19387
FAM-6A5C60728CD7,IS 7703
FAM-ED886B38060D,IS 19388
FAM-E57DD75CF700,IS 19373
FAM-6F1F71A4FF6C,IS 19436
FAM-2A642F759C41,IS 19437
FAM-AFD68DD5778E,IS/ISO/IEC 2382
FAM-30668D03E5F6,IS/IEC 62477
FAM-53A2A0956038,IS 19327
FAM-86940DC72ED6,IS/IEC 60034
FAM-BA9A75C218E9,SP 74
FAM-8A947C2B27DD,IS 14970
FAM-EC6B1DD36FDF,IS 19416
FAM-F2A29D92F1A4,IS 19381
FAM-844A4313F43A,IS 19384
FAM-9AF2895AAB65,IS 19385
FAM-C89F9FC1030D,IS/ISO 25639
FAM-2EDE6D0DD074,IS 19418
FAM-4806FDCB62D1,IS/IEC 62429
FAM-329F95F0FD22,IS 19276
FAM-6BBBAFA3C07C,IS 19278
FAM-82A5F5840A4D,IS 19357
FAM-59DB07CE2F8C,IS 19332
FAM-9A3C87150B0B,IS 19118
FAM-71EEFCF62D50,IS 19383
FAM-EA648CC16457,IS 19400
FAM-320A6A583684,IS 14223
FAM-81B4B5091DDC,IS 19409
FAM-78D56060DBBD,IS 15559
FAM-CF41B6BCD1F7,IS 12844
FAM-2CFA49AD5874,IS 1671
FAM-71FF31604AC3,IS 7845
FAM-169977E68ADD,IS 7471
FAM-D005CC83B8CD,IS 11657
FAM-C06C62B77BB6,IS 3735
FAM-B52821267C16,IS 8540
FAM-DE0330C8312E,IS 13980
FAM-0D4DB7E1C4D3,IS 9821
FAM-81CFB6D39598,IS 3564
FAM-52C9E70836A0,IS 6315
FAM-0320A22DC061,IS 5114
FAM-2C4AC664BBA9,IS 10891
FAM-52F9C23792EB,IS 19389
FAM-C07B96F04371,IS 19390
FAM-A23DFF18CC11,IS 19392
FAM-CA392C6674A5,IS 19378
FAM-A7870027182C,IS 18651
FAM-B167BF1A7542,IS 19380
FAM-CCDFFC0707A6,IS 19414
FAM-18B42B359EC1,IS 4149
FAM-8C6807AA8955,IS 512
FAM-75AA35436779,IS 528
FAM-606671AFB431,IS 7697
FAM-2B78281363E8,IS 629
FAM-7B99333A42D0,IS 9760
FAM-9F449187D6A1,IS 16180
FAM-75284CDC9A73,IS 16439
FAM-C8CE6FDBB39E,IS 15178
FAM-8F663B9FDDA5,IS 4644
FAM-55C2B670B422,IS 55
FAM-EC4108C05034,IS 56
FAM-8D2EE84B5C82,IS 14976
FAM-90A4E380159B,IS 62402
FAM-9BEA885FA8AC,IS/IEC 61744
FAM-786ABED66D49,IS/IEC 61649
FAM-5F0CE2834B9C,IS 19309
FAM-6CD20EED3833,IS 19366
FAM-0DDA834ACBF2,IS 1875
FAM-F4C88899A1E2,IS 9825
FAM-0B0CC5ACC7FD,IS 13841
FAM-2664ED0AE1E5,IS 15132
FAM-BF1567DBE905,IS 7359
FAM-45759F65772D,IS 7360
FAM-24025AA200BE,IS 7643
FAM-8253B1B6515C,IS 8398
FAM-3EDE6B599BE9,IS 2297
FAM-F57EFD663595,IS 4543
FAM-9B205657898D,IS 19370
FAM-0101068F8A6D,IS 19377
FAM-74604339F8F7,IS 1470
FAM-0CE3ED10F32F,IS 1213
FAM-56599531689D,IS 12933
FAM-3CCBC2D8FE62,IS 2800
FAM-8D6742728150,IS 6149
FAM-0A8F7B7ABFA0,IS 3562
FAM-FEE2CA64C260,IS 8111
FAM-31650820B610,IS 2960
FAM-41D0086CFD60,IS 19386
FAM-D8139159C13E,IS 19394
FAM-0470818548E7,IS 19395
FAM-54D8AF75670A,IS 19398
FAM-C0399603F7BD,IS 19403
FAM-B3FC50ABAC25,IS 19365
FAM-D4EEAF9C475D,IS 19415
FAM-5DCBF8924538,IS/ISO/IEC 27561
FAM-D9F131678194,IS/ISO/IEC 27033
FAM-F2A2B5306D1F,IS/ISO/IEC 27403
FAM-0927CD0F2CC3,IS/ISO/IEC 27019
FAM-AF7BC0D3ACD2,IS 19412
FAM-F1BC85A1FADA,IS 16335
FAM-DF26A1C4A457,IS/IEC 60958
FAM-48245A113FCB,IS/IEC TS 61400
FAM-756F020AFC42,IS 15768
FAM-D3557E72C7F5,IS 15041
FAM-FEF124978594,IS/ISO 55001
FAM-22248286344C,SP 72
FAM-712FC1453EBB,IS 19351
FAM-91F38E9EA9D1,IS 19367
FAM-04B071C18738,IS 6693
FAM-D7BC7354AAB7,IS 7587
FAM-C768406F48B7,IS 15961
FAM-DC4FFE0E1BE3,IS 8813
FAM-8D463BE7CC05,IS 19343
FAM-A0F59406187E,IS 19372
FAM-BD7B8BF1BD88,IS/ISO/IEC 19795
FAM-CA6193789824,IS/IEC 60269
FAM-FB3B01852768,IS 3025
FAM-6E4438ADF59F,IS 8814
FAM-84B7107B2BFB,IS 17964
FAM-A3E5FD23F3EE,IS 19340
FAM-7031D0691D1E,IS 19341
FAM-64A75A9EC4A1,IS 19382
FAM-E0BED563F2F1,IS 19227
FAM-3A5A969DA92F,IS 10921
FAM-8F2A51237CA9,IS 2932
FAM-F6D9BF2A289F,IS 3134
FAM-707DF81CABFE,IS 1531
FAM-37CCDE846080,IS 18349
FAM-07F936A3503B,IS 19333
FAM-52451E806E7D,IS 19338
FAM-78816F1727F0,IS 19342
FAM-70089739F9D2,IS 19353
FAM-168F22763A5A,IS 19352
FAM-4D22B5537E42,IS 19200
FAM-129882D6352E,IS 7885
FAM-0F1BA21A20D0,IS 8312
FAM-D4E175AD7FAA,IS 17568
FAM-04D9F1542EE8,IS 19364
FAM-DC77DBBEA173,IS 19228
FAM-A8A6FE2271EE,IS 1670
FAM-68B6D931E5F4,IS/ISO 6779
FAM-4255005C71EB,IS 17259
FAM-72C3B5C16BE4,IS 19362
FAM-516CFF247F3D,IS 18881
FAM-B481447CA8FD,IS 19324
FAM-E338E49B8DC7,IS 19344
FAM-29AE470B37CC,IS 19350
FAM-17C0B3ECD3D2,IS 19355
FAM-62A3E7DA1026,IS 19368
FAM-26D943A7DCAE,IS 19371
FAM-5BB250E0DDE7,IS 18594
FAM-B15B11DE7E35,IS 16491
FAM-4422B10B8CBA,IS 14349
FAM-7552A8BA8EF5,IS 18250
FAM-AC37A3352D98,IS 19267
FAM-C6B9C1B8FD6F,IS 1077
FAM-66F608EC837C,IS 5504
FAM-CC1AD5380DB7,IS 8502
FAM-A3CB8523D62C,IS 16630
FAM-1BBC4CBB0FB0,IS 19363
FAM-5AA891BC39B1,IS/ISO/TS 14074
FAM-78EFACC4BD20,IS 19325
FAM-6E07ED1018F7,IS 19334
FAM-ACB4A9C7F43C,IS 19354
FAM-732F98CD8D6C,IS 1061
FAM-9C8D35DADB3B,IS 19356
FAM-55717C1976BC,IS 19253
FAM-72E9C05803C5,IS 19174
FAM-A263642690F8,IS 15398
FAM-0118EB29B750,IS 12660
FAM-E2BB05541FAC,IS 19358
FAM-F9854B16C696,IS/IEC 60691
FAM-41F6260C9966,IS 6273
FAM-F737BEEF58A5,IS 7529
FAM-570FD45EFE93,IS 8077
FAM-8D8994ED0A50,IS 624
FAM-D42B4654E6FC,IS 9568
FAM-6F37825E083B,IS 4459
FAM-76CC901C5E4D,IS 1552
FAM-D9D551A57402,IS 14439
FAM-0D065173EFDE,SP 4
FAM-C2C8D67500D1,IS 7180
FAM-D2678572762C,IS 4360
FAM-6EAD04D0BE43,IS 10179
FAM-038474D089A6,IS 18006
FAM-0550A126FEED,IS 16087
FAM-DE33CAA05A8E,IS 1447
FAM-CBD6B01809CA,IS 3097
FAM-990A1D6ACDD9,IS 3400
FAM-79D303318E28,IS 4707
FAM-FADA99B458A2,IS 11312
FAM-B2C0C0FD77EC,IS 12406
FAM-28C80AAABDA2,IS/ISO 12509
FAM-6BE510056DDD,IS 12823
FAM-C1C1EF4F742D,IS 14587
FAM-286D97BD6257,IS 18480
FAM-74944AD6FA6D,IS 19139
FAM-A85E72EA9C6B,IS 3087
FAM-25E040F233BD,IS 1057
FAM-39B1AB5559D8,IS 4682
FAM-751FAA6AA9B6,IS 7456
FAM-9DA31308F39D,IS/ISO 10218
FAM-0E69E47500FF,IS 12392
FAM-7F65CCE53039,IS 14492
FAM-0149C3A50E72,IS 14458
FAM-065233AD8485,IS 19110
FAM-0ABFEF931C3B,IS 19339
FAM-3718CFF3E88A,IS 6211
FAM-58AF2E5A4EC5,IS 7063
FAM-87AD3EB212DD,IS 19247
FAM-E67DE2171006,IS 19323
FAM-53EAA910C93E,IS 19326
FAM-76867D03C25A,IS 19328
FAM-31761293A063,IS 19331
FAM-9F7F82D3C7F0,IS 19335
FAM-66F455507EA2,IS 19336
FAM-B0FCA19D0A2C,IS 19337
FAM-C06C34B9D877,IS 19347
FAM-7F993F2B7C3B,IS 19349
FAM-DA50A6D01BEE,IS/ISO/IEC/TR 24030
FAM-82B8FD050D07,IS/IEC/TS 60034
FAM-5EB091AD5997,IS 19320
FAM-86954661A530,IS 19346
FAM-746A4B158F4C,IS/ISO/IEC 20013
FAM-DF3DCF2B40F5,IS 14661
FAM-DC727E174E85,IS 11255
FAM-21262E3DDFB5,IS/ISO 14017
FAM-24EA76BC2259,IS/ISO 14055
FAM-D9E456D401D6,IS/ISO 14068
FAM-7973CF61BDBF,IS/ISO 14080
FAM-BFA6DF2C23AB,IS/ISO 14093
FAM-7D686F4DDD03,IS/ISO 14097
FAM-28DA8AD36FED,IS 19310
FAM-9022C6BB1D36,IS 19311
FAM-8B2825175694,IS 10218
FAM-583CE0C37F23,IS/ISO/TS 14092
FAM-81F56571E71A,IS 11680
FAM-A9B8BE6A44CB,IS/ISO 14960
FAM-6CA93F62CFC0,IS 13932
FAM-BD1CB2CF1FEB,IS 19065
FAM-5DFE8CCD738B,IS 5894
FAM-DEAE6AC0FEE1,IS 8980
FAM-22A66C5B3625,IS 4054
FAM-B1BE45D9CD3A,IS 13897
FAM-755ED6797344,IS 1355
FAM-0B82BEDFB2FD,IS 5835
FAM-DC4134923B7E,IS 7234
FAM-D8D4A86BA458,IS 19308
FAM-321CD13E1F6F,IS 6365
FAM-D364838F0542,IS 3877
FAM-B4DC6585FBC0,IS 5677
FAM-23A652DF1326,IS 5906
FAM-8F2FEE95711F,IS 6115
FAM-75E724CD3D54,IS 6114
FAM-049FFB93627E,IS 6125
FAM-AAC89FEE73B8,IS 9588
FAM-53FBEC12EA10,IS 9968
FAM-5F11AFC89299,IS 10073
FAM-433A35AF0955,IS 10584
FAM-A2B854A7ED4A,IS 14956
FAM-2EC4C9CB83C0,IS 266
FAM-E3AB47D9925D,IS 3687
FAM-8A2A8D1BAFCD,IS 7351
FAM-49C48128A8BE,IS 8195
FAM-302DEED7C176,IS 8397
FAM-0415CFFDB191,IS 10647
FAM-AE05B564171A,IS 12203
FAM-E324BEE81AE2,IS 12887
FAM-F2FC07051E3E,IS 13445
FAM-AB92974D3F75,IS 19158
FAM-0FAB19E79F05,IS 19221
FAM-BA8440447302,IS 19286
FAM-24BFC6302B67,IS 2629
FAM-801CEE54F07D,IS 5158
FAM-C0BEDAC429D8,IS 5604
FAM-D2A158688B8D,IS 6961
FAM-8F18EFF96F86,IS/ISO 10263
FAM-AE8586026D3A,IS 10994
FAM-74FA97FFC2B8,IS 4216
FAM-86992445CA31,IS 623
FAM-ECAA83C7FAC1,IS 1281 : 2025
FAM-89650956E89A,IS 6218
FAM-3F5D98C41717,IS 7879
FAM-C82342A858BC,IS 9840
FAM-E1C1D0CA6EF7,IS 10854
FAM-F4DBA45A62AE,IS 19280
FAM-78419F5BA00E,IS 19299
FAM-05B1A48A2391,IS 2061
FAM-A5D34BA93856,IS/IEC 60115
FAM-35D3D8D53AC3,IS 580
FAM-84D86F76FF37,IS 581
FAM-1946397541EF,IS 2223
FAM-FAC55E666967,IS 14989
FAM-47751CE51C08,IS 15399
FAM-7A8278A8A10A,IS 16103
FAM-8942B6D062C5,IS 13737
FAM-18D003618201,IS 14176
FAM-E42E1D126C1E,IS 17067
FAM-64AD906407C6,IS 1056
FAM-C182C9D68B92,IS 4005
FAM-E482F9D725F6,IS 7422
FAM-F6CB70B603A9,IS 4544
FAM-80ACD8D596CA,IS 6505
FAM-58C96497D905,IS 6818
FAM-69979EC72BBB,IS 6953
FAM-EB2C53097472,IS 6957
FAM-1CEDDF4FB47D,IS 8088
FAM-4343829FA286,IS 8388
FAM-769BB8A86155,IS 14200
FAM-C36742F684EB,IS 15548
FAM-3C7FF8A20D3E,IS 17155
FAM-B3FB0C3E02A4,IS 19348
FAM-4261FCEDBC94,IS 19321
FAM-C4882601F6AA,IS/ISO 12643
FAM-387AC20BCCDF,IS 19211
FAM-4DD421075226,IS 19166
FAM-66B767BBAE7F,IS 446
FAM-D04251F9B7E2,IS 514
FAM-4AC815438FD9,IS 1350
FAM-5CE4CCD91922,IS 1683
FAM-F86F1EE40315,IS 1684
FAM-B6CAFF47FC9C,IS 1685
FAM-30E42CCF8217,IS 1825
FAM-FD5B479CDB9F,IS 2342
FAM-775E4AB72CD9,IS 2415
FAM-59DD48064FD2,IS 3555
FAM-141E4B941AC4,IS 11711
FAM-91B4FA24E0D0,IS 11858
FAM-D35C22B924E7,IS 6684
FAM-FDA322ECC506,IS 5382
FAM-2B7F01809169,IS 8193
FAM-5C493BFC2117,IS 8399
FAM-4D3FCAE3C515,IS 8400
FAM-02A982F08518,IS 8194
FAM-A6411C145D4D,IS 9754
FAM-388A68E4DF93,IS 9407
FAM-BAA9B7E0F851,IS 8874
FAM-9DD8D4A88E2D,IS 10142
FAM-A7608B2F8E6D,IS 11489
FAM-33A5BD9E8CC5,IS 9949
FAM-C0E4B052D2B0,IS 8851
FAM-B31707C37A87,IS 12770
FAM-BA9F0E1C673D,IS 12224
FAM-D815017BBF49,IS 11905
FAM-59BF334A2673,IS 14788
FAM-CFB0CFF5DFFE,IS 16317
FAM-086A644AE50C,IS 16705
FAM-0F4670BE6314,IS 16713
FAM-E7E7FBF5CD8E,IS 17138
FAM-2B1594F7397E,IS 17315
FAM-38C378583AE0,IS 19048
FAM-1093F43877DE,IS 19170
FAM-A08B0DB227D1,IS 19199
FAM-D8FFEEA90253,IS 1091
FAM-8E71830D3EFE,IS 3020
FAM-1FF97712503C,IS 3646
FAM-CFBF14C0BAB1,IS 9167
FAM-76FCA9DDF751,IS 10025
FAM-982B4FE9075B,IS 12255
FAM-002CD31823B7,IS 19314
FAM-FB2B2C8F6BC8,IS/IEC 62271
FAM-8E97A4F11C4E,IS 17882
FAM-E0D32733C627,IS 8913
FAM-D63C3107B51E,IS 1640
FAM-A2CEB79AD600,IS 19303
FAM-598E8D75EAF3,IS 19232
FAM-070C7C1491F9,IS 19270
FAM-B246E5E012BF,IS 19275
FAM-178919164D37,IS 8862
FAM-DFA4723B4362,IS 17494
FAM-3AAC97581B9D,IS 8856
FAM-AB1CCCCC27AE,IS 440
FAM-F853AE8AAC8E,IS 12045
FAM-0C2A9B50D791,IS 2717
FAM-0D9AAD0ADD87,IS 5829
FAM-2A3608A70FF1,IS 5849
FAM-C760278C5D70,IS 6111
FAM-191EB2BC3CB8,IS 7691
FAM-67BB16B7B907,IS 12271
FAM-524F82E02384,IS 16242
FAM-2D0D76B18E0C,IS 18003
FAM-10AC0A5DC1DA,IS 19231
FAM-0CC70BA505F7,IS 19313
FAM-8D8E8F399E8A,IS 19257 P
FAM-5E2F3AAD2192,IS 19322
FAM-73B0496243A4,IS 19269
FAM-AF91E8E5FB3D,IS 5342
FAM-01E84C864CCC,IS 1964
FAM-ED1D011CB0DA,IS 4919
FAM-0173B18D10DE,IS 1963
FAM-454D92EF6F94,IS 4726
FAM-416C3FC1D238,IS 4752
FAM-88CE02B7EB04,IS 4993
FAM-304680DADAC3,IS 5707
FAM-68C61A1CFEB2,IS 6120
FAM-829EF86E0689,IS 19315
FAM-3E0B44F84CCD,IS 6794
FAM-EA7D9A5EAD01,IS 6796
FAM-45F1021C1C88,IS 6798
FAM-E520929273FA,IS 7237
FAM-777F01B271B4,IS 7238
FAM-708113000F8C,IS 7908
FAM-15441914E3E8,IS 9971
FAM-483770AE21C8,IS 10747
FAM-74BBCCC58932,IS 12408
FAM-3D1CAC01D763,IS 13462
FAM-EAA6D99E2276,IS 18112
FAM-8F873E9B89D7,IS 19319
FAM-AE60CA398B74,IS 9120
FAM-D1C4B66181D8,IS 8418
FAM-94B61B42106C,IS 13535
FAM-6154AC6CCA8D,IS 13571
FAM-87CD0E191BA8,IS 13614
FAM-A8DF5476E99D,IS 13722
FAM-BF072E3AD23F,IS 17111
FAM-BCA3AE73B1BF,IS 18988
FAM-C01C97781357,IS 19317
FAM-4B5B1BAD4B06,IS 19318
FAM-D2CDEC25D34E,IS 6408
FAM-EDF362E6B0FD,IS 12863
FAM-32DF7941D948,IS 7503
FAM-5F61BF4C5881,IS 625
FAM-121B2988938E,IS 8169
FAM-DA7E3309005A,IS 11903
FAM-5147A75FA447,IS 12545
FAM-609D78EBD5FF,IS 14389
FAM-64E5854E4C88,IS 19216
FAM-C75C3067F6BD,IS 19215
FAM-5316FFB8ABE2,IS 19224
FAM-1B2785C9DAD7,IS 19266
FAM-54DC0FD4C4FF,IS 19271
FAM-7D96B6E67894,IS 19289
FAM-8C2B1385E8AD,IS 19290
FAM-1792EE40C360,IS 19302
FAM-FC0A5786028A,IS 19265
FAM-E24E54E54DAD,IS 19217
FAM-FB87CDE3227B,IS 19258
FAM-BF9B7A6A835E,IS 1559
FAM-049BD9A8C968,IS 1586
FAM-9C6EBEA93130,IS 4027
FAM-1865CA337333,IS 4667
FAM-696B6ACCC541,IS 5139
FAM-20323B7F1CD0,IS 6912
FAM-6AF46BA5691E,IS 8362
FAM-848955667698,IS 12286
FAM-A174CDD564B3,IS 19288
FAM-0F18068F5493,IS 19297
FAM-9C71592E8214,IS 12308
FAM-149B43B719A1,IS 12571
FAM-B2777CD87101,IS 17082
FAM-A8C8EADCFB64,IS 17795
FAM-BBBFCAE71AD4,IS 19301
FAM-F5E3CAD2286D,IS 4246 : 2025
FAM-350599AB4078,IS 7794
FAM-32396A042DA2,IS 11672
FAM-86BD44659618,IS 14279
FAM-5102F587453E,IS 15836
FAM-E3754E686DD5,IS 17150
FAM-27DFF6CDEE2A,IS 19312
FAM-04B2181F5F80,IS 15755
FAM-CB72C4E1281A,IS/ISO/TR 14073
FAM-44691422012A,IS 16379
FAM-EFC50F4DAA5C,IS 6373
FAM-D09471EC72AD,IS 7098
FAM-60B4663CD422,IS/ISO/IEC 9075
FAM-F306FED9656D,IS 9155
FAM-373E76B2C4C5,IS 11692
FAM-878D1A6F7C88,IS 19283
FAM-0263DA4D807C,IS 19284
FAM-559078107714,IS/IEC 60519
FAM-1BDC1B6D952E,IS/IEC 61196
FAM-75FBA0D5EF51,IS 2333
FAM-C02365954D69,IS 2838
FAM-9C5F743A6799,IS 2839
FAM-80A77FD643D1,IS 10977
FAM-8B04118DE9BC,IS 12681
FAM-023CC694E34A,IS 14493
FAM-74393DF90F00,IS 17007
FAM-490D1CA850DB,IS 17148
FAM-7F424A49290B,IS/ISO/IEC 30105
FAM-AC571E71F8FE,IS 12762
FAM-FAF44C69285B,IS 14578
FAM-68D6D135428A,IS/IEC 61730
FAM-11E0729B8A2F,IS/IEC 62548
FAM-D233300ADAA8,IS/IEC/TS 62915
FAM-33F1A8931AB3,IS 15210
FAM-27D097C706AE,IS 398
FAM-43FFA839F7FB,IS 19143
FAM-574A4FC8672F,IS 6303
FAM-CC00F9594276,IS 4051
FAM-98B4A18E471A,IS 8144
FAM-CC505C886B73,IS 9559
FAM-7B5C719B5E00,IS/ISO 14007
FAM-53A2F3CCF8F4,IS/ISO 14016
FAM-80C326030753,IS/ISO 14083
FAM-ACADCA533E09,IS/ISO 14091
FAM-B4990685DCC3,IS 19173
FAM-4DF5593C74B4,IS/IEC 60255
FAM-5A19D1D296C1,IS/IEC 63203
FAM-0AF7E4FEC076,IS 19142
FAM-670DC05E80F2,IS 10463
FAM-F97E1EC74062,IS 11738
FAM-C4C607D4EB66,IS 19230
FAM-42ED3A8D3EBA,IS 10954
FAM-83BAF89E2C2A,IS 44
FAM-C00ED7C05EB0,IS 4426
FAM-951C8FF1E00A,IS 5725
FAM-1DB72E1AF3BF,IS 11239
FAM-904EA093E54A,IS 17275
FAM-D2DD003FDFE4,IS 19300
FAM-FFAED6AA7EE5,IS 19304
FAM-8C853F6C692B,IS 19306
FAM-A82CDE255E90,IS 12670
FAM-45D619278A6D,IS 19189
FAM-C917A0CB41AA,IS 19190
FAM-AE9F680500AF,IS 19233
FAM-C4721B54FADC,IS/ISO/IEC 27006
FAM-31705772878C,IS 1885
FAM-FCA2168C384C,IS 13730
FAM-B563B30D7395,IS 17123
FAM-DACF7B2E33F6,IS 1328
FAM-BD86D91E762B,IS 848
FAM-38100A4C87C4,IS 885
FAM-1CF168EBE4F0,IS 19212
FAM-9931ED79CF24,IS 19285
FAM-E319D7628D14,IS 5925
FAM-20CC87A47A0C,IS 10461
FAM-B2A4E5510DBB,IS 14712
FAM-2D36282F3545,IS 7886
FAM-D4A958EFFC77,IS 12634
FAM-3C08EEC06125,IS 13414
FAM-44589E4213E6,IS 19229
FAM-FE43E8D31431,IS 996
FAM-5A4748FD04A9,IS 4493
FAM-0C3BA4C86297,IS 9938
FAM-E126629D7936,IS/IEC 62807
FAM-5F21CC9E194D,IS 8539
FAM-A33A262A37E4,IS 11019
FAM-44F801FB5511,IS 19272
FAM-40AE0DA4E3E8,IS 19291
FAM-F314CB097356,IS 3903
FAM-D65595B0FA60,IS 9953
FAM-BF4D96C20EA2,IS 11995
FAM-03D32593EF00,IS 12769
FAM-7EB062740253,IS 12873
FAM-C9A91F49AE43,IS 19148
FAM-2FB48B8A433A,IS 19068
FAM-0FE4420D6B46,IS 19260
FAM-1551C88B5A35,IS 19287
FAM-891A6DB81096,IS 19298
FAM-52F857094656,IS 11554
FAM-50201916CD28,IS 3327
FAM-9A110AD40BBF,IS 19180
FAM-8FE66AC79D97,IS 9337
FAM-2689C027E501,IS 12768
FAM-15045BCB9F81,IS 13030
FAM-FE4E1EAD3F46,IS/IEC 62368
FAM-4E78F0761714,IS 2069
FAM-C766DCC8CA7F,IS 10161
FAM-60AE57ECE65C,IS 16075
FAM-DDC6BF764C73,IS 16539
FAM-494D9212F1FE,IS 19222
FAM-011F3F6655B5,IS 397
FAM-2F17D2D60AC8,IS 19307
FAM-EC207E5DC598,IS 5914
FAM-8FBE5B203BE7,IS 19249
FAM-C24B93B2E753,IS 19277
FAM-B73E909B8145,IS 19220
FAM-4E4EAAC6D26B,IS 19279
FAM-43D94C42E13A,IS 19292
FAM-24B20B114011,IS 19296
FAM-EA367A61D6C6,IS 19295
FAM-96770D0152AA,IS 19273
FAM-DE5A076C20C5,IS 15630
FAM-AF703F56ABFA,IS 8198
FAM-435C01E1DB56,IS 5903
FAM-C625F84123FC,IS 19251
FAM-D0925B228076,IS 7111
FAM-DFD90E34DD4B,IS 16139
FAM-F158CB0F336F,IS 11437
FAM-1A1140663ED7,IS 19242
FAM-332BA0DF8675,IS 19259
FAM-B2B2672EA990,IS 19261
FAM-6370AB3BCBAF,IS 19281
FAM-CD0B493F15EB,IS 19293
FAM-912505070F73,IS 19294
FAM-CF564FE6F5D6,IS 19268
FAM-82B7A2AA1F19,IS 19264
FAM-E4A196A2FF7B,IS 18883
FAM-DBB2784B7B8E,IS 19109
FAM-CFB7533E53C9,IS 19162
FAM-E7C4CE113CA1,IS 19163
FAM-2F67B7804993,IS 19165
FAM-6875CC35CCA7,IS 19161
FAM-9D99045DB49A,IS 19168
FAM-F3EAD543B5F0,IS 19169
FAM-074D3E392B0E,IS 19075
FAM-C4AE70E83198,IS 19244
FAM-6E810F16C8F1,IS/IEC 61169
FAM-114613EC86C6,IS 6191
FAM-900372449588,IS 7109
FAM-EACBAD9ABC15,IS 7632
FAM-61B4BD276947,IS 10963
FAM-CB19C4759FC2,IS 12002
FAM-BB1582B05095,IS 14487
FAM-87799FCC2A35,IS 14583
FAM-F489B7324DBF,IS 14686
FAM-15383E8E86CC,IS 19205
FAM-D15CDF9F617F,IS 19248
FAM-6F97E673C250,IS 19204
FAM-26F3C99D9CF7,IS 4218
FAM-16374AC2C67A,IS 11196
FAM-80DE4858C070,IS 13723
FAM-ADC8F766A84C,IS 13724
FAM-3AF79C608DD1,IS 17419
FAM-790FB9EE7E0B,IS 19167
FAM-F102071E5EE4,IS 19252
FAM-09F28AB16E4F,IS 19262
FAM-B46FC2A53D49,IS 9239
FAM-B9364338BE88,IS 14401
FAM-12B92424D6E9,IS 21
FAM-4776C9894FB7,IS 1501
FAM-9E5EEE18C162,IS 1917
FAM-984C46623CFB,IS 1921
FAM-85B97EEE6D48,IS 2131
FAM-606C5F0D0E7C,IS 2248
FAM-BCDF7C7AE0CD,IS 2518
FAM-A951CEEF9732,IS 3086
FAM-E2C51AC4B000,IS 6226
FAM-41CA05BCE31F,IS 6024
FAM-8583EFFD5326,IS 6751
FAM-6F81A535FEB9,IS 6932
FAM-FD880DC86D82,IS 10054
FAM-FB29574294E6,IS 11033
FAM-EE6E8A69F578,IS 12182
FAM-04D1230660DE,IS 15629
FAM-9C8DF3485DB1,IS 15631
FAM-890FD1A24C76,IS 12363
FAM-98C09C8C8329,IS 17003
FAM-7E194F7726D7,IS 19208
FAM-0E32358D607A,IS 19214
FAM-4D330083E6C7,IS 19263
FAM-7A7DAE8D31EC,IS 19238
FAM-0C4B037363EC,IS 19218
FAM-CDFD9163BBC0,IS 19236
FAM-FF351FD53137,IS 18471
FAM-ACE2AA5BED8B,IS 7066
FAM-CC0AA3A144FC,IS 15309
FAM-1B5D13382A73,IS 19239
FAM-D3310D8A4934,IS 19240
FAM-63DE578ACD91,IS 19241
FAM-4837EDAD98DD,IS 19243
FAM-BF6FDB1337B3,IS 19245
FAM-3413B553D0FC,IS 19246
FAM-C7B073349D7B,IS 19250
FAM-D569C826079D,IS 19254
FAM-DA8417B98B68,IS 19255
FAM-20912913405D,IS 19256
FAM-132A2D0CB236,IS 6815
FAM-825CA546BFB9,IS 8825
FAM-91C205FE06B8,IS 8837
FAM-10631B43A17F,IS 10088
FAM-86F9D2FEC5B3,IS 10245
FAM-59F0297F1929,IS 10309
FAM-079DA9463C50,IS 10982
FAM-B0BD021550AE,IS/ISO 11979
FAM-4607237E00B8,IS 17750
FAM-90802444CC4F,IS 18766
FAM-4501E4C631CB,IS 19099
FAM-89D2C46AAAB7,IS 19106
FAM-D7A7C8673C5E,IS 19187
FAM-03C50B5639BD,IS 19235
FAM-F030398E9686,IS 19237
FAM-9936A1A99459,IS 9427
FAM-64DE346E396F,IS 9457
FAM-BFD012BB4108,IS 10044
FAM-CEE6EB6325B0,IS 19114
FAM-A8DA0FA5E8C5,IS 19164
FAM-130C7AFE1B7E,IS 19159
FAM-CD9D461D37F5,IS 19113
FAM-0715292DEF7B,IS 19105
FAM-6871E05F07CB,IS 19151
FAM-DF6AD67DA2BC,IS 19157
FAM-7919969E67B1,IS 444
FAM-CD1F49BD95DF,IS 12804
FAM-A0A1887A78D7,IS 13193
FAM-981711538CFC,IS 5062
FAM-FCF99A43067C,IS 7651
FAM-CF50589478A1,IS 11022
FAM-F5875B02E38C,IS 12492
FAM-8FDBF16C75E8,IS 15355
FAM-EEF249E129AB,IS 17655
FAM-494ECAC190E9,IS 17844
FAM-01E538A8838E,IS 18998
FAM-084723A8056F,IS 19050
FAM-AE943543F929,IS 8626
FAM-D0B34979E681,IS 1560
FAM-A9FFE5C1229D,IS 10077
FAM-02F3B11FDDBD,IS 3816
FAM-ED73E47C4970,IS/ISO 6742
FAM-6B78094CE3C7,IS 7142
FAM-1B208EB0019A,IS 7465
FAM-836D7A22711B,IS 12678
FAM-8BD0E61B5B11,IS 12699
FAM-C60A7B197DFC,IS 13192
FAM-478064DB5312,IS 13979
FAM-B73D39BBB59D,IS 16421
FAM-34160E2A1316,IS 17132
FAM-083ECFEB9FD1,IS 17550
FAM-08CB0F070A65,IS 717
FAM-CEAB116D621F,IS 230
FAM-71260C9AE52B,IS 6265
FAM-026BC06E6404,IS 8627
FAM-147DB192FF36,IS 8747
FAM-6E57DF4EE431,IS 8796
FAM-F3D464B5DDC3,IS 9738
FAM-B6A165545BC8,IS 14708
FAM-5DB9FCBA1592,IS 14709
FAM-C7CEE75F6C21,IS 15356
FAM-451055A20B41,IS 15410
FAM-551DF77080F6,IS 19127
FAM-1CF573C388F6,IS 14764
FAM-34D6FDC4151F,IS/IEC 60071
FAM-8AFD1A22E603,IS 6007
FAM-A15BC576F45B,IS 5632
FAM-419F16ED7430,IS 5425
FAM-6EB1DF0F4A6F,IS 3530
FAM-3D1E41EA605F,IS 3353
FAM-CB15C1BC087D,IS 2092
FAM-154E58A61DFD,IS 15097
FAM-AE325C7079FD,IS 13170
FAM-EADEB742BA5B,IS 16381
FAM-A0F9963F51CB,IS 17306
FAM-B017C748CA7D,IS 11209
FAM-1D49529F262D,IS 10170
FAM-68F42CF80B75,IS 9024
FAM-129DB42DDE81,IS 1024
FAM-8B9A669071FA,IS/ISO 14284
FAM-5E75303ABBED,IS 13468
FAM-D47F2168A74B,IS 15848
FAM-A2C07666B745,IS 15326
FAM-FEA80B437947,IS 16150
FAM-CDB2FA8FFF2D,IS 19194
FAM-558D67589B72,IS 19195
FAM-518CE0420162,IS 19196
FAM-63A47DBBD2E3,IS 19197
FAM-F06FB77B73F8,IS 19202
FAM-0419D34635BF,IS 19219
FAM-A815E63599F5,IS 13419
FAM-F10598D42839,IS 19206
FAM-796F5627A8E9,IS 18976
FAM-DADE85058DA1,IS 18918
FAM-29DFAADAD381,IS 19066
FAM-548A203EDBFE,IS 4250
FAM-ED4D427702EE,IS 4967
FAM-AE2F98ED1F43,IS 19193
FAM-4FC3177A7799,IS 12027
FAM-3016F6D0AD14,IS 12054
FAM-B8F764BA8437,IS 13125
FAM-54BC526A66AC,IS 13365
FAM-47B683B031DE,IS 13489
FAM-D73CA48118BA,IS 19071
FAM-C85C0282B598,IS 15149
FAM-91C06816C709,IS 15151
FAM-862880DC1723,IS 16376
FAM-720F6845FA79,IS 16558
FAM-A9420123B0A3,IS 16573
FAM-01383D69A762,IS 18075
FAM-CEF2D9706599,IS 16575
FAM-30170F74CE5E,IS 16959
FAM-F5868D82E26F,IS 18980
FAM-6110C926D76F,IS 18981
FAM-89CE11DB46E0,IS 17179
FAM-C2BC8D96FD27,IS 18995
FAM-6847C38CD6B5,IS 18996
FAM-B9A5A1526B10,IS 19043
FAM-CDDF59464983,IS 19051
FAM-04278551AC36,IS 17297
FAM-E406302AEAF2,IS 17300
FAM-0458DCBE7E9E,IS 17363
FAM-BB279FBD851C,IS 19070
FAM-033310CA0F06,IS 19141
FAM-9FB1CEE254EA,IS 19149
FAM-4D4589768C6F,IS 19198
FAM-3CF023B0D033,IS 17365
FAM-E48BFC613B48,IS 17369
FAM-C59A40AA3CC2,IS 19129
FAM-DAB2DFCF7322,IS 19184
FAM-EC5A43A0BC5D,IS/ISO/IEC 24779
FAM-30DA92279286,IS 19191
FAM-E11FD9912825,IS 884
FAM-6CF979F8EADA,IS 11406
FAM-5A42D10A0BC0,IS 19133
FAM-FCFC8CB106D1,IS 19150
FAM-B3FA6965B195,IS 19171
FAM-D8502F9C25B3,IS 19186
FAM-7BE713276822,IS 4963
FAM-30988A1F8E28,IS 9198
FAM-C40FB8551C9E,IS 19226
FAM-D4011A0FCE77,IS 9259
FAM-C387FF7F8518,IS 19234
FAM-A938B79B67CC,IS 9640
FAM-FB5D648FAA24,IS 9669
FAM-3D393AD89192,IS 11229
FAM-B2300A8D9478,IS 11593
FAM-B0DAA4AE9E3D,IS 11594
FAM-5E9CD03CCEFE,IS 12175
FAM-22DE6C4A3050,IS 12287
FAM-FFB16AAE983E,IS 12979
FAM-D30D9D821389,IS 18166
FAM-D9478EEBADD4,IS 19117
FAM-64E4B25AE018,IS 19128
FAM-A848A2584C53,IS/ISO 2834
FAM-DB42DD6272EF,IS 4880
FAM-5592410C90C2,IS 10421
FAM-92D315FE6627,IS 8093
FAM-682794A0ECD8,IS 13418
FAM-C42203AF9A95,IS 14590
FAM-6788AC22D48A,IS/ISO/TS 18621
FAM-9115B1F211A3,IS 18900
FAM-78DDC03668A1,IS 19076
FAM-0D508CF11973,IS 19138
FAM-5568C4F293EC,IS 15363
FAM-8FE280A0396B,IS 18383
FAM-60F5C903C0C5,IS 903
FAM-38D34D0CD96D,IS 14746
FAM-670370282285,IS 3186
FAM-C848DEBCB2F8,IS 19210
FAM-4064C7110F17,IS 12201
FAM-782DBBA12A5A,IS 12376
FAM-958E44B68842,IS/ISO 14045
FAM-42166FB1039A,IS 18882
FAM-E5FEAFD0523F,IS 19045
FAM-AD25AFD5C4A9,IS 19049
FAM-1FDFF9545F1C,IS 19072
FAM-88A0B86F0A09,IS 19188
FAM-B018E3305446,IS 19207
FAM-E80F6EE7A70E,IS 19209
FAM-7FC6FC72ED26,IS 19213
FAM-537E85195238,IS 19225
FAM-F7BB172E9931,IS 54
FAM-109BB8EC0C9B,IS 4275
FAM-B39FB38F55FC,IS 4281
FAM-C1E1DB7C1849,IS 4445
FAM-FD0F98F49BD4,IS 4994
FAM-8F7A5113CD02,IS 5377
FAM-605A44D57ACA,IS 6465
FAM-049E6E54750E,IS 5412
FAM-CB05AC22ADED,IS 6514
FAM-893E17F8E8CF,IS 7710
FAM-A164A9D204A2,IS 7712
FAM-4C93E2286CD3,IS 7713
FAM-2C54F24414FF,IS 7756
FAM-C2C51ED47BCD,IS 8100
FAM-E3B84BC5DCAA,IS 8315
FAM-084F1D109751,IS 8807
FAM-28DF450F1D6F,IS 9718
FAM-A8DE5697062C,IS 10272
FAM-F50AAC663188,IS 13169
FAM-C9B8E6417C63,IS 13286
FAM-25C2641ED19B,IS 8101
FAM-58F478A92A41,IS 19223
FAM-F68F36381157,IS 18530
FAM-1D62B4D7588E,IS 11830
FAM-E875524B6016,IS 12752
FAM-F44871629FA0,IS 13113
FAM-67DB57507C6F,IS 14418
FAM-361280C80FFD,IS 15787
FAM-6D877E7D4A53,IS 16275
FAM-C59DCF9C03FD,IS 14704
FAM-1217936F0552,IS 18483
FAM-BE13308A94B0,IS 19092
FAM-A7230DD408A8,IS 19094
FAM-543B0CDA5518,IS 19095
FAM-A256FF437893,IS 19182
FAM-10788D23B95F,IS/ISO 56006
FAM-C79B670A26CA,IS/IEC 60127
FAM-5F43D2CF39C9,IS 60127
FAM-FBC5BB6F8D9F,IS/ISO 56007
FAM-BDE61153C144,IS 18886
FAM-13EA6EDDB9BC,IS/IEC 60794
FAM-53F29A52EBF6,IS/IEC 60794:Sec):1)
FAM-5D830C1672E2,IS 4611
FAM-26918F4BE791,IS 5877
FAM-A364125CB9AF,IS 9398
FAM-6D408CA634D1,IS 19203
FAM-9458A2BA9B24,IS 10202
FAM-C9ADC76999AD,IS 17570
FAM-FC87DD2DCC66,IS 12137
FAM-D3412BAFB7B3,IS 10596
FAM-F3F458C76B6A,IS 14537
FAM-4B1EDEB6214F,IS 19093
FAM-AA41C9F9F497,IS 19146
FAM-E3A5DD9EB529,IS 905
FAM-4CE8A906AB8C,IS 1068
FAM-A04BB2A45721,IS 1173
FAM-DA9905440243,IS 1252
FAM-DF6F38BBA124,IS 1254
FAM-298F7D7D1E64,IS 51
FAM-67A8E5919FE4,IS 11259
FAM-9D9BCFA00CA9,IS 1760
FAM-D5053DA5264F,IS 19136
FAM-47C8965222B4,IS 19140
FAM-26A69DAD8EDF,IS 19176
FAM-62B354F935C6,IS 19201
FAM-B62ADF5FAD01,IS 2112
FAM-4A9590520D5D,IS 2167
FAM-5A4243AD31CB,IS 2336
FAM-4D71458A27BA,IS 2733
FAM-1C726874C0AA,IS 3266
FAM-4494795F77B2,IS 3299
FAM-57A45B1F51DD,IS 3868
FAM-C20E81430777,IS 3908
FAM-891A9F4311B3,IS 4333
FAM-ADF21E2781C4,IS 4338
FAM-F62BED2DBFB6,IS 4687
FAM-FFB333E8E05E,IS 8473
FAM-ABAF5F182E85,IS 9866
FAM-5480043EA20A,IS 9910
FAM-A8EA0CC5A0CD,IS 10074
FAM-BDEB6E8CBE57,IS 10208
FAM-874DFDA64002,IS 10442
FAM-15E6DCDE7613,IS 10678
FAM-B189F8496FCF,IS 10837
FAM-1D7643C4D573,IS 11268
FAM-E2C93144AF82,IS 4972
FAM-38EEB7DE3600,IS 5290
FAM-C89F14D9C944,IS 8084
FAM-6D54D44ACCB3,IS 8097
FAM-27C16B5E3383,IS 6490
FAM-5EFCB20C9E08,IS 7649
FAM-CE393EB72904,IS 628
FAM-C05D3D499F29,IS 3329
FAM-3CE68D929704,IS 3689
FAM-1BF8CCCC6921,IS 9320
FAM-F2D9C20FE1DD,IS 7657
FAM-A88D8B1FF55C,IS 5288
FAM-181874F582E3,IS 14624
FAM-810FC740B0F5,IS/IEC 60794-1-2
FAM-A9B36428ADC1,IS 13394
FAM-FCC55A383096,IS 12810
FAM-B639F51E9693,IS 14031
FAM-A055874897DB,IS 16052
FAM-1B679F337514,IS 19183
FAM-A7A3D64E5A46,IS 2752
FAM-483A43E8472F,IS 5805
FAM-9E22DE38B4AB,IS 8366
FAM-F234587A4252,IS 10895
FAM-9079E6BB9FF4,IS 10904
FAM-21AB3ED5114A,IS 11237
FAM-18C0FE195154,IS 12432
FAM-8A671D3FB130,IS 12718
FAM-541765164008,IS 12780
FAM-773303EE57EB,IS 14163
FAM-108F12334173,IS/ISO 14064
FAM-24A252647152,IS/ISO 14065
FAM-6CF8A810ED92,IS/ISO 14052
FAM-0640DAD796C2,IS 16626
FAM-98F0DC0BD2E5,IS 18443
FAM-5D91FBEDAC3F,IS 18558
FAM-CED8657EEEAB,IS 18949
FAM-50B4A8F12F52,IS 19089
FAM-847AB0920B51,IS 19192
FAM-D2C2E4277A5F,IS/ISO 14009
FAM-669FDBAD09F9,IS/ISO 14008
FAM-E69B89255E08,IS/ISO 14006
FAM-0EA996E38E7E,IS/ISO 14002
FAM-1BD9C01A7A83,IS 18885
FAM-6A195B0968DB,IS 17514
FAM-CAF10A9821B3,IS 17334
FAM-E83E98C26497,IS 5872
FAM-F6D1A8D06583,IS 1243
FAM-6A1FCF75E446,IS 1246
FAM-79822D2C7794,IS 1247
FAM-53D0961C7004,IS 1267
FAM-59DC5E841BF6,IS 1579
FAM-1058014F3655,IS 2523
FAM-5FC58D72B3AA,IS 3108
FAM-3F2D5CD76B68,IS 3325
FAM-250D285C87F5,IS 3600
FAM-E30CCE1770AA,IS 5052
FAM-294B49132629,IS 5409
FAM-67FC31FBF691,IS 5701
FAM-277179587E62,IS 5709
FAM-9FA445528AEE,IS 6030
FAM-799910220FBA,IS 6940
FAM-DFAB50487786,IS 7863
FAM-070D173DFF51,IS 8417
FAM-967E06534DAE,IS 8558
FAM-888ABBCEB69D,IS 10950
FAM-48D19B38482B,IS 11583
FAM-C188693893BE,IS 14348
FAM-231135D0A5F3,IS 14483
FAM-E062442D220C,IS 15146
FAM-87B33F4651E7,IS 16378
FAM-F8D02BEBFD76,IS 17030
FAM-AA7449B90744,IS 17984
FAM-B5CFD092F56E,IS 19056
FAM-ECD1D63D772A,IS 19091
FAM-8A93F89D238E,IS 19103
FAM-65BB65F62193,IS 19112
FAM-5046E579CD02,IS 19147
FAM-A29FC271F85C,IS 19152
FAM-85CF3CD4112F,IS 19153
FAM-7F7E33E4DE78,IS 19160
FAM-1516615DA9D2,IS 19181
FAM-F364173E88F1,IS 19185
FAM-22EA2C4E1CEE,IS 1013
FAM-2E6C1BA89F73,IS 8066
FAM-2049A1332FF0,IS 8276
FAM-46CE8C3E8259,IS 9522
FAM-80CE55FACC34,IS 10777
FAM-4797918A5AC6,IS 11638
FAM-8303AAB867B6,IS 12213
FAM-7A4C0708E49C,IS 13806
FAM-68FD731FB3A6,IS 14352
FAM-8D171CB93BC0,IS 19108
FAM-F4D2E50AE5C7,IS 19154
FAM-A46FF227F753,IS 10305
FAM-C798A596A471,IS 3290
FAM-E2355CE6C581,IS 14207
FAM-478E894EF20E,IS 8060
FAM-B7163AEE9F7D,IS 10667
FAM-D5BD04EF3829,IS 13624
FAM-F3195900F810,IS 19177
FAM-83EBE46DEDB0,IS 6622
FAM-3403A26EF079,IS 7771
FAM-8B4022C234E2,IS 8521
FAM-3269943E7161,IS 11307
FAM-3171F921D3DA,IS 5405
FAM-084425C3F752,IS 19131
FAM-529DD5B7D6C6,IS 19179
FAM-1615D9B470F7,IS 19175
FAM-67FC981C01A2,IS 19134
FAM-D7031DF20907,IS 17675
FAM-A3D9A247407F,IS 18832
FAM-50A2E5684F01,IS 19130
FAM-614CCFE63E19,IS 19135
FAM-A07E989E10D0,IS 19172
FAM-8F32DF3AB426,IS/ISO 105-B04
FAM-05A8B221BCCC,IS 1315
FAM-B227C2DF79C1,IS 1367
FAM-BC399E36891D,IS 2459
FAM-C104DD2AE609,IS/ISO 105
FAM-DE61CCC0F23A,IS 4441
FAM-137B33DF8FCD,IS 4442
FAM-70C236DF48CB,IS 4443
FAM-A6F11B17CA84,IS 5055
FAM-908F1DD295FC,IS 5708
FAM-1567D5CB07BD,IS 6087
FAM-D8969F3A2C4E,IS 6793
FAM-1657C095D2DF,IS 9970
FAM-F86A147AAD45,IS 14354
FAM-8A0F8439FD1A,IS 18726
FAM-7F8CCD1E6C2C,IS 18808
FAM-5789A0906BEA,IS 19057
FAM-18028BC0CF0C,IS 19061
FAM-A4CB72A78E19,IS 19078
FAM-8AECD23A8E6C,IS 19100
FAM-62BA17A32FC8,IS 19101
FAM-5F9814020D2F,IS 19111
FAM-42AC7AC03F51,IS 19132
FAM-1DF32527665A,IS 19083
FAM-834CBB8401C2,IS 19122
FAM-8F0B8F67C7B5,IS 19123
FAM-6CDB7EBA6162,IS 19124
FAM-BE76A707D9FA,IS 19125
FAM-301973894CA0,IS 19055
FAM-54F7AC88D885,IS 5610
FAM-60AE1C62BA51,IS 11783
FAM-0F2D61A1087F,IS 16650
FAM-C40B753FF241,IS 18620
FAM-76F871933ADA,IS 19116
FAM-F72B723938C9,IS/ISO/IEC/TS 30105
FAM-B9FEB5AD9ED1,IS/ISO/IEC/TR 30105
FAM-AFFA82F9943F,IS 4092
FAM-AB282B17E715,IS 9496
FAM-760A77914E3F,IS 9815
FAM-CC7B11E074AB,IS 12225
FAM-F52EFD3C0F16,IS 10306
FAM-5B9AF6DE169C,IS 16197
FAM-28D4C4BE3F2A,IS 17064
FAM-FFD46F2A4AAA,IS 18903
FAM-654E82AA23E5,IS 19090
FAM-E15EBC0ADE1D,IS 13371
FAM-96FC043E6858,IS 14615
FAM-F919FDC406C2,IS 14973
FAM-56E893A308A0,IS 14869
FAM-C1574120D323,IS 14476
FAM-353716903BA3,IS 19126
FAM-9D2D62A417B5,IS 19155
FAM-5A03A06E3C10,IS 19156
FAM-979AF84FE2F2,IS 1891
FAM-E449B3BE1CB8,IS 6806
FAM-68EA5DFDD36B,IS 18920
FAM-A7D5B3A54340,IS 19119
FAM-4B6D244B8DCF,IS 19120
FAM-D6C71A8BA61F,IS 18430
FAM-ED63F344B013,IS 19121
FAM-B3F77D851CC2,IS 18917
FAM-2A8A02FAFCFC,IS 18950
FAM-ACF6897F0A1F,IS 18984
FAM-D91F0F1CF07F,IS 18985
FAM-3956B4FCCA0C,IS 18986
FAM-712F25E8D025,IS 6053
FAM-C568EFAAC4F8,IS 2026
FAM-94DC0D479B2D,IS 4340
FAM-A3245846EEB2,IS 13717
FAM-F6F33655420E,IS 18968
FAM-BEDE617EC30A,IS 18969
FAM-5593DAA71CF1,IS 18970
FAM-8F523FFBE6AF,IS 18925
FAM-B5801B3866A2,IS 9385
FAM-EABCB808E34F,IS 18818
FAM-FC9FA0976562,IS 750
FAM-B243C03395FA,IS 1094
FAM-FD57CF420BD4,IS 1937
FAM-F653E32EE282,IS 1939
FAM-9CCD076E7594,IS 3942
FAM-DDBEC17B4EFC,IS 15719
FAM-1F4827AD61E9,IS 11332
FAM-4DA22B59D06D,IS 18951
FAM-BD6AED395ACB,IS 18983
FAM-48B340D69F39,IS 18987
FAM-1D8D57AD5D3A,IS 18991
FAM-9B6BE63F7196,IS 18992
FAM-B58A26260EB1,IS 18993
FAM-DE0C8CC4AD6A,IS 18999
FAM-9082DB1EA2BB,IS 19044
FAM-A79435705B1F,IS 19046
FAM-422F45453EAC,IS 19054
FAM-177C8D3D2973,IS 18375
FAM-466140C4135F,IS 18974
FAM-A8849A516ED5,IS 8175
FAM-D097620AF156,IS 8334
FAM-77D30803DE10,IS 5931
FAM-F13599BE8B49,IS 1682
FAM-F0C543EB81A6,IS 3902
FAM-2DA222964C4C,IS 4750
FAM-C7034FAF3C01,IS 4818
FAM-16BE8AE19535,IS 5057
FAM-15218C7EB4B7,IS 5058
FAM-764F400E8229,IS 5343
FAM-D54DAB3F5BB6,IS 5345
FAM-2B25CABBCFD4,IS 6385
FAM-07FDE658640B,IS 6438
FAM-9686079C0080,IS 6692
FAM-B57B069C5CF5,IS 7716
FAM-07E8456C180D,IS 8103
FAM-635544A7B40E,IS 8291
FAM-E7FD60277FEB,IS 8293
FAM-B72E550007EE,IS 10267
FAM-940D3A377A22,IS 16024
FAM-63740466D6C5,IS 999
FAM-2A12F36FAEFA,IS 1486
FAM-3D90AB0515DF,IS 19062
FAM-AF236FB39946,IS 19144
FAM-4D5565B4F06E,IS 3095
FAM-741D043AA482,IS 11800
FAM-0F37589B2B37,IS 6886
FAM-1E89BF2B7FB3,IS 892
FAM-6DE730565F71,IS 6686
FAM-7D839B9E7C85,IS 7216
FAM-49A026C65EC3,IS 8421
FAM-1C1F6D2E08BA,IS 13326
FAM-399AC093D14F,IS 13501
FAM-F7BAFE3D3295,IS 14324
FAM-E674684F273C,IS 18915
FAM-CB3A44B1DD84,IS 19064
FAM-D28293227398,IS 19115
FAM-0292416045A6,IS 19104
FAM-272AE63A1EB6,IS 12065
FAM-7C3F437F90C8,IS 15199
FAM-0FEB0496D9A5,IS 8174
FAM-787C9BEB067B,IS 8695
FAM-DB821601FAE3,IS 8696
FAM-F50838A03000,IS/ISO 8980
FAM-681157468915,IS 9911
FAM-F3ABEE86E195,IS 13175
FAM-F59C64956F27,IS 19096
FAM-E6E2D7D9B724,IS 19097
FAM-4252B70E59BF,IS 19098
FAM-9B4E51808451,IS 19102
FAM-BEF8E2BC0C7F,IS 14155
FAM-4D9D25E1CDBF,IS 537
FAM-DAFB1F6CC337,IS 1460 : 2025
FAM-B15D681F68E3,IS 8493
FAM-FE8823F90FB8,IS 13778
FAM-0F4996DC3047,IS 7032
FAM-476535468AD4,IS 17739
FAM-065C71B9DF7E,IS 749
FAM-16E27335DC17,IS 858
FAM-DAEA06EFA441,IS 859
FAM-D826CDA7611C,IS 1093
FAM-9656D7842587,IS 1096
FAM-657A1A344123,IS 1100
FAM-897AA514CBAC,IS 1102
FAM-AC6C275F07EF,IS 1241
FAM-9FB2C131840C,IS 1242
FAM-B38C7427FC38,IS 2158
FAM-359D33A96FFE,IS 8797
FAM-4B426AE984A4,IS 9119
FAM-A9C1958913E3,IS 1623
FAM-CED064A66F14,IS 18887
FAM-00BC2393B978,IS 2664
FAM-8396EDE80C1D,IS 6552
FAM-1BB25C986BE7,IS 18705
FAM-82E037168FF4,IS 5785
FAM-F548C47EE9AE,IS 7062
FAM-9A68D527485E,IS 5900
FAM-3F584190EB72,IS 7278
FAM-BA7458423705,IS 18864
FAM-B3CB2FB01725,IS/ISO 20121
FAM-02319A943537,IS 19081
FAM-6D8A83EDBA9C,IS 19080
FAM-32B8D6A2428F,IS 19073
FAM-4CBC1B1C5005,IS 3029
FAM-C97A56E85EBC,IS 12337
FAM-ACCABF17D073,IS 13487
FAM-DE4D614252B5,IS 7692
FAM-30815B45CF28,IS 16677
FAM-3D1F7A14828B,IS 18907
FAM-C7E54EEF9713,IS 1598
FAM-A85518F51B0E,IS 5225
FAM-4CAFF94024EB,IS 18257
FAM-4DB2ED8BE32C,IS 10046
FAM-CD2D8EE8864B,IS 12058
FAM-12A5DFB8DA4D,IS 4080
FAM-9924C0C8D125,IS 12789
FAM-5E69F784816E,IS 13825
FAM-9EE4FC3EA824,IS 13972
FAM-F3B8DF561F0E,IS/ISO 11114
FAM-B60DF229E23D,IS 17724
FAM-A22A40340144,IS/IEC/TR 63463
FAM-1EEF916DAF7E,IS/IEC 61557
FAM-CF32C31136C6,IS 15715
FAM-05131CB959BE,IS 15721
FAM-BA616CA56D1C,IS 15720
FAM-6E2ED7580BBB,IS 15717
FAM-F70F26F09007,IS 15722
FAM-5D66FEF07E67,IS 15723
FAM-52BCAF2CFAFB,IS 11474
FAM-4B2EBA63A0B7,IS 15710
FAM-2D63FAB9F6A4,IS 15716
FAM-FCCE672E9E08,IS 15718
FAM-93A0CA15E0F6,IS 18622
FAM-0AAF4576C4A8,IS 19069
FAM-922BD9C6C512,IS 19077
FAM-5C21C9AC1B8C,IS 10684
FAM-401403C4ECAA,IS 5960
FAM-60BDF42FF1B5,IS 19058
FAM-9E4DDF9A01BB,IS 19082
FAM-AFD39E81ED21,IS 4485
FAM-B5D674AC1423,IS 4506
FAM-ECDCE6A88007,IS 5684
FAM-17AA2FF1FD5B,IS 5920
FAM-53701E4164D8,IS 9897
FAM-2C05AB83B5CB,IS 14802
FAM-5B754A8DF48E,IS 14965
FAM-1A5D36AA3F89,IS 19079
FAM-08E5AA86C15F,IS 1303
FAM-207F2673FDAB,IS 11822
FAM-0F30DD1FC09B,IS 19063
FAM-DD34B987D07E,IS 18327
FAM-F4C1E6670A48,IS 15713
FAM-2DDDBD09A294,IS 6840
FAM-412CF6F0D6CF,IS 7472
FAM-E198F0C78995,IS 14791
FAM-9B1B6EA49EDA,IS 15921
FAM-472C981A4F1C,IS 18267
FAM-E65713EB9905,IS 19074
FAM-8047708B701B,IS 18897
FAM-8216DDBCA938,IS 15714
FAM-59F1C375C905,IS 6143
FAM-99C73217FA58,IS 10199
FAM-41FBB634FAF6,IS 15712
FAM-4CEB2264F0B8,IS 18854
FAM-1FE0079D2708,IS 19067
FAM-05A76C886D1A,IS 19060
FAM-B66DBE7D7CB5,IS 2181
FAM-5EEB8493F28E,IS 6834
FAM-14932DF2E06C,IS 9297
FAM-990157F787F4,IS 19052
FAM-C76196513C66,IS 18929
FAM-7797828A1E2A,IS 3451
FAM-604AE4E08217,IS 4006
FAM-95C9710CF2E0,IS 5060
FAM-94D7D2E8694E,IS 14166
FAM-CB90C616C18D,IS 18994
FAM-D96D2AAC0E21,IS 18962
FAM-A3120F695536,IS 15938
FAM-39734282CE8F,IS 354
FAM-7C3E32E587DE,IS 524
FAM-7026F857B1EB,IS 16915
FAM-90172C86FC93,IS 8085
FAM-0F934E9E0871,IS 17716
FAM-E87C2DFB7915,IS 18803
FAM-001733F13275,IS 18853
FAM-3BF1FB69138C,IS 18967
FAM-C3E2A05F105D,IS 19084
FAM-928852290C5F,IS 19085
FAM-B6E090969DF5,IS 19059
FAM-F3E616D874C3,IS 15711
FAM-59DE2057859D,IS 18960
FAM-44C0C3B9D850,IS 18935
FAM-F6404F2106CB,IS 18936
FAM-53C08200D7AF,IS 18937
FAM-7E219A94474C,IS 18938
FAM-AD6BF2A66DD6,IS 18942
FAM-BB14AB3C3BA5,IS 18943
FAM-93FD6A977431,IS 18944
FAM-107A660AE2C8,IS 18945
FAM-BA35C2414669,IS 18933
FAM-7152F8FF97F1,IS 18939
FAM-467A77E2E9B2,IS 18940
FAM-4F8076A321AD,IS 18941
FAM-5E52B22F66A7,IS 18956
FAM-C1BB13B34996,IS 18957
FAM-F449428611FE,IS 18958
FAM-78FAB0173ABC,IS 18963
FAM-F6FC3B8F621A,IS 18959
FAM-8B9A6B1BDD3A,IS 18964
FAM-A30008E9F456,IS 18965
FAM-FA4461F50D2C,IS 18961
FAM-DFB23D7C3CAB,IS 8602
FAM-B363BE4963A3,IS 18824
FAM-61160A03C380,IS 18874
FAM-2FA109BFECEA,IS 18910
FAM-ACCE8785BE45,IS 582
FAM-2A30244AC5D0,IS 1919
FAM-3FA5F2F5665B,IS 2730
FAM-B883ABF2077B,IS 2797
FAM-542F840E128B,IS 2881
FAM-54699DA14484,IS 3205
FAM-10A8278CAC4A,IS 5012
FAM-CD3230BEDCF2,IS 7067
FAM-7960F7686090,IS 1776
FAM-E63B7CD73C4E,IS 18795
FAM-F1F338E8B8E5,IS 1633
FAM-C4B31EBEC959,IS 1740
FAM-64F80108990A,IS 7250
FAM-89B9F32EFB9C,IS 9030
FAM-699BC75B48FB,IS 10057
FAM-F3C2260E9B98,IS 10415
FAM-3FD874ED3859,IS 13003
FAM-09F495074B47,IS 13598
FAM-AA840FD35356,IS 14293
FAM-7E22EFDF686D,IS 4341
FAM-999E7FCC3B29,IS 7496
FAM-D1A7B5753935,IS 9171
FAM-60E8281C387A,IS 12450
FAM-698417241B85,IS 10304
FAM-78CF32E42050,IS 13137
FAM-D04927107915,IS 15138
FAM-7F3601080C41,IS 2510
FAM-0694DA2B49B0,IS 2910
FAM-0365A85E1DA1,IS 5473
FAM-BB3B1BCC1C82,IS 5944
FAM-E31F48EEF1C5,IS 12722
FAM-320BF0550695,IS 1855
FAM-C882C696ABC8,IS 1386
FAM-1C5AAA0E3C2F,IS 7175
FAM-EA9AD8D88E31,IS 2780
FAM-19FBDF358326,IS 3972
FAM-35A7766DC8B9,IS 11484
FAM-A72CF1B019DA,IS/ISO/IEC 10373
FAM-137EC4D633F2,IS 18926
FAM-EFF2ECFD2F4F,IS 18946
FAM-AC24AE2DA3E3,IS 18947
FAM-6453536EBE1F,IS 18975
FAM-50AE900BC1C8,IS 18977
FAM-BCD933CBA469,IS 18978
FAM-A581F3E9497D,IS 18979
FAM-88179737112D,IS 2196
FAM-C4E0FC982FCB,IS 5354
FAM-7F237404BD0E,IS 11926
FAM-C230F9E09840,IS 12111
FAM-861D7D6C9CE0,IS 13561
FAM-FE3ABBCE4A31,IS 14294
FAM-DC5666E9EFCF,IS 14714
FAM-DF74491E6905,IS 18966
FAM-A57BE80488BB,IS 18997
FAM-053A8E3DE75D,IS 18877
FAM-D65D4A4926EF,IS 18893
FAM-DC9801223FBA,IS 6748
FAM-8AEB9237CBC8,IS 11082
FAM-EE4FF886A837,IS 11538
FAM-707DE601E0DD,IS 12953
FAM-42357307DBD0,IS 14403
FAM-76B7AF3D33A0,IS/ISO 16634
FAM-4D78C5E7D3CB,IS 18911
FAM-C0EFBB5FF225,IS 18934
FAM-4D9275D1BA81,IS 18890
FAM-849B0A14199E,IS 18989
FAM-8D07FD96757E,IS 18924
FAM-9399341420DB,IS 18990
FAM-D3DA89379EF8,IS 19053
FAM-13F120E9106A,IS 18914
FAM-C4787505E799,IS 10231
FAM-18F9FCE4CE26,IS 18902
FAM-375917D93802,IS 2847
FAM-7558AE0BABBC,IS 8156
FAM-C8EF17699C0F,IS 2428
FAM-53FA2C6905CA,IS 18852
FAM-B7BA331444EB,IS 18909
FAM-B3F44FC18648,IS 18916
FAM-921CDA2F57CC,IS 2266
FAM-A315C1B1D2F9,IS 8166
FAM-C54C70155A4E,IS 11149
FAM-6530B90F02F8,IS 13129
FAM-6ADA16556C19,IS 14756
FAM-E0F0B30E5F23,IS 15449
FAM-F1789B9D983C,IS 15481
FAM-2D2FA3A00A77,IS 2723
FAM-6936D44DA764,IS 5285
FAM-0B610214C27E,IS 6358
FAM-78659D21B2AD,IS 18721
FAM-DEE115434950,IS 18973
FAM-A41AA70CDF57,IS 18884
FAM-C99CC998DA81,IS 4487
FAM-2C6C79560E29,IS 8254
FAM-C0A054C455B4,IS 18319
FAM-46BD7F50AEAB,IS 18827
FAM-851A0F3D562F,IS 18858
FAM-0C141D1D35F7,IS 3204
FAM-A089A9DCED9E,IS 5086
FAM-00B323EF05C0,IS 7822
FAM-04FA82ED782E,IS 7823
FAM-4CFD1D8580A5,IS 8277
FAM-2828804F8EC6,IS 8744
FAM-262B5FF22E51,IS 9055
FAM-2CA4DC06B44F,IS 10072
FAM-986675E63C30,IS 5003
FAM-5E742BC1E185,IS 9707
FAM-738B9266A175,IS 18839
FAM-9CE522B247A4,IS 18840
FAM-BCDA1B458733,IS 18842
FAM-2CF3A62ED375,IS 1718
FAM-B222309FD5DE,IS 4778
FAM-613CCF8B7B9D,IS 6349
FAM-130E34870E65,IS 14706
FAM-ED78F48EB168,IS 18931
FAM-960B43FDA5E8,IS 16362
FAM-923975F2DE1C,IS 18869
FAM-28267A6546EA,IS 16890
FAM-110504519B19,IS 18834
FAM-1EB9ACE41E3F,IS 6786
FAM-6064D0CBCD40,IS 18954
FAM-FDF0986F4F19,IS 1720
FAM-48AED0B23C49,IS 3615
FAM-35152033C984,IS 4462
FAM-045D241E3637,IS 6488
FAM-502847F8710E,IS 7426
FAM-7E06B59CE73D,IS 8251
FAM-432332A7CBAD,IS 8297
FAM-6A1E2A1E8880,IS/ISO 8528
FAM-AE927136CC2D,IS 9099
FAM-D9FCC50582E8,IS 11241
FAM-4E96432A5265,IS 12358
FAM-CBEC5C9F7806,IS 14358
FAM-9D034632EC10,IS 2066
FAM-AEFE927E5D33,IS 14442
FAM-A9AC980507A0,IS 18953
FAM-A293F6AC2BFB,IS 18955
FAM-7AA43A189EC5,IS 13560
FAM-DE56914D9F83,IS 17929
FAM-C457E56F7255,IS 18727
FAM-149F608B3FE1,IS 18815
FAM-2C0ADD74D39D,IS 18892
FAM-C97B9946BC68,IS 18982
FAM-7B6C03F093ED,IS 11710
FAM-44BB5E898052,IS 18928
FAM-9E85A739FFAB,IS/ISO 20816
FAM-DD61A9854998,IS 18689
FAM-DA5E8DE2EF07,IS 3759
FAM-74E25B1CF1C9,IS 4150
FAM-AC8059EF9624,IS 4847
FAM-AD6CE3543CC9,IS 5580
FAM-D19968E55432,IS 5583
FAM-5ABF3BB476C9,IS 6267
FAM-07BE684B8EAF,IS 6319
FAM-22089D41411E,IS 10258
FAM-AA5D3F743780,IS 18927
FAM-F1A11B5165B0,IS 7206
FAM-8ACCF28F6AFA,IS 16014
FAM-3EBC1ABF8D0A,IS 18878
FAM-FAE88723B561,IS 3607
FAM-CFF8115BC487,IS 4408
FAM-6AABEDE9F5E9,IS 11324
FAM-C99DAA8D8F8B,IS 9724
FAM-B6EFE26F24CB,IS 18919
FAM-77099B8B29CA,IS 3665
FAM-869FE8ED880C,IS 3598
FAM-F9A3FFCF6E2E,IS/IEC 60512
FAM-C84F8F06E17F,IS 975
FAM-09BAE4605A8D,IS 2365
FAM-C6C7E29E951D,IS 18696
FAM-4B3306BB001C,IS 3745
FAM-7190C9477788,IS 6594
FAM-DE59BC8956B7,IS 3233
FAM-93A5F8738436,IS 8776
FAM-6EBC45182507,IS 12136
FAM-A241212B30A7,IS 12682
FAM-7E4B91F5226C,IS 15029
FAM-F0142858366A,IS 18728
FAM-E682320387C7,IS 18794
FAM-17CCD608E220,IS 18932
FAM-AA6937FCF08E,IS 4613
FAM-A9316D0D5870,IS/IEC/TS 60079
FAM-7423E54A3560,IS 2991
FAM-E85C34AC37BA,IS/ISO 3318
FAM-71BDFE809155,IS 4508
FAM-6D7F0CBD5658,IS 16004
FAM-021136301C98,IS 18866
FAM-D0FCA38ACFF4,IS 18868
FAM-C0B5B7CB7B05,IS 18870
FAM-38D99BEE0802,IS 18784
FAM-B0CC23BE933F,IS 18872
FAM-B302FD7860D5,IS 18855
FAM-316E9A9F8974,IS 18857
FAM-1956256D2EF6,IS/ISO/IEEE 11073
FAM-E1F3A43EF20B,IS 17767
FAM-4BBC706D1B34,IS 18737
FAM-D5AD387779A1,IS 18757
FAM-1D81D8A070FE,IS 18772
FAM-7E312FAFE5CE,IS 18777
FAM-1B21DDFF43D0,IS 18785
FAM-6125D0BCF9A7,IS 18871
FAM-48EFADF4C3AF,IS 18863
FAM-DE9ED5A99226,IS 18805
FAM-8CB6E1235340,IS 18880
FAM-9E794B080427,IS 1813
FAM-3BB07FC2182F,IS 8171
FAM-6F86DA57BA6A,IS 18442
FAM-F7F3316777FB,IS 13012
FAM-D22433D4D37B,IS 18653
FAM-38998D70FF2B,IS 3707
FAM-C09157BBA458,IS 1506
FAM-FE910D295E9A,IS 18008
FAM-CE02046FB722,IS/ISO/IEC 27036
FAM-3DFE07CDB25B,IS/ISO/IEC 27050
FAM-8408FD3E6902,IS/ISO/IEC 27071
FAM-9CFC681F1EB8,IS/ISO/IEC 27402
FAM-02A5535A3129,IS 18845
FAM-5B6326CE9B08,IS 18921
FAM-9BAD4FEBA7B5,IS 18876
FAM-AA62A44A26B6,IS 18873
FAM-B0BD80C9E00F,IS 18773
FAM-C4A9CDB5A6FC,IS 18685
FAM-F800C5BC0686,IS 15000
FAM-7790A727955D,IS 13138
FAM-82669254E062,IS 13070
FAM-AD380B4C64D0,IS 9355
FAM-CE302A920AFF,IS 8759
FAM-E6D71C3E4B4A,IS 8074
FAM-9A29FE63A399,IS 8025
FAM-04ED705A2EB2,IS 5527
FAM-A4C5E3EC85FF,IS 5404
FAM-81C4AEECEF10,IS 4351
FAM-9624956A4162,IS 1507
FAM-5343399BD44A,IS 1665
FAM-34A4D61E056E,IS 1669
FAM-9968BABFE1DE,IS 2556
FAM-4D2C276359AD,IS 8442
FAM-546FD658F352,IS 2190
FAM-03E931C27CC1,IS 3062
FAM-3EC9839836C8,IS 3633
FAM-31EF8C893166,IS 3652
FAM-69F4E2041B67,IS 3906
FAM-3A47200096ED,IS 12190
FAM-36C53F0A676F,IS 15344
FAM-7065097B8069,IS 18764
FAM-92D6EE498DBE,IS 18843
FAM-E582D8580502,IS 1067
FAM-17D4A6BA9EB5,IS 4991
FAM-ADBAACDF0828,IS 6461
FAM-A6F8F366F1A4,IS 9356
FAM-DBF3C67F4960,IS 13921
FAM-BF216E28C35B,IS 15219
FAM-B85ADB4274DA,IS 7754
FAM-ABD962EC11D1,IS 18898
FAM-B7015206C2EF,IS 18899
FAM-765C593510A5,IS 18905
FAM-98B93D444748,IS 18908
FAM-BFE81E40A355,IS 18923
FAM-8D5F8F25B495,IS 18952
FAM-D0808E9BCFF6,IS 18901
FAM-602E928294D0,IS 9295
FAM-73267D2DA90A,IS 6528
FAM-15F374D95369,IS 9081
FAM-2A361F4397E8,IS 18891
FAM-73AD74CF0277,IS 18895
FAM-D36F9D325A69,IS 18896
FAM-30E3323D1251,IS 18904
FAM-9B37D1477C52,IS 18906
FAM-9BBE2823DEF1,IS 18912
FAM-6CB3EA512431,IS 18913
FAM-13FB55F960B9,IS 18930
FAM-F54370DC15AB,IS 12075
FAM-1593DD11C158,IS/IEC 62146
FAM-E58EEB37729E,IS 2379
FAM-830500FDCFBF,IS 4179
FAM-072A41553B60,IS 4521
FAM-D08969BA2377,IS 5569
FAM-16E9BE6C3771,IS 6202
FAM-949714F6F958,IS 6219
FAM-60DD42D6B1B7,IS 12992
FAM-50C2D76382AA,IS 12300
FAM-E722C8BB69A9,IS/IEC 60143
FAM-4AB0900791EB,IS 18841
FAM-B4FB5AFA25CD,IS 18660
FAM-B92E7AC8E9AA,IS 18610
FAM-670CD0136368,IS 5723
FAM-BC4B3DC11D40,IS 5747
FAM-FA8EFC850746,IS 10496
FAM-ADD1B23F42A3,IS 13119
FAM-7D63A40AEF57,IS 6996
FAM-BB70E8E479E7,IS 10414
FAM-B9198B60570E,IS 12815
FAM-F07987F0905B,IS 11584
FAM-15AE91D7AC24,IS 638
FAM-33C439DEF516,IS/ISO/IEC 21823
FAM-14DB78EB3792,IS/ISO/IEC 24751
FAM-E2986F962AA5,IS 13340
FAM-5700A4E77B42,IS 18596
FAM-C8670B6EFD6B,IS 9283
FAM-9345CCC182E0,IS 18849
FAM-160B3870916D,IS 8005
FAM-29DC479F3531,IS 3449
FAM-97F9900E3B18,IS 13288
FAM-C916A4EA841B,IS 18589
FAM-790D2BD3A4FE,IS 18837
FAM-A6B3D24639AE,IS 18830
FAM-F2AC23276A98,IS 3279
FAM-B65226F4DBB8,IS 14490
FAM-1EDD4380E2B4,IS/ISO/IEC 27011
FAM-92CADBEFFA86,IS/ISO/IEC 27040
FAM-4C11267007B7,IS/ISO/IEC 29100
FAM-FA2E3FF1B3E1,IS 984
FAM-C5C4DFE68DBF,IS 11220
FAM-1140225DB1CD,IS 17805
FAM-217BECFC7651,IS 18833
FAM-3BDC9C4E4051,IS 4688
FAM-0A34FC7B152B,IS 3817
FAM-40AAE1323DB5,IS 7156
FAM-545490B8B5B6,IS 7719
FAM-B850E48B914D,IS 8263
FAM-D89C937738AD,IS 8534
FAM-C0896D235047,IS 11461
FAM-5A3435D1987C,IS 9282
FAM-F4667731364D,IS 18922
FAM-24DAA9EC108E,IS 3594
FAM-05FF83EC9DAC,IS 9736
FAM-27441FCF679E,IS 2097
FAM-064881768ABB,IS 18666
FAM-929FFE9C7914,IS 18797
FAM-EFBD6092D6B5,Is 18889
FAM-9B4563E941E1,Is 18894
FAM-F32CA4785BD9,IS 7570
FAM-0DB07CFF64F1,IS 9733
FAM-986EFEF2E267,IS 12304
FAM-9D2DDD373F31,IS 18793
FAM-FD8733101D65,IS 18770
FAM-FFA2E8C43937,IS 7595
FAM-BB8DD2E25C5A,IS 14413
FAM-FB4D4EB6ADBA,IS 15611
FAM-7C2C2EADB9C3,IS 18481
FAM-BCFE229B84BF,IS 7398
FAM-48F485503F0E,IS 8332
FAM-4AD1D0C15C1A,IS 7819
FAM-2E353E379680,IS 3179
FAM-17F17FC845EA,IS 4123
FAM-629C28A6CD05,IS 4509
FAM-86CC489FC3AF,IS 11805
FAM-2D836E0CBD8E,IS 15423
FAM-0CDB54C546C4,IS 5691
FAM-619C0E2E27B5,IS 18812
FAM-22520C5B36A1,IS 16848
FAM-D518EA8E14CC,IS 18856
FAM-97810984348E,IS 7016
FAM-B4DEC1D6A5E3,IS 9402
FAM-EF14D4023244,IS 10624
FAM-AEC31C5AB5C9,IS 18804
FAM-CC35E5C79E3F,IS 18862
FAM-36F31AA68E0A,IS 18861
FAM-E297F4836764,IS 18860
FAM-68F197FD495A,IS 18859
FAM-1DC2A0AAFFF4,IS 18851
FAM-DEADF60AA95A,IS 18844
FAM-E6B5A38132BF,IS 18836
FAM-51CC3BB8A01E,IS 18835
FAM-66C6496C85C7,IS 18829
FAM-DBE280A8A3E6,IS 18817
FAM-35BC0DAEF461,IS 18816
FAM-16FF302D9BC1,IS 18771
FAM-0E1AEB8C410E,IS 18769
FAM-7A31DCEA52A6,IS 18768
FAM-7CC096F1D0F6,IS 18765
FAM-994594DE5726,IS 15905
FAM-A249DB59CB4D,IS 13922
FAM-6C0807FF4A80,IS 13451
FAM-C45DB6C2F4D3,IS 9550
FAM-BDC526C671EB,IS 1114
FAM-71C318E98AE4,IS 2491
FAM-E30B27DE5B2B,IS 3592
FAM-AB0D83F19BC8,IS 5560
FAM-E03CDD0F1FA0,IS 7970
FAM-9413F29F8A69,IS/ISO/TR 14121
FAM-FACF9E8D83D4,IS 18846
FAM-BC88EBFC2306,IS 15028
FAM-AD30AF4151C7,IS/ISO/TS 19837
FAM-E9AD7D6F76CA,IS 8820
FAM-5B826FC3799A,IS 6157
FAM-9C30BEC1EE1B,IS 6203
FAM-F0C08A102285,IS 4464
FAM-5EE1EBF840AE,IS 18847
FAM-49B4B9DFC853,IS 18848
FAM-6D57C8CD13D3,IS 5563
FAM-F8A61F963A85,IS 70
FAM-4B0190403F81,IS 2211
FAM-E08BA96F593A,IS 812
FAM-398C0162E910,IS 18831
FAM-4B5DCB9052E2,IS 6088
FAM-0FB6C421DCBA,IS 1217
FAM-B59CFC26D29E,IS/ISO/IEC/TS 17021
FAM-8D5BF26BE2DA,IS 5143
FAM-6B2096134284,IS 7454
FAM-2350663C6876,IS 8086
FAM-84C4A7F4E43A,IS 17154
FAM-F20004716EC9,IS 6155
FAM-150AFBD4A5A5,IS 10438
FAM-119652A9B4D5,IS 12125
FAM-34C4EABBB378,IS 12495
FAM-155059E1A4A7,IS 13467
FAM-C6BD56CE7000,IS 15489
FAM-398BD4C0A5B7,IS 16984
FAM-86611D427FF8,IS 4173
FAM-78D2DAF1AC52,IS 7022
FAM-1389C6DBB902,IS 13273
FAM-2D47CBA44652,IS 13381
FAM-97FA7C2D46BE,IS 3863
FAM-72EB3626E884,IS 15839
FAM-2242EA74C56E,IS 18661
FAM-13CB5422B9A9,IS 18828
FAM-0F7F53A0FDD4,IS 18807
FAM-B3B715A0B4C4,IS 18806
FAM-FBF0A9807162,IS 18665
FAM-0591D54A8760,IS 10661
FAM-0389F15D5BA3,IS 16678
FAM-04C3846898E4,IS 6210
FAM-D7E80F39DAB9,IS 5456
FAM-27980D545D7D,IS 3144
FAM-C66CFE461B92,IS 8151
FAM-B3E0CCC5D701,IS/ISO/IEC/TS 25058
FAM-F37FCCB7FC53,IS 16667
FAM-791691A7B72F,IS 6116
FAM-62D6E7A2FF62,IS 11279
FAM-531472D3A74F,IS 17859
FAM-D49B3F56299E,IS 15125
FAM-3FC2A4C9B2BA,IS 436
FAM-8F21EF4AFCD5,IS 2508
FAM-487F7FAC72FB,IS 4117
FAM-ABEB09C81C20,IS 5821
FAM-FEAF23B734EB,IS 14611
FAM-3CAE4699F0E3,IS 18690
FAM-A0A764001311,IS 15617
FAM-20450D7A40D5,IS 642
FAM-22DD59292287,IS 18778
FAM-25F23AC7DE1E,IS 635
FAM-CD402FB4E6A4,IS 6671
FAM-7602971F63AD,IS 9003
FAM-6E0896B95152,IS 10660
FAM-A7A4B7DE879D,IS 13071
FAM-F56507435270,IS 13393
FAM-437C10D93243,IS 18776
FAM-3376143FC536,IS 18779
FAM-F543D6A75674,IS 18781
FAM-80C747C45570,IS 18786
FAM-D3F5144A9E08,IS 18787
FAM-6026A2FCA749,IS 18788
FAM-1B3253B968F0,IS 18790
FAM-8A5D64EFA549,IS 18838
FAM-0C005FE4DA12,IS/IEC 62153
FAM-5337E52C7081,IS 18810
FAM-AFDDF4FF707A,IS 1475
FAM-D6ACF1E5E0F5,IS/ISO 11375
FAM-623CC50EB7EC,IS 4444
FAM-1A35D7D965C1,IS 13701
FAM-3593348399B6,IS/ISO 11011
FAM-7D98DED4D999,IS 18490
FAM-4A626E9C19EE,IS 10792
FAM-E4BDDD2E414E,IS 18681
FAM-743B704BAE2B,IS 6225
FAM-C14A469B2AE3,IS 18683
FAM-F949C211ED0C,IS/ISO 6085
FAM-34722684D704,IS 18730
FAM-F28C01C70A4C,IS 18744
FAM-C5547A11252B,IS 5825
FAM-6807BCAE0344,IS 18798
FAM-121E10C660D9,IS 18811
FAM-E433AF6535A8,IS 5220
FAM-EC5814F913D6,IS 3133
FAM-1D276D6D372C,IS 18822
FAM-7626A1DB4BA6,IS 18823
FAM-B537DFD168F1,IS 2387
FAM-6EB02D3C70BE,IS 18825
FAM-3B400DEA3E8B,IS 18826
FAM-2F5019F9A867,IS 10393
FAM-9F2F6F4B71FC,IS 570
FAM-67121928DDFF,IS 3315
FAM-B310797C77B7,IS 12966
FAM-5504777D2273,IS 13605
FAM-840C61DB2960,IS 737
FAM-35DA7E06DC23,IS 5845
FAM-A120141243A4,IS 18444
FAM-8CBD1769DFEF,IS 6595
FAM-EC91FBAB1369,IS 6737
FAM-76EE2FA8F196,IS 7241
FAM-1F672D58371A,IS 11132
FAM-B6C70DF062D7,IS 16071
FAM-1CED9E2B8786,IS 11715
FAM-390AD05858FA,IS 13035
FAM-703F54AE993C,IS 14546
FAM-D261E90A2F03,IS 3941
FAM-D270237FC6B3,IS 5626
FAM-01EBFFE41AF5,IS 10330
FAM-EF025A1702D3,IS/ISO 15645
FAM-FFF52C077B16,IS 14570
FAM-4CA5842C824D,IS/ISO 18740
FAM-2CA148F13333,IS/ISO 15643
FAM-2B4ACE7FE186,IS 15533
FAM-2045249173F7,IS/ISO 15688
FAM-9F8C3C6470C7,IS 17469
FAM-61EE0FC54D04,IS 18603
FAM-7BAD9FB6CA00,IS 18713
FAM-FDFAC33B74A8,IS 18814
FAM-1ABD3FA21C78,IS 5889
FAM-FC1D4836FB3C,IS/ISO 69
FAM-2A71622CB8AE,IS 13153
FAM-E5033F23E55E,IS 16652
FAM-47BEF2183F5D,IS 6304
FAM-DC1E4FBDE374,IS/ISO/TS 10128
FAM-04F18080D855,IS 18736
FAM-807BBEE02C47,IS 15075
FAM-BEE2DD9ECB89,IS/ISO 7240
FAM-CDA8D2B806DC,IS/ISO 15341
FAM-7E9B46ECE7DE,IS 1699
FAM-B2DB7798C42D,IS 5837
FAM-40B91C907714,IS 3440
FAM-51534C3F5342,IS 3648
FAM-4025814FB1F6,IS 9703
FAM-4CBEC0A61B4A,IS 12829
FAM-25C2B0E92304,IS 13433
FAM-BF48A9B1FF2A,IS 16074
FAM-B6F2D762EBE3,IS 18745
FAM-F7B9C86F82A1,IS 18783
FAM-669F2C1845C0,IS 18792
FAM-C829A6CF1FAD,IS 3887
FAM-D9050F28DED4,IS 5004
FAM-F1CBF71D176A,IS 5227
FAM-3E6230960964,IS 8021
FAM-E881DA68CE9F,IS 18723
FAM-927EB200A19F,IS 18796
FAM-49652FFA0CB3,IS 18799
FAM-F923E11CBB9B,IS 1103
FAM-C299080A2672,IS 4061
FAM-E93463EED286,IS 3708
FAM-5BDD78AECBCD,IS 4965
FAM-5BFE06C21215,IS 16574
FAM-F5E730C601A2,IS 6724
FAM-653FF4C54B65,IS 7264
FAM-C8998B6342EE,IS 7857
FAM-DDDFC16B2720,IS 7862
FAM-0C46B884DA1D,IS 12831
FAM-CCDA472825BE,IS 13369
FAM-EFCD4CA48854,IS 17721
FAM-6D93C6CE2FB6,IS 17860
FAM-E3132C1A4301,IS 12369
FAM-C50761D85531,IS 17884
FAM-30FF8FB4F10A,IS 18615
FAM-7688EFD80759,IS 18693
FAM-41FF545732B3,IS 18687
FAM-372E725F9E84,IS/IEC/TR 63203
FAM-AF6B94D12BB1,IS 18747
FAM-0A17CA509A55,IS 18735
FAM-C2C0AA39E830,IS 18716
FAM-064ACEF39BDF,IS 18702
FAM-E147C0B536C3,IS 10183
FAM-0C1E66830161,IS/ISO 18697
FAM-F52E22B0C67E,IS 3393
FAM-580CEB08FBED,IS 168
FAM-9B4A9A51CE2C,IS 10568
FAM-35EB497E5754,IS 1763
FAM-4E6E71919558,IS 18493
FAM-665AEACBBBBE,IS 18529
FAM-958B4DE91059,IS 16676
FAM-062491E40F8A,IS 18742
FAM-7E38CD6B8162,IS 4560
FAM-41D5F22F36D5,IS 18780
FAM-17B682A057B3,IS 18789
FAM-5E5076BA47B8,IS 18502
FAM-B233B87ED40B,IS 619
FAM-1A419D572BD8,IS 1660
FAM-A2DBD908FEEC,IS 4642
FAM-05761A9A5A61,IS 8749
FAM-0D9DA99914FF,IS 18791
FAM-BDA353E81DC1,IS 6969
FAM-E3814035B9CE,IS 17470
FAM-4124F56EDB7F,IS 17471
FAM-8D9BCBD2D19C,IS 18749
FAM-3298C90D7177,IS 18809
FAM-1E97892899E3,IS 17071
FAM-272432B525CE,IS 18537
FAM-2DBD634F6F51,IS 1089
FAM-B6056D02BF05,IS 4664
FAM-EBD052D0670F,IS 4645
FAM-7FC55E599008,IS 8347
FAM-B8946905BD54,IS 15298
FAM-58611A4E9F10,IS 16983
FAM-FF27A6AB02EB,IS 3394
FAM-28543D766DF3,IS 4075
FAM-E5C86B088DC9,IS 10892
FAM-F7C172306903,IS 12301
FAM-B0AE28D1AB33,IS 12833
FAM-A3448B5E326D,IS 13793
FAM-5A30860E6BB1,IS 18738
FAM-1B6A2483CD83,IS 18755
FAM-E7FA46C5A834,IS 18758
FAM-67C785BF3269,IS 9412
FAM-A96EC5409A34,IS 15250
FAM-E02D7DF9E91F,IS 1461
FAM-8221B376D87B,IS 3654
FAM-3BB68BD20AC2,IS/ISO/IEC 5338
FAM-EC1818BAD307,IS/ISO/IEC 5339
FAM-4B57D0175304,IS 4142
FAM-075F7E210D94,IS 17253
FAM-D1197AAB3342,IS 8692
FAM-E9986C99D03C,IS 9381
FAM-DDD242D639E6,IS 10155
FAM-D21883D59381,IS 12247
FAM-C346A3BE0EA7,IS 14995
FAM-177F94B95263,IS 10260
FAM-CCCF1F667E9A,IS 15290
FAM-F1B1BB17C944,IS 13775
FAM-42A935C4CFB7,IS 9757
FAM-ADD86176B66E,IS 18630
FAM-186878115152,IS 15483
FAM-65AB9701C108,IS 4915
FAM-F30377C43DBA,IS 4600
FAM-3DD5AC669216,IS/ISO/IEC/TR 5469
FAM-B28FB27879AF,IS 196
FAM-F20B0843F0FD,IS 1481
FAM-D77D3301BD1B,IS 10480
FAM-4C0168571EAA,IS 14172
FAM-7D8E6CF8E7BD,IS/ISO/IEC 42001
FAM-D9F325A8A41B,IS/ISO/IEC 23894
FAM-A0FF9E1C8ADA,IS 18636
FAM-28B7EBEEC4A3,IS 7176
FAM-ED5B8AB52F3D,IS 159
FAM-ABF764E79D81,IS 9394
FAM-A9CB84340F71,IS 1109
FAM-23603CD09A3A,IS 1314
FAM-E7DD02F8A0A0,IS 1672
FAM-02A7DE2EEF0D,IS 3303
FAM-97439A758B1C,IS 8519
FAM-93F7725F0EEB,IS 12038
FAM-5DE8B85AC253,IS 12580
FAM-DAA2766BF67E,IS 13422
FAM-CD177E99F9B8,IS 15576
FAM-9DC933D1EF6B,IS 5557
FAM-19F1497D08BB,IS 4085
FAM-2F608026A813,IS 6252
FAM-0BFB151959EA,IS 6989
FAM-DCA7E475525F,IS 6990
FAM-E3367D0C037F,IS 18377
FAM-66E0425A5F99,IS 18593
FAM-D70FC375EE80,IS/ISO 18467
FAM-B4C46D3C7F54,IS 14139
FAM-C584B53954D4,IS 5820
FAM-05BBF1A55C89,IS 18691
FAM-8FC44210802A,IS 307
FAM-077E5CD193DF,IS 308
FAM-9C6BB4EDCD76,IS 879
FAM-620FFBAE3222,IS 1078
FAM-88E2B0FB6B7F,IS 1104
FAM-09AD100D8D3D,IS 4846
FAM-D4072FD36AD1,IS 5666
FAM-81E8DD42320D,IS 11761
FAM-B202A299246E,IS 13105
FAM-CD45F6EA5991,IS 1273
FAM-700C635B9741,IS 1809
FAM-408F14449757,IS 3705
FAM-1E8823921C12,IS 3946
FAM-6E72EFECB235,IS 5024
FAM-D286FE1C54C7,IS 5034
FAM-C063679EB4C5,IS 13206
FAM-10E1104EFCF8,IS 12848
FAM-AA43E806AC1E,IS 1402
FAM-2C62770A7A1B,IS 3339
FAM-081E12650191,IS 5303
FAM-224EBF2E04E1,IS 6366
FAM-84089981FA22,IS 7505
FAM-12AA2CF1F811,IS 8228
FAM-B961A01F4B78,IS 11286
FAM-33A9EE2B4BB8,IS 2002
FAM-789D39E0E719,IS 2041
FAM-8ECF6B02DD4A,IS 18699
FAM-026028A6142B,IS 18460
FAM-C4C80D5D0398,IS 18560
FAM-85CD9EB20E94,IS 18694
FAM-619DE8E46E2E,IS 4227
FAM-F3AAF8D286DF,IS 4229
FAM-1F558C250BB2,IS 12640
FAM-6DE12051E3F1,IS 18700
FAM-B988E0B6C5AB,IS 14654
FAM-F58440668CB8,IS 18701
FAM-D6B7CE52F9B5,IS 18703
FAM-DA4555888A2B,IS 18704
FAM-34E4F8574580,IS 18461
FAM-5918C491E92A,IS 18759
FAM-361C282D70C2,IS 18706
FAM-E84276B03DEE,IS/IEC 60383
FAM-1E3F8EBD40E4,IS 18707
FAM-CC71D7A99F2E,IS 18708
FAM-22452A5FDC1E,IS 18709
FAM-310F117B58A1,IS 18710
FAM-7A2DACE1D380,IS 18711
FAM-FACD3E463F73,IS 18712
FAM-7E12A776920E,IS 18754
FAM-9251962EE45E,IS 18760
FAM-5736ABEA9FA3,IS 18774
FAM-57899F7A8D98,IS 18782
FAM-276E566A7BEF,IS 2712
FAM-0640BEB5DE7F,IS/IEC 61462
FAM-7B8FCAF58EA7,IS 15437
FAM-0BF089147F26,IS 14106
FAM-0DD95389FAFA,IS 4518
FAM-A67D2DE01A58,IS 13282
FAM-044C630E183D,IS 17932
FAM-B39B67DE09E7,IS 11140
FAM-52F0BD8F6871,IS 10459
FAM-F70B4EFE985C,IS 10008
FAM-D32CD622CEAF,IS 9464
FAM-027ED24E5DE6,IS 18640
FAM-C2121DE7A3BB,IS 9066
FAM-78C5B975B552,IS 18724
FAM-5CC68D1D5253,IS 8274
FAM-4A0FE68A779E,IS 6291
FAM-15EE183B7871,IS 5566
FAM-A1E40C8D41AA,IS 5414
FAM-C1AF43B124B9,IS 4392
FAM-80B938C3A923,IS 7133
FAM-DB1A1FD99EF5,IS 10688
FAM-1A071E5567E2,IS 11573
FAM-DDB86FEFE6A3,IS 17575
FAM-DC4A93E2EA7C,IS 18608
FAM-2E0FC3A10817,IS/ISO 11120
FAM-D8A3AFE85B71,IS 18725
FAM-74FE1BF406F1,IS 18729
FAM-275849F368B0,IS 8237
FAM-657718390524,IS 18662
FAM-2B9B3A767D92,IS/IEC 60076
FAM-DE732BE82CF4,IS 4049
FAM-6E9A59D0E937,IS 9192
FAM-5B04EABFAF8F,IS 10864
FAM-A79C0079E136,IS 5819
FAM-E5D1EED6299C,IS 4120
FAM-9F7CD92ABE3F,IS 10511
FAM-726C497D7C7A,IS 5895
FAM-BDB894DC3DB6,IS 2063
FAM-50DD6A0D4F57,IS 4908
FAM-E9A889C99E5A,IS 5208
FAM-26EDC137CD5A,IS 6270
FAM-54749489E18B,IS 10285
FAM-7F15FBBDFD0F,IS/ISO/TS 8000
FAM-C1F4250C33CA,IS 13490
FAM-FFE6D2FA6B65,IS 15092
FAM-8FB7EC320C2E,IS 16478
FAM-8134457E7CD3,IS 18432
FAM-05600C3FE3A6,IS 18741
FAM-9BE64FE9EA4C,IS 18761
FAM-BA65A797012B,IS 18763
FAM-61D411C3C70F,IS 14460
FAM-F1BCB0ABCBE1,IS 10520
FAM-505DD37BA6C6,IS 18619
FAM-FBE3C6DF697D,IS 18623
FAM-D3EF8D82F7BC,IS 18631
FAM-8BC880969050,IS 18643
FAM-DD8B06B2936D,IS 8753
FAM-04A5F226FDE3,IS 11851
FAM-1979071D447A,IS 13207
FAM-B19E8F9524BD,IS 11030
FAM-324778D0300A,IS 13283
FAM-C36401B352E7,IS 13444
FAM-D8BD97122207,IS 14495
FAM-8625A583DA95,IS 14557
FAM-1E953FE7F99C,IS 15192
FAM-2D5B6CA72F02,IS 15469
FAM-647E9D5D570F,IS 18720
FAM-BDC82152A46A,IS 18616
FAM-35DB2303FEA5,IS 2993
FAM-B34998B28976,IS 12763
FAM-015B4F858633,IS 6380
FAM-D875481CA747,IS 18545
FAM-DAF3B9E4F7CB,IS 7263
FAM-90313C9EB38C,IS 7552
FAM-29F939266773,IS 7631
FAM-BE68B024E66F,IS 11790
FAM-77A4D2E8FA81,IS 12726
FAM-98EDC15D52BD,IS 16017
FAM-C296225CF819,IS 17458
FAM-599DDE8D9A07,IS 18445
FAM-B639334EA97C,IS 18654
FAM-5CC6925AC965,IS 18748
FAM-A0EDF3DF46B6,IS/ISO 516
FAM-1FF8F23FB1F6,IS 4854
FAM-4897FE1F05D2,IS 9040
FAM-E3EE9BEC596C,IS 9075
FAM-416C87B8DE46,IS 11849
FAM-00F82AC956C8,IS 11850
FAM-9759F5621CFF,IS 12464
FAM-880752C37506,IS 14567
FAM-966D41C2FE5F,IS 16332
FAM-4DD3D25ADE10,IS 18635
FAM-F3910058A5E0,IS/ISO 18756
FAM-E09456960552,IS/ISO 21940
FAM-5CEABCBCCD72,IS 16961
FAM-5E1936C0FA84,IS/ISO/TR 4421
FAM-BF253A6B7890,IS 18559
FAM-220F266CED7B,IS 18679
FAM-7B169D2F352D,IS/ISO 20776
FAM-9EE43FD59AC2,IS 8903
FAM-1C1B4F7357F0,IS 11028
FAM-B068D1EB45E7,IS 13225
FAM-B9A8471F2219,IS 16229
FAM-ADE42A79D1B1,IS 18427 : 2024
FAM-4ADAC547FFDB,IS 17104
FAM-343574601B07,IS 15558
FAM-DAD41645B0F9,IS 10765
FAM-8DE958CCEBB0,IS 11802
FAM-EAFEDCAA616C,IS 12211
FAM-184D23522C35,IS 13417
FAM-3DA18CCB3A0D,IS 13484
FAM-24277D1E1530,IS 17416
FAM-AAEEA97B4865,IS 18646
FAM-1A7EB1A5A337,IS 18734
FAM-A7EDA29553A6,IS 18767
FAM-304444067AC6,IS 575
FAM-6FF2829DF064,IS 701
FAM-88531ECFE5E0,IS 1040
FAM-311B62EC3D9B,IS 1113
FAM-A27F325899FA,IS 1379
FAM-34FBB18BE3C9,IS 1380
FAM-40A233923DFD,IS 1440
FAM-193427565C41,IS 11992
FAM-8A5B5C753830,IS 15864
FAM-035615CDE80E,IS/ISO 5432
FAM-73C68E913775,IS 2432
FAM-2045D059EB88,IS 2480
FAM-0A53D87DE177,IS 12808
FAM-C4230CC05D63,IS 13208
FAM-7ACF0016345A,IS 13209
FAM-B8D95E39D6BE,IS 7656
FAM-F9F29BF30EE4,IS 18637
FAM-29E03039C371,IS 877
FAM-CEDECBC8B086,IS/ISO 11239
FAM-02404C7EC7F7,IS 17031
FAM-2423A86B4DD7,IS 18492
FAM-617E47F0C998,IS 18618
FAM-CFBC8491FF78,IS 18634
FAM-64312B91CE12,IS 18675
FAM-05B6F4DC48DA,IS 18677
FAM-1B1AEDEB3482,IS/IEC/TR 80002
FAM-8A774D660C3B,IS/ISO/TS 20658
FAM-8DAFCBE749FC,IS 8000
FAM-1D790096AF1C,IS 9316
FAM-18FA145A08B3,IS 16457
FAM-1E2B146960A3,IS/ISO/IEC/TR 18268
FAM-03861FEB9F9E,IS 18743
FAM-7E002FF5970C,IS/ISO/IEC/TR 20000
FAM-8096C6D1F966,IS 6873
FAM-B17B02ADCB55,IS 9431
FAM-193EDD34ABE8,IS 11298
FAM-9E28F4BB619C,IS 16593
FAM-05A2FD623E6F,IS/IEC 60384
FAM-ECB5832C644E,IS/IEC 60667
FAM-5C4A34D6A1FE,IS/ISO/IEC/IEEE 42010
FAM-9A21BCF56D19,IS 18491
FAM-EE33E5E89E71,IS/ISO 37004
FAM-E6A05BA5999A,IS 4348
FAM-11CE04A0B7EF,IS 1706
FAM-8ED20475FD54,IS 9408
FAM-368CBE154FFC,IS 10676
FAM-E7B844A96CF5,IS 17751
FAM-262965FBC8FC,IS 12245
FAM-B79644B77401,IS 2083
FAM-05A33809AE07,IS/IEC 61558
FAM-BEDE2C4D7F06,IS 18446
FAM-C0778B827DD3,IS 13098
FAM-9DD1FF863DFB,IS/IEC 61724
FAM-F0BEDB0820A2,IS 5675
FAM-6B0105EE3A18,IS 16228
FAM-AA080E2DF250,IS 18466
FAM-8F697F88A581,IS 15884
FAM-4170D20180B5,IS 13263
FAM-F581A0BF7089,IS/IEC 62282
FAM-DBE2AE3ED4E5,IS/IEC/TS 63042
FAM-4DCF995F3A8C,IS 10335
FAM-0525660BB023,IS 11580
FAM-3668D583E3A5,IS 13407
FAM-17D6D83AD86C,IS 14961
FAM-0B96EB8F1AD2,IS/ISO 18619
FAM-6E29AA58BA20,IS/ISO 20294
FAM-F3CE34ADDAAD,IS/ISO 20690
FAM-73E68150ABFB,IS/ISO 21632
FAM-C3D9A20CF1A0,IS 14680
FAM-EAB9140AC6A2,IS 5528
FAM-A0B50316767C,IS 3561
FAM-5A8607EDAB02,IS 4910
FAM-BB26C58E18D0,IS/ISO 13450
FAM-D3B500DB4ECB,IS 6289
FAM-3050D17A383A,IS 6104
FAM-A99A9EBE3D17,IS 11739
FAM-0BABD054489C,IS 18551
FAM-4F28F84BA422,IS 18671
FAM-2FDE6A6833FB,IS 18611
FAM-F52CB4EFD05B,IS/IEC/TR 63259
FAM-56FF916B3510,IS/IEC/TR 63363
FAM-844EBA98759F,IS 18261
FAM-077A619CB8F8,IS 1258
FAM-FD6B7665B9C4,IS 5581
FAM-08C7D18A4AD3,IS 3480
FAM-4747A2245391,IS 10269
FAM-E5FD55FA72F6,IS 10276
FAM-3222E44AD2CB,IS 6486
FAM-7C2A5C3467EB,IS 5950
FAM-8C5329644DC9,IS 1218
FAM-5E19561B8DA4,IS 1219
FAM-998FAD156A1B,IS 1220
FAM-4AEFB3EB0C7A,IS 14283
FAM-0D2641E46640,IS 1948
FAM-9E2394C23575,IS 6395
FAM-EFF83C2FD266,IS 6442
FAM-92160CFD5CCE,IS 6466
FAM-4C5810656EB6,IS 6467
FAM-D4741431B733,IS 6468
FAM-B1385B080DC7,IS 6778
FAM-8029F9E95148,IS 6780
FAM-F46E64A2F7C5,IS 7355
FAM-CB18900F9975,IS 7434
FAM-98A4E37D6196,IS 8549
FAM-52B2B5B88C98,IS 9950
FAM-8320E08D987B,IS 9951
FAM-24CF1437753D,IS 9987
FAM-A55D3017EFC0,IS 10953
FAM-30FF076CF851,IS 2403
FAM-3921DA649ED7,IS 8693
FAM-CE826C320BC5,IS 9315
FAM-ACED2E3817FC,IS 9397
FAM-95D1F0B175FB,IS 12259
FAM-7E6C47B74EBF,IS 16298
FAM-6699EEC153BE,IS 16764
FAM-8FCCE55AE014,IS 500
FAM-28BCA2025D68,IS 258
FAM-AF25A7AA7C99,IS 11752
FAM-665BDEA024B4,IS 13106
FAM-3A1415D73800,IS 593
FAM-E9A8DA4961A1,IS 5195
FAM-0309BE613BEE,IS 5406
FAM-A4B4195B793B,IS 6025
FAM-971B01CC8E8A,IS 10378
FAM-EBF4942F7C0E,IS 10683
FAM-612E7FF1ACD2,IS 3109
FAM-24223B0ACEC9,IS 2565
FAM-9F07F507A40A,IS 3094
FAM-E09F00316D35,IS 1296
FAM-753AF96C48A8,IS 1297
FAM-5DF2DFDD5FC8,IS 11951
FAM-A6B8FC008256,IS 16543
FAM-47209C5AE9DF,IS 3255
FAM-5A6632FA34CC,IS 7056
FAM-CD14E1AF6DE8,IS 7867
FAM-55249FB1829B,IS 5002
FAM-02648FBFE617,IS 14461
FAM-BCD34DC8DB2D,IS/ISO 30405
FAM-FB531B4958D0,IS 18695
FAM-69756E478109,IS 18733
FAM-3402E3E394A7,IS 1072
FAM-AD7483BAC281,IS 4715
FAM-B6E8B154A749,IS 5005
FAM-E6A0DA6168CB,IS 5017
FAM-D5BAF00DAA67,IS 5185
FAM-C1822BD481FD,IS 7379
FAM-7A727316DFC9,IS 7972
FAM-3D235039C0C9,IS 10677
FAM-E34F54588866,IS 18503
FAM-8C830E46723F,IS 10052
FAM-5690BA17AE4D,IS 18686
FAM-5453CA6698FF,IS 18684
FAM-CEA562E24DFA,IS 796
FAM-7089300E4025,IS 1548
FAM-0415FDD0976E,IS 3753
FAM-2401324DD315,IS 6299
FAM-F62E9AEED0B3,IS 6363
FAM-8ED6F62716AA,IS 7150
FAM-FDE64B1466CB,IS 8554
FAM-AB03F2A78994,IS 9450
FAM-A958B758B653,IS/ISO 10008
FAM-27222E5A1D30,IS/ISO 10010
FAM-29B2F34E70BB,IS 14277
FAM-F68C27696D2B,IS 14321
FAM-3147683DEEDA,IS 18648
FAM-018367CE111A,IS 18650
FAM-BA574E28BBC5,IS 18657
FAM-F156BA9D9692,IS 18578
FAM-B2A435EF9F37,IS 18638
FAM-3977E039BBA2,IS 18652
FAM-DDFBAFD1BA29,IS/ISO 20417
FAM-CDAB27407F58,IS 14872
FAM-98A42FA7D41E,IS 17257
FAM-804B6251A76B,IS 12375
FAM-F3726F4ABFE8,IS 18592
FAM-4ECEDA14F9C9,IS 18718
FAM-6814643FAC38,IS 9684
FAM-F356734E73A9,IS 18659
FAM-2E24C3C2E605,IS 18715
FAM-7E088E4F17FF,IS 18717
FAM-B3B0C5FA68CD,IS 18714
FAM-A609653D1D22,IS 18731
FAM-E4705885B30A,IS 6541
FAM-B2C1FB8688B0,IS 18074
FAM-854C2E1DF660,IS 3623
FAM-0A0EE7AE9495,IS 17899 T
FAM-331A315E4CFC,IS 18751
FAM-697E4D245F9B,IS 3232
FAM-D6604AECC66E,IS 11620
FAM-A1AC8A9CCB72,IS 16753
FAM-FF11BFDEE298,IS 18739
FAM-5B0237ED8CB1,IS/IEC/TR 63042
FAM-6414811614E7,IS 7346
FAM-D5E1769D6490,IS 7382
FAM-DA030BE7E0C3,IS 10937
FAM-EDC88051E040,IS 10938
FAM-91D7C0D7C194,IS 10955
FAM-86644A049114,IS 11566
FAM-FC0F37B89880,IS 12329
FAM-F193959D7BD2,IS 12344
FAM-DE8CF5CB0AFF,IS 18614
FAM-665B0091BFE3,IS 18639
FAM-9ACFE7712FDF,IS 14911
FAM-154500EF6E1E,IS 18597
FAM-8745C63AB6F2,IS 15999
FAM-1079D4A6B6A7,IS 594
FAM-D507E0200239,IS 1318
FAM-016BFF21842A,IS/ISO 12297
FAM-08FA55342401,IS 18317
FAM-D44DE5907527,IS 18562
FAM-E99B054C68AA,IS 18563
FAM-073AA842C372,IS 18580
FAM-E5B3B09030FE,IS 18581
FAM-80798BE842BC,IS 18585
FAM-CDDE5C427DAE,IS 18587
FAM-F8C0C4FF309B,IS 18599
FAM-1A2CE5A3C081,IS 18670
FAM-E2FC755EED6F,IS 18672
FAM-DC562BD17569,IS/IEC 61675
FAM-CDEE02B39EBA,IS 16851
FAM-586ACE289D87,IS 16769
FAM-F8D9286C1C73,IS 9405
FAM-1020D02FFB13,IS 14575
FAM-829B69885E93,IS 1694
FAM-FB9978B52F54,IS 1695
FAM-37C90D01D533,IS 1697
FAM-1905418743BE,IS 1698
FAM-0DA50D58AB69,IS 2558
FAM-0BCA6668A3FD,IS 6406
FAM-49833A5EEC5D,IS 11459
FAM-83F13F014DC6,IS 6545
FAM-DFB25604FE2E,IS 259
FAM-6360C92F13AC,IS 3092
FAM-25118CBA9B8A,IS 3093
FAM-1C3F3772B550,IS 6022
FAM-42A2ED0C9208,IS 4843
FAM-01496FB320B4,IS 10959
FAM-4ECF7560900E,IS 12459
FAM-E7CFA7654B2B,IS 14191
FAM-5CFD429D47B0,IS 15820
FAM-7C6A639D6353,IS 18668
FAM-6E181489F384,IS 11839
FAM-3C9F395EB278,IS 13558
FAM-508F9E7F06AA,IS 18532
FAM-8238304C6216,IS 19034
FAM-5EE939ABE117,IS 18591
FAM-82A83F6AB590,IS/ISO 11119
FAM-AC7891573496,IS 18719
FAM-4A486C6FBEFC,IS 388
FAM-932602883DB1,IS 557
FAM-D19FB9047A0E,IS 6678
FAM-73C3BFB5E872,IS 9924
FAM-3640F3998426,IS 11603
FAM-4CF97445689B,IS 11751
FAM-84C960CA2F01,IS 13760
FAM-DA9858F1FB15,IS 16058
FAM-CF76D434A2B1,IS 303
FAM-18E459190434,IS 4992
FAM-7817FA3CF6A8,IS 18552
FAM-96509FC8D8D9,IS 18669
FAM-68882BABEB3A,IS/IEC/TR 62655
FAM-10B3DA646251,IS 3926
FAM-839793A6CC3A,IS 4272
FAM-21CCD1FF9C59,IS 10536
FAM-BC47E90AA58D,IS 3083
FAM-DF828529FC9B,IS 3130
FAM-4216A23AA8ED,IS 9400
FAM-1807E5849FA1,IS 9637
FAM-4FF24C0AF572,IS 16436
FAM-2A4C43A0C59F,IS 18649
FAM-242F0A3D94EF,IS 18674
FAM-77456B609730,IS/ISO/TS 21830
FAM-F3B2DD90A4B4,IS 6797
FAM-C12786F98170,IS 7260
FAM-EDE7E43353EC,IS 11900
FAM-98E0EE4230F8,IS 13351
FAM-A55449315053,IS 7394
FAM-1DE5609279A7,IS 9276
FAM-BCD8D9487C46,IS 12345
FAM-E914592FA4B0,IS 251
FAM-B3489978EBE3,IS 14364
FAM-5A0C48DEA674,IS 617
FAM-17001513DA88,IS 18494
FAM-4EA7998CC9C1,IS 18722
FAM-046D6B44B47F,IS 11435
FAM-1364409D9305,IS 11705
FAM-66046CAE4839,IS 2399
FAM-792A24A9A96C,IS 5692
FAM-472D7E21659D,IS 5933
FAM-E36D2833CF8A,IS 7461
FAM-F83ECF09D806,IS 13406
FAM-1CAA22787C33,IS 17126
FAM-D7B701530573,IS 18496
FAM-3171E1E67B04,IS 18561
FAM-40B252C919B0,IS 18498
FAM-B9F8E4D0AE61,IS 18664
FAM-1FC1BD15C3E1,IS 15127
FAM-3B887F16B62D,IS 18497
FAM-5CA135416D33,IS 14194
FAM-DFEAE715001A,IS 18533
FAM-716349B7BD59,IS 18534
FAM-A2E1023B5BD7,IS 18536
FAM-DDEBA0C8035A,IS 18584
FAM-6E4C57DC0671,IS 18612
FAM-0C570432F622,IS 18586
FAM-2CF7EDA152C3,IS 18613
FAM-F83202593A4E,IS 18642
FAM-616DC9D45DCE,IS 18644
FAM-E31F42834966,IS/ISO 20395
FAM-9A6025819C1C,IS/ISO/IEC 27099
FAM-B8367287C751,IS/ISO/IEC 27400
FAM-6CADBE7A7A5E,IS 18609
FAM-C63B77417120,IS 260
FAM-29DB77ECB0C3,IS 297
FAM-D46FD26B1D83,IS 571
FAM-AF4CC66FEE82,IS 10513
FAM-B52AD1317720,IS 18495
FAM-12357D4DCD34,IS 2270
FAM-FD72E9E956B4,IS 3848
FAM-DECCA4C2A16E,IS 8849
FAM-E9484DE4311C,IS 9415
FAM-483731F7FEC2,IS/ISO 13528
FAM-55885EABAD7A,IS 14297
FAM-40EC4D5FEB5B,IS 16273
FAM-2126F979B7DE,IS/ISO 12640
FAM-5B0AE1EDE64A,IS/ISO 15397
FAM-D5511A60418D,IS/ISO 16762
FAM-572D0B27CD29,IS/ISO 16763
FAM-79BB6DA84158,IS 18472
FAM-4ADABCB18B2C,IS 18678
FAM-C02ED0F69496,IS 18692
FAM-F4D0BA9BBD85,IS/ISO/TS 30430
FAM-BDF2A3081ABA,IS 211
FAM-EABE34B93E87,IS 4931
FAM-FB3AF4A8A9D9,IS 5479
FAM-94DA1D28D3BF,IS 6386
FAM-1F048AC3DE73,IS 7148
FAM-3A5A3A07F41A,IS 12447
FAM-DFFC4EDA2861,IS 13186
FAM-3FCB2167FAC1,IS 13333
FAM-92825BF425A8,IS 13678
FAM-733C948AB13A,IS 14249
FAM-0256CE4F9016,IS 14250
FAM-936608D85692,IS 4311
FAM-2BE69A27F885,IS 13055
FAM-3937ECFF0311,IS 18570
FAM-319A98681762,IS 18571
FAM-DFEA888CF614,IS 18572
FAM-287D60C1512D,IS 18574
FAM-3F555E7CD393,IS 66
FAM-957A2A0DADC4,IS 574
FAM-DE588CFAC14D,IS 637
FAM-9FCA7A5FD2D9,IS 2267
FAM-4E01E987922C,IS 6603
FAM-6F6F1C7C19BA,IS 2978
FAM-CE5F86231959,IS 5296
FAM-C64EE2F81350,IS 7654
FAM-3A7FAD7B1E30,IS 9428
FAM-F0ED4BAF43C8,IS 193
FAM-653B27CB7158,IS 2559
FAM-E469B07A84F0,IS 3122
FAM-F099F341ECED,IS 6405
FAM-6B104CE4C0EC,IS 6544
FAM-E2B0D405348F,IS 18573
FAM-7A2B8255E2BB,IS 14322
FAM-FADB7D0C4DDE,IS 1464
FAM-575F7DDFF1D6,IS 7898
FAM-57FED7C8F841,IS/ISO/IEC 8183
FAM-EB5697E1110A,IS/ISO/TR 17302
FAM-9994EDFBA96D,IS 18565
FAM-F4B1A7F68894,IS 18575
FAM-E750D73C5E88,IS 18576
FAM-C6F1CE0A2889,IS 18577
FAM-40C02AB87043,IS 18583
FAM-2BCBEB9E2BF7,IS 18607
FAM-C04A98EBCF24,IS 18617
FAM-D6FA346DF7D9,IS/ISO 20391
FAM-238C95B1FB14,IS/ISO 20397
FAM-DE2462B61E47,IS/ISO 20404
FAM-DA8FA0BDBE1D,IS/ISO/TS 23367
FAM-E322540D8C39,IS/ISO/IEC 24029
FAM-30866A29885B,IS/ISO/IEC 25059
FAM-2B4ECE910588,IS 18468
FAM-E10A77764C4A,IS 18470
FAM-B934A0ADB11E,IS 256
FAM-66445325BF98,IS 381
FAM-47A0F1AFAC26,IS 494
FAM-D1C56A9DC4C8,IS 505
FAM-152F85AC30A8,IS 566
FAM-7416808ABACE,IS 567
FAM-09E2A5F90E87,IS 3015
FAM-7C0797F13958,IS 4286
FAM-C226CBEE2AD8,IS 9536
FAM-C8E753D220FD,IS 11308
FAM-F6587E5A1179,IS 11782
FAM-21F36502D6BC,IS 13204
FAM-82E5D5EE4B91,IS 13297
FAM-25A33AD7DF2D,IS 14138
FAM-35D51864EDE7,IS 14170
FAM-0424FD007066,IS 15751
FAM-1E0B7ED4D695,IS 7722
FAM-D3D23337F8AF,IS 9335
FAM-2DEFCA7447F1,IS 10189
FAM-284658A8696A,IS 10215
FAM-F859FEBEF122,IS 11654
FAM-D064529F26B4,IS 11789
FAM-81EE9DD4FCAC,IS 12306
FAM-606312DA1B6F,IS 13673
FAM-7582E59B22BD,IS 16443
FAM-7EE82E746F57,IS/ISO/IEC 27032
FAM-DC91BCD32848,IS 18605
FAM-88596E529218,IS/ISO/TS 10020
FAM-8BD974D91D45,IS 14980
FAM-F3EC2707D63B,IS/ISO/TS 15311
FAM-ED10CFB2E573,IS 18600
FAM-4F81053F9958,IS 18602
FAM-38C2335B48E0,IS 18647
FAM-C5B43579395E,IS 18655
FAM-A2463C0D60DD,IS 18601
FAM-F5E26C129520,IS 18680
FAM-BC7B043A7BD7,IS 18688
FAM-420F02167344,IS 1374
FAM-779EE4583156,IS 2923
FAM-DA7F572D9689,IS 14743
FAM-9EA49BAF44A9,IS/ISO 3163
FAM-444D4E4B1736,IS/ISO 5158
FAM-CDB0A7E7DFD0,IS 18645
FAM-8961ACBC8936,IS 18673
FAM-0AC4B5B57E56,IS 18676
FAM-5D6C5D93857F,IS 710
FAM-3413B7DC9773,IS 4990
FAM-F4830BAB7ABD,IS 3494
FAM-CE99F31FA6F9,IS 1354
FAM-B34DCB5F1317,IS 16456
FAM-A5693B3E54B2,IS/IEC 62351
FAM-000C10D9EF3E,IS 6241
FAM-DB4E7FEF16EF,IS 7190
FAM-C4B0C285C76C,IS 11203
FAM-3899E307AFE0,IS 15671
FAM-539B7FCBF636,IS/IEC 61850
FAM-7BF2F05DD578,IS/IEC/TS 61970
FAM-A53CFBBEF31A,IS/IEC/TS 62351
FAM-C5664717C15A,IS/IEC/TR 62351
FAM-8F4BC0ED3E2B,IS 18557
FAM-50E6ED583D95,IS 3531
FAM-B4284A3F5146,IS 13581
FAM-F0362A80D76E,IS 1446
FAM-9238D9FC6AD1,IS 6570
FAM-94F98D93C420,IS 9620
FAM-95D84DC4B57F,IS 9679
FAM-4E9944242E62,IS 9889
FAM-1A1BF9468C9A,IS 9896
FAM-79F435AE139B,IS 9945
FAM-B4F19E399B07,IS 18553
FAM-6512B40D5C5D,IS 3899
FAM-0E238D9CC69B,IS 9360
FAM-B82BE18469EA,IS 12786
FAM-839698AC9C84,IS 13428
FAM-BD2FD567959C,IS 14543
FAM-18B5BDE922E2,IS 3898
FAM-E4B3AB5349ED,IS 12502
FAM-98AC6609E438,IS 1970
FAM-D4E226657542,IS 4130
FAM-68B230D2861F,IS 4912
FAM-61E5F71B19AD,IS 10449
FAM-46B5A2FCB0E8,IS 18566
FAM-9BF5CB6BD793,IS 13477
FAM-707C453E97AF,IS 14269
FAM-FEB1C678B18C,IS 4186
FAM-C292C9013285,IS 6934
FAM-35924817680F,IS 9406
FAM-63BA699AEFB0,IS 236
FAM-369F82CC0080,IS 1564
FAM-83BE9D824946,IS 1889
FAM-F649EB4189A6,IS 1954
FAM-A0DAF4875CC3,IS 2005
FAM-A2DBBB7A1FCB,IS 2177
FAM-246FF8A37976,IS 3416
FAM-93A94897F452,IS 3421
FAM-D42DFD274A60,IS 4575
FAM-C2B3B4979A5B,IS 4681
FAM-C48831F9EE6B,IS 17473
FAM-62604AF6B0DF,IS 10377
FAM-DF22F5DB4D81,IS 1893
FAM-AABD611F7DA5,IS 2450
FAM-3E077966A323,IS 3088
FAM-9FDEBFA9C779,IS 5454
FAM-C90F63B3F002,IS 5461
FAM-C439F02B589E,IS 5842
FAM-8BF2D984BDE2,IS 9925
FAM-39EA78DAD8F4,IS 10317
FAM-B8AF80D3BEE1,IS 15635
FAM-B7EC3048FA7A,IS 18627
FAM-2992887BDC20,IS 18629
FAM-1FEAAD4A2A2F,IS 12180
FAM-80FB077CAF50,IS 18621
FAM-9817E033B80E,IS 18624
FAM-3979F2E73CDD,IS 18625
FAM-8D7F3B9BF7CF,IS 18626
FAM-F39A0D2C3F43,IS 18628
FAM-BD583AAB8E8C,IS 18663
FAM-4F78DA04C94A,IS 10061
FAM-278FD49903E3,IS 10062
FAM-AF408E39D1C8,IS 10160
FAM-B1F8A2E5D72E,IS 2006
FAM-E1F7B5E95F0C,IS 906
FAM-89623C241567,IS 7157
FAM-16FE26BB8BFE,IS 9768
FAM-51740989E30B,IS 13099
FAM-78A1DD8B29A9,IS 18606
FAM-CD61D2E7E6F0,IS 18590
FAM-0E0BA624FA67,IS 1156
FAM-091DD3BFA792,IS 9555
FAM-B85D9F19EEBA,IS 10507
FAM-90CC20B347F2,IS 11787
FAM-92819A91E07D,IS 12396
FAM-D191442D97A2,IS 12411
FAM-7B588B8C917F,IS 12792
FAM-5109CCED1744,IS 18488
FAM-B51B5F9CA274,IS 18514
FAM-EFDBC51FCB30,IS 18200
FAM-01A0684A406D,IS/IEC 63008
FAM-82BB750A3E2F,IS 17963
FAM-B509B67F7AE3,IS 18448
FAM-E49AF6CBC531,IS 18478
FAM-5E2675E0783E,IS 18504
FAM-98BC5A609DEA,IS 18506
FAM-8A3002EE57AD,IS 18515
FAM-89ECC2832869,IS 18520
FAM-FB224782F176,IS 18535
FAM-3142C89DECB5,IS 18555
FAM-2FA7B5591FEE,IS/IEC 60867
FAM-9F9AAFEAB443,IS 18582
FAM-D2B1C87861CA,IS 4851
FAM-75AD085C8736,IS 4852
FAM-AA39B6563DE0,IS 18633
FAM-3C0E1C657EEF,IS 1321
FAM-B69A6C831A49,IS 1513
FAM-4C4AE099366F,IS 2819
FAM-E566476C5883,IS 3039
FAM-539BFC9399BF,IS 3717
FAM-4242634E7752,IS 3989
FAM-3FCD953BE672,IS 9959
FAM-366054FAC92E,IS 11199
FAM-4FE5EB735120,IS 11927
FAM-799A69F84B1C,IS 12658
FAM-11F5DDB45B37,IS 13959
FAM-33F0BCB1E935,IS 14246
FAM-DB8717C52C62,IS 14662
FAM-F4E9FABE19D4,IS 15291
FAM-636483A20CEE,IS 26001
FAM-6221E71B0052,IS 18595
FAM-19ADA7E28785,IS/ISO/TS 21377
FAM-3219D551C3EA,IS 4320
FAM-B228A6F98ADE,IS 4766
FAM-90E1F0820473,IS 12931
FAM-8663FCB6C846,IS 14186
FAM-20E8ABB3B643,IS 3900
FAM-591FFD855CDD,IS 8538
FAM-74F39E59FEB0,IS 10048
FAM-97B4BC1708B3,IS 13332
FAM-4D866DF516ED,IS 13789
FAM-61C7DE31CF79,IS 14185
FAM-2E7A80A706AD,IS 4783
FAM-7015F8FE7B19,IS 11010
FAM-C48EED3DAD46,IS 14552
FAM-B13B4D45F961,IS 15844
FAM-463F7056D56D,IS 10242
FAM-9CD6B6CAD351,IS 9609
FAM-7F8D0D2CAE88,IS 18392
FAM-FCBDED830F28,IS 18509
FAM-B3350FD26B16,IS 3983
FAM-5C56DBDFED5E,IS 18464
FAM-2976ADA54A85,IS 18473
FAM-D919C828572C,IS 18564 : Part 1 : 2024
FAM-9D88F49B0986,IS 18564 : Part 2 : 2024
FAM-7317E894A4AC,IS 18567
FAM-141B949DF506,IS 18569 : 2024
FAM-00C8881D1177,IS 18579
FAM-7827ACAEA974,IS 18588
FAM-3C26BA512B68,IS 20000
FAM-DFA9257C7F54,IS/ISO/TS 30427
FAM-3017776BAD26,IS 18511
FAM-50B00826B64F,IS 18542
FAM-5EF1CBCE1F7B,IS 18543
FAM-B4EF9E3CC311,IS 18546
FAM-542633779DE9,IS 18547
FAM-F3B1B31DF22F,IS 18510
FAM-2B44B7F236C8,IS 18512
FAM-0467F9F9CF2A,IS 18544
FAM-E520CDA49D25,IS 18548
FAM-89DD232A39FB,IS 18549
FAM-A2E897BD18E8,IS 18550
FAM-B88F46E22E74,IS 18484
FAM-3E2C4DB518E6,IS 18485
FAM-8A62F738FC73,IS 18486
FAM-6042774DC955,IS 18541
FAM-5EDC6EB4C324,IS 18487
FAM-060BF2440779,IS 5286
FAM-7381333FC657,IS 13788
FAM-F9165FB27CF2,IS 1157
FAM-9BC3E38F0F77,IS 390
FAM-7638CFBAECC2,IS 1815
FAM-AF90CC1DF8DA,IS 5613
FAM-908C52797243,IS 6009
FAM-F5B95B55BCC9,IS 13361
FAM-CB7F6CB39DAA,IS/IEC 60471
FAM-FD65E02D85B8,IS 15200
FAM-501A997FEEB6,IS 11662
FAM-23131B0AC1C4,IS 647
FAM-1DF07A174C7D,IS 12998
FAM-120253F22CBE,IS 3168
FAM-ECDF56A54236,IS 6170
FAM-F3B907B37191,IS 10818
FAM-AFC410B623AC,IS 16586
FAM-0C316D414326,IS 2391
FAM-B4DC8AC1F202,IS 18604
FAM-97324BA50183,IS 8633
FAM-73BD88B9C048,IS 10494
FAM-22374F39B3F3,IS 11825
FAM-2797C042A262,IS 9564
FAM-DEA729B7239D,IS 9984
FAM-F0F6F1D13566,IS/ISO 4309
FAM-2A0807409260,IS 7856
FAM-82AD5AE0A704,IS 8595
FAM-61682383BBA8,IS 10873
FAM-1DF086D6D578,IS 12851
FAM-28E6E75A2EC5,IS 13834
FAM-2EA7ECB1FDD8,IS/ISO 17584
FAM-D65673DA0787,IS 18801
FAM-344714999829,IS 18802
FAM-6841CA7CD591,IS 19028
FAM-8B22CB0D5D21,IS 19029
FAM-BEEC7294B120,IS 19030
FAM-8050A1F014DC,IS 19031
FAM-606FA9340D8C,IS 19026
FAM-BD9A2DD92B49,IS 18281
FAM-FECDB957E04B,IS 13948
FAM-DF8B1D5CA43E,IS 3788
FAM-F9C53B0087F9,IS 4087
FAM-C96537623F43,IS 4754
FAM-CC28B24CB8EB,IS 5232
FAM-4B09DE9045B0,IS 5338
FAM-E43D04ED9732,IS 5668
FAM-9F2EF8F4CC1F,IS 5720
FAM-E4D4A88FCA5B,IS 3740
FAM-A1D4698AC0B6,IS 8094
FAM-7D9108331127,IS 8128
FAM-1415EAE03CD5,IS 9058
FAM-4DB1F603324A,IS 9059
FAM-E264412FB299,IS 9479
FAM-172F2BBCF08C,IS 9480
FAM-2FD92D3250FD,IS 9626
FAM-4792AFEFA456,IS 10344
FAM-E84548B0D2BC,IS 10725
FAM-496DA62CD069,IS 10726
FAM-B15DE2294F5F,IS 10846
FAM-7B39FCFEBC70,IS 3807
FAM-0F6768AA3C40,IS 4069
FAM-87C2CF52D0B5,IS 4364
FAM-5F20DF1B9D1D,IS 4708
FAM-610BCA961F43,IS 4978
FAM-07405AD432EE,IS 5721
FAM-70E03CC3761F,IS 6606
FAM-D457F1FA2D46,IS 6943
FAM-487247DC6030,IS 8129
FAM-E9535386552F,IS 8136
FAM-4CFD785C7948,IS 8157
FAM-F9C565B245C1,IS 9526
FAM-8CB91BE2709E,IS 9544
FAM-F9B1BD92F212,IS 10418
FAM-342C9684D493,IS 10848
FAM-AFDE6AADF8AD,IS 12901
FAM-C7FB4880FCB3,IS 10786
FAM-E1071F6CC3B1,IS 12171
FAM-C3DB058DCF04,IS 17043
FAM-351802D7B242,IS 26
FAM-D4F55DE6A21E,IS 209
FAM-E5BC40E7E8EB,IS 622
FAM-045DE6CDB640,IS 1583
FAM-42066E036CA3,IS 4465
FAM-BACB37534A2C,IS 5437
FAM-7072280D0F90,IS 7932
FAM-6FE4A6007C1F,IS 8631
FAM-8D961D2834D8,IS 8859
FAM-CA556BDBFDD0,IS 12890
FAM-5707E4440F31,IS 3026
FAM-72E640A31F38,IS 3340
FAM-74343BEC499C,IS 4417
FAM-620EFC8FB08C,IS 5448
FAM-E32DCCC6AFFB,IS 6254
FAM-FBEAA0C1C6B0,IS 7509
FAM-43A09524E0DD,IS 8429
FAM-60368DF64A24,IS 9742
FAM-0481952C1835,IS 9842
FAM-625890D40487,IS 10795
FAM-5DEDB3E1FB5F,IS 11320
FAM-24BA9F578792,IS 11510
FAM-DF0801D5B53A,IS 11551
FAM-101993E1371E,IS 13949
FAM-596F651656BD,IS 13950
FAM-AB0EC3F71FBC,IS 14699
FAM-000F48AAB777,IS 14742
FAM-020F3670DB44,IS 14952
FAM-F39A7C600F08,IS 1772
FAM-7C1BEC1326BB,IS 8154
FAM-2961EAC6A99D,IS 8183
FAM-1DBA327E4011,IS 12637
FAM-4074AE831EA2,IS 6052
FAM-A8621647DA00,IS 1284
FAM-68A6D49CC66F,IS 11500
FAM-62442D6E46CE,IS 4
FAM-C05E7CE32907,IS/ISO/TR 79
FAM-5BF58CBC0397,IS/ISO/TR 10989
FAM-D4A514D363EF,IS/ISO/TR 11773
FAM-E460557BDAC2,IS 15181
FAM-9F6911E3B58D,IS 15256
FAM-12B8FC5359AB,IS/ISO/TR 16476
FAM-49F8471DA900,IS 18459
FAM-EAF761FC370D,IS 18479
FAM-55A1AF42DDEC,IS/ISO/TS 30428
FAM-7A860FB5E662,IS/ISO/TS 30432
FAM-E764AA8AFD23,IS/ISO/TS 30433
FAM-0D8D41521A9D,IS 5793
FAM-5C265D21D06F,IS 3811
FAM-AEB52A941602,IS 4100
FAM-C66662B2F1BE,IS 4449
FAM-F5B0DB2F6275,IS 5287
FAM-DDC2A1D138CC,IS 6628
FAM-0F388479F0E3,IS 6950
FAM-2F7C6144B7B2,IS 7891
FAM-F3EA43DEE8A3,IS 11533
FAM-6B47226D0AA7,IS 11631
FAM-8BF171ACDF66,IS 12932
FAM-655368821078,IS 14326
FAM-6360F2D540B4,IS 14327
FAM-C08E86F5ADFF,IS 14937
FAM-330D673CAFD2,IS 7049
FAM-E9A083B4D503,IS 6782
FAM-87BBECFAFC20,IS 7053
FAM-FBC1A1E59D96,IS 7909
FAM-219DD6D318DB,IS 12189
FAM-B058205266EF,IS 12486
FAM-C8D2334D0C8C,IS 12487
FAM-858D03A6696F,IS 9664
FAM-BE44438EC6D7,IS 10643
FAM-AF8252EE488D,IS 18521
FAM-49F12D00F950,IS 18525
FAM-92AB2F80597A,IS 18255
FAM-618E0E34697B,IS 656
FAM-1618F31E907F,IS 1140
FAM-2BAB3FC25C5D,IS 1326
FAM-F45BB23F78EB,IS 1503
FAM-A10F8BF8CF80,IS 1562
FAM-0356BFCB4AF6,IS 2674
FAM-551084C9D201,IS 4953
FAM-B377287A1F3D,IS 5942
FAM-1E9937C15FFC,IS 8295
FAM-CFD11870EA1C,IS 11498
FAM-11FA07D443ED,IS 18513
FAM-94127C907358,IS 578
FAM-5440E29D43DA,IS 6558
FAM-67FCDE793CF9,IS 18434
FAM-AA85544D358C,IS 18523
FAM-68E042EFFF97,IS 18524
FAM-E3F643013779,IS 18526
FAM-89853BDED5F5,IS 18527
FAM-AB7BDAC523F1,IS 18528
FAM-BF67B00ED64C,IS 19033
FAM-EA121630F0B7,IS 2892
FAM-70DFCA59ADA1,IS 3084
FAM-AD8544182E66,IS 5966
FAM-143D98E08408,IS 18469
FAM-171CFDD6B5CC,IS 18458
FAM-23D13A5B5B85,IS 18293
FAM-4A8F618B713E,IS 18451
FAM-E8AD3A1F7D57,IS 7698
FAM-39ECCAF3F15F,IS 13205
FAM-1E6C5BB6ECCD,IS 15638
FAM-A39F2B4E6E4E,IS 18522
FAM-C9F7808D20B5,IS 6559
FAM-2AF3172B4BD5,IS 7997
FAM-50DB7958F176,IS 8140
FAM-6CF704490C02,IS 10642
FAM-963251EE30A8,IS 15537
FAM-86B075B759F9,IS 18516
FAM-BD4F62D080DB,SP 73
FAM-591235D6173C,IS 17784
FAM-17C4AC443E4D,IS 16121
FAM-08AC92BFD5DE,IS 18499
FAM-8F5497D09B49,IS 18500
FAM-D3224A0ED6CE,IS 18501
FAM-DF1FA3AB8025,IS 8067
FAM-2C3E394B4601,IS 9828
FAM-1E492E941A82,IS/ISO 9809
FAM-786831A7598B,IS/ISO 11515
FAM-B6F5285F9F86,IS 17717
FAM-DF6CCEC308E2,IS 18518
FAM-122EB9D0B1D6,IS 2593
FAM-E8B1B0FA90E6,IS 5678
FAM-D54643A9A80D,IS 7890
FAM-2E2DD111D4EA,IS 8143
FAM-B90FE64E37E2,IS 8160
FAM-F949F2D57EF1,IS 9051
FAM-4F3E04D593AD,IS 10128
FAM-DB6C05CAEAAD,IS 11287
FAM-82F9BFDFE7E2,IS 8182
FAM-076E26DCDFE0,IS 13838
FAM-8A3745BFF6B8,IS 17720
FAM-224E84AC5E4E,IS 16270
FAM-9BA9D79BB0B9,IS 10727
FAM-1B87925B9B23,IS/ISO/IEC 14543
FAM-36FFDCD3F711,IS 19039
FAM-164BE20776E9,IS 19040
FAM-F37C3657B167,IS 19041
FAM-218D56BA254E,IS 19042
FAM-0DED8943ABE9,IS 7889
FAM-4F91E1E77A40,IS 2442
FAM-84C6166B4EB3,IS 19035
FAM-C6E35549E724,IS 19036
FAM-C19731B49551,IS 19037
FAM-CE6E29DA7BEB,IS 18386
FAM-A602F3017826,IS 18388
FAM-11443FE12FE5,IS 18428
FAM-CACDBBDB3E6D,IS/ISO/IEC 22989
FAM-D0BB7D2AE06B,IS/ISO/IEC 23053
FAM-3E73CBFFFA22,IS/IEC 61786
FAM-1B4C9B606AF8,IS 8098
FAM-BBC80862A7D5,IS 8792
FAM-F02A85648392,IS 11954
FAM-0C605E96845E,IS 12387
FAM-FD96C82C5F8A,IS 13627
FAM-F193D2DD1493,IS 14464
FAM-4B14BE1D4185,IS 14465
FAM-7BC53CF8332E,IS/IEC 60305
FAM-FD29240592BB,IS/IEC 60372
FAM-03C63875BCFD,IS 16792
FAM-02CDE2C6AA99,IS 964
FAM-587879F91F0F,IS 1313
FAM-6994D63E211B,IS 3656
FAM-0AD6A366DFAA,IS 4826
FAM-9E1E672F3EA4,IS 11635
FAM-F05900AF7CCC,IS 14444
FAM-8204D086975F,IS 17719
FAM-76B896392065,IS 18366
FAM-694DE8E04BE0,IS 18438
FAM-5357110A79E3,IS/ISO/IEC 29192
FAM-8E8CB564D0D5,IS/IEC 62508
FAM-6E25BCDEF817,IS/IEC 61123
FAM-4576D9A62D93,IS/IEC 62586
FAM-3AD40FD6436B,IS 7877
FAM-4C2C6A75B6F0,IS 11512
FAM-269778534C4B,IS 6192
FAM-BDA3F0CF87E8,IS 6899
FAM-D88AD5A78865,IS 8069
FAM-2E843D98219B,IS 11840
FAM-C1B9C339D26A,IS 11273
FAM-75EF6057E30B,IS/IEC 60720
FAM-09365D75687E,IS 14565
FAM-85C55DECFE27,IS 10623
FAM-431498CFD957,IS 966
FAM-4572CECA8F2C,IS/ISO 20671
FAM-34C1626E3FC7,IS/ISO 22379
FAM-56C314F6B7F5,IS 6206
FAM-DFB201285491,IS 9446
FAM-69B762C35EE6,IS 9625
FAM-C20FF6EEE10B,IS 12976
FAM-02B13CBBFEAC,IS 19027
FAM-38529CAD08E7,IS/ISO/PAS 50010
FAM-0270DCD65263,IS/ISO/TS 50011
FAM-02528D697415,IS/ISO 50006
FAM-0F7DD8691606,IS 1009
FAM-14E16544A4EB,IS 1010
FAM-14D7174CE3AE,IS 6031
FAM-0CD940E4A9ED,IS 7959
FAM-6A808AC19004,IS 6396
FAM-78F8EBD10D6A,IS 17922
FAM-519B67F91D3E,IS 18374
FAM-2A5F18A667C1,IS 18376
FAM-E1052B08100E,IS 18436
FAM-6C6630F5B1DC,IS 18463
FAM-55679E328394,IS 18322
FAM-18072E514C3C,IS 18323
FAM-FB4EF23530F2,IS 18450
FAM-4EC052CD6E60,IS 2017
FAM-1772A1AB2E90,IS 18439
FAM-6A75E0C40BCE,IS 18320
FAM-953735B36AA8,IS/IEC TS 61463
FAM-40F757D58D3A,IS 755
FAM-EDE26FA29B34,IS 756
FAM-812BB6250EF8,IS 3854
FAM-40F2804C99F0,IS 384
FAM-61F7729E68F0,IS 2157
FAM-1BB87BA38CC7,IS 2258
FAM-10986A9E5413,IS 2384
FAM-93D5C9A4DE8A,IS 4228
FAM-F30665C083FC,IS 8929
FAM-37DA6FE03081,IS 9906
FAM-0CAA4D5EF520,IS 5841
FAM-E2585B199C0A,IS 6482
FAM-C9F63B5FE385,IS 8367
FAM-7BD73F4704BE,IS 9007
FAM-362B893B5FB1,IS 9914
FAM-A7D55D0BF158,IS 10174
FAM-54024DA23658,IS 11084
FAM-E5B4E9FD6126,IS 13141
FAM-93EF96B56AD5,IS 13221
FAM-13201126EEA2,IS 16673
FAM-8AA9DB578701,IS 8392
FAM-E29F3D640CFD,IS 4394
FAM-1A14458A4EB0,IS 11520
FAM-79C98BBA5561,IS 11627
FAM-78F71FE51355,IS 11959
FAM-F0FBC02656A9,IS 12910
FAM-0D62730CB346,IS 18321
FAM-8ADA9EA893AE,IS 18324
FAM-CBB5758907B6,IS 18345
FAM-ACB27F0D057F,IS 18452
FAM-786D476E330B,IS/IEC 62628
FAM-AC164861A94B,IS 15597
FAM-180B383A9AA7,IS 18437
FAM-79380F66663D,IS 1349
FAM-D68235577E08,IS 1383
FAM-5286F1C7C93A,IS 1689
FAM-00638677C098,IS 11960
FAM-646E148DBA5B,IS 13626
FAM-7D2F4B56DD8A,IS 1655
FAM-845BD9221E5B,IS/ISO 14155
FAM-2748EC595D45,IS 18435
FAM-B20141434FD0,IS 12117
FAM-50496F85A3C5,IS 18237
FAM-F9C4BF94619F,IS 863
FAM-2285D63260E7,IS 9139
FAM-479E585F42B4,IS 9073
FAM-6E65B972A6FB,IS 5476
FAM-63FB085C02E6,IS 889
FAM-7B5DEB7B6D85,IS 891
FAM-C27D1943F796,IS 893
FAM-49090D0DFB1C,IS 894
FAM-1C49429FB10D,IS 895
FAM-131AD0FD8B64,IS 1095
FAM-2F5CFE648E6E,IS 1099
FAM-FEBD3138DCFB,IS 1266
FAM-450DB420DB01,IS 1450
FAM-6FCAE2E518AB,IS 1814
FAM-E0BF6FC603EA,IS 2160
FAM-55E3ECA05D97,IS 2172
FAM-6C5EA5606673,IS 2714
FAM-EFB742DBCA05,IS 2715
FAM-58E79AA4C3E4,IS 4629
FAM-A2B4B5182928,IS 8039
FAM-A242C2581130,IS/ISO 12381
FAM-58D4B3AFFCE4,IS/ISO 13119
FAM-AAF0CE0D38FD,IS/ISO 13120
FAM-2F73500B6E2B,IS/ISO/TS 13972
FAM-438C7EE857D3,IS/ISO 16278
FAM-78EAD26C8ABC,IS 17715
FAM-8A500410FDE5,IS 17713
FAM-4FAC1277542A,IS 17714
FAM-BAFEF19AD7CE,IS 18298
FAM-FA97EB2F075F,IS 16631
FAM-DEE74C0A6AD0,IS/ISO 17117
FAM-37C70C1D3079,IS 18341
FAM-E9103BEFDDD4,IS/ISO 20302
FAM-81FBE2791066,IS/ISO 21860
FAM-E02F7CAF0989,IS/ISO/TS 17975
FAM-C9EA9E5A3532,IS/ISO 23903
FAM-CED08ECB862F,IS/ISO/TS 82304
FAM-8CB0D7CE9955,IS 751
FAM-34FBAA73A8E2,IS 752
FAM-1B9196985C8A,IS 862
FAM-D17477B3135A,IS 864
FAM-0481F0D9BF86,IS 896
FAM-BF2BBEE9362D,IS 1244
FAM-9C427310B3D4,IS 1245
FAM-E12776606B43,IS 2173
FAM-DE89F401E39A,IS 9153
FAM-5C992FA7C3A9,IS/ISO/TS 17117
FAM-D770C35A2101,IS 16619
FAM-ED5D76545D61,IS/ISO/TS 22272
FAM-B6C45553A3D7,IS 2159
FAM-949277B6C357,IS 16155
FAM-5CDAE9385E90,IS 9794
FAM-2B968A967329,IS 13771
FAM-4A5D7038E3E2,IS 16683
FAM-E3EC1455334A,IS 1265
FAM-D984AC8CEE9E,IS 18482
FAM-018D4E932B2D,IS 654
FAM-260348B1F2B9,IS 1478
FAM-4A26F4BF04EF,IS 1121
FAM-02133AAC0880,IS 1122
FAM-47781BB9F410,IS 18465
FAM-A82932B3741D,IS 18800 : 2023
FAM-624C00150F96,IS/ISO 30400
FAM-C3EC2F097D72,IS/ISO 21856
FAM-9729F6D11025,IS 16590
FAM-9A087834A698,IS 8105
FAM-3283E9917032,IS 11582
FAM-CC478D3A5E6D,IS 11609
FAM-289F624396DA,IS 12520
FAM-4A67C1F1EAC0,IS 14350
FAM-6A745C82823A,IS 15899
FAM-E0F2922D87A1,IS 6399
FAM-60EC86C54CA7,IS 7884
FAM-2ECB16181B89,IS 16634
FAM-428A56207A66,IS 495
FAM-684A2E26EE69,IS 6072
FAM-0925ED7CE79D,IS 8419
FAM-297D550DA7F9,IS 17955
FAM-3DAC4FA785F4,IS 4832
FAM-D3BF9F945C03,IS 16172
FAM-5CC3A15A4A35,IS 18462
FAM-67EE14D770CE,IS 18476
FAM-648F1FDC818F,IS 3566
FAM-CCB905D1CAD5,IS/ISO/IEC/TS 4213
FAM-5AA276548077,IS 6609
FAM-65175A075F77,IS 18453
FAM-CA308136958E,IS 18454
FAM-9B52A3FBA44D,IS 18455
FAM-1B5220B18FDB,IS 18456
FAM-43C3533FA8B5,IS 18457
FAM-A0723A9C7C3D,IS 18475
FAM-A2F807EDA56D,IS 14927
FAM-5EB41C9EFCFB,IS 15354
FAM-045BAE9882CC,IS 3789
FAM-8778738F8733,IS 4909
FAM-130BE6CB52F0,IS 6268
FAM-1FFFEF79F402,IS 17392
FAM-B879B5B12D46,IS 18256
FAM-C5807C34338E,IS 15759
FAM-B9F9E827961D,IS 18389
FAM-81DC2D2FD8E2,IS 18390
FAM-2076A941A5C5,IS 18391
FAM-0A60BC8507C9,IS 18433
FAM-4D5C6B665C03,IS 1196
FAM-210B98B5FD6F,IS 4127
FAM-0E0EA64C7B77,IS 18363
FAM-1DFBC8096802,IS 18441
FAM-B41ED78577E9,IS 18440
FAM-0061CC25D932,IS 18150
FAM-DD81C4D2E226,IS 2018
FAM-4A2CC62FD401,IS 2176
FAM-920321497E41,IS 2605
FAM-56739AB158A1,IS 2782
FAM-C8025173E548,IS 6233
FAM-FD6B5AD8091E,IS 6281
FAM-2E9ACABDC94A,IS 6371
FAM-4A3C4918EA7C,IS 6484
FAM-20A18A617D68,IS 6485
FAM-2493DF5D2A93,IS 6501
FAM-FEB5DBC8AF36,IS 6503
FAM-E69CE1346C91,IS 8176
FAM-384115D35E85,IS 8926
FAM-EB2E842BDD7A,IS 11169
FAM-748AEBD221DA,IS 18360
FAM-0C84F7EF610B,IS/ISO/IEC 27005
FAM-C7D4BA6F91B4,IS/IEC 60320
FAM-B7E79E21235E,IS/IEC/TR 63282
FAM-E0D1DBB5FDE0,IS 10872
FAM-02605F5EF7A0,IS 9265
FAM-DA9B711BC665,IS 9279
FAM-6FB889BC0C65,IS/IEC 63318
FAM-52BA163095AF,IS 10728
FAM-48B1776DD3CE,IS/IEC 60309
FAM-7FE095167489,IS 27
FAM-6A3086C52E32,IS 419
FAM-BA5425E06C6D,IS 1729
FAM-888D3DA0A943,IS 11111
FAM-7E3E27D3B62B,IS 5850
FAM-681D4DBF44ED,IS/ISO/TS 30423
FAM-BA194D9FF0E1,IS/ISO/TS 30425
FAM-E0A3A5165CCA,IS 723
FAM-57FC95F886C4,IS 1363
FAM-A1663C4D0BFD,IS 1971
FAM-38E71DD504DF,IS 8998
FAM-4D213E3E6130,IS 7896
FAM-DE54187627C6,IS/ISO 11031
FAM-2F24C961AE4A,IS 13559
FAM-17D67452882A,IS 18154
FAM-EFDB04DF5B54,IS 18272
FAM-5CC3206B1510,IS 18381
FAM-6C3F05FDE1F0,IS 1735
FAM-E321CCDE0F8D,IS 7459
FAM-5B2C4419478F,IS 9591
FAM-AB809328D5B6,IS/ISO 11925
FAM-594D91B9E379,IS 14136
FAM-E6CD643478E9,IS 10956
FAM-E530A60D7E5D,IS 9725
FAM-D7725BD3C0D3,IS 18364
FAM-C3CA0985577D,IS 18365
FAM-E316813AC43D,IS 18367
FAM-E140F977F0AA,IS 18368
FAM-B4B546ED786E,IS 18369
FAM-277E89189D3B,IS 18370
FAM-248D8E791DC6,IS 18372
FAM-0F0EE926E1AE,IS/ISO 21503
FAM-A40F6CF92364,IS/ISO 21504
FAM-3975C2C5C6EB,IS/ISO 22327
FAM-3468B480A28B,IS/ISO/TS 30410
FAM-1788A53C717B,IS 3291
FAM-EDFBF867F280,IS 11859
FAM-B1D2249F7CF4,IS 18732
FAM-26C5EE058E25,IS 486
FAM-F378E88A3338,IS 3627
FAM-F42FF2888DF6,IS 3825
FAM-AA2C6C99DA26,IS 4264
FAM-C0B2D5F779A5,IS 4438
FAM-C6B09EC0D47D,IS 4775
FAM-5BE8C288A5EA,IS 4739
FAM-F86FB5AE3651,IS 8137
FAM-8C693848F01B,IS 8138
FAM-165D4C590DE4,IS 8139
FAM-24D6B0CE0CDD,IS 8545
FAM-06E0ACD8C0F4,IS 8875
FAM-5E0460FAA094,IS 9287
FAM-0BFF2A9DBBC0,IS 9565
FAM-017CE6F6DF37,IS 11508
FAM-4BC92184EBA3,IS 11933
FAM-929D04E5A833,IS 12885
FAM-5B83CF298DE5,IS 12886
FAM-76D76A6C7901,IS 13751
FAM-1510D8A96C38,IS 13923
FAM-381783DDB8C0,IS 14614
FAM-21F83EBE87B9,IS 14677
FAM-4BC72FFF6292,IS 18291
FAM-0287536BECE8,IS/IEC 60120
FAM-12B659DC1847,IS/IEC 60433
FAM-598B08B92763,IS/IEC 61211
FAM-31037E788470,IS/IEC 61325
FAM-016234C4016C,IS/IEC TS 62371
FAM-112B5E76366B,IS/ISO 1716
FAM-E95940AE79D1,IS 9751
FAM-67DDF6670A3E,IS 10056
FAM-6E4B852B5B33,IS 9280
FAM-31BA20A221ED,IS 1752
FAM-CD6DB2A8381E,IS 6013
FAM-8983D396C162,IS 6788
FAM-7F6BA8A19EDF,IS 9244
FAM-24373801BF62,IS/IEC/TR 60575
FAM-FCB4C62789BE,IS 1360
FAM-7DD3EBCE7DDD,IS 11142
FAM-038C5DBFCB69,IS 18431
FAM-941421B7137D,IS 18447
FAM-BBD428549472,IS/ISO 22392
FAM-B07A7B759F8B,IS 1561
FAM-261170604D2B,Is 2347
FAM-08FF4A6DA33C,IS 11501
FAM-1638E4A26965,IS 18429
FAM-C431133B5E3C,IS 1491
FAM-5DDEEED50ACC,IS 1563
FAM-7176A48A1D94,IS 3959
FAM-3171B9338D89,IS 8132
FAM-4F7A39BF9920,IS 18404
FAM-C298AE672A39,IS 18396
FAM-34EAE08DC69A,IS 18398
FAM-B3E34D0A3FE8,IS 18399
FAM-D724C11B4AFE,IS 18400
FAM-0A00A1AA83C4,IS 18401
FAM-D33D28E9DAF5,IS 18402
FAM-3ACD572C737D,IS 18403
FAM-03CA01CE630D,IS 18420
FAM-E19B2978B055,IS 2314
FAM-DBE838E0663F,IS 18311
FAM-897D1BB3A62D,IS 18393
FAM-AAC468B30871,IS 18394
FAM-E4EC91410EE9,IS 18395
FAM-53FF5DFD17C3,IS 18407
FAM-0D8AD667CBC2,IS 18408
FAM-DF445778C52A,IS 18409
FAM-E47E4C82358A,IS 18411
FAM-3C2CE82E5A8F,IS 18412
FAM-C6EE4756C8B0,IS 18413
FAM-73807ADF92DD,IS 18414
FAM-4DBC39279B8C,IS 18415
FAM-A62217054F34,IS 18416
FAM-B8FC6A032532,IS 18417
FAM-C5F8BF8E4B5B,IS 18418
FAM-E414970F5ABC,IS 18419
FAM-50D023EB9014,IS 18421
FAM-4ABFDE58C45D,IS 18422
FAM-43B931F3AC9C,IS 18423
FAM-0B2E9D2B3B77,IS 18424
FAM-35FA0CBDCEBE,IS 18425
FAM-05EA83A865F6,IS 18426
FAM-DDF5FAF713B2,IS 18397
FAM-26F53D6CA400,IS 18405
FAM-7BDC2879867C,IS 2210
FAM-279DD6FC6BD7,IS 7314
FAM-AA3921FEBC6F,IS 18351
FAM-98029491BC0F,IS 18355
FAM-A54F848916B8,IS 18406
FAM-90FA152A2A15,IS 18348
FAM-712B9FE7C473,IS 18350
FAM-D8F9B84E67D2,IS 18352
FAM-36758900A31E,IS 18353
FAM-5390ABBDF81A,IS 18354
FAM-985231D33B74,IS 4651
FAM-9754E035CBE9,IS 18312
FAM-CA1ACB4E805B,IS/ISO 22396
FAM-DC516EACBF5F,IS 18356
FAM-FD0A68F41C38,IS 18357
FAM-16581D0090BE,IS 18358
FAM-61A87274E622,IS 14894
FAM-1B3FDEFDABFE,IS 18379
FAM-C01572880078,IS 16700
FAM-C3C8F1BE6140,IS 6604
FAM-A45C70F8764F,IS 15958
FAM-5EF72BC43F75,IS 7490
FAM-6CDE2B3D8392,IS 758
FAM-3E34336E65B4,IS 797
FAM-EF9A8737BCBF,IS 2573
FAM-01F74A8CD856,IS 7494
FAM-2542A79ACFCC,IS 14650
FAM-4A394582FEC7,IS 724
FAM-8F9797C8EE46,IS 6487
FAM-B87088E0E323,IS 11956
FAM-0D9D8B9978EE,IS 10157
FAM-33B10E78A810,IS 2233
FAM-EB3AA9ED8058,IS 18268
FAM-E82B8D2B2825,IS 18350 : Part 1 : 2023
FAM-37A08097D080,IS 19006
FAM-9ABF8A4FFEC6,IS/ISO 22384
FAM-C14DC6BACB74,IS/ISO 32210
FAM-5D7FE2450A5C,IS/ISO 41018
FAM-6960589B094B,IS 7792
FAM-C3DA4E1102BD,IS 5428
FAM-D81394D76468,IS 18380
FAM-84490A7D9863,IS 6913
FAM-4B4ABB36F4A5,IS 9410
FAM-E57768674E27,IS 9903
FAM-AE382B1C8204,IS 9904
FAM-E5D3C56121D3,IS 9041
FAM-172EA9EF6E41,IS 9074
FAM-32E130F154E9,IS 15370
FAM-9571E21D01B7,IS 17529
FAM-FC13FCF192E2,IS 14577
FAM-ABA4E954E371,IS 18347
FAM-B825A1815879,IS 8380
FAM-CC05F2D0B500,IS 9072
FAM-A9EE68C4F519,IS 9933
FAM-62C7A2FD338E,IS 12037
FAM-FB4F026B7E2D,IS 8799
FAM-3263D245BDF0,IS 13180
FAM-EDA0F1F75CB9,IS/ISO 41015
FAM-F82E3D5038A1,IS 5824
FAM-760CEF825ADB,IS 10172
FAM-14B8B0BDA44A,IS 17895
FAM-2191C7C37357,IS 18387
FAM-AD7765A92146,IS/ISO 22383
FAM-34247FE2CEC3,IS 8010
FAM-E6351791E067,IS/ISO/TS 23635
FAM-D722AC0571D9,IS 11289
FAM-10F0BC4A9354,IS 11291
FAM-5DEE3542CF74,IS 16458
FAM-9DB776B64564,IS 64
FAM-A9A89CEF2868,IS 10453
FAM-503CCFE81C4E,IS/IEC/TS 61439
FAM-5B2C4C63AA78,IS/IEC 60898
FAM-4445C53E5924,IS/IEC 60645
FAM-3CE8D7ACAD28,IS/ISO/TR 24971
FAM-F703A496B590,IS 18325
FAM-9BC6B9040DC3,IS 18314
FAM-F801EBBD323E,IS 18310
FAM-F213E1EC5C1A,IS 18306
FAM-8B802005CA97,IS 18303
FAM-ED8C81B5AAF6,IS 18302
FAM-43D447D38A78,IS 18301
FAM-A1CA640A2E8E,IS 18198
FAM-E8B365EFD124,IS 18296
FAM-3A030A2F9C58,IS 18295
FAM-4CC362B954B5,IS 309
FAM-1990265E3814,IS 674
FAM-DA4464626ADB,IS 835
FAM-280601A0BD6E,IS 1599
FAM-0972C5709BB6,IS 2246
FAM-41F558E1EB34,IS 4156
FAM-AD2407D83D31,IS/ISO/TR 3242
FAM-17B0306BBCF9,IS 6127
FAM-27BD44849E20,IS 6164
FAM-3A53A5376ADA,IS 8800
FAM-CE03D127BF5D,IS 10047
FAM-40A8C20CFF58,IS 10724
FAM-654215047C36,IS 11110
FAM-26716EA6E9D1,IS 13675
FAM-2DA08136EE0C,IS 14814
FAM-BA924EF4E869,IS 16411
FAM-79B912230FF7,IS 16413
FAM-7CBA2F3630A7,IS 17994
FAM-1365B830DB55,IS 18076
FAM-94A87261EA83,IS 18169
FAM-8A1446C3E6B9,IS 18171
FAM-F0B176F8A43A,IS 18288
FAM-D5B01A883C14,IS 18359
FAM-65E048DB77C3,IS 18378
FAM-347695418992,IS 18385
FAM-824DA5B4829B,IS 18384
FAM-5A5647ACFB96,IS/ISO 20743
FAM-61036703BFA2,IS/ISO/TR 23249
FAM-748F7E037C9E,IS/ISO 23257
FAM-78592030E4E5,IS/ISO/TS 23258
FAM-C8C49C04C575,IS 1843
FAM-E979868CDD8D,IS 3988
FAM-A9391F5DF9D5,IS 9827
FAM-17EE51F6875D,IS 11434
FAM-06BA20FD952C,IS 11704
FAM-4A15189AE2BE,IS 18382
FAM-1CE3AFBE9C24,IS 12210
FAM-75629F601C1F,IS 1391
FAM-80422BCE063C,IS 1723
FAM-2A8528B9C81D,IS 1867
FAM-83D50B74FA94,IS 4184
FAM-A955886CEC4E,IS 6808
FAM-C74BD01EB19E,IS 6880
FAM-5DDB98F3A6C8,IS 7211
FAM-084401CCD30D,IS 7763
FAM-AE9DD94E8CA0,IS/ISO 18885
FAM-80AC51388A2E,IS/ISO 21360
FAM-C3AD1EB961CE,IS 9294
FAM-E38400EAE850,IS 16585
FAM-BF677616636E,IS 8748
FAM-FD4CA53A6599,IS 15498
FAM-23842FB98779,IS 18371
FAM-B6568A3241F6,IS 9746
FAM-97E8DE7AEC41,IS 11193
FAM-07C16394AA6D,IS 9675
FAM-A52505D58FF0,IS 10692
FAM-CDF0355A19D4,IS 3344
FAM-5FFF5D26FDA6,IS 3966
FAM-F67CD3A76ADB,IS 5644
FAM-DD68A7BC1BDD,IS 17090
FAM-A5823D203FB2,IS 5661
FAM-1D65F495FFCD,IS 18315
FAM-53CBD042E25E,IS 15026
FAM-6EF234673E4A,IS 10433
FAM-D21364C583E6,IS 10035
FAM-4A3C864D0D9B,IS 17151
FAM-344563D3758C,IS 17415
FAM-43500E2CB165,IS 7400
FAM-B04BBC5EDE12,IS 12628
FAM-03AD53132A7C,IS 13842
FAM-FD526B0F1252,IS 18299
FAM-B1BC09E4CEE4,IS 8015
FAM-A6EFB45FE0B3,IS 11119
FAM-2BF50B9DBB4F,IS 12095
FAM-274B5BAF0DF2,IS 5324
FAM-3B0952F5D156,IS 2505
FAM-1D7A337AA9B5,IS 17918
FAM-D970467ABA0D,IS 18326
FAM-3D9991688C83,IS 18328
FAM-460A7A766684,IS 18329
FAM-72699D58475D,IS 18330
FAM-26DA36EBE673,IS 18331
FAM-B5F9D8D821A1,IS 18346
FAM-B0579B2938F8,IS 18333
FAM-13CA9F298E64,IS 18334
FAM-5E1DB80F8055,IS 18336
FAM-85234FD32348,IS 18337
FAM-A7993ED129A2,IS 18338
FAM-2FE8BEF90ACA,IS 18335
FAM-A440419A7C34,IS 18339
FAM-D797B2203F87,IS 11188
FAM-F7C61DCD4926,IS 12526
FAM-BCB050BFC77E,IS 9152
FAM-651994D42650,IS 18361
FAM-B676355B8B60,IS 18316
FAM-101AD00AD5CA,IS 17143
FAM-9D1CEB38BC65,IS 17146
FAM-18E3BAEA93BB,IS 235
FAM-2FCD35AA51B1,IS 133
FAM-819FB914E9DE,IS 261
FAM-B48DA92AAFE3,IS 573
FAM-F0E7E5A24083,IS 711
FAM-1AA9ABEFD099,IS 799
FAM-41595ED84EC8,IS 2124
FAM-ED66BC01E7D6,IS 2142
FAM-DFE78BB06BF1,IS 3401
FAM-A039379FA110,IS 11569
FAM-245968B492C0,IS 347
FAM-0CE1418CF00F,IS 5083
FAM-F7AFD09AF4F2,IS 8590
FAM-3FC5C610D24A,IS 13200
FAM-5C997B2455D0,IS 16902
FAM-0183D5ECF82C,IS 18307
FAM-D6AD7D95C0F3,IS 18308
FAM-A6BE17542607,IS 2542
FAM-FE27C6C360EE,IS 4879
FAM-F050158B2A5A,IS 5282
FAM-59C67840CF0B,IS 11315
FAM-14FD2057374E,IS 12679
FAM-9E05A515F311,IS 18061
FAM-D8F000388EBA,IS 18084
FAM-AC571A62D079,IS 18139
FAM-72DAE91CB578,IS 18153
FAM-080A12E3950D,IS 18168
FAM-42F586B56B7A,IS 18289
FAM-5D2763277FE9,IS 18271
FAM-DCBFFB628128,IS 18300
FAM-5B7981D3B71C,IS 6307
FAM-5531F2EAE111,IS 7051
FAM-61B22146D56A,IS 8551
FAM-9D326CB44D19,IS 8552
FAM-CC08D67B2CFC,IS 8553
FAM-F75A93826C01,IS 10457
FAM-977D27F5E2A3,IS 10458
FAM-EA79C5974FE4,IS 13726
FAM-4F8F0C758EE6,IS 15430
FAM-EC3CC7882DA4,IS 16460
FAM-4143D955FBCB,IS 16898
FAM-3980E5894502,IS/ISO 10667
FAM-6B4D98FF37F1,IS 18313
FAM-2346689ACFF7,IS 18342
FAM-28302CE45030,IS 18343
FAM-94C37C60EBE4,IS/ISO/TS 24179
FAM-D34DE0D805DA,IS/ISO 30415
FAM-A157396FA151,IS/ISO/TS 30411
FAM-5C956A7EBDE9,IS 2469
FAM-D21E995C6C82,IS 2405
FAM-154F8A8C751F,IS 2095
FAM-48A8C9DF3010,IS 2582
FAM-40FE03F56C4A,IS/ISO 13041
FAM-A842941A35A3,IS 14407 : 2023
FAM-D800EC85B96B,IS 17277
FAM-5726A396D6B9,IS 18263
FAM-447A77F489F6,IS 18285
FAM-F43E8D9868F8,IS 18318
FAM-2A7607F7CC18,IS 18340
FAM-C741515BA1C4,IS 296
FAM-6CC384A31C70,IS 330
FAM-CA2ED9588FDD,IS 3722
FAM-1CB5D9493FB2,IS 7026
FAM-C4F375D5C695,IS 8331
FAM-E036B3DDF6A2,IS 11054
FAM-2C199D188234,IS 14518
FAM-26F056E587E5,IS 14741
FAM-DCED0A5156EB,IS 18309
FAM-21FF226B6181,IS/IEC/TR 61400
FAM-E7BBEED5AD61,IS 12618
FAM-71AF8990E807,IS 5137
FAM-3101EBBF4070,IS 18373
FAM-BB50FB89EBAB,IS 10939
FAM-E675E98B39A6,IS 5988
FAM-73D9CED6651F,IS/ISO 17090
FAM-FF89F97EAFBA,IS 5712
FAM-9A3536023A3D,IS 9160
FAM-8502CFD99DC2,IS 2823
FAM-95A5B92273AD,IS 255
FAM-B1AEA0F0EC3B,IS 333
FAM-30263120C300,IS 380
FAM-53E978251C8A,IS 1290
FAM-404BD6845751,IS 3031
FAM-6E076329BB51,IS 7541
FAM-802635257C19,IS 8642
FAM-6E2D31B7DE02,IS 9663
FAM-0117F6F692B9,IS 12008
FAM-61BD51C90A36,IS 18287
FAM-9F402A3237B2,IS 2136
FAM-71D722FF62AF,IS 18304
FAM-A0728FABFE00,IS 175
FAM-742CFA611F7B,IS 790
FAM-C841187FE055,IS 2697
FAM-1C29D21907D9,IS 2962
FAM-605335E322C9,IS 5056
FAM-28DD782F0B10,IS 7140
FAM-14FF7BF3EDB8,IS 11913
FAM-7F6F1A32F9C6,IS 6480
FAM-F024435C592C,IS 11031
FAM-95920ED9AF4E,IS 12489
FAM-CDA8D16525E1,IS 11389
FAM-801032FE0634,IS 14362
FAM-1C49AA694A19,IS/ISO 16392
FAM-74E1BEC5026D,IS 18277
FAM-BDE8E101B7C3,IS 18280
FAM-CF6AE1EEA957,IS/ISO 22915
FAM-B571DCE67B56,IS 8687
FAM-23471E48CFF5,IS 4925
FAM-475B1DBBBD63,IS 11178
FAM-B89DDD1941E2,IS 18258
FAM-8C0E36604092,IS 18275
FAM-4C0970FC0EDF,IS 18276
FAM-130FD48ECE94,IS 18278
FAM-F273D2130275,IS 6605
FAM-1D78379ED216,IS 7954
FAM-657628E8A819,IS 9393
FAM-3BC6DE09D381,IS 2784
FAM-925E7DC028C4,IS 6931
FAM-C2290C73A4B4,IS 18131
FAM-F1227E914130,IS 5633
FAM-C802B80951CE,IS 10560
FAM-73178ADD6197,IS 13782
FAM-8EBD4F8EF31E,IS 18132
FAM-C371A6DD80B7,IS/ISO/IEC 30118
FAM-6BE52EC9D956,IS 8689
FAM-C6EB1294E1CC,IS 12131
FAM-C393DC51DA0E,IS 13597
FAM-67EB57DAAD4C,IS 14566
FAM-008F95AB407E,IS/ISO 16160
FAM-B66213FC6779,IS 17074
FAM-F387DD68021B,IS 10559
FAM-71A06C3556F2,IS 2531
FAM-025DFAFDD450,IS 2449
FAM-86D68C5BA10D,IS 2319
FAM-D905842CB08E,IS 8430
FAM-031860136370,IS 5911
FAM-994152191BA3,IS 2615
FAM-32D2860739BD,IS 254
FAM-B55779A0859F,IS 393
FAM-53A6EA8041E1,IS 673
FAM-8F81BE5EA391,IS 1221
FAM-9C03C7790166,IS 1234
FAM-B5E11FBCCE35,IS 3604
FAM-1341376B9BEE,IS 4053
FAM-335D3CA98053,IS 4747
FAM-9B944FD44997,IS 5084
FAM-2FC75D1C76EB,IS 5450
FAM-E753E385BDA9,IS 6831
FAM-C6F7B09A9052,IS 7777
FAM-2BCE4A1694D2,IS 17898
FAM-045C9E6BF3CD,IS 18105
FAM-A78B02D0DCF1,IS 8709
FAM-5EA80D065D82,IS 1737
FAM-2605F35974B5,IS 10287
FAM-C2EEF51BF41C,IS 9159
FAM-E9DBBA6DE86C,IS 5524
FAM-C7D11E028C11,IS 11309
FAM-9DB615A43E23,IS 5544
FAM-28003FC30841,IS 5910
FAM-44578C0A258C,IS 6672
FAM-A8A0C4C45D14,IS 7033
FAM-B6039C0247CA,IS 8684
FAM-BA8606E985DE,IS 10598
FAM-513C4C33CE02,IS 12258
FAM-97D129124D08,IS 12370
FAM-CF7EF257998C,IS 14190
FAM-B438A953615E,IS 14287
FAM-A71BE43470A2,IS 18266
FAM-225F799B8D22,IS 344
FAM-3B42335BFAEC,IS 644
FAM-4E5247C9B515,IS 16911
FAM-AEC2B21C2CB9,IS 18282
FAM-BAA83E34E8AC,IS 32
FAM-0C5404BF3BE1,IS 1190
FAM-C2232AF91A66,IS 1225
FAM-7885363FBB60,IS 1619
FAM-3C529C1A8683,IS 1721
FAM-5902AE805BCA,IS 1793
FAM-AB75B93DAA73,IS 1794
FAM-526335CE4E00,IS 1896
FAM-78E41D52A344,IS 1906
FAM-EEB2B87EC86B,IS 1938
FAM-57E49FFFB2AF,IS 2058
FAM-34257EDF958E,IS 2187
FAM-E8402EE7E3DA,IS 2360
FAM-853AA29A7169,IS 2487
FAM-9212026138A8,IS 2522
FAM-82B765E90530,IS 2699
FAM-F2892FA3A95A,IS 2783
FAM-38C8396C6CB5,IS 3078
FAM-F8DCAFBE4068,IS 3100
FAM-5E61636EEE79,IS 3176
FAM-5143CAA1288D,IS 3330
FAM-49426715F550,IS 3934
FAM-3DABDA43E380,IS 4044
FAM-8AD79760C1AC,IS 5295
FAM-350E39FB85B5,IS 1163
FAM-25868B7EE6C5,IS 5549
FAM-D0C5E3E5B6EE,IS 6400
FAM-375DDFE6BFC2,IS 4109
FAM-5FEFEB383386,IS 10733
FAM-5637561E05F7,IS 4110
FAM-FD21ACBA7B46,IS 5436
FAM-6862BBBC5C47,IS 6923
FAM-9C14698E6836,IS 8730
FAM-73E83065FC34,IS 11050
FAM-B7771F3F4D8C,IS 12468
FAM-8775A34FE913,IS 13735
FAM-1CF810329AB1,IS 18190
FAM-EDFB14F979F7,IS/ISO 18651
FAM-7A318C9B3D2A,IS 18297
FAM-D928C18AC5AF,IS 4239
FAM-22805EFCBD1A,IS 6298
FAM-3E254DDAC572,IS 6660
FAM-4819981217EB,IS 6850
FAM-0D5D7D2BB378,IS 7536
FAM-2EFB1A9FAE26,IS 7590
FAM-CEB6F0720C5E,IS 7591
FAM-5CD9E0D9E0A5,IS 10972
FAM-68C7BC038897,IS 11061
FAM-FF14EBC5FF88,IS/ISO 11145
FAM-8E474A241C80,IS 14963
FAM-299B39BE9D97,IS 18227
FAM-715F3477460D,IS 17219
FAM-0AC55FE67B70,IS 13725
FAM-A99805F3C518,IS 12950
FAM-E689C1DF6A39,IS 8520
FAM-D8FCE629C23E,IS 12198
FAM-9C5AB5629D38,IS 10464
FAM-BE855BB6A6E0,IS 12669
FAM-746C5D0EF2C0,IS 12567
FAM-240199861B52,IS 13945
FAM-15A0B51A7ABF,IS 11509
FAM-28931945F7D1,IS 12663
FAM-587285BF9842,IS 1285
FAM-06F5BF699119,IS 1536
FAM-BD884BE3D603,IS 9997
FAM-990D63D00B65,IS 9049
FAM-B39B0EDF28CA,IS/ISO/IEC 17043
FAM-4E304545DE4A,IS 18273
FAM-8F4F31F9CE1E,IS 12064
FAM-BA010381AC12,IS 18286
FAM-398F1705C649,IS 14130
FAM-A766638284AB,IS 18181
FAM-86E786C68370,IS 18189
FAM-B155E6160723,IS/ISO 21573
FAM-75C1901F69BF,IS/ISO 23632
FAM-F2B625CBCCBE,IS/ISO 3951
FAM-EFCD3A268A1E,IS 4746
FAM-56E99F596AC3,IS/ISO 3669
FAM-6883B3052FD5,IS/ISO 4126
FAM-749A9BCB85E9,IS 6430
FAM-E0CA24EEE2C9,IS 7155
FAM-0976CF904F14,IS 12488
FAM-0777174B94DD,IS 13811
FAM-4BC4425535DA,IS 8016
FAM-4DD6FF7A27FC,IS 8049
FAM-89A93A91B18B,IS 8647
FAM-0E6E2DE50A13,IS 9122
FAM-6E2BDA08668A,IS 9203
FAM-E3F58A9523DD,IS 9227
FAM-7614BE3A96BA,IS/ISO 9488
FAM-B4692CD1BF14,IS 10223
FAM-EA3DF8C33558,IS 9494
FAM-8ACA324668B2,IS 11610
FAM-5E560F70171F,IS 9884
FAM-551F8D887FC6,IS 17265
FAM-5E3F63E8B8FD,IS 18284
FAM-6229A2416E67,IS 248
FAM-EB7B4E73575E,IS 12624
FAM-E0F9E50B6F76,IS 17050
FAM-80E9B9BE1324,IS 18069
FAM-611D9D4967A9,IS 18070
FAM-86EE81C25744,IS 18191
FAM-84E7C3A75139,IS 18199
FAM-4C71F8F1B3BF,IS 18251
FAM-9162FB331A2E,IS 18217
FAM-F689316C865B,IS 18218
FAM-F416BE4A3B9A,IS 2088
FAM-C2F4C488C69C,IS 18216
FAM-F95F67896E76,IS 11834
FAM-9E606289B3AC,IS 4343
FAM-31B79AEC3CDD,IS 9909
FAM-464503623FF2,IS 12846
FAM-3D83E82B9496,IS 17893
FAM-0C2717B943C1,IS/IEC/TR 62713
FAM-95AC3534DAFF,IS/IEC 62793
FAM-A58CE75C5339,IS/IEC 62858
FAM-57ABD75CE00C,IS 4665
FAM-D275C237E3D9,IS 18283
FAM-F05F22BB1017,IS 1235
FAM-2ED75FFA1D13,IS 8427
FAM-DEAFFF613868,IS 14603
FAM-BC4182D90623,IS 6721
FAM-A57A1D602DF3,IS 11238
FAM-CF64C55A08B2,IS 853
FAM-40F3E618CD5B,IS 1014
FAM-E47116ACD346,IS 8440
FAM-4A4A2F9B6324,IS 1159
FAM-29CF91336A5C,IS 1070
FAM-FEBD0C5D9623,IS 10702
FAM-6F63E862DDE4,IS 11970
FAM-E7715D397EEF,IS 12479
FAM-3C99C502A8DA,IS 13268
FAM-28C0EDF4C5C9,IS/ISO/IEC/TR 24368
FAM-B8FE534D9807,IS 9161
FAM-50EA29A6C587,IS 9426
FAM-3DD079583F7D,IS 6369
FAM-E52C55FF6C26,IS 1637
FAM-948BCA8196D5,IS 6351
FAM-A423CFB8A7C5,IS 2234
FAM-E570E945B62B,IS 9662
FAM-716B514D0062,IS 2027
FAM-AAD689DEB87E,IS/ISO 6789
FAM-DDAD3872A0F0,IS 2514
FAM-E0DBC5895D48,IS 10620
FAM-078A0BEF6CB6,IS 10622
FAM-408E52E172DF,IS 15503
FAM-6029947B4851,IS 18232
FAM-4CFFF457A4DA,IS 18246
FAM-63A6A4A73C08,IS 18253
FAM-1F1F2D0FF790,IS 18269
FAM-D84316775CCD,IS 16450
FAM-38D3613075EE,IS 16881
FAM-E9DCE19CFDC2,IS 16451
FAM-1F6F6EC9F7CD,IS 18170
FAM-8CB2A8FE378F,IS 18172
FAM-CF8EF01558F6,IS 18173
FAM-0C65A6ECE111,IS 18175
FAM-DB8118C4DA11,IS 18176
FAM-13B5BCE74BF3,IS 18177
FAM-1929590EBDC3,IS 18178
FAM-8C69CBB4547B,IS 18179
FAM-03C99078FC81,IS 18184
FAM-BD057C9DDB33,IS 18185
FAM-5238011A6AA2,IS 18186
FAM-C917B8CD58B2,IS 18192
FAM-ACFC87258FCB,IS 18193
FAM-BB3437A27A72,IS 18188
FAM-39958735D3ED,IS 18182
FAM-E837A3B8E8C8,IS 18194
FAM-BFCFFC5BEB7A,IS 18195
FAM-BB822FCDE697,IS 18197
FAM-33F681975E48,IS 18201
FAM-0A85CB02B35B,IS 18202
FAM-F81BA3817F17,IS 18203
FAM-DE6076B0269A,IS 18204
FAM-07A40FFED12E,IS 18205
FAM-0DAD0D6A2A08,IS 18206
FAM-FDD6FFF46BF3,IS 18208
FAM-17CBE50C2030,IS 18209
FAM-9698B508FF27,IS 18210
FAM-EF573E56ED93,IS 18211
FAM-F676392D6C8F,IS 18212
FAM-F5A81DEB747E,IS 18213
FAM-102EC137934B,IS 18214
FAM-5801C927170D,IS 18215
FAM-6BE4A2D1AF56,IS 18196
FAM-AFEB676A27EC,IS 18226
FAM-43293CA79D19,IS 18228
FAM-7F5D360DFD40,IS 4026
FAM-030AE05667B3,IS 5484
FAM-B2957F950683,IS 15380
FAM-8E79D7277B5D,IS 18079
FAM-54E27984001A,IS 1909
FAM-233D01E670B1,IS 14216
FAM-891F02221DED,IS 18252
FAM-B52C4F9C5998,IS 18262
FAM-088303E6EACF,IS 5887
FAM-F3C9D50F0794,IS 14434
FAM-3A2028DC0027,IS 487
FAM-471DFEEA370C,IS 2616
FAM-E4338629C41E,IS 17841
FAM-6AC8EDD8C4D2,IS 18160
FAM-D70869E4832C,IS/IEC 60556
FAM-BEF08259E191,IS/IEC/IEEE 60079
FAM-7C9C9F551F40,IS 3383
FAM-A87157EC7655,IS 6444
FAM-315E095A3901,IS 8028
FAM-AA450F190F66,IS 14962
FAM-EC47AFAA6C0C,IS 10990
FAM-751B9EDAD76D,IS 18207
FAM-55BEAE7DB62C,IS 14286
FAM-9E90AFF8D1AF,IS 12834
FAM-6C8EB9F8F830,IS 13586
FAM-C5D2FC68D94B,IS 18114
FAM-2B3B11FA039F,IS 18129
FAM-A9375D8BA3A9,IS 14197
FAM-C66B5FCC0F72,IS 16501
FAM-204147D12BD6,IS 16782
FAM-A8BAE202721C,IS 18124
FAM-0A68A759BFAD,IS 18127
FAM-D8972F50F161,IS 18128
FAM-6B0DD1994987,IS 16960
FAM-191BD443C487,IS 17956
FAM-04BD6133C6F3,IS 17959
FAM-7374257304FF,IS 16170
FAM-0FC2B40D8294,IS 16221
FAM-3CB0C1E4343B,IS 2621
FAM-2538C4D0805B,IS 2622
FAM-40FA68A7F863,IS 16610
FAM-4595E4AB4181,IS 8877
FAM-7C023CCFEABE,IS 18057
FAM-7295F60A9C2B,IS 18119
FAM-737CC4A63B74,IS 18180
FAM-E041D3649E82,IS 18229
FAM-53D4C7345F6B,IS 18231
FAM-0ADA78500E37,IS 18254
FAM-279677C93CC5,IS 18259
FAM-03BD2A54E850,IS 18260
FAM-324B4AEEAD67,IS 18332
FAM-651D262AF8DF,IS/ISO 21401
FAM-95C1C117D415,IS/ISO 80000
FAM-815FF1142632,IS/IEC 80000-6
FAM-232F2F6766ED,IS/ISO 80000-9
FAM-C5691EFF322F,IS 5117
FAM-D6ABD6E97C80,IS 3012
FAM-A57CC3EB6757,IS 12113
FAM-7C047B4E9C69,IS/ISO/TS 22317
FAM-965047B77A60,IS 3549
FAM-CBE2F16C6836,IS 9269
FAM-44B0038FFD24,IS 10585
FAM-B610677C893C,IS 10714
FAM-3004249D40A2,IS 10715
FAM-BC5590D26341,IS 10721
FAM-B019FA1E27ED,IS 11158
FAM-980F425D444E,IS 12540
FAM-B2D5044F53F7,IS 13534
FAM-9EFE9AC55DCB,IS 13542
FAM-65D7CDB46597,IS 15504
FAM-0F3094EA86DE,IS 17091
FAM-51DA0EACA7C9,IS 8383
FAM-609D2E4891FE,IS 7840
FAM-A506E0DAEE67,IS 3612
FAM-282CF44B540C,IS 10899
FAM-34289692EBD3,IS 13289
FAM-342C1B0E7A4A,IS 15586
FAM-83E3A1F51626,IS 18264
FAM-DF4AE1727F42,IS 18265
FAM-6CEF6D4AE05D,IS 18270
FAM-32D047CAE6D5,IS 11354
FAM-ADA43950BBF0,IS 16923
FAM-578D86D84333,IS/IEC 61058
FAM-8DC0958D649E,IS/IEC 61308
FAM-7B9BB4F89600,IS/IEC/TR 62059
FAM-20C10259B418,IS/IEC 62059
FAM-D4BB2CDEEA4B,IS 9409
FAM-C8D2FCC953EC,IS 11353
FAM-BF996D109980,IS 8270
FAM-9F906F0E8B5F,IS 8294
FAM-EB811062399F,IS 16820
FAM-D36233DD1973,IS 18230
FAM-5D60913E96E6,IS 13413
FAM-B39F48CBD7FF,IS 15059
FAM-31AC8358B037,IS 18240
FAM-0376CDE3FEC3,IS 18243
FAM-6FBBDF1FD78F,IS 18244
FAM-455390F82A67,IS 18245
FAM-C76EF80E5294,IS/ISO/IEC 23736
FAM-254317ED79B6,IS/IEC 60695
FAM-3F324D506147,IS 8494
FAM-6C1611D2E66D,IS 12924
FAM-0921AB26C764,IS 2032
FAM-3CD0DBF0F239,IS 2848
FAM-9EAE38853B01,IS 7118
FAM-D49A923EDD51,IS 10069
FAM-921B566CFDF0,IS 3438
FAM-48F8BBED4EC2,IS 11990
FAM-4EB67B773EA6,IS 17094
FAM-9A08399FB434,IS 18219
FAM-F9A8BA23AC20,IS 18220
FAM-3232F4A82C47,IS 18221
FAM-D8CA06515909,IS 18222
FAM-D6FD2FFB6AA2,IS 18223
FAM-587238DDF604,IS 18235
FAM-F917414446E5,IS 18236
FAM-617FB68991D3,IS 10908
FAM-7474E1A14563,IS 6136
FAM-0CC00FF287DE,IS 12746
FAM-3F67769322D2,IS 18058
FAM-8949E5AF1035,IS/ISO/IEC 29140
FAM-BD9C7F41B4DF,IS 443
FAM-66593AAB957B,IS/IEC 60297
FAM-F39243FC9D50,IS/ISO/IEC 80079
FAM-4DD0DCFD694D,IS/ISO 14033
FAM-A18136C05A23,IS 3703
FAM-69D12F707086,IS 4254
FAM-8C82B52886E4,IS 5502
FAM-903440AF4ABF,IS 6426
FAM-F78F98601C2A,IS 6001
FAM-F11EAB445535,IS 6427
FAM-8EC131BD943C,IS 6428
FAM-DEE5362414BB,IS 11518
FAM-B2D105525CEE,IS 11780
FAM-C60D525B6073,IS 12318
FAM-FAE9BFA6D7A6,IS 12339
FAM-0F41BDB1CF17,IS 17454
FAM-9AD3CEC2D259,IS 18224
FAM-AA4F15C7C79D,IS 18121
FAM-684F4D1A0541,IS 11356
FAM-6A69A56480CA,IS/ISO 2861
FAM-A3145A2AB128,IS 1920
FAM-3D950F706CDA,IS 3252
FAM-02816D7BC6CE,IS 3262
FAM-CD51B2EF91B0,IS 4145
FAM-64CDD55D5F61,IS 5176
FAM-0018E8826859,IS 9560
FAM-A82B87F15667,IS 11480
FAM-842EB5DF2D07,IS 11928
FAM-9CB73288DEF0,IS 13432
FAM-3BCC0F9A5F30,IS 17479
FAM-28B3487C49DF,IS 18161
FAM-02664E161B37,IS 718
FAM-E390F85810C7,IS 3901
FAM-30E7FB410944,IS 6283
FAM-1F77CD209FBF,IS 8029
FAM-5A1AF95B85F2,IS 8072
FAM-14F0BB868F08,IS 8480
FAM-E01B53831749,IS 8703
FAM-92A5AE62A948,IS 14400
FAM-65AF8C8639DE,IS 14410
FAM-84DEEB26DB08,IS 15235
FAM-AEF08BE08E62,IS 15371
FAM-698C97582752,IS 15843
FAM-E7C22E0D9CAF,IS 9366
FAM-D84904A50CA4,IS 9379
FAM-73FE1CE30C17,IS 11102
FAM-E6F8628EDA9E,IS 11492
FAM-F32D8A92B3D4,IS 12362
FAM-4463F7D7999B,IS 12906
FAM-158E4457E5D1,IS 12935
FAM-B6CEF736C1A7,IS 13316
FAM-645DB45463C4,IS 13693
FAM-1A6762FB1476,IS 13732
FAM-726D3DF5CC69,IS 17196
FAM-99C3F1FF3AA2,IS 18120
FAM-018E51C72342,IS 18146
FAM-705B4B44D54F,IS 18164
FAM-CF9CF8BF6235,IS 18165
FAM-D958A50D102F,IS 18183
FAM-FC0DE78EB2AB,IS 18234
FAM-5550C124376A,IS 18238
FAM-98A03DCAE608,IS 18239
FAM-D36491AB8541,IS 18241
FAM-27579FC888A8,IS 18242
FAM-2EEED92CFE2D,IS 18247
FAM-2651D4717942,IS 7466
FAM-0B3684D600C8,IS/IEC 60195
FAM-15F8F00598C4,IS 3060
FAM-003AD6DDB3E2,IS 4951
FAM-2E50338F5592,IS 15990
FAM-4058A7C27979,IS/IEC 60440
FAM-B6DB2E9EF39C,IS/IEC/TR 63091
FAM-9D5F2A804A44,IS 18233
FAM-65392DAF92DE,IS 3322
FAM-27B6A8953EEE,IS 18078
FAM-4C75D35BDA0A,IS 8997
FAM-FA91203718CF,IS 9859
FAM-9B698E5EF856,IS 8632
FAM-42090292616B,IS 13317
FAM-87F32C60C788,IS 164
FAM-EDFF3834F20D,IS 2074
FAM-2F2F67C3643C,IS/ISO 21569
FAM-A0556CE697BB,IS 4105
FAM-A9CA2197C4DE,IS 5887)
FAM-A4B4A32E18AC,IS 14507
FAM-5D2950D09444,IS 326
FAM-F4EE1DBEF697,IS 3028
FAM-6A363D4BCA7E,IS 18159
FAM-A2DD440FDDCE,IS/ISO 31030
FAM-D81A7A00C4DC,IS 3661
FAM-5541F1CCC41D,IS 7696
FAM-9A1DE9CDA0A7,IS 14534
FAM-DA6825A212E6,IS 10931
FAM-0F4C660C6CAF,IS 12029
FAM-3E8FF832409F,IS 12067
FAM-CCE8B8BE052E,IS 12069
FAM-1C42C7809A1A,IS 12124
FAM-70219C28F66F,IS 12361
FAM-EF6AA30D4507,IS 17370
FAM-B6EDC48273A5,IS 15989
FAM-0ED5CBC93371,IS 18151
FAM-C30538B50EEA,IS 1912
FAM-38BEC16758A8,IS 5543
FAM-B18C5B97FD70,IS 5776
FAM-1ECAC6EF78C4,IS 6587
FAM-9CC4B6F5703B,IS 7610
FAM-6AB0F6C0F93A,IS 8876
FAM-51F95FBC1058,IS 8991
FAM-841B32B63973,IS 8995
FAM-12E2410091F6,IS 10613
FAM-5E912B2EED6F,IS 17908
FAM-347914DAD834,IS 17951
FAM-CE2344A0C69E,IS 17954
FAM-9B264FD3F234,IS 18158
FAM-1226D259F8F5,IS 18162
FAM-40D286D8675C,IS 19005
FAM-7036C8F0903E,IS 6046
FAM-18AAF6B233D2,IS 7247
FAM-DC6AF4AEF135,IS/ISO 9177
FAM-4F59C3855887,IS 18225
FAM-7D809D944852,IS 12422
FAM-3A4BC197F664,IS 16899
FAM-DF623B57DCA6,IS 17053
FAM-37FAC440613A,IS 16204
FAM-8BB60B9FBD71,IS 16067
FAM-DB11AE5B7B67,IS 5464
FAM-651BE2B1A52B,IS 18187
FAM-63E12B1E3BBB,IS 6855
FAM-D8A42705DE18,IS 10593
FAM-B137DE01F03A,IS 16085
FAM-866584D3364D,IS 18068
FAM-E42528348E51,IS 17953
FAM-D10C90101FEB,IS 3367
FAM-DA80563C1D86,IS 3951
FAM-E567268D9A7F,IS 9936
FAM-398AFC641D5A,IS 9944
FAM-74E6AC7193A6,IS 18163
FAM-9924D2105BF4,IS 247
FAM-3ABB98D7C56A,IS 376
FAM-43D067B065E6,IS 11228
FAM-F150BD404FDF,IS 18123
FAM-EF10BE58A0A9,IS/ISO/IEC 38507
FAM-3D092FEFDAF6,IS 11230
FAM-659A5D92357B,IS/ISO 15189
FAM-0F2039C1F7E9,IS 2315
FAM-8C8A04724ACE,IS 1747
FAM-DE94E9AE9423,IS 6792
FAM-8AF9F517D259,IS 9666
FAM-F28DBAEB73F5,IS/ISO/TS 22318
FAM-2E730EA329E7,IS 12585
FAM-775F7EBFD0BD,IS 18174
FAM-2AAA71B3593F,IS 2052
FAM-9A0908FE61F4,IS/IEC 61970
FAM-F726A7387EF8,IS 16240
FAM-984ACB0E9BF6,IS/ISO/IEC GUIDE 99
FAM-7DE7640A4C20,IS 14559
FAM-41C14AF9A54A,IS 16388
FAM-E744A7647909,IS 18155
FAM-C4696D4EC417,IS 18157
FAM-873D8AD4E99F,IS 19032
FAM-611D6A9B53AF,IS 1208
FAM-3C3FB657F99B,IS 6761
FAM-13999D74480C,IS 10898
FAM-F9D715F63F3B,IS 9694
FAM-FE38AF68240F,IS 8164
FAM-4877862D5304,IS 3121
FAM-5197E4E19F44,IS 12766
FAM-BA0187706D33,IS 18102
FAM-F589A6699BE3,IS 1877
FAM-F2A781ACBD1F,IS 1907
FAM-800F90F2A6B3,IS 1206
FAM-7CC536B02905,IS 18156
FAM-F3C713D784F7,IS 2690
FAM-2221F3B41403,IS 3552
FAM-5FAC7F969EBE,IS 334
FAM-8B20572CEF5B,IS 7008
FAM-8C19D2A93713,IS 9365
FAM-697F686A89F1,IS 18113
FAM-CAC350023873,IS 4409
FAM-F9C58ECBC3BD,IS 4774
FAM-7897DA35C67A,IS 8487
FAM-4E60430D7B2A,IS 8959
FAM-0E0F6884E9AE,IS 18145
FAM-7D39ED232B0B,IS 8954
FAM-7D86F680F93F,IS 1725
FAM-23E895A7A779,IS 4399
FAM-05A2C234B673,IS 7881
FAM-1F62D30928F9,IS 7938
FAM-439E0CCDC2F0,IS/ISO 8178
FAM-53CD4649427D,IS 9230
FAM-552218B978C0,IS/ISO 11315
FAM-D38DCB280586,IS 802
FAM-E17E264EA6C7,IS 2396
FAM-E5025A68FA3B,IS 18109
FAM-0DD8E1B64CC7,IS 15575
FAM-D67E420F79EC,IS 19019
FAM-774D75D5E05A,IS 1110
FAM-37C42054B11A,IS 11904
FAM-2667E339FC93,IS 8189
FAM-9931A7C3DA37,IS 12150
FAM-C911AEFFFCBC,IS 7168
FAM-3DD29F259162,IS 9359
FAM-37FCDCB8B38B,IS 18107
FAM-E4AB09F73B38,IS 18108
FAM-AD1013B9FB4A,IS 18110
FAM-9289B35BFC80,IS 3442
FAM-A5A60B636D6D,IS 18067
FAM-DF9469CBDA4F,IS 18111
FAM-FF56FF3E475C,IS/ISO/TR 23244
FAM-33D6BF3619A6,IS/ISO/IEC 23761
FAM-A527CEC97182,IS/ISO/IEC/TR 24372
FAM-B390AF8D9448,IS/ISO/IEC 40180
FAM-A9D41DDF24C3,IS/IEC 60368
FAM-D23EAABD812A,IS/IEC 61968
FAM-8E6BFB5D7566,IS 9234
FAM-800CFF1E7942,IS 9478
FAM-FAC4D25D0B1D,IS 9532
FAM-34E273305A7C,IS 18125
FAM-D663B3619D3C,IS 16412
FAM-E37BA909F958,IS 1716
FAM-82BFB6780C42,IS 18149
FAM-817CFA1D6A78,IS 8286
FAM-E9D122ABCACB,IS 5550
FAM-7B3760BE9AF7,IS 2447
FAM-5D5BD4A1429F,IS 4883
FAM-A97DC2419114,IS 9617
FAM-43D571311A74,IS 18130
FAM-3747A74110D0,IS 19008
FAM-41D1DD5C1584,IS 2322
FAM-112FED4477CB,IS 3810
FAM-69DE1201E043,IS 10645
FAM-B4C05DFFFF4E,IS 11602
FAM-66FA2527EE90,IS 11659
FAM-E8AF2A20DD51,IS 13810
FAM-3D6C6F9321B0,IS 15134
FAM-D6D3E06BFDE9,IS/ISO/TR 32220
FAM-8495AF410257,IS 7376
FAM-AC7A3E62E464,IS/ISO 12097
FAM-2002A0E542EB,IS 16183
FAM-2619C8480E7E,IS 18115
FAM-51654CDF034F,IS 18152
FAM-1F33F83F0E17,IS 17796
FAM-CC1BB277ED16,IS/ISO 14024
FAM-22F59524E512,IS/ISO/IEC 24668
FAM-A5D4B2D21DF7,IS/ISO/IEC 11770
FAM-010C0ED54E97,IS/ISO 14015
FAM-A01C58001FA4,IS/ISO 14050
FAM-C26A135DCCD1,IS 17986
FAM-5DDECBD0DDBE,IS/ISO/IEC 18014
FAM-5A64272D214D,IS 18073
FAM-DD9EB307B9B2,IS 18101
FAM-085D3AA7E427,IS 18116
FAM-139967CFF23A,IS 1796
FAM-0DBE9CE411CC,IS/ISO 14046
FAM-F43058EAF276,IS/ISO/TR 14047
FAM-B564BCA616EC,IS/ISO/TR 14049
FAM-B5783AAF4654,IS/ISO/TR 14055
FAM-1E036DE461FD,IS/ISO 1039
FAM-66FBC5B7CDB9,IS 3803
FAM-55DF93DBC586,IS 4161
FAM-05880554DB82,IS 5075
FAM-9AB20E69641C,IS 19025
FAM-3BECADB0C117,IS 2461
FAM-351A35710DF8,IS 4079
FAM-5AF5870A46D4,IS 3660
FAM-2488ACCA9F1A,IS 1055
FAM-5C3834370104,IS 4929
FAM-5353A55B0825,IS 5277
FAM-5EC9289AF47A,IS 5551
FAM-96F8EBD87A98,IS 7976
FAM-8CC8A5030564,IS 8024
FAM-7FB0E0E1A821,IS 8267
FAM-1161243B18F6,IS 12501
FAM-744A61521689,IS 12562
FAM-6574B72A07FE,IS 14160
FAM-11ED8A227A0B,IS 18133
FAM-882011511EEF,IS 18137
FAM-63E1C6422EA0,IS 18136
FAM-0E34C5F6ABBA,IS 18138
FAM-36881D9A022B,IS 18141
FAM-B93A56D895A6,IS 18142
FAM-B9CF9D153442,IS 18143
FAM-9F45E4A9CD1A,IS 18144
FAM-7601D1BC8157,IS 2746
FAM-2DFB5F4E1E1B,IS 3923
FAM-38435CEDD3C9,IS 3800
FAM-9E42490D344A,IS 18062
FAM-6299CE7F239F,IS 828
FAM-422F6165B434,IS 9972
FAM-4E1AC72C9DDD,IS 6590
FAM-D1088A16939E,IS 2202
FAM-B85830BCEA9A,IS 14203
FAM-4D8A8D7899D9,IS/ISO/IEC 27001
FAM-4097CD2BC2FD,IS 8489
FAM-FA2B0866C18E,IS 10295
FAM-FA1ABE272BAD,IS 10300
FAM-99A187342914,IS 14177
FAM-780F26CC69B2,IS 18135
FAM-363EC558BEBF,IS 19004
FAM-97E48C49402B,IS 3785
FAM-0B6CB85C7CF8,IS 2549
FAM-5C5DF8DF9FD4,IS 4751
FAM-A3BD3A02B032,IS 5280
FAM-02908AC0AB4C,IS 5281
FAM-FD03A83B565B,IS 6359
FAM-DEF9A200A8E1,IS 6591
FAM-364018CB4AE2,IS 6621
FAM-317673985BF2,IS 8026
FAM-289CCB717340,IS 7126
FAM-1F2BFC9CEC40,IS 6293
FAM-032050B143F5,IS 5459
FAM-4974421E5F4C,IS 16927
FAM-9782A84FEB8C,IS 11052
FAM-1C2632111ED3,IS 16422
FAM-F691D0E91784,IS 4545
FAM-33FB46C10E67,IS 8460
FAM-635FC5FDBF6A,IS 4757
FAM-D6B7E9ADE0C8,IS/ISO 71
FAM-F5045C110BB1,IS/ISO 2910
FAM-CBC191BBF67A,IS 5074
FAM-887B8D19DEE8,IS 7212
FAM-9ECB9EA6738E,IS/ISO/TR 11843
FAM-14F443A8AB06,IS 15202
FAM-58A9CA9E5F58,IS 17891
FAM-2CA35B984CA8,IS 17891 : Part 3 : 2023
FAM-B63F9E6EDAB5,IS 19009
FAM-899FA3058345,IS 13883
FAM-140AA985E60B,IS 15572
FAM-8AF8E7B4DC9C,IS/ISO 22329
FAM-6CE3784E430B,IS/ISO 22341
FAM-6D7628CEC28E,IS/ISO/TS 22393
FAM-9993C001E53F,IS/ISO 22398
FAM-00AC7528A672,IS/ISO/IEC 24745
FAM-E2C0AF4EE4F1,IS/ISO/IEC/TS 27100
FAM-9A93E69EDB39,IS/ISO 28000
FAM-A7D0A542934B,IS/IEC 60098
FAM-139CF8A57850,IS 4155
FAM-EB67DACFB136,IS 10423
FAM-1E7DE7927FCA,IS/ISO/IEC 17629
FAM-805EA086ADF9,IS/ISO/IEC 18033
FAM-6676B4B75BAE,IS 19021
FAM-268B4477B2B4,IS/ISO/IEC 20547
FAM-B32B6B62AB56,IS/ISO 22315
FAM-70A501B4E6BC,IS 19022
FAM-D4A8F7A0D655,IS 13502
FAM-D34C4E1D2E18,IS 2632
FAM-5388A541FAFC,IS 8958
FAM-D7485560044F,IS 14157
FAM-18D5EE8E3914,IS 18140
FAM-EF90575CA5CD,IS 7499
FAM-5106F0C053F9,IS 18122
FAM-77C28720169B,IS 9447
FAM-0DA4E736AE77,IS 10148
FAM-21E331350CD1,IS 4511
FAM-03A147994FB2,IS 17948
FAM-796488801070,IS/ISO/TS 21569
FAM-3D1FBBE5DC07,IS 8488
FAM-9FC445C4B5BA,IS 9776
FAM-46ACEE8D0B03,IS 9777
FAM-C366FC816176,IS 19002
FAM-906B0D72E1DD,IS 17977
FAM-9148BEB0F3E3,IS 17969
FAM-F48C2C060E25,IS 14827
FAM-A431333EBCB1,IS/ISO 22328
FAM-1F92AC905DAA,IS/IEC 60834
FAM-BCD8F96C9BB5,IS 19001
FAM-24731B01DA1C,IS 8259
FAM-17EAD5B294E2,IS 2802
FAM-56223A42E87B,IS 1712
FAM-C20850F7AC76,IS 2785
FAM-243CA2624E10,IS/ISO/IEC 15693
FAM-E04BD866719E,IS/ISO 3691
FAM-08AF2BC09665,IS/ISO/IEC 15963
FAM-574F2607062F,IS/ISO/IEC 18000
FAM-02171C7AF391,IS 19024
FAM-AD7FD5A251AA,IS/ISO/IEC/TS 20748
FAM-427037DE51F4,IS/ISO 41014
FAM-D49DC4059C37,IS/IEC 60862
FAM-77CD7F0982C1,IS/IEC 63093
FAM-863787C7CD60,IS/ISO 13408
FAM-1E6347A2F055,IS 19014
FAM-F61AA2E271CC,IS 5552
FAM-A5EA20A8D1AD,IS 7839
FAM-FDFA7C743C19,IS 8258
FAM-8E2F86396F44,IS 8955
FAM-22B941F39582,IS 9351
FAM-A859F2A7FE93,IS 9584
FAM-110743CB9854,IS 12898
FAM-0EA9FE8E275D,IS 14936
FAM-5F0F61DCC302,IS 17894
FAM-875BD3B22FEF,IS/ISO/IEC 14443
FAM-0202ADD668C0,IS 17975
FAM-90F3075CE724,IS 17991
FAM-8E967D929D98,IS/ISO/IEC/TR 18121
FAM-42CFAEA409E4,IS/IEC 60444
FAM-954B324A8D02,IS/IEC 62680
FAM-1B7B6EA908E4,IS 1495
FAM-41FFC0D0505B,IS 3973
FAM-EF5BEB4D5C7E,IS 7342
FAM-FC3258FEFBA4,IS 9205
FAM-8F1A5BF57E6B,IS 10095
FAM-C7CCBDD2FD68,IS/ISO 10987
FAM-884901AA4EBB,IS 12012
FAM-78FE0513ED1A,IS/IEC 60122
FAM-8D78A2E784A8,IS/IEC 62044
FAM-ACC610CE8E90,IS 4448
FAM-27E06C79C53B,SP 30
FAM-FC10A7960E49,IS 9382
FAM-16E520367D4D,IS 2912
FAM-FFB4D747D638,IS 18063
FAM-E89CEED3BE30,IS 1366
FAM-99EFDC85C422,IS 14673
FAM-69B67A065C0B,IS 18104
FAM-93B7AB33DCAC,IS 1177
FAM-1AAD9B4906A8,IS/ISO/IEC Guide 14
FAM-7FA063D41C2C,IS 2140
FAM-8A8785BE8703,IS/ISO/IEC GUIDE 41
FAM-ED056D96BCD6,IS 19015
FAM-FE15608EA619,IS 3593
FAM-E1B2B6051861,IS 11055
FAM-78A025C99409,IS 11978
FAM-19AF05D4734C,IS 1680
FAM-D0B8F88D75B8,IS 4221
FAM-A05FDF520E9E,IS 4822
FAM-16153F2EF6D7,IS 5457
FAM-70584162E059,IS 9246
FAM-AAA074D16264,IS 18106
FAM-7300DAAE0DFA,IS 7185
FAM-8FE615A331CA,IS 7257
FAM-AC274B51A803,IS 9018
FAM-5FC3426C5F82,IS 11227
FAM-FD70E0A993C9,IS 11688
FAM-3DEACF8DEEB6,IS/ISO/IEC/TR 11179
FAM-86D7E1510C00,IS 14572
FAM-5DA41902003D,IS 19003
FAM-8B3C620906DC,IS/IEC 60401
FAM-CA30963D2053,IS 17972
FAM-E1B1E5180931,IS 17974
FAM-F746DA470E6D,IS 18103
FAM-D4E3B5637FB2,IS 19012
FAM-DB6B30AF17F5,IS 19013
FAM-AE720D396763,IS/IEC/TR 63228
FAM-13BDAA414797,IS 14173
FAM-2711C49A3E52,IS 1781
FAM-03A0894BC400,IS 5994
FAM-FB053A0D43AD,IS 19016
FAM-FEE10C50D5AF,IS 19017
FAM-FBE016701B4F,IS 19018
FAM-D27F9E407FBC,IS 19020
FAM-FD13A73904DB,IS 18059
FAM-B1B20D95705F,IS 18064
FAM-B3735E537481,IS 18092
FAM-3D3019297BDB,IS 18093
FAM-C594F4000867,IS 18094
FAM-B90513FAC9B2,IS 18096
FAM-A5E67FEF8090,IS 18098
FAM-C43A7F4AE168,IS 18082
FAM-D938DA8071CD,IS 18085
FAM-F165EFAFBC8F,IS 18086
FAM-046CD949490E,IS 18087
FAM-CA0AD6DD4454,IS 18090
FAM-C21F647D66B6,IS 18091
FAM-C29BAE98F994,IS 11217
FAM-521F439124D8,IS 15427
FAM-D50A6E0C358E,IS 16244
FAM-6CB3D1693DC7,IS 16928
FAM-BBC7A073E7B6,IS 17924
FAM-A9A8BFA2E801,IS 18081
FAM-36C2AF8920A1,IS 17957
FAM-8D644A13C385,IS 17996
FAM-50B08712EDAE,IS 18089
FAM-01F18F6BE95F,IS/IEC 60917
FAM-C1AFBBD7BFCC,IS 12030
FAM-006398DF21A2,IS 12039
FAM-C2C2FDE9A6CD,IS 726
FAM-03486E0A4A7D,IS 17897
FAM-839AFEC351CD,IS 17962
FAM-DF427FF68E55,IS/ISO 31073
FAM-4A820C26F1F2,IS 18051
FAM-80AC1A9B8DFF,IS 18053
FAM-0B50AFB5F178,IS/IEEE Std1523 Tm
FAM-5E4261A0BB1E,IS 17816
FAM-98B4D3DBBF68,IS/IEC 63182
FAM-08CEF535935E,IS 1932
FAM-0A2F3B6EAB02,IS 14929
FAM-012E0C085DD9,IS/ISO 50005
FAM-E28C8A0C55A3,IS 17740
FAM-700FEDF750D2,IS 19000
FAM-833FE2C5F773,IS/ISO 22003
FAM-6DC189063A17,IS 3748
FAM-18287EC75310,IS 8824
FAM-9F6CCCAFBC75,IS 6020
FAM-333B6BD5B896,IS 10011
FAM-03A2DA9AAB30,IS 16853
FAM-C3AACE9E32AA,IS 17960
FAM-029C6A128234,IS 17968
FAM-E4F5741638ED,IS 17888
FAM-8A4D81E83781,IS 17961
FAM-396627DFDE7D,IS 17967
FAM-2A8B23A72D08,IS/ISO 24487
FAM-A5D944381166,IS/ISO/IEC 24734
FAM-AE6D888AA611,IS/ISO 50049
FAM-545AE15ED0AE,IS/IEC/TS 61850
FAM-2E033F244C19,IS 16322
FAM-0C07E16047A1,IS 17949
FAM-336B651D35AF,IS 17999
FAM-636A0C846C90,IS 18060
FAM-691E09EB8BCE,IS 12733
FAM-ACF986098CC1,IS 17995
FAM-BB8059B20D69,IS 10971
FAM-0479791A3C43,IS 16309
FAM-538D76863115,IS 17997
FAM-BB4CDE56D0A1,IS/IEC 62488
FAM-F20CAA6F9FB2,IS 14702
FAM-B22861F6E0B0,IS 15030
FAM-85A4A31399CB,IS 17946
FAM-277A5103FC7B,IS 10805
FAM-F9A2674248EF,IS 17950
FAM-D8FC12CEE1AF,IS 1774
FAM-81B2E50C0EEE,IS 2191
FAM-F0077FDAA2EE,IS 9569
FAM-C87ED41B7EDF,IS 12031
FAM-0A2A60AD4BE6,IS/ISO/IEC/TR 12785
FAM-3ECEA857E450,IS 17910
FAM-E7D3BDE88C1A,IS 17952
FAM-0C09019AED18,IS/ISO 22322
FAM-E121E5C9BF6C,IS/ISO/IEC 24711
FAM-1D8ACFADCFAA,IS/ISO 20700
FAM-70838AAA7CC6,IS/ISO 21500
FAM-72EA7BD37305,IS/ISO 22319
FAM-18F4754E6BDF,IS 13643
FAM-072E686DE113,IS 18099
FAM-DBD888673942,IS 17973
FAM-D3DF16C68ACC,IS 17998
FAM-FE78A9944D49,IS 18065
FAM-9AADEC861FF6,IS 12673
FAM-BA7F964079F8,IS/ISO 16322
FAM-0EDE37B3B289,IS 16576
FAM-97500C206FC4,IS/ISO/IEC 10561
FAM-DFD39BCFC528,IS 12178
FAM-2EF8276D5B08,IS 16297
FAM-E4EF368590D0,IS/ISO/IEC 17991
FAM-873921A12818,IS 17993
FAM-7FE03230B053,IS/ISO/IEC 21117
FAM-AE9041356345,IS 201
FAM-57A80C5383CE,IS 2725
FAM-83FC75C0EF9B,IS 4262
FAM-89A16395D745,IS 7445
FAM-BC26F6BBD32E,IS 8914
FAM-C67FA4A144FD,IS 13174
FAM-0CCBEAAA8A5D,IS/ISO 14298
FAM-28CCFBB37B79,IS 15201
FAM-684A0709CD8E,IS 16529
FAM-DEAC4F403A18,IS 17981
FAM-770529D2EDB5,IS 17985
FAM-685440269CC1,IS/ISO/IEC 17823
FAM-8C5966B4047B,IS/ISO/IEC GUIDE 46
FAM-5B7C199EF8ED,IS/ISO/IWA 14
FAM-2B71E90BCC52,IS 17920
FAM-8CF916BB67EA,IS 12149
FAM-34DAB5DE2683,IS 12207
FAM-BF89B802C9B3,IS 14334
FAM-61491423A9D1,IS 1184
FAM-92C27571E84D,IS 1605
FAM-7754C1125F92,IS 2033
FAM-EC53411217B5,IS 3776
FAM-5E08433B1D4D,IS 9764
FAM-BF5165D6D50B,IS 10428
FAM-7E9A172848F5,IS 13707
FAM-720C4031E63F,IS 17909
FAM-0F48D923BD6D,IS 17911
FAM-E5A8EB02702D,IS 17937
FAM-8E47641798F5,IS 4471
FAM-502214057130,IS 6526
FAM-D90D64C33E3E,IS 7447
FAM-4D758B2F33EB,IS 7448
FAM-A07F75B6DA73,IS 7843
FAM-FDDA11B1990B,IS 7844
FAM-280F9ADB4315,IS 10010
FAM-2BF7E5738862,IS 10583
FAM-F6D046A41138,IS 17927
FAM-B7D3D6A0935B,IS 17988
FAM-B2C3D92426D3,IS/ISO 23195
FAM-12227FD9BDA3,IS 17928
FAM-E659898D6205,IS 17982
FAM-31C5BD6DF330,IS/ISO 16337
FAM-D56855F8EA6E,IS 2431
FAM-310B9024756A,IS 17990
FAM-74F336F04294,IS 15080
FAM-716BBA419EEC,IS/ISO 14852
FAM-E4CB7629BFF7,IS 1713
FAM-E160BA9C6872,IS 2151
FAM-A74CA76D4A4D,IS 2153
FAM-F7CE26F15C53,IS 11586
FAM-1A96E6174CD1,IS 13463
FAM-FF348AFD3A0C,IS 15081
FAM-A8BAC05CFA71,IS 189
FAM-4231429A896A,IS 1935
FAM-569F3B7C9339,IS 2239
FAM-D0FC2C9AADFB,IS 3160
FAM-24C2A4C1997A,IS 3161
FAM-F491410C1DD8,IS 3163
FAM-BBD0150FFC90,IS 4193
FAM-66492FB970A9,IS 5862
FAM-91CA53C49A67,IS 11048
FAM-B0812C9D8FCC,IS 14794
FAM-83907A537A42,IS 15424
FAM-66C7FB128C20,IS 17978
FAM-5BA38E3DBECF,IS 17979
FAM-2FC36D6A9586,IS 17980
FAM-99DEA874A523,IS 5245
FAM-825E45D2F9B2,IS 5387
FAM-B704F1D8FD55,IS 5972
FAM-9841E65FC371,IS 6839
FAM-4E60E4AE62CE,IS 10525
FAM-E8F59BE5C47E,IS 13902
FAM-E81544B35F0A,IS 3441
FAM-BC6ECA2DB82D,IS/ISO 5009
FAM-D494FBCE0107,IS 433
FAM-38757548F312,IS/ISO 105-G04
FAM-005A24FBB866,IS 328
FAM-4E911F7A8940,IS 17983
FAM-715979D29A01,IS 17992
FAM-34ECC6F5849F,IS 3937
FAM-AB1C0C968816,IS 5115
FAM-70BDCD5CBB17,IS 5777
FAM-4A2A45BCC762,IS/ISO/TS 22332
FAM-8194DE469AD0,IS/ISO 14005
FAM-D4B5470F431D,IS 15963
FAM-3C86F4984FF9,IS 5856
FAM-6612D828A876,IS 7423
FAM-9BD2E4228558,IS 11382
FAM-9E701077D409,IS 15327
FAM-553E49F49844,IS 15728
FAM-150671A25B1D,IS 16003
FAM-7488A8579A0D,IS 17840
FAM-1D24683BCCC6,IS 17718
FAM-55D7CD1FC444,IS 17942
FAM-B46597330953,IS/ISO 21426
FAM-1E6A1CC3B708,IS 14803
FAM-BD60B46C7193,IS 17885
FAM-96F8513A37C8,IS 16796
FAM-86B610722788,IS 17837
FAM-BC8F4552D8E2,IS 17906
FAM-234E8E0C080D,IS 15625
FAM-EBCAFAD9DAF1,IS/ISO 3183
FAM-AA0CD5855404,IS/ISO/IEC 50
FAM-6944E00223D8,IS 16198
FAM-88E532B3468B,IS 10813
FAM-FBB5FB2E63B3,IS 11671
FAM-A9CDB550F0FA,IS 16719
FAM-EFEB0B4E16D8,IS 8280
FAM-AE9E2200EF2B,IS 174
FAM-55B447DDF024,IS 187
FAM-3FECD429B0FF,IS 10582
FAM-2C40F79906EC,IS 11873
FAM-10B5C89290EA,IS 1803
FAM-52C784B63B2A,IS 17945
FAM-72F8D7C87F4D,IS 415
FAM-2BF98374CE7A,IS 17925
FAM-794A16642FB1,IS 17939
FAM-A80A245D02F6,IS 17940
FAM-030E55740D3A,IS/ISO/IEC/TS 23167
FAM-BF9F8A48805F,IS/ISO/IEC/TR 23188
FAM-68F049A2D8F7,IS/ISO/IEC 22624
FAM-460467744F15,IS/ISO/TS 23029
FAM-709AE120DD16,IS/ISO 23897
FAM-056F58A31897,IS/ISO/TR 21797
FAM-EF13CB9E7E70,IS/ISO 21586
FAM-BDE420B0BA29,IS/ISO 5116
FAM-C901C041CA94,IS 5088
FAM-6AD01DDF6F07,IS 5460
FAM-26B4CA6E5C90,IS 5485
FAM-FACFC3DD6C86,IS 8244
FAM-CC08AB145F24,IS 7842
FAM-8A45319ACED7,IS 7119
FAM-F70BD5ADAF08,Is 648
FAM-4F6BF5C388E2,IS 11636
FAM-5F5B2E2CD821,IS 11660
FAM-E068640A4559,IS 11678
FAM-1C92E2C3097E,IS 9317
FAM-A50E8E60A9BE,IS 17773
FAM-5335FA9FADD0,IS 17943
FAM-AB7194244A4F,IS 13946
FAM-944ACB1092D8,IS 17221
FAM-ACEAD2019961,IS 1144
FAM-E8833DB95953,IS 1423
FAM-4EE848674A0C,IS 1535
FAM-60B98602CBB0,IS 1544
FAM-F685CAAAD79C,IS 3192
FAM-A7507CD988BD,IS 2740
FAM-BD6335624236,IS 2463
FAM-DDAA75FDCD34,IS 4980
FAM-8F2E0695C1D6,IS 15475
FAM-8EB00513C18C,IS 15756
FAM-856ADC075199,IS 15492
FAM-85A4B5B17623,IS 17916
FAM-033966B98814,IS 17938
FAM-8C12A351A532,IS 11042
FAM-7802338CD4B5,IS 11328
FAM-79082032A3B7,IS 15382
FAM-11BFFF3D521C,IS 4630
FAM-364735901AAE,IS 4961
FAM-E947EC5A5545,IS 11384
FAM-B3C12719134C,IS 17931
FAM-D07CDC846442,IS 3040
FAM-46DF7FEA53EA,IS 17941
FAM-ED7D71E647E3,IS 17935
FAM-EEC17E65B900,IS 17934
FAM-E4A0794B261A,IS 17933
FAM-38116E47F67E,IS 5321
FAM-FF33F68EFB4B,IS 16015
FAM-FA715277F5E0,IS 11958
FAM-10E4406D8BD5,IS 5970
FAM-666B0C955B86,IS/ISO 22702
FAM-46A72C6691E4,IS 508
FAM-FC239B5B9A2E,IS 17912
FAM-952820B89FA2,IS 17913
FAM-058AD3CE5796,IS/ISO 105-B03
FAM-FC7185858BAA,IS 262
FAM-872480BB2C3A,IS 4256
FAM-5463DAC77595,IS 16728
FAM-2372DC249B6E,IS 14763
FAM-6F1111417157,IS 899
FAM-18D625F0391E,IS 3450
FAM-8FFF6029F2FE,IS 14544
FAM-D08F28D3536D,IS 178
FAM-959D0CE90F29,IS 181
FAM-C2966D1CF263,IS 182
FAM-77EC0CDDFB35,IS 186
FAM-115BE5C5FE4D,IS 249
FAM-F540E0857048,IS 7704
FAM-F3F9F3A01FCF,IS 17923
FAM-A9AF481A50C4,IS/ISO/IEC 10779
FAM-B905DFED516C,IS/ISO 12635
FAM-71F7D55E372B,IS/ISO/IEC 17060
FAM-44F01466C487,IS 17018
FAM-6341F2A586AE,IS 2079
FAM-39183F661590,IS 17518
FAM-0A1BAA620601,IS 17851
FAM-E3CFF49ABC99,IS 17852
FAM-7ABA0C0EED0F,IS 17871
FAM-31CA73885B7F,IS/ISO/IEC 19944
FAM-698940A87C1F,IS 10399
FAM-9A18720A1B62,IS 17886
FAM-33A5838EB6B8,IS 17887
FAM-2D1A375D6107,IS 17889
FAM-11C429B98588,IS 17914
FAM-046B15D0E4B4,IS 17915
FAM-95C5D2832991,IS 16978
FAM-624E56833EE8,IS/ISO/IEC 17788
FAM-700B95F753A2,IS 17848
FAM-14473A1558E6,IS/ISO/IEC GUIDE 37
FAM-021F3E54B2E6,IS/ISO/IEC GUIDE 76
FAM-10EFA2E4908E,IS 250
FAM-DE8749C1D2A6,IS 1333
FAM-0ECFC84AA1B3,IS/ISO 4250
FAM-271D91CBB073,IS 4287
FAM-94A9CF5536F2,IS 4385
FAM-513627DF4C87,IS 4386
FAM-F55D01DB28B6,IS 4950
FAM-B7B97CF09C09,IS 14983
FAM-C29CCB0BB5FC,IS 15168
FAM-341D5A4401BD,IS 15628
FAM-47205BC1E24E,IS 16333
FAM-B723B02A6AF4,IS/ISO 10434
FAM-6FF0BF9E4463,IS 61400
FAM-9A19EF74BA73,IS 17904
FAM-A26D7B8AC10D,IS 17907
FAM-A2E9660DD3AE,IS 17902
FAM-BF24A23C9B95,IS 17903
FAM-34C914C0579A,IS 1365
FAM-7350402175FA,IS 11047
FAM-43DBD90054D8,IS 17706
FAM-A2A79A6247A6,IS 17725
FAM-5F0CE8987DB9,IS 17812
FAM-986F8481C641,IS 17883
FAM-5D7892F1E55C,IS/IEC 62275
FAM-2455B56D698A,IS 18010
FAM-1BC159146F50,IS 2741
FAM-5E9DD1937F7F,IS 2744
FAM-C57138F04C01,IS 4113
FAM-7D75FE316606,IS 15082
FAM-6FA7F8AD9973,IS 17077
FAM-BDA7A64CDAF6,IS 17397
FAM-579439D2C030,IS 17892
FAM-7B510D2D26C8,IS 17917
FAM-091E7EBB8215,IS/ISO/IEC 17030
FAM-A8EED735958B,IS/ISO/IEC 27002
FAM-8454243F2DFA,IS 17901
FAM-B7E99380B930,IS 8035
FAM-70A88E511C01,IS/CISPR TR 29
FAM-BA58372B4993,IS 4661
FAM-B665669DBEA1,IS 9136
FAM-EDBB84574F6F,IS 1604
FAM-A4C5542AA533,IS 17873
FAM-80D81525A736,IS 2363
FAM-6EE1A871D6BD,IS 7730
FAM-C4F2ACADA42A,IS 11563
FAM-20F54631B335,IS 11891
FAM-8BD86BBB44F9,IS 12869
FAM-81795435876D,IS/ISO 14851
FAM-2A9F02571BE5,IS 14902
FAM-F9941F31EB4E,IS 17449
FAM-82A0430C93BE,IS 15832
FAM-4A60265A1A6F,IS/ISO 18650
FAM-DB84FCB0B8F3,IS/ISO/IEC 19752
FAM-E348D20AF11C,IS 17113 : Part 3 : 2022
FAM-892B8CEB9E40,IS 17869
FAM-2D6D2B6EF348,IS/ISO 8601
FAM-70249531DA87,IS/ISO/IEC 19798
FAM-7A6D5B09136F,IS/ISO/IEC 19799
FAM-EF9C135A0D3D,IS 14333
FAM-7DA37FD8770E,IS 8008
FAM-BD94361169FC,IS 8360
FAM-1359CAA568C7,IS 14268
FAM-9D8F7F052793,IS 14885
FAM-D29B06A6D8A3,IS 4572
FAM-1180FB06727A,IS 11066
FAM-5BDA8EB0344E,IS 17896
FAM-5B0BBE731079,IS 16481
FAM-16C47A9813A8,IS 1154
FAM-D1527651AB75,IS 3786
FAM-E883FA2E0A20,IS 4589
FAM-ACCB19F785FA,IS 10751
FAM-A879ECCF58AA,IS/ISO 11737
FAM-FB15102A0786,IS 17785
FAM-DB6DBDDCB61B,IS 17880
FAM-ADE790BDD8B4,IS 17855
FAM-8CD7116C85EE,IS/ISO 56000
FAM-7029E0FCE746,IS/ISO 56005
FAM-50BFE01CE35D,IS/ISO 9994
FAM-3265FC865F6D,IS 3495
FAM-88F67E01FC9C,IS 17766
FAM-CE226A2CF2BC,IS 1166
FAM-4BF1EF966EFC,IS 1165
FAM-51109AEAC516,IS 3199
FAM-0B1B77AC7FD2,IS 3683
FAM-5571F4058D13,IS 4420
FAM-3330109433EE,IS 11059
FAM-A7397B1D5C9E,IS/ISO 17088
FAM-C931A13D4ACA,IS 17261
FAM-A7759029C6F7,IS 17263
FAM-1D5F4F147834,IS 17879
FAM-85757DBEA0E2,IS 1353
FAM-0192730FF6D8,IS 2485
FAM-6E4B7036ABB9,IS 2506
FAM-920A0C944AB6,IS 2722
FAM-44A5B29A6FC1,IS 3365
FAM-897D3ECF4263,IS 4183
FAM-49413996AD4A,IS 4255
FAM-F3C8D1F88AD5,IS/ISO 4301
FAM-BBF73460326D,IS/ISO 4708
FAM-A6C3F826BE81,IS/ISO 4709
FAM-89317A9A0329,IS 5521
FAM-5566D671CB83,IS 5891
FAM-7137D2A4F968,IS 17738
FAM-CE0858ACB863,IS 17842
FAM-132C1A9F9B9D,IS 17843
FAM-389893ED7087,IS 17870
FAM-BD8A33B3C685,IS 1155
FAM-66A48FA1C125,Is 1656
FAM-459C882A4D12,IS 11536
FAM-53E62AAF8190,IS 14433
FAM-66848A722DCE,IS 15757
FAM-0986E84AF223,IS 17875
FAM-790027A9571E,IS 17876
FAM-BAF97FE44F24,IS 17802
FAM-BFDFCCA65F88,IS/ISO 37002
FAM-E4DC3A32D5A6,IS 17113 : Part 4 : 2022
FAM-19FCE577BB7E,IS 17861
FAM-8EC3680AA387,IS 17872
FAM-242F2EAD84F0,IS 2600
FAM-C3E52D584143,IS 17881
FAM-4C7AD8786C96,IS/ISO 37000
FAM-245D041F351E,IS 2427
FAM-7568362330A2,IS 6416
FAM-F56F54CBB979,IS 9304
FAM-2D12E6526FEB,IS 9451
FAM-B2F21270571E,IS 9841
FAM-09E8203F409D,IS 11371
FAM-BC6DD5FEDE1E,IS 14473
FAM-CB45A1724814,IS 15748
FAM-2E6957839D9F,IS 17847
FAM-560D15E3F536,IS 7933
FAM-1D34F92D9F14,IS 3061
FAM-CECC81040B91,IS 17262
FAM-FAD31711E42B,IS 17264
FAM-B51FA5AF6819,IS 17572
FAM-D805F5272E63,IS 17810
FAM-C6EB4097D5F3,IS 17811
FAM-16855B946BC9,IS 17838
FAM-E0C03956C901,Is 4824
FAM-694B05EAD95C,IS 14618
FAM-4E839FAC6CF4,IS 1203
FAM-CAF0C7F91123,IS 11637
FAM-3B07B390177E,Is 17790
FAM-4FA3A4315C21,IS 17794
FAM-15630AD543C1,IS/ISO/PAS 24019
FAM-B9B8F749C7D6,IS/ISO 26262
FAM-0DDD35C8C953,IS/ISO 44002
FAM-576E1D9F2EA6,IS/ISO 10993
FAM-6B70D64C1C56,IS 2438
FAM-4821D1B33BD0,IS 720
FAM-84A36D09DA52,IS 4768
FAM-1F012F673748,IS 17544
FAM-FDEFEEA5BF38,IS 5432
FAM-AFB77D8F8AB1,IS 7438
FAM-02D4A9EFBE38,IS 16883
FAM-E6BAF93ED0C7,IS 17755
FAM-E49BCE4502B1,IS 17813
FAM-C86AA900C0B5,IS 17814
FAM-3AF87961C0BC,IS/ISO/IEC 19086
FAM-04D6A1CEB7BA,IS 2791
FAM-CD95047434B7,IS 3309
FAM-E1DB959DB71E,IS 14606
FAM-88880E777FD6,IS/ISO/IEC/TR 23613
FAM-D0048D8CC6E1,IS/ISO/IEC/TR 23951
FAM-F38F22A2D03A,IS/ISO 24536
FAM-2BE7F74DDC0E,IS 17815
FAM-DA1A3C6B75C5,IS 17850
FAM-D5161A8FDB31,IS 17858
FAM-A9FD68C98C78,IS/ISO 22259
FAM-FAED09028ECA,IS/IEC 61076
FAM-9E613A0C0A2C,IS/ISO 10668
FAM-2748ABC610FD,IS 2
FAM-72B31948019F,IS 9127
FAM-B0B377D76A02,IS/IEC 60358
FAM-6DE497D641B7,IS 7746
FAM-1C5794ED7D66,IS 15343
FAM-BF885E3FDA97,IS 702
FAM-929544B9E866,IS 14982
FAM-754871648B4E,IS 15450
FAM-A39E5769EF3F,IS/ISO/IEC/TR 22678
FAM-44D7AD17C4ED,IS/ISO 22956
FAM-CC59CE9A94F3,IS/ISO/IEC/TR 23187
FAM-01B726065DC9,IS 17631
FAM-86D28B5CD122,IS 17632
FAM-4FF10C12ED1B,IS 17633
FAM-675A024B7058,IS 17634
FAM-52C7FEC0A71D,IS 17635
FAM-15118AA7C614,IS/ISO 1997
FAM-00E094FD4E88,IS/ISO 2067
FAM-AFAF1FD21FEE,IS 3036
FAM-07A58ABAD4F2,IS 8910
FAM-8171C1C7EBF2,IS/ISO 10474
FAM-E2F8C9D96C83,IS 11611
FAM-E552F94417AE,IS 12570
FAM-78B870F46F0C,IS 12623
FAM-1D6639DBBE9C,IS 13826
FAM-EBCC3194404A,IS 17772
FAM-03D5E505BA33,IS/ISO 16124
FAM-B531ACF97815,IS 16901
FAM-867A2E776C76,IS 17836
FAM-D838834245CB,IS 17845
FAM-3DC2982DCF09,IS 15607
FAM-8F886F5E4DD7,IS 17801
FAM-1F5C2831008D,IS 17791
FAM-0D734392BBBB,IS 10664
FAM-DEB1285B2103,IS 17849
FAM-CA55C480A486,IS/ISO 15761
FAM-E61AFD6D253E,IS 16233
FAM-ECAFA9C67EF3,IS 6076
FAM-4B3F0C74D2FE,IS/ISO 17292
FAM-A822B3EC7EE6,IS 15636
FAM-2E70C9B4BD9F,IS 15633
FAM-29CCD55ACC66,IS 1152
FAM-9FA8EA63621F,IS 1259
FAM-D5C70B09A5C2,IS 2400
FAM-8192617A74A9,IS 4439
FAM-29D831F9EF4C,IS 4591
FAM-44380AA9FB4F,IS 8698
FAM-85E3D2C95AEA,IS 8986
FAM-AB1F34E66124,IS 9309
FAM-FF1F75EF33F2,IS 9917
FAM-654B006AC5E6,IS 10901
FAM-5428D0938071,IS 10902
FAM-357B4E241CE8,IS 15260
FAM-A323726E3954,IS 17825
FAM-7B7FF3666594,IS 17856
FAM-61836379F331,IS 17865
FAM-61FC0FFEFDEA,IS 17866
FAM-EDC831E24A03,IS 17867
FAM-DE8B9D7DC1E5,IS 17868
FAM-A341EE5E9989,IS/ISO/IEC 24735
FAM-9BF1DCFDE5B2,IS 17863
FAM-1AD7CD65A8FC,IS 17864
FAM-E8C4DCB3C4E2,IS/ISO/IEC/TS 19795
FAM-DD1E8A919F05,IS 5742
FAM-1ABBCBDF135F,IS 2935
FAM-6F274B6EED8C,IS 2577
FAM-601C48DC46B4,IS 4840
FAM-163FA06920D2,IS 4841
FAM-21AC41394D9D,IS 12539
FAM-643E0A018C07,IS 12548
FAM-3BCC874BE011,IS 12619
FAM-ADFDFE37C62C,IS/ISO 15883
FAM-F886947B8638,IS 17762
FAM-479D239B2321,IS 17763
FAM-A10B8B9B90C5,IS 17764
FAM-962D5F63EE1A,IS 17765
FAM-C48AEE6AC43A,IS 17768
FAM-7ED76DCC5468,IS 17823
FAM-E639A3F07B04,IS 17824
FAM-EE3A45F480C1,IS 17826
FAM-9DB42E786E80,IS 17828
FAM-AD14C0C55D4B,IS 17830
FAM-96A96FF412F8,IS 17831
FAM-5E1CD1F9FEEF,IS 17832
FAM-AF00132EDE80,IS 17833
FAM-4EAB846C8534,IS 17834
FAM-406E242861E8,IS 17835
FAM-4C8FE851047C,IS 17846
FAM-3AC6C3E846D9,IS 17771
FAM-E061123FD50E,IS 17797
FAM-A16FA064298C,IS 17769
FAM-FEE533A59531,IS 17770
FAM-19DFA0B8C7B1,IS/ISO 105-B06
FAM-7AEA597B9FAA,IS/ISO 105-G01
FAM-7816A3055247,IS 1390
FAM-B383FD6F2183,IS 3077
FAM-1C6785DE8533,IS 4023
FAM-95C879193BD7,IS 5189
FAM-DD0E2369A4A5,IS 5797
FAM-6F29BF002EBF,IS 6313
FAM-CE5478D68C87,IS 10655
FAM-A914A2500F8B,IS 11923
FAM-92C96DD5BA4F,IS 16616
FAM-F42CDB49C3EB,IS 17106
FAM-3223E95F4171,IS 17789
FAM-08597DCDD1B1,IS 17792
FAM-DD7E85FE286E,IS 17793
FAM-0710A3DCBA6A,IS 17807
FAM-7F7C32E2766B,IS 17809
FAM-43702EF7FDB6,IS 17817
FAM-F5B381ADCCDE,IS 17820
FAM-77B0B6B0FC8A,IS 17827
FAM-4248AC3FA55C,IS 17829
FAM-3AEA7A367222,IS/ISO/TS 11669
FAM-9CB7951B4401,IS/ISO 13611
FAM-738A8A0BC989,IS 17709
FAM-0FD136ACD6D2,IS 17786
FAM-65FCF6C1F386,IS 17822
FAM-D2D973596C95,IS/ISO 19731
FAM-D12BA8FB40A3,IS/ISO 21720
FAM-26CE5692F75E,IS/IEC 62137
FAM-D68326371D69,IS 15464
FAM-39CE712437B6,IS 17821
FAM-285FF0DD0FD3,IS 2771
FAM-D14FCD561947,IS 5236
FAM-3903ECE8E80C,IS 14883
FAM-5FB3F5358F18,IS 15188
FAM-6298504B9C65,IS 16611
FAM-A51A5C49CE94,IS 17693
FAM-8D53719448BF,IS 17774
FAM-B36CA8A94157,IS 17803
FAM-E76B5CCB7C7D,IS 17818
FAM-C02085B29FAD,IS 17819
FAM-3AA874F6E359,IS 26002
FAM-2DC18B7EA620,IS/IEC 60073
FAM-BA59C7C9660C,IS 60335
FAM-C1A07502F1E7,IS 16256
FAM-880CB5E0F672,IS/IEC 63134
FAM-DA0CC2696208,IS 3617
FAM-B214993F5BC5,IS 17800
FAM-44FA66D9D5FB,IS 719
FAM-6F18D3AF705D,IS 9439
FAM-976A5AC44032,IS 12011
FAM-76F9189C9098,IS 1967
FAM-05DED2EEDEF0,IS 2349
FAM-720C8C4992C8,IS 2350
FAM-A7192ED2ECD4,IS 2369
FAM-05AB3416FAE0,IS 2727
FAM-3343E592B947,IS 3429
FAM-221252BC187B,IS 12425
FAM-9EB7BDB42DD4,IS 3430
FAM-CD588EBD8FDA,IS 3456
FAM-336FDCC13CBB,IS 3856
FAM-039EAEAF3664,IS 4202
FAM-5F994C1AB056,IS/ISO 22300
FAM-290C67B93A5E,IS 4203
FAM-1CD25E94A9C8,IS 5449
FAM-1B816F564BAB,IS 5463
FAM-CBC98A682E0F,IS 17799
FAM-1EDDB1741727,IS/ISO/IEC/TR 24029
FAM-61AC7E637FFC,IS/IEC/TS 61936
FAM-DADFB35687F5,IS/IEC 63095
FAM-230657D070A4,IS 15574
FAM-0EBFE2EDA955,IS/ISO/TS 29001
FAM-B607244D95EA,IS 1083
FAM-C09F42B9229D,IS 516
FAM-B0D4631E83EE,IS 7192
FAM-7470E6D75097,IS 11965
FAM-80BA77711AF8,IS 11977
FAM-54D589C82935,IS 14355
FAM-09E90BFBA983,IS 15934
FAM-1ACC8D098DF4,IS 16531
FAM-169D3C3ED99F,IS 16561
FAM-E58DA3CEA91B,IS 17536
FAM-2395C0FE4D7E,IS 17661
FAM-C5921D08AC8E,IS 17748
FAM-CB6137EFC56C,IS 17754
FAM-5BF6F3D28AFD,IS 17783
FAM-66F43C369BD0,IS/ISO/IEC 18745
FAM-465553CD3886,IS/ISO 18871
FAM-071B76E0DE1B,IS/ISO 21416
FAM-6C0C11F9AF59,IS/ISO 21502
FAM-3DD14A0647FC,IS/ISO 21505
FAM-96AE35FFDA30,IS/ISO/TR 21506
FAM-32C237DF8EFE,IS/ISO 21508
FAM-A9888FFF46EF,IS/ISO 21511
FAM-29BC2519B803,IS/ISO 24803
FAM-DD9753475DE6,IS/ISO 29991
FAM-7CE24A226F9B,IS/ISO 29995
FAM-79BECF59547F,IS 17853
FAM-847AE423E3A6,IS 17854
FAM-345A5DC7324A,IS 550
FAM-1E1E696BF8C1,IS/ISO 80000-10
FAM-370E453BCA6B,IS/ISO 30414
FAM-0EFDF8D7A218,IS/ISO 44001
FAM-6DDE3BAFDAA4,IS/IEC 62642
FAM-26B8433EBBF8,IS 1925
FAM-A13D5764C1B6,IS 2344
FAM-4276FA1B53DC,IS 3041
FAM-FA2E05606E4F,IS 3795
FAM-52CC54DDB6B0,IS 4404
FAM-E197C99DFD72,IS 4848
FAM-9B22D9FBBB26,IS 9978
FAM-D61460C9CF14,IS 13321
FAM-3D3477EB58C5,IS 14647
FAM-2F13E2BDD62D,IS 10052 : Part 1 : Sec 6 : 2022
FAM-D0F811BC0B8D,IS 16419
FAM-03CDDC3F2057,IS 17757
FAM-BD85D8DF2C43,IS 17758
FAM-D2624E08A383,IS 17804
FAM-5EBC8474B614,IS 17806
FAM-7F09251DC857,IS/IEC 61189
FAM-B07714A62A33,IS/ISO/IEC 30108
FAM-30B87240B494,IS 16695
FAM-EC12D03B0D49,IS/ISO 105-A03
FAM-6F7D6CF911EB,IS 1798
FAM-CAA82F2A8D28,IS 1828
FAM-5806505C7CCA,IS 8600
FAM-843CD091DD38,IS 11327
FAM-B78458EE6D7D,IS 11999
FAM-40517A5F3CD4,IS 12871
FAM-AEB59030F531,IS 16025
FAM-038E7700022B,IS 16308
FAM-F9E0E0847CE4,IS 16842
FAM-1E8F458D85E3,IS 17195
FAM-EC79FA493A0D,IS/ISO/IEC 27007
FAM-F2F3642237B8,IS 17681
FAM-C6EC39E5B096,IS 17699
FAM-D2E823705A38,IS 17778
FAM-C98213A57DDA,IS 17808
FAM-54B925C8C51E,IS/ISO/IEC/TR 20547
FAM-A7CCB67B1D2E,IS/ISO/IEC/TR 24028
FAM-2A2115BFCA93,IS/ISO 23412
FAM-188978E932E9,IS 3576
FAM-F221E3ECEF73,IS 4403
FAM-6C3EFD19CBBC,IS/IEC 60740
FAM-D4A0AD260BAF,IS/ISO 105-P01
FAM-CF96E0A2FB26,IS 1205
FAM-B4577F530B51,IS 16316
FAM-F38B61E489A9,IS 1211
FAM-7F059D220006,IS 1212
FAM-977EFF94C026,IS 1204
FAM-10BF928CB49A,IS 1207
FAM-B261F8A93115,IS 17475
FAM-B9FA38EEC604,IS 17787
FAM-CE3D18650ABB,IS 17788
FAM-316C23DBCF09,IS 17737
FAM-D5900179C50A,IS 17743
FAM-A22BAD70B902,IS/ISO/IEC 29141
FAM-1EECB3BA021F,IS/ISO/IEC 29197
FAM-5B5DD87489D3,IS/ISO/IEC 30106
FAM-93F98935EFBF,IS/IEC 62037
FAM-F3CB8769D3A9,IS/IEC 62746
FAM-849F33B550CA,IS/ISO 11040
FAM-3149278AB338,IS 17710
FAM-D8E794F50B7B,IS 17712
FAM-01EE99B247F4,IS 17744
FAM-90DE38909AB1,IS/ISO 80601
FAM-E8406837C30C,IS 7616
FAM-4B9B7C0BAFFD,IS 9267
FAM-BD72C80AE84A,IS/ISO 10017
FAM-F93DB52476BD,IS 15109
FAM-E1A44E000BA4,IS 17424
FAM-CDD2680EFDE4,IS 17611
FAM-6A0930456BDF,IS 17747
FAM-536829B97F60,IS 17775
FAM-58CEE8B35BEB,IS/ISO/IEC/TR 30125
FAM-DF09B95716A7,IS/ISO/IEC 30136
FAM-C9E3A976678C,IS/ISO 55002
FAM-CD277AAF89A3,IS 3224
FAM-F3AB37B5467B,IS 17441
FAM-A079874FAB8D,IS 12662
FAM-CF27F0E5015B,IS 17727
FAM-F719DD50656E,IS 17752
FAM-2A46D25DDD6A,IS 17753
FAM-D284BE78DC51,IS 17650
FAM-C1A57CF6F85E,IS 1892
FAM-9138F1D363DF,IS 2911
FAM-A5F8727BF81D,IS 14893
FAM-4533A1DBC202,IS 774
FAM-1F15152E5156,IS 7231
FAM-6D79910B920F,IS 746
FAM-8D723826C4FF,IS 747
FAM-9C3BB8EF60E3,IS 748
FAM-50539C691E71,IS 854
FAM-9D39FC3311F2,IS 860
FAM-E865AD97A389,IS 12234
FAM-033CE7EDACA3,IS 8931
FAM-0B89FFA1D7B7,IS 2500
FAM-D2C91EAC937C,IS 14499
FAM-9EF183A0F454,IS 14806
FAM-38DE1511CB02,IS 16900
FAM-D1FFE786E050,IS 17672
FAM-885CB8660B48,IS 17704
FAM-DC9C7D20B4DF,IS 17707
FAM-41BD494D58AF,IS 17722
FAM-F177215B429C,IS 17735
FAM-27C52C014C1C,IS 17745
FAM-D69D59DE426D,IS 17760
FAM-D208C9D61E00,IS/ISO 35001
FAM-4A1BC5EF6625,IS 745
FAM-DC246EF5D982,IS 17636
FAM-5E0AD16A5437,IS 17637
FAM-DF7072A05DF5,IS 17638
FAM-7750C2EA3DFD,IS 17639
FAM-EC30EC53E14E,IS 17640
FAM-FCB5551913FB,IS 17641
FAM-1B7605DD1730,IS 1262
FAM-C48DA733E5C2,IS 17776
FAM-C623F5E1A168,IS 17777
FAM-818A308B87A4,IS 17779
FAM-44E6667719E4,IS/ISO 18831
FAM-DC5D24C161F3,IS/ISO 21378
FAM-878021018C01,IS/ISO 22095
FAM-99C54141115A,IS/ISO/TS 22330
FAM-8C605EC0F966,IS/ISO/TS 22331
FAM-1FA4EAAAF983,IS/ISO 29992
FAM-6F30EDD32AEF,IS/ISO 29993
FAM-07874B48C50B,IS/ISO 29994
FAM-A761FCB1D7A8,IS 13435
FAM-B8DEF0055DC9,IS/ISO/IEC 30107
FAM-8A427329995F,IS/ISO 37301
FAM-910D3240EA7F,IS 4582
FAM-2101ABC82CEF,IS 15415
FAM-A850B7F0B55D,IS 16858
FAM-6BCB2F6D0196,IS 16860
FAM-40A6786E8B31,IS/ISO 22313
FAM-C6099C5D3577,IS/ISO 2030
FAM-7E67581929DC,IS 1856
FAM-30D1D8C34F84,IS 10086
FAM-DC76AC84B2F7,IS 12586
FAM-A76591754F7B,IS 6239
FAM-6DA76331F242,IS 11479
FAM-188D15ADAF46,IS/IWA 31
FAM-DDB0C6F84293,IS/ISO/TR 22370
FAM-E7AD3B0350A6,IS 3251
FAM-EB1414654E8D,IS 5501
FAM-69D5A1A614B7,IS 1202
FAM-8AEB87B43DE4,IS 6100
FAM-865C0D5BC2E8,IS 1201
FAM-D44E56B8EC99,IS 16418
FAM-10A4DF9BAF10,IS 1209
FAM-DEAF4F2004D9,IS 1215
FAM-3B3A2AFB8D75,IS/ISO/IEC 39794
FAM-98291E7219FD,IS 1370
FAM-A0C5F85546D6,IS 17736
FAM-B6D1074A81E7,IS 17780
FAM-A3F373E71918,IS 17781
FAM-C5511197B2B2,IS 17782
FAM-FD18E9431DA7,IS 1375
FAM-B50252068FEC,IS 5054
FAM-06D3429A1F66,IS 6356
FAM-9562AB35EF08,IS 8075
FAM-47EA4525F69C,IS/ISO13616
FAM-3E29D16B663E,IS/ISO 13904
FAM-D575B7FA3887,IS 14829
FAM-8F6B4A8F40C9,IS 15653
FAM-065BEFC2EA3C,IS 15680
FAM-9E58DD5BCA74,IS 17585
FAM-C15F2D8EE81E,IS 17589
FAM-04B3D04C6B98,IS 17668
FAM-876506197898,IS/IEC 60130
FAM-BE48A2D8FDEA,IS 17017 : Part 24 : 2021
FAM-67CB9FEE7687,IS 8757
FAM-C3390DE2AB6E,IS/ISO 13043
FAM-4FB8F884D16D,IS/ISO 17100
FAM-998AC90685AE,IS 17649
FAM-F25DC4A185FE,IS 17654
FAM-B3CA270F0A67,IS 17691
FAM-8EFA9F989BD9,IS 17700
FAM-DC92AACAD047,IS 17726
FAM-E43450CEECF7,IS/ISO 18758
FAM-70C9A90FF17A,IS/ISO 20252
FAM-A4183A0FB907,IS/ISO 20539
FAM-BDFF16608B1B,IS/ISO 50009
FAM-C30E037F0AA0,IS/IEC 60603
FAM-E01ACF1D65DD,IS 2080
FAM-3BD0AAC83334,IS 12765
FAM-9266C17F7075,IS 16261
FAM-71DD6B1ABBDF,IS 17571
FAM-4CA772E87295,IS 17573
FAM-EBA8EBA4833D,IS 17615
FAM-10DB28B7D009,IS 17627
FAM-65B52EA92232,IS 17659
FAM-0453004E875A,IS 17694
FAM-E0AC9BFFCE79,IS 17696
FAM-99DF2346F378,IS 17697
FAM-D277EC2D7898,IS 17698
FAM-261BC04DBD82,IS 17701
FAM-4A537AEB9304,IS 17705
FAM-8246EC6E757A,IS/ISO 18185
FAM-99082F8EC9AA,IS/ISO/IEC/IEEE 42030
FAM-C542FE2CA96E,IS 13774
FAM-6965F7690757,IS 79
FAM-A2B5FCCCC764,IS 229
FAM-1AD94245064D,IS 2794
FAM-D2A6C3715385,IS 9311
FAM-3F30E374DA1E,IS/ISO 13655
FAM-32FE46E874F3,IS 14717
FAM-7D5218FDB94B,IS 14812
FAM-BB4AB78ED2DA,IS 15545
FAM-FC55ACF8276B,IS 15770
FAM-1A59576C388A,IS 17657
FAM-D50A2BD30C56,IS 17682
FAM-6043F3C6B68C,IS/IEC 60110
FAM-78561F7FF9A4,IS/IEC 61071
FAM-11638A1615F9,IS 1369
FAM-0C9CA1A70369,IS 2840
FAM-A055B060F70F,IS 2876
FAM-B61A019AFC6B,IS/ISO 13567
FAM-77CFA0CA540C,IS 16449
FAM-E4B6B352B081,IS 17249
FAM-E835DDAA70E1,IS 17680
FAM-D645AA1D4FAE,IS 17756
FAM-29A395FB5D62,IS/ISO 80000-7
FAM-59D085BDFD8C,IS/ISO 80000-8
FAM-FF89D5852571,IS/ISO 80000-11
FAM-5B6430911714,IS/ISO 80000-12
FAM-664452A92DAE,IS/ISO 1984
FAM-3CCDE0A7F9A0,IS 233
FAM-FCACF20208A7,IS 729
FAM-05CB8998BBC8,IS 5624
FAM-01DE8104F2AB,IS 7731
FAM-86FC8FDF7D65,IS 9068
FAM-700EF981492A,IS 9200
FAM-A3D2ABE9C2B9,IS 9303
FAM-AFD8C8B8BC19,IS 9765
FAM-9E64312D4A59,IS 10153
FAM-EA85EE5AA02E,IS 10718
FAM-7F65615D7603,IS 12647
FAM-86A9E62C9104,IS 13088
FAM-88563509E43E,IS/ISO 13274
FAM-FE411D376475,IS 13929
FAM-174D3F4A99DB,IS/ISO 15070
FAM-CF66ED113798,IS 17708
FAM-B76EF636A0C5,IS 17678
FAM-8125D0B45FF7,IS 17711
FAM-E92B48727ABF,IS 17746
FAM-CFD23FC945BD,IS/ISO 20228
FAM-1BE26E08B68F,IS/ISO 21188
FAM-984369B6E616,IS 16007
FAM-1122A556DD48,IS/ISO 50003
FAM-FE6AB3C29F3B,IS 15726
FAM-A8FF314D2DF6,IS 17702
FAM-FEC6891FE175,IS 2303
FAM-7BED71BE5747,IS 2867
FAM-2AC5EC5CFD16,IS 3245
FAM-9104BE4EBC00,IS/ISO 8536
FAM-56F34EC6E74C,IS/ISO 10014
FAM-12C500CF4AFF,IS/ISO 18091
FAM-87FEA30C8109,IS 13797
FAM-303E2018745D,IS 14826
FAM-082AD3BA95A6,IS 14897
FAM-F0B1BF8B3BFF,IS 15876
FAM-71FA5B581E3C,IS 16550
FAM-AA0200DD57C1,IS 16779
FAM-D9C7997FE94D,IS 17547
FAM-59800CC4EEC1,IS 17588
FAM-7A6855BE47CF,IS 17644
FAM-F3EA2A17CDC0,IS 17645
FAM-405C2B056CCF,IS 17703
FAM-1EA5A2992014,IS 17741
FAM-0180D444675B,IS 17742
FAM-3FFAD627B37D,IS 17759
FAM-BE48A54DDDAB,IS 17761
FAM-3F9C56D8DC6F,IS/IEC/TS 60110
FAM-68E44D2527C0,IS/ISO 10013
FAM-F7E13AFCA031,IS 6994
FAM-0031AF9DC5EE,IS 4581
FAM-F5E1D2272514,IS 12254
FAM-A16E9209FC9A,IS 11862
FAM-59D185E9BA21,IS 5383
FAM-B5B7D5195FB5,IS 730
FAM-F8B43FBA9734,IS 17749
FAM-E823B3DAC8B4,IS 1248
FAM-E4CE02BEF380,IS/ISO 5983
FAM-EB9FE55D03C2,IS 13772
FAM-03D529E1799E,IS 14668
FAM-0A5BD3383C05,IS 3958
FAM-60E83A1E47D6,IS 6674
FAM-12D46DC0EC0B,IS 6879
FAM-B8A3CDF5FAD9,IS 6900
FAM-9BA38DB796A7,IS 8947
FAM-691DEA93BBF8,IS 13632
FAM-D62D4A93104B,IS 15130
FAM-23CF1AD2F0FC,IS 17599
FAM-F36C871E250C,IS 17602
FAM-59A2188ADEE9,IS 17660
FAM-9FA98B0C650D,IS/ISO 18841
FAM-82C9B666BCEA,IS/ISO 20108
FAM-556BE82EBD66,IS/ISO 20109
FAM-D337CB49B34B,IS/ISO 20400
FAM-88DB83D22225,IS/ISO 20771
FAM-78C8468840EA,IS/ISO 31022
FAM-526C3E3B565C,IS/ISO/TR 41013
FAM-074CF3718E27,IS/ISO/TR 44000
FAM-1F3C4A4EA4B7,IS 13871
FAM-9C8BC91D2053,IS 13998
FAM-2DF8048879CD,IS 16718
FAM-5166A709FC6F,IS 17728
FAM-BE8BD36F7D7F,IS 17730
FAM-C11BA351E811,IS 17731
FAM-7C4A6B4CDBE1,IS 11811
FAM-BFC5DD3B065D,IS 7071
FAM-0A94A509BA4B,IS 17504
FAM-19E0A8F8D20D,IS 17510
FAM-C9FF99B60D92,IS 17423
FAM-EBA7CF8CF7D8,IS 17729
FAM-6E6D0646B742,IS 40
FAM-9C679F433508,IS 17664
FAM-4C1AA0BE337A,IS 17665
FAM-0D1F42551211,IS 17666
FAM-CFE9F2400DA4,IS/IEC 62209
FAM-407C6CAE2AD2,IS/IEC 60915
FAM-0E2D822E6882,IS/IEC 61020
FAM-633A9F90B9B3,IS 10318
FAM-0FEC19357857,IS 17626
FAM-71FFC81BCC29,IS/ISO 26782
FAM-02155269F939,IS 17692
FAM-1FEA1A51F5B4,IS 336
FAM-D621F0F32501,IS 5113
FAM-39AB36144A32,IS/ISO 10368
FAM-32B761922BBB,IS 11032
FAM-11728589A27B,IS/ISO 11843
FAM-FB72D86B1FB2,IS 12343
FAM-731A844248AD,IS/ISO 14708
FAM-5459FE6EF30D,IS 16446
FAM-23919BF23F3B,IS 17269
FAM-A36F93D0E438,IS/ISO 11156
FAM-548F84D01C88,IS/ISO 16103
FAM-209C66A506E5,IS/ISO/TR 15069
FAM-E8D13E3AB879,IS/ISO 16106
FAM-36A9C1612328,IS/ISO 17480
FAM-6680C3A27258,IS 17612
FAM-0953FA50C686,IS 17618
FAM-3F76D6990F26,IS 17620
FAM-D7B3DB4C5A3A,IS 17629
FAM-EB1713AFE0DE,IS 17630
FAM-1555BF194D26,IS 17642
FAM-39AECD976463,IS 17643
FAM-33F6E38BEE2F,IS 17651
FAM-FAEF0EE94B96,IS 17652
FAM-4F6C8D853F7F,IS 17662
FAM-009518D9A108,IS 17663
FAM-5862E1D4A726,IS 17667
FAM-76085552BAE7,IS 17676
FAM-251D38416402,IS 17677
FAM-E06A9F21943F,IS/ISO 17682
FAM-4E6FDB0BD125,IS/ISO 17683
FAM-CB268E25E238,IS/ISO 18186
FAM-C4382231C8FC,IS/ISO 18250
FAM-D9B6C73252AF,IS/ISO/TS 18614
FAM-E364A44FD5FC,IS/ISO 18625
FAM-F7FFEF05CDED,IS/ISO/IEC 20543
FAM-BAD887853D75,IS/ISO 20854
FAM-55DD97C914A3,IS/ISO/IEC 24761
FAM-C5F81AAE9711,IS/ISO/IEC/TR 27550
FAM-6BCD6B01D32B,IS/ISO/IEC 29184
FAM-C3235BBA3ECC,IS/ISO 29943
FAM-07E6DD49AC84,IS/IEC 60580
FAM-6E4A1D066F51,IS/IEC 61676
FAM-FE4B973E10D8,IS/IEC 62083
FAM-99F510369DCE,IS/IEC 80369
FAM-8B1CC17751FD,IS/ISO 12776
FAM-2D1A444A2C2C,IS/ISO 10769
FAM-3270335E9571,IS/ISO 10773
FAM-19A6370CEB6A,IS/ISO 14937
FAM-E71B57CAD689,IS 15992
FAM-55C45748B779,IS 17590
FAM-A562D0A62978,IS 17591
FAM-5226E984656D,IS 17619
FAM-D3F1F497D785,IS 17648
FAM-E1F9308A9DF4,IS 17653
FAM-5FAC4887BFB0,IS 17656
FAM-E4EBE0C4B050,IS 17669
FAM-9CFB548D9A46,IS 17671
FAM-595DA2D89262,IS 17679
FAM-5EC43D2591A4,IS/ISO 20158
FAM-41141C9BF46D,IS/ISO 20754
FAM-DE84CD8C09F6,IS/ISO 20932
FAM-54F44102F3DE,IS/ISO 56002
FAM-E49619964C81,IS/ISO 56003
FAM-2318EEC13D4F,IS/ISO/TR 56004
FAM-A8F34D8DE7DC,IS/IEC/TS 60870
FAM-7D09FC32F264,IS/ISO 81060
FAM-DF319C072B37,IS 12249
FAM-EAF22C2CED2A,IS 5339
FAM-EF6EF6E2C060,IS 1904
FAM-81C40437060B,IS/ISO 2408
FAM-CB41A3E805C5,IS 4748
FAM-BF4F92877122,IS 15500
FAM-18F91CC885EA,IS 11486
FAM-FE5945BD33AC,IS 14639
FAM-776A804221E2,IS/ISO/IEC 20000
FAM-F73B334BFC4F,IS 17673
FAM-B9BDCEF78363,IS 16448
FAM-DBE73DCF7DAE,IS 13094
FAM-615DB5B8AC8D,IS/ISO 13942
FAM-9680A6104A1C,IS 15266
FAM-9D38EF9D454E,IS 16239
FAM-4CC9C944DB2A,IS/IEC 80601
FAM-4E9893A4C0F4,IS 289
FAM-F2E3B41FBBA3,IS/ISO 1135
FAM-DEE072367781,IS 4472
FAM-06AAC1DE1EF7,IS 4946
FAM-A05C0722967D,IS 6997
FAM-FE5EBC2F837B,IS 8133
FAM-92CD89B862FA,IS/ISO 10018
FAM-C15448F51377,IS/ISO 13926
FAM-EE8EB11C8CBD,IS 16216
FAM-3CC2D6A5B749,IS 16266
FAM-1720D50663EE,IS 16596
FAM-9BF369DC9CF8,IS 17646
FAM-2D44ED39576C,IS/ISO 21672
FAM-776D315494F6,IS/ISO/TR 22100
FAM-AF0C122CB118,IS 13238
FAM-E110236E5F77,IS 832
FAM-1263450BCF1B,IS/ISO 4043
FAM-FDD1B3CE76D5,IS 6799
FAM-0E40404446CD,IS 7299
FAM-45C9B81A6C3E,IS 8789
FAM-CDF96BA9C7A4,IS 11375
FAM-BFD81158DB6D,IS 11376
FAM-18C2F95F8788,IS 14716
FAM-9BF6F105A83E,IS 14831
FAM-6992BEE6338F,IS 17674
FAM-071BF019F8E4,IS 14132
FAM-EEB7F04B9BB7,IS/ISO 18587
FAM-25BE1AC33F1A,IS/IEC 60721
FAM-0E1D5AB27BAB,IS 14607
FAM-43799AB794E4,IS 17670
FAM-81DEE691A6A2,IS/ISO 3826
FAM-50FA1718F262,IS 16249
FAM-C1258A40B2D4,IS 13009
FAM-CA8792E31911,IS 16267
FAM-08AFB796C1C4,IS/ISO 6360
FAM-5AA5B5231341,IS 1448 : Part 29 : 2021
FAM-F539807B0049,IS 1500
FAM-AF9806C2A1EF,IS 1857
FAM-127D5BD2417E,IS 4359
FAM-0D7D42C5A56F,IS 4686
FAM-B05D27122300,IS 7082
FAM-5645D88E4608,IS 7524
FAM-3099E83ED0B6,IS 7645
FAM-6C6B1F779189,IS 9331
FAM-BF2EA1190A02,IS/ISO 10524
FAM-4E5DE55761A1,IS 12233
FAM-AF4E72EAB803,IS 12732
FAM-CFF17B6F6751,IS/ISO/TS 12812
FAM-FF8B6DD2C93B,IS 14147
FAM-EADA3E44F489,IS 1069
FAM-C6BD8B9258D5,IS 14926
FAM-8129F6EAA72A,IS 14957
FAM-2FFAE64BADDA,IS 16023
FAM-E4EF166C3EBA,IS 16042
FAM-2695E4176FD8,IS 16235
FAM-7181C5467D56,IS/ISO 16929
FAM-5239DCC872CC,IS 17564
FAM-BB3A75DAE56E,IS 17587
FAM-820E5AD7CDCF,IS 17592
FAM-8CABC8CF2305,IS 17593
FAM-1CA6BF6473B4,IS 17594
FAM-02507FBDDB31,IS 17595
FAM-B0109CD05FD5,IS 17596
FAM-F9DCFE21E3FE,IS 17597
FAM-DE98F125011B,IS 17598
FAM-6177865E3FE2,IS 17600
FAM-3FF16F0B8BA8,IS 17601
FAM-36699A0E84E5,IS 17603
FAM-BA35398945D4,IS 17604
FAM-0B654EC37D06,IS 17605
FAM-6357A31332E1,IS/ISO 20038
FAM-3A33B92CD93F,IS/ISO 20275
FAM-FB28C38A8BCF,IS/ISO 19490
FAM-2770C0D26624,IS/IEC 62341
FAM-84D6C16C085F,IS/IEC/TS 60839
FAM-94608D8046F8,IS/IEC 62311
FAM-31F35C173455,IS/ISO 17556
FAM-3EC72BD299C7,IS 17617
FAM-22AE8D3A7017,IS/ISO 21466
FAM-D35A49E8DEED,IS 17658
FAM-63EEF173D9F5,IS 17606
FAM-FF1EA906BC12,IS 35
FAM-475773A837C2,IS 5656
FAM-CC7A752DDD82,IS 6348
FAM-64F2C7443F46,IS 6673
FAM-0C4E7F9C5FB5,IS 7298
FAM-45DE73376893,IS 7776
FAM-133939803708,IS 11330
FAM-AE681E617AD8,IS 13548
FAM-926FBE7D44C8,IS 14801
FAM-4D2C102DBCEC,IS/ISO 15118
FAM-DDA0E2266C97,IS 15657
FAM-7C3E4B3E5F15,IS 16701
FAM-D81D147B14E3,IS 17576
FAM-54739782A01B,IS 17577
FAM-7CFA1E9591D4,IS 17584
FAM-E39171B03A51,IS 17622
FAM-4C95D10727E4,IS 17628
FAM-41004B5CC1AD,IS 15798
FAM-2559392582C2,IS/CISPR 35
FAM-1248491564B1,IS 15042
FAM-692C5F4CC737,IS 17558
FAM-5766CF154708,IS/ISO 14855
FAM-824C2D4895F9,IS/ISO 22442
FAM-307157D8D6D2,IS 1324
FAM-4F78F45F5430,IS/ISO 11197
FAM-8C8D58E17529,IS 6615
FAM-526266168E5B,IS/ISO 8066
FAM-C1C4CE3EA33F,IS 8994
FAM-F37478194476,IS/ISO 9554
FAM-9927CBE01344,IS/ISO 15848
FAM-97A7F110651A,IS/ISO 16136
FAM-69A12DD1E7EF,IS 16307
FAM-6B87DA7F82B8,IS 17393
FAM-890159B7B71F,IS 17496
FAM-2D09C5E6454D,IS 17551
FAM-8760188C746B,IS 17552
FAM-C8795DF3F350,IS 17553
FAM-981B0EB24790,IS 17554
FAM-2E69B94392E6,IS 17555
FAM-6BBFF3401D72,IS 17574
FAM-0D3246B71563,IS 17556
FAM-FB02F808613D,IS 17557
FAM-45540091210E,IS 17559
FAM-41BDB80A9D02,IS 17560
FAM-E28F72D97E4C,IS 17561
FAM-568F7E2D15B7,IS 17562
FAM-283B92FCD2A7,Is 17569
FAM-BB0781B10B66,IS/ISO 18825
FAM-DEBBBF8C839A,IS/ISO 28594
FAM-5881EA865502,IS/ISO 28598
FAM-A8A5A9674145,IS/ISO 50004
FAM-31A49A64EAAC,IS 17607
FAM-FB9121C01F06,IS 17608
FAM-951BD6D8B231,IS 17609
FAM-BFB418F51467,IS 808
FAM-B601D51E500F,IS 15105
FAM-0A18CCDADED2,IS/ISO 28592
FAM-C94D912C9D2F,IS 17625
FAM-8C723F53992B,IS/ISO/TS 10993
FAM-3791946EEC4D,IS 17565
FAM-2566E3FDC125,IS 17566
FAM-B2786F1E605E,IS 17586
FAM-2B8CCF608BFF,IS 3521
FAM-5DFD5DF156AD,IS 17582
FAM-7C44696A604F,IS 17583
FAM-7392AD2E5C49,IS 802.15.4
FAM-CD6C5A41B9AE,IS 18002
FAM-31A5AD223E45,IS 18004
FAM-D29492F9F98F,IS 4985
FAM-71D618959150,IS 1000
FAM-DBF52D2D23E9,IS 1153
FAM-74EBA1B89968,IS 1167
FAM-FE577F3AC675,IS 16280
FAM-CD8B2F86A070,IS 17546
FAM-D8A1DEBAB9D7,IS 6614
FAM-E58DC4C22D53,IS 7129
FAM-C65979F5E120,IS 6519
FAM-87B81847E7EE,IS 13529
FAM-291B8B8A0A44,IS 14582
FAM-4588858585EF,IS 13662
FAM-C4203789016F,IS/ISO 7786
FAM-E442FD711CBD,IS/ISO 17304
FAM-DA0F3F641D71,IS/ISO 18295
FAM-5A238095C707,IS 4709
FAM-2A37F0A9B1DB,IS 5162
FAM-2F74A9C983DB,IS 10484
FAM-28748605ECC4,IS 6531
FAM-FF5E79766A52,IS 3065
FAM-835E184D43B1,IS 6117
FAM-8A9008475BB2,IS 8894
FAM-93CFE238BB1B,IS/ISO 10451
FAM-82D20BD57EF8,IS 11159
FAM-864791F671DB,IS 16143
FAM-F5A06CD1B08C,IS/ISO 12812
FAM-37BA9FEB6021,IS/ISO 13397
FAM-84A72A2B6C26,IS/ISO/TR 15599
FAM-9592A02E7A8D,IS/ISO 16954
FAM-BE0119541598,IS 17382
FAM-8C02759449D1,IS 17422
FAM-26ECD8A77BF1,IS 17509
FAM-FAF59F6F084E,IS 17567
FAM-9D12499F2B13,IS/ISO 17937
FAM-7D40CD655733,IS/ISO 22307
FAM-5579DC51EE2A,IS/ISO 27020
FAM-F21A86E0C115,IS/ISO 19023
FAM-DA829D9895B4,IS 8302
FAM-81B0183F3CF7,IS 15274
FAM-27F6FDD4AC54,IS 17378
FAM-D4B61CA29354,IS 3614
FAM-DCACA7E48C8E,IS 4159
FAM-B8207D1ADEDF,IS 9585
FAM-5EB165C8D5A7,IS 12299
FAM-2332CBDAD083,IS 17545
FAM-D3DF5E11E042,IS 13689
FAM-A58A350C19B0,IS 4884
FAM-B1E4FA13D3CE,IS 17548
FAM-1445D507FD8E,IS 15530
FAM-76F08748FC67,IS/ISO 4306
FAM-06281DFB837F,IS/ISO 8686
FAM-E584768E7922,IS 13572
FAM-5577767C1BAF,IS 16814
FAM-83D3F5FB8D9E,IS 17535
FAM-5B2AB54C3BEF,IS 17534
FAM-AA93B31102EA,IS 17533
FAM-A2588F83E56B,IS 17543
FAM-30865C320F13,IS 15393
FAM-D58A6B5205EC,IS/ISO 17268
FAM-256A9FA21C19,IS 17516
FAM-85396D6DBC5B,IS/ISO 18163
FAM-CBE63C15CE68,IS/ISO 18890
FAM-279388FBF270,IS/ISO/TS 17033
FAM-5158E0554E12,IS/ISO 5609
FAM-CF729374C978,IS 15940
FAM-75F42B359909,IS/ISO 5604
FAM-196730D5E2E1,IS/ISO 5971
FAM-E468A5FF5B74,IS 2630
FAM-2BB11E693325,IS 14697
FAM-B6F351A78CB0,IS 12891
FAM-8A7F2FEFA784,IS 10594
FAM-48E25D13C112,IS 13690
FAM-87C64B23C5B9,IS 17532
FAM-4B0FEB6ED441,IS 17541
FAM-E896DC1E8F35,IS 14387
FAM-796C9FEBE26C,IS 1180
FAM-886F95E8C1EE,IS/ISO 13293
FAM-CB78D05F4F44,IS/ISO 6016
FAM-CE2E71A039F0,IS/ISO 12619
FAM-B8BD719A7C7E,IS/ISO/IEC 12619
FAM-E941DDCEDD52,IS 15480
FAM-9CA0084E59F4,IS 16438
FAM-01DB1B0C3BDA,IS 16693
FAM-FD3C608FA918,IS 17328
FAM-7C494D501B5F,IS 17329
FAM-BBA6FCE69013,IS 17330
FAM-7EE8D788F92A,IS/ISO 23828
FAM-46C80FEB9B1F,IS/IEC 60479
FAM-0EF59230861E,IS 14807
FAM-9DE09D2CC1E1,IS/ISO 16625
FAM-9FBA92BC323C,IS 4379
FAM-118E7A07F4FC,IS/ISO 12482
FAM-951DE9E9FA66,IS 824
FAM-F5237EF81693,IS 3370
FAM-D3CFA8B816FB,IS 17459
FAM-C0E274AE687F,IS 17460
FAM-A529D3316E24,IS 17461
FAM-F99512031CD3,IS 17485
FAM-F92C38C0ED67,IS 17505
FAM-8C949B186441,IS 17517
FAM-69AFB64392F8,IS 17528
FAM-3D7B4010FFA1,IS 17530
FAM-FE69CF5C8A06,IS/IEC 62817
FAM-FE885F95FCBE,IS 11163
FAM-B69208A29F99,IS 11464
FAM-DC222B4CE8B4,IS 3760
FAM-0E2E3F23DBDF,IS 534
FAM-F1965C551C80,IS 14344
FAM-8257CCDB2CC1,IS 14563
FAM-06206B68D7A6,IS 14681
FAM-B02ABEE4AC9C,IS/ISO 20611
FAM-FDAA0ED37887,IS 1151
FAM-24DA7EF5A870,IS 1162
FAM-2FC66FDF3993,IS 4163
FAM-AC5CF7275C8D,IS/ISO/TS 22002
FAM-724B13D169C1,IS 4225
FAM-7F0516A50688,IS 13072
FAM-7C55CE768419,IS 17539
FAM-FDEF479BB619,IS 17531
FAM-BA9CD1210E54,IS/ISO 14971
FAM-0518A5A09A5D,IS/ISO 15392
FAM-4B906FFE56F0,IS 15941
FAM-E520AEE156C7,IS 15493
FAM-A18BC4B9D362,IS 17340
FAM-151335F775EC,IS 17519
FAM-D4B13D0C38BF,IS 17537
FAM-F70C766A6341,IS 17538
FAM-E5724B136ADD,IS 15883
FAM-6B7CB5B0A476,IS/ISO 14090
FAM-2A9AB2611A77,IS 458
FAM-4C5FF3C9F4F8,IS 12866
FAM-A53081032374,IS 5402
FAM-3FB87803E40F,IS/ISO/IEC/TR 17032
FAM-355E01A7B6F0,IS 12970
FAM-277763CDE6DD,IS 12835
FAM-95752203F0DB,IS 17549
FAM-44E8E5231736,IS 15908
FAM-D2EF5A786BA9,IS 9755
FAM-012C34F3E6D1,IS 17563
FAM-9ED3767D351D,IS 8536
FAM-4F42393AF2A7,IS/ISO 105-E04
FAM-540CB57D8C54,IS 13247
FAM-CD5839133BDC,IS 16048
FAM-CFAF66A446D8,IS/IEC TR 62222
FAM-2245AEA75A36,IS 17055
FAM-DA95D4461A96,IS 212
FAM-6050B697B0B7,IS 4873
FAM-410507425157,IS 7152
FAM-0FC52D9EF8CC,IS 7276
FAM-5256ECDE2F12,IS 7622
FAM-F0143F22CFB5,IS 12872
FAM-70F71A95AADA,IS 10999
FAM-C4AE37CAB614,IS 13395
FAM-AD02EE1437A9,IS 13867
FAM-9DBDEF31022B,IS 14254
FAM-7963AE99F7F3,IS 14504
FAM-7C026B4195F1,IS 15408
FAM-7B1DD227EFB4,IS 15935
FAM-14D9DFE3012C,IS 17400
FAM-474EB69745BB,IS 17401
FAM-E2E7D7D62BF0,IS 17512
FAM-D0096E4CB664,IS 17526
FAM-D9AA261B9575,IS 13713
FAM-A51B391DE300,IS 17381
FAM-94AF12D056C7,IS/ISO/IEC 30130
FAM-70042991A4EC,IS/ISO 11986
FAM-4F9644639FC6,IS 11040
FAM-3FE799900AE3,IS 4576
FAM-0672CF56C18B,IS 6044
FAM-515510077761,IS 6433
FAM-B132951ABD3C,IS/ISO 11607
FAM-B055EFE83AF3,IS 3933
FAM-13B649DE3F37,IS 7694
FAM-884C97CD13D5,IS 802.15.9
FAM-1BE35F2564F7,IS 265
FAM-4A8E4A7886FC,IS/ISO 8596
FAM-804BBEE1DC05,IS/ISO 18369 :Part1 : 2017
FAM-688480D24194,IS/ISO 18369
FAM-670FCD7D5BBF,IS 17515
FAM-50DCCA64E5AD,IS/IEC 60154-1
FAM-695B0B0DDF73,IS/ISO 10939
FAM-8C775D32F78C,IS/ISO 18369 :Part 4 : 2017
FAM-F60882E96706,IS 1250
FAM-A471E871ED3F,IS 15799
FAM-D95D6461B12E,IS 285
FAM-58B06520C747,IS 1710
FAM-EA4F0AC8338A,IS 2372
FAM-6912C30215FF,IS 17525
FAM-229F3B149484,IS 17492
FAM-9F761DBA2122,IS 17493
FAM-5D93125859B5,IS 17495
FAM-94288C6FA12E,IS/ISO 15878
FAM-3085A0ABE700,IS/ISO 9583
FAM-44D91F49AF74,IS/ISO 9584
FAM-117F5B2B08CE,IS/ISO 12161
FAM-796B2FCB07D0,IS/ISO/TR 14283
FAM-942D363F4D69,IS 17287
FAM-E6A36DAEDB7D,IS 17288
FAM-512743E8A5AE,IS 17289
FAM-F24A23B5C2F3,IS 17290
FAM-B406AA4110C6,IS/ISO 19227
FAM-91F3F65A3CFF,IS/ISO 27427
FAM-948854806B38,IS 17272
FAM-7341CA610306,IS 17402
FAM-8184042BC458,IS 17273
FAM-EBAE791B2FC4,IS 17522
FAM-66C415F81A45,IS 17523
FAM-D1A1C82C803F,IS 17524
FAM-84C00384E731,IS 10983
FAM-C14012F4A1CD,IS 12092
FAM-0685206B8F69,IS 12725
FAM-7BA3CD4053A7,IS 13086
FAM-23FC190ADCE0,IS 13087
FAM-69DAF3AFE8D0,IS 14148
FAM-361137CDE655,IS 14423
FAM-2ADFAB6F0C05,IS 14740
FAM-C675B5219951,IS 15045
FAM-E15EB3E53A2E,IS 15381
FAM-445F10F12719,IS/IEC 62443
FAM-B35913090763,Is 15658
FAM-1D7A283B32DA,SP 26
FAM-94D0FCC088DE,IS/ISO 17327
FAM-D2DC9003E94D,IS 7513
FAM-9CE9ECB97764,IS 5509
FAM-15DCA1A08812,IS/ISO 21572
FAM-2E170186708D,IS 16124
FAM-9E20A2891001,IS 9138
FAM-B607DFC33A02,IS 12817 : 2020
FAM-0C5C07E69B4A,IS 4326
FAM-019A63BD4799,IS 15834
FAM-FA5551818C09,IS 11471
FAM-1D04CE85D343,IS 11632
FAM-1ABD10611FB7,IS 11744
FAM-6FD9E80503ED,IS 12085
FAM-3C1609393C8E,IS 12086
FAM-5B02DCC40799,IS 12723
FAM-6888EB1BCFA7,IS 13615
FAM-C2F76DB8A1D1,IS 13706
FAM-1CC9B59E6004,IS 13727
FAM-1FBC405BEDE6,IS 13736
FAM-5C74B3EF8F68,IS 13745
FAM-85B27887B1D6,IS 14944
FAM-5D8BBE38F3C7,IS 15037
FAM-5E06C4B6B6ED,IS 208
FAM-76B30AFD954B,IS 271
FAM-F44AF8E44066,IS 3229
FAM-9DEABB370A16,IS 3500
FAM-50C1E690866D,IS 3625
FAM-EA3951FA64BE,IS 4622
FAM-76802E1CAEA3,IS 4717
FAM-1F5F7E79EC8E,IS 4738
FAM-B12FB476D68B,IS 4948
FAM-9362B3690A02,IS 4956
FAM-54AE8255972B,IS 5884
FAM-33C92B6D1A6E,IS 7317
FAM-A00FE255346B,IS 7872
FAM-17268569D651,IS 8268
FAM-CA2BEFC43628,IS 9000
FAM-AA25BDDE8812,IS/ISO/IEC 17000
FAM-298348DC3598,IS 15527
FAM-A1EF9317D8AC,IS 15847
FAM-F9200D682FE6,IS 15909
FAM-499D1B9EBF75,IS 15916
FAM-FBC0FB710D0D,IS/ISO 10968
FAM-CB0080A6F0E4,IS 16302
FAM-F1769D49C7C7,IS 16466
FAM-FB8DAC89BC1B,IS 16671
FAM-9742744FFB13,IS/ISO 21873
FAM-3E4628A25860,IS 16723
FAM-0C2BCCD8B6E1,IS 18000
FAM-0D6C5492DECA,IS 17361
FAM-6BC5957A5715,IS 17362
FAM-B9F965BDD11B,IS 17480
FAM-821B0050271A,IS 17506
FAM-FE003D0341F3,IS/ISO/IEC 29142
FAM-38BE9383E27D,IS/ISO 19432
FAM-61018770C97A,IS/ISO 39511
FAM-65C3EE86AF0E,IS/ISO 5247
FAM-8203B10346FF,IS/ISO 11676
FAM-82D978543D66,IS/ISO 12912
FAM-4493B5EDDD20,IS 17165
FAM-FB01075135D1,IS 17428
FAM-4D2F28B600D4,IS 17455
FAM-9F6E21D04BE1,IS 17507
FAM-29F0827C75B3,IS 17508
FAM-0B9CBB20D145,IS 14496
FAM-71DD02277B95,IS 17476
FAM-F1D9DDF5DB86,IS 17477
FAM-9C9E7302513E,IS 17486
FAM-52312F518DFB,IS 17488
FAM-41F82E34A781,IS 17489
FAM-340AF1AD3E34,IS 17490
FAM-58BD9C65757E,IS/IEC 60812
FAM-E9620214EC0F,IS/IEC 60839
FAM-3D31CC20C953,IS/IEC 61217
FAM-072A0633C5F3,IS/IEC 61025
FAM-2B0F8C7F897D,IS 16875
FAM-B0AB22A8EAD8,IS 17452
FAM-F330DF70F848,IS 17484
FAM-67934D8F1D4A,IS/ISO 18788
FAM-2FC17EF0E11F,IS/ISO 19005
FAM-8A1D6EDF38C1,IS 8888
FAM-172267A3AE1A,IS 17293
FAM-0A2BF0FC08C5,IS/ISO/IEC 17029
FAM-184EE804EC45,IS 17434
FAM-7BCE4DA2E6DF,IS 17462
FAM-FB3A2DFE950D,IS 17464
FAM-17B06B55F6DC,IS 17465
FAM-3060790C7ED0,IS 17466
FAM-F371EA296DA7,IS 17467
FAM-B6831B3BB5F9,IS 17468
FAM-C0E7171347DA,IS 17511
FAM-2DA5432A0DAB,IS/ISO/IEC 20546
FAM-3233FAEA0787,IS 4605
FAM-4ECF013E7E63,IS 10508
FAM-67509196BF96,IS 13779
FAM-D2586DC8228F,IS 15155
FAM-53D3F5973E1C,IS 17463
FAM-6222FAE8075B,IS/ISO/IEC 90003
FAM-B39B935A8717,IS/IEC 31010
FAM-2E41708F366C,IS 15917
FAM-7F526A1C3703,IS 15947
FAM-5A4C96A3A3DE,IS 10411
FAM-118A63E8BEFB,IS 1263
FAM-44BA80713777,IS 13095
FAM-2AF68F68252C,IS 15444
FAM-6EA0756549EF,IS 1908
FAM-9F6F51B376E1,IS 2094
FAM-8EE15B378B8D,IS 3675
FAM-AB94E3FCFED8,IS 460
FAM-1E19F2B86931,IS 5758
FAM-E60DB405D89F,IS 5975
FAM-EC3AAAE9187D,IS 609
FAM-0B889EDEE05A,IS 6151
FAM-7CA6B21F6507,IS 8208
FAM-A050D84B8991,IS 5503
FAM-67E0140358D5,IS/ISO 7096
FAM-5267EF68B73C,IS 16736
FAM-E74074E73DB6,IS 17435
FAM-74A42C0F7E9F,IS/ISO 8239
FAM-9AC630B1591D,IS/ISO 11121
FAM-814CA9D70EB3,IS/ISO 13289
FAM-EC8F24150231,IS/ISO/TS 13811
FAM-65B96F1BC8F6,IS 17451
FAM-89BFBC65C69F,IS 17457
FAM-269E4270A42F,IS/ISO 17679
FAM-7E28EE3B8163,IS/ISO 18065
FAM-04AF2D46315A,IS 16877
FAM-9CC38370CE40,IS/ISO 10821
FAM-76B17FDC0351,IS 16986
FAM-A3C4B3DB7933,IS 17190
FAM-FF1EB535863B,IS 17399
FAM-C6F873832582,IS 17292
FAM-D5276C9290A1,IS 17296
FAM-B968B31CC751,IS 17341
FAM-F9F9D8621F84,IS 17456
FAM-D0E867486499,IS 17478
FAM-49CE8C2A3A8A,IS 17502
FAM-FA7636F363E3,IS/ISO 17511
FAM-45EEBCB66AAB,IS 17513
FAM-9CC315A62055,IS/ISO 6750
FAM-27F53FDC114C,IS/ISO 6194
FAM-0A25E924C7C1,IS/IEC 611196
FAM-2B92D2C27AB5,Is 12444
FAM-A451C0C085A8,IS 517
FAM-55C26AEC383D,IS 17482
FAM-D001BA5DC34A,IS 17483
FAM-88532354EDCE,IS 17162
FAM-01F6CB27859D,IS 17163
FAM-CB2FD2BAA724,IS 17390
FAM-BE75C1B6B5DA,IS 17391
FAM-68A419D3C6FF,IS 17395
FAM-7F3754F9270D,IS 17446
FAM-AA489E64A2FA,IS 17503
FAM-0DC28A93CE62,IS/ISO 41001
FAM-9D1833CDE050,IS/ISO/IEC/TS 27008
FAM-D5055B948D18,IS/ISO 5010
FAM-C6B84D2D0F72,IS 11695
FAM-F6F3FC2825DD,IS 11696
FAM-4F42B950ADA7,IS 7514
FAM-8A3C16B4BC8E,IS 15975
FAM-A614D7F0C11C,IS 10481
FAM-EBF9733C1D64,IS 11003
FAM-9BB0ED3B95E5,IS 11504
FAM-CF60CF7D3678,IS 11552
FAM-7F8B7C1D8109,IS 1260
FAM-765FEAA549AC,IS 13780
FAM-64E098B8DACC,IS 13913
FAM-EE085696CBC9,IS 14876
FAM-FACCCA5F0616,IS 15131
FAM-4B5FBB2D3894,IS 15272
FAM-1782137955B3,IS 15567
FAM-CCB6FD5205BF,IS 15763
FAM-B80173993344,IS 1757
FAM-A8CFB39315DE,IS 3674
FAM-21BBB745B684,IS 3711
FAM-42BCBE2E416E,IS 408
FAM-5161B057BCA7,IS 4402
FAM-32DB9031F6CF,IS 4727
FAM-90A8633E0128,IS 4857
FAM-D38EDF72B898,IS 7337
FAM-07DCE5AF788B,IS 8535
FAM-8B5386C9D558,IS 9202
FAM-CFC1258FBA5D,IS 9466
FAM-A68266D990FC,IS 958
FAM-FE560A5EEE36,IS 16502:)
FAM-409FC7783974,IS 17332
FAM-BFD28021E3CA,IS 17403
FAM-002245F2C33C,IS 17447
FAM-443220DC97FA,IS 17448
FAM-C427E4A5BE02,IS/ISO 11107
FAM-5720B0CC33A9,IS 17453
FAM-C87235400DC5,IS 17080
FAM-D542F9931F01,IS/ISO 10683
FAM-C0189CE6BDAC,IS/ISO 11249
FAM-FA68828F8769,IS 17164
FAM-7716E49F1E73,IS 17437
FAM-1989B07698F2,IS 17445
FAM-724B7EA02842,IS/ISO/IEC 29101
FAM-4D827660A03F,IS 17472
FAM-6DE945BE6FF0,IS 16509
FAM-3A2CF6992A7B,IS 7028
FAM-9BAD1B437DF6,IS 14772
FAM-98504EFBCEBB,IS 10232
FAM-A831B548FF52,IS 10951
FAM-5995F9B17E40,IS 11420
FAM-69F218CAF434,IS 1168
FAM-D9AA4641612D,IS 12312
FAM-94BED2F5BCA4,IS 14192
FAM-D1AD3CF7C498,IS 14988
FAM-FC0ABBC7B851,IS 1765
FAM-A0B000F9ED96,IS 2631
FAM-B68B4D43954C,IS 3069
FAM-05C5D916EF14,IS 4955
FAM-7FDE76DEF2F5,IS 6236
FAM-92EBC2BEA554,IS 6566
FAM-A2E217F45464,IS 662
FAM-4095BD637AE7,IS 7451
FAM-E6862E51D54D,IS 7577
FAM-F26696F7691C,IS 8180
FAM-62D1BDBD55C6,IS 8628
FAM-C8E63CE57446,IS 8637
FAM-63906920E4B2,IS 869
FAM-5E4ED2AC69F0,IS 9154
FAM-430928320445,IS 9255
FAM-68008B355822,IS 9458
FAM-706D9FA186E9,IS 9749
FAM-4EEBAA0C44C9,IS 12503
FAM-459AD7BEA9CD,IS 17174
FAM-F4822EFE80B2,IS 17413
FAM-F01F47155EAE,IS 17417
FAM-8456C0A8B4CB,IS 17418
FAM-5AD020AEA543,IS/ISO 28004
FAM-99E074ECDA46,IS/IEC 62688
FAM-B2AD6E459235,IS/IEC TS 62738
FAM-0E5097EBBBBA,IS/IEC TS 62782
FAM-5C148D4E8376,IS/IEC TS 62789
FAM-9F10A155A0C8,IS/IEC 62920
FAM-731D7B730E35,IS/IEC 62925
FAM-7F6ABFDB54EC,IS/IEC/TS 62989
FAM-7615CD19A4FC,IS/IEC/TS 62994
FAM-A8A9F756A785,IS/IEC 63049
FAM-55C65FC5E899,IS/IEC 63202
FAM-7508F748BA8C,IS/ISO 12636
FAM-CDBB13810C6B,IS/ISO 28591
FAM-3099724ED748,IS 17427
FAM-274B114EA5C5,IS 9308
FAM-9372004ED90E,IS 17343
FAM-E715CFAF1860,IS 17396
FAM-8040EB784309,IS 17414
FAM-1529BAB641AD,IS 17430
FAM-B2D668EFBBD5,IS 17431
FAM-5297D3B16604,IS 17432
FAM-C85DBD36D47C,IS 17433
FAM-2EBE986E2FB7,IS 17439
FAM-2683175C18CB,IS 17440
FAM-E22F78F50685,IS 17442
FAM-7F62E1FCC877,IS 17443
FAM-4FA11F221B1B,IS 17444
FAM-42973AF77D10,IS 17450
FAM-99A57B094A7F,IS 17383
FAM-214F9EFAB362,IS 13182
FAM-F668E8A7BC17,IS 1397
FAM-34A63F66D95D,IS 1463
FAM-FE7CE70CF9EA,IS 14644
FAM-8DEA2E93A2CE,IS 170
FAM-208AD58DA161,IS 437
FAM-4E81795B9EE2,IS 439
FAM-A11FB19F6BEE,IS 5116
FAM-7E0A0DD5AE3C,IS 538
FAM-F078C7E2889A,IS 5477
FAM-B04B9DEE895F,IS 5620
FAM-FD80F8E771BE,IS 6492
FAM-40AD45492B64,IS 8482
FAM-2A52EF5B81C1,IS 9339
FAM-8C2983486F2B,IS 9908
FAM-3E8457971F35,IS/ISO 5982
FAM-2CDDE2067D3B,IS 16285
FAM-BADEC6F80749,IS 16352
FAM-DCC6F1E8F1AD,IS/ISO 7626
FAM-8C1DC4311579,IS/ISO/IEC 29109
FAM-523F8F4A4752,IS 16817
FAM-15600D3B6672,IS 17042
FAM-2F0DF2CFB2AC,IS 16807
FAM-82B6A1B1567B,IS/ISO 6070
FAM-CB56276C3B47,IS 17405
FAM-4DD9110751E7,IS 17406
FAM-ED224CB716F7,IS/ISO 8041
FAM-AB355735B463,IS/IEC 60189
FAM-903ED9942E24,IS 17134
FAM-3664CA28AB63,IS 17345
FAM-3EBF46253665,IS 17388
FAM-0B8C447B3888,IS 17389
FAM-91E06C5FB03A,IS 17420
FAM-C2690649E3A8,IS 17421
FAM-C56FBC8CC360,IS/IEC 62272
FAM-7A4219C5C586,IS 17387
FAM-113CB4A6CDA0,IS/ISO 8637
FAM-AAAC7256B68C,IS/IEC 60096
FAM-037532692CA5,IS/IEC 61757
FAM-C56ACB4B88F1,IS/IEC/TR 60344
FAM-D54BB4861E0D,IS/ISO 7220
FAM-FDAD7939CF6A,IS/ISO 10139
FAM-2A7BE9F51C24,IS/ISO 11893
FAM-D62728C85CCD,IS/ISO/TS 11931
FAM-D3431AB67981,IS/ISO 11953
FAM-EB4F116702AA,IS/ISO 14801
FAM-D2ACFF567ADE,IS 16599
FAM-100B68BB58B9,IS/ISO 17316
FAM-5E3A79FCB50A,IS 17429
FAM-2DA12D232760,IS 17436
FAM-36BE9448B778,IS/ISO 28593
FAM-E78B79697966,IS/IEC 61727
FAM-48FFC42616D7,IS/ISO/TR 11219
FAM-37078BF3F252,IS/ISO 20430
FAM-9C2F9E345A7D,IS/ISO 5210
FAM-61D1ADE3CF57,IS/ISO 5211
FAM-71E8B550B020,IS 17384
FAM-1DF8E5472B15,IS 17385
FAM-21CB2FC62EAC,IS 17408
FAM-AB4EB22B11C5,IS 17409
FAM-2F38027EDA01,IS 17411
FAM-8BD475D130DF,IS 17412
FAM-A0B734C7C50B,IS/ISO 22109
FAM-483CDD11E38D,IS/ISO 22153
FAM-C43397539743,IS 1210
FAM-6E8BFE489C51,IS 9743
FAM-71753DC72E91,IS 11340
FAM-84975BDABA12,IS 11921
FAM-D6F80A5A4E60,IS 13688
FAM-6BE66894304C,IS 15495
FAM-FEE04E34187B,IS 1784
FAM-67F4B3007AC8,IS 1872
FAM-B6FC117682F8,IS 232
FAM-E57E02670422,IS 2781
FAM-F3C611FA767A,IS 4167
FAM-448D44A0FAB8,IS 4200
FAM-2E33270491D6,IS 4238
FAM-3852FC30E484,IS 4566
FAM-D2244A8D8ADE,IS 4720
FAM-A87F7C205AB1,IS 6392
FAM-BC516D7C2151,IS 646
FAM-3E6311B65960,IS 7874
FAM-459F56378120,IS/IEC 60534
FAM-55A88C3E5842,IS 16485
FAM-7F1E2B7E4E3B,IS 16050
FAM-19F163FC3E74,IS 16479
FAM-6CD8BA56AFE0,IS/ISO/TS 20660
FAM-8D5123F0BDDF,IS 17156
FAM-B576BAB3E423,IS 17161
FAM-9092D052F8E9,IS 17394
FAM-F49A914F19A6,Is 17404
FAM-65B8FE12E507,IS 17426
FAM-90F1F503E718,IS 17407
FAM-1FB8217F19CB,IS/IEC/TS 62993
FAM-43980BAF298D,IS/ISO 22483
FAM-6B2D7DE870E9,IS 13429
FAM-D90D32BDDE90,IS 695
FAM-E0FEAA8F95FB,IS/ISO 22301
FAM-98EBA725D1A7,IS/ISO 22316
FAM-CF89B9C41E54,IS/ISO 22320
FAM-B8BA893FCDDF,IS/ISO 22395
FAM-791997A46661,IS/ISO 105-E01
FAM-03C8678BC6A5,IS 10099
FAM-25BEF1381208,IS 11060
FAM-AEECD9196CAC,IS 11819
FAM-92D602E7723B,IS 11969
FAM-77F1B982B12B,IS 12795
FAM-674E9563AA80,IS 14456
FAM-08E873792CF8,IS 14596
FAM-3F27F2622014,IS 15128
FAM-DFE6DC62377C,IS 15319
FAM-361E4C723F20,IS 15727
FAM-0367D85095B9,IS 15758
FAM-BC8647E15E77,IS 15761
FAM-101D5F27E7C1,IS 391
FAM-D625F06969B0,IS 5244
FAM-A29BE9D2F9E1,IS 6398):Part 2)
FAM-E89964E06655,IS 8479
FAM-AB830ED98D46,IS 898
FAM-2683A58CAA31,IS/ISO 8640
FAM-CB2DEFAAA45D,IS/ISO 105-C08
FAM-76DC34F7F24D,IS/ISO 105-C06
FAM-1EC5FD8CE6F0,IS 16549
FAM-A87A0BC6D710,IS/ISO 105-X12
FAM-A6D03EDDCB21,IS 8391
FAM-E6277B80C617,IS/ISO 832
FAM-76EFB42A77CD,IS/ISO 12632
FAM-121AC9D6CF07,IS 16582
FAM-FE2F1017478A,IS 17326
FAM-59393A5B4C33,IS 17327
FAM-D470C381F612,IS 17333
FAM-93B1B8126AB0,IS 17346
FAM-ED3B6B8ADD53,IS 17360
FAM-28B0914EFA53,IS 17364
FAM-97569B9906B8,IS 17366
FAM-FEAF57C91BED,IS 17367
FAM-2FDC90A2CFC1,IS 17375
FAM-6C909566AB37,IS 17376
FAM-E2635B6FAC60,IS 17379
FAM-E1DCE273BA6C,IS/ISO 19594
FAM-9A8EF64CC3B0,IS 17347
FAM-1E74A308DA51,IS 17180
FAM-6281F76B3A75,IS 17181
FAM-82D9C0C10118,IS 17182
FAM-822C34903DF5,IS 17377
FAM-F99DD1938829,IS 17380
FAM-398D757338DD,IS/ISO 17745
FAM-3F43F3A62B4B,IS/ISO 17746
FAM-C8112113CDF0,IS/IEC 61800
FAM-CC90C1CD674E,IS 17172
FAM-8A769FCCF574,IS 10350
FAM-C245919B5233,IS 12227
FAM-96DBB18D7BD7,IS 15325
FAM-D881C6D2D84C,IS 15519
FAM-305C62EEE6A2,Is 1791
FAM-165B67504AEF,IS 245
FAM-986A8FBFE7A6,IS 3177
FAM-E91E06552FC5,IS 798
FAM-4F79754B6A65,IS 8481
FAM-3A9267BF84AE,IS 9108
FAM-BE146DF051AB,IS 9851
FAM-65F83F4B0A7D,IS 15869
FAM-2AD57E2A0423,IS/ISO 9917
FAM-0775288A0769,IS/ISO5006
FAM-68D134EB348C,IS 16345
FAM-9A363742684D,IS 13214
FAM-4D7D13363594,IS 16380
FAM-8589C1578BB2,IS/IEC 62246
FAM-C0ACEF100F0E,IS/ISO 50007
FAM-344F2002D1C3,IS/ISO 50046
FAM-720D8891FC59,IS 17349
FAM-22FA6D228A9D,IS 17319
FAM-B9AE4FD4369B,IS 17320
FAM-E284F2632DF2,IS 17321
FAM-878EB093B5D6,IS 17252
FAM-D1FB09E21050,IS 17324
FAM-B23B82ADE5C4,IS 17325
FAM-09C900DE2370,IS 17348
FAM-B0BCCF1BF3A8,IS 17350
FAM-40809FC76BC8,IS 17351
FAM-49811EE5C38B,IS 17352
FAM-4BB4241FDA62,IS 17322
FAM-59613CA51180,IS 17323
FAM-42F41BA38490,IS 17353
FAM-C66A6B011CB1,IS 17354
FAM-C75A8371010C,IS 17359
FAM-73A2BA9E2F75,IS/ISO/TS 22163
FAM-35149A49B0CE,IS/ISO/PAS 22263
FAM-EB24FE749051,IS 11189
FAM-EDE75686BF96,IS 12374
FAM-CB1A5F66923F,IS 13554
FAM-6E4D38AF6134,IS 14901
FAM-6E9CCC22BAF4,IS 15070
FAM-1D993629DF27,IS 4469
FAM-333B973FC5F1,IS 4573
FAM-D02125669D95,IS 5149
FAM-690667B11425,IS 5313
FAM-1D62A0792292,IS 6919
FAM-161FC82DFB13,IS 7686
FAM-C39E4A685E5E,IS 8186
FAM-FA4D07EC747A,IS 8767
FAM-9BE7E5914CF6,IS 9981
FAM-B0E114C1DB98,IS/ISO 10938
FAM-7F08C59241ED,IS/ISO/IEC 14888
FAM-150EDF623A8E,IS 13942
FAM-E2242F2EC2B0,IS/ISO 11418
FAM-5DD4CA13BD44,IS/ISO/IEC 12862
FAM-1F3C9B0E7C6D,IS/ISO/IEC 13170
FAM-DD8CEBBB37AC,IS/ISO/IEC 16824
FAM-D8F78F55C9C2,IS/ISO/IEC 16963
FAM-A307F18823BA,IS 17318
FAM-5FC6E9F856DD,IS 17335
FAM-4E57548E8C92,IS 17356
FAM-BD0158558327,IS 17357
FAM-5B81E6000392,IS 17358
FAM-14DB3914D166,IS/ISO/IEC 17592
FAM-399FCCE2D7F1,IS/ISO/IEC 19794
FAM-8A98EA16BA8F,IS/ISO/IEC 20563
FAM-88FBC88CA6F8,IS/ISO/IEC 23912
FAM-5586A84F4B21,IS/ISO/IEC 27034
FAM-EE7F80CEA00F,IS/ISO/IEC/TS 27034
FAM-8592D17C3509,IS/ISO/IEC/TR 27103
FAM-9BD191FD4D59,IS/ISO 28001
FAM-CE5DBE96CA7D,IS/ISO 28003
FAM-1A35A1363790,IS/ISO/IEC/TR 29196
FAM-242C27B6423C,IS/IEC 61204
FAM-D81DB19FB79F,IS/ISO/IEC 17342
FAM-EAF8F610077B,IS 17355
FAM-7B4C48999666,IS/ISO 11137
FAM-CBC897B5A54F,IS/ISO 15378
FAM-E841F5FFCD01,IS 17271
FAM-2A3805D53CE3,IS 17342
FAM-6364CBADB974,IS 17368
FAM-D80C29382433,IS 17371
FAM-8A05B7C649D6,IS 17372
FAM-AED9D42D375C,IS 17373
FAM-60E87346F9AC,IS 17374
FAM-33682C550B6D,IS/IEC/IEEE 60255
FAM-9DCA1BE7F318,IS 11037
FAM-3AAC6B2EF317,IS 11877
FAM-D9C59FAB9E9B,IS 1231
FAM-99B16CE3F31F,IS 12458
FAM-9FA2AD104A75,IS 1410
FAM-8AB715F02FBE,IS 15305
FAM-2510DBA2D99B,IS 2689
FAM-1EB42DFF0187,IS 3859
FAM-94F09889F420,IS 4831
FAM-8DF3D124D407,IS 6611
FAM-6CFB8811AB3A,IS 7424
FAM-C81ADA00B16E,IS 900
FAM-EC9587D4C2A3,IS/ISO 9004
FAM-CBDF8FF7F998,IS/IEC 61508
FAM-BD6F6C35B59D,IS/ISO 15223
FAM-1BFD00ADFD66,IS 16338
FAM-A95551938010,IS/ISO 1217
FAM-79BBE4B404BC,IS/ISO/TR 10993
FAM-D32F2BC78145,IS/ISO 13631
FAM-25D392DA2EED,IS 17204
FAM-B57080575D74,IS 17243
FAM-5717D29381FD,IS 17281
FAM-B05AE48D8263,IS 17282
FAM-D93F6F5DE878,IS 17283
FAM-ED0311A8E32D,IS 17284
FAM-E1DBDF97BD42,IS 17294
FAM-B49C4F87B833,IS 17299
FAM-914DCD362A39,IS 17301
FAM-5F104E4D91DA,IS 17302
FAM-CE6B8D7817CD,IS 17303
FAM-5955F683EDC6,IS 17304
FAM-C4968A37B99E,IS 17307
FAM-CD1E73E9DF2E,IS 17309
FAM-7ADAC76316D5,IS 17312
FAM-9F80CA73BC9A,IS 17313
FAM-5FEB813B9392,IS 17317
FAM-095F0EC96A36,IS/ISO/IEC/TR 22417
FAM-EEC1FE2D5858,IS/ISO/TS 30407
FAM-BE6CC7CC1828,IS 17305
FAM-91A1FC881357,IS 17215
FAM-82B9770E1CB9,IS 17000
FAM-0356C2B32181,IS/ISO 13015
FAM-3C6FE83BDA93,IS 17246
FAM-CED0406A7ECC,IS 17247
FAM-DF4EEC1125CB,IS 17248
FAM-9194EEFCC11A,IS 17250
FAM-96382BAA4827,IS 17251
FAM-69494EDC2B3D,IS 17254
FAM-DB24C19D9A83,IS 17255
FAM-FDF26084974A,IS 17256
FAM-51C845FFDF65,IS 17258
FAM-9D2A437578AA,IS 17270
FAM-5365DD109CB6,IS 17316
FAM-7EB7EB831121,IS/IEC/TS 62642
FAM-490E407B9A13,IS/IEC 62805
FAM-6CECCDCCFDB0,IS 17278
FAM-7060D1602CB3,IS/IEC/TS 62916
FAM-7EA0B09BA1FD,IS/IEC 62979
FAM-5CCE01DC59CF,IS 17308
FAM-037DBF64FFEA,IS 17311
FAM-7BA67E179268,IS 17298
FAM-C484765A4AC3,IS 16464
FAM-B4A5F6C79215,IS 17135
FAM-B77FB4DDE982,IS 17137
FAM-6CAFA5D2F554,IS 17279
FAM-EC3C9EAB88D2,IS 17286
FAM-C3F56B79AD22,IS 17291
FAM-E4F48081FA1A,IS 17310
FAM-5179A945D58F,IS 17314
FAM-2E73E95221DB,IS 17336
FAM-0EB5249216F8,IS 17337
FAM-36C33BCBECE7,IS 17338
FAM-0703A7DA880E,IS 12239
FAM-02A3D9F4501C,IS 17136
FAM-2FC0A8DF8F42,IS 16794
FAM-F706D72FE5FA,IS 17295
FAM-8EC1D9F58182,IS/ISO/IEC/TR 14496
FAM-D90656B2F205,IS/ISO 14990
FAM-AED3ED011E57,IS/ISO 15190
FAM-817BE286DBD8,IS/ISO 15198
FAM-461D065AF846,IS 17057
FAM-908B3E8D8CB7,IS 17058
FAM-F8444F47CF4D,IS 17059
FAM-27CE363A92AE,IS 17276
FAM-C2708A2D8638,IS/ISO 21927
FAM-398AD352EF6E,IS/ISO/TS 22367
FAM-E2964C70BDE8,IS/IEC/TR 62366
FAM-D3ABF5D1F4A3,IS/ISO/TR 80002
FAM-F99CBC93E5BC,IS/ISO 15195
FAM-E42ECAA77699,IS/ISO 80369
FAM-B11788049114,IS 10842
FAM-A036D6686511,IS 17285
FAM-586975C7405B,IS 13833
FAM-F2E139F98DA7,IS 15044
FAM-CF9F275B15F1,IS 15340
FAM-982405D27712,IS 15620
FAM-543C0E5F1F45,IS 2492
FAM-16829E285CC6,IS 3581
FAM-DCA6170C6F24,IS 4654
FAM-C1B8FE2DE738,IS 8598
FAM-7181B9AF6BDE,IS 9137
FAM-AADB9C41364C,IS/ISO 10005
FAM-E36DB0854DF0,IS/ISO 10006
FAM-7277C46BD27D,IS/ISO 10002
FAM-021A15196B76,IS/ISO 10001
FAM-DEE99637FDC7,IS/ISO 10003
FAM-C6A462605DD9,IS/ISO 6347
FAM-89192C422D16,IS 16559
FAM-E0A877A4A5CE,IS/ISO/IEC 13863
FAM-98B67633C2B5,IS/ISO 4871
FAM-BBEDA82FE0C2,IS/ISO/IEC 9899
FAM-127F17F98255,IS/ISO 13766
FAM-F0674F0E46DB,IS/ISO 15818
FAM-D91F168AF6CE,IS/ISO 15998
FAM-4211B4058887,IS/ISO 16001
FAM-E4932B362954,IS/ISO 16528
FAM-35F4FB8DBC76,IS 17200
FAM-A98B84626E95,IS 17202
FAM-184AC26E48D9,IS 17211
FAM-D71897123917,IS 17212
FAM-83C35B0AA14B,IS 17214
FAM-04C786C6295A,IS 17216
FAM-858A1C9C2139,IS 17230
FAM-AB65B9CAFCD9,IS/ISO 19014
FAM-DEC3D7A787A5,IS/ISO 19104
FAM-450D452B425A,IS/ISO/IEC/TS 30135
FAM-67ADD47AE8C9,IS 17213
FAM-C8ED79E9F40E,IS 17268
FAM-64E193B53074,IS 17207
FAM-1F944FB2DBD4,IS 5852
FAM-788368788DF8,IS 16437
FAM-2E916901C4BF,IS 17206
FAM-399A77340B6B,IS 17220
FAM-0B15D9B65E75,IS 17266
FAM-F7CE4D0C3DB2,IS/ISO 11138
FAM-6D881305FD2E,IS 17222
FAM-80C521C1E4E2,IS 17223
FAM-8C52D69F6396,IS 17224
FAM-80CB43A49995,IS 17225
FAM-45736EDBB820,IS 17226
FAM-5FF154529443,IS 17227
FAM-423BA84F8424,IS 17228
FAM-DE30BC58866D,IS 17229
FAM-BD18E2CEEE13,IS/ISO 18829
FAM-3F1493A1EECC,IS/IEC 60706
FAM-E3A1B753203C,IS/IEC 60605
FAM-435054D13B13,IS 11027
FAM-F07858D9149B,IS/ISO 10004
FAM-99F1253A7FB7,IS 1741
FAM-524EE2B87DDE,IS 4300
FAM-98BEBDF4D58F,IS 13591
FAM-DBCF6D6563C9,IS 13656
FAM-27DD6A59C5E1,IS 14180
FAM-B4368F6F872A,IS 1462
FAM-E0EC99E58646,IS 4375
FAM-B311F60154B7,IS 7310
FAM-3FC83D4F74AA,IS/IEC 61511
FAM-19E8B4080408,IS/IEC 61829
FAM-DAAB5F064483,IS/ISO 25539
FAM-033EAD862967,IS/ISO 3795
FAM-A5EB3FE07C3E,IS/ISO 2330
FAM-F62DBD0EAD49,IS/ISO 6683
FAM-8DBCBAD75A69,IS/ISO/IEC 9579
FAM-208DEF8BFDB7,IS/ISO 10264
FAM-DE28FD8980EC,IS/ISO 11862
FAM-A42284E9173C,IS/ISO 14397
FAM-B54D9A2EDED2,IS/ISO 15817
FAM-47113B75DDBF,IS/ISO 13459
FAM-D016D74667EA,IS/ISO GUIDE 30
FAM-6F7E2E2287F7,IS 17218
FAM-76050BFC864B,IS/ISO 13333
FAM-FB4BE110ABBF,IS/ISO 13031
FAM-B078F2B07836,IS 17193
FAM-76C525E3C7BB,IS 14530
FAM-BF235D85D618,IS 12
FAM-AD3B3CA9C827,IS/ISO 7198
FAM-3423BF6D22DC,IS/ISO 8669
FAM-79CDE11CB346,IS/ISO/TS 10974
FAM-07DF632FE92B,IS/ISO 12417
FAM-D2B7022B571A,IS/ISO 13179
FAM-8AE5CC040AC5,IS/ISO 15675
FAM-A02D32CCD45B,IS 17201
FAM-BEB4B9F61B2B,IS 17203
FAM-CBAA7C3B28DD,IS 17208
FAM-13C9887307EC,IS 17241
FAM-6BB41656832B,IS 17242
FAM-46B6007B05ED,IS 17245
FAM-682B40579E3B,IS 17244
FAM-F63D99F02A6C,IS/ISO 18241
FAM-8BED9BCB4835,IS/ISO 18242
FAM-6121FF1B8A7B,IS/ISO 30408
FAM-40BDFF79D03F,IS/ISO 30409
FAM-88FA98A5154C,IS/ISO 41011
FAM-702D8EBCED40,IS/ISO 41012
FAM-5BCC5DB8CB18,IS 17217
FAM-E806E015DACA,IS/ISO/TR 30406
FAM-AFFE69622296,IS 16628
FAM-1EB46C81791C,IS 11062
FAM-2A8CE9B01598,IS 11624
FAM-614C82FD134A,IS 15077
FAM-37CE19D0C693,IS 15477
FAM-514B0459FA8A,IS 7436
FAM-808964DCBD2C,IS 8108
FAM-9D90D863FB16,IS 8654
FAM-2ED651C3C0B3,IS 8865
FAM-B0AE9E1AF6E1,IS 9228
FAM-BB576D736009,IS 9314
FAM-DA4BE8EFCF36,IS 9706
FAM-61DFA099D1AE,IS 9266
FAM-F11C83992B38,IS/ISO 5832-2
FAM-F9DF481FC92B,IS 16214
FAM-1914C575EA1A,IS 16538
FAM-6677F980F807,IS/ISO 2145
FAM-48261A579416,IS/ISO 11506
FAM-34B33A8956EC,IS/ISO/TR 15801
FAM-4CC786E73579,IS/ISO 17068
FAM-23FDA5AB3471,IS 17166
FAM-86AEA6CB0896,IS 17167
FAM-29D4D14EA426,IS 17170
FAM-0B5D1DCFB775,IS 17171
FAM-F313EF425AD1,IS 17173
FAM-3C52E5F9D881,IS 17210
FAM-D2F2D377376D,IS 17232
FAM-912915023A24,IS 17233
FAM-06B80693B402,IS 17234
FAM-3904C4096CDC,IS 17235
FAM-1D5A9613C4A7,IS 17236
FAM-F01C5D1214F6,IS 17237
FAM-4CAF67E574C1,IS 17239
FAM-E14120E1E3A5,IS/ISO 18626
FAM-9B04B6BB9E51,IS/ISO/IEC/TR 20748
FAM-7B74085A94EE,IS/ISO/IEC 20016
FAM-BE0EDC6B567C,IS/ISO/IEC 21778
FAM-7AA264C4650A,IS/ISO 22938
FAM-3D5CC50ECC46,IS/ISO/IEC 29187
FAM-95ABF9D36938,IS 17008
FAM-FFFE783F09C6,IS 17177
FAM-D023D376D1B6,IS 17178
FAM-85074831C46F,IS 17186
FAM-09477B2FA5B3,IS 17189
FAM-7E51676EB912,IS 17187
FAM-D8D592AFC730,IS 17188
FAM-FE51DECF65F0,IS 17231
FAM-7275C9163B03,IS 17238
FAM-608A058CEF08,IS 17240
FAM-B92126A7B73B,IS 16514
FAM-A717FE8F2AB8,IS 17176
FAM-0223A4CC5553,IS/CISPR 32 : 2015
FAM-821FADD58702,IS 11155
FAM-D398E0BB0121,IS 1118
FAM-EF403F8E844C,IS 11909
FAM-E0A9E4540449,IS 13552
FAM-E2EB0E49C177,IS 14257
FAM-33C8A8656336,IS 3769
FAM-F5F2BF7985AA,IS 3770
FAM-0DE853D11FA3,IS 3771
FAM-B3C292A8E814,IS 3777
FAM-E7012D727F65,IS 3778
FAM-F2108138BA80,IS 3779
FAM-E0C191203758,IS 3781
FAM-FA308216337F,IS 3782
FAM-503E4B70C9B4,IS 4106
FAM-C3EF29E75832,IS 506
FAM-17C38669D736,IS 6495
FAM-55AB99739732,IS 6512
FAM-EF6B6E602964,IS 6699
FAM-5BB98CB304A2,IS 6876
FAM-D2217759C8B7,IS 9434
FAM-C281C79DC2F8,IS 9701
FAM-886B61ED01F1,IS 493
FAM-9F49FF27B508,IS 16169
FAM-A1ACAC7D5E28,IS/ISO 26000
FAM-EC22EB89FE47,IS/ISO/IEC 12785
FAM-A24F214D9676,IS 17144
FAM-A5253B6D8435,IS 17145
FAM-42027AC8B494,IS 17159
FAM-8947297753B7,IS 17160
FAM-CC16402B259D,IS/ISO/IEC 19778
FAM-A3909619C2F5,IS/ISO/IEC/TR 29163
FAM-6E35865E230F,IS/IEC 60998
FAM-0440EFCF5B36,IS 16731
FAM-2D1D1BD5F07B,IS 17125
FAM-D50E35B75D4C,IS 17194
FAM-091BC360880F,IS/IEC 61010
FAM-D9E9F98FBDD7,IS/ISO 1797
FAM-A0D05D963824,IS 17112
FAM-7002D834F006,IS/IEC 62056
FAM-9E2C7D4ED765,IS/ISO 10159
FAM-3FA0BBBACD14,IS 17183
FAM-B84D717FD624,IS 17184
FAM-B060C4CA6BF3,IS 17185
FAM-2C551BC45945,IS 17191
FAM-DE2AA0822189,IS 17197
FAM-B1CE5AB65174,IS 17198
FAM-8A0CD9858754,IS 17199
FAM-AC1797CEA8B5,IS/ISO 22523
FAM-A62C9B0DB018,IS/ISO 22675
FAM-48C9A8DEB246,IS/ISO 25237
FAM-5DDB05EF82BB,IS/IEC 82304
FAM-A4F7BE50529F,IS/ISO 105-E02
FAM-AB0BDE5937F9,IS 11852
FAM-43E239D100D0,IS 10323
FAM-0395F6C7ED2E,IS 10437
FAM-7036FEDBE68F,IS 10517
FAM-A0D87C06FE39,IS 10651
FAM-5CF9CAAB1393,IS 10652
FAM-D7D78879B8D9,IS 10653
FAM-38E643B3A430,IS 11139
FAM-9B3B2930E05F,IS 11968
FAM-50A1624D42A0,IS 12469
FAM-3947A9EEFA72,IS 13712
FAM-129A7E920CBE,IS 15462
FAM-688A07308DF9,IS 7200
FAM-B0ED09C33E73,IS 8110
FAM-7EA8D64B1A4C,IS 8310
FAM-287C020FFD87,IS 8982
FAM-86F4FEACA2F2,IS 9
FAM-E5C80B049F97,IS 9256
FAM-EBE913C30D0C,IS/ISO/IEC 27004
FAM-175C8E5A58CC,IS 13252
FAM-682959D50736,IS/ISO 12052
FAM-2A9F8E83A563,IS/ISO 21748
FAM-7F68DCC6B53B,IS 16247
FAM-542C7460B3DE,IS 16142
FAM-E0F46EEBEEDF,IS 16260
FAM-7FA86B5D91D1,IS/ISO/IEC 11770-4
FAM-3FB5044EB486,IS 17079 : 2019
FAM-C455E7AE4F75,IS 16325
FAM-AE0970EBCE0D,IS/ISO 7153
FAM-7EF44C75AD17,IS/ISO 7741
FAM-971036198CD6,IS 13630
FAM-CF7FA9E997EE,IS/ISO 16142
FAM-9AE5F0764F32,IS 17115
FAM-7EA79A34D770,IS 17127
FAM-816377F529A3,IS 17131
FAM-159CEC14FC5A,IS 17142
FAM-2FD21E797FDC,IS/ISO 11073
FAM-B832F84C188A,IS/ISO 13009
FAM-EDB777D29098,IS 17092
FAM-40054487C1ED,IS 17133
FAM-93D8B15D99FA,IS 13108
FAM-CABF6964F712,IS/ISO/IEC/TR 15446
FAM-C0F501A7378F,IS 17149
FAM-A9E19EAAA824,IS 17157
FAM-619D15B2E2C1,IS 17158
FAM-8C8620D26E6C,IS/ISO/IEC 18014-4
FAM-D7BA0F9862A8,IS 15299
FAM-0FCFF40A2DE9,IS 10416
FAM-15577EC57425,IS 10798
FAM-46E75479EC12,IS 12756
FAM-7A6C177ED31B,IS 13533
FAM-57C7121AD5D9,IS 1381
FAM-491F94B0BBDA,IS 1873
FAM-9C89B1048842,IS 4074
FAM-50FF41C131BA,IS 6197
FAM-D72EA44FAA6D,IS 661
FAM-C12872D3E657,IS 7811
FAM-12AD3F51EA29,IS 8472
FAM-6A048A9731E9,IS 8808
FAM-066A2EB5F0F8,IS 8815
FAM-28CEDB945C04,IS/ISO 6873
FAM-5501541930FC,IS/ISO 2157
FAM-ABBA6A530F74,IS/ISO 6876
FAM-D0A1B5A259E7,IS 17097
FAM-98841720D409,IS 17103
FAM-50211A729853,IS 17105
FAM-582DF7CDFA1D,IS 17114
FAM-CBA4AF6C59AD,IS 17119
FAM-3A8939EC46B9,IS 17121
FAM-DDD64E3E06C6,IS/IEC 61685
FAM-C8787004D643,IS/IEC 61847
FAM-EBDB3C9A166E,IS 17102
FAM-DF6886D841AF,IS 13840
FAM-4C8DEC73CFA9,IS 16845
FAM-DE6E70E3D3B0,IS 16855
FAM-4DC4AD653C57,IS 17124
FAM-40127A1F12A7,IS 17147
FAM-4D45EDF432A8,IS 10151
FAM-B5831BD90C18,IS 12759
FAM-A2CF6AE216CE,IS 13191
FAM-3BB815357E9F,IS 1342
FAM-2867C40EA515,IS 14126
FAM-44A80A61CCF1,IS 2828
FAM-B625EA920D1B,IS 2829
FAM-B6A94636CFCC,IS 2833
FAM-59A3D4DB5253,IS 369
FAM-29C7FED20448,IS 3880
FAM-961615FF0DC4,IS 3883
FAM-32A0AACFC765,IS 3884
FAM-43810B8F997B,IS 3971
FAM-29C9CB573806,IS 5664
FAM-9C425C55DD36,IS 5669
FAM-DB505A9BF5F4,IS 5861
FAM-7B143A515AD8,IS 7623
FAM-D78266FFAE10,IS 784
FAM-19F77EC928E1,IS 8249
FAM-4CB8B05FC596,IS/IEC 60715
FAM-0ECFB2B18104,IS/ISO 10555
FAM-0D6446B64402,IS/ISO 8643
FAM-A310755DBC3A,IS/ISO 6405
FAM-8063AA9922E2,IS 17095
FAM-325E5CA97A4C,IS 17083
FAM-D035701BF2DD,IS 17096
FAM-1ABDF4EA928E,IS 17099
FAM-F6CAAF4B038E,IS 17101
FAM-93B2731E2C5C,IS/ISO/TR 17766
FAM-85129D138633,IS 16661
FAM-DE7038F32981,IS 17117
FAM-2D2F224AFFE2,IS 23485
FAM-FD735A38D37C,IS 1065
FAM-BAC523A737FE,IS 17098
FAM-CA7D5BC1B4AC,IS 17116
FAM-70244E7D98CC,IS 17122
FAM-829C77F70E64,IS 17130
FAM-4F7A0A690768,IS/ISO/TS 27527
FAM-518A76530748,IS/IEC 60273
FAM-62FD27902D3A,IS/ISO/TS 9002
FAM-2E3D4561164C,IS 14867
FAM-603F274437FC,IS 16823
FAM-3045FF4AB82F,IS 17100
FAM-B750B89D4846,IS/IEC TS 61245
FAM-B6B966853A2F,IS 16793
FAM-526E42C81FE3,IS 16822
FAM-C71D78148426,IS/ISO 8811
FAM-6678185E78D8,IS/ISO 13105
FAM-654748FD4385,IS/ISO 13175
FAM-6A6F1062A4F6,IS/ISO 13779
FAM-22280F6827D0,IS/ISO 15309
FAM-2B5901E29C99,IS/ISO 16402
FAM-FD9E1A5808CA,IS/ISO 21090
FAM-11EAA4F5247E,IS/ISO 22242
FAM-12D3BB176703,IS/ISO 3411
FAM-11A458D4E7A5,IS/ISO 13940
FAM-38B470C55161,IS 10385
FAM-5023CC01CA75,IS 13251
FAM-8615E31690D7,IS 1388
FAM-4ABE0934AF84,IS 14167
FAM-E1E7232A6894,IS 14581
FAM-ED8AF8BE42B0,IS 3802
FAM-BAFC62B83FAC,IS 4097
FAM-3EA68561C09D,IS 4652
FAM-72C2C1775762,IS 4658
FAM-FB65BD938736,IS 5932
FAM-2D2B53FCFA2A,IS 6333
FAM-0A34DA35E212,IS 6334
FAM-5506FDC6D93A,IS 732
FAM-7E5B550FAEB0,IS 8236
FAM-34E1D0811D17,IS 15892
FAM-98B71ABFEF44,IS 17107
FAM-22E1C573A260,IS 8504
FAM-8B9008C9A3F4,IS 16732
FAM-A43DA58BA265,IS 5935
FAM-D17CDCC5E8C0,IS 17072
FAM-8A6941C7913A,IS 16816
FAM-D162E5B50268,IS 16813
FAM-08DAE4C2C27A,IS 16710
FAM-6B2F7BED568F,IS 16519
FAM-F48E6DA3BAA1,IS/IEC 61810
FAM-79CF9EC808BA,IS 17089
FAM-C9717BCC8AA2,IS 17088
FAM-F01DA51139E6,IS 17087
FAM-85E538D0E7A9,IS 17054
FAM-6099A5DD5B26,IS 16498
FAM-128BBE76A634,IS 16499
FAM-06A2F94BA2FF,IS 13235
FAM-F6FBAD8F27D5,IS 13452
FAM-AF6112EDED60,IS 16872
FAM-19B33E6DEFDD,IS 1293
FAM-D602A017673A,IS 10262
FAM-AC480D3D36DD,IS 11506
FAM-A1A51CC7ADF5,IS 11821
FAM-1D85FCD2FFF6,IS 12764
FAM-9EE8FDE38A23,IS 14494
FAM-52433F186C03,IS 1577
FAM-4721BB4F92F3,IS 1769
FAM-FE52C13555C6,IS 2409
FAM-E878F8A7D36C,IS 374
FAM-D44F3C439408,IS 3799
FAM-5A2C187C5AB7,IS 4308
FAM-90CB3959B0F8,IS 4772
FAM-8300D5029834,IS 7123
FAM-F421F00BE103,IS 9388
FAM-E3CB5714BB82,IS 15827
FAM-12A800D0F80A,IS 1956
FAM-EEAC8499F945,IS/ISO 7133
FAM-AEA5FA04432A,IS 16231
FAM-4AE5B405A261,IS 17075
FAM-BED92359A9F4,IS 17076
FAM-6B4CD8B45146,IS 17081
FAM-5C1550CE7A43,IS 2743
FAM-D01FC87BDD42,IS 16622
FAM-69A329979D69,IS 16839
FAM-A382B3CC48FE,IS 16698
FAM-0290F8EAECA2,IS 16776
FAM-96AC104523DA,IS 16943
FAM-5E212F211658,IS 17056
FAM-9AFA46A6B966,IS 17062
FAM-A8E9BCD05C7B,IS 17069
FAM-D121E3E4AEA3,IS 17084
FAM-35536E9A2D45,IS 17070
FAM-CBFBB60F1C35,IS 17078
FAM-C763A775F25E,IS 17085
FAM-5F6D1108F04D,IS/IEC 60137
FAM-99EFD77FDE4D,IS/IEC TS 62073
FAM-8289DD8447DA,IS 16777
FAM-4E1D8DC66B7B,IS 12000
FAM-6AFF12DA5353,IS 17068
FAM-5A67EE8C5484,IS 11673
FAM-F6D7B2B87F46,IS 16844
FAM-5D76813F45CF,IS/ISO 5832
FAM-22F208890DE3,IS/ISO 13781
FAM-0F3077C2F216,IS/ISO/TR 15499
FAM-2A2D9C6D06F7,IS 17073
FAM-4B477F287480,IS 16955
FAM-289B2D048C53,IS 16674
FAM-586204498A17,IS 16797
FAM-5AC9412239D3,IS 16600
FAM-1B8992B66653,IS 10617
FAM-D1902CCF5743,IS 10592
FAM-C539EC6B872F,IS 10654
FAM-A9827AC74F1A,IS 10823
FAM-AAC7CACA2DC2,IS 1117
FAM-C6EDDD8BB192,IS 12181
FAM-DFBB8DA34A60,IS 12666
FAM-AD83A7C4848A,IS 12889
FAM-6C425172676B,IS 13382
FAM-692E51C5240C,IS 14849
FAM-751EEC6BD402,IS 15585
FAM-F93BE858685D,IS 15683
FAM-4647E503050A,IS 1981
FAM-A79C365C273D,IS 2111
FAM-A051E767B524,IS 2764
FAM-FB583F553991,IS 2779
FAM-4B987867F987,IS 3050
FAM-1F129E59033C,IS 4653
FAM-2333B8E29530,IS 4830
FAM-519B85122789,IS 4935
FAM-FEFE63E951F7,IS 498
FAM-0EF8F062E8DD,IS 4989
FAM-AF7DF062006A,IS 636
FAM-466FF6413A2C,IS 8148
FAM-E94B265BA1C9,IS 8346
FAM-E6A948AA7071,IS 8359
FAM-4E07C0B4FF0A,IS 9853
FAM-36609E99356B,IS 9854
FAM-F8165C244442,IS/ISO 10007
FAM-B9C4AD62421C,IS/ISO 105-A01
FAM-005CE9FF9388,IS/ISO 13935
FAM-575403A8B545,IS 16737
FAM-A7A443A31785,IS 17051
FAM-2A6F7FFF3ACF,IS/ISO 9230
FAM-F87FD584591D,IS 16864
FAM-A82F57D18FA2,IS 16917
FAM-EC93710233F3,IS/ISO 15919
FAM-F52B50002EFC,IS 17066
FAM-97445B86C706,IS 16241
FAM-8E61F5F90B65,IS 16913
FAM-CAA5A7A57F8B,IS 16496
FAM-EDABA9760720,IS 1848
FAM-7BD1F0E0B53C,IS 1199
FAM-E5D34F2BDC8E,IS/ISO 6887
FAM-13BD557B463A,IS/ISO 11135
FAM-F5AD616E419B,IS/ISO 11140
FAM-5B5EE38EB605,IS 16094
FAM-AD92FD7412F6,IS 16806
FAM-F49430C69F47,IS 16809
FAM-B4735F58F290,IS 17060
FAM-007ECA1B98D2,IS/ISO 26800
FAM-A14F48E45311,IS 16879
FAM-DAA5DDF65969,IS 16942
FAM-E3F2A578B3DB,IS 16944
FAM-AEDEB76DFE61,IS 17052
FAM-920E0F1AD01A,IS 17065
FAM-C69466796CF6,IS/ISO 105:B01
FAM-AAA6911007F9,IS 6887
FAM-99A5AD93E4BF,IS 15297
FAM-196AAFE42D54,IS/IEC62353
FAM-E6D563545E03,IS 10478
FAM-2700591D051E,IS 11172
FAM-1AC127FC536A,IS 11201
FAM-3D1A13F8FF02,IS 11424
FAM-518915CD99B1,IS 11605
FAM-9E64C5F2FFE0,IS 11866
FAM-960E50105E8B,IS 11868
FAM-FAC4759E430C,IS 12650
FAM-D43B7F925F00,IS 12761
FAM-D24DAB85C2BC,IS 13550
FAM-829886F3EA13,IS 1358
FAM-9DE79F6B94AB,IS 13672
FAM-032D3F46B4C8,IS 14667
FAM-EBAF84DE2DA5,IS 15117
FAM-E55BE780F256,IS 15183
FAM-51955AF4929E,IS 15632
FAM-426E1BDDB244,IS 1571
FAM-9C668340C82B,IS 217
FAM-7E183AE4CEB9,IS 3043
FAM-951DD28BEB5F,IS 4463
FAM-3BAF936C3758,IS/ISO 19011
FAM-53C7D62B5786,IS/ISO/IEC GUIDE 51
FAM-514882F45B45,IS 15795
FAM-EE9C707E7D99,IS 8872
FAM-3A8B059DE9CC,IS/ISO 15674
FAM-715A825BDFD8,IS/ISO 7199
FAM-393C2D22F6FA,IS 15912
FAM-A03AC1B4DC1A,IS 16965
FAM-ACF77746838C,IS 16980
FAM-37C7A46AFC7D,IS 16987
FAM-3FE1CBAB5592,IS 17047
FAM-DE87222E70EC,IS 16940
FAM-857B05D8EF2A,IS/ISO 7176
FAM-8CAA8169E9AD,IS 16827
FAM-6FF5B5DAE8A2,IS 16852
FAM-F1381C2FBA7A,IS 16909
FAM-F315B8CB9A8C,IS/ISO 17822
FAM-12CCB9F6CEE5,IS/IEC 60168
FAM-7C8E9F2A42E5,IS 16894
FAM-6B393E6B40A9,IS 16489
FAM-3F72C39D0085,IS 16847
FAM-17E762DBB35B,IS/IEC 61168
FAM-FC6F99AFB63B,IS/IEC 61170
FAM-2F3492705FAE,IS 16811
FAM-911A669FA64E,IS 16834
FAM-DA22035FB1CE,IS 16835
FAM-FC0999DB66E7,IS 16862
FAM-9A03F1DC6342,IS 16804
FAM-0EE3A73690DA,IS 17063
FAM-DB8E674EDFDC,IS 16843
FAM-7ECF31FCEE8A,IS 16859
FAM-797437616C3B,IS 16795
FAM-D0ABCE32E353,IS 16799
FAM-4D2228D21C59,IS 16800
FAM-1A6B6A0ADBCE,IS 16808
FAM-8461BF8FE4ED,IS 16838
FAM-C801D1059A92,IS 16841
FAM-C0F8EF810FC3,IS 16818
FAM-3A819948521C,IS 16819
FAM-A3540163CDF3,IS 16798
FAM-F1E82AD76EB2,IS 16916
FAM-42B4D5AD9703,IS/ISO 23640
FAM-A53F776E5067,IS/ISO 62304
FAM-65199232EFF7,IS 16880
FAM-E152A3ECC2E3,IS/IEC/TS 62556
FAM-2A60A5C04AAF,IS 16849
FAM-B533957F448F,IS/IEC 62220
FAM-17CFB90BEE67,IS/IEC 60335
FAM-65D6F3049334,IS/ISO 15676
FAM-299C6E5F0890,IS 11797
FAM-8B763D530596,IS 14489
FAM-BCE839900AA6,IS 15608
FAM-A63F10217418,IS 15806
FAM-37D024EBD304,IS 4489
FAM-150A595EC190,IS 6747
FAM-97B98FD75017,IS 8058
FAM-6820F027B5DE,IS 8161
FAM-9FC1CB8AC32E,IS 9176
FAM-9C57E9F58B4E,IS 9387
FAM-ACECC9AC135A,IS 17036
FAM-6F7F88D212B0,IS/IEC 60469
FAM-E20C5F288C06,IS/IEC/TR 62283
FAM-090C100DC47E,IS 17040
FAM-7A064456C672,IS 16607
FAM-13909616CAF6,IS 16625
FAM-A39072BB11D4,IS 17045
FAM-D8FC506216E8,IS 17048
FAM-970A1A859AAE,IS/ISO 16021
FAM-89CE5D7C369D,IS/ISO 11658
FAM-D493247EB3F7,IS/ISO 21214
FAM-7BB31F72FA5D,IS 16581
FAM-FA186F5607BF,IS 16922
FAM-4E797ED30618,IS/ISO 21507
FAM-6FBF55F19364,IS/IEC 61331
FAM-519168E09278,IS/IEC TS 61724
FAM-BE6453CE981F,IS/ISO 12117
FAM-2A4F0748B1E9,IS 16589
FAM-177D98745A3C,IS/IEC/TR 60269
FAM-DE2B37EF433A,IS 16840
FAM-256D283366E6,IS 16891
FAM-BF3456446852,IS/IEC/TS 61724
FAM-30B0B4F8092B,IS 17041
FAM-8034CAB8F8BE,IS/ISO 11615
FAM-25DBE2259756,IS 8451
FAM-50A7FA1F6461,IS 10502
FAM-65207EF7F122,IS 11419
FAM-053AEF1E4CDC,IS 12278
FAM-6150A8D4014F,IS 13242
FAM-2A76F955517C,IS 13405
FAM-AF82A37A2311,IS 13539
FAM-FCAF7B824EDF,IS 13545
FAM-7023EAA90ECA,IS 13680
FAM-4FADD9C11590,IS 13868
FAM-BDD45EF031A8,IS 13919
FAM-06CF44AE58E3,IS 13962
FAM-71E72C023217,IS 14175
FAM-EAD131D90EAE,IS 14220
FAM-7EB39E85FC13,IS 14467
FAM-524943F8D9D0,IS 14520
FAM-CD18E50ECA06,IS 1479
FAM-0C8E227D6901,IS 14974
FAM-878520D25A4A,IS 15116
FAM-647F36B74DDA,IS 15352
FAM-03A46B52019A,IS 15448
FAM-5F33B3792885,IS 1610
FAM-989D65D7B03E,IS 1717
FAM-0962A24D450A,IS 1745
FAM-B64DD238F4A5,IS 1916
FAM-728D951B71B9,IS 286
FAM-A4FBCF07F245,IS 335
FAM-8BD4F9594B94,IS 3657
FAM-9BA9E3863B28,IS 4378
FAM-68E2C49EFB5B,IS 6901
FAM-2CBDB1E2EA0A,IS 7194
FAM-AD1FC8F3F985,IS 7312
FAM-57135D261C77,IS 7905
FAM-04A004619B08,IS 8050
FAM-408FD409B6C2,IS 8225
FAM-65F4E0629605,IS 9079
FAM-F72465E7B5DE,IS 9875
FAM-18C2A00EDB0A,IS/ISO 14853
FAM-5025AB703AB5,IS/ISO 22000
FAM-8AAC3835F8E0,IS/ISO/IEC 17011
FAM-F8A9622E1C3A,IS 12373
FAM-30EA0750D9A6,IS 2418
FAM-9D9172434BCE,IS/ISO 15001
FAM-49670D9BD0D7,IS/IEC 60876
FAM-26D23EDB10F5,IS/ISO 50001
FAM-D34C43130CE1,IS/ISO/IEC 27003
FAM-1B1F8B162A07,IS 15995
FAM-74E402C4565D,IS 16274
FAM-1CA19C09C10D,IS 16612
FAM-F7F12883E47F,IS 16882
FAM-F183BAA17E9B,IS 17044
FAM-E73F046C4C6D,IS 16597
FAM-69D0B21AE46B,IS 17012
FAM-813D0B714EA5,IS 16952
FAM-AA778C5C284F,IS/ISO 2721
FAM-F61FD5A9DF27,IS 11293
FAM-5A7A8DA67A2E,IS 16279
FAM-0F28D4D5F0C0,IS 16516
FAM-6921015B795A,IS 16518
FAM-A2A0B71F40B8,IS 16598
FAM-31B0F15E95AD,IS 16786
FAM-ED8E23B83F21,IS 16854
FAM-BA90A9582797,IS 17011
FAM-377B4FF53397,IS/IEC 60874
FAM-F95E94420C1B,IS 13969
FAM-72DFBDE55DF0,IS 16744
FAM-1F3419B460F5,IS 17016
FAM-759008450829,IS 16734
FAM-4ACE44403D47,IS 9142
FAM-899F3389FFA1,IS 17049
FAM-2EE4DDE38D44,IS/ISO 8598
FAM-DD620F3A6ABB,IS 16892
FAM-5D3D768B38CA,IS 16884
FAM-1EA593D1B599,IS 16998
FAM-892631517540,IS/ISO 37500
FAM-473DD5D050A2,IS/ISO 11616
FAM-4937937540FB,IS/ISO 16671
FAM-451140E0EE39,IS/ISO 27799
FAM-F67E0EBAFB6C,IS/ISO 13261
FAM-8B06475C8C69,IS 16956
FAM-972A0E59B875,IS 17004
FAM-4F2239A41F5A,IS 17023
FAM-805C88F21F04,IS 17024
FAM-F311C339C3B2,IS 17025
FAM-7020A07F2134,IS 17026
FAM-A7D677A9C7B3,IS 17027
FAM-874830849407,IS 17028
FAM-E2FF62E91B2C,IS 16758
FAM-DD8AC2728726,IS 16887
FAM-2EFB66CAE27A,IS 16866
FAM-44DECCA07430,IS 16886
FAM-C55DF5C9AF13,IS 16637
FAM-6727AF48172C,IS/ISO 7405
FAM-9AB3285A93A1,IS/ISO/IEC 13252
FAM-B8C25008F7BA,IS/ISO/IEC GUIDE 68
FAM-20D82C8EDDC1,IS 16715
FAM-D1ABC53D66C2,IS 16919
FAM-3AC40C5CC733,IS 16920
FAM-AB50EE6B402D,IS 16921
FAM-8E7DD12C0053,IS 16979
FAM-4AB95A15C035,IS 16993
FAM-57E435E89F4C,IS 16648
FAM-E533674A9216,IS 16329
FAM-E23FE75C01BA,IS 16708
FAM-29554C894EA8,IS 16856
FAM-B1393C9CC664,IS 16857
FAM-79186F5AA327,IS 16837
FAM-46EB3D7F307A,IS 16227
FAM-00F80A732A82,IS 13583
FAM-F0A0D94078EC,IS 17033
FAM-658B2F61B1B9,IS 16870
FAM-CB52185BF2C3,IS/ISO/IEC/TR 17028
FAM-E0A132A2272F,IS 16873
FAM-3D601EBF141C,IS 17022
FAM-BD3F3AE1D997,IS/ISO 17034
FAM-C5E7F2F7D37B,IS 17037
FAM-B5FC3B3BB697,IS 16878
FAM-CE2BE0F45D21,IS 16868
FAM-2635EECD11B7,IS 16869
FAM-BA60425323CA,IS 16867
FAM-AD2BDB8BD302,IS/ISO/IEC 17021
FAM-CB570027FA8C,IS 17032
FAM-A72EDA95D10D,IS 16865
FAM-2406907A736A,IS 15413
FAM-5BE54F4F1FE0,IS 10712
FAM-D2D836C42101,IS 1135
FAM-2DC6B55AB0A1,IS 11816
FAM-91B7AD4C8141,IS 13567
FAM-1EB39C7C8851,IS 13773
FAM-E1C19CA6FE1D,IS 14819
FAM-04B24A4320A8,IS 2182
FAM-9F2B049C469C,IS 4294
FAM-3A6FCAF7FFBC,IS 4488
FAM-A4B78E381FF0,IS 4514
FAM-38F2906059CA,IS 4520
FAM-BA14EEC534C1,IS 4743
FAM-856D32A87883,IS 4959
FAM-088AFB6D65DF,IS 8034
FAM-E5396228F7D7,IS 8091
FAM-27C2AC7A1ED9,IS 9490
FAM-9FD8BB3F5D7F,IS/ISO 8636
FAM-FEC50341D8A1,IS 16167
FAM-67495CA8F737,IS 16981
FAM-BEAE4506E87A,IS 16888
FAM-BF6665504744,IS 16615
FAM-20A6890F3034,IS/ISO 16426
FAM-2079D565AD40,IS 10793
FAM-FFB8B5869FCE,IS 16918
FAM-F6B60B2DA2CC,IS 16743
FAM-0112E3F71EA8,IS 16863
FAM-45B161356CC2,IS 16781
FAM-9F97DC3B266F,IS 16871
FAM-C7BCC5CF4BA7,IS/ISO 12824
FAM-531533F6D93E,IS 11478
FAM-02EEDE2D8BB8,IS/ISO 1222
FAM-4E85EADCA628,IS 16520
FAM-6C60F645F8E2,IS 16682
FAM-4042A42BA188,IS 16904
FAM-480CE7CB0277,IS 16903
FAM-5835DB61E14A,IS 16905
FAM-8A858DC12203,IS 16885
FAM-CFC2A10FF5DB,IS/ISO 17741
FAM-7ECB05901E0C,IS 17019
FAM-BD08F9D70ED0,IS 16733
FAM-93FA863916C7,IS/ISO 2041
FAM-3F94FA351D93,IS 10027
FAM-A8BF4538B1B1,IS 10767
FAM-E97EA2A98D61,IS 11917
FAM-1E3E300487EB,IS 12114
FAM-26253C5334A0,IS 12591
FAM-D6EBDCB948B4,IS 13347
FAM-6C904C3CCFF7,IS 138
FAM-26C15A002D23,IS 13952
FAM-620943326F4E,IS 14258
FAM-582F0BCC5A1D,IS 14332
FAM-ACB6BCF44363,IS 1443
FAM-713282EAF40D,IS 14536
FAM-0C4D30C9514C,IS 14700 : Part 4 : Sec 24 : 2018
FAM-4D010D397462,IS 14900
FAM-F6C2EC761BEF,IS 15257
FAM-22ADBF549A9B,IS 15703
FAM-D8F36E25F16B,IS 1806
FAM-C49F8ADBF99E,IS 1874
FAM-A7067C62E4E4,IS 1993
FAM-E204154CBA3F,IS 2114
FAM-D57F33BB470E,IS 2252
FAM-9D4504D27307,IS 2328
FAM-D166BCA4CF77,IS 2813
FAM-2D0F8176D1BA,IS 294
FAM-458830E93A4E,IS 3565
FAM-6414D164337D,IS 3585
FAM-2341AB3C7C76,IS 3649
FAM-E69F13E8287D,IS 4011
FAM-73A81646FE9E,IS 4175
FAM-0B3E8BFD9996,IS 4222
FAM-4E2CEF938A65,IS 4258
FAM-216673B2C830,IS 4842
FAM-FDAF9CFD2D7E,IS 5724
FAM-516CA78A2AD6,IS 6101
FAM-FC43CBB9DFD3,IS 6448
FAM-B9E7C3696138,IS 7532
FAM-5C166212B2B5,IS 7920
FAM-7D9517863283,IS 826
FAM-495F349F5DED,IS 8370
FAM-EFA43169CEF1,IS 8485
FAM-2684D05F8542,IS 8871
FAM-28DD9DAA1301,IS 8983
FAM-BEFA06C02DD0,IS 9833
FAM-22EF4E0F2FC4,IS 15554
FAM-EF4C1845A524,IS 10068
FAM-DEA98193F6C7,IS 1969
FAM-9FB2B79598CA,IS/ISO 11951
FAM-89CB5D24B24A,IS/ISO/IEC 9796
FAM-D7747857BDA4,IS/ISO 17063
FAM-A4F7E5C02AC6,IS/IEC 60730
FAM-0B437B42895B,IS/ISO 8608
FAM-309F76290E40,IS/ISO 10815
FAM-4118D5149A17,IS 16702
FAM-EC52C030A1E2,IS 16706
FAM-F0E5AACDFD84,IS 16523
FAM-602E2C6E3EC8,IS 16192
FAM-6AC885EFD9F2,IS 17010
FAM-3BD9D56D3ECA,IS 17009
FAM-C7F707E9FE15,IS/ISO 10326
FAM-4D7E9F4673C1,IS/IEC 62577
FAM-C19410840779,IS/IEC 62479
FAM-6A626595F0C9,IS/IEC 62226
FAM-99A776E3C4B0,IS 16995
FAM-1A63D1CC4663,IS 16970
FAM-15F6738043F2,IS 16968
FAM-6BF120E0A1B2,IS 16967
FAM-7766757C74A9,IS 16791
FAM-C1419F0A46A1,IS 16578
FAM-C77F9A641B7B,IS 16133
FAM-38528722DBBE,IS/ISO/TS 14441
FAM-21F77C97BAFC,IS 16788
FAM-F06717095AC4,IS 17021
FAM-E17C60798E61,IS 16046
FAM-31BC2A5BE1D2,IS 16047
FAM-D9C2A36B97D6,IS 17006
FAM-9CA9D3D99048,IS/ISO/IEC 13273
FAM-469379744DBE,IS 16707
FAM-08DC2FA5A399,IS 16833
FAM-6EC516F4B7CB,IS/ISO/IEC 10536
FAM-F12AC9E1F031,IS 17005
FAM-0CFEDE92A541,IS 16727
FAM-332E8547611F,IS 16617
FAM-B2A8AC93C173,IS 16897
FAM-470D7C94CE71,IS 16966
FAM-312E476AD58D,IS 4671
FAM-71380A4B66C3,IS 10497
FAM-D3456A1229D8,IS 10867
FAM-19DA9982BE9C,IS 11503
FAM-55671C8C5793,IS 11910
FAM-21827D5F1543,IS 12260
FAM-455C8836C60E,IS 1275
FAM-7B8CFBB04CFB,IS 13090
FAM-259892521F61,IS 13302
FAM-53BC07A15106,IS 1341 : 2018
FAM-52888A705D53,IS 14771
FAM-82DFB4390BDA,IS 15414
FAM-5A51E9E76ED6,IS 15459
FAM-B5F43D365827,IS 15514
FAM-AA5853C4B05F,IS 15524
FAM-A26ECC716E89,IS 3064
FAM-6F3598FC0357,IS 3758
FAM-4375CD46B77A,IS 3976
FAM-C957E5A21C0C,IS 6598
FAM-9E132816E4F7,IS 6670
FAM-48D974304456,IS 7309
FAM-44E4E3EE7591,IS 7621
FAM-2582AA541287,IS 789
FAM-25F8BD8CFA29,IS 8729
FAM-87CC3F355CB8,IS 9417
FAM-2413FFE1BCAB,IS 9740
FAM-AAF59095216C,IS/ISO 15985
FAM-597ADCA1D793,IS/ISO 20200
FAM-99367FD87F6F,IS/ISO 5356
FAM-367F9B6C0DD6,IS 15946
FAM-2F56126BDF44,IS 10175
FAM-B1FBCC9C605D,IS/ISO20283
FAM-771A7F077186,IS 16222
FAM-7445FF72E158,IS 16699
FAM-EB8CED7A5E70,IS 16721
FAM-3F83B638559F,IS/ISO/IEC 15946
FAM-CF7B5B0429A6,IS 14640
FAM-48B4B12CE6B3,IS 16936
FAM-EFA46BBBCAA8,IS 16939
FAM-85F4316653C0,IS 16996
FAM-3DF052B133D2,IS 16997
FAM-2CC183257D56,IS/ISO/IEC 27017
FAM-66BEF24A1142,IS/ISO/IEC 27037
FAM-00B03864753E,IS 14239
FAM-EA82159DB53A,IS 16716
FAM-DA891DEE352F,IS 16722 : 2018
FAM-E2EA2903C199,IS 16726
FAM-4FC15FF57DF1,IS/ISO 14401
FAM-D5A9BD514676,IS/ISO 10570
FAM-24A898B6ECFB,IS/ISO 15442
FAM-0546A54D984D,IS 16957
FAM-85D3E2617265,IS 16657
FAM-7DFA2FCB7A9C,IS 16787
FAM-CDA9651FA6A3,IS/ISO 45001
FAM-1F48BF92E6E8,IS/ISO 22600
FAM-56655B372130,IS 16662
FAM-55EC494F0DF5,IS 16645
FAM-3B01EAF6E1E7,IS 16680
FAM-EEABCFEF673B,IS 16945
FAM-CFA762DBC931,IS 16982
FAM-18FB4A9E150C,IS 16985
FAM-7D80C006C56D,IS 16994
FAM-EAC4A4952CF5,IS 16999
FAM-3E5165ED40D7,IS 17001
FAM-4F35505076DB,IS 17002
FAM-FFCABB706CA0,IS/ISO 10651
FAM-8D065F9FD39F,IS 16684
FAM-5DF695A00B19,IS 16750
FAM-C408F0CB77A7,IS 16763
FAM-212DB2E0599A,IS 16947
FAM-3D89CDBC169E,IS 16801
FAM-8DDE0060FD8E,IS/ISO 21534
FAM-13069BF29D0C,IS/IEC 62155
FAM-4839E9A62225,IS/ISO/IEC/TR 27039
FAM-02E1F90ABF75,IS 29109
FAM-4FF2756A85DF,IS/IEC/IEEE 65700
FAM-20FF2F76AD50,IS/ISO/IEC/TS 30103
FAM-39CC60D34EEF,IS 2330
FAM-F3B167101B06,IS 13961
FAM-A9EE24DE1469,IS/ISO 20283
FAM-DD549EADD358,IS 16717
FAM-A0D643330895,IS 9489
FAM-0BFA4AF09A9E,IS 12942
FAM-90ABF4D8A605,IS 15894
FAM-43D87E83A7E8,IS 10516
FAM-9A4CA2E8C8F2,IS 10666
FAM-62CA4EE02B09,IS 10804
FAM-AA4070A62AB0,IS 11144
FAM-20F27A5AA117,IS 11539
FAM-2D70BA5383B0,IS 11561
FAM-15DEA8C70E4C,IS 11930
FAM-14D67AC61BFF,IS 12218
FAM-C6E6BAEA1375,IS 12521
FAM-5ACF05A8755F,IS 13646
FAM-D3760321630C,IS 13987
FAM-FE5D25E12874,IS 14736
FAM-7DF394A46615,IS 14863
FAM-123C78F3F2BF,IS 15060
FAM-52EC59383C9A,IS 15269
FAM-DE95B99952FA,IS 15288
FAM-445EFD773FA7,IS 15582
FAM-3BFF87DDD2EC,IS 15700
FAM-75B13C566C8E,IS 15704
FAM-221D831E2F73,IS 1590
FAM-A1338394A2D5,IS 1755
FAM-16D7D1074E24,IS 2368
FAM-5534B356DEC2,IS 3490
FAM-265FD9C306D8,IS 3491
FAM-F0065CA111E6,IS 4055
FAM-167DCB9FB844,IS 4206
FAM-AA71CC611864,IS 4504
FAM-92DB279C4738,IS 5069
FAM-E39B54C17875,IS 543
FAM-95A2DF99BDEA,IS 547
FAM-87F72A2CFCB6,IS 7002
FAM-ADB35415C3BC,IS 7169
FAM-0E223F6E0F32,IS 7170
FAM-96AF036FB902,IS 7173
FAM-2D18A86A5876,IS 7178
FAM-BDF6FC8B514D,IS 7483
FAM-ACE9D95AF885,IS 7485
FAM-FFCE1E7287B2,IS 7486
FAM-1BF48C637BA5,IS 7904
FAM-98BBE5ED4ADE,IS 8323
FAM-DE5FDDF2F5DC,IS 8911
FAM-49CEECCB3868,IS 9168
FAM-02834617685A,IS 9436
FAM-190DB065ADEF,IS 9438
FAM-78541B70F8E3,IS/IEC 60990
FAM-8184E4F244BD,IS/ISO/IEC 17025
FAM-3B8ACD9CFBE9,IS 15581
FAM-F11F2B1B09CD,IS/ISO 4074
FAM-31496901C619,IS/ISO 3076
FAM-6638B770CF86,IS 14363
FAM-E1575C5583A6,IS/ISO 8009
FAM-0561CF0C1A8F,IS 15895
FAM-0E3FEA8E96B6,IS 16013
FAM-75DA7D64BA33,IS/ISO/IEC 27000
FAM-67B1F07207F8,IS 16210
FAM-0B9A9E25D83B,IS 16644
FAM-21B8242B5E41,IS/ISO 13022
FAM-8DB9DC8A2B25,IS 16761
FAM-6739E58E6E26,IS 16874
FAM-8BDEBCCB94F7,IS 16704
FAM-783469DCA5C9,IS 16579
FAM-79BB691D0639,IS 16790
FAM-45A75BEB09F6,IS/ISO 2190
FAM-75E15CD8CE39,IS/ISO 2031
FAM-543A76FB0122,IS 16740
FAM-16E088435338,IS 16735
FAM-76A18CB828D6,IS/ISO/IEC 17007
FAM-E931E2D8E7F3,IS/ISO 7275
FAM-B81A0CFFBED4,IS 16946
FAM-39F0DEE88590,IS 16739
FAM-68698E82CAA3,IS 16741
FAM-60922DB2870C,IS/ISO/IEC 17067
FAM-DA10CDF4D56F,IS 16754
FAM-2174196991B8,IS 16768
FAM-2323F680FDB9,IS 15788
FAM-ACB771E612CF,IS 16639
FAM-02EBB9BB310A,IS 16640
FAM-D6094CDDBA10,IS 16641
FAM-4C9BB63A24A8,IS 16649
FAM-74E62DF8EE01,IS 16643
FAM-23DED028B135,IS 16642
FAM-F9B9F880F163,IS 16831
FAM-98977A2140DF,IS 16830
FAM-F7F075C2E18E,IS 16829
FAM-BF17DFD1E638,IS 16828
FAM-A3AE3634D557,IS 16826
FAM-BF778453FF35,IS 16803
FAM-6087CFA8FC83,IS/ISO 6722
FAM-687957FF3C21,IS 16896
FAM-FA1AB52E1634,IS 16725
FAM-0DAE48BDF6CC,IS 16949
FAM-8E7DE21C27D2,IS 16950
FAM-7662ADBE166E,IS 16962
FAM-78828FE73D2C,IS 16780
FAM-455E90E87CED,IS 16971
FAM-F5F19DAD7611,IS 16972
FAM-A131658E6DFA,IS 16973
FAM-11B85C51F07F,IS 16988
FAM-30EB6AE58400,IS 16974
FAM-5D0140CB4D36,IS 16608
FAM-43BE58123E82,IS 16691
FAM-EB3774B6F7ED,IS/ISO/IEC 27010
FAM-C16AC6661193,IS 16924
FAM-F7A60F6C6776,IS 16925
FAM-CDC3F2891D59,IS 16926
FAM-279EBFC7D2A3,IS 16929
FAM-CB453140F1CB,IS 16930
FAM-7E0951525C19,IS 16931
FAM-3FF810825341,IS 16932
FAM-7F24DD1F076E,IS 16933
FAM-C9EC5DBF57D6,IS 16934
FAM-A497E974E580,IS 16935
FAM-B7537E3329A0,IS 16749
FAM-73D4F82371C7,IS 16992
FAM-D0251564EEAF,IS/ISO 27500
FAM-8876834919C8,IS 16658
FAM-589D15D63179,IS 16832
FAM-EC85BAB50C1E,IS/ISO/IEC/TS 17023
FAM-175194A86AE3,IS/ISO/IEC/TR 17026
FAM-C8133D20A7BE,IS/ISO/IEC/TS 17027
FAM-5B4A79CDEEB8,IS 16311
FAM-27395C703374,IS/ISO 16039
FAM-E453FE9CC051,IS 16742
FAM-5055B85BC77B,IS 16912
FAM-68624F37BD6F,IS/ISO 12891
FAM-F985142E7C01,IS/ISO/TR 17791
FAM-393FAF2128DF,IS/IEC/TR 80001
FAM-906BD945A1E3,IS/ISO 1828
FAM-178A02F1E862,IS/ISO 11240
FAM-BD56D4556B24,IS 16603
FAM-01E04CA58920,IS 16914
FAM-F8E7FAA511BE,IS 16269
FAM-B6A19A515D2A,IS 16453
FAM-FBDF238B51B0,IS 11128
FAM-B2CB9193F23F,IS 1677
FAM-237AE84103DC,IS 15076
FAM-20BF2B3F779F,IS 12084
FAM-DBC16C76A339,IS 139
FAM-1C044720F06B,IS 2619
FAM-E76C2C9D140F,IS 2694
FAM-86835633B73E,IS 5168
FAM-A661A6385259,IS 9403
FAM-51BA06468790,IS 2082
FAM-68D3240DAD97,IS 16720
FAM-E6FE70DCCB4A,IS 16714
FAM-706749E73233,IS 16948
FAM-BC112CF3FC0F,IS/IEC/TR 61948
FAM-4DEB0218490B,IS/ISO 20301
FAM-91142B180C30,IS 10109
FAM-521012D76002,IS 11129
FAM-5C845BC3C1B8,IS 11329
FAM-395B79EA021F,IS 12094
FAM-67511EEA9607,IS 12159
FAM-826DDC49C488,IS 12285
FAM-D598E7EB793D,IS 12305
FAM-83A1BAFE572B,IS 1282
FAM-5B563BE8A932,IS 13007
FAM-BAB704528E55,IS 13397
FAM-15D72AC466F7,IS 13589
FAM-9D4903EB4FA4,IS 13610
FAM-DA7697431B66,IS 1368
FAM-4331CC624B91,IS 13879
FAM-2E3886727855,IS 14469
FAM-3BE77FE90EAE,IS 15100
FAM-A101B4822411,IS 15140
FAM-C237163323A8,IS 15709
FAM-FD9A28BAD9E7,IS 15731
FAM-177ADBFBF56F,IS 1578
FAM-1529B0005FC1,IS 3458
FAM-7414D9D73DC0,IS 3559
FAM-88D5391D4CA9,IS 3663
FAM-C2D2464678C6,IS 3746
FAM-140D87DD1A78,IS 542
FAM-18D2E5EE39E0,IS 5561
FAM-DE624542530E,IS 5919
FAM-EBB55A4E7C50,IS 6200
FAM-5B20C1CDA734,IS 6263
FAM-5C05D16730F5,IS 6964
FAM-08F65E436184,IS 7305
FAM-24AF5472F0DA,IS 9225
FAM-342C2AC7BFAE,IS/ISO 31000
FAM-1E774D604243,IS 16773
FAM-339DCABBA358,IS 16772
FAM-001B42A8C3BB,IS 16755
FAM-5760DE5D1464,IS 16752
FAM-CD642E75BCDB,IS 16751
FAM-89FC19EDF9A7,IS 16746
FAM-78247C0F69A2,IS 16745
FAM-DE159E12B248,IS/ISO 105-B05
FAM-A093F70076BD,IS 16774
FAM-D09256DC8A1D,IS 16738
FAM-15EE984AD2AF,IS 16452
FAM-0035E846D4A1,IS 16454
FAM-F34AF269A58F,IS 16527
FAM-11926422C190,IS 16609
FAM-9451B4548770,IS 16664
FAM-7EB9EFC0258F,IS 5001
FAM-9BC0131B79AF,IS 16748
FAM-9731B9314A14,IS 16775
FAM-628AA1894209,IS/IEC 62421
FAM-72B4ED2ED193,IS/IEC 62326
FAM-22F380497B43,IS/IEC 60194
FAM-4406B3F76AD9,IS 16697
FAM-3E7B4252990A,IS/ISO 6393
FAM-7C8882533868,IS/ISO 6394
FAM-619CBB561C78,IS/ISO 9249
FAM-EF8F4C9B3761,IS 13514
FAM-3EACA3083386,IS 16712
FAM-E406CBB99D41,IS 16771
FAM-90F869D9A39C,IS 16802
FAM-1D5F6FF36591,IS/ISO/TR 22442
FAM-A394D3B7CDEF,IS/ISO 5838
FAM-9599325B8C7B,IS/ISO 8525
FAM-6BD3259A4C6C,IS 10190
FAM-DB37AB96ABC4,IS 13934
FAM-DED4E99BFEED,IS 14663
FAM-53391EE79741,IS 15573
FAM-47C560C876B0,IS 277
FAM-B94F21AE548E,IS 7285
FAM-C7B3A4895CF7,IS 8704
FAM-06771ADAD17F,IS/ISO 13373
FAM-12229EB36232,IS/ISO 17743
FAM-A5FC14C22420,IS/ISO 50047
FAM-7CCBBFFA3B81,IS 16685
FAM-35A229D4577B,IS 16686
FAM-54CB15438221,IS 16687
FAM-7DEDAAE7AFF5,IS/ISO 5832 : 2014
FAM-BD38E0250260,IS/ISO 13356
FAM-06E515C5942C,IS/ISO/TS 22220
FAM-2A45A15C7528,IS 10766
FAM-068894FDA037,IS 11069
FAM-B9151896E538,IS 11352
FAM-A7F3F95FE2C4,IS 15523
FAM-16EFD067999A,IS 5688
FAM-3E9CC7FD4078,IS 7302
FAM-5D21439A3128,IS 7718
FAM-2A5C075F8A4C,IS 7975
FAM-8C2E22D1F53B,IS 8887
FAM-652E5E471503,IS 16108
FAM-EB4A24A597CD,IS 16564
FAM-36B3DD11C7E0,IS 16565
FAM-811A355102F9,IS 16567
FAM-CF93650BCBBA,IS 16569
FAM-450A78EB605E,IS 16663
FAM-7AEC04C82A06,IS 16689
FAM-AFA1DD4D53F1,IS 16692
FAM-583F18A100B8,IS/ISO 11650
FAM-09DB9BB5B615,IS 16429
FAM-87B4B2D29047,IS 16431
FAM-B5E75FE8CC7E,IS 16434
FAM-319425131A01,IS 16696
FAM-9A0E174E60B7,IS 16482
FAM-01F5C7AB8A63,IS 16562
FAM-3B966C8A24A0,IS 16480
FAM-9A7EF52FD31A,IS/IEC 62538
FAM-3D9929817491,IS 11883
FAM-8523BC9C40ED,IS 12252
FAM-C7703074441B,IS 12461
FAM-04C01AB15318,IS 12821
FAM-20DDE19B6834,IS 12940
FAM-DBBD15E279A8,IS 14225
FAM-32A33E0C20B3,IS 14993
FAM-12C58EAC2F38,IS 15416
FAM-91A707F87319,IS 15809
FAM-45F801BFDD5E,IS 1866
FAM-859C77A54B28,IS 2796
FAM-B228B93C3B23,IS 2887
FAM-7E36779D606D,IS 4906
FAM-355D2FBCBE3A,IS 5030
FAM-5881C25AA5FF,IS 5719
FAM-3B05BD8DAA25,IS 6388
FAM-8C1AB095374E,IS 6560:2017
FAM-0B7BA56B5F82,IS 7202
FAM-E24DEB17BC65,IS 8226
FAM-A17B23B41065,IS 9419
FAM-455CC6694A52,IS 9639
FAM-219FDB473736,IS 9862
FAM-703033F9651F,IS/ISO 14004
FAM-BC4A1BC26CA2,IS 12700
FAM-B03E37E32436,IS 13234
FAM-55FBE28A9D28,IS 16043
FAM-A8F9F736D0AE,IS 16471
FAM-9F1DAA7DFBA4,IS 16547
FAM-2B6A021B995F,IS 16571
FAM-17D5D83379DD,IS/ISO 17742
FAM-49C42D833E1F,IS/ISO 366
FAM-E78B576EE143,IS 16555
FAM-B1F111CD9183,IS 16666
FAM-E0E10CA95640,IS 16665
FAM-BE6ADA05FBE7,IS 13611
FAM-FD135291766C,IS 16486
FAM-5073C5314582,IS 16528
FAM-8644B5EF3FE3,IS 16566
FAM-6D8B4BCB9957,IS/ISO 7130:2013
FAM-3862B90A188F,IS 16339
FAM-3E7B59C296E4,IS 16503
FAM-218571B368C3,IS 16624
FAM-C4DBEEFA7689,IS 16632
FAM-10F4FA4C1083,IS/ISO/IEC TR 29163
FAM-FA66C96E751C,IS/ISO 29990
FAM-E98084ECD06F,IS 15646
FAM-A7BB6799BC6F,IS 16205
FAM-596F91E131DA,IS 14234
FAM-DBE82CA48059,IS 16560
FAM-3F320CB0AD70,IS/ISO 20022
FAM-AAC2080B2F59,IS 104
FAM-17570A9EE484,IS 11652
FAM-FC261BA6F98E,IS 13498
FAM-4F50EA66AB42,IS 14168
FAM-ED5D354FE89C,IS 1829
FAM-6511CD1803E1,IS 2724
FAM-275A1597F5C8,IS 7903
FAM-1B988838A5BA,IS 16627
FAM-4EE8F0409E50,IS 16703
FAM-0A39DE1A6177,IS 16709
FAM-92A753635659,IS 11522
FAM-54C4133433FB,IS 16435
FAM-030B9453DF3E,IS 16633
FAM-F9C23E608838,IS 16668
FAM-DBA87D69414D,IS 16669
FAM-481400814525,IS 16670
FAM-1465B77C5E30,IS 16688
FAM-BA534452F105,IS 16107
FAM-26544BBA3D78,IS/IEC 60044
FAM-ECF3A9BB0C3D,IS 16647
FAM-7A6FDEB5CB9F,IS 11179
FAM-7F3181AE62D9,IS 15296
FAM-A92FDFC6B61C,IS 2691
FAM-C339728A11A1,IS 5165
FAM-746A30F6DAFA,IS 8737
FAM-94148F909BFA,IS 16534
FAM-EADCF168E052,IS/ISO/TR 18532
FAM-33C384129B89,IS/ISO/TR 37137
FAM-F6C762943AE7,IS 10633
FAM-98DF766DFD18,IS 109
FAM-E4285B1D5A35,IS 13943
FAM-4F31DB671B89,IS 142
FAM-80D5DF319306,IS 14703
FAM-215379BE72EE,IS 151
FAM-4676FFA08874,IS 15171
FAM-90C8F2013419,IS 3470
FAM-3598A0856745,IS 3537
FAM-91D2945AF019,IS 4923
FAM-665BDD72C8FE,IS 5430
FAM-F96D4B773D51,IS 16508
FAM-B54D771496F7,IS 16206
FAM-5A7EF7797453,IS 16570
FAM-830C553DF679,IS 11726
FAM-B199305F9EE1,IS 13363
FAM-A397420D2F9C,IS 13665
FAM-2A7B7BD79301,IS 15622
FAM-5D4D2A814435,IS 3554
FAM-8024CE428A79,IS 7021
FAM-B1B241356C08,IS 9500
FAM-4704C010FC52,IS/ISO 13485
FAM-0730B72558A5,IS/ISO 10532
FAM-1815AC7E7EA9,IS/IEC/TR 61850
FAM-D51D53A7E449,IS 16305
FAM-74927603A985,IS 16483
FAM-AC5C4906684B,IS 16583
FAM-740EEAD275E1,IS 16621
FAM-15F6EDC42BA8,IS 16153
FAM-873111F12557,IS/ISO 18431
FAM-F37439BDCCBA,IS/IEC 60884
FAM-D86803E899CF,IS 16323
FAM-DE8D0E396A9F,IS 11303
FAM-666870A6DC9F,IS 11855
FAM-915E05F53713,IS 13497
FAM-3519F8BEDE07,IS 14818
FAM-328765116D85,IS 3724
FAM-F4620571DE2B,IS 4001
FAM-DE7D76A582B6,IS 8433
FAM-EA0C4F0A3A45,IS 16651
FAM-46AE31D9ABEB,IS 15317
FAM-D9BA64F542D6,IS/ISO 16269
FAM-470D8D8700E5,IS 16629
FAM-9C11C2499A0F,IS 16328
FAM-1E20205EECD0,IS 16511
FAM-5A2665E28EE6,IS 16554
FAM-33BB9EA9562B,IS/ISO 105-X08
FAM-0FF347A94FDD,IS 10352
FAM-373592057FAE,IS 12516
FAM-79C9882FB412,IS 15490
FAM-4A725C6D0A3D,IS 1797
FAM-6A7E9558CAE0,IS 5228
FAM-30646A5F78C8,IS 5229
FAM-971859558AE1,IS 5230
FAM-4451A467390B,IS 616
FAM-0A75EE620BB0,IS/ISO 7134
FAM-BB20388DC8A7,IS/ISO 10262
FAM-7276F32C9EF0,IS 16357
FAM-F5B4539C6516,IS 16358
FAM-5183E456ECB3,IS 16359
FAM-E9EF76935B9A,IS 16360
FAM-368EFECF9AF4,IS 16426
FAM-0FB14B5C952E,IS 16521
FAM-500B68124B8A,IS 16604
FAM-85084C3EFE74,IS 16620
FAM-081B73DF8A3B,IS 16623
FAM-F9351FBFAD1A,IS 16243
FAM-F41E89AD2D06,IS 16525
FAM-86580DA1B8F1,IS 16526
FAM-F6752939BB61,IS 16532
FAM-3A3513F1AF97,IS 16540
FAM-6C2B70DA7781,IS 16367
FAM-A18F77161E6D,IS 16494
FAM-02DFA8F2F14E,IS 10708
FAM-21CAB963741D,IS 1079
FAM-BA23473975F3,IS 11513
FAM-3BB27740A776,IS 11765
FAM-9B4D6C3C3009,IS 15350
FAM-61B451C6F66C,IS 15660
FAM-12A6B3A74C42,IS 2075
FAM-FBE610AEBAD0,IS 5439
FAM-3AE35A83D572,IS 579
FAM-25C2077829C0,IS 5986
FAM-6603AA0DD955,IS 7533
FAM-5AA188334FEF,IS/ISO 20562
FAM-6DE74F707347,IS/ISO 1230
FAM-3A9C3C649DC6,IS 16618
FAM-2A364E90D8A7,IS 16484
FAM-A72B5D0C9C93,IS 16659
FAM-38596BEDFF41,IS 3961
FAM-9D2D8FEE14C7,IS/ISO 6014
FAM-8D9BB083FE1A,IS/ISO 10533
FAM-EA5E317BE2B8,IS 16552
FAM-93D234EF5E42,IS 16568
FAM-4AEE02D09AC0,IS 16572
FAM-C3A0167D3D5D,IS 16387
FAM-B9D420E6A3F6,IS 16524
FAM-7E72E3423119,IS 13083
FAM-23919234BD84,IS 15022
FAM-5C052A3E52A3,IS 15509
FAM-8ADFAF83D9A4,IS 1587
FAM-2A135B440AD1,IS 4357
FAM-24F539F58C6E,IS 5363
FAM-A450B7338693,IS 5446
FAM-AAFE10EF8F3E,IS 5447
FAM-BBD0A2426930,IS 6354
FAM-717C80A0BF4A,IS 6518
FAM-EABAC4FC6E68,IS 7001
FAM-D415215D0C4C,IS 7525
FAM-94E795875F03,IS 16653
FAM-3F072F794E36,IS 16654
FAM-B0E8E7BBCD66,IS 16655
FAM-81074958FBD9,IS 16660
FAM-456DB57A5DA9,IS 16444
FAM-D4A50C0FCFEB,IS 15959
FAM-108E6BB1B626,IS/ISO 2162
FAM-DE34AF1A8E8F,IS 16230
FAM-F01B25230825,IS/ISO 16249
FAM-F838251126E4,IS/ISO 26909
FAM-EBCDE878AC23,IS 16220
FAM-799F7F37ABF5,IS 16263
FAM-3D8475543624,IS 16382
FAM-A6214862170B,IS 16383
FAM-7FC024D9564E,IS 16384
FAM-0DFD3919B0B6,IS 16385
FAM-22F82A771E12,IS 16492
FAM-A75BD866141E,IS 16507
FAM-4EE1DF45D8C0,IS 16551
FAM-4615EC6D4783,IS 16584
FAM-2B0B97316A9E,IS/ISO 20242
FAM-5A8B90040A08,IS 16238
FAM-B882D16CE043,IS/ISO 105-G03
FAM-314B68205117,IS 16066
FAM-EC57490A5D09,IS 110
FAM-B6CEFA67ED5F,IS 137
FAM-1AF81F3CDACF,IS 15170
FAM-99538D34CF13,IS 2973
FAM-6E3B6BD8AB76,IS 761
FAM-64D513E3F22B,IS 9573
FAM-E67170374AD5,IS/ISO 834
FAM-42C030F9252C,IS/ISO 8622
FAM-91A1A006C2B5,IS/ISO 18906
FAM-EFD6315B6D04,IS 16646
FAM-24971678DECD,IS 15306
FAM-F79BC2D646B3,IS 16497
FAM-9E8D30BFB6CF,IS 16268
FAM-2B530B8AB15D,IS 16580
FAM-714C07376B3F,IS 16636
FAM-20B6DF77B367,IS 14738
FAM-FAA0789A132B,IS 16364
FAM-10A0AED5B22C,IS 10735
FAM-EBA98770AA54,IS 10737
FAM-4DCE33A4B0F3,IS 11918
FAM-F45CA02FE4CD,IS 12333
FAM-EC47A6973270,IS 13631
FAM-5E65B03AE30C,IS 13759
FAM-DDF3BF3A15ED,IS 14843
FAM-68AD190EABDB,IS 1582
FAM-9001A0A89BBC,IS/ISO 25
FAM-B4879A21DC6A,IS 16530
FAM-5DA6E6C095E0,IS/ISO/TS 17575
FAM-51F1F7C295AB,IS/ISO 1793
FAM-5B377B8B6227,IS 16587
FAM-B25A87C99363,IS/ISO 21289
FAM-A2E210325EA8,IS 12989
FAM-B27F43B799A8,IS 15300
FAM-899777E55480,IS 341
FAM-C58529B7CEDA,IS 5453
FAM-8819010DC63F,IS 883
FAM-EA3E849F58DE,IS/ISO 2867
FAM-38B4A0D82BF8,IS 513
FAM-62D04C5520DF,IS 16591
FAM-7B078D73D8FD,IS 16588
FAM-174C18EBA439,IS/ISO 6396
FAM-C73C60564802,IS/ISO 9533
FAM-73F77208229C,IS/ISO 10567
FAM-8AE074FBCC2A,IS 16601
FAM-A5170508B546,IS 10736
FAM-A3934EC2D68C,IS 13135
FAM-C3E339C0E497,IS 1417
FAM-71FBC238BAE4,IS 14916
FAM-CF5FFE72C84A,IS 15185
FAM-328F89FFB6D3,IS 15285
FAM-7597485E135E,IS 15316
FAM-10300F622B05,IS 5126
FAM-F3EC41B44DB7,IS/ISO 7131
FAM-E93DD4776E86,IS 16445
FAM-A09C408D888B,IS 16577
FAM-B0A2385D699F,IS/ISO 6395
FAM-A265AA44A037,IS 16253
FAM-C1F3AC6288D9,IS 16395
FAM-B9E5E1530340,IS 16396
FAM-67C366B096AD,IS 16397
FAM-1777E22BEC56,IS 16398
FAM-1DE7E523F257,IS 16399
FAM-F069D4D4119C,IS 16401
FAM-827BF4FF43D9,IS 16402
FAM-2D0B28D6CA10,IS 16403
FAM-DD5CC3429CCB,IS 16404
FAM-98A45EF3DFD6,IS 16405
FAM-022F77AEA09A,IS 16406
FAM-2C0C852D8A12,IS 16407
FAM-34E58FD0794E,IS 16408
FAM-CFE5BDF74864,IS 16409
FAM-597A023F1013,IS 16424
FAM-335AB4FC9047,IS/ISO 105-N02
FAM-3A5C765B2C1B,IS 11469
FAM-2292298DAA25,IS 12040
FAM-CBC5238F8FF2,IS 13239
FAM-98482DBA14B5,IS 13799
FAM-C55D2417C0BC,IS 14209
FAM-5DE26599F65F,IS 14371
FAM-C0AA63E2FF10,IS 15187
FAM-B5472D51B8D1,IS 2618
FAM-47C33E018109,IS 3536
FAM-EC4C7E11FD4F,IS 3678
FAM-02A30AC11F3A,IS/ISO/IEC 17024
FAM-790071912D9A,IS/ISO/IEC 17020
FAM-B7DE8BAD335E,IS/ISO/IEC 17050
FAM-1E18FC3F9758,IS/ISO/IEC 17065
FAM-3A6C39A49159,IS 16447
FAM-625EB29474AB,IS 16512
FAM-8CCD4597F6C3,IS/ISO 3009
FAM-2CD830631DB6,IS 16203
FAM-B38007E0427E,IS/ISO 105-X11
FAM-C57ECFBDFDF6,IS 16313
FAM-F940F55A1ADE,IS 16522
FAM-25CDCA363983,IS 13768
FAM-C3162E1B8D55,IS 13920
FAM-0F13CD44B081,IS 14276
FAM-2E7944A1AB02,IS 15223
FAM-26D200AF9AE8,IS 2071
FAM-F54CC6600338,IS 4984
FAM-E30B3EEF97F4,IS 7749
FAM-11CD5628B60D,IS/ISO 491
FAM-A7E9DD812F96,IS/ISO 15529
FAM-6C3BCA629092,IS 16320
FAM-E9C4DEBDBDC5,IS 16321
FAM-714D7364E17B,IS 16440
FAM-C2F76BFDD272,IS 16459
FAM-1B9E41EDA132,IS 16542
FAM-9EF9D773A0E5,IS 1801
FAM-070877369844,IS 16544
FAM-74CCAA54424E,IS 14715
FAM-7AD1237683CA,IS 16054
FAM-014F182D0797,IS 16113
FAM-7C2D5F6E5A4B,IS 1934
FAM-167BE731B597,IS 4393
FAM-454F74B66CFB,IS 16557
FAM-2A93549F9C4D,IS 16556
FAM-372BDF8731E6,IS 16350
FAM-89922095E5EA,IS 16490
FAM-737511781A70,IS/ISO 7457
FAM-5F8C7C0AC2F2,IS/ISO 6011
FAM-CD23827A6DE4,IS 16134
FAM-6CFFE90C1AE8,IS 16306
FAM-DB50BE78004B,IS 16537
FAM-93F2566B45B5,IS/ISO 8216
FAM-373718FC4849,IS 11443
FAM-382BB0862966,IS 1191
FAM-EECEBDE8376F,IS 12377
FAM-BF4332980B6B,IS 14722
FAM-EFE80262990D,IS 2921
FAM-8AE2C1D38F09,IS 6086
FAM-5E1DE742B2A8,IS 6713
FAM-E8B994072411,IS 8925
FAM-F1E42DC9D473,IS 16467
FAM-273CC9DE2EBF,IS 16468
FAM-5CC73B8A3FED,IS 16469
FAM-999073508644,IS 16470
FAM-1C69C7CCD454,IS 16545
FAM-957C8F249EAF,IS 16546
FAM-EB7EF15EC1A9,IS 16548
FAM-DCE1E5D5848F,IS 16462
FAM-72045FA2076B,IS/ISO 517
FAM-5D9A892D7C6B,IS 16472
FAM-2D3E3947005C,IS/ISO 21630
FAM-D3338F1D664B,IS 16006
FAM-35D9853DC61E,IS 7991
FAM-E9E9D7134DF8,IS 16416
FAM-DD092EED99CC,IS/ISO 5408
FAM-F414F5419DF3,IS 16294
FAM-F40D634E0871,IS 16513
FAM-159C61F6FE59,IS 16008
FAM-47D2F8C4352B,IS/ISO 64
FAM-5DEFF3758307,IS 269
FAM-C844998AC939,IS 10137
FAM-1E9E4DAA9173,IS 10716
FAM-48579BE210A0,IS 11666
FAM-891A2BF02BBE,IS 11681
FAM-249F741B8753,IS 12160
FAM-C18545DA1228,IS 12747
FAM-556F67ECC9D6,IS 13864
FAM-B881AFD05BF9,IS 140
FAM-058F781E4A2A,IS 1489 : 2015
FAM-4FA8540DF28C,IS 15147
FAM-996BD0A1C3B2,IS 15148
FAM-5D54C21AAA9F,IS 15351
FAM-F1F85DDFAE33,IS 1646
FAM-545CDE57E727,IS 2626
FAM-1E3CBE4E3C2D,IS 4151
FAM-6A1F3FF1A578,IS 455
FAM-91832E53A8E5,IS 6547
FAM-75B0F02F7248,IS 8042
FAM-CC74033A9F9B,IS 8641
FAM-8832F75B21DD,IS 8702
FAM-0BDD9092C71C,IS 9263
FAM-9B971A47C012,IS 16415
FAM-64433D1AD0E6,IS 16200
FAM-6C1441980D38,IS 16318
FAM-FDCBF6A79A39,IS/ISO 19706
FAM-A582BEF86B1F,IS 4998
FAM-C52ED9F9FA0C,IS 16336
FAM-2A51EB2F00DB,IS 16365
FAM-D90014B5D821,IS 16394
FAM-7D14F0CA6321,IS 16474
FAM-1C59394F2762,IS 16475
FAM-557373EF7E0B,IS 16477
FAM-06BD939E99C1,IS 16211
FAM-23844F196FE6,IS 16331
FAM-B92C4D6E217D,IS 16334
FAM-0838C67966DB,IS 12021
FAM-BF5C7F40F0ED,IS 9543
FAM-B758CBB35F8F,IS 2818
FAM-09494EDFB7E8,IS 16246
FAM-49E31497BD51,IS 16340
FAM-6B63DC10A6CD,IS 16349
FAM-B51C5E629D6C,IS 16417
FAM-EF04879DEAB1,IS 1489
FAM-2ED36E1B0175,IS 16022
FAM-A4664A3823A0,IS 16361
FAM-183A581C3ECB,IS 16366
FAM-DEBA1A10FF61,IS 16372
FAM-799D5BDA1C7D,IS 16390
FAM-51B7BB430E3E,IS/ISO 23409
FAM-BE93D47D8939,IS/ISO/TR 20514
FAM-EE72B4C677C3,IS/ISO 518
FAM-80D397B8637C,IS 13154
FAM-B0E9EECE4EF7,IS 13473
FAM-B5AA76A2C2BB,IS 8895
FAM-560A7386CC4D,IS/ISO 9001
FAM-D0C46689DAE0,IS/ISO 366-5
FAM-043EBA613A19,IS/ISO 1701-1
FAM-07678D025FE8,IS/ISO 3155
FAM-C4734F87BAE9,IS/ISO/TR 12859
FAM-F943BD8506FC,IS/ISO/TS 13140
FAM-69D6CEDC0A3F,IS/ISO/TS 13143
FAM-B0549EFC88E7,IS/ISO/TS 13143-2
FAM-29CB5C4A932A,IS/ISO/TS 14904
FAM-DDE8E4255824,IS 16131
FAM-50A09218B29F,IS 16287
FAM-954D5A96D725,IS 16368
FAM-87CA2B64CCCE,IS 16374
FAM-336A8328A8FF,IS 16389
FAM-BEAA6FB54EA4,IS/ISO 17573
FAM-358333351AED,IS/ISO/TS 17574
FAM-98B4451E2603,IS/ISO 39001
FAM-962B09DF766A,IS 12849
FAM-2B25D7683ECD,IS 158
FAM-28763C89459F,IS 3024
FAM-1F4F70F6D819,IS 3999
FAM-C3EDBEA8BEA4,IS 681
FAM-5EF31826C2E8,IS/ISO 16162
FAM-FE51B38C9EBF,IS/ISO 16163
FAM-39082D9CBF2E,IS 14625
FAM-B760217C3722,IS 16196
FAM-36D9057A49AE,IS 14221
FAM-4916D1582E22,IS 16236
FAM-8A00F42BB8EC,IS 16326
FAM-019E0D90FC2F,IS 16353
FAM-29B5FA6A668D,IS 16354
FAM-7ED417B8DA3D,IS 16363
FAM-FBE6A0AE6B92,IS 16373
FAM-3493DBC59309,IS/ISO 105-F05
FAM-9E9741F43DE6,IS/IEC 62305
FAM-17215F66FB80,IS 16207
FAM-546D7BFBEF21,IS 16295
FAM-8851EE9FFB43,IS 16262
FAM-AB55F3C0251C,IS 16369
FAM-EEB6AE9F79FC,IS 16151
FAM-51835898FCA2,IS 16341
FAM-3753F0FEEA14,IS 16342
FAM-20EC00F84BC5,IS 16343
FAM-3F613D885E26,IS 16344
FAM-DE45E997DA92,IS 16346
FAM-2F0B85F9656D,IS 16347
FAM-642EF99C07A3,IS 16348
FAM-6645213A8477,IS 16351
FAM-0DDC4E782C50,IS 16355
FAM-37815C078EAC,IS 16356
FAM-1578AB288DAB,IS 16370
FAM-BB7BE96647DD,IS/ISO 8573-7
FAM-5FD9151D015A,IS 16337
FAM-9C510534C697,IS/ISO 13584
FAM-8F27B526BF96,IS 14252
FAM-8046002B9606,IS 16414
FAM-814E1414CAB3,IS 16212
FAM-C900985D7BF2,IS/ISO 15531
FAM-E4AF2736301F,IS 16250
FAM-CC9E4DED6957,IS/ISO 29941
FAM-DA5302B51B0A,IS/ISO 8573-6
FAM-6F55FFC647C8,IS/IEC/TR 61341
FAM-9DE9B9E16F55,IS 10116
FAM-BD8C12352D91,IS 14968
FAM-CCEA5755B164,IS 4905
FAM-108CF7C387FF,IS 16208
FAM-A1C141276680,IS 15986
FAM-B5E2EBB830F9,IS/ISO 14408
FAM-916230ECC7C8,IS/IEC 61262
FAM-F1FD624A7C43,IS 16400
FAM-A74FF5A5045F,IS 10820
FAM-83777AE527E4,IS 3110
FAM-96C575BF9A82,IS 4505
FAM-67925DCC1193,IS 5577
FAM-0FDA8DD807B6,IS 8650
FAM-2948762F51BA,IS/ISO 15744
FAM-010706D005AC,IS/ISO 5389
FAM-DC51252EB298,IS 16314
FAM-11DBA6B95FC2,IS/ISO 7135
FAM-4357A10784EB,IS 62305
FAM-494A1D84EB40,IS 16213
FAM-61A1E5A7689A,IS 16319
FAM-7D606F7E0631,IS 12884
FAM-C2998BF2FD04,IS 10084
FAM-9DD50FC2DF13,IS 12588
FAM-52D5917235F2,IS 15645
FAM-0FA327091BF8,IS 1783
FAM-ADB271AA931C,IS 2113
FAM-1528B04A64D3,IS 5522
FAM-53A36C7FD25F,IS 16278
FAM-DD41CEEBFE64,IS 16283
FAM-5E4BD1CFF132,IS/IEC/TS 80004
FAM-743BABC8D1E6,IS 16257
FAM-A72365934C85,IS 16277
FAM-7F080C058BA8,IS 16292
FAM-F268ABDE3D22,IS 16293
FAM-BD47CB55E6DA,IS 16303
FAM-84FC6F845094,IS/ISO 29942
FAM-1791134CBE4C,IS/ISO 4310
FAM-364DD18E5F3A,IS/ISO 3156
FAM-AF16650C6C63,IS 16178
FAM-3E2D14FB1506,IS 16324
FAM-6138EAA43DEB,IS 16296
FAM-C27ACE4638F9,IS 16299
FAM-D5ED2222ABE2,IS 16271
FAM-1D2DC663D68E,IS 10635
FAM-6372D765B651,IS 10980
FAM-D36483EA3B31,IS 3913
FAM-FCC0BD8F1052,IS 4721
FAM-DFAA68B5EB06,IS 7913
FAM-84AA40F410A3,IS 15772
FAM-95D83F8F633D,IS/ISO/TR 10217
FAM-1E83F503854C,IS 16248
FAM-AC237EECBC06,IS/ISO 24014
FAM-C3EA359C2328,IS 16191
FAM-23C718791F38,IS 16173
FAM-C0AE01A0B0CC,IS/ISO 6392
FAM-EA059D7C21D9,IS 13109
FAM-2798CA50A30E,IS/ISO 7183
FAM-1FA5317F1D8A,IS/ISO 28801
FAM-3BC84D73E80A,IS 16152
FAM-8A8047B7A64C,IS 14561
FAM-DBF6EDA2CB24,IS 1046
FAM-0DA950EC2719,IS 12879
FAM-EF8B55E749F0,IS 13603
FAM-C2628377FA3B,IS 13988
FAM-FDBAB192F63E,IS 14562
FAM-C97863ACDA42,IS 3823
FAM-91A4A8E5C386,IS 3824
FAM-23A0BCC09C35,IS 544
FAM-7DB3B343E650,IS 5844
FAM-723F59454624,IS 8361
FAM-BC0066826EC0,IS/ISO 28640
FAM-7D521C931F0C,IS 16199
FAM-6DADDC00C586,IS/ISO 8612
FAM-C587C1A17CF4,IS/ISO 9801
FAM-65DAB67C8809,IS/ISO 10342
FAM-002011E36B0A,IS/ISO 10940
FAM-B314DB37FE1B,IS/ISO 12865
FAM-073327F261E9,IS 16286
FAM-FE1BB0D1445D,IS 16288
FAM-9C7C1E417BBA,IS 16289
FAM-C1F95E06BEC2,IS 16290
FAM-5CC47DF84F87,IS 16291
FAM-7E8F94A01D48,IS 16300
FAM-7AC5EC1AF3CA,IS 1161
FAM-71CF0AE0D1B5,IS 13604
FAM-4219FDAAF49A,IS 14573
FAM-77CDD00F689B,IS 14653
FAM-C6107FB95E27,IS 14783
FAM-3FBFEDCE4AAC,IS 3448
FAM-CB4B9632DB51,IS 4276
FAM-7A889059E6FB,IS 4277
FAM-B46A5C8170F0,IS 546
FAM-0F0DF57EE91A,IS 5642
FAM-D7F12A6FBAAF,IS 8669
FAM-84462493F7C1,IS 16125
FAM-DB9D712E891E,IS 16174
FAM-725C2E080DB4,IS/ISO 20645
FAM-383996C17B81,IS 16282
FAM-12F1651F9A5B,IS 10556
FAM-9ABAA6564460,IS 10523
FAM-A14A4E5F4978,IS 11485
FAM-6966DE66EBE1,IS 13028
FAM-777CB69A3DE9,IS 14359
FAM-97E53136D71B,IS 14750
FAM-4D241E7F7522,IS 15118
FAM-DD007C187819,IS 15119
FAM-7929740E5C3B,IS 15198
FAM-1B6D92AC4806,IS 6128
FAM-07B7537AD103,IS 919
FAM-B9B6D8FD763B,IS/ISO 15197
FAM-53FEF79876AD,IS 16223
FAM-8C82EE5566B3,IS 15436
FAM-3A1E95488EC7,IS 14382
FAM-AA1587C5ABF7,IS 2077
FAM-03AC83152250,IS 5334
FAM-AD63B1A83129,IS 5531
FAM-74D86DDCA612,IS 6352
FAM-363E6EE025B8,IS 6353
FAM-98F6CEB38B81,IS 16232
FAM-E1B01673125A,IS/ISO 18308
FAM-209A0C04716F,IS/ISO 5832-5
FAM-43E8E10CE03F,IS 16193
FAM-7C44736EBA9A,IS 16217
FAM-11D1C17BA674,IS 16215
FAM-C48EC523DD23,IS 16224
FAM-888F5A6D1095,IS 9549
FAM-A8548AB06DD4,IS 13708
FAM-B2EE91C51D8D,IS 16219
FAM-7BA4374A9924,IS/ISO 105-F01
FAM-7EF671834CAF,IS 10096
FAM-6C4CF868961C,IS 13039
FAM-E8B996CE2375,IS 14887
FAM-0FC5C9052BC5,IS 2154
FAM-FFD0E0B4773D,IS/ISO 12460-1
FAM-CC76F875C0B4,IS/IEC 60479-3
FAM-CF94CC65D309,IS 16218
FAM-0509665DAF11,IS/ISO/TS 12805
FAM-F40DF1A5BDE9,IS/IEC 80000-13
FAM-5B2039631DC6,IS/ISO 1501
FAM-2EBD2F56004B,IS 16225
FAM-57F74F43D580,IS 16226
FAM-56271B4133B6,IS 16190
FAM-968B2C1C75ED,IS 16202
FAM-2F13DA96D43F,IS 16201
FAM-551D57B0E356,IS/ISO 105-F03
FAM-F350E4552942,IS/ISO 105-F02
FAM-37644871DA05,IS/ISO 105-E06
FAM-52E392DEE0B2,IS/ISO 105-F04
FAM-36A724DC4998,IS 16181
FAM-E7EA2D22C909,IS 16177
FAM-97347C3D9D39,IS 13599
FAM-B182BDCC527B,IS 16135
FAM-07BA24918633,IS 16195
FAM-3A65FB6FC89B,IS 1062
FAM-9853862559FE,IS/ISO 5364
FAM-DC7F04059637,IS 12592
FAM-7A677B7D590B,IS 13997
FAM-E59EEE35120B,IS 2370
FAM-7F4CAB67814C,IS 2753
FAM-C65C5516E5BF,IS 368
FAM-4A2768336179,IS 4169
FAM-8A64A145ED03,IS 6006
FAM-C426BD50800D,IS 16175
FAM-68DECA123836,IS 16176
FAM-D54196BB5BDB,IS 16182
FAM-05C493ACBB07,IS 16185
FAM-F84651412186,IS 16144
FAM-28E712EA5806,IS 16146
FAM-87DCD191DD0C,IS 16154
FAM-7F781C53A0C1,IS 16186
FAM-78DFC4057791,IS/ISO 29701
FAM-5B36EB5478A9,IS 16184
FAM-B6815C2B0B92,IS 16187
FAM-D03DC0B7B52F,IS 14899
FAM-9C94D63B628C,IS 8414
FAM-87403E1D4BB8,IS 16147
FAM-88ED458D9D0C,IS 16148
FAM-1AAF8F547087,IS 16166
FAM-84475E93F268,IS 16171
FAM-778498CEC976,IS/ISO 105-E12
FAM-A4CB6ADF8FCB,IS/ISO 105-E13
FAM-98F44E28B8A5,IS/ISO 105-E16
FAM-0E7650E837B4,IS/ISO 13402
FAM-0C3EB1E522DE,IS/ISO 14051
FAM-DF25847C0A1A,IS 13258
FAM-1E2752CC67EB,IS 16129
FAM-C67CF836CDB1,IS 13145
FAM-4415BD4FFF20,IS 13243
FAM-3210B9741EE8,IS 13249
FAM-AD90CBCB0179,IS 253
FAM-01F9F26F6D40,IS 3406
FAM-0AED9C2D60DD,IS 4811
FAM-76FCE81F1CE6,IS 6752
FAM-7E35AED15A0A,IS 9453
FAM-5C04C17739CF,IS 15248
FAM-0FB3E4A7CEC0,IS 16130
FAM-80D1D8FA7BEB,IS 16168
FAM-43890F956CD7,IS/ISO 105-E09
FAM-982529DB0659,IS/ISO 1701
FAM-C9B4EC5947F2,IS/ISO/TS 80004
FAM-41E5BA64BCDE,IS/ISO/TR 11360
FAM-9116DA2EE923,IS 16132
FAM-D0762F67A625,IS 16140
FAM-01E82D38DE1B,IS 10032
FAM-8A4E8290A7D8,IS 1651 : 2013
FAM-D4B082EDC649,IS 3196 : Part 1 : 2013
FAM-9DF3E3E0E4EC,IS 3871
FAM-8A07675A15D8,IS 3952
FAM-1D26D386F529,IS 4014
FAM-38AC50558CA0,IS 12508
FAM-7D4746C0791A,IS 12949
FAM-3CC2808A5CF4,IS 14320
FAM-45C8D5707135,IS 14325
FAM-1C2B6F3A9AD4,IS 2152
FAM-5501DE41371C,IS 3074
FAM-C7446CDB3C59,IS 4046
FAM-946007BCA55E,IS 4376
FAM-E6F1AA322AF7,IS 4964
FAM-FD81D1DDF8E9,IS 5298
FAM-B93620CB75A3,IS 5429
FAM-890414A8B5F5,IS 6255
FAM-2B2156C999B7,IS 7236
FAM-C07F407B5093,IS 770
FAM-A8133F9985BD,IS 7835
FAM-B200ABF5341E,IS 7837
FAM-80D84262DF92,IS 9338
FAM-0CDF4FA78304,IS 16096
FAM-8FBA4EBF0804,IS 16136
FAM-0D826D6CC531,IS 4081
FAM-AFDFFF000FAD,IS 5916
FAM-5F1EA07A39BF,IS 15974
FAM-8DCF53B4CD2F,IS 16093
FAM-79FC5B65E892,IS 16114
FAM-44D21D1D2DB6,IS 16141
FAM-658783DB4C1C,IS 16145
FAM-2DE2DBE07DA9,IS/ISO 105-E03
FAM-A41425318BAC,IS/ISO 105-E05
FAM-7675D21D0DAC,IS/ISO 13936
FAM-7B89A9998B30,IS/ISO/TR 13121
FAM-4BA7CD2C657E,IS 15972
FAM-76C113327C3C,IS 14841
FAM-93FFE2E81B13,IS 5121
FAM-4CE8F476BD06,IS 16138
FAM-47709D2CC372,IS 16088
FAM-E9EE86461927,IS 16055
FAM-33108FFC413A,IS 16064
FAM-12886E23A2C2,IS 13606
FAM-02052543BDC4,IS 14488
FAM-266BF20AF451,IS 2339
FAM-3F0C50408B56,IS 3969
FAM-450C7B6A754B,IS 427
FAM-90FD89BE7477,IS 428
FAM-7BC66C3C1E32,IS 5128
FAM-C7A0BAEE539E,IS 795
FAM-8C3B6D851D63,IS 3023
FAM-CA76F92C2BFB,IS 15981
FAM-BCE6D911D8AC,IS 15985
FAM-E0144E96F602,IS 16073
FAM-1614B2AABC8A,IS 16112
FAM-FD329FA7193E,IS 16116
FAM-46DAC8D7E154,IS 16117
FAM-772E0ACD2AE9,IS 16126
FAM-97A05E4B8B5A,IS 5410
FAM-BEB833AEF507,IS 7742
FAM-84A05470DF1F,IS 7750
FAM-6A8A8E4768F1,IS 15977
FAM-2534BFCD43FF,IS 16056
FAM-878BDF85D2E3,IS 16095
FAM-C8B928FEF740,IS 16127
FAM-B4CE4B97FEE2,IS 16128
FAM-C74DDF4F8381,IS 11987
FAM-95F666058A0B,IS 1652
FAM-A467A5077DF0,IS 2716
FAM-019DBE8724AC,IS 7836
FAM-479D65CC490A,IS 8130
FAM-9A6C3D8A9FB1,IS 9004
FAM-1779686E5B3F,IS 16009
FAM-BD24F0DB16DD,IS 16053
FAM-BFA2A7C1F6F6,IS 16059
FAM-6DB0E33501CF,IS 16060
FAM-13C440C2FD2C,IS 16062
FAM-D398BD20D204,IS 16065
FAM-2D2E2D398166,IS 16089
FAM-733404876314,IS 16090
FAM-3EF53A601DD1,IS 16091
FAM-3E6006967B7E,IS 16109
FAM-895991E341F6,IS/ISO 105-E07
FAM-97131FA117B7,IS/ISO 6182
FAM-B4B5B04B811F,IS 16063
FAM-10F33F240132,IS 5219
FAM-54F10C0F6490,IS 11086
FAM-69AC5563B822,IS 1125
FAM-AC71DD494E53,IS 11527
FAM-A46514198023,IS 12147
FAM-1903187F1BE5,IS 13602
FAM-B26FA03889C6,IS 14169
FAM-71A213485542,IS 2963
FAM-6106ACD17F73,IS 3967
FAM-72FEAF80DD6D,IS 3968
FAM-0A802094CE8F,IS 4690
FAM-7F2BB8976749,IS 5127
FAM-28078B40C583,IS 5312
FAM-8872593CCE5E,IS 6357
FAM-8F7126552007,IS 8601
FAM-08EC4DD3B1E0,IS 10
FAM-5F0F96B85EA2,IS 10400
FAM-AE54B6C8F7D2,IS 1126
FAM-A8CC5FEB2A82,IS 13041
FAM-80E517EC0066,IS 13152
FAM-4DE0922873F2,IS 13271
FAM-5B26584C63A8,IS 14133
FAM-C500943D1BFB,IS 14174
FAM-FD7568CED98C,IS 14793
FAM-DA918EE373A4,IS 1515
FAM-20FA79F33954,IS 1643
FAM-0C72129CC3CD,IS 1644
FAM-B2888DEB132F,IS 3374
FAM-D087DD7A869A,IS 4484
FAM-BD81AB2432E5,IS 5466
FAM-E27CEDAA723D,IS 6199
FAM-5EDC28584C30,IS 6301
FAM-88AA7459AC37,IS 6410
FAM-4340ECC1D69A,IS 13528
FAM-39F03655BAF7,IS 15998
FAM-E000E30A3477,IS 13625
FAM-6B93F20DC105,IS 6657
FAM-E2DD6B0ED4CC,IS 6658
FAM-EDCF7DD08D69,IS 7252
FAM-55AF1008E30B,IS 9253
FAM-9C424568BBAE,IS 15987
FAM-CB961D830524,IS 16045
FAM-584DB48D8D46,IS 16057
FAM-EB022D343AA5,IS 16097
FAM-E7DE4745BDCC,IS 16115
FAM-782E9FFF51FA,IS 16118
FAM-66ED874DC6EB,IS 16123
FAM-D5CF7B40D756,IS 16119
FAM-95BF4763EEF0,IS 16120
FAM-D50C0481A018,IS 11056
FAM-FC4C10C9084B,IS 13024
FAM-64A7057B5AAA,IS 15971
FAM-EA3F741A2B35,IS 13506
FAM-5BBEC786A12A,IS 1641
FAM-143B458B358F,IS 1642
FAM-06EBB359DACE,IS 234
FAM-047EE5CA9C67,IS 7784
FAM-87B577EB7FBF,IS 8498
FAM-530927E1BC8A,IS 9798
FAM-E7ECBEA5E420,IS 15976
FAM-CABF5CE43A3F,IS 15983
FAM-B6D0152D6B4E,IS 10286
FAM-42909D2B3744,IS 13527
FAM-BE859B07F27B,IS 8701
FAM-BCBDED535AC4,IS 15858
FAM-748C82F6147D,IS 15859
FAM-B0551066F888,IS 15860
FAM-35C699E88C77,IS 15861
FAM-CB8A4933183E,IS 15862
FAM-DB9B30D56DEA,IS 15967
FAM-F2B9782C6447,IS 15984
FAM-789840253CFE,IS 16069
FAM-F513CFE5F957,IS 16084
FAM-087D6695CB93,IS 16086
FAM-B8536426AB25,IS 16092
FAM-335EB85423E6,IS 16099
FAM-3F3A31DBC567,IS 5154
FAM-31181B523241,IS 8614
FAM-5FBE91B1BE7A,IS/ISO 7388
FAM-F66DCE4FFB64,IS 15964
FAM-84D89F5D2A7C,IS 13236
FAM-D31BB9D37923,IS 13592
FAM-19918B4A9F70,IS 13801
FAM-87957C561041,IS 3175
FAM-BE117E5EA15C,IS 3732
FAM-85A1E68C6D24,IS 3812 : 2013
FAM-4E7479CE12AA,IS 3812
FAM-15836F19F7EA,IS 8674
FAM-EE3AB0E03B9C,IS 8758
FAM-A754B9581C75,IS 15968
FAM-9DA5B48B28D1,IS 15969
FAM-A51D1C70873E,IS 15982
FAM-5EA6A344F893,IS 16078
FAM-F4366E8788DB,IS 16079
FAM-D8A4B9C38C65,IS 16080
FAM-E4361E2D5EFF,IS 16082
FAM-88C074C16523,IS 16083
FAM-44EFDD2E2AD3,IS/ISO 10835
FAM-BDB1321A3493,IS/ISO 4866
FAM-079F4614C2AA,IS/ISO 5416
FAM-700A50DDE534,IS/ISO 9847
FAM-B91430AAF984,IS 7193
FAM-6657F0D5D532,IS 10558
FAM-3DCF45572737,IS 15960
FAM-7A13EA76B8AB,IS 3399
FAM-9E46348B8E5E,IS 73
FAM-C148EABD22BD,IS 15970
FAM-A55EA640E9AC,IS 16049
FAM-F30E32493598,IS 16076
FAM-66F83909B07C,IS 16018
FAM-A0F42AEAEB26,IS 1607
FAM-5CB7B5BB487C,IS 4692
FAM-1DB274247B4E,IS 6339
FAM-A56E6A5ACD4A,IS 15966
FAM-9AE526E529F5,IS 16068
FAM-B363841A5BDA,IS 16081
FAM-89CB7295A811,IS 16098
FAM-AB3E8F3E13EF,IS 2702
FAM-782F00FEC55C,IS/ISO 15002
FAM-7415EA5C56E5,IS/ISO 6741
FAM-925D205246A8,IS/ISO 7768
FAM-1F76CD7090C0,IS/ISO 7769
FAM-1BF2B37CC384,IS/ISO 7770
FAM-979761FFF1E7,IS 13503
FAM-A4300B499AF7,IS 5529
FAM-C6DC1266FF0F,IS 10986
FAM-E52F2C42A1F0,IS 8384
FAM-BC0D66411DAD,IS 8707
FAM-F1787DE06E4D,IS 13585
FAM-B7B9D65F9A56,IS 15289
FAM-0A2CE1F94B94,IS 15988
FAM-83F82778257C,IS 16051
FAM-0AE35464FD89,IS 16070
FAM-BA92AB750503,IS/ISO 13203
FAM-F63008CC0239,IS/ISO 22005
FAM-763228E9F18F,IS/ISO 2470
FAM-22997AB35298,IS/ISO 2471
FAM-C9B7670D407A,IS 10187
FAM-DFB8F0EC2E5B,IS 11526
FAM-F34E9A78E71B,IS 3912
FAM-D336BE325D1C,IS/IEC 60139
FAM-73D73F8BBC83,IS/ISO 672
FAM-6503D21D9E7A,IS/ISO 673
FAM-727AC1A14211,IS/ISO/IEC 23988
FAM-E9D2D9AEF4FC,IS 4209
FAM-A6D031821BCA,IS 8532
FAM-92BFBAAFA669,IS/ISO 1066
FAM-6C7F3E0FAEE1,IS/ISO 1067
FAM-EF0A41824AF1,IS 10060
FAM-07D2E2D59104,IS 3910
FAM-B27ABB982443,IS 16028
FAM-EA0CC7F907B8,IS 16029
FAM-3E64E9EA177A,IS 16033
FAM-7732A4CB68B8,IS 16002
FAM-58DB4E361083,IS/IEC61196
FAM-2102625995F1,IS/IEC61965
FAM-A9DBC94F819F,IS 299
FAM-BBC4939C1EEE,IS 15580
FAM-FA5446DB5097,IS 16027
FAM-EC6B6892C337,IS 16030
FAM-E2FB91332673,IS 16031
FAM-267DFC3EC5FE,IS 16032
FAM-3A71BF1C2D56,IS 16034
FAM-1FB5CD7264EE,IS 16035
FAM-6D6EFE84015B,IS 16036
FAM-BA9D91ADA21D,IS 16037
FAM-4C6F957A76A8,IS 16038
FAM-F263932C9313,IS 16040
FAM-ACBEFB251A89,IS 16041
FAM-6856C93F55AC,IS/ISO11919
FAM-9FA772350AEB,IS 11202
FAM-4481A628A989,IS 11962
FAM-1666F972DEB6,IS 11964
FAM-F5D36C79FE20,IS 8886
FAM-3E1892DD55D8,IS 16011
FAM-AAAD59A29557,IS 16012
FAM-47272C6023C0,IS 5474
FAM-A3F71BCFE0EC,IS 11546
FAM-EB6D42558A63,IS 13291
FAM-4B6CB954C1A4,IS 1343
FAM-1EEBE3BF555E,IS 5465
FAM-CE6FCD322AAA,IS/ISO/IEC 19796
FAM-57307FE809C1,IS/IEC 60060
FAM-19E55320C7C8,IS 14992
FAM-39BDFA1AB57C,IS 9113
FAM-3941E0C57FEB,IS 950
FAM-0333C623C3BB,IS 10852
FAM-DE3FF3485CD1,IS 11104
FAM-A11CD68609AB,IS 12466
FAM-4946648871D6,IS 12760
FAM-950153C63E78,IS 13404
FAM-F5A05750DE0F,IS 7349
FAM-415CCEC62403,IS/ISO 10265
FAM-DCF0E0B42B07,IS/ISO 9244
FAM-4DA44898D560,IS 15928
FAM-94ADCE30982E,IS 15929
FAM-27B7915ADC30,IS 15943
FAM-3AB7B25BFB6C,IS 16072
FAM-8E59835EF062,IS 15991
FAM-B17A60B30BE1,IS 11388
FAM-672FC9C0D19D,IS 11468
FAM-E243B37EF647,IS 14360
FAM-281808C39115,IS 14868
FAM-4A8B959AB3DD,IS 14873
FAM-44A7663667D8,IS 15471
FAM-2353837A4E3E,IS 5623
FAM-8385A286E32C,IS 915
FAM-6E8B67B3C2AA,IS 15956
FAM-E661F22A3A95,IS 15957
FAM-E833279E30F3,IS 15993
FAM-E11AFF45AA84,IS/ISO3471
FAM-16934717BF16,IS/ISO 24998
FAM-F99181D47DCF,IS H16500
FAM-C3689CAFC7EC,IS/ISO 718
FAM-A538282BF00A,IS 15932
FAM-461B21D0FC44,IS 12793
FAM-7E2CA1FB1FFD,IS 13835
FAM-E4650C1183F9,IS 15931
FAM-19947D575C27,IS 15997
FAM-51357AF8434C,IS/IEC 62056-46
FAM-E1337029BD89,IS 10701
FAM-75D360516E38,IS 16001
FAM-739CE3CF0F91,IS 2871
FAM-F6D82D53633D,IS 7634
FAM-933F1A766BFA,IS 952
FAM-C056AE3147E4,IS 13202
FAM-D517748D46E7,IS 10500
FAM-276CEC008210,IS 3196
FAM-3E01EBCFF63D,IS 15927
FAM-5700A691F8E1,IS 15320
FAM-508B0CC2BCC8,IS/IEC 60371
FAM-DD46BA209327,IS/IEC 60371_3_9
FAM-B2EA7FBF0A9E,IS/ISO 22006
FAM-468CA15351FA,SP 71
FAM-8BB9822BC00E,IS 16019
FAM-8C0EA12931CB,IS 16020
FAM-145548411F87,IS 16021
FAM-6E6EA2BE4791,IS 15962
FAM-3F6733CF6ED9,IS 15965
FAM-E8B041E285E8,IS 15898
FAM-F496D99D1CBE,IS/IEC/TR 62051:Part 1 : 2004
FAM-C7E7DDAEFDC8,IS 15925
FAM-994B01F1510D,IS/IEC 62369
FAM-B3B522A7B922,IS/ISO 14790:2005
FAM-0C27225B16C9,IS/ISO 21949:2001
FAM-61FDF9FE4AF1,IS 1271
FAM-916CF858A1DC,IS 2419
FAM-FD98D9997135,IS 5401
FAM-6EA7E08230FA,IS 7937
FAM-57C19C309099,IS 9067
FAM-085DBEB7AA85,IS 15915
FAM-68158ADF115B,IS 15954
FAM-C18EEB3AC1B2,IS 15950
FAM-0489187D24C1,IS 15951
FAM-A606AB8F00C7,IS 15952
FAM-21ECF6162BB3,IS/ISO 5580
FAM-6D60F6621FA1,IS 1237
FAM-08D0A7F21D44,IS 7702
FAM-99873F2B4A18,IS 949
FAM-BADB8A704336,IS 15949
FAM-2D26583A6314,IS/IEC 62233
FAM-F9C6E17424CC,IS/ISO 15635
FAM-4F4F131C5252,IS/ISO 21950
FAM-7939FA82CAA6,IS/ISO 21951
FAM-67AAE9D562B3,IS/ISO 3057
FAM-A15068C4C88F,IS/ISO 5362
FAM-86B14DCFE25F,IS/ISO 9170
FAM-C67EDB1F9BAC,IS 11920
FAM-97C9EA6708AF,IS 12757
FAM-5365D8A2EB53,IS 15885
FAM-3DAD6465C235,IS 16101
FAM-E8D673D21F42,IS 16104
FAM-A20A7AB5785A,IS 16105
FAM-FA1C42504587,IS 16106
FAM-971DD4439861,IS 15919
FAM-0532A16C62F5,IS 15920
FAM-4E56A0734965,IS 15926
FAM-6398F10B1D30,IS/ISO 11112
FAM-2071F0CB3A14,IS/ISO 3457
FAM-446DF8A07F86,IS 15978
FAM-340285B194F2,IS 15979
FAM-65A70438AFD6,IS 1838
FAM-80416D25E147,IS 11477
FAM-BAA02F278A06,IS 11763
FAM-F8590E72DD82,IS 14648
FAM-AB21BDE70554,IS 15038
FAM-289FE0EA67A5,IS 7402
FAM-4113D6714935,IS 7478
FAM-EA5ADD37E53B,IS 15897
FAM-D1C4AB0F4B81,IS 15936
FAM-31B243715BA0,IS 15945
FAM-B4CEB2555571,IS 15918
FAM-A141E2F97448,IS 15923
FAM-19B43FAF8808,IS 6489
FAM-5B9E50678752,IS 13573
FAM-31A0C70C4810,IS/IEC 60270
FAM-D1C5D2CC9BF1,IS 10429
FAM-8B97F5D298BF,IS 10640
FAM-B7656A6E569E,IS 11167
FAM-25F62B2C0CBF,IS 3840
FAM-6566BE92B97D,IS 707
FAM-BD16FB114AF5,IS 7855
FAM-D55353155FB9,IS 8589
FAM-BCCE37D0D921,IS 15939
FAM-FEFDCB9051FB,IS 11006
FAM-97DB94FF046C,IS 11300
FAM-7AAE36663C96,IS 11311
FAM-900EC1183C1C,IS 13474
FAM-31C5196FB4BB,IS 14361
FAM-5A0BCDA34050,IS 4152
FAM-5C2B52B5C3EF,IS 15953
FAM-938D2A73B50D,IS 1239
FAM-6294A03DB4E5,IS 15914
FAM-8B5C49666EE2,IS 8516
FAM-365A17AA281C,IS 9947
FAM-18C8E57DF735,IS 15024
FAM-7F635040E245,IS 15924
FAM-3664CBB91C54,IS 15942
FAM-EA588DE2FDE7,IS 15944
FAM-B533A3709CE4,IS 15948
FAM-E1D978F3E0DB,IS/ISO 21948
FAM-72A5A1341262,IS/ISO 7998
FAM-F3B0049DB94A,IS/ISO 9943
FAM-0CED727DCA1F,IS 10248
FAM-EC2A92646FE5,IS 10124
FAM-7B48C8A59E5C,IS 10570
FAM-10238D20C703,IS 1148
FAM-64278800D6E0,IS 11553
FAM-B2594AA8DA76,IS 1405
FAM-AF724ACE67EE,IS 14664
FAM-8E1B98F8DB15,IS 179
FAM-B3B9CAAC86F7,IS 206 : 2010
FAM-03282D35C9D0,IS 2323
FAM-17B1530B3A85,IS 3428
FAM-9EAECAB515A7,IS 3457
FAM-6830EF557239,IS 3502
FAM-14981DE2BD22,IS 4029
FAM-48783EC01FE4,IS 6003
FAM-D7DB4D4BEFE1,IS 694
FAM-461DCEDED012,IS 9180
FAM-EEEDDD04DE1D,IS 11585
FAM-4B2FA7AADCD4,IS 14272
FAM-3C4638549AE0,IS 15882
FAM-1AACC66F68EE,IS 15889
FAM-631485286190,IS 15911
FAM-6843022722AA,IS 15896
FAM-44D8C4954536,IS/ISO 7482
FAM-0491E7F93038,IS/ISO 2822
FAM-4741DD6C3BD4,IS/ISO 4683
FAM-B3B4731231FB,IS 15933
FAM-15D1ED8F7086,IS/ISO 13985
FAM-F3BF61C7E282,IS 3797
FAM-0A754760E18A,IS 9486
FAM-9CA2415DA469,IS 12222
FAM-76E022B4892F,IS/ISO 22877
FAM-BA420EDC3882,IS/IEC 62255
FAM-A70937A8531E,IS 5839
FAM-51759380EE29,IS 13547
FAM-EA0BCD86AB49,IS 2393
FAM-99DDA382182C,IS 8407
FAM-69D0F695595A,IS/ISO 835
FAM-AEEB201127D5,IS 11948
FAM-A0FBD9A6FF27,IS 15445
FAM-4FAC7C670139,IS 8165
FAM-0A021850F550,IS 15906
FAM-AD022B8BDAFC,IS/ISO 24276
FAM-98D727932936,IS 10138
FAM-9A945659B15D,IS 15893
FAM-48A4DEDE41C4,IS/ISO 7451
FAM-AF2F3A79FFCB,IS 12832
FAM-2530CA4AAB80,IS 9001
FAM-1336A92181D3,IS 15900
FAM-10D13FFE4909,IS 15855
FAM-A76FC8764C90,IS 15856
FAM-46AD1993D080,IS 15866
FAM-473CEFDF8239,IS/IEC/TR 60788
FAM-1B80414FE8A8,IS 1449
FAM-D2169C0A12BA,IS 1879
FAM-83F153056A02,IS 7365
FAM-44C6D2F4CFA5,IS 8368
FAM-24C9B86143ED,IS 8369
FAM-4A4ACD465F42,IS 15846
FAM-5294B2D5F89C,IS 15888
FAM-48935CAA5B14,IS 15907
FAM-2EB128A78585,IS 12573
FAM-878CA430BFB7,IS 12575
FAM-545118EDBDA0,IS/ISO 14963
FAM-DAFC0C78EB81,IS/ISO 4507
FAM-363FFC69AAC8,IS/ISO 4570
FAM-660967BE4886,IS 15887
FAM-13B944365980,IS/IEC 61683
FAM-1941A68BED7B,IS/IEC 61701
FAM-D278BD0797B2,IS 15890
FAM-F4660A4BF208,IS 3573
FAM-D2D4AE4538D0,IS/ISO 18164
FAM-A9CF8E00BE49,IS 15873
FAM-C8E57575E405,IS 15877
FAM-0A28A3DE4945,IS 15878
FAM-044D639A4DA5,IS 10278
FAM-0052E88E8497,IS 13935
FAM-EF8E43AFC986,IS 9333
FAM-59B006D21D93,IS/ISO 21571
FAM-8304AC9D2C8E,IS/ISO 5199
FAM-D88C593F1C70,IS/ISO 21570
FAM-3B3F281D1833,IS 11665
FAM-6DED6D84E796,IS 13815
FAM-AAE4F4A7E117,IS 14545
FAM-81C20563FDDC,IS/ISO 14040
FAM-45D15D53AEE5,IS/ISO 14044
FAM-D57A4941AD08,IS 13749
FAM-B37279480E58,IS 278
FAM-B3243071C1E6,IS 7554
FAM-452BB303A8CE,IS 1011
FAM-279B50D69FDC,IS 10694
FAM-C90BADDBAFD1,IS 210
FAM-ECD3D983FAB8,IS 2343
FAM-A5574552D8BE,IS 2762
FAM-1F65DCA1A71F,IS 4938
FAM-91B880096DC3,IS/ISO 105-C07
FAM-72583F293CE4,IS/ISO 105-C09
FAM-B6C3D16C85C2,IS 15837
FAM-8D5DAD38124A,IS 15840
FAM-D13D0443BFD8,IS 11772
FAM-9EE97019AB07,IS 4453
FAM-D6AF2D199557,IS/IEC 60529
FAM-2D228B45EF79,IS 15823
FAM-E2119CADAD0B,IS 15874
FAM-773BDBE6D499,IS 15857
FAM-6C2CE5E059A7,IS 15863
FAM-7ED11EB2FCC8,IS/ISO 7396
FAM-F1A58585D8A8,IS/ISO 14025
FAM-27AC8A8148A2,IS 2688
FAM-A2532B3B123A,IS 626
FAM-B2A08A55B4DC,IS 15842
FAM-FD1DF6E0DFE8,IS/ISO 16037
FAM-C259D12C6760,IS 15828
FAM-CDDD46638226,IS 15870
FAM-CC2AA8B41701,IS 1990
FAM-43228F46AA32,IS 8450
FAM-7E70DA622880,IS 15875
FAM-95638912D133,IS/ISO 1834
FAM-4A2CB2DD3DEC,IS/ISO 3857
FAM-A41E1A2AC3F1,IS 1132
FAM-7C726F585DAC,IS 13816
FAM-67CFBDEA211E,IS 13846
FAM-786D085EB4DB,IS 323
FAM-561F95BD6991,IS 6685
FAM-52D7A9FEF5FE,IS 15841 : 2009
FAM-914C5A25F74D,IS/ISO 18652
FAM-F0718CAA9646,IS/ISO 22883
FAM-4DD7F77FA2A1,IS/ISO 3077
FAM-8AFF2C569DCD,IS 15872
FAM-C6B19B28E05D,IS/ISO 22884
FAM-2A01775AD1A0,IS/ISO 15642
FAM-4AE0A6FB29EE,IS 13446
FAM-8D7CAFE180AD,IS 15831
FAM-BDA9F7BE2ABB,IS 15854
FAM-E8C5DFA034C1,IS 15865
FAM-3105483C2A29,IS 15835
FAM-B74358A7A39F,IS 15829
FAM-44661E962F24,IS 15830
FAM-77F37D56E768,IS 15833
FAM-B269E834554A,IS 15851
FAM-788D1818A598,IS 15852
FAM-3C133CC0D909,IS 15853
FAM-A69C5822CB55,IS 15871
FAM-8F09CC54B32D,IS 281
FAM-814A1D3C5DEB,IS 361
FAM-807AC51A5DBC,IS 4298
FAM-AF08D4B7B1C5,IS 4452
FAM-96379F3D3EAE,IS 5572
FAM-17B50F86C38E,IS 15850
FAM-45BCADC70A9F,IS 15849
FAM-1B6B7AF07F0A,IS 14754
FAM-C8584FE20CC2,IS 15838
FAM-C77320366ADF,IS 15868
FAM-E2B540FC464D,IS 6955
FAM-A93BD6BC59DA,SP 42
FAM-1E464FB1597C,IS 8003
FAM-705F7206274D,IS 10221
FAM-C2D6CD3208E1,IS 11385
FAM-8A9A482324B2,IS 13578
FAM-FE591BFBD1CD,IS 15811
FAM-8377DEAB23CE,IS 15826
FAM-52CD0AAF465F,IS 1897
FAM-C3ACD6F4C8C4,IS 2443
FAM-2AF8F9AA5486,IS 4253
FAM-9E363DFA51A2,IS 5452
FAM-8153F96C014C,IS 5497
FAM-CA3F6859530A,IS 5876
FAM-F0B815496C9A,IS 15073
FAM-8B02C500D37C,IS 15447
FAM-58DA1575834A,IS 15807
FAM-5A5864BB89CA,IS 15808
FAM-D13C563CC2A8,IS 15810
FAM-B820D10A8282,IS 16
FAM-5D61603FF97F,IS 2595
FAM-DC0AB1F46067,IS 7079
FAM-338B28E54C9D,IS 9912
FAM-FA77668C8555,IS 1136
FAM-D7C448F8FA44,IS 15822
FAM-7253B3B855D7,IS 15824
FAM-A530B5104D2A,IS 15825
FAM-7E78D3CA35EA,IS 2540
FAM-4E192E358E5E,IS 8603
FAM-051FC95996A5,IS 878
FAM-4623FA17F606,IS/ISO 24450
FAM-14F3401DDF72,IS/ISO 105-C10
FAM-5A70B0BD927E,IS 15782
FAM-A38D17B18A8A,IS 1997
FAM-9D68FCF26748,IS 8777
FAM-FE3DBF6B7EF5,IS 14149
FAM-C96B1DA248CF,IS 14553
FAM-07AE8FCE81BE,IS 14748
FAM-5FD2D858090F,IS 15769
FAM-B0C565F6DC92,IS 15802
FAM-17714DEEA5E1,IS 6773
FAM-1FC5BE6830C6,IS 7828
FAM-3EF066A0BBC0,IS 8118
FAM-049145622F76,IS 9967
FAM-BC5FD27A18AD,IS/ISO 4090
FAM-E0E07CD1B6D4,IS/IEC 62264
FAM-3A1747F1D266,IS 15783
FAM-15F88BE793F9,IS 11827
FAM-036C0BEDCE18,IS 15775
FAM-8DD6C4E84AD4,IS 15781
FAM-347C57D5DE59,IS 15786
FAM-62DEE2839463,IS 15792
FAM-75E781C62D02,IS 15796
FAM-6E172121379E,IS 15803
FAM-9DBACCAC7987,IS 15804
FAM-5ED3A858D11B,IS 3841
FAM-509D26AC7FD6,IS 4446
FAM-0C98CA514EC7,IS 6240
FAM-A589D47F6B45,IS 6725
FAM-D7FF5A368882,IS 6874
FAM-4A510C817EDC,IS 11370
FAM-9FDC798CE2AF,IS 13488
FAM-A84ADA026B96,IS 14164
FAM-43973A1F2ABE,IS 15764
FAM-0DA2E0A23C59,IS 15797
FAM-12A3DB89893E,IS 1786
FAM-AD129D863934,IS 2185
FAM-D69C2B9A80E0,IS 3827
FAM-303DC384FA3F,IS 9623
FAM-1ED9A43A79B5,IS 1401
FAM-B7FA7073CB33,IS 15765
FAM-FAC9A5813496,IS 15767
FAM-F4CD35FE71FB,IS 15771
FAM-4472078064B6,IS 15773
FAM-117E6E777D2D,IS 15776
FAM-5721C6A648DA,IS 15801
FAM-02091A0B8996,IS 15805
FAM-DF253FA4E37F,IS 4119
FAM-E4F3BECC866F,IS 4711
FAM-24A6B8EB0153,IS 4753
FAM-DCDF4AE579BA,IS 7199
FAM-8F724E42540D,IS 9520
FAM-765F590495DC,IS 9730
FAM-4413FD1B74F2,IS 12929
FAM-DBB1C84FB677,IS 15791
FAM-C90A9CC22939,IS 15794
FAM-DCF702C0FB6E,IS 15800
FAM-732791A341E2,IS 5385
FAM-010DDA8B8E0F,IS 800
FAM-3D04ED971C2C,IS 12446
FAM-9ED0A19CD9F7,IS 15779
FAM-622D60A2D3D2,IS 15780
FAM-AA569CC9B24E,IS 15793
FAM-614D5AB8A9A0,IS 2824
FAM-55BF046FB56D,IS 3331
FAM-109A16A42301,IS 3580
FAM-F61CA1D4C1CD,IS 651
FAM-D42F7C0C7D45,IS 7239
FAM-A59E390F74AF,IS 9504
FAM-93022AC7E60B,IS 9505
FAM-39C4D59F9EA8,IS 15774
FAM-CF8E1BA4A4F6,IS/ISO 5349
FAM-26E99C1EEBB7,IS 11709
FAM-A9921E5B84F5,IS 12052
FAM-BDA839E5922F,IS 15766
FAM-D7E747AF33D8,IS 3141
FAM-F8034CBB3BD7,IS 8830
FAM-938289911B6F,IS 9444
FAM-39BB9A68D95A,IS/ISO 10055
FAM-FA727DCB6520,IS/ISO 13903
FAM-D6E12C284AC7,IS/ISO 14718
FAM-5B198D3A0341,IS/ISO 14902
FAM-DDF4AD666871,IS/ISO 5061
FAM-5EB5483F0223,IS/ISO 5344
FAM-FA47CCBD5A28,IS/ISO 6492
FAM-1975E32BEA13,IS/ISO 6496
FAM-6E390EA2E93D,IS/ISO 6865
FAM-F1429824E1E8,IS/ISO 6866
FAM-AA0494E4F157,IS/QC 960201
FAM-F3F9315B3392,IS 13391
FAM-AA47FAF8B303,IS 14457
FAM-E038758970DA,IS 14511
FAM-A71F858699FA,IS 14904
FAM-FEB6BC3DAE7F,IS 15760
FAM-A0BDFA424488,IS 15762
FAM-1FCEE4E59FB7,IS 15778
FAM-CA7370C10A01,IS 18001
FAM-4FD16EA21A5A,IS 3586
FAM-9E8596E0D31A,IS 4478
FAM-6264CF04B839,IS 4568
FAM-73D8E2687E01,IS/ISO 2631
FAM-9157B63E8983,IS/ISO 3449
FAM-6706489ADF75,IS 15784
FAM-5491E003E6EC,IS 12385
FAM-4BA8287A5092,IS 12936
FAM-BFFEE86AFF7B,IS 15744
FAM-E3FFAAABB9BC,IS 3584
FAM-EE92BC0B4FBC,IS 15734
FAM-7296ACDD9B02,IS 15736
FAM-CDA693944C92,IS 15738
FAM-8FDDB8058803,IS 15739
FAM-7F90CEFFC2C5,IS 15741
FAM-E83A20F6EA3F,IS 15743
FAM-C882D3E6A430,IS 15745
FAM-ADEBEB053739,IS 15746
FAM-F0099E38B964,IS 15747
FAM-D9B6EABDA031,IS 15752
FAM-50C0A133317A,IS 191
FAM-CA6CBB1AE72E,IS 4457
FAM-D175F0FBF341,IS 4971
FAM-E2ED266F0C68,IS 526
FAM-A2AE0903A339,IS 533
FAM-70184C975000,IS 9881
FAM-ABEA5753F5EB,IS 15753
FAM-BCF3BE898E87,IS 5
FAM-2F8F3F817800,IS 11313
FAM-946BE9E9019A,IS 15729
FAM-4A31D9932A37,IS 15749
FAM-1F8E1C1812AD,IS 15740
FAM-5FE99E550BE5,IS 319
FAM-BAED28CACFC8,IS 6666
FAM-89E839C54C3B,IS 8215
FAM-D9C6008E0C4C,IS 8328
FAM-CFED8BE58C81,IS 8919
FAM-86338328BBDB,IS/ISO 105-A06
FAM-60F7D26BEF5A,IS 10443
FAM-1932CE01A7B6,IS 15695
FAM-71E8EA79C1FC,IS 15701
FAM-9553238EBABF,IS 15708
FAM-20BC7993E1E3,IS 15724
FAM-CC5C629D987E,IS 15733
FAM-6AAFAF7E8090,IS 15735
FAM-EC2FF794770E,IS 15754
FAM-546C0B5C713E,IS 3124
FAM-05DBA205AA67,IS 3504
FAM-FFB085BF070D,IS/ISO 105-A05
FAM-50D53780D070,IS 6094
FAM-7B77A1ACA13A,IS 15651
FAM-1012A9F90B90,IS 15681
FAM-871C6FC6E34A,IS 15687
FAM-9B403177520F,IS 15688
FAM-A26561C01BD3,IS 15697
FAM-98EA8B9FD0FD,IS 15699
FAM-A50A972B6759,IS 15707
FAM-A425A65FB068,IS 15725
FAM-1D09C9094603,IS 15730
FAM-753AFE3F0F40,IS/ISO 105-A02
FAM-4BBB3134F250,IS/ISO 105-A04
FAM-A02C54386083,IS/ISO 105-A08
FAM-DACCC6B0A1E1,IS 11865
FAM-4534A1220926,IS 14953
FAM-ABF5FCABABC6,IS 15685
FAM-49E29B71DABE,IS 15686
FAM-A71E7C1A82DE,IS 15692
FAM-5CB3E57DDA84,IS 15693
FAM-76B2CC678934,IS 15694
FAM-D2E3D347EC0C,IS 15696
FAM-F05851256422,IS 15705
FAM-29184BE02B81,IS 15706
FAM-A569EE474327,IS 2012
FAM-E535C94CF816,IS 2215
FAM-4D26959C5100,IS 3987
FAM-0A587592FBD2,IS 5759
FAM-3C8470597A82,IS 6073
FAM-EA24707D60A2,IS 7224
FAM-E2222B911D91,IS 14580
FAM-578DD754BD4B,IS 10880
FAM-D0CB7A5CC206,IS 15682
FAM-B3A23649C5CF,IS 15684
FAM-84E293FBDEBD,IS 15689
FAM-67167381A86E,IS 15690
FAM-F32D1CD364D8,IS 15691
FAM-D34438229612,IS 15698
FAM-29E0143F5E5F,IS 15702
FAM-05CD5606E2AA,IS 1658
FAM-5DD201395031,IS 4947
FAM-8F15756A648F,IS 8708
FAM-4F2F72FDEF6D,IS 2617
FAM-B1A50A9658A2,IS 4401
FAM-6DF46A32E5BE,IS 4530
FAM-2BD18536633C,IS 655
FAM-725754C6F64B,IS 7048
FAM-3A35966A1DDF,IS 11114
FAM-0125BFA54F62,IS 11693
FAM-199D57A16245,IS 13228
FAM-02719B6F46FF,IS 13465
FAM-5893C85B3DAB,IS 14480
FAM-A0E809E7743E,IS 216
FAM-D314FD2D9067,IS 3038
FAM-DED0C07D8062,IS 5791
FAM-B3353FDC8D4E,IS/ISO/IEC 17040
FAM-494F9D9C0252,IS 10427
FAM-81B44A3E7624,IS 11450
FAM-E8EABDD5565E,IS 13476
FAM-47E8463FAB57,IS 15668
FAM-65B34876E45C,IS 15669
FAM-BD150C13E4CA,IS 15670
FAM-0EBFF649CD4D,IS 15672
FAM-3343641093B5,IS 15673
FAM-8CC4B76BDC53,IS 15674
FAM-E9BCC1C79D55,IS 15675
FAM-1311CB7946E3,IS 15676
FAM-4C97E3903AAA,IS 15677
FAM-241CD650C1EA,IS 15678
FAM-7B53CD3BF545,IS 15679
FAM-89D4265FD946,IS 63
FAM-E270DAD25329,IS 7512
FAM-0803B9F09213,IS 11408
FAM-5D39F1D80F6A,IS 11409
FAM-5F2F5675D3C9,IS 11410
FAM-4B07C30B7CC7,IS 11895
FAM-86FA4B0904C8,IS 15656
FAM-B756CAC068D8,IS 15662
FAM-AEB6A46A8E29,IS 15663
FAM-91D65386B172,IS 4763
FAM-AEAFE0AE867D,IS 4899
FAM-2C258EC9806E,IS 68
FAM-47E4A3EDFD42,IS 11426
FAM-010B4900F33D,IS 15647
FAM-AD5AD50DD12A,IS 15648
FAM-16DBA86E35BA,IS 15649
FAM-9F5F98456851,IS 15652
FAM-7119A7D93E3B,IS 15654
FAM-AAB2C8CA35D2,IS 15655
FAM-1C79B159F979,IS 15659
FAM-82C977EB5D12,IS 15664
FAM-A6DFD0BD4503,IS 15665
FAM-8EF90416ED47,IS 15666
FAM-FEAD3518D246,IS 15667
FAM-DBC1C62E2458,IS 1902
FAM-B8AC503B6F08,IS 6774
FAM-DBB345BACA18,IS 7743
FAM-17D6F1A87118,IS 807
FAM-BDC2FC3C2764,IS 9096
FAM-2DB3D2D667B4,IS 8062
FAM-79863674D25D,IS 1541
FAM-2DC76DE52D32,IS 15640
FAM-5E088787DE64,IS 15643
FAM-6D0B43E8C5E9,IS 15644
FAM-60B3CF540DCC,IS 2585
FAM-A9D96BA94013,IS 280
FAM-D6F56421C09A,IS 3351
FAM-066781E779C8,IS 12082
FAM-ED05348CE6B5,IS 12893
FAM-3BE66C753F95,IS 13684
FAM-319BD67A144B,IS 15614
FAM-202AC8C3255F,IS 15634
FAM-3A5265C7B86F,IS 15637
FAM-1B231C031C4B,IS 2042
FAM-1A61E5D14673,IS 2787
FAM-AFEE1738D85E,IS 3170
FAM-5DB2ABABED6A,IS 3171
FAM-BFE308A606AC,IS 3601
FAM-14C86C0F5E96,IS 4041
FAM-7C6E3FC4B4D1,IS 532
FAM-20F87427F60E,IS 6344
FAM-F6137747863F,IS 834
FAM-4710510EC512,IS 8963
FAM-618294B6A19A,IS 15642
FAM-1505B963C8C0,IS 1131
FAM-BBCA7B80123C,IS 11770
FAM-58049300C706,IS 12156
FAM-845C1F67EC5D,IS 12467
FAM-4EFC56818971,IS 12951
FAM-9452557193B4,IS 12978
FAM-73AF0CF393B1,IS 13683
FAM-312BCFE65AB0,IS 15610
FAM-054CE3152B6B,IS 15612
FAM-CDFE1D1312C0,IS 15616
FAM-62F3724ECE20,IS 15626
FAM-21998799FCB7,IS 2269
FAM-A10F148F83E0,IS 3858
FAM-1AB456A2D727,IS 438
FAM-230F28EF326F,IS 4904
FAM-10BEAB731C72,IS 5753
FAM-8A63A9F6FA87,IS 6394
FAM-AAC129E8FEDE,IS 8953
FAM-DBA254ACCB48,IS 9349
FAM-A937FA6FA56E,IS/ISO 10019
FAM-BEE0F9B40302,IS 11626
FAM-8C6B5DA02CCE,IS 11630
FAM-401D56FCCB7D,IS 11769
FAM-52C988B006DA,IS 15104
FAM-5DE019FF0CEA,IS 15618
FAM-C0F438640574,IS 15619
FAM-2018CFA9D840,IS 1802
FAM-9CEE29518133,IS 2414
FAM-E77439B7BFC1,IS 3123
FAM-ECBE7320032A,IS 3250
FAM-D35ADC4ED88B,IS 3304
FAM-5CFBAABE192F,IS 6863
FAM-BDD5389C457F,IS 960
FAM-DADA27E6D21C,IS 11281
FAM-84975C8D7950,IS 11764
FAM-BF6025B2E4B2,IS 11888
FAM-A0CC055177F4,IS 11963
FAM-34F39B3F7EC2,IS 12326
FAM-8938400FB4EB,IS 15599
FAM-5EF3538B77FC,IS 15600
FAM-B2A5971097C6,IS 15601
FAM-5C0C198D2B6E,IS 15602
FAM-30D820398FD2,IS 15604
FAM-73DB5BAA945A,IS 15605
FAM-BFBFEA8456F2,IS 15606
FAM-6DA6840336DF,IS 15615
FAM-93FC71EE46A7,IS 6938
FAM-AAC2F3298D28,IS 8944
FAM-E8DBE558CD00,IS 11767
FAM-7908DA342D64,IS 15603
FAM-C326341D30A2,IS 15623
FAM-D44B42902D40,IS 1876
FAM-5A2CA6CBDBDA,IS 630
FAM-6A9F96463692,IS 697
FAM-94BA1562E984,IS 8037
FAM-B7E035FCD796,IS 15546
FAM-50DB79264F44,IS 10569
FAM-C4B541A46275,IS 13926
FAM-2F072A512F5E,IS 13927
FAM-9B507F921D21,IS 15621
FAM-5DABA04721E7,IS 2572
FAM-7BFF36863460,IS 3305
FAM-F5082B7D31F0,IS 4160
FAM-3D8FFD601D3B,IS 6862
FAM-725D960CECE4,IS 7383
FAM-EA35A4665915,IS 7814
FAM-8A811E241EAB,IS 8127
FAM-9C3F4F291FC4,IS 8405
FAM-8F414C9984EA,IS 9170
FAM-ECA04D578B4E,IS 9645
FAM-DC3DAD18AD97,IS 9930
FAM-0D2E009B9667,IS 12952
FAM-8487808A8438,IS 14533
FAM-409671E33E11,IS 15589
FAM-EE542B3B2BDD,IS 15590
FAM-157DA5779F16,IS 15609
FAM-5EE8138216FF,IS 1749
FAM-8EA119F7F615,IS 195
FAM-A0C1843F0C3E,IS 7368
FAM-91486BC6C957,IS 7384
FAM-D4BC3F11F04D,IS/ISO 4412
FAM-EB615FDF62F4,IS 15564
FAM-95F3DAF37851,IS 15578
FAM-D078C0A268A1,IS 15584
FAM-DF25AADDE507,IS 15588
FAM-9B6CF456E510,IS 15593
FAM-5B0EA1A4ECE3,IS 15595
FAM-5F9158313B6F,IS 2044
FAM-9A1A0E886AD2,IS 2643
FAM-1886A732D72B,IS 3752
FAM-2A063999D84E,IS 6688
FAM-7E2116CD186F,IS 11351
FAM-D42568D71D94,IS 13491
FAM-CCE71A8B2C38,IS 14398
FAM-DCAF25067622,IS 15549
FAM-EF8F453A76CA,IS 15577
FAM-D3CC6C91F47F,IS 2329
FAM-99CAC4B0F6E8,IS 4450
FAM-4638B1F38453,IS 5530
FAM-1B2837104C5E,IS 7058
FAM-9123D85E73DF,IS 7664
FAM-6684E05FE05D,IS 15566
FAM-2FC06BE3C702,IS 10551
FAM-D72CD91B62A2,IS 1084
FAM-AABB91390B60,IS 11799
FAM-BE971477EB27,IS 12279
FAM-79B84A6AF298,IS 15561
FAM-F07A105838FC,IS 2335
FAM-BD4F98F48C2E,IS 4641
FAM-E45306117A2A,IS 13460
FAM-EA76BF0D7DDF,IS 13461
FAM-A0E124BA9AE8,IS 13499
FAM-2EBAFBBC2F1D,IS 15550
FAM-FCEC346100B3,IS 15565
FAM-D28F7798DD11,IS 15570
FAM-26C750667FC8,IS 3832
FAM-5CEF9D022B67,IS 549
FAM-7D6CA79443A8,IS 11835
FAM-407BBA221A12,IS 11516
FAM-37125B39BE9E,IS 13103
FAM-809F52CAFFBE,IS 14150
FAM-09462EE6CAF2,IS 14531
FAM-4D2B84A5BC83,IS 15557
FAM-2E52B31463A1,IS 15562
FAM-72DB0E1294F3,IS 15568
FAM-5E0283D53500,IS 15569
FAM-9A0FC4B583B2,IS 15571
FAM-C2C810F082F3,IS 264
FAM-14A102D67066,IS 4172
FAM-2E87E6A00994,IS 8385
FAM-FA42E8702285,IS 8883
FAM-189D7FB62184,IS 9519
FAM-D6C2DB80A851,IS 13531
FAM-64CB6297CCCB,IS 15541
FAM-CBE49196ABB9,IS 15547
FAM-6D74CC3C2E85,IS 15556
FAM-50709ADB26A2,IS 15563
FAM-9CF36AEFE2FE,IS 4696
FAM-FB62B5C982A2,IS 1238
FAM-1BE039500953,IS 15543
FAM-67AFFF433605,IS 15560
FAM-02CAA6B227EA,IS 10129
FAM-5D81F72653B4,IS 11612
FAM-46F5D3F81525,IS 12605
FAM-82B6ECC2A994,IS 13796
FAM-EE699D634027,IS 14682
FAM-45A3A5C537A2,IS 15538
FAM-81C4F4F56E90,IS 15539
FAM-FEDC11BB1CA2,IS 15544
FAM-A5C698E76FF1,IS 15553
FAM-9B470C539BD0,IS 15555
FAM-0F39F7E356FC,IS 2535
FAM-BE20F7E67640,IS 3459
FAM-0293CDBD3B24,IS 5037
FAM-34C13CD146E5,IS 5107
FAM-D93B9F617391,IS 6092
FAM-BFEC0D8706CC,IS 6569
FAM-2E8AD95286C0,IS 6608
FAM-DE9918A31A7E,IS 7463
FAM-74B94E59C25C,IS 8993
FAM-981A64F3A902,IS 9895
FAM-C449B52E26C7,IS 15513
FAM-CF32B9127F37,IS 15540
FAM-D6330FCC28EA,IS 10889
FAM-FB81EDE709A5,IS 11245
FAM-FEE0C2E60238,IS 1134
FAM-23F06E49019F,IS 12604
FAM-8C9E98474612,IS 12820
FAM-2812AB8BED46,IS 12927
FAM-8A7B11D8D33E,IS 14281
FAM-16AF44729493,IS 15472
FAM-82F1CC6AC412,IS 15521
FAM-436567E55D2A,IS 15522
FAM-6701A64FEEDE,IS 15531
FAM-0858B2FC92AA,IS 15532
FAM-FEAF20C15E02,IS 15534
FAM-2E1A09413CB8,IS 15535
FAM-DAFE9E076A68,IS 15536
FAM-C1826A5FBFFA,IS 2668
FAM-6371BC8D00EA,IS 3055
FAM-8D74EBE5DACC,IS 4260
FAM-7B603C9EF873,IS 5892
FAM-BC6A00C309B0,IS 9629
FAM-E5C4388A1403,IS 9902
FAM-80005A809EEA,IS 1008
FAM-494A9CD19129,IS 10345
FAM-0723028288B8,IS 10346
FAM-3862E7D035F7,IS 11820
FAM-D2A90A09241A,IS 12235
FAM-DF63F72E9283,IS 12720
FAM-428CB922072C,IS 1473
FAM-AD0958BC4191,IS 15468
FAM-D7B78CD4BE95,IS 15494
FAM-41CB37DED479,IS 15499
FAM-E5C5C1ACF85B,IS 15507
FAM-9DE3CFC9757E,IS 15508
FAM-2C2BC1079F82,IS 15512
FAM-228AEF0A0B47,IS 15515
FAM-BF7BC4EBBDCE,IS 15516
FAM-21E5D65BD6EC,IS 15520
FAM-E9B5443C2683,IS 15529
FAM-45D3E73C26E8,IS 6483
FAM-DF44C9EF61B5,IS 7907
FAM-2ED3EE2011D0,IS 9089
FAM-EA72CF308C88,IS 14529
FAM-900254C817CF,IS 15526
FAM-AA7699EE15F8,IS 12456
FAM-325DB60EAE74,IS 12511
FAM-ADFA68E41313,IS 12778
FAM-045F691D4B04,IS 15446
FAM-3F5FBDD54B7A,IS 15452
FAM-8C1F21273CF8,IS 15497
FAM-9C4DB7C62B72,IS 15505
FAM-D9410D54AD2C,IS 15517
FAM-CBEADD5F1D7F,IS 15525
FAM-D39656AAF10D,IS 15528
FAM-8A7F9E01091B,IS 16000
FAM-4331A2DF2708,IS 2596
FAM-1640B41E0FBE,IS 329
FAM-49A200B44EF6,IS 5890
FAM-5D2E8ED82E63,IS 814
FAM-E8079F12CAE2,IS 8780
FAM-F8A7A8D43937,IS 9574
FAM-5C34D99BA44E,IS 11105
FAM-A7FDA797F698,IS 13805
FAM-D48C4DB02D1D,IS 1448 : Part 23 : 2004
FAM-2FF6A48708E1,IS 15428
FAM-BADF8A1D3311,IS 15453
FAM-AFABA0EF9D5B,IS 15455
FAM-E7ED9186FAC0,IS 15456
FAM-237518DC0BF6,IS 15457
FAM-0B9D23D6EDB3,IS 15458
FAM-1233910705E2,IS 15467
FAM-494C2FBF36F8,IS 15473
FAM-3A2773AB8BBC,IS 15491
FAM-CCBBEFD78FC6,IS 15496
FAM-E2361DD1CD69,IS 15501
FAM-1842C85CA27A,IS 15506
FAM-4BAE53B836CF,IS 15510
FAM-AA47B1CB5021,IS 15518
FAM-2AF027599F79,IS 1659
FAM-59D40D246781,IS 2307
FAM-E3F8C5C5439F,IS 4907
FAM-162B3317D639,IS 5500
FAM-5DCC863E6E13,IS 7673
FAM-5164B83C5F44,IS 956
FAM-50DC311D6134,IS 12724
FAM-7F9CC549032D,IS 13629
FAM-2421DBFFCC37,IS 15461
FAM-EB9C38931D7B,IS 15485
FAM-FCAD468E8BF0,IS 15486
FAM-783A8D44D00C,IS 15487
FAM-B1A60CF1093B,IS 15488
FAM-4A50E9AF5948,IS 1983
FAM-BC18CDC86541,IS 9271
FAM-B290354A5622,IS 188
FAM-465286FD045E,IS 11021
FAM-BB0EE7007FFD,IS 14817
FAM-C7220D3EA678,IS 15460
FAM-1BC9EB41CA6C,IS 15482
FAM-2F3F04CA6C57,IS 8330
FAM-3C0D217FAC8C,IS 9026
FAM-E9B8CA7765BB,IS 15442
FAM-356F161F6857,IS 15476
FAM-AD5B8ABB46CF,IS 1804
FAM-F831C415CEE3,IS 418
FAM-A9E2DF1F90E4,IS 7795
FAM-A7F098D421D4,IS 15425
FAM-8EDAE040829F,IS 15426
FAM-049EE6B2E5EB,IS 15438
FAM-58368D803FE0,IS 15441
FAM-6145614FFC8F,IS 15443
FAM-B27E47142B63,IS 2653
FAM-5935D0792DF0,IS 3117
FAM-9E3D8721639A,IS 7825
FAM-21188B3568C3,IS 11677
FAM-77191FA996C0,IS 15091
FAM-2B3529E25ACF,IS 15419
FAM-89A6A9C3F177,IS 2888
FAM-DCBFB01B6C44,IS 10992
FAM-5879BEDCC571,IS 11810
FAM-3857F28B935A,IS 15280
FAM-DA13F5D399C5,IS 15390
FAM-B8C467DD713F,IS 15421
FAM-B358CBEAA3FB,IS 15422
FAM-37A7A7E53816,IS 15431
FAM-A32AEF919227,IS 15432
FAM-CD858D1B944B,IS 15551
FAM-65C08E8214CD,IS 2984
FAM-F120E16630B0,IS 3726
FAM-BBD58483C2C4,IS 4695
FAM-DBCEBB9BFE84,IS 5648
FAM-A1ED8881230C,IS 6258
FAM-8E86A6625B1F,IS 7615
FAM-4AF5E3EE3426,IS 7644
FAM-05A63DC25099,IS 7647
FAM-BC21146AD051,IS 8471
FAM-C2440E83DE77,IS 8732
FAM-8C5AB0AC9913,IS/ISO 10012
FAM-623A25475F70,IS 15334
FAM-23ECCD6E8614,IS 15405
FAM-8FF308BEBD43,IS 15418
FAM-C142A0E49628,IS 15420
FAM-43D1DCC1A88F,IS 15433
FAM-9308CE81E2D4,IS 15434
FAM-5040EC4E4F77,IS 15435
FAM-6054B44EAEEF,IS 7300
FAM-6A4315CB092A,IS 10810
FAM-61F318BC098C,IS 15335
FAM-39D46973A99C,IS 15395
FAM-7E654264D004,IS 15401
FAM-258129588168,IS 15406
FAM-30CAC76E1EFF,IS 15412
FAM-E9C9ECD558FC,IS 1592
FAM-A7CBF79BBBE0,IS 13844
FAM-ED79669284C0,IS 13845
FAM-75E597FC37BC,IS 14435
FAM-F4AD560E77DD,IS 15027
FAM-B5B421BD018C,IS 15341
FAM-30D22A534FD5,IS 15376
FAM-C1A53C32DFAE,IS 15383
FAM-A7E0DE1E42A4,IS 15389
FAM-52DD93838F13,IS 15396
FAM-31001AF6591D,IS 15402
FAM-FC05A08E4846,IS 15403
FAM-00DF993403A5,IS 15404
FAM-0F9D8473A6BB,IS 15409
FAM-DEFB380D8962,IS 15411
FAM-D40EAC759859,IS 382
FAM-816DCA3F8A3A,IS 5913
FAM-BF04A57D9F94,IS 7553
FAM-43FE482C894D,IS 7774
FAM-FB34E3A01E86,IS 8999
FAM-40ABA8F92E5F,IS 9211
FAM-7DA410BF8089,IS 1003
FAM-85D073EC5CAC,IS 11986
FAM-7DF9326EE141,IS 13917
FAM-B161ABDBB63E,IS 15362
FAM-090C878F974D,IS 15367
FAM-83FA21403C78,IS 15373
FAM-A0311237CACF,IS 15374
FAM-1D0C44EFD96F,IS 15379
FAM-F8BFCD9A1E75,IS 15384
FAM-6F91DDDC6C57,IS 15385
FAM-F339AC283A83,IS 15387
FAM-B78B68BD5A02,IS 15388
FAM-09C0415F0E23,IS 15394
FAM-E0B9B9F542E8,IS 1923
FAM-8E84B2633423,IS 1930
FAM-36087DC035F2,IS 2285
FAM-5B0491DADD30,IS 2417
FAM-E6C7996B4BDB,IS 7327
FAM-B55E02F78DBA,IS 9469
FAM-CCE1F041A121,IS 10456
FAM-FB6BC3BC379F,IS 12664
FAM-D4831DFE37E7,IS 15271
FAM-A5DA2094C0C9,IS 15328
FAM-4647269AD043,IS 15339
FAM-25BE0E309187,IS 15358
FAM-31A4EFBF060C,IS 15359
FAM-60FB96FEC3EF,IS 15361
FAM-69ED10A2EFE5,IS 15364
FAM-BEC4B486B4DF,IS 15378
FAM-75DE87FFDBEA,IS 15391
FAM-56C71D75505D,IS 15392
FAM-5A957379D4FA,IS 2645
FAM-0F5728E975A7,IS 3398
FAM-6427654D27BF,IS 6812
FAM-1C0879D5B948,IS 951
FAM-65ED2EC8822C,IS 15368
FAM-0EB3603F537D,IS 6765
FAM-5D462F8A6FE1,IS 10085
FAM-DD53122B2892,IS 15322
FAM-9F59E7158FD0,IS 15323
FAM-48FD31CBFD4C,IS 15324
FAM-1EC4CB1D99CE,IS 15342
FAM-9FB3499B9E28,IS 15357
FAM-DD64F97898A5,IS 15377
FAM-BD8B10154446,IS 3917
FAM-B9A165EF7F16,IS 5800
FAM-20C44F173A7A,IS 5982
FAM-6D309FA3DDB9,IS 15321
FAM-C56D9C06DD59,IS 15336
FAM-C9A81802FDCB,IS 15337
FAM-8458151AD27C,IS 15338
FAM-1FAAD83CF3CB,IS 15345
FAM-B76A1508DE64,IS 15346
FAM-2A9899B66755,IS 15347
FAM-1111FAB48419,IS 15348
FAM-A6379422EEEB,IS 15349
FAM-C18FA5E2E4EB,IS 15353
FAM-4999335B8B6B,IS 15360
FAM-1DB94E4771DE,IS 4926
FAM-CE4E49713EA7,IS 504
FAM-C09198FC0AE4,IS 5542
FAM-74FD45535BEB,IS 7373
FAM-8D87136D3EE1,IS 7732
FAM-8FB378D4C78E,IS 8389
FAM-83A8584AC45F,IS 8713
FAM-EF396153C00F,IS 11773
FAM-C2297E10D62D,IS 15265
FAM-BD941A289596,IS 15275
FAM-182EDD907392,IS 15293
FAM-61CF4D4E6658,IS 15301
FAM-48B74850C1CB,IS 15331
FAM-2A474BE419A4,IS 15332
FAM-D0B08385A63E,IS 1575
FAM-1508B72BAB17,IS 2594
FAM-6DFC801A5345,IS 7356
FAM-0E51588203FE,IS 9537
FAM-C9FD268FB509,IS 13731
FAM-A3FEC0762036,IS 15307
FAM-D7D4411D3BEA,IS 15312
FAM-EDA1E21BE8F4,IS 15314
FAM-5C66BD5A164B,IS 15329
FAM-EE7EAE5CFBEC,IS 4474
FAM-BEDB21B2A99C,IS 5717
FAM-BB8A59D3E03A,IS 5957
FAM-CDBE79E630A5,IS 9086
FAM-63D30CE12AA1,IS 10663
FAM-25C520560881,IS 14768
FAM-59352E73E502,IS 15281
FAM-409FFAE2E8B4,IS 15286
FAM-7B720A451761,IS 15304
FAM-24AA54970BB3,IS 15308
FAM-278DEB3BF1CC,IS 15313
FAM-75B76DE6D451,IS 15318
FAM-29BBF75C5F00,IS 5591
FAM-2D719903B89B,IS 10512
FAM-FB2895E08199,IS 15267
FAM-3F9A3120E722,IS 15273
FAM-EF4AA68CECEC,IS 15282
FAM-0B72DF805532,IS 15283
FAM-5B340B5EE1CF,IS 6689
FAM-87ACD08C8C5A,IS 6712
FAM-70D92DF0FA5C,IS 7113
FAM-0457C7EEB54D,IS 7160
FAM-ADCF5DFF87E8,IS 7778
FAM-FB6D6FC13A84,IS 7910
FAM-3338E1951703,IS 11346
FAM-5160FB052D99,IS 15196
FAM-4D5C22B11418,IS 15211
FAM-D22B6AAF3B71,IS 15220
FAM-6EB73B82FFDF,IS 15221
FAM-25459A7CFC09,IS 15222
FAM-2CFA086C1706,IS 15224
FAM-23D38D64BFF1,IS 15231
FAM-429CE4316A00,IS 15243
FAM-0B1D821CAEB6,IS 15261
FAM-EEBBD847F4FC,IS 15276
FAM-15D292381BEA,IS 15277
FAM-6A2144085018,IS 1987
FAM-C5D835EA5898,IS 4592
FAM-A24C4569FC88,IS 4762
FAM-9A2B22C6D6C6,IS 5209
FAM-C20A19ABD297,IS 9551
FAM-E427697DB76A,IS 13073
FAM-349C5E06B2EA,IS 15227
FAM-B1177AF0B80C,IS 15229
FAM-0764B136A1E5,IS 15230
FAM-47CB8B6F4A0B,IS 15232
FAM-481104995CB4,IS 15242
FAM-EE5EBC3D504A,IS 15251
FAM-ED7DFD7A70FF,IS 15253
FAM-EC2CF1A57E13,IS 15259
FAM-D455E06CBB29,IS 15264
FAM-E67E4221DC91,IS 4584
FAM-8D7F8B2E0118,IS 4760
FAM-72E0C4EB639F,IS 5131
FAM-4976E1A64D89,IS 7112
FAM-D94BDF6ADDC4,IS 9116
FAM-FA31FE9A168C,IS 9473
FAM-4D5F9CB50F39,IS 10000
FAM-3A573407CDD1,IS 11473
FAM-45A8A20BAD66,IS 15156
FAM-AF7DADC4FF48,IS 15157
FAM-7D6389800B9A,IS 15158
FAM-AEE006F09461,IS 15163
FAM-DBF88DC2A9BC,IS 15165
FAM-873B909AE1D0,IS 15191
FAM-1B6019D98269,IS 15195
FAM-11D9E24B90D7,IS 15197
FAM-F86F0E3522DD,IS 15218
FAM-2E80D52C89A5,IS 15225
FAM-1210DE94B9A5,IS 15228
FAM-02AD437F86F4,IS 15234
FAM-BD09A6E4FF8F,IS 15236
FAM-74527BD8B163,IS 15238
FAM-698DB7DFD08D,IS 15239
FAM-412B9FDDB6BA,IS 15241
FAM-652C41A30238,IS 15258
FAM-9B30F0BE8545,IS 3756
FAM-F2AC2E4B1C41,IS 3872
FAM-C138D1729B14,IS 4515
FAM-1DCD969EB1BD,IS 5267
FAM-2D2ED5591574,IS 9115
FAM-1D48DFA310AC,IS 3116
FAM-B1E3F448893C,IS 1090
FAM-551BD531A39B,IS 11601
FAM-8845BA65AA62,IS 1195
FAM-BA53EE5393AB,IS 13010
FAM-4EECB78E2B52,IS 15143
FAM-97DC1047CDBE,IS 15159
FAM-F9CA277340B1,IS 15160
FAM-26F968D40F87,IS 15161
FAM-BE0B9C118BAA,IS 15162
FAM-F13746D909DD,IS 15164
FAM-F9E4F78AC7AB,IS 15166
FAM-09E399DBD018,IS 15180
FAM-FDD1556E8885,IS 15182
FAM-C6AD23532B50,IS 15190
FAM-81F7FD29ABCB,IS 15194
FAM-EF9C072B36D2,IS 15204
FAM-F094C4A2E3AD,IS 15208
FAM-7CF3A5F99420,IS 15209
FAM-898817F2634E,IS 15216
FAM-D35EF9FAE4A3,IS 15217
FAM-43F57CDC55AE,IS 15226
FAM-0CF9F62BF94A,IS 15233
FAM-E438205E9398,IS 15237
FAM-13B5543E63FA,IS 15240
FAM-82F81CE9840E,IS 15246
FAM-96C598501192,IS 15247
FAM-87E0045C352C,IS 2673
FAM-F608AE1CC8E5,IS 4888
FAM-CF382527E676,IS 4986
FAM-3182783F3A9A,IS 5317
FAM-4773D80F7275,IS 5600
FAM-C502B2069625,IS 7031
FAM-44C5AD2C4819,IS 8711
FAM-2FB98696608D,IS 8788
FAM-C6172A54441D,IS 8805
FAM-4BD70BFBA138,IS 10555
FAM-A622D7C91318,IS 11337
FAM-81DBB1279C59,IS 11475
FAM-9AF4FB7A8DB9,IS 15144
FAM-904DB02950BF,IS 15145
FAM-E9B889F1C57E,IS 15152
FAM-12E4D1FB2A05,IS 15153
FAM-B2F119D94BC5,IS 15154
FAM-D6E5B3C42C3C,IS 15172
FAM-BC80852B22CC,IS 15173
FAM-31B167CABEB1,IS 15174
FAM-BC2E69E21D0A,IS 15175
FAM-D51973E4F6F9,IS 15176
FAM-7C4B8C3C92E3,IS 15177
FAM-A989F65C60CF,IS 15184
FAM-FEB9988BB5AB,IS 15189
FAM-061251F38D30,IS 15193
FAM-9A7E5C2BE2B7,IS 15207
FAM-7E38AE7CEDBC,IS 15245
FAM-453BC73E2894,IS 2361
FAM-644E6167F508,IS 2857
FAM-FBA390A53E6C,IS 3505
FAM-5E115B65CAE0,IS 3595
FAM-CBA1D526BB46,IS 3822
FAM-1069460AEA4D,IS 4473
FAM-4225A142ABAC,IS 6613
FAM-809F17757D91,IS 6988
FAM-037B9514F895,IS 7670
FAM-3F73E6720219,IS 9404
FAM-6110DD0FAEE6,IS 9832
FAM-D60C90C77147,IS 15139
FAM-216E4069DB4C,IS 15186
FAM-CE0CAED47A68,IS 15206
FAM-53E9365CAC58,IS 1715
FAM-655DF4B14E43,IS 3984
FAM-36F01AA06223,IS 715
FAM-C44872F85B87,IS 9685
FAM-B3B4CB124E68,IS 11432
FAM-DC77191504A7,IS 13718
FAM-EE1BF7F42AE0,IS 15058
FAM-B8821D3FD4EF,IS 15071
FAM-3D1A00FE7B30,IS 15072
FAM-1B2C5793776F,IS 15090
FAM-61858F94637D,IS 15099
FAM-54B3A5DB7A91,IS 15136
FAM-F172C9293295,IS 15169
FAM-A4025AF24187,IS 15179
FAM-8FA072C7E4FD,IS 2467
FAM-54885C3BCB41,IS 14181
FAM-398E34A4E5D3,IS 14877
FAM-E569E8542794,IS 15084
FAM-5474DF0AD51E,IS 15103
FAM-F69783765089,IS 15137
FAM-A74FA0DB8A35,IS 1664
FAM-15AE79062487,IS 3861
FAM-92EEE7C1E507,IS 12716
FAM-088CE3D31057,IS 12894
FAM-797727915C46,IS 13188
FAM-5B1B6564A3C4,IS 14978
FAM-97A516C7E544,IS 15052
FAM-74015397AF83,IS 15120
FAM-99FA587F3D79,IS 15121
FAM-F369534421FE,IS 15122
FAM-8A0D3A96AAB0,IS 15123
FAM-A4171EE4DFFB,IS 15124
FAM-2A16B0F80A11,IS 15126
FAM-B9E4EA116375,IS 15129
FAM-4805D5B9E3E7,IS 4016
FAM-E1B564E19433,IS 5470
FAM-445309DA13B0,IS 6687
FAM-826C69B6CFBB,IS 6918
FAM-6A3F969E81AD,IS 7443
FAM-3FAB61F039F3,IS 8064
FAM-C4E80E72C879,IS 15135
FAM-D98EECDE98E2,IS 1012
FAM-8D1484EC36C1,IS 11378
FAM-A8D259A0364B,IS 15093
FAM-89CAC1C4DFF3,IS 15095
FAM-6A72BD992AA2,IS 15101
FAM-9ED1F5E55FE8,IS 15107
FAM-CF9E39EEE449,IS 15112
FAM-7E6C09516EF4,IS 15113
FAM-FA27F27AD3AD,IS 4639
FAM-D769AE8AF646,IS 9935
FAM-714F3716A8AF,IS 11285
FAM-C66D067B5339,IS 13093
FAM-20F687A24426,IS 15074
FAM-05B850726633,IS 15089
FAM-4FEA37D737AA,IS 15094
FAM-0B50730283BF,IS 15106
FAM-3E69518B6FAE,IS 15111
FAM-CAD71749E3FA,IS 15047
FAM-927831DC47C4,IS 15049
FAM-67D51EEE9079,IS 15061
FAM-D5CCA7525280,IS 15064
FAM-436DE47B58AF,IS 15096
FAM-A86BEA2E7A87,IS 6028
FAM-41EC0F62ECD3,IS 10887
FAM-E8199CDDA9B8,IS 11422
FAM-DB8C39DB4CD4,IS 12200
FAM-02A7EDD6DB6A,IS 12427
FAM-3AAF8546172D,IS 12563
FAM-C86A1C5BA047,IS 14855
FAM-D9F012F3A485,IS 14881
FAM-1DFA20A33E2D,IS 14985
FAM-3C59F1916691,IS 14986
FAM-D2C1CDE51843,IS 15021
FAM-EBD03839A2AD,IS 15051
FAM-D917F7055FC7,IS 15053
FAM-7A69D90ADADF,IS 15063
FAM-94D82F4AD4C5,IS 15065
FAM-29EA6853A78A,IS 15066
FAM-4CE7546A0280,IS 15067
FAM-CF6D663ACB13,IS 15068
FAM-DC1A45DA8379,IS 15069
FAM-1DF28228FD2C,IS 15078
FAM-77F6A0E409C5,IS 15079
FAM-E4B66300A670,IS 15085
FAM-33CFE0DFF327,IS 15087
FAM-E2AB1E8906CB,IS 15088
FAM-25E9E7EB8C1D,IS 2458
FAM-DCE1A74012EC,IS 401
FAM-708DFC54EB2C,IS 4390
FAM-91224C9FD04E,IS 5299
FAM-61CEDA6AFE6A,IS 5351
FAM-57BA1A4E5D4B,IS 6597
FAM-5D5B0B4856A8,IS 6669
FAM-D331D42AE10A,IS 6956
FAM-6A75D25D8C55,IS 7069
FAM-7E96BB19A281,IS 7191
FAM-FF025E9B158A,IS 7957
FAM-84F29CF4A254,IS 4199
FAM-19B64A7FC277,IS 10711
FAM-D1FCB3C56E01,IS 15023
FAM-356C6F5171C0,IS 15050
FAM-A7ACD33EF9AF,IS 15083
FAM-82651631D8DD,IS 5451
FAM-776265BD3D29,IS 11092
FAM-E62E4F7E63ED,IS 11093
FAM-672BD1122AB4,IS 11720
FAM-657953CB30E2,IS 1223
FAM-20CADFCC8D16,IS 13424
FAM-46E02E1196F1,IS 13885
FAM-4E671196F06B,IS 14972
FAM-59374D8A8C29,IS 14984
FAM-AA4C2201C947,IS 14991
FAM-39F02FA5206B,IS 14996
FAM-3718CA7BC3C1,IS 14997
FAM-9BCC6D231B05,IS 14998
FAM-1E87600C2958,IS 4261
FAM-AFD819A1D8AA,IS 7597
FAM-6C3D8207B44E,IS 5784
FAM-D7AFC805342C,IS 14979
FAM-01F5C05DE152,IS 14999
FAM-EA62663D8412,IS 11455
FAM-E114B85A4B29,IS 14925
FAM-E246843B524A,IS 14954
FAM-CA5056BC52DD,IS 14959
FAM-8E4B9536412A,IS 14960
FAM-5797DD94F78E,IS 14969
FAM-28248CD7D13B,IS 14971
FAM-A0B9FB1AD45F,IS 14981
FAM-2CF935C58A9E,IS 15034
FAM-97BE7733BF2E,IS 6756
FAM-7C955BDF11D1,IS 6928
FAM-0738D288C968,IS 8644
FAM-E3BB0F804E6C,IS 9660
FAM-DC3CEB11F8D8,IS 14934
FAM-C70618BBFDB2,IS 14923
FAM-329CCEF63987,IS 14945
FAM-15271F01767B,IS 14946
FAM-18BD1B25BFCC,IS 14950
FAM-BE15314DA29B,IS 14955
FAM-B0C6719E2926,IS 14975
FAM-19693A0D33AA,IS 4270
FAM-B697489CEC10,IS 10238
FAM-20484B71526C,IS 10364
FAM-DBBACD10751F,IS 14919
FAM-C34228B3E953,IS 14922
FAM-CB15B2051A0B,IS 14933
FAM-101586E56771,IS 14935
FAM-6599D2126496,IS 14939
FAM-C25AF5AA3B33,IS 14941
FAM-2DE5FCB7B850,IS 14948
FAM-2666D4DD07B2,IS 14964
FAM-DAED170E601D,IS 2334
FAM-CBF97AD53BF2,IS 3200
FAM-2163E6256E75,IS 9296
FAM-F94F6CC35660,IS 9567
FAM-F8C1D85B3B2C,IS 11427
FAM-E66CCF695AF1,IS 12107
FAM-158C37A059C8,IS 14914
FAM-8E423F50B558,IS 14931
FAM-FB2AFE2FC3A6,IS 14932
FAM-4FD738029721,IS 14938
FAM-0CCB6D2A3281,IS 14940
FAM-E506531D29B1,IS 14942
FAM-5C9CE2A2EBDC,IS 14949
FAM-293F476A27EC,IS 14951
FAM-80169660A315,IS 2000
FAM-A643BE1FB25F,IS 6582
FAM-45609D48FE3A,IS 14913
FAM-A3E92E478380,IS 14928
FAM-B868FD112FDF,IS 3589
FAM-712BDA969E89,IS 7902
FAM-F4D5CB0C1498,IS 11377
FAM-0407A2DB18FE,IS 12897
FAM-1A3C8835DFF8,IS 14915
FAM-21A55D9EA11A,IS 3059
FAM-B5CA7EDDE197,IS 9850
FAM-7F59715762A5,IS/QC 301800
FAM-F3A2BC6FAAD8,IS/QC 301801
FAM-576B2EBD3464,SP 70
FAM-C2BF6DAAEBE1,IS 14890
FAM-2F5042263900,IS 14896
FAM-7915F770D145,IS 14905
FAM-3876E14A1590,IS 14906
FAM-42A0B7968442,IS 14907
FAM-63E77B27EE7F,IS 14910
FAM-5E3E7CFC4043,IS 5238
FAM-4E961C2FADEC,IS 5309
FAM-BC817C13310C,IS 7918
FAM-68CF5CB1AF26,IS 12433
FAM-EA7BEB93A75B,IS 14206
FAM-B724E91543EE,IS 14891
FAM-8ECE66D8923E,IS 14898
FAM-83FD6E70875D,IS 14903
FAM-9F271764335E,IS 14909
FAM-84DA32CA5A44,IS 9806
FAM-43DC4547A659,IS 10117
FAM-CCE7D5B91FF9,IS 10942
FAM-130663162A7A,IS 14862
FAM-B47A7A5132E4,IS 14871
FAM-D7132A9C4C00,IS 14886
FAM-3F0BFCDFDF82,IS 14888
FAM-BC00935E3191,IS 14889
FAM-E8B877BDD1DF,IS 14892
FAM-ED5D9F756697,IS 14895
FAM-4E4DD344E64E,IS 2141
FAM-9D0AD56128C4,IS 8076
FAM-E45B906C8A60,IS 9775
FAM-DE0E68A15340,IS 14858
FAM-24DE8D22B75D,IS 14875
FAM-DCE771428BFB,IS 14878
FAM-8DB17963DF53,IS 1015
FAM-4F2A9C699E6B,IS 10430
FAM-A8DA7CF73869,IS 10731
FAM-1D50E7A826EF,IS 1150
FAM-788D984B3A6F,IS 11592
FAM-EF3855BB5F28,IS 14797
FAM-82D09AE5B00E,IS 14813
FAM-7F192DA01D4B,IS 14816
FAM-9CBD3FEFD32C,IS 14834
FAM-639ED589AB45,IS 14842
FAM-19ABE707F617,IS 14845
FAM-00D92467BAEF,IS 14846
FAM-9532273DB290,IS 14847
FAM-4A58DBB7ABF3,IS 14851
FAM-8FEA4602A6BD,IS 14856
FAM-B70BBD648741,IS 14857
FAM-4BF3DF85421C,IS 14859
FAM-FEF5EE407FC9,IS 14860
FAM-98AC43EBA30D,IS 14870
FAM-18E733524310,IS 14879
FAM-0AD7E05880C6,IS 14880
FAM-1B7900799B5F,IS 14882
FAM-027136271158,IS 1719
FAM-0790DB03DDD7,IS 2197
FAM-BF369376B03D,IS 4623
FAM-4DCA7AE9A29B,IS 5246
FAM-E6B8B0988071,IS 6329
FAM-245C4585D125,IS 7911
FAM-FC0B19411D00,IS 8768
FAM-DB452111D2FF,IS 9763
FAM-83050FCE0E09,IS 9913
FAM-279958C0F4A7,IS/QC 260400
FAM-FA45BA64DCA0,IS/QC 260500
FAM-22C4C5EAB64A,IS 13510
FAM-78D8E0DEA32B,IS 14824
FAM-5F1393BFF7B1,IS 14832
FAM-98185C3E8374,IS 14861
FAM-AB1D57C6E365,IS 5562
FAM-9520ADD91D1A,IS 6813
FAM-043CFCF48643,IS 7500
FAM-E53867340FE9,IS 9087
FAM-03D3C4508244,IS 12683
FAM-153AA173A107,IS 14776
FAM-090717B7D708,IS 14780
FAM-B356A9B709CC,IS 14798
FAM-7BB287C2A46A,IS 14804
FAM-8389E3AB3814,IS 14809
FAM-3139C11CC8C9,IS 14815
FAM-9CAE82B10B59,IS 14828
FAM-BFE76E338366,IS 14837
FAM-00F5D455FCE7,IS 14838
FAM-3D5A6BA37A72,IS 14850
FAM-31589611E713,IS 14852
FAM-A4BF699CF431,IS 1931
FAM-24F602E3E6A6,IS 2283
FAM-05CA900F9788,IS 276
FAM-D056F84F1690,IS 3836
FAM-C491E8335C6F,IS 9109
FAM-60D2DB79E021,IS/QC 001003
FAM-E05EF193321B,IS/QC 001002
FAM-5C3D32330FC9,IS/QC 300201
FAM-BB32800F9CFC,IS 10021
FAM-B139C117EC17,IS 10789
FAM-31907FFA4E06,IS 11161
FAM-B34BDE6B250C,IS 11448
FAM-1A7DD389457D,IS 12295
FAM-4CD13802A66D,IS 12593
FAM-EEC874620CF0,IS 12635
FAM-196060A2F046,IS 14792
FAM-B04F05EF106A,IS 14796
FAM-68FA20F1F58E,IS 14848
FAM-344A0B6F246E,IS 3574
FAM-36E3DFD6BD69,IS 3611
FAM-BD42045E721D,IS 3733
FAM-2BA70029B223,IS 456
FAM-06E3EBF8042B,IS 8320
FAM-009007EEC676,IS 8420
FAM-89667832975B,IS 9523 : 2000
FAM-07CEA5677A02,IS/QC 260300
FAM-9D9924031641,IS/QC 001001
FAM-678434E8C45B,IS 13570
FAM-4DABF46EE910,IS 14787
FAM-1A51D5A6A80B,IS 14808
FAM-E02A45A05356,IS 14811
FAM-0EE615BBF444,IS 14835
FAM-F991EC0C702E,IS 613
FAM-9E2091622AA7,IS/QC 260000
FAM-B276AF69C085,IS 10016
FAM-C7EA52B0D7A1,IS 1468
FAM-D9CAE70F0B50,IS 14767
FAM-7213022012F1,IS 14782
FAM-F1060CFC2CB2,IS 14784
FAM-5B67A46442E1,IS 14799
FAM-065F2E6E057E,IS 14800
FAM-1B0FF350AAB3,IS 14810
FAM-4C5B60D900C8,IS 10339
FAM-B49E1759BC2D,IS 14759
FAM-09B1FE00BA6F,IS 14760
FAM-DD5923725358,IS 14761
FAM-5F96D8E2FA93,IS 14766
FAM-F653FF8F4CB5,IS 14779
FAM-FCEA4BFC9C77,IS 14790
FAM-19CDBDC5CFA3,IS 1703
FAM-E1F4E29BE6B1,IS 2301
FAM-60C0E2F34FF5,IS 6889
FAM-BA4FC9C1BEAE,IS 916
FAM-A755AF5648D3,IS 14696
FAM-45A64CD37E52,IS 14758
FAM-25E41B5D69E8,IS 14775
FAM-A1CA04FE8906,IS 14778
FAM-EE5D96C67340,IS 14781
FAM-DA33284D6684,IS 7408
FAM-D66B42E2664D,IS 13276
FAM-E9D00D89151B,IS 14752
FAM-7768F8C6399F,IS 744
FAM-70B8E5173F28,IS 8329
FAM-24401C1FDD3E,IS 14732
FAM-754714AE1654,IS 14749
FAM-42AD96E72A53,IS 14757
FAM-4F1F6F034592,IS 14765
FAM-3722F414BDBF,IS 10171
FAM-1168AADB60BD,IS 10957
FAM-DFD40D0705E4,IS 11254
FAM-6F96A226BA07,IS 11644
FAM-DDE83EC67FD0,IS 12790
FAM-A5280FAA935E,IS 14694
FAM-956786CFD13C,IS 14751
FAM-DE52BA455D38,IS 14753
FAM-AE206A4B954C,IS 14762
FAM-3C1BDC1B7B59,IS 14770
FAM-CFCFD39B33C7,IS 2790
FAM-09BEFF017CEF,IS 2980
FAM-CAB47ACEF0AD,IS 6801
FAM-FB316013B9EB,IS 12484
FAM-D1AFD0F10EC5,IS 14600
FAM-BCAF64FC4522,IS 14705
FAM-F22331CABC47,IS 14735
FAM-01F42BD82EE7,IS 14747
FAM-E6A042213946,IS 371
FAM-61E56C2853D9,IS 4397
FAM-B9B0AEE20A10,IS 13281
FAM-27790BF89EB7,IS 14688
FAM-2801E2097886,IS 14698
FAM-590CD8A8B5AB,IS 14725
FAM-CCB09C2D7258,IS 14744
FAM-4A2D01EEAD69,IS 14745
FAM-C16668577092,IS 4502
FAM-564BAC80A599,IS 4570
FAM-E9B43F0A40E3,IS 9429
FAM-ABA410349213,IS 13637
FAM-9546AE1D837C,IS 13892
FAM-3983AADABC97,IS 14687
FAM-EBF790CBE052,IS 14693
FAM-9EA64F256126,IS 2534
FAM-C78B131BA071,IS 2763
FAM-8562A4A43D06,IS 2856
FAM-293D7A50A60C,IS 3444
FAM-D403C1368FF4,IS H10775
FAM-32422AF964C2,IS 10343
FAM-06A36F98AB9B,IS 10720
FAM-D41878E3AA20,IS 12554
FAM-1D2C06327CE6,IS 14632
FAM-501A7FB24476,IS 14675
FAM-BD15BFFF4145,IS 14676
FAM-B31319E137F0,IS 14690
FAM-5604AADFD40E,IS 14710
FAM-E55DC890FC76,IS 14723
FAM-D252A176BFB8,IS 3091
FAM-07E40EC3DE32,IS 9986
FAM-C5601EC72B1B,IS 10026
FAM-3AA72DD1E6B9,IS 12346
FAM-7E50FAD31FD5,IS 13148
FAM-7EBDA4DA5787,IS 1384
FAM-98A343CC6880,IS 1392
FAM-8EB9FA4DA703,IS 14660
FAM-DE1C8C2B2CE7,IS 14669
FAM-A728826FB5FC,IS 14707
FAM-504A3AAA403F,IS 14711
FAM-18AE477D521B,IS 14713
FAM-7CEA9E6074F2,IS 14719
FAM-5144BE1CB429,IS 14721
FAM-4FBA417395C4,IS 4301
FAM-61677789F1B8,IS 5599
FAM-D76A4EFD82B6,IS 6694
FAM-30108EEBE554,IS 10799
FAM-34D3EB7412FF,IS 10819
FAM-2FFC72FBA920,IS 11113
FAM-1041E9079BA3,IS 13862
FAM-FFC324F715AF,IS 14599
FAM-7BCE2FC0C5FD,IS 14672
FAM-0A39E592F645,IS 14683
FAM-B08BD56FEA25,IS 14689
FAM-DCA0D6D6DE82,IS 14695
FAM-D6CA6563C81D,IS 14701
FAM-DBA21B4B672A,IS 4423
FAM-1E187E29A9CD,IS 6849
FAM-1FEE488786B2,IS 7308
FAM-3ABC1DA68144,IS 8188
FAM-651DC2B7E865,IS 8243
FAM-5BFE57C0E2CE,IS 14591
FAM-6FDD8E53B173,IS 14633
FAM-87E9DA7F4BD3,IS 14651
FAM-C84184738D7A,IS 14679
FAM-491D5647B8BE,IS 18
FAM-85D1D1678345,IS 4236
FAM-E0AFD7435A3E,IS 5403
FAM-DDDD107A3592,IS 554
FAM-88039589BEC1,IS 5984
FAM-A0B1F723D6D9,IS 14589
FAM-EC98D9DACF5B,IS 14649
FAM-AC236FEA3075,IS 14652
FAM-E527399D91BC,IS 14670
FAM-60FBD0B0ED13,IS 2639
FAM-A18117EE5460,IS 3007
FAM-1DD9CAA2CC26,IS 3829
FAM-849D575F3C21,IS 7810
FAM-06C86CAD84A3,IS 8223
FAM-8389B5ECEEFE,IS 9103
FAM-B3E490097504,IS 9919
FAM-FB2B1730BEE6,IS 14179
FAM-D7024C738433,IS 3975
FAM-D72F00398DBC,IS 6515
FAM-C12652A82807,IS 7638
FAM-FE685CC1FFFC,IS 8449
FAM-D527536EC03B,IS 14273
FAM-4612912A0F69,IS 14569
FAM-A24405301B09,IS 14588
FAM-D41E9B8BFC12,IS 14627
FAM-4D10420FDC8C,IS 14628
FAM-759C81123231,IS 14629
FAM-4BE3F95BFEDA,IS 14643
FAM-54969C7E7ECC,IS 14646
FAM-6BF83DEBEEAC,IS 2218
FAM-BFBD37E92E99,IS 8202
FAM-9BA975DD2121,IS/QC 260200
FAM-39D38FFF8565,IS 14602
FAM-7BD742C9BF30,IS 14610
FAM-657334252D7D,IS 14616
FAM-97E6D0975C3D,IS 14626
FAM-E39F329556F9,IS 14631
FAM-B1B3314A001B,IS 14634
FAM-5A6E1D29EE37,IS 1973
FAM-49048DF33715,IS 3658
FAM-6BF48B797F0B,IS 4031
FAM-1F9F6E1FE7A8,IS 451
FAM-5F1E164D61B2,IS 703
FAM-90A01AE0E474,IS 7074
FAM-B6E06B77A984,IS 10608
FAM-33CA55C42DB6,IS 10865
FAM-11970E956DBE,IS 14521
FAM-92E444B5B98B,IS 14560
FAM-C9840F81D112,IS 14585
FAM-EB80635A0517,IS 14586
FAM-A32FEEE45A1C,IS 14601
FAM-D0100E043658,IS 14604
FAM-9E23A56FCD7D,IS 14636
FAM-C43199E09841,IS 2852
FAM-CE10248D06D9,IS 3525
FAM-824C112826BF,IS 4461
FAM-3B7D42868818,IS 5754
FAM-73A3A79F0156,IS 9845
FAM-2192ECA75AC5,IS 1030
FAM-DC8EBE0EF100,IS 14506
FAM-8BDD47A25D7B,IS 14619
FAM-DFA118DDE852,IS 14621
FAM-D167C99AA084,IS 14622
FAM-F8D2DB17EFD6,IS 6005
FAM-CF22A8ECBB7A,IS 4020
FAM-EF2DF1D802DD,IS 14539
FAM-97897E6C85FD,IS 14592
FAM-7F9F68AA0E37,IS 2081
FAM-8D0E8C9997FF,IS 2907
FAM-A49206E5465C,IS 3415
FAM-887BCE44FC1B,IS 3979
FAM-663CA808C755,IS 4040
FAM-025EE3ECEB1B,IS 6971
FAM-ECC56B9BB963,IS 7019
FAM-614540DB3170,IS 9977
FAM-850C9A35E57F,IS/QC 260100
FAM-0D88AC46DDF7,IS 10094
FAM-C95C441667FB,IS 11860
FAM-179265A9E550,IS 1376
FAM-462EA5D1FB25,IS 14593
FAM-3EB3744F9966,IS 14598
FAM-062C987D1F93,IS 14605
FAM-4F1765F6FD3E,IS 1681
FAM-AF8578779968,IS 1766
FAM-B91AD8C70099,IS 1881
FAM-9D4DC91C3875,IS 2879
FAM-DA20AD4B030F,IS 8764
FAM-50E32AB6C626,IS 9187
FAM-BC81FD5C86ED,IS 13674
FAM-284D7FFE1593,IS 14564
FAM-2B1346169768,IS 14594
FAM-5C31E128B8A8,IS 5193
FAM-73E7818741DF,IS 5200
FAM-79402F8B85C2,IS 67
FAM-826A0AE44E31,IS 14551
FAM-A3939F7C9AF8,IS 14554
FAM-B872056030CD,IS 14558
FAM-69C58F38A8D5,IS 14571
FAM-65ACEA48EA00,IS 14576
FAM-9BAFCCC37867,IS 14579
FAM-43297285B7A9,IS 14595
FAM-954C86757ED7,IS 14597
FAM-81F66FF50930,IS 3597
FAM-F9AB278A540F,IS 6077
FAM-72230BE98A9C,IS 9057
FAM-1537C90141EC,IS 14485
FAM-C7C9ABDCFFE4,IS 14501
FAM-986DC36C1A35,IS 14547
FAM-DA3DA43FDFF4,IS 10407
FAM-60761964CC9D,IS 13412
FAM-DF9C1BFAFAE4,IS 14503
FAM-918F91C41A38,IS 14540
FAM-3FCBCCD33A8A,IS 2798
FAM-73AA446D5F40,IS 2804
FAM-F3D66717F8B2,IS 5316
FAM-1003C4438543,IS 13485
FAM-9A0A12B4077B,IS 14535
FAM-50C1EDB0993A,IS 3342
FAM-CC307298FB5D,IS 5082
FAM-6CA0793558F9,IS 10401
FAM-4B0A807C129F,IS 14479
FAM-98B28739530C,IS 14500
FAM-8CB979F32E20,IS 14519
FAM-1B0501B1A3A5,IS 14522
FAM-2E2DC7E7776E,IS 14525
FAM-A97FEDFC869A,IS 14526
FAM-136606A5E4D9,IS 14527
FAM-41526DDEC3E3,IS 14528
FAM-75EFB6166AE7,IS 14532
FAM-9F0A509AFD6B,IS 14541
FAM-C4B5D0EDE4EC,IS 14548
FAM-646729E9A1CF,IS 1678
FAM-633ADD5AFEC9,IS 1878
FAM-348065280788,IS 2192
FAM-AB9609A8E06E,IS 2909
FAM-1293441D6E29,IS 3606
FAM-1D6109E696F9,IS 4247
FAM-016DE3471DD0,IS 5989
FAM-0C8F4844757C,IS 6695
FAM-11E7DF26B053,IS 785
FAM-98C83C757462,IS 9879
FAM-72036DDEF950,IS 14502
FAM-3335CC7DBBE9,IS 14508
FAM-3C2641870912,IS 14514
FAM-12A03F5E079B,IS 14515
FAM-69FECE143F2A,IS 14516
FAM-1685BB15A1A0,IS 4015
FAM-16874B6B0535,IS 5973
FAM-D84C12E5A7F5,IS 8811
FAM-CC1FB5E1E91A,IS 14523
FAM-75C4BEC99BA2,IS 14524
FAM-B5FAE207953F,IS 8484
FAM-13E176024B21,IS 9990
FAM-7E5EBD1CE62D,IS 10315
FAM-828F542E66D4,IS 14497
FAM-34FEA72408FF,IS 14509
FAM-B399EA63B22F,IS 14510
FAM-4DCCFC7F007E,IS 10227
FAM-4A604E9EE566,IS 1063
FAM-89836C5133EB,IS 1249
FAM-D54F21B6FE5F,IS 14463
FAM-9D2903BAE8E9,IS 2098
FAM-7B31B1C27ABC,IS 4214
FAM-A2AED48AEDBA,IS 4578
FAM-AE92AA5AB2D7,IS 7779
FAM-65FE3863AD2B,IS 11966
FAM-F6556B3F1D86,IS 14448
FAM-A6114FD1A5F3,IS 14462
FAM-95CB71D56753,IS 14486
FAM-360F8D40BA83,IS 2237
FAM-DE61B0D89B33,IS 5912
FAM-62E44CC0ADCD,IS 11686
FAM-6C0A5BE6F7F0,IS 1269
FAM-8355759D2F69,IS 14391
FAM-00A4F4FDD523,IS 14422
FAM-05040515CBDB,IS 14441
FAM-F6CEEE3A0C25,IS 14443
FAM-1BC3CA0617BE,IS 14445
FAM-84E93C5C9863,IS 14446
FAM-39E8971E110F,IS 14447
FAM-BBA447A8B27A,IS 14459
FAM-5DAFA8A77D45,IS 14477
FAM-C72D647AFBD3,IS 3982
FAM-48D093928E42,IS 4339
FAM-C29C79D5A8CE,IS 4793
FAM-B3222121C0C7,IS 1264
FAM-A6CD564FBA40,IS 13384
FAM-8ED05BEE4359,IS 13743
FAM-8074B25EAC7E,IS 14430
FAM-360B30C7BFF2,IS 14436
FAM-AFC9286374DA,IS 14440
FAM-A5D821019DFC,IS 14449
FAM-43BD53D1C7B7,IS 14466
FAM-832A5A214735,IS 3172
FAM-487486D26D17,IS 12847
FAM-3C00670DB2F5,IS 6122
FAM-A5AE2F5D7A55,IS 8979
FAM-6F03651E1673,IS 14428
FAM-935BBDB4AB04,IS 14437
FAM-5777050800AB,IS 14468
FAM-BF0D84A3658D,IS 14471
FAM-640E2B51FF0E,IS 14474
FAM-F8700F88DED3,IS 2022
FAM-32D7C44E5EEE,IS 649
FAM-3AC678E1DA07,IS 6511
FAM-15CECF1B1474,IS 14431
FAM-125D9BBC811C,IS 14432
FAM-9DD4FF26A889,IS 6440
FAM-DBF6819F8152,IS 12767
FAM-F79454BBFDD4,IS 14270
FAM-BAA43242AB91,IS 14429
FAM-8C6A318ECA83,IS 587
FAM-ED51AD4FB309,IS 5221
FAM-96E5096120DF,IS 14425
FAM-136EE221FC40,IS 14426
FAM-D7317CFAE0F2,IS/ISO 3939
FAM-4D551FE8219A,IS 1918
FAM-47A33076D616,IS 10526
FAM-5156AE7573C3,IS 12257
FAM-1DBAE7123004,IS 14365
FAM-A966DFE43D89,IS 14402
FAM-1B6937046BC9,IS 14414
FAM-3CFCACAB1BEC,IS 14420
FAM-6A0C7A4F350B,IS 1570
FAM-21732F429E6B,IS 1868
FAM-A85B5D059746,IS 2548
FAM-2E00C3660EFF,IS 2707
FAM-CCB5F83E736B,IS 3178
FAM-8263092E8771,IS/ISO 94
FAM-F06DFFCFC3F8,IS 14399
FAM-AD38C998BE92,IS 14376
FAM-BBD669F44867,IS 14412
FAM-FFE4A7BB4B0F,IS 14416
FAM-4D21D89850AC,IS 14417
FAM-D7C228252442,IS 14419
FAM-0E4189CD3007,IS 5514
FAM-4B1D355F4A0D,IS/ISO 789
FAM-3899E7004443,IS 11182
FAM-099F94F080DA,IS 11280
FAM-FCB368EFBD16,IS 11939
FAM-44A8289978CE,IS 12232
FAM-B04E4DE43DB1,IS 13808
FAM-270EB7A64C38,IS 14394
FAM-A9DB9B03550E,IS 14396
FAM-E872C950273E,IS 14406
FAM-C6B79A2AB77E,IS 2014
FAM-E9336FC8F307,IS 4358
FAM-B1298FED76B0,IS 4440
FAM-23D6E5E4B6AE,IS 4467
FAM-3F4D38A43D81,IS 6926
FAM-807F299E0F09,IS 7262
FAM-CFAF3D87C80B,IS 8282
FAM-324565197EB5,IS 9140
FAM-12B4D1B0C112,IS 10946
FAM-5C8AFE5310B8,IS 14379
FAM-C279745583B2,IS 14380
FAM-D84F755D3981,IS 14395
FAM-3B1D2DDEC906,IS 14408
FAM-3108AD6149B4,IS 14409
FAM-00946EF0D5F2,IS 14411
FAM-1BF100E62F54,IS 4291
FAM-7A7AB1DDC630,IS 4297
FAM-07E667EF30B1,IS 7526
FAM-1A8F36FECDBD,IS 8104
FAM-26348A8F69A7,IS/IEC 41
FAM-BC1DF329863E,IS 11141
FAM-74816D8AAA16,IS 11795
FAM-6B415E839B0E,IS 12701
FAM-62412F211C6D,IS 14381
FAM-440ED5979BE4,IS 14393
FAM-29A9ACB8C529,IS 14404
FAM-5398AE650570,IS 1504
FAM-EF786E39D5A0,IS 4812
FAM-CFC4F639B5C8,IS 5518
FAM-ECADE3670684,IS/ISO 1036
FAM-36C3422BBC02,IS/ISO 9960
FAM-46289B02DB0E,IS 10506
FAM-1592836C276C,IS 11499
FAM-DB55EFDA14D9,IS 14330
FAM-7A743812711B,IS 14346
FAM-993911B20547,IS 14375
FAM-D07E4A1017B5,IS 14383
FAM-B1A3FD20F2A9,IS 14384
FAM-0598FD7A39C4,IS 14386
FAM-12DB065F3B6F,IS 14392
FAM-F4D9E79F282E,IS 1615
FAM-03427600F2FC,IS 2161
FAM-1BD9780E9E4C,IS 4188
FAM-B110DA377C8B,IS 5093
FAM-FD8B3DBF3D85,IS 6419
FAM-0F46EBD0B890,IS 14368
FAM-D63CD82268FC,IS 14388
FAM-6DFE40AE133E,IS 817
FAM-496D3D0D463F,IS 9829
FAM-EF5D0DEB0E9A,IS/ISO 9666
FAM-F6B78BCAB312,IS/ISO 9678
FAM-568176A24645,IS 14345
FAM-EE65F8C855D9,IS 14353
FAM-01AB8435D460,IS 14366
FAM-1E919906A7AF,IS 14367
FAM-EEE11BB1AD29,IS 14370
FAM-D27AF6D8425E,IS 4082
FAM-A0A907C4BDA3,IS 5513
FAM-6AFFB2428DFE,IS 5516
FAM-BE6A67AC3D18,IS 9326
FAM-7422B6461BAD,IS 11737
FAM-1B8BACB281D3,IS 14338
FAM-90A399DA3A4B,IS 14343
FAM-323510AF45C8,IS 3768
FAM-B7A370ADBDF1,IS 6326
FAM-3BA5F90788CC,IS 6345
FAM-75EA9DDD26F8,IS 9325
FAM-0CB965976410,IS/ISO 8626
FAM-17203E6CE2DD,IS/ISO 9179
FAM-795EC5ADE880,IS/ISO 9962
FAM-B9CC86493030,IS 14228
FAM-98F101A7E04B,IS 14337
FAM-35221EB54318,IS 14339
FAM-B1ABECCD91E9,IS 14340
FAM-6AA3A8224651,IS 615
FAM-DDBC8469AD9F,IS 8265
FAM-E5F9EFB7D2E1,IS/ISO 8042
FAM-E50A27CD7C59,IS/ISO 9248
FAM-BDC2A7FB7F14,IS 14318
FAM-7E302DF776CC,IS 14335
FAM-B72F9D6D8B75,IS 14336
FAM-088779A49DE1,IS 4022
FAM-4845B6142724,IS 5740
FAM-879A09C181E1,IS 5848
FAM-D3F713B10317,IS 6759
FAM-E444E866B39F,IS 6784
FAM-C13D56BE1F4F,IS 8134
FAM-7C109996869A,IS 8135
FAM-5A1498E41459,IS 9595
FAM-78055021795F,IS/ISO 9176
FAM-9BE819420B03,IS/QC 760100
FAM-F10842B1F33D,IS/QC 760200
FAM-13355465E7A9,IS/QC 790131
FAM-C446E8011E26,IS 11590
FAM-8DFEAF7ECC9A,IS 11732
FAM-E11B06C98E42,IS 13984
FAM-41C495797D05,IS 14261
FAM-4BB476762CA0,IS 14285
FAM-9A9BDA5EBB34,IS 14305
FAM-00F7A171A7BF,IS 14329
FAM-2DDDD1F67201,IS 14331
FAM-B2DCF912DEC2,IS 2536
FAM-4429E774843D,IS 2537
FAM-3CF7FE1242AF,IS 7504
FAM-B1BC78B88AB9,IS/QC 680100
FAM-F12BA531AF3A,IS/QC 680101
FAM-FC3BCF967B78,IS/QC 760101
FAM-E156162AB48E,IS/QC 760201
FAM-1769BABBEAE6,IS/QC 790130
FAM-6B2314C7C914,IS/QC 790132
FAM-C10D59C9C964,IS/ISO 5170
FAM-369D146ABC9F,IS 10178
FAM-6639CBD78FDA,IS 12009
FAM-A9707057A145,IS 13933
FAM-1D1C48AFC82F,IS 14251
FAM-920492CAD694,IS 14267
FAM-C797819CAD72,IS 14271
FAM-525CADC8CAFB,IS 14274
FAM-602CE3F6BFFD,IS 14296
FAM-ADB7A0BB0E35,IS 14298
FAM-AAD00D477F69,IS 14307
FAM-9500669B8EB8,IS 14311
FAM-49466EAA3822,IS 14315
FAM-D301D8CCCAE0,IS 14328
FAM-4FDDE622EC3A,IS 2046
FAM-28CE41B1730B,IS 2988
FAM-141A5F50E712,IS 6847
FAM-0FFE3FC4DC9D,IS/ISO 6462
FAM-3FEF1FD128BD,IS/ISO 9180
FAM-9D2153908500,IS/ISO 9849
FAM-4A1963133A51,IS 1283
FAM-7C25F99405A9,IS 14275
FAM-E9438DEF880C,IS 14278
FAM-346456D86C77,IS 14292
FAM-D2F3C845A1FF,IS 14295
FAM-B17452562B86,IS 14303
FAM-274042D1C74E,IS 14309
FAM-3E8213B96932,IS 14310
FAM-35552EEFFC52,IS 14313
FAM-2073A52CA882,IS 14314
FAM-FEC0E42615D8,IS 14316
FAM-9BD5BC24B97C,IS 14317
FAM-F2A9BAC5B160,IS 14319
FAM-D310CF843DA9,IS 3736
FAM-9353D4F42B93,IS 4009
FAM-1C6781EC982E,IS 9698
FAM-9E1291D1A0DF,IS 11676
FAM-C6394A6F0C66,IS 14302
FAM-A411652B1F12,IS 4353
FAM-01A11B8BE439,IS 7824
FAM-05589FE1037C,IS/ISO 8119
FAM-21D9C1F8A122,IS 12738
FAM-A5F5C240FB29,IS 14289
FAM-675575E0DDDE,IS 14301
FAM-06B78BE32688,IS 14306
FAM-29D43725D35C,IS 4460
FAM-A0A91C06A73D,IS 4558
FAM-AE1EABDA174A,IS 13995
FAM-0C1ABE6D11FD,IS 14165
FAM-327F117AF058,IS 14212
FAM-947DA7012C08,IS 14229
FAM-64F88620FA6C,IS 14291
FAM-43C319DBDADF,IS 2013
FAM-9C7A6BEB808D,IS 2036
FAM-F0F5A697365B,IS 2543
FAM-FA1FFD029236,IS 3319
FAM-3A39FD61C47F,IS 3843 : 1995
FAM-7D5A5D45E649,IS 5210
FAM-5705E39E6078,IS 9761
FAM-A8DDFF9D4DBB,IS 14243
FAM-1D813A7FDD1C,IS 14263
FAM-BCD746FB9EB8,IS 14284
FAM-696786D056AC,IS 6362
FAM-DCC7DCA06448,IS 8624
FAM-92B0320D681B,IS/ISO 6547
FAM-A88B7D699D8F,IS 14199
FAM-A4CE9512D7DD,IS 14237
FAM-F6448E8370BA,IS 14241
FAM-4F218A85D937,IS 14248
FAM-5E879B9F2380,IS 14253
FAM-6A2C03EE47E2,IS 14255
FAM-572A2E2C4C04,IS 14262
FAM-98389633D916,IS 14265
FAM-4EDB93682153,IS 14266
FAM-B095D9CE8389,IS 3681
FAM-CF64DD6BD092,IS 10366
FAM-1680619E8121,IS 12926
FAM-DDB3C8C839E6,IS 14233
FAM-89940CD354D2,IS 14236
FAM-D3EA9A94E9B7,IS 14242
FAM-88A5E78CEAC4,IS 14245
FAM-2007FF6F104C,IS 14260
FAM-543C2C0BD980,IS 1750
FAM-71D60927820F,IS 2501
FAM-CB498AAFFDF1,IS 4021
FAM-B769ACC5228A,IS 6256
FAM-0A393537CAAA,IS 11532
FAM-48706D0D026C,IS 11845
FAM-CAF120EE5510,IS 13744
FAM-3BB3BDDD75A0,IS 1406
FAM-A9705938AA00,IS 14224
FAM-381C32D6A24D,IS 14226
FAM-DBE1D7966DC5,IS 14232
FAM-2ED18CC92F91,IS 14235
FAM-A65BDF4D1D60,IS 14238
FAM-374F2BDCF2E4,IS 3101
FAM-228BA8A4B451,IS 11347
FAM-EB49EB82D2B8,IS 14227
FAM-6ED6113A90A1,IS 10924
FAM-ABEE82C9A1CE,IS 11343
FAM-1613D4861D40,IS 12381
FAM-B1F6BAFD355F,IS 13893
FAM-2F4A3B24218C,IS 13978
FAM-CEC71F65F763,IS 14128
FAM-E86F7755751D,IS 14182
FAM-5E4FB1493D96,IS 14189
FAM-5C43F0E81A78,IS 14211
FAM-5E88170973B8,IS 14214
FAM-0BCB47F9B275,IS 14215
FAM-95D724D7EA40,IS 14217
FAM-1A5B9438FA17,IS 1545
FAM-03C3FDA866B4,IS 1589
FAM-E3ECB049E041,IS 1626
FAM-D527281EA47C,IS 3114
FAM-C67CD0653654,IS 3784
FAM-4CE4239FBA94,IS 4060
FAM-BA361659FCDD,IS 6746
FAM-415C635A4208,IS 7995
FAM-4B4178CE2736,SP 61
FAM-3558615D1641,IS 7323
FAM-0E1B92083DA4,IS 14134
FAM-5F98BE3144F8,IS 14137
FAM-9DD6D1B04568,IS 14143
FAM-A18B9C541479,IS 14188
FAM-FADB5E738991,IS 14196
FAM-9CE3A12E2CD6,IS 14201
FAM-013F8905B625,IS 14218
FAM-8185D2057D4C,IS 4371
FAM-72C390C87BB8,IS 8646
FAM-FFA837C56F78,IS 10134
FAM-63211CD65FC1,IS 11758
FAM-DE9CDA8A18FA,IS 13953
FAM-2B2FEE818587,IS 14171
FAM-CD6DCC706597,IS 14178
FAM-7F8F825E7F7B,IS 14198
FAM-89497C04CCB6,IS 3081
FAM-4331A394084C,IS 5346
FAM-1050D56A71EC,IS 779
FAM-0024B41820EB,IS 13416
FAM-FB5C6A041C6E,IS 13994
FAM-E29789F1640D,IS 14162
FAM-8763F5161BB2,IS 14210
FAM-7399F313EBED,IS 2395
FAM-1FE5339E7202,IS/QC 420000
FAM-BD0769BD2D68,IS/QC 420100
FAM-63761299E235,IS 1300
FAM-E0B36C081395,IS 13990
FAM-D204361470E7,IS 14153
FAM-C161D29E35D5,IS 14195
FAM-48FA94A589F8,IS 14205
FAM-51946F89D17C,IS 4107
FAM-2BAE3410FD0D,IS 4372
FAM-2D23841AF49D,IS 4398
FAM-08427BED45B7,IS 4491
FAM-6825F24DC236,IS 13916
FAM-CE542E981A77,IS 13951
FAM-BE39D63AE260,IS 14122
FAM-79B796CE13BF,IS 14123
FAM-8F9C14503E33,IS 14140
FAM-D75A7E5B4D4C,IS 14141
FAM-7EDBE75F548D,IS 14142
FAM-C8834A4D273B,IS 14158
FAM-4C2C6374E35D,IS 14159
FAM-7BAFCC4D7267,IS 14161
FAM-816708BD8574,IS 14183
FAM-585235ED5B40,IS 14184
FAM-19C207F9F91F,IS 2105
FAM-C966C7ACCDD3,IS 3947
FAM-27DD7BA5354C,IS 5046
FAM-14832DED4966,IS 5822
FAM-9D302D821866,IS 8526
FAM-991517830AA1,IS 959
FAM-112F7FFC939A,IS 11342
FAM-2CEB74DA3582,IS 13976
FAM-FA729ED43AB6,IS 13977
FAM-A82CF2CDEB80,IS 14125
FAM-8F78D5DB4808,IS 14156
FAM-A6AC5C543C10,IS 2644
FAM-1EC0BBCA5DFB,IS 3389
FAM-691193E71CE6,IS 3669
FAM-86C64C8D2FE7,IS 3911
FAM-0E37E07F0E16,IS 6312
FAM-87D229286A26,IS 14146
FAM-373D01054E64,IS 10557
FAM-970F5AD7BD71,IS 10840
FAM-5CA261FD88F2,IS 12709
FAM-99B05A7898B3,IS 13453
FAM-371D42D8E8FF,IS 13937
FAM-7CA869566EF6,IS 13983
FAM-EE7F43C041E3,IS 14124
FAM-E0DCBA364124,IS 1959
FAM-5ACA5DB8FBE6,IS 2451
FAM-147CFF3AB4F4,IS 3930
FAM-A314D078C5BC,IS 4730
FAM-8E2E819D30B4,IS 4941
FAM-37B790F9C88E,IS 5192
FAM-6238EDD84057,IS 6830
FAM-876833A65D32,IS 7101
FAM-2C749BC8448A,IS 8401
FAM-CBFC0AD88BCF,IS/QC 302400
FAM-38B3FBFA66FB,IS 13896
FAM-3DEA83CFB2C9,IS 13907
FAM-0938A059EC41,IS 13958
FAM-938F9B18DCAC,IS 13965
FAM-7DD56199D47B,IS 13971
FAM-AC4630D96F4D,IS 13973
FAM-89F5BB9CE11A,IS 13975
FAM-D70270DC765F,IS 13981
FAM-430F71EEBD12,IS 13986
FAM-8687D9406A9A,IS 13989
FAM-83760C0D7337,IS 13992
FAM-AEC487A08288,IS 14144
FAM-9E6A5071A090,IS 14145
FAM-0E11851AA961,IS 1418
FAM-B5D4101E3590,IS 14213
FAM-C008ACC08210,IS 2268
FAM-02E3DD3D4A31,IS 2494
FAM-7F53A3FE6811,IS 4525
FAM-B92DFC644DF7,IS 4987
FAM-F8FCD8C74CF7,IS 5186
FAM-B366C43E21EC,IS 5834
FAM-6958159FF20E,IS 7154
FAM-345EDC36B16E,IS 738
FAM-639F4F87B790,IS 8
FAM-F3644E8BC8C7,IS 8408
FAM-85C41058595D,IS 8423
FAM-D6DD294EB2BA,IS 8567
FAM-65554E846CB4,IS 9762
FAM-BB02FDE69D2D,IS 11154
FAM-4B014F899365,IS 13895
FAM-4B5587B778C2,IS 3063
FAM-4415BEEAD66E,IS 3239
FAM-C2C63A429696,IS 3412
FAM-63209A1EC8BA,IS 6045
FAM-9BFFE0E89CB8,IS 6066
FAM-DD2BF4F90FFD,IS 6735
FAM-EC6FF5CA59F5,IS 7917
FAM-43F1BE4F0BB9,IS/QC 760000
FAM-72F41AC001E6,IS 1059
FAM-9638AA21C1CD,IS 10881
FAM-F4CEA6401011,IS 11153
FAM-93CC65EA6CD6,IS 1116
FAM-69CB7F98A290,IS 11809
FAM-8A73326D0800,IS 12735
FAM-56AB9A74B67C,IS 13852
FAM-FA006830D394,IS 13853
FAM-9728E6F67F89,IS 13854
FAM-D2DF1CCC0E97,IS 13865
FAM-99B5D5190449,IS 13866
FAM-43AAE9674668,IS 13938
FAM-8E0E2CC08F27,IS 13939
FAM-9C7402EB0232,IS 13941
FAM-A0B4A1CBD57E,IS 13956
FAM-A23836CC6CFE,IS 13957
FAM-CE16F2151F5E,IS 13960
FAM-557A3232FE73,IS 13963
FAM-B56AEF04CF65,IS 3149
FAM-4D9D6740AE4E,IS 6264
FAM-73E5FDBACA9B,IS 7332
FAM-A265F7EDCF60,IS 7345
FAM-F60B4AB59623,IS 7646
FAM-2822296BEC40,IS 852
FAM-430DDAF97A11,IS 8745
FAM-F030531F77B6,IS 9245
FAM-31D7288E73C6,IS/QC 400401
FAM-D116DDD72CD9,IS/QC 400501
FAM-33ED59F74E5A,IS/QC 400600
FAM-23F2C144D886,IS/QC 440000
FAM-C5B8E911A6EE,IS 13891
FAM-75CBD8B07428,IS 13930
FAM-4787E7CD7E2C,IS 13936
FAM-EFA41737FE05,IS 3772
FAM-468779273588,IS 4897
FAM-20B2051A6EAD,IS 5378
FAM-47BCB565AE90,IS/QC 300800
FAM-128CBBDC0052,IS/QC 400400
FAM-E91BB012EE33,IS 10774
FAM-7E38235EFB04,IS 11150
FAM-AB97B36D8CF2,IS 11166
FAM-F4626285B450,IS 1160
FAM-26A5A90BC281,IS 13687
FAM-1A79CD2B1124,IS 13742
FAM-B58663562D1A,IS 13761
FAM-2A08D84DF4C3,IS 13762
FAM-CC552DD501B1,IS 13763
FAM-6F077227130B,IS 13858
FAM-A3DC0AC4CF91,IS 13863
FAM-0DA1E46E4F8F,IS 13876
FAM-15DC26F06851,IS 13877
FAM-14A7EDEC0A85,IS 13884
FAM-166A64A521AE,IS 13904
FAM-CBEC87A5D0B9,IS 13908
FAM-F1A9C9CC8EE5,IS 13909
FAM-72BA800EE2D1,IS 13910
FAM-B3AA8B046EAE,IS 13911
FAM-AD3F5CDCF22F,IS 13912
FAM-8E60A14AE74E,IS 13914
FAM-5ED5E7948A77,IS 13931
FAM-23822AA76B42,IS 2695
FAM-002D4A16D8ED,IS 2708
FAM-30748B4AAEF5,IS 3190
FAM-B0E34B863294,IS 3575
FAM-9637135C44F7,IS 3993
FAM-029360D00381,IS 6662
FAM-51BBDAF9D19A,IS 7611
FAM-D5E742E3FC0A,IS 7747
FAM-CF511D44F506,IS 7827
FAM-6A41D6539353,IS 8126
FAM-4EFB4909A7A7,IS 8587
FAM-A40B6A0F4866,IS 8616
FAM-72A4F421C42C,IS 8620
FAM-0E2F2E9C32CD,IS 9236
FAM-D909A8C65DCB,IS/QC 300701
FAM-9A89FFA7010A,IS/QC 300801
FAM-0C02277F4B53,IS/QC 400500
FAM-A76968941C9B,IS/QC 400601
FAM-107829403FF7,IS/QC 790202
FAM-2361F4C73D02,IS 1322
FAM-CA7F78234C0D,IS 1058
FAM-83C9A4C1C519,IS 10829
FAM-9FA95C6BF961,IS 11226
FAM-06526FF3D487,IS 1287
FAM-DA937F6725F9,IS 13832
FAM-194403121888,IS 13848
FAM-88F10E5DA01C,IS 13881
FAM-88259283A2B9,IS 13888
FAM-4B9CB83A8971,IS 13898
FAM-F80BC68E6D2E,IS 13900
FAM-ACF5A9C8A35C,IS 367
FAM-2924A686E6FD,IS 4670
FAM-0B304FC7E77A,IS 5517
FAM-3D0C457BA1AC,IS 8339
FAM-E5EDC83919E8,IS 10303
FAM-131FAD6D221F,IS 10689
FAM-48219C627647,IS 1141
FAM-833A46938040,IS 11670
FAM-5016FA2E5F73,IS 12645
FAM-12DB72E2060C,IS 13776
FAM-CCA261FD34BC,IS 13827
FAM-7EBF0526B6CB,IS 13829
FAM-84C4B2F09001,IS 13856
FAM-722E5C15EC5D,IS 13874
FAM-4FA7420F4B15,IS 13886
FAM-0E425FA4243A,IS 13887
FAM-2F99EC15A08D,IS 1403
FAM-D2D8C419556C,IS 2720
FAM-9859132CF567,IS 4640
FAM-695117070FFD,IS 5781
FAM-87FE5D136563,IS 5789
FAM-205DC67D20B7,IS 5955
FAM-987343D1552F,IS 6364
FAM-24E1A3EF80EA,IS 6920
FAM-11A955F34767,IS 8059
FAM-0F2E23B349D8,IS 8568
FAM-B200C918A4F4,IS 8615
FAM-9781268AF1DA,IS 9871
FAM-028A63D7D766,IS/QC 300301
FAM-DAC3D3CBEEFA,IS/QC 420102
FAM-FE6B44A88915,IS 13901
FAM-E30E8D3AA703,IS 11252
FAM-4DE91CB8AC7A,IS 12206
FAM-78A9C75D78F6,IS 13358
FAM-80D1496A6645,IS 13699
FAM-6A256EAA24AC,IS 13741
FAM-272D0302FE31,IS 13783
FAM-6E5A5A501FFC,IS 13818
FAM-F5272333DBDC,IS 13823
FAM-E56A87CF6523,IS 13843
FAM-1B31615BC6DC,IS 13850
FAM-93E3035199D2,IS 13851
FAM-182AA866DBD4,IS 13855
FAM-BC82C27476D2,IS 13859
FAM-DBD4D3EFC3BE,IS 13860
FAM-30B99A42F9FA,IS 13861
FAM-B4949422B5BF,IS 13875
FAM-DD8AACC02E5E,IS 1469
FAM-66486EA924AE,IS 3410
FAM-0D1007D308D2,IS 404
FAM-36D740D9C947,IS 4552
FAM-121F3B20283D,IS 4660
FAM-9F2404D7D378,IS 5496
FAM-2C35C9489657,IS 8746
FAM-007924562490,IS 9257
FAM-4B39104C2EFB,IS 9452
FAM-02A4E5B39044,IS 12800
FAM-6D009257CAB9,IS 13538
FAM-C1324BCF9DC2,IS 13686
FAM-424A358137ED,IS 13747
FAM-9E78E60EE2B8,IS 13758
FAM-E423CECA747E,IS 13794
FAM-FB3EDE80E891,IS 13795
FAM-36F72ACBEA67,IS 13798
FAM-9E3A9D36BA1A,IS 13819
FAM-9F3B63F488D7,IS 13828
FAM-829BD74F1EBE,IS 13830
FAM-C807D7265567,IS 13831
FAM-5E963DB321A0,IS 13857
FAM-F7AD4743C2A5,IS 3014
FAM-1803BAB3D495,IS 3034
FAM-7414545DA36E,IS 364
FAM-9665FC6234F7,IS 453
FAM-32ACA913A008,IS 5224
FAM-718193798807,IS 6316
FAM-C5F3648A8B5C,IS/QC 300600
FAM-A10D3722A35B,IS/QC 300601
FAM-3EF1E63C6548,IS 10210
FAM-B94D697C9FBB,IS 10856
FAM-1292FAB28B67,IS 10859
FAM-7CCDD8E70F4F,IS 13657
FAM-6438A4E6775B,IS 13677
FAM-DC4517044817,IS 13697
FAM-FD4098854E96,IS 13781
FAM-35C663A3F4EA,IS 13804
FAM-3A8B6A9FCD69,IS 13820
FAM-2DF931E71C81,IS 13821
FAM-308890BE5C21,IS 13822
FAM-46AD55440592,IS 13824
FAM-C454829489F8,IS 13836
FAM-8B1375AEEFA6,IS 13837
FAM-1D618E91FABC,IS 1485
FAM-AD77A291CF6C,IS 1538
FAM-34FF3B65291B,IS 1884
FAM-ECF7B788E26A,IS 2362
FAM-139A771CDF3C,IS 2681
FAM-41C598BECEB5,IS 3142
FAM-E0687FE33592,IS 3873
FAM-D12F1AF0B411,IS 3881
FAM-8DF48D76AC2A,IS 5223
FAM-B99286C5E8DA,IS 5468
FAM-28354A643476,IS 6019
FAM-C755527160C9,IS 6766
FAM-64FCC34EEAC9,IS 679
FAM-7F57F3AFABDF,IS 680
FAM-593B34F3C0A4,IS 8308
FAM-9035E3A174C7,IS 8309
FAM-0988473E7200,IS 9800
FAM-E9DB970D5178,IS/QC 440001
FAM-CC409540E765,SP 57
FAM-09133B93FCB3,IS 10274
FAM-C17FD8F9DF5F,IS 11403
FAM-6E7B1E8E25CE,IS 13122
FAM-9248A7C9226A,IS 13658
FAM-D261C507DE55,IS 13703
FAM-E96BA722AC26,IS 13764
FAM-A7E80A963728,IS 13777
FAM-38D82B789A75,IS 13791
FAM-E484FE0BE596,IS 13803
FAM-A95C058B77A9,IS 1467
FAM-822618CF2B61,IS 2023
FAM-7D4E63DDB123,IS 287
FAM-BB636DAF4321,IS 5641
FAM-F01614676DB0,IS 5706
FAM-7EE20EAD249E,IS 6040
FAM-648D91DB06D8,IS 9182
FAM-3E4A07A43520,IS/QC 301200
FAM-58AF7513FB78,IS/QC 301201
FAM-472645F9D5F0,IS/QC 301301
FAM-BEB9AF48EAA3,SP 55
FAM-57DCAECB4E4D,IS 13555
FAM-9A54540E4728,IS 13601
FAM-24B15E1706C7,IS 13619
FAM-B1942619B2AF,IS 13651
FAM-60FCB91FF902,IS 13654
FAM-067A7B827ACE,IS 13661
FAM-BB29FA17B2CE,IS 13666
FAM-1D0145D9C8E6,IS 13679
FAM-8E46CDBAA8BA,IS 13698
FAM-1B7B8ABB3EEB,IS 13705
FAM-F14D33A4AC74,IS 13716
FAM-07CAD060F302,IS 13719
FAM-A88542E05AF4,IS 13748
FAM-C0B764ACDC83,IS 13752
FAM-5BFEED03D4B3,IS 13765
FAM-90942A1EDB89,IS 13766
FAM-EB32A28DE7E8,IS 2021
FAM-6AC9DF47B191,IS 2086
FAM-15FC004766A4,IS 2327
FAM-CCC1EC69C3DB,IS 2486
FAM-39ED3D94FE05,IS 2812
FAM-B307B600D16C,IS 3248
FAM-81D2529FC039,IS 363
FAM-85A55AA5B001,IS 4111
FAM-CF976CE0A6D2,IS 5111
FAM-C0B75E5D0123,IS 6018
FAM-0D6A0B1384F1,IS 6894
FAM-557667BB6986,IS 8541
FAM-2E11883032D8,IS 13608
FAM-1E2B6B7B00E4,IS 13667
FAM-FF443EBD495D,IS 13676
FAM-6B438DD9B619,IS 13685
FAM-190D50B5F734,IS 13694
FAM-B2CDAD639DA9,IS 13702
FAM-9979FACD730F,IS 13704
FAM-DE8B01294A6B,IS 13720
FAM-6E50D6A2CF18,IS 13721
FAM-A94F2A38CB90,IS 13739
FAM-4CB9F2E87F82,IS 13757
FAM-718A70E06C2D,IS 1844
FAM-2A82ECA5A565,IS 1882
FAM-523315C6382A,IS 2203
FAM-AE46997BB69C,IS 3447
FAM-5122FEA7AAB0,IS 7866
FAM-DA436E824611,IS 1337
FAM-0620F2C0846D,IS 13541
FAM-8A1BAB9C751B,IS 13569
FAM-ADD617D7C8E0,IS 13584
FAM-40B0051CF7EB,IS 13638
FAM-CC71C5889DD2,IS 13650
FAM-23EB43349D0F,IS 13652
FAM-B21DDA3D9FC8,IS 13655
FAM-8024F9F01763,IS 13659
FAM-FD20CDCF157A,IS 13660
FAM-5A8AE7AA21F5,IS 13664
FAM-2C5E9454B0E2,IS 13682
FAM-8A94EA9629B5,IS 13691
FAM-4A87EBD80BC5,IS 13709
FAM-6E114D48092B,IS 1632
FAM-DA7F7792476D,IS 2064
FAM-BBD069101D98,IS 2404
FAM-8DADE499E545,IS 4833
FAM-6F49939CBE3A,IS 7363
FAM-992D9C264DDF,IS 8406
FAM-2CB3597A65F0,IS 1172
FAM-71157CB8709B,IS 13588
FAM-CE04B9977461,IS 13612
FAM-99C6DDF9DDB6,IS 13620
FAM-5C4648AE0628,IS 13621
FAM-0D37BB79D469,IS 13622
FAM-0E56257F3043,IS 13623
FAM-691F51886E53,IS 13636
FAM-5478660567E4,IS 13642
FAM-96A5FB5FDB83,IS 13645
FAM-1047DD9A7C84,IS 13647
FAM-B3CE1561FA36,IS 13663
FAM-E5884773D7DF,IS 13692
FAM-A16FC847FC26,IS 1387
FAM-C13E6E8DF4A8,IS 2102
FAM-98EEE84EB052,IS 5652
FAM-6928546628C1,IS 7046
FAM-396632B867D2,IS 10243
FAM-FAA71ECD2AAD,IS 10599
FAM-EAF9F83D5B6E,IS 13668
FAM-AA2C840F55CF,IS 7806
FAM-1C102DACD6CA,IS 9483
FAM-FF94D0B60FE8,IS 11595
FAM-698EBB456451,IS 1253
FAM-815766D56280,IS 13466
FAM-A797C3ADD2D8,IS 13524
FAM-E9854980495C,IS 13525
FAM-D8A090B3EAF6,IS 13526
FAM-55D3CFA60588,IS 13540
FAM-1F950DD49FCF,IS 13544
FAM-31281BDE86BB,IS 13551
FAM-12F1008B0F80,IS 13576
FAM-B1CE736CA23F,IS 13577
FAM-7AAE5DCB2262,IS 13579
FAM-A48E9391191D,IS 1359
FAM-7B916D84D4B4,IS 13590
FAM-E44CA5E44E91,IS 13593
FAM-3DCFF3741284,IS 13594
FAM-D53D57E90A7B,IS 13595
FAM-9EECC783A3A0,IS 13600
FAM-D01961437441,IS 13607
FAM-5DC7033C349D,IS 13609
FAM-EF12A78317E4,IS 13613
FAM-910086DFA9DB,IS 13617
FAM-007361B8C30F,IS 13628
FAM-875EA767AB49,IS 13635
FAM-61287214C55E,IS 13641
FAM-A3CEFFF517D4,IS 13644
FAM-D3B3B935D2CF,IS 13653
FAM-EFF667F0CF6C,IS 2096
FAM-6B383F74503B,IS 2346
FAM-E7DD32EEDF2E,IS 3577
FAM-10C888A1E851,IS 4028
FAM-75E61A64B869,IS 405
FAM-7009ABD7A47B,IS 4849
FAM-C9FF59E8348E,IS 5442
FAM-4267037B6A5C,IS 5817
FAM-1E455EDCD846,IS 5946
FAM-3A2A008A7B69,IS 6012
FAM-DA42E7541E22,IS 6271
FAM-FCBEFE8F5167,IS 6550
FAM-AF03C3C9D877,IS 6551
FAM-7BD53E3BC01E,IS 7511
FAM-90405171C965,IS 7527
FAM-285C4455D136,IS 7566
FAM-E9554759F737,IS 7635
FAM-CA1727E456E2,IS 7636
FAM-BFE671B93166,IS 7637
FAM-340EDC9DD511,IS 8040
FAM-1669A437D902,IS 8584
FAM-A65DED7F6889,IS 8889
FAM-DF7FEBE39309,IS 8978
FAM-D1B09F180FA4,IS 9766
FAM-20D816AF9A99,IS 9985
FAM-D75E43A515D3,IS/QC 410101
FAM-4C96E6FAA39D,IS 10637
FAM-4806C6CE00E1,IS 11502
FAM-1AF50A3E6220,IS 11545
FAM-DB0C616DF5DC,IS 13368
FAM-48F0C4D7A8E6,IS 13411
FAM-78F64D613DDE,IS 13522
FAM-8230EA0336B8,IS 13543
FAM-C0340AB7DD0A,IS 13549
FAM-71788291E9F6,IS 13565
FAM-480D38FFA613,IS 13587
FAM-181A7A4419C1,IS 2987
FAM-0D27B1C95790,IS 5249
FAM-0E033107ABBB,IS 5757
FAM-E1319C9021FC,IS 6704
FAM-003599B249E1,IS 6981
FAM-8F15CD3DD53E,IS 7388
FAM-3DB99D7AFC7F,IS 739
FAM-EE12B61D1866,IS 7579
FAM-0DB427177993,IS 7588
FAM-114397C27E04,IS 7893
FAM-8D05DCB1D628,IS 8092
FAM-4C5A75502F59,IS 13496
FAM-75B6FEB56C9F,IS 11098
FAM-1A79B4FE00BA,IS 11558
FAM-32A42C658537,IS 13378
FAM-9A856BDCFEBA,IS 13495
FAM-9891F0D7A9CE,IS 13520
FAM-21B4DFA262CB,IS 13566
FAM-8E57E782D965,IS 13568
FAM-094D1ACD45C9,IS 1634
FAM-1880AAEFD04D,IS 3644
FAM-376A08097FF0,IS 6002
FAM-74657D15B71D,IS 6680
FAM-4C45360C8A97,IS 6936
FAM-6A11599589B4,IS 7326
FAM-6BEED59F9F63,IS 7870
FAM-06C85CDC6478,IS 902
FAM-DCD792E68227,IS 9165
FAM-BC71B1DB9BE0,IS 9216
FAM-0A97D7335431,IS 10244
FAM-C0493BF2E2FB,IS 13367
FAM-2B5A3CB619F7,IS 13380
FAM-33FCEFBEA3E8,IS 13410
FAM-55056B1EBC76,IS 13464
FAM-49DD7581C2F7,IS 13475
FAM-0B8F67E38BF1,IS 13508
FAM-F423DBD6C260,IS 13513
FAM-C908D55333C2,IS 13515
FAM-330C26DB70F2,IS 13517
FAM-8E8B53B92805,IS 13518
FAM-6C1670E97CA3,IS 13521
FAM-7F46901B06CB,IS 13562
FAM-BE428094C93C,IS 3115
FAM-8C631C4EFB7E,IS 3147
FAM-C9EF35240805,IS 33
FAM-B1B06943B7CB,IS 3630
FAM-753EBA02EA6F,IS 3643
FAM-E3984B194910,IS 4282
FAM-2380B31E20EA,IS 7092
FAM-D53F9ADE2462,IS 9817
FAM-7549361C85B6,IS 10545
FAM-C60620DF4583,IS 13345
FAM-C2B0DF734127,IS 13374
FAM-437196DF6589,IS 13377
FAM-07524EAC2592,IS 13379
FAM-94B282BB0C25,IS 13383
FAM-5B1A2D798A1B,IS 13431
FAM-0BC164E8749A,IS 13436
FAM-ED28C6279EF5,IS 13448
FAM-8907E89A0D85,IS 13449
FAM-5F924C647C2A,IS 13459
FAM-FB04AB91D094,IS 13500
FAM-E4B7026DE4CE,IS 13505
FAM-D1ED97BECC05,IS 13509
FAM-A99597699E5D,IS 1597
FAM-B6290DF46E62,IS 1654
FAM-BC7522580C0D,IS 2994
FAM-1C0AD66570B1,IS 3645
FAM-F45CB65DCF1F,IS 3885
FAM-9A0CFE8591AB,IS 4839
FAM-1D34F47737D4,IS 5043
FAM-5E3F0EDA8B5F,IS 5256
FAM-11B5207D0991,IS 5487
FAM-1569C5C910DC,IS 6939
FAM-0B2D462FBEE7,IS 7561
FAM-4B92E367CBB8,IS 7964
FAM-838A9842CC69,IS 8096
FAM-7D8649F90910,IS 876
FAM-0F26CB79E7E9,IS 9031
FAM-E8AB5916C7D6,IS 909
FAM-566911AD79E2,IS/QC 400200
FAM-9B48A22EDB24,IS/QC 410100
FAM-C500011162F9,IS 3099
FAM-5B4A418D4ED2,IS 13299
FAM-EE171BF410C4,IS 13301
FAM-2FC0C7B3672A,IS 13376
FAM-326054510EB6,IS 13387
FAM-A4BD9767113E,IS 13401
FAM-097A9D2F849B,IS 13430
FAM-74CE95751159,IS 13441
FAM-003601FE2697,IS 13442
FAM-E3FD275D2691,IS 13472
FAM-ABBBCAA44716,IS 13479
FAM-A3FBFD5567EE,IS 13492
FAM-EA5C4DDB511C,IS 1542
FAM-96FCCD3F57AB,IS 1635
FAM-6CFFFB8F797C,IS 1746
FAM-06A9887CEE72,IS 3764
FAM-51C9DAD0F2BD,IS 6871
FAM-A51D134F8302,IS 714
FAM-8D3C37750606,IS 7982
FAM-5D43062EB63B,IS 1005
FAM-6E03B6B2FF05,IS 13318
FAM-A734C72CC7AC,IS 13389
FAM-2FF5518DF449,IS 13390
FAM-EA549582365B,IS 13398
FAM-B7C9BFABDDBE,IS 13400
FAM-B0AA8DBEBAD5,IS 13439
FAM-6C6CBABA6053,IS 13440
FAM-2A1FE1C7BD02,IS 13443
FAM-CA93379AAEA2,IS 13447
FAM-708F656B925C,IS 13457
FAM-15F387C903B2,IS 13458
FAM-983197610372,IS 3195
FAM-B53DAA583C5C,IS 3445
FAM-B96345E8F5E0,IS 5031
FAM-76E8DFE26297,IS 612
FAM-4C1E32FD0A6C,IS 653
FAM-17698D4F160F,IS 9125
FAM-C868330CAC61,IS 10738
FAM-ACA980EEC1E9,IS 13308
FAM-0426F442B762,IS 13336
FAM-F01486B33635,IS 13344
FAM-E3980EEA32CB,IS 13409
FAM-C83AFCF07779,IS 13415
FAM-1F2A27EC9F49,IS 13423
FAM-331E6F6165BB,IS 13438
FAM-A0AF96F77444,IS 2121
FAM-67894FF95D12,IS 3818
FAM-972791473F46,IS 6212
FAM-60DA5452CCA0,IS 7207
FAM-D4DD62E4C773,IS 7916
FAM-6A79C2FE5D65,IS 9009
FAM-E73D7EE2FE32,IS 13246
FAM-8ED4B4B92977,IS 13253
FAM-4559A495F183,IS 13305
FAM-3D3A7CB612FE,IS 13311
FAM-A95898E47B46,IS 13315
FAM-85ED5D5625C4,IS 13324
FAM-5DC73FC16684,IS 13349
FAM-D189981C1951,IS 13352
FAM-BC4593998E54,IS 13357
FAM-EB7108C3A222,IS 13359
FAM-D99E5BE663AF,IS 13364
FAM-029F441FFF82,IS 13366
FAM-90DB195CA552,IS 13372
FAM-C6F3CE027F4E,IS 13421
FAM-B98C9729AB4B,IS 4017
FAM-5FF4F77A509D,IS 5481
FAM-6604AF59135B,IS 6907
FAM-9D35AEA4A8D0,IS 7208
FAM-35FE85FDC4CD,IS 7475
FAM-E22C12486C59,IS 7735
FAM-E3401189704A,IS 874
FAM-A4DA32A77D41,IS 9646
FAM-D54104972632,IS 10130
FAM-7FE8EBDD72E5,IS 10131
FAM-C4A2C5CB5D49,IS 10987
FAM-DD823B97B294,IS 11164
FAM-70C073E7D102,IS 1222
FAM-F016F782BE7E,IS 13139
FAM-9CCF33A89372,IS 13248
FAM-C50D69511BF8,IS 13259
FAM-6E81E6BAB705,IS 13270
FAM-DD2200FEE51C,IS 13285
FAM-B1ECDDD22F06,IS 13293
FAM-F5F424025B38,IS 13295
FAM-A582E01586DA,IS 13300
FAM-5C1E7C821F25,IS 13303
FAM-CD011BFAF281,IS 13304
FAM-C18A1CC69D06,IS 13307
FAM-5624CBE2F2BE,IS 13335
FAM-263A89BDBF32,IS 13337
FAM-98A01F499572,IS 13338
FAM-2AF2B26DD686,IS 13348
FAM-2DB723378F37,IS 13353
FAM-E1356725A6BD,IS 13356
FAM-F13621EF37C4,IS 13370
FAM-1DF711AD3376,IS 2047
FAM-A51CAD2A3250,IS 2893
FAM-0F18EF86EAEB,IS 3347
FAM-7E114812AB0C,IS 459
FAM-AE55B0802E4B,IS 4896
FAM-97184F00EC70,IS 5969
FAM-AD5D9353236D,IS 6068
FAM-910298D759C0,IS 6173
FAM-DE4EB99141AE,IS 6175
FAM-375D8B25AB92,IS 6390
FAM-03403D8F8D42,IS 6654
FAM-34F173C0B368,IS 7548
FAM-81C3AAC90DFA,IS 8505
FAM-6D8A20400DEE,IS 10033
FAM-DEAF97E76658,IS 11246
FAM-01011E7EA15E,IS 13257
FAM-AE235D7895DE,IS 13284
FAM-7AB6A3F14699,IS 13294
FAM-8E405807F808,IS 13296
FAM-1B5431676C50,IS 13309
FAM-CF62715F4D81,IS 13319
FAM-05446F122858,IS 13320
FAM-F695D6EDE2BA,IS 13322
FAM-2191A4B4E2F2,IS 13325
FAM-69A29228C44E,IS 13350
FAM-3710EED2292C,IS 13354
FAM-D77707CDF467,IS 204
FAM-51C832D0E19A,IS 205
FAM-8315FFC8AF3D,IS 2949
FAM-FEEADBC6EC51,IS 5050
FAM-1DE2FBD81A68,IS 5391
FAM-BEA528A214B7,IS 7559
FAM-9057E89BC7CC,IS 9605
FAM-C09777D02D62,IS 10106
FAM-4D02F952050F,IS 13161
FAM-1C235BFB90B5,IS 13219
FAM-389163636A34,IS 13232
FAM-A423F1C2AD6B,IS 13254
FAM-AB44F2ACF922,IS 13255
FAM-061BC51A5C3B,IS 13256
FAM-E00BFDF92D8B,IS 13262
FAM-4545EB8140E2,IS 13272
FAM-D562E319335A,IS 13306
FAM-9427877D99EA,IS 13312
FAM-77AAA3EA248C,IS 13314
FAM-EDEC3D2D6C41,IS 13327
FAM-9CA692251F16,IS 1576
FAM-C35ACCCB4A83,IS 2806
FAM-82AE390AB75B,IS 4000
FAM-AA06BCD89DB9,IS 6165
FAM-DA7E65208AD1,IS 6198
FAM-11BDE1E75345,IS 7283
FAM-5D622B319495,IS 7433
FAM-1096BCD226F6,IS 7887
FAM-7366EC00DC60,IS 8292
FAM-C867FD201054,IS 9780
FAM-D4A3DF253DE0,IS 13166
FAM-10C77204EFC9,IS 1001
FAM-25A45D7FF31D,IS 12917
FAM-5BB87A24D83B,IS 13082
FAM-54AF267650F7,IS 13189
FAM-D70B674F957B,IS 13190
FAM-94504845DE69,IS 13194
FAM-38D1160DC7C2,IS 13195
FAM-9051798C2837,IS 13197
FAM-0D5D5918A2F9,IS 13198
FAM-89B5F3F7C279,IS 13199
FAM-CAD34369895B,IS 13217
FAM-76EAA4972085,IS 13231
FAM-19901B02BD21,IS 13237
FAM-B15D581CBBDF,IS 13244
FAM-AD21A9DB8C85,IS 13261
FAM-0E3871BEC83D,IS 13264
FAM-950ED80A2375,IS 13265
FAM-2D43CCEA2A7E,IS 13266
FAM-134F7210F6B7,IS 13267
FAM-85ABC31FB1AB,IS 13313
FAM-CA55764BF7F2,IS 2004
FAM-AB22609683F1,IS 2122
FAM-262CAD8D41B4,IS 2222
FAM-490109E2F680,IS 2541
FAM-77249CC4F541,IS 2687
FAM-B3063653E11F,IS 3146
FAM-C85F733FD425,IS 327
FAM-A1BDA00A36D9,IS 366
FAM-FD46A9CB213D,IS 3694
FAM-93F293ABCBDB,IS 4634
FAM-41284B365C97,IS 5795
FAM-005BFD5EA503,IS 6962
FAM-C43028DEB9B7,IS 7418
FAM-AFD9D225310C,IS 7620
FAM-4875EDDDFB94,IS 7720
FAM-968D809E7D6B,IS 7790
FAM-E2638FC7CD45,IS 7984
FAM-DB2B3C5BED9E,IS 80
FAM-FDA54D184F6B,IS 8365
FAM-666D2617C6BA,IS 8809
FAM-212A2D880C94,IS 9992
FAM-7FC762CD17EA,IS 13032
FAM-BB005D451082,IS 13136
FAM-7E57AF330FA9,IS 13173
FAM-EBA3939E67BC,IS 13181
FAM-61B5FDCDBBC6,IS 13184
FAM-D00FFDE50DF7,IS 13187
FAM-823C68BB09B4,IS 13224
FAM-37FB231AD86C,IS 13226
FAM-CE4E06D42B50,IS 13227
FAM-8AE0E1EE1A3A,IS 13269
FAM-2A87CF895209,IS 1726
FAM-42A9D4B74433,IS 190
FAM-C2A695184A2F,IS 2855
FAM-24924CC7C6D3,IS 3148
FAM-0251AC877F7E,IS 4095
FAM-6BBF8F663765,IS 6682
FAM-E268495BD9DA,IS 6829
FAM-A9B937FB82E4,IS 7333
FAM-0AC3F27989A4,IS 8070
FAM-27863D133F1A,IS 10646
FAM-B4C148A6ADF8,IS 13156
FAM-FA8DCE72E9FC,IS 13164
FAM-7292DF3BA1DC,IS 13168
FAM-8F7285995A9E,IS 13177
FAM-EFC08AFF4B3B,IS 13178
FAM-810D8614267F,IS 13183
FAM-4715B4CE2F49,IS 13211
FAM-E2B5E4256EDD,IS 13215
FAM-A764DC39D3CE,IS 13216
FAM-9D944F2479AE,IS 1865
FAM-CC2EFEB1D7CC,IS 2050
FAM-53C3CF9337C0,IS 2212
FAM-8A045BA0F15C,IS 2478
FAM-5F3D23D872B1,IS 2670
FAM-D181BF41CF97,IS 3954
FAM-EB7BA0199D7F,IS 4316
FAM-76FAE23D62ED,IS 4603
FAM-C2EEBE2DDBE3,IS 5365
FAM-061711852B08,IS 6571
FAM-4652A94D78F6,IS 6702
FAM-61BD33CF03CC,IS 7233
FAM-EFC12F3211C1,IS 7338
FAM-05A704E43BC0,IS 7858
FAM-8DA13E0E1290,IS 8023
FAM-12F0E36C84C3,IS 810
FAM-CF95E33A4029,IS 8445
FAM-65B8FDC38701,IS 8973
FAM-0BC84E0AD048,IS 9323
FAM-DBB51F965811,IS 11215
FAM-FAD2BFEB6368,IS 12535
FAM-248DAC4921E8,IS 12646
FAM-162D624E7FB9,IS 1292
FAM-8E709E2954BE,IS 13078
FAM-875A25CC1388,IS 13130
FAM-DD8648061C59,IS 13132
FAM-6659F0A91268,IS 13146
FAM-BDADCE2FF870,IS 13155
FAM-CAA4ED62E301,IS 13157
FAM-EE3CEA30F26A,IS 13158
FAM-86C5650FA91E,IS 13212
FAM-824A14CDE177,IS 1849
FAM-3365896DBF1A,IS 2084
FAM-C18438014C57,IS 2886
FAM-CC79D0C35B61,IS 3790
FAM-053B8E3B3C60,IS 4744
FAM-EF696FED6D58,IS 5511
FAM-C3E69DD776A9,IS 5554
FAM-BFBD5F154723,IS 5682
FAM-D3C06E4ABAF7,IS 5743
FAM-BC0852CC3149,IS 7151
FAM-7B7A6D65C1E9,IS 8970
FAM-40A5673C04B0,IS 1609
FAM-58990CAF2735,IS 13022
FAM-EE53C590CB0D,IS 13102
FAM-DF988BB03B30,IS 13126
FAM-177CC2862B37,IS 13128
FAM-993920936C10,IS 13142
FAM-29FBC52D8690,IS 13143
FAM-86C1B8FAB3BC,IS 13144
FAM-83F0EC7B1DB6,IS 13147
FAM-B80AEAF36A3F,IS 13150
FAM-AD0D8367D266,IS 13151
FAM-AA90ED98A13F,IS 13165
FAM-8141EFA8BB3C,IS 3214
FAM-D1C3D544D024,IS 3375
FAM-12865E6C6139,IS 3696
FAM-988616FF16A7,IS 4999
FAM-BEEAE3E0B06D,IS 9293
FAM-1497BFC11667,IS 9324
FAM-71FD286DA1C5,IS 11650
FAM-723FC916DC53,IS 12930
FAM-D0A71278C6D3,IS 13043
FAM-862F187DABA2,IS 13077
FAM-C80A620B036A,IS 13084
FAM-7205D40AC5F8,IS 13101
FAM-236A28F17711,IS 13104
FAM-E46629055C33,IS 13120
FAM-3872D691B406,IS 13127
FAM-9BB4B39791DA,IS 13133
FAM-8F01FB91F684,IS 3169
FAM-344CE3462532,IS 3212
FAM-436672E57C76,IS 3217
FAM-71123B29645A,IS 3460
FAM-261C135F6B13,IS 362
FAM-03FEFDC76449,IS 5101
FAM-BE4E18F7696C,IS 1580
FAM-A34071C7F8ED,IS 12937
FAM-54FDCEB333FD,IS 13023
FAM-F8FB6F3E9951,IS 13052
FAM-D3C07508319D,IS 13057
FAM-AFE4BE3E8EA7,IS 13064
FAM-0901C7256E7C,IS 13067
FAM-0741895AC76A,IS 13114
FAM-DA42796FDD1C,IS 2039
FAM-3AFFFD5003A5,IS 3013
FAM-357CF481A5DB,IS 3211
FAM-FD55EE7513D0,IS 3215
FAM-316FCE17C5AE,IS 3468
FAM-DE7DD147E6B2,IS 3506
FAM-337FD70A770C,IS 4367
FAM-81E1564E7A97,IS 4886
FAM-CF3F92A12357,IS 8446
FAM-252C1C2BA926,IS 9843
FAM-74819FE3832D,IS 10358
FAM-8C4A1DC4EFB1,IS 10540
FAM-E37D530A3337,IS 12731
FAM-E812DC6D7B63,IS 12841
FAM-363B576B7FF8,IS 13029
FAM-2AD04488F5DE,IS 13044
FAM-840D928474DC,IS 13046
FAM-84FD0C66735D,IS 13053
FAM-9C4582E2851F,IS 13054
FAM-E80B01287EA5,IS 13065
FAM-D21BA12CCA0C,IS 13066
FAM-E1124509ACCF,IS 13074
FAM-F745A5685763,IS 13076
FAM-4EF7C4D7B7E4,IS 13081
FAM-BD110F3FEC5E,IS 13085
FAM-6DA4F39D91A3,IS 13110
FAM-DA7B83A7AC83,IS 13111
FAM-CDC17362CD92,IS 13112
FAM-C39D22E26469,IS 2117
FAM-892A5DCE0413,IS 3213
FAM-A56BFA683062,IS 3642
FAM-EF87B9E75C82,IS 3691
FAM-2F5C85B7F1AE,IS 650
FAM-8DB8A7DC22D9,IS 6507
FAM-CE1FE2A1E0EA,IS 7531
FAM-DD3443ED6A7F,IS 1346
FAM-D2496F387A81,IS 12845
FAM-CEA1D5AB20F8,IS 12959
FAM-DFC16C116B2C,IS 13000
FAM-B70232DAEAA3,IS 13014
FAM-0209FA8D5B16,IS 13026
FAM-204CD19FD406,IS 13050
FAM-49C1A2F2E8A8,IS 13051
FAM-340374C24CD2,IS 13058
FAM-6FA55DAD9715,IS 13100
FAM-68C3FD8D4C05,IS 356
FAM-4BF771D799F2,IS 5556
FAM-6EA309739F6A,IS 6908
FAM-23EF5E69DBFF,IS 8102
FAM-96CDD60ECE11,IS 8583
FAM-E14A128094B3,IS 10541
FAM-DBF20BD6B4F8,IS 12904
FAM-0B374BCDF9A2,IS 1295
FAM-F0EC988E50EC,IS 12987
FAM-8D3E74D42C41,IS 12994
FAM-5B71A3E1684A,IS 13001
FAM-0BCC11FF4028,IS 13013
FAM-C4F97D9EB02E,IS 13016
FAM-D3BEABA746F7,IS 13017
FAM-C5B7F7E750BC,IS 13018
FAM-5B88BF13A8F8,IS 13019
FAM-A381B9B14CBC,IS 13021
FAM-907BFF9FAD65,IS 13031
FAM-3F48805D34EB,IS 13037
FAM-0318C0E4CD51,IS 13040
FAM-8B639D032F45,IS 13045
FAM-5867EB628C98,IS 13047
FAM-FAB03428C000,IS 13048
FAM-1A27C33D47D0,IS 13049
FAM-986F4CD1A4B1,IS 13075
FAM-EB87172AFD1D,IS 3568
FAM-F1E26224D2C7,IS 4837
FAM-29C7F53D3B5F,IS 6099
FAM-A219B344DCF1,IS 6375
FAM-C98EAFDD41D7,IS 6533
FAM-92201E11D896,IS 7217
FAM-33D947260486,IS 962
FAM-93614DC294BF,IS 12968
FAM-1446DC049A74,IS 12977
FAM-08A0FAC8BCD7,IS 12981
FAM-F665D6553753,IS 12983
FAM-DFD45F4040C2,IS 12984
FAM-333EF4829BCB,IS 12985
FAM-797FAAB23C2C,IS 12999
FAM-615F2EBAE277,IS 13004
FAM-8A4F8EBAF374,IS 13008
FAM-37B432E60FF5,IS 13033
FAM-FF30BAF54E14,IS 2291
FAM-8AC29C327477,IS 5658
FAM-C0F5CA22284D,IS 5949
FAM-9DA50A73F65D,IS 7452
FAM-E260CC23AD62,IS 8271
FAM-B92F022F1A37,IS 8373
FAM-EA01D476FA98,IS 9222
FAM-A583809A9D91,IS 12941
FAM-231F7BAC5CB3,IS 12943
FAM-BAEA582DA876,IS 12957
FAM-0DA17BE1A27F,IS 12963
FAM-8DB51293D9F9,IS 12967
FAM-7BC62D0A108A,IS 12973
FAM-3C3804275EC9,IS 12982
FAM-3358EF48B7A8,IS 12988
FAM-A99DF9BB4434,IS 13002
FAM-39EDD416C23F,IS 13005
FAM-F7448F919224,IS 13006
FAM-156CB7F8EFB2,IS 2455
FAM-DDF24158DAE3,IS 3741
FAM-83D68B2D3EDF,IS 7396
FAM-EF1129668D58,IS 8890
FAM-6666857BF907,IS 9389
FAM-9CEFC479BC6D,IS 9886
FAM-13BF99FC01D9,IS 10216
FAM-29B8BB99F7B8,IS 12826
FAM-14B210738CC5,IS 12944
FAM-57C2A0FD322C,IS 12945
FAM-70249E72DA0A,IS 12961
FAM-A65420DF3052,IS 12964
FAM-AD2B12BF1605,IS 12965
FAM-69994FEA45A6,IS 12972
FAM-F0D2A746DEB8,IS 12996
FAM-C994694466BA,IS 1861
FAM-D19F4623BECB,IS 2316
FAM-9CD08B325FB3,IS 2854
FAM-C8A9A36EE529,IS 2986
FAM-15AAC541A5F2,IS 4838
FAM-6C9461BB16FF,IS 6810
FAM-A30EA545347E,IS 7624
FAM-0833CF5826D5,IS 12920
FAM-AB1179F3F388,IS 12939
FAM-206292228705,IS 12946
FAM-63A15ADE040D,IS 12948
FAM-E077471D27B0,IS 12958
FAM-6AC7A7662E98,IS 12960
FAM-A450D16D56DA,IS 12980
FAM-1E9C52417CC7,IS 273
FAM-F18F897BF985,IS 2985
FAM-4368A9821372,IS 3688
FAM-F423DEA7F57C,IS 3742
FAM-5AAB77226DA1,IS 4414
FAM-B8B86E9931FA,IS 6497
FAM-AEB65C60789F,IS 6809
FAM-41C858AF53FD,IS 7669
FAM-8B2CDAF4504F,IS 11401
FAM-780581B761E2,IS 12903
FAM-1854278B0979,IS 12913
FAM-8ECD52C61E60,IS 12921
FAM-3FED49056984,IS 12928
FAM-B7AB90F19E56,IS 12955
FAM-0CB8A9AF8B8F,IS 1540
FAM-85C2167B78A3,IS 2220
FAM-349270259298,IS 263
FAM-D70BB923B7B0,IS 3079
FAM-AF714D4A92BB,IS 3510
FAM-9E207AB650FB,IS 402
FAM-472577260BBD,IS 6139
FAM-2BDD0CD5B13B,IS 9527
FAM-B3C25B40BA81,IS 1112
FAM-68016914A30C,IS 12754
FAM-B1957A7076DF,IS 12880
FAM-DD4D594EE720,IS 12902
FAM-9E072C648B23,IS 12905
FAM-2425019D1CCB,IS 12908
FAM-10FC300EF5E7,IS 12909
FAM-B10CF6F5C21A,IS 12916
FAM-9506229DD9B7,IS 12918
FAM-6C7F8E063832,IS 12925
FAM-0CB4D424F3C9,IS 12938
FAM-87FF38166F5A,IS 3058
FAM-12765D9E971B,IS 4241
FAM-3ACC965652ED,IS 5081
FAM-894DF1AA17B7,IS 6952
FAM-5E23B93968B8,IS 9668
FAM-E54EBCE45DFF,IS 12912
FAM-E3C4FAEFF29F,IS 10236
FAM-6DF4F4A69B95,IS 10605
FAM-DC15CFEB508D,IS 12642
FAM-055232E57494,IS 12755
FAM-1AFD1E84B4A7,IS 12777
FAM-E9C029159966,IS 12850
FAM-EDF72BC6E9CD,IS 12883
FAM-FE34AB97E4F8,IS 12888
FAM-729EF04FA5DD,IS 12892
FAM-65A4B198009A,IS 12895
FAM-CB4C3880F59E,IS 12896
FAM-CDABE61FA9A8,IS 12914
FAM-F59936EF1033,IS 12923
FAM-0668D43524CA,IS 2692
FAM-333367600FDC,IS 2747
FAM-7C4AF1A68C90,IS 5045
FAM-745DE2F1CCE0,IS 5395
FAM-0302068FE616,IS 7598
FAM-440892D70939,IS 11674
FAM-D344FA30B1ED,IS 12688
FAM-38453309428E,IS 12798
FAM-C9DEBAE0F65A,IS 12822
FAM-399515EA0517,IS 12837
FAM-9A7C0273C072,IS 12874
FAM-A51AD7701EFA,IS 12875
FAM-EC949C9F9193,IS 12881
FAM-9D011119D782,IS 12882
FAM-D576CAFB9356,IS 12899
FAM-CAAAED90BB51,IS 12907
FAM-13E708B2FD5C,IS 2030
FAM-2BEC427D982B,IS 2257
FAM-913DBA6EB217,IS 2905
FAM-C579BB43E6C7,IS 4475
FAM-89BC5437702C,IS 6130
FAM-E31D24078D6C,IS 8672
FAM-78B883327830,IS 9857
FAM-9BCCBF4A4525,IS 10357
FAM-36F8A24ADCBA,IS 10387
FAM-3AE83539344D,IS 12775
FAM-70E92AB26B85,IS 12816
FAM-95A190ED39E0,IS 12839
FAM-63D8618615AB,IS 12842
FAM-C41A9763FA76,IS 12857
FAM-994B4AA47FFE,IS 12858
FAM-2EEAEFEBA6B3,IS 12861
FAM-BF9663294ED1,IS 12862
FAM-1937767646D2,IS 12864
FAM-E00F5A02D21E,IS 12865
FAM-2DC62997F5E3,IS 12867
FAM-1D3D19658011,IS 12868
FAM-AEA91B4A5B62,IS 12870
FAM-101481231E98,IS 12877
FAM-32B27A3DCCEE,IS 1898
FAM-0186D57F5F33,IS 2199
FAM-A67C88699EED,IS 2302
FAM-CC697BAEB84D,IS 2895
FAM-CC34545820B7,IS 4048
FAM-A8A30E247FB8,IS 4185
FAM-2D5E3AB77E3C,IS 6546
FAM-BA117F1FED86,IS H10001
FAM-076BF85E7E97,IS 5325
FAM-1FAE49E8D131,IS 12268
FAM-24E4CDD9DA7D,IS 12622
FAM-6B229C87F28D,IS 12803
FAM-DB90DCFE33B5,IS 12805
FAM-C567D3BA8204,IS 12806
FAM-09637AA030AD,IS 12809
FAM-B24837C21F78,IS 12812
FAM-E4B835AF020F,IS 12813
FAM-5AC2FED38C8D,IS 12828
FAM-8D0F9375D1FC,IS 12830
FAM-3B5DE38CC469,IS 12836
FAM-B597484744BD,IS 12838
FAM-DFEC1B7F2AC9,IS 12840
FAM-DAC6C382C250,IS 12843
FAM-6406C3B6D2BE,IS 12852
FAM-7F8253BCEEB8,IS 12853
FAM-15B1EE08B278,IS 12854
FAM-5A1EBF522DCC,IS 12859
FAM-6F68295CA0B2,IS 12860
FAM-5DA4FDE8F836,IS 2610
FAM-E4248C09FF02,IS 3208
FAM-7FD167A7440D,IS 3209
FAM-D36867FE8732,IS 3844
FAM-CDDC2BFC3B09,IS 4524
FAM-AD1B7ADD4136,IS 6379
FAM-81AB2866C11F,IS 7395
FAM-BD4CD653B65F,IS 7689
FAM-7F6311732367,IS 7800
FAM-40009BAC9EFF,IS 9531
FAM-67E4EC926872,IS 12536
FAM-A13F8CBA406D,IS 12689
FAM-B183E780D09E,IS 12690
FAM-0A490468C7A3,IS 12711
FAM-8911E31A28EC,IS 12774
FAM-D160FF0A52EF,IS 12807
FAM-419806429D9F,IS 12811
FAM-D863717224FC,IS 12825
FAM-82130A66133A,IS 1444
FAM-42AA860C5FED,IS 1827
FAM-6C01D94009B7,IS 3216
FAM-17279D5C758F,IS 3222
FAM-74747B208D3A,IS 4523
FAM-051F2527AD30,IS 7666
FAM-C256994EDA89,IS 8447
FAM-CAF7ADB86D43,IS 9328
FAM-98050E186FFD,IS 12649
FAM-FB26D8021B44,IS 12687
FAM-6C30CD08AFE1,IS 12692
FAM-C9F91D35BB7C,IS 12695
FAM-8FC57A65C057,IS 12727
FAM-F6004B392C05,IS 12741
FAM-58EBEFB1A909,IS 12745
FAM-BA7784C81B42,IS 12751
FAM-549FCA71A503,IS 12779
FAM-A10DC9FBE9C7,IS 12781
FAM-0805735E0747,IS 12782
FAM-991EFB516950,IS 12787
FAM-C9B4170A3389,IS 12794
FAM-25C9B159FCA4,IS 12796
FAM-659D2E9B51C8,IS 177
FAM-D3E2F3B07AF1,IS 2602
FAM-E33C9F3D2109,IS 3206
FAM-BBEAA21F173B,IS 3207
FAM-3C80C1B731BF,IS 3210
FAM-C169CCD351E9,IS 3242
FAM-2A0D51CBC695,IS 4205
FAM-2D088D66CA31,IS 5289
FAM-35F9C6BD6D18,IS 6338
FAM-4DA30C8CB249,IS 8167
FAM-C6C1096AB80D,IS 8436
FAM-47CBAD3B1E3E,SP 15
FAM-950929562F99,IS 12714
FAM-13D472392C8B,IS 1039
FAM-E0C52625FBD9,IS 11348
FAM-8620CB2F8FEE,IS 12465
FAM-923336857212,IS 12705
FAM-CF66FDDF9B29,IS 12713
FAM-19E3743C25D0,IS 12728
FAM-68802271BC68,IS 12736
FAM-7313724A1FE8,IS 12737
FAM-783757615941,IS 12739
FAM-FF8B38B67D97,IS 12742
FAM-43A80D8155D2,IS 12753
FAM-00F83847B005,IS 12791
FAM-1362C94075ED,IS 12799
FAM-6B273018E36A,IS 1294
FAM-8FF81BF957B7,IS 1958
FAM-3845D0BD3B6B,IS 2453
FAM-AF546E4EDBFD,IS 2693
FAM-E29B5B277540,IS 3670
FAM-CD9A6D63E380,IS 6079
FAM-7DBDFF39ED3B,IS 6180
FAM-82CA99BF871E,IS 6777
FAM-F4C3D4A20972,IS 8448
FAM-33CF01B073C6,IS 9422
FAM-39021F8C30CD,IS 9819
FAM-583E4DF3A453,IS 12744
FAM-25E313A0042F,IS 11014
FAM-886BC7A1B165,IS 11967
FAM-97863518586F,IS 12600
FAM-96650257E8D8,IS 12676
FAM-1565CCFBE93B,IS 12686
FAM-B4E60A1F686B,IS 12696
FAM-4B16B1FFACB5,IS 12697
FAM-46618BB02E8E,IS 12710
FAM-401DA21A3190,IS 12715
FAM-DA46AF7E4E9B,IS 12740
FAM-DCE3B192D546,IS 1730
FAM-A736D501C9F8,IS 1800
FAM-A4EF25E86F71,IS 2663
FAM-BCA23C9FE2E7,IS 3522
FAM-F48A9A89B9C8,IS 4436
FAM-917AD1BA6190,IS 5423
FAM-E791DA27555F,IS 5905
FAM-14494FB57C84,IS 6586
FAM-4A98D3FD854F,IS 6714
FAM-91511ADBD86D,IS 6890
FAM-69B9ABADC286,IS 7491
FAM-5BEF8B11F880,IS 9592
FAM-4C8E7EDCBE30,IS/QC 300100
FAM-0C2467FBCF88,IS 12915
FAM-4918D10B8E1E,IS 12538
FAM-A9312F532071,IS 12582
FAM-76ACF989FEA6,IS 12620
FAM-D6F68CBFDF94,IS 12648
FAM-C914B70015FA,IS 12659
FAM-BC7CE06A1FEC,IS 12671
FAM-7F763A3431B9,IS 12675
FAM-83119FB65CF0,IS 12702
FAM-8B2D41A1EED1,IS 12703
FAM-D65DDBF6AD3F,IS 12704
FAM-76DF7E51A93C,IS 12706
FAM-C2F955D042CA,IS 12707
FAM-133FE89B0841,IS 12717
FAM-C2D0600034E8,IS 12719
FAM-934CAB8CD84D,IS 1414
FAM-5A98FDDF7E0B,IS 1732
FAM-B67139AE313A,IS 2552
FAM-754936F9C342,IS 2641
FAM-DEA964A997CF,IS 3419
FAM-175712F5A6F2,IS 3839
FAM-C3E0398A1892,IS 6966
FAM-6CD7A0EB966E,SP 36
FAM-C337E02319D9,IS 12621
FAM-6A0C8F18B07E,IS 12644
FAM-675F1DA1864C,IS 12674
FAM-E4FEF94831F7,IS 12680
FAM-CAA731385161,IS 12684
FAM-E7A17B96CFB1,IS 12685
FAM-364C3A33D4A9,IS 12693
FAM-52AAD67CF4DA,IS 12698
FAM-29EA238E8070,IS 12712
FAM-C63ECB4234DF,IS 200
FAM-B3798170B363,IS 3702
FAM-91581342918C,IS 392
FAM-48C2A34FA123,IS 4790
FAM-B55C74406D71,IS 4898
FAM-17F6966E95D1,IS 7187
FAM-729BE5CA2652,IS 7492
FAM-10E4043ABD60,IS 7493
FAM-3D748E7E7D8A,IS 7592
FAM-3B02EAEC723F,IS 8120
FAM-B360E499AC9F,IS 8529
FAM-EA10C583BA0E,IS 8949
FAM-B47F5F0280BB,IS 11297
FAM-5740AE073D98,IS 12537
FAM-D7ED0FB4442E,IS 12560
FAM-AF6E56B44E5C,IS 12587
FAM-D794AC22E4C4,IS 12612
FAM-E86576FEA32E,IS 12614
FAM-89FDE6170AA1,IS 12630
FAM-0F1D7ED45DEF,IS 12631
FAM-AE783B04E432,IS 12643
FAM-AD154D61D21E,IS 12667
FAM-8C54C984188A,IS 1553
FAM-474CFE15E3EC,IS 3513
FAM-674697E14BB0,IS 4139
FAM-E1891A7B4F8C,IS 6336
FAM-F7402B204B52,IS 7482
FAM-76588B54CE72,IS 7660
FAM-6432CA126C52,IS 81
FAM-730676F7E859,IS 8364
FAM-521C22F0BD0D,IS 12546
FAM-F74AB58CC972,IS 12601
FAM-90F3413E3028,IS 12606
FAM-9A378647F834,IS 12607
FAM-2661BDC12FB1,IS 12609
FAM-AA83FCFF405D,IS 12610
FAM-34A57A6D9D14,IS 12611
FAM-9F87A0B4D69C,IS 12616
FAM-1D731341F313,IS 12627
FAM-CE8353457C5E,IS 12632
FAM-3FE67B8AFFB5,IS 12651
FAM-B589F4CC61C3,IS 12652
FAM-58B764FCEA35,IS 12653
FAM-F8DD3B40413E,IS 12654
FAM-ECE748DD01ED,IS 220
FAM-C55EDE67127C,IS 291
FAM-2AC42643B8EE,IS 3349
FAM-7D3B40F1C11C,IS 576
FAM-58B4C9409502,IS 8948
FAM-0F983DCD6638,IS 12578
FAM-7CA732EF929A,IS 12579
FAM-94A51A761DED,IS 12583
FAM-67861657B0EA,IS 12595
FAM-C8F0F6F89E44,IS 12602
FAM-E53006833311,IS 12629
FAM-6CAFBDFD5121,IS 1488
FAM-3A0BBBAE8E43,IS 4574
FAM-195BDEDD39E8,IS 5416
FAM-E40227F5DA1A,IS 6337
FAM-E766A90B8FF7,IS 7421
FAM-5ADBF1088DBD,IS 9781
FAM-2D0C07E7EDA9,IS 12347
FAM-1133C4C05424,IS 12348
FAM-E5349D6D57FC,IS 12430
FAM-869B918EB01E,IS 12473
FAM-8724EF28D03A,IS 12475
FAM-1D9021472C33,IS 12542
FAM-6E0C4F3BAA3A,IS 12544
FAM-E97DE5CC0817,IS 12566
FAM-A07227F800F2,IS 12574
FAM-6B061530A997,IS 12577
FAM-BA892CF56F4C,IS 12581
FAM-7B17054DCDAE,IS 12584
FAM-C269F23B9E55,IS 12590
FAM-4BEE34AB363E,IS 12594
FAM-F186BA2DD98F,IS 12596
FAM-BA1B5A435D3A,IS 5893
FAM-FDADFF72CE74,IS 7330
FAM-1B247E716F39,IS 8483
FAM-EF1D2137205D,IS 901
FAM-939225191E09,IS 667 Supplement
FAM-C484F5249942,IS 12309
FAM-F5C45BADD8FE,IS 12519
FAM-1F4203FDB211,IS 12541
FAM-B264A34F1BAD,IS 12550
FAM-15201C776C8F,IS 12553
FAM-3228DBCE5D76,IS 12555
FAM-314352C3D8ED,IS 12561
FAM-01BE77EE3CB6,IS 12564
FAM-656BB86B2D97,IS 12569
FAM-79E6401571CD,IS 1554
FAM-B9A5D1176D3E,IS 3051
FAM-C9C62C46590C,IS 3067
FAM-C91F8B751603,IS 6494
FAM-A4DC25F239C8,IS 12303
FAM-72D9FE11C390,IS 12417
FAM-9EBEB18762DB,IS 12434
FAM-7209D0B30E7E,IS 12436
FAM-82F5D6529D8D,IS 12460
FAM-E7EC0388B739,IS 12478
FAM-64F73D222CEE,IS 12490
FAM-F6B3AA788B3E,IS 12506
FAM-4973711FC4A2,IS 12518
FAM-F6541E115A2F,IS 12529
FAM-62988D1E6FBE,IS 12551
FAM-F35BE8017DE2,IS 12557
FAM-19443921D866,IS 12559
FAM-9802A1E95B66,IS 5967
FAM-F5B4F7CAC7FA,IS 6697
FAM-BB1BB8ACADEA,IS 811
FAM-8808E5FBB7C5,IS 8508
FAM-9B51FAFCE018,IS 8794
FAM-178DB4366C93,IS 9503
FAM-44CA08CCA09B,IS 12512
FAM-0688EC28E369,IS 12524
FAM-64FAD7AA73AF,IS 4891
FAM-2AD5C4571365,IS 5924
FAM-C5D962AC07FF,IS 8017
FAM-F1A58C7FEE7E,IS 4321
FAM-00003DC31FCC,IS 12451
FAM-68E161AF4012,IS 12491
FAM-E42493DDAE6B,IS 2604
FAM-C7681804677D,IS 7030
FAM-2D39E76DE2E2,SP 44
FAM-54FD264C9ADC,IS 3583
FAM-F0A2128182F9,IS H3583
FAM-834DBB6B35E2,IS 12290
FAM-94A229D2E944,IS 12316
FAM-D5D428100739,IS 12414
FAM-98A27C778761,IS 12415
FAM-71F9339E824C,IS 12437
FAM-0310A4A65A3F,IS 12438
FAM-8FCFD27F6520,IS 1905
FAM-F25739C7EC44,IS 3390
FAM-834C609E334D,IS 3986
FAM-59DF59AD79B7,IS 9390
FAM-BB098DEE6958,IS 9636
FAM-F78D3AE75FB0,IS 12291
FAM-8CC949FC23BD,IS 12416
FAM-9665960F6413,IS 12421
FAM-87FA6BF5833A,IS 12440
FAM-6D0A9A0719E9,IS 11490
FAM-EAC109B35814,IS 12289
FAM-DA71E518248A,IS 12380
FAM-45F4E2D2B1F4,IS 12423
FAM-9C00EC5A41CD,IS 12522
FAM-058A0AE839F0,IS 1320
FAM-A168362FF316,IS 3588
FAM-71E01290D5B3,IS 5650
FAM-AC138758C1EC,IS 5653
FAM-D3F0734791BB,IS 7547
FAM-5F2EED38C703,IS 7556
FAM-687AF9F94DAC,IS 8190
FAM-260BB9F2CE85,IS 8227
FAM-F242A3F4F26C,IS 8499
FAM-85A8D70EC462,IS/QC 300000
FAM-310C0EEEB396,IS/QC 300401
FAM-1896FF9E993F,IS/QC 400100
FAM-67E0AF602EE0,IS/QC 400101
FAM-6D2F7231687B,IS 12543
FAM-F1FC2B1E273B,IS 11358
FAM-3ECA59CE77A4,IS 12317
FAM-0CC436FB2514,IS 12378
FAM-FD1334DA3126,IS 12379
FAM-D83158F52408,IS 12384
FAM-53002BA0EA9B,IS 12419
FAM-137E349C4491,IS 12497
FAM-660B7AF1DE8B,IS 12498
FAM-2AC2DA07C7C4,IS 12500
FAM-5782321A571B,IS 12510
FAM-70E0AACAE5F2,IS 12527
FAM-3A888EB0C92F,IS 12597
FAM-3119E258E129,IS 12603
FAM-AA1245BB5EF3,IS 2284
FAM-6D3E2F9DA446,IS 4226
FAM-B78DE10D0CCC,IS 10961
FAM-41827F81C681,IS 12288
FAM-291CC1E7C53B,IS 12331
FAM-F6C219DE1D39,IS 12388
FAM-8E5B44069782,IS 12499
FAM-84B959788284,IS 12507
FAM-0C6DB4A92C0D,IS 12515
FAM-66FC625AAA70,IS 3201
FAM-9D8D55BF8FBE,IS 4894
FAM-0B4BBBC17EB8,IS 5627
FAM-82CBC73F560C,IS 7135
FAM-6C2BCB0E8822,IS 7334
FAM-4E213CED58B9,IS 8528
FAM-704B25F46193,IS 9181
FAM-9BCEA4C0F3CA,IS 12277
FAM-23D452325923,IS 12325
FAM-ECF47B8925E5,IS 12332
FAM-01AC1C1E532B,IS 12462
FAM-E6F226BCC555,IS 12476
FAM-1291F2455472,IS 12477
FAM-EB799FF2C9A0,IS 12480
FAM-044530D7B5B8,IS 12481
FAM-F1F743D5CFB3,IS 12483
FAM-C338CAF7DFAF,IS 12485
FAM-EA55AEB205F6,IS 12513
FAM-6EEB391E1787,IS 2087
FAM-D52E978E6DCA,IS 4278
FAM-9FB56178B3B6,IS 5322
FAM-2CEE173D4B67,IS 6393
FAM-60BE05F0E6FB,IS 6508
FAM-1AFA001AD271,IS 7609
FAM-54FFEAF493D5,IS 9980
FAM-3107FCB29A25,IS 12093
FAM-6A9EA6EF9AB1,IS 12202
FAM-C1E06B7A18D2,IS 12248
FAM-D313D8007680,IS 12330
FAM-79B9CCE15A12,IS 12402
FAM-A2C8A1A21571,IS 12470
FAM-2FBE86DFEAD3,IS 12471
FAM-C1D256139044,IS 12472
FAM-1DA9FD03B698,IS 12474
FAM-ADFCE43D9E20,IS 2726
FAM-F052D76A7AD8,IS 3730
FAM-9FF68B03C71E,IS 4885
FAM-D60E3078E920,IS 6870
FAM-2616E157F07E,IS 7401
FAM-0C50A48D8DE9,IS 8996
FAM-3CD5108DF323,IS 9420
FAM-98A86C94FAF1,IS 12118
FAM-C0FE7C507844,IS 12231
FAM-B99198067ED2,IS 12251
FAM-6BAC30A2331A,IS 12276
FAM-3EC3F0088B61,IS 12314
FAM-8BD0AE308E39,IS 12443
FAM-FF51AB867F38,IS 12453
FAM-7A7149572375,IS 12455
FAM-46461913BF37,IS 5310
FAM-330CB2E7C1C9,IS 708
FAM-A72B7DBB1FAD,IS 7619
FAM-6D907200E177,IS 7993
FAM-07E9CD86FD9E,IS 8438
FAM-E0F47A685D83,IS 9553
FAM-CC00BAAD8F05,IS 9792
FAM-8F82A1ED18E5,IS 2180
FAM-E62B371726AE,IS 12122
FAM-AEF027F74835,IS 12208
FAM-3C1A9A2024F5,IS 12236
FAM-D6A79B9C251D,IS 12340
FAM-7C7502A94FF9,IS 12349
FAM-7FC1AA8F0F8B,IS 12371
FAM-FF9AADE8D645,IS 12403
FAM-932F3F281E26,IS 12412
FAM-4315CBC57CD1,IS 12413
FAM-4B6C5F961AD3,IS 12426
FAM-CD9B8A7D08A4,IS 12428
FAM-C819306ACC92,IS 12442
FAM-75673FA67FA4,IS 12445
FAM-63CE7B8369B3,IS 12452
FAM-DFD1889449AF,IS 12558
FAM-2E8BA7BDF9EF,IS 1471
FAM-F263F7BBA8F9,IS 2024
FAM-75F95CF782ED,IS 2305
FAM-C5A3FE1837EB,IS 2351
FAM-36EE86EFE03D,IS 3603
FAM-0E128A2AD244,IS 9193
FAM-C5E911A1D73D,IS 11456
FAM-15985DFCFB1F,IS 12183
FAM-3FBDFAFDB863,IS 12238
FAM-B6EAF4ED102F,IS 12389
FAM-3BE398413925,IS 12390
FAM-7F29EE7A3D8C,IS 12391
FAM-2934F392D82F,IS 12395
FAM-5A8A0848528A,IS 12397
FAM-90ECCD33B0F8,IS 12399
FAM-F360EB70221F,IS 12400
FAM-46136A26B95B,IS 12401
FAM-00827E42A7C0,IS 12404
FAM-1668890CC405,IS 12405
FAM-A736F73A75AC,IS 12407
FAM-B7B54AD36CD9,IS 2364
FAM-BC23A38C93CF,IS 4306
FAM-2CB0F83D0F02,IS 4481
FAM-10185E66B457,IS 7652
FAM-EE65ACC0D6CB,IS 8402
FAM-EA8FB07C1F95,IS 9342
FAM-C267F3F34005,IS 12141
FAM-B0BB6FA02E97,IS 12144
FAM-A79E18F7EFB4,IS 12146
FAM-B0BA7AA4F33E,IS 12170
FAM-FAF7C0BF7486,IS 12352
FAM-9CFDB9466DBC,IS 12353
FAM-49FCC1D2E5AA,IS 12359
FAM-581CCBA42B2A,IS 12367
FAM-F8219963B96E,IS 12368
FAM-1666F2C913E3,IS 12394
FAM-0CB12D26F7EF,IS 12409
FAM-4373A5F1148B,IS 12457
FAM-BEEA827596D0,IS 1871
FAM-4B29F024494A,IS 6057
FAM-9C3674B20944,IS 6476
FAM-C4784DB2875D,SP 45
FAM-9D5F1850D997,IS 11950
FAM-18739CB272AE,IS 12100
FAM-B90A8F871326,IS 12123
FAM-A5739334A68C,IS 12177
FAM-A8B305CA226D,IS 12188
FAM-96A8133D4924,IS 12296
FAM-CEE8374A5F26,IS 12297
FAM-4190B92FA864,IS 12298
FAM-9EF3F182C613,IS 12319
FAM-F478004EF576,IS 12321
FAM-47DBB21A3C2B,IS 12322
FAM-2E265549B6C4,IS 12323
FAM-558C62A72735,IS 12324
FAM-EF49B10FEA72,IS 12334
FAM-0863C8B6F43E,IS 12335
FAM-EECDD613A6E0,IS 12336
FAM-D0F7B9B66D36,IS 12342
FAM-802F7A378A75,IS 12365
FAM-79A228E6B4DA,IS 1483
FAM-B325D7C3E6AF,IS 2397
FAM-A9BFA8371591,IS 2835
FAM-338CB5096CFA,IS 3265
FAM-755635135F4E,IS 4432
FAM-1BDBBF9BBB5C,IS 6643
FAM-EF1082BBC340,IS 7565
FAM-D40481BD1629,IS 7608
FAM-A6343C2665DB,IS 8555
FAM-9FB01D6C1991,IS 8556
FAM-34D6236A0405,IS 11392
FAM-79A3ECA410D0,IS 12025
FAM-BA6482D2CEDA,IS 12074
FAM-D5446FB25B85,IS 12120
FAM-6F43CAB735F9,IS 12126
FAM-E02D766CFBDB,IS 12142
FAM-04402B0E5310,IS 12143
FAM-55F1FAB96210,IS 12169
FAM-F5E8A6265425,IS 12280
FAM-D0B1A9ADD847,IS 12281
FAM-340E890A11BB,IS 12302
FAM-05C808BBC7FA,IS 12366
FAM-56EB71C0D447,IS 12424
FAM-0D3D40E40E27,IS 1994
FAM-9251B510224B,IS 2995
FAM-1E05D2DD8C7C,IS 3052
FAM-FCC85AD50DCB,IS 3624
FAM-FF988526D50E,IS 3963
FAM-0B46D1DA4882,IS 6272
FAM-98DB3BC9F75C,IS 6475
FAM-F4FA594F2778,IS 7569
FAM-90FF28CE7525,IS 8006
FAM-5EBB4E05BD17,IS 8250
FAM-E1087339C6D2,IS 8784
FAM-690FF9702236,IS 5871
FAM-A631B52842F2,IS 10292
FAM-98F35CA9BC90,IS 11818
FAM-1E08F1A6CFB7,IS 12006
FAM-27BF9A52338A,IS 12048
FAM-D6669CDB00FD,IS 12068
FAM-CF38D2BF73CB,IS 12127
FAM-5E70455EE9A6,IS 12145
FAM-98C84971576E,IS 12148
FAM-FF2CDB75A72D,IS 12240
FAM-0E7C54D8C563,IS 12243
FAM-338C80FDB1B8,IS 12246
FAM-93D4249C097D,IS 12262
FAM-74371CFCFE35,IS 12307
FAM-6C6E6F62C89D,IS 1991
FAM-A579039412AE,IS 2700
FAM-DACC9EEA51BE,IS 2826
FAM-DBC0E591FD00,IS 3739
FAM-8698C45D6A28,IS 5693
FAM-53DB519B1B8B,IS 5703
FAM-AF40D3FB82D7,IS 5704
FAM-2FF65D8FC22A,IS 5705
FAM-74D88C9DEA21,IS 5710
FAM-12366E50410B,IS 6449
FAM-268618786396,IS 12270
FAM-B3FADE2BF587,IS 1028
FAM-2E8E2C77CB96,IS 10553
FAM-B95FDEB173FA,IS 12015
FAM-3F4CCEEF4334,IS 12017
FAM-68B6946C7129,IS 12043
FAM-A240AE4201D7,IS 12044
FAM-DAAF5DA6829B,IS 12053
FAM-8E8708CFC6C4,IS 12070
FAM-9A04E7495C03,IS 12073
FAM-372CD9ADF535,IS 12077
FAM-577CBAF1CB84,IS 12119
FAM-482450E68F27,IS 12135
FAM-31D80DAA16F3,IS 12237
FAM-16CC40A6AD0E,IS 12242
FAM-F0274F674C2E,IS 12250
FAM-F2B6A4390A13,IS 12261
FAM-BC8ADAA4B741,IS 12263
FAM-3A309353721A,IS 12267
FAM-5EEAB6EB7CD6,IS 12272
FAM-9387AC3EE18E,IS 12273
FAM-227C63DD5193,IS 2894
FAM-05D616A30595,IS 3288
FAM-0AFD3ADF17BD,IS 5359
FAM-4881D840203D,IS 5435
FAM-E28FD5622C7D,IS 736
FAM-B42BF6F4FDB8,IS 7834
FAM-00311E77239E,IS 11991
FAM-8A7F768552E4,IS 11998
FAM-90C6CFAEDE9E,IS 12014
FAM-C40F4BF1BF51,IS 12020
FAM-9CB8551820C9,IS 12034
FAM-1CC3644AD567,IS 12041
FAM-58DB34BF2CA4,IS 12046
FAM-BCF9FD532259,IS 12087
FAM-BD819BADBD49,IS 12089
FAM-CDF9B2088708,IS 12228
FAM-1E0ABAD10F0D,IS 12230
FAM-B7ECC689F6D4,IS 2606
FAM-19E389A1D57C,IS 4349
FAM-618AC47F1B50,IS 4563
FAM-3A82F9BA7126,IS 5488
FAM-96A0E91EDF28,IS 5570
FAM-F34FEAFDD049,IS 5651
FAM-FE990522907B,IS 6295
FAM-EA12E8C8A1AC,IS 9831
FAM-99E3ACB05225,IS H12264
FAM-CF1B323E691D,IS H12266
FAM-0516814F429F,IS 10241
FAM-2716C7A32F0B,IS 11902
FAM-D87CC6E22AED,IS 11996
FAM-F886D294A501,IS 11997
FAM-6D488CCD4CB2,IS 12003
FAM-34157950E607,IS 12005
FAM-C547AA8F13BA,IS 12013
FAM-F9FB3E288E3E,IS 12078
FAM-6915CF4DA1E0,IS 12079
FAM-198A7214C21D,IS 12080
FAM-A4C201C5AD0F,IS 12081
FAM-937995B8897F,IS 12204
FAM-2A91D47C3A21,IS 12212
FAM-1BF86DC0D1BC,IS 12214
FAM-EBDA769685D0,IS 12215
FAM-E0DCA20804F1,IS 12220
FAM-6F5A081513C6,IS 2031
FAM-08BC0B158EA6,IS 2678
FAM-B57C4BD6442E,IS 4975
FAM-5DF149DC7E0A,IS 5008
FAM-4B0BB3E52DBF,IS 5611
FAM-4F10DFADE3B4,IS 6601
FAM-6DB6C24715DE,IS 7517
FAM-F0F0518FA581,IS 8905
FAM-51CF6F65593E,IS 8907
FAM-5C028394DA16,IS 9541
FAM-63F0ABC9980C,IS 9802
FAM-31F990782FFB,IS 9848
FAM-115B25864F16,IS H12220
FAM-88A8E9812B00,IS 12199
FAM-9E4608F90FD5,IS 11914
FAM-11648230046C,IS 11925
FAM-4D05C73979B5,IS 11957
FAM-1F7FEE29406E,IS 11973
FAM-3033D90181FD,IS 12016
FAM-C164B8E680E8,IS 12019
FAM-4F1BEAC213CD,IS 12023
FAM-BDB206C8FD71,IS 12033
FAM-3AACFD2601BB,IS 12035
FAM-C55FAFFDE8F7,IS 12042
FAM-BB062048AD52,IS 12128
FAM-E39683A59F3B,IS 12162
FAM-832CA665CA62,IS 12163
FAM-3949C4BC789C,IS 12164
FAM-501087059C66,IS 12172
FAM-C729C93DFB06,IS 12173
FAM-09D2851030AB,IS 12549
FAM-8CBA91F3C832,IS 5197
FAM-E31350BFEEE8,IS 6820
FAM-01A40A942122,IS 8625
FAM-D66A3D24E2C5,IS 8648
FAM-608B0A10B22A,IS 8906
FAM-BF145753CBA5,IS 11972
FAM-07350C6FADB5,IS H12304
FAM-C8B3EC59289F,IS 11875
FAM-21B0954B2EE9,IS 11901
FAM-D410B0DF4576,IS 11955
FAM-0E5D1E51EC1B,IS 11979
FAM-12A1D1465195,IS 11988
FAM-AC5129DCF8A7,IS 11993
FAM-B2A8BAE1204E,IS 12007
FAM-BDFF8242C895,IS 12010
FAM-8831EEEB007B,IS 12140
FAM-5F38779D65E6,IS 12158
FAM-AF179FC97EEE,IS 12186
FAM-89BE386D7244,IS 12191
FAM-E1C00E3064C1,IS 12372
FAM-F4260E996F2F,IS 1758
FAM-4752D670E062,IS 1999
FAM-743BA3346872,IS 3680
FAM-53A61EE9DCF8,IS 4038
FAM-1D295247BDB8,IS 4541
FAM-B45642BF72FA,IS 5241
FAM-D20F82BC1A59,IS 5467
FAM-02235D3D83D4,IS 7921
FAM-BC69E9934559,IS 7922
FAM-999A86A16CAA,IS 8233
FAM-E16C539F08D9,IS 8634
FAM-B6F21211E57C,IS 9201
FAM-4DDDFD823319,SP 34
FAM-D9A55CAF2366,IS 11872
FAM-C1629BDCB02D,IS 11876
FAM-5EAE259D12D7,IS 11915
FAM-B49AD6439179,IS 11931
FAM-C5C60916D012,IS 11942
FAM-A7A3E4D5A6F0,IS 11946
FAM-835396A22AC7,IS 11947
FAM-4D3D244D65D8,IS 11952
FAM-AF5290FE082A,IS 11961
FAM-405D1E8010A9,IS 11976
FAM-B2EDD4EDE2BC,IS 12098
FAM-D8A58058FC66,IS 12099
FAM-7C357A610C1C,IS 5269
FAM-FB1A6F9D522C,IS 5319
FAM-CECF26591BD6,IS 5634
FAM-E0A626EB166C,IS 5968
FAM-0E5BFD6F9CCC,IS 6290
FAM-42BBAFDB3A9A,IS 6446
FAM-1CAFAA812AF9,IS 7367
FAM-1CCB204973D5,IS 7399
FAM-066063A30D42,IS 8229
FAM-DC3652B73B41,IS 9847
FAM-6B50C6B4C5C2,IS 4911
FAM-61E97DE0DD9D,IS 11871
FAM-C892DE5F7BA2,IS 11879
FAM-4643F34AAAF0,IS 11890
FAM-FB61ADDD261B,IS 11896
FAM-A0219D4F0DFF,IS 11897
FAM-209C8B1317C3,IS 11944
FAM-91C99B71A779,IS 12096
FAM-77C34BBABA31,IS 12101
FAM-CC29979C73BB,IS 12104
FAM-572906254B33,IS 12115
FAM-80821D156113,IS 12116
FAM-0443F66DF74D,IS 12133
FAM-FA522934A02D,IS 12134
FAM-D91D0A2D8409,IS 12152
FAM-62E1B02BF1EA,IS 12153
FAM-4CB37B15230C,IS 12166
FAM-8E0D620E4C2E,IS 12167
FAM-84ED8EB63AF5,IS 12168
FAM-7D436B32F301,IS 12184
FAM-CE02BF2ADF00,IS 2430
FAM-657E21CB0030,IS 2590
FAM-97BEC723D0E7,IS 4862
FAM-728D5B57666B,IS 4878
FAM-EC400E5D3217,IS 5047
FAM-2D059D17561C,IS 6762
FAM-8FDB9FF30452,IS 7998
FAM-758AE0D7F9E1,IS 8691
FAM-870619B20754,IS 11640
FAM-586002A68E77,IS 11714
FAM-401CBC9D93BD,IS 11781
FAM-2F4ED09600A7,IS 11813
FAM-06208BD24E93,IS 11833
FAM-E6286F6C9736,IS 11857
FAM-9F715ACDAB2E,IS 11861
FAM-C8C957554FE5,IS 11870
FAM-8A7A8671A513,IS 11880
FAM-DB49F03371B0,IS 11884
FAM-9EE2B6874CEE,IS 11893
FAM-151A754A7559,IS 11894
FAM-52BD0A33D64F,IS 11898
FAM-CDA0E4DD47AE,IS 11899
FAM-FA6BFF930D1D,IS 11906
FAM-94452D8B7D3B,IS 11907
FAM-8A3A360C6F12,IS 11911
FAM-6E2564C5DE69,IS 11912
FAM-9218C2091E8E,IS 12088
FAM-A6D7FFB6F16C,IS 12105
FAM-5AB01C836F14,IS 12106
FAM-F88A81F082FE,IS 12108
FAM-5FBB0D67D436,IS 12109
FAM-877CE2E32E62,IS 1572
FAM-7F872520A175,IS 2633
FAM-ED3779B659D6,IS 3948
FAM-C2DD51E09D00,IS 6573
FAM-936177DF1E6D,IS 6574
FAM-D52696CC7D06,IS 6575
FAM-F436901B5E8A,IS 7201
FAM-D0CCEE17BED7,IS 7446
FAM-AC04B68DE285,IS 11803
FAM-369B82A94435,IS 11804
FAM-84CBDA158032,IS 11828
FAM-3CE543A9DF78,IS 12047
FAM-6CEF7D539F03,IS 12060
FAM-9A727EFFBCF6,IS 12091
FAM-85E0EA09ADFB,IS 12103
FAM-2A59C9622782,IS 1771
FAM-164CD334033E,IS 2811
FAM-1612A4E026B3,IS 3228
FAM-25753DE634C0,IS 3476
FAM-FD997DB6EC77,IS 3927
FAM-043B70DF145C,IS 3928
FAM-0C8D5712594A,IS 10316
FAM-73DBB07E214F,IS 11697
FAM-A91894087A12,IS 11730
FAM-CE757A66133D,IS 11746
FAM-BCDB1070581A,IS 11747
FAM-A4DE3F38D3E0,IS 11749
FAM-82A40661DD68,IS 11750
FAM-0F6BD688B624,IS 11756
FAM-8E090AF299A4,IS 11759
FAM-529C5B1906CF,IS 11771
FAM-39B115F1B37A,IS 11788
FAM-A47F0EBC9D91,IS 11793
FAM-CCECA5522F98,IS 11812
FAM-3E5D289141E1,IS 11826
FAM-6A3E85918FBD,IS 11844
FAM-A5533BF5F197,IS 11934
FAM-E6C20D26D327,IS 11935
FAM-AD1BEA1FC878,IS 11936
FAM-4EC2085F0842,IS 11937
FAM-6DEAB15E54EB,IS 11938
FAM-F6909E84FC64,IS 11940
FAM-E71ACB9DD250,IS 11941
FAM-DC094D67C48A,IS 12056
FAM-EBC28B59801D,IS 1332
FAM-B513E7710E73,IS 2193
FAM-0E963FF204CC,IS 2416
FAM-E25512B6CEBF,IS 3145
FAM-D1EF0D878B92,IS 4240
FAM-12AE05C49F08,IS 4522
FAM-B60B3C07D098,IS 4580
FAM-729A52FC5EBA,IS 4736
FAM-8D35CBBB60E0,IS 5974
FAM-8F4759ED6370,IS 7181
FAM-F3319E813705,IS 7364
FAM-227D3FF11738,IS 7593
FAM-A849287A8E34,IS 9603
FAM-58F404F6A7DC,SP 33
FAM-854AB8EBB455,IS 10126
FAM-45FC877E69D4,IS 11748
FAM-C3FC29DBB049,IS 11753
FAM-9F6DDD761413,IS 11755
FAM-722452FBA3AD,IS 11774
FAM-FAF21839DAE9,IS 11775
FAM-37E177887D68,IS 11785
FAM-C8DECB36B016,IS 11786
FAM-4D8B6F15783F,IS 11974
FAM-2260C46CE8B4,IS 12351
FAM-CF66E5A8523A,IS 5787
FAM-82ABF41CE821,IS 5788
FAM-8444F637A3DE,IS 6071
FAM-20408A73FD9F,IS 6186
FAM-42F441F79217,IS 6763
FAM-334085AD325A,IS 3384
FAM-858374AF2465,IS 11622
FAM-18B7E744AA3F,IS 11643
FAM-105597472F7D,IS 11658
FAM-A8ACD38565C6,IS 11690
FAM-7CA349A912F4,IS 11707
FAM-D15026E9D56C,IS 11731
FAM-3F328EAF189F,IS 11846
FAM-D4873C68C532,IS 11847
FAM-3366517EBE19,IS 11848
FAM-C653E0F776BD,IS 11949
FAM-BCA06B47AC5D,IS 11985
FAM-888DB5706173,IS 1821
FAM-A8ECCFC46736,IS 2037
FAM-5053363B153E,IS 3068
FAM-BBFDD35C1994,IS 3629
FAM-B372A0607FD1,IS 4588
FAM-F93CD3C4E44B,IS 4816
FAM-68EFBC31940B,IS 6378
FAM-C6E96C4CBB0D,IS 8431
FAM-0A112E0496F1,IS 3037
FAM-A30372FC35D2,IS 11570
FAM-2C6A38E2B498,IS 10634
FAM-0E141295D8A7,IS 11531
FAM-C5B04CA51A8F,IS 11588
FAM-C43A8B208734,IS 11589
FAM-F4008EEDE9DD,IS 11629
FAM-B888F7FB918F,IS 1164
FAM-89B8C14CAE15,IS 11656
FAM-C51E18023B48,IS 11687
FAM-031A2E8DB683,IS 11768
FAM-C05592EA9948,IS 11838
FAM-17CCAD44102F,IS 11842
FAM-F9499C30A391,IS 11984
FAM-9951470FA444,IS 1624
FAM-180FED7DEB73,IS 1628
FAM-A2C675C64A32,IS 1837
FAM-4359BDDA50C0,IS 1945
FAM-E9C9D25E3CCB,IS 2877
FAM-8ACB23A0093D,IS 3182
FAM-9577F12E1ADE,IS 4517
FAM-D95B4334D6AA,IS 4668
FAM-B18593860045,IS 5598
FAM-8126D82BBB22,IS 5981
FAM-4E283D75A8F3,IS 6292
FAM-F27BD6E23075,IS 6401
FAM-5E8B677647C9,IS 7809
FAM-7A7565CB0C03,SP 32
FAM-EFC68FAE053A,IS 1106
FAM-801442052F6E,IS 1107
FAM-E5ED49BCA13C,IS 1115
FAM-E8BA6E31FADB,IS 11414
FAM-0B6CC21082C9,IS 11428
FAM-761A42F37E27,IS 11537
FAM-7C7616AEF7C4,IS 11541
FAM-593D4AA96812,IS 11548
FAM-62DB59726D33,IS 11550
FAM-ED8CC5D15B55,IS 11587
FAM-7EE8C9DCF1B0,IS 11607
FAM-C22684200CC1,IS 11625
FAM-CC7F6BEF1318,IS 11655
FAM-3E478BE4EEFE,IS 11691
FAM-41C60A6340B5,IS 11722
FAM-9D868B3B50D7,IS 11874
FAM-6E673AF55EAE,IS 11953
FAM-E116375DAF5E,IS 2132
FAM-B613A7C7F797,IS 2953
FAM-E73100057377,IS 3075
FAM-22DFE34D47EC,IS 5582
FAM-695F8B32CA48,IS 5715
FAM-0F3919BDC43C,IS 6376
FAM-EADD6B681A88,IS 6447
FAM-534CA660641F,IS 7223
FAM-B94CC8BB3340,IS 7677
FAM-A8E17FF38D85,IS 7740
FAM-3B93F37CEAC8,IS 8503
FAM-1B60FB16373E,IS 9475
FAM-CC59E6097036,IS 10905
FAM-7EAF2B1C6F92,IS 11433
FAM-FA86EABDAFAB,IS 11467
FAM-98E0C3457A81,IS 11534
FAM-BADEE123EF9A,IS 11606
FAM-B2C9EC5B6FEC,IS 11854
FAM-F9ABA1E1DE1F,IS 11863
FAM-4EEF7201DF5B,IS 1708
FAM-C207E8F1F694,IS 3464
FAM-119075199412,IS 3890
FAM-6B31557AE093,IS 4071
FAM-B4D4B123DB5D,IS 4101
FAM-6E131FF7450C,IS 510
FAM-E6AA99BB1E4E,IS 577
FAM-3191AE9491CB,IS 5779
FAM-56FE153E9406,IS 7343
FAM-0E2F02C6EA61,IS 7381
FAM-DEF3B609A767,IS 7563
FAM-3F84B1E92158,IS 11447
FAM-4D21A7085CE3,IS 11574
FAM-B0E852E7FF58,IS 11575
FAM-1B63CC1B80D0,IS 11578
FAM-8DA0FED6A9EC,IS 11579
FAM-8870E8211A5E,IS 11608
FAM-352C496BE9B0,IS 11745
FAM-86A06D0D67C3,IS 11823
FAM-89E76377E52B,IS 11831
FAM-6AB34063EBE7,IS 11843
FAM-CFC8E1B93B6B,IS 2251
FAM-E0E98DE2CCC8,IS 3302
FAM-ABCD3C698B62,IS 3673
FAM-3F56E89354DF,IS 3744
FAM-B2C090610120,IS 4631
FAM-189BFE81C6B7,IS 5314
FAM-C1722045AFCB,IS 7362
FAM-9655595D1FA4,IS 926
FAM-28424E76CD28,IS 10135
FAM-400DF05415A1,IS 11087
FAM-164C57316230,IS 11397
FAM-17BBD5F5E505,IS 11581
FAM-42EB13141A5B,IS 11598
FAM-FD15010BEBFB,IS 11641
FAM-343706EB2C0B,IS 11663
FAM-0DB42B14B17F,IS 11694
FAM-43B949C00E8F,IS 1178
FAM-84DE4C254B24,IS 11791
FAM-F07044098545,IS 2294
FAM-DCEC06430DEC,IS 28
FAM-5B0A9B39ED5D,IS 3535
FAM-40979A361770,IS 4319
FAM-5B7A1D0EFF02,IS 4876
FAM-10313D848414,IS 6652
FAM-25A44FDB872D,IS 7474
FAM-9E028E9A6E19,IS 7487
FAM-DA90600DE337,IS 8287
FAM-4C1B4DC98268,IS 10212
FAM-C5D676B4EC2A,IS 1080
FAM-97D30667297C,IS 11444
FAM-D0DFEB19FAE1,IS 11445
FAM-70C59E65F5C9,IS 11462
FAM-C5490A4C008B,IS 11669
FAM-67D29D2C4111,IS 11728
FAM-60409CAD31FA,IS 11729
FAM-B7AA5153179F,IS 11741
FAM-31E617E44D03,IS 11829
FAM-9F18B2E1DCD7,IS 1759
FAM-F9038E3294B2,IS 2732
FAM-88C62684844B,IS 4771
FAM-048F261B50A1,IS 5794
FAM-493F966B00C2,IS 6242
FAM-E2864F39332B,IS 6284
FAM-590A689D67EC,IS 6642
FAM-52245BA8D910,IS 6644
FAM-3D72990898CB,IS 6656
FAM-7F165181C936,IS 6676
FAM-1BD3D402B7C6,IS 7992
FAM-09219961D1F0,IS 918
FAM-29C9AFAC0229,IS 11476
FAM-8B68A78770BE,IS 11483
FAM-64B0A13F6637,IS 11491
FAM-7598CF9E0D04,IS 11511
FAM-A55B9CD62BAC,IS 11514
FAM-98A8BA3CB6CE,IS 11519
FAM-0B35B826B69E,IS 11540
FAM-0404C9349D58,IS 11684
FAM-36F37EB69CE9,IS 11708
FAM-BA4ACB3E4C7F,IS 11742
FAM-6497ED44DAF3,IS 11757
FAM-DCD7D8D4DA09,IS 3129
FAM-CA9050915F5A,IS 4008
FAM-2C1AD73CF2AE,IS 5347
FAM-1C011F9E64F8,IS 5745
FAM-DDCBCF62356B,IS 5790
FAM-115FA4127F15,IS 6445
FAM-B085090E99AB,IS 6701
FAM-B259CE41A2D2,IS 7498
FAM-FF50E008510A,IS 7721
FAM-68CCD161B3E5,IS 10182
FAM-281AAC249468,IS 11305
FAM-E7EC91823BA8,IS 11326
FAM-6798A84D7801,IS 11387
FAM-5D94100B78DD,IS 11466
FAM-07427DC6A11F,IS 11487
FAM-F5C1C6297B5F,IS 11493
FAM-5DF73F74A6FE,IS 11494
FAM-B9BF294B9248,IS 11495
FAM-550F2EB92312,IS 11521
FAM-72316A18FBC2,IS 11683
FAM-B9266045AA9B,IS 11699
FAM-3386B2974B66,IS 11766
FAM-F61E2D72F048,IS 2452
FAM-2E377123BF22,IS 2586
FAM-72745D89855A,IS 3728
FAM-45574683480A,IS 5177
FAM-9AA616B837B7,IS 5809
FAM-30D89347DE99,IS 5810
FAM-6BACE961FBF6,IS 5956
FAM-D88B5229D849,IS 7605
FAM-EA31FA073FB2,IS 783
FAM-2BC92F5956A3,IS 11383
FAM-9039A779B610,IS 11399
FAM-DA31CC1723A0,IS 11429
FAM-7C19B4EE08F5,IS 11454
FAM-5B14F49F6BE6,IS 11457
FAM-4148EAC0B0CC,IS 11460
FAM-9A9D5006BDF2,IS 11470
FAM-3465ED7710E7,IS 11472
FAM-FE3C0BF220B2,IS 3655
FAM-F368B12394E2,IS 6041
FAM-39B1971A43D9,IS 6287
FAM-8CE3BE565A69,IS 6411
FAM-6582822DA000,IS 6802
FAM-7F811C545311,IS 8252
FAM-60685C7B2305,IS 8477
FAM-D0D04A9BAE90,IS 7012
FAM-7378A106C3D1,IS 11296
FAM-B284AF1EFE7E,IS 11350
FAM-52B6D733C10D,IS 11357
FAM-387690F96EDD,IS 11373
FAM-1F0E2A648F32,IS 11396
FAM-5B4BFE1E4C22,IS 11430
FAM-6F7526DACA03,IS 11431
FAM-719B44A280D2,IS 11451
FAM-A232153498DC,IS 11568
FAM-7813BA75341D,IS 11616
FAM-47CB4DDE59F9,IS 11618
FAM-A23AE8B249D7,IS 11619
FAM-D4C32AA55452,IS 11642
FAM-5EF417AD3DD8,IS 11649
FAM-7087F0D15F19,IS 1466
FAM-842E613594E9,IS 5441
FAM-9B4C70074882,IS 5505
FAM-BD53E788CCE5,IS 5863
FAM-9ACAD534C79C,IS 6649
FAM-004B49A3A364,IS 8531
FAM-029A4B5AF674,IS 947
FAM-F093EC0EFB57,IS 10028
FAM-B9DA3FF0BF07,IS 11334
FAM-AAE246E3DE1E,IS 11367
FAM-6343CBA9C666,IS 11368
FAM-7F1F3616A977,IS 11374
FAM-3465DF58C948,IS 11393
FAM-EE8C2BFAA54E,IS 11524
FAM-DA4619CA475C,IS 11613
FAM-3EB5B15A57CD,IS 11614
FAM-BFBA2E55F8F9,IS 11648
FAM-AA246B065430,IS 1711
FAM-A09BA49BE928,IS 5255
FAM-88BB15FA45B7,IS 6630
FAM-48E51A47D080,IS 7090
FAM-3B74715B5793,IS 941
FAM-F883B491D82E,IS 11224
FAM-3FCCE920FC2D,IS 11272
FAM-BB5273787986,IS 11299
FAM-04982EACEFF3,IS 11301
FAM-9036EFE0563A,IS 11359
FAM-FF53C8F54B10,IS 11407
FAM-E9CC181E6684,IS 11413
FAM-A337933672A7,IS 11416
FAM-0E1FDA82ED6B,IS 11535
FAM-AD413AF89273,IS 11817
FAM-8BFBED6B59E8,IS 2470
FAM-658B94F0D21E,IS 2990
FAM-6BD409461E2A,IS 3241
FAM-330CDEF369E5,IS 3587
FAM-A74A95757FC2,IS 4158
FAM-52F8E864D5D8,IS 5169
FAM-0E31D61AD9C5,IS 5953
FAM-0F74D45F34E3,IS 778
FAM-5A9BA41B8674,IS 9063
FAM-9AA34FF263DD,IS 11075
FAM-DB19926C9356,IS 11077
FAM-A59AA5296EC9,IS 11260
FAM-2334E285BCFD,IS 11269
FAM-75E352EA24A4,IS 11271
FAM-C92E18175984,IS 11277
FAM-FE98AE9521C5,IS 11288
FAM-9FE6589B29E9,IS 11321
FAM-F2516833427B,IS 11336
FAM-ADD361B9A7DD,IS 11439
FAM-613D06CA7FF3,IS 11517
FAM-0832ECB9264B,IS 11547
FAM-04ED5396774C,IS 11562
FAM-3E5433E0A82E,IS 394
FAM-C2D34D2EFB86,IS 4930
FAM-B1CFB9D3895F,IS 5578
FAM-48C349A41DB8,IS 8038
FAM-537CFFE05EC4,IS 10722
FAM-56D67291DD63,IS 11223
FAM-8A0A26826104,IS 11263
FAM-D0A1F37FDE3E,IS 11265
FAM-BE52336283FE,IS 11266
FAM-F7F9278DCD38,IS 11267
FAM-386D1226D6B6,IS 11270
FAM-F8044D718452,IS 11275
FAM-3195FF0EBC16,IS 11276
FAM-8629736F1704,IS 11292
FAM-6355A223E399,IS 11496
FAM-A58ED8580441,IS 11668
FAM-05625E3EE033,IS 4208
FAM-F063FBD609D5,IS 5070
FAM-977BEEDAC82B,IS 5985
FAM-40014225FD14,IS 620
FAM-DF6CD3F49ED5,IS 6641
FAM-9001BC675030,IS 7322
FAM-0B90B0419E38,IS 7497
FAM-8D12F4BAE66D,IS 11206
FAM-550EA7C5E869,IS 11216
FAM-151C6DC25E0F,IS 11222
FAM-934CC656F174,IS 11234
FAM-45B8B9F45BAC,IS 11235
FAM-DB32059209A4,IS 11236
FAM-3B84DA706058,IS 11240
FAM-2DA089BF827A,IS 11256
FAM-642739E4F803,IS 11261
FAM-DCE156DA87AF,IS 11262
FAM-3600345C9D41,IS 11264
FAM-AA18350AC618,IS 11284
FAM-AF9CD8A53253,IS 11394
FAM-004BB3DCBCAD,IS 11436
FAM-0CA460D239DE,IS 11438
FAM-FE32AC6AD617,IS 11458
FAM-53FF7E84B1AD,IS 2186
FAM-431575945CC6,IS 4334
FAM-6D9CB201F6BF,IS 4335
FAM-23597A7BBC23,IS 5486
FAM-A55CF0FB6F3B,IS 6026
FAM-9EDA1FC2F49E,IS 6243
FAM-5C64129CB5F2,IS 11185
FAM-BB6BB54830F6,IS 11186
FAM-3B0875F7040D,IS 11210
FAM-317E76B5F872,IS 11211
FAM-8AA0337F22FA,IS 11212
FAM-968C949740BC,IS 11221
FAM-A48382826050,IS 11231
FAM-BB7024F2B78A,IS 4779
FAM-7B20AE47AD72,IS 6509
FAM-E334478837B6,IS 7166
FAM-7B212FB1A85B,IS 11200
FAM-76C7148B860C,IS 11204
FAM-6DD9812427A0,IS 11208
FAM-BBD4F15CC6CD,IS 11219
FAM-8088CD8513DC,IS 11232
FAM-A23220B77C8B,IS 11250
FAM-8D5D08F873E7,IS 11251
FAM-04F0D448918A,IS 11369
FAM-F5C292D33B75,IS 11379
FAM-F09942CD9680,IS 11381
FAM-F923B29C1024,IS 11421
FAM-68A95938BCA2,IS 11664
FAM-F87D5A6CBB46,IS 3731
FAM-3B8F5267254A,IS 4366
FAM-19CC3B365679,IS 4422
FAM-FEBFB28B0262,IS 4895
FAM-834E9D5CA618,IS 6189
FAM-985107438837,IS 6320
FAM-5FA3CC60B20A,IS 7923
FAM-275A31B47FE1,IS 8013
FAM-33BC83AEB5A4,IS 9561
FAM-C3D8EE5F39AB,IS 6350
FAM-D33C20837DEC,IS 10143
FAM-B3FF208A744E,IS 1076
FAM-7CBC8B53571A,IS 11191
FAM-C4F342BE911D,IS 11192
FAM-592D6CF8526C,IS 11253
FAM-A6693B6E3DF3,IS 11316
FAM-7BBC398F9057,IS 11317
FAM-C8D367983306,IS 11339
FAM-56F4F98CB380,IS 11372
FAM-A92EE4B8CA59,IS 11441
FAM-DB69A9E70B76,IS 1394
FAM-930789A58467,IS 2426
FAM-852E6BED8A5B,IS 3757
FAM-235EA4E01390,IS 3920
FAM-90DDE4A7B128,IS 5996
FAM-E4D58CD59C51,IS 8511
FAM-6B8BE8DC17AC,IS 11174
FAM-6B4F0C62E8BF,IS 11176
FAM-BC92DD2AD105,IS 11177
FAM-3115A72EAAE3,IS 11181
FAM-6742200D2D3D,IS 11325
FAM-2C7CFD895CD6,IS 11344
FAM-D08906CD78D3,IS 11345
FAM-9383F2B4AECD,IS 3571
FAM-C08B87B367B3,IS 3578
FAM-E87C605ED4D7,IS 3610
FAM-5078AE0A54B5,IS 4704
FAM-B73082046F4E,IS 4705
FAM-34C46F937754,IS 4799
FAM-9D10863C1B06,IS 5954
FAM-5F0662A2FA57,IS 6740
FAM-361A70E0ADB7,IS 6750
FAM-6BEC111BED07,IS 712
FAM-1CE6A43513E7,IS 7225
FAM-4925D8022867,IS 7358
FAM-C6E18B269EB8,IS 11130
FAM-68E910253A65,IS 11152
FAM-5703788C240E,IS 11242
FAM-5778989AED81,IS 11243
FAM-7311212E93D7,IS 11278
FAM-215CFD3FB4D7,IS 11294
FAM-86AB024C9F47,IS 11319
FAM-3AE439446515,IS 11362
FAM-E3E89F39D038,IS 2043
FAM-EDC67CC40574,IS 3455
FAM-56348473435A,IS 4714
FAM-BEDAC44A7252,IS 6080
FAM-D3655B6A943A,IS 6081
FAM-788BD1551C92,IS 6082
FAM-0E2D66FE9636,IS 6832
FAM-C99EBBD19188,IS 9608
FAM-09EB0362F71A,IS 9610
FAM-9D72E180B93F,SP 1650 Supplement
FAM-5CC85A152948,IS 11108
FAM-48E5E10BDF88,IS 11131
FAM-F0F238EA60AF,IS 11134
FAM-C8A9E1FF6E68,IS 11151
FAM-BFABA523BE91,IS 3005
FAM-200B33D0E3B0,IS 4900
FAM-FD4A9EAAE78C,IS 8114
FAM-4E465496A4A9,IS 8173
FAM-327795347C75,IS 11083
FAM-BCCEE0F1CC2D,IS 11091
FAM-37F2D318962E,IS 11096
FAM-266BFD92FA49,IS 11099
FAM-2C81672E6E86,IS 11100
FAM-11C301F90F98,IS 11101
FAM-2FF14EA72882,IS 11106
FAM-7E4C54162CD5,IS 11109
FAM-F36760DE6ABC,IS 11112
FAM-5211B8FC517B,IS 11116
FAM-3E0FC385171F,IS 11117
FAM-9E0A6821056C,IS 11123
FAM-44CAEF24944B,IS 11124
FAM-30EDEDFAA21B,IS 11125
FAM-41BA32BFD162,IS 11126
FAM-3A6BEACC2639,IS 11249
FAM-4D53E5CE97A1,IS 1811
FAM-7D9230E27CC8,IS 2441
FAM-7491B9F74269,IS 2858
FAM-F7F657EA0F01,IS 4996
FAM-15AD58D425AB,IS 5761
FAM-827AB82F3EAA,IS 6158
FAM-C96D385EAE35,IS 6332
FAM-B583A044014B,IS 781
FAM-884DD1AAAA6C,IS 8272
FAM-AD0927672455,IS 8712
FAM-866333CAFCB7,IS 10014
FAM-C98B7F3D339B,IS 11076
FAM-EF22BAAE850D,IS 11079
FAM-1B28823280B7,IS 11089
FAM-9D7BCF44B51D,IS 11165
FAM-51C625305062,IS 11505
FAM-C3EEE654D4DD,IS 1751
FAM-F25285C71945,IS 1975
FAM-C57AD8A4B5FA,IS 2065
FAM-DC8C8F4B3295,IS 2275
FAM-9F0F8BC5EE5A,IS 3889
FAM-E667885D8E27,IS 4643
FAM-0FB78EE09DE1,IS 5330
FAM-52FCD83C1573,IS 11095
FAM-0115C868C538,IS 10974
FAM-299BF88BC75A,IS 10998
FAM-BC08D3D86950,IS 11057
FAM-E099FBDC42FA,IS 11058
FAM-30CD76143F8A,IS 11067
FAM-FE89919A8848,IS 11068
FAM-2755B8075C3F,IS 11170
FAM-CBB4B2D9B27A,IS 244
FAM-D8771D46A8D5,IS 2925
FAM-DD5D0C56A9DC,IS 3112
FAM-C002DC54A2B4,IS 3846
FAM-5F355A09AFFE,IS 3876
FAM-BA7545F73BA9,IS 4273
FAM-EC310B013577,IS 5576
FAM-AED4E6C46EA6,IS 5671
FAM-841F34785223,IS 5751
FAM-EB2B33FFDCDE,IS 7172
FAM-F9436091DFFB,IS 10869
FAM-856FB11C46CE,IS 10918
FAM-9BD69796543E,IS 11001
FAM-7DE099076549,IS 11020
FAM-7236FB8531A1,IS 11046
FAM-6272D6690C35,IS 11107
FAM-B555B564B7DD,IS 11147
FAM-884AEB2BC341,IS 11183
FAM-13F1F1C1A589,IS 1255
FAM-0AE8275C900C,IS 1305
FAM-2B9E7894F93D,IS 2528
FAM-E3010AE6AAB0,IS 553
FAM-4B3D435B166E,IS 7978
FAM-F83034FC64DD,IS 7979
FAM-0DB038630411,IS 11007
FAM-5CAA0B587288,IS 11008
FAM-47430321EAFA,IS 11013
FAM-7CE40502F6C6,IS 11015
FAM-1F393C94EE95,IS 11023
FAM-259738998AED,IS 11035
FAM-14CA49B1B672,IS 11036
FAM-2923913A2969,IS 11127
FAM-F382EAFB8D5B,IS 11133
FAM-14BB03FDB9AE,IS 11143
FAM-22E98CEF9B04,IS 1709
FAM-ECA0D4F444D8,IS 2520
FAM-15C44F6BC751,IS 2521
FAM-6C9CD507DDED,IS 3180
FAM-0FE63F08146D,IS 5164
FAM-B67D4852F00B,IS 6770
FAM-DA0074780DED,IS 10604
FAM-32DCE8C1A956,IS 10890
FAM-70513ED5BC7F,IS 10893
FAM-CB84F8E24458,IS 10945
FAM-4934DC98ED88,IS 10975
FAM-F072A69036E0,IS 10979
FAM-AFAE440190E0,IS 10993
FAM-C2AD2BB0B698,IS 11138
FAM-03C97DAB04F2,IS 1630
FAM-739FEB76A2EB,IS 1834
FAM-5E66BF4FBC9A,IS 2366
FAM-A45D0A818F7D,IS 2394
FAM-A9AAF75FC60C,IS 2465
FAM-AB2057D01C95,IS 3434
FAM-940767F93BE4,IS 3929
FAM-C5E81554342D,IS 4712
FAM-406916A9D3EA,IS 4981
FAM-4A5207EEDF69,IS 4982
FAM-76707A8E6A60,IS 545
FAM-E2F2A2930A69,IS 7728
FAM-E80117FC9FE5,IS 10821
FAM-0F5716C8D602,IS 10824
FAM-D9C1708C4166,IS 10894
FAM-BCC6133128D3,IS 10907
FAM-34E06EA6077B,IS 10932
FAM-62F10315B74E,IS 10933
FAM-0A056ACD1DC7,IS 10947
FAM-D53EB0983C8A,IS 11018
FAM-D4A0251F3A99,IS 11029
FAM-19CA248F7C00,IS 11038
FAM-C2052D7AAD43,IS 11073
FAM-49422412D471,IS 11103
FAM-3167FB33EE7F,IS 1316
FAM-E4EAAB435489,IS 2010
FAM-F8BCE0F959EE,IS 2011
FAM-BDE8E25A743E,IS 2527
FAM-D37350B9BADC,IS 2767
FAM-25E5D55B489D,IS 4719
FAM-375F12C83654,IS 5390
FAM-AA02FC93DB95,IS 5831
FAM-80A4F59E6065,IS 10768
FAM-BB3E40E95C8A,IS 10769
FAM-E9CDABBF2524,IS 10770
FAM-9E652D5FD746,IS 10811
FAM-A01B2E6301DB,IS 10850
FAM-3953DD5EE870,IS 10871
FAM-7F39729D1CAB,IS 10920
FAM-FB5EE8F3B70C,IS 10948
FAM-1FF4A561BE0B,IS 10984
FAM-DFCEED7AF2A8,IS 10995
FAM-E503926D74D1,IS 10996
FAM-6090E67DCFB3,IS 11002
FAM-4082F28A61C3,IS 11011
FAM-4083BBA9DA65,IS 11016
FAM-0B84B2D3E6EB,IS 11026
FAM-DC7572759ED4,IS 11043
FAM-B35349333874,IS 11044
FAM-60E9357EE546,IS 11045
FAM-E1C4C984A9CE,IS 1389
FAM-A7D38CE98711,IS 1742
FAM-B7A666995CD9,IS 3582
FAM-9E6152D4CD86,IS 10845
FAM-26BB517DB0C7,IS 10877
FAM-530DFB50F154,IS 10896
FAM-A8EA6C47522C,IS 10900
FAM-5490A2ED9F02,IS 10903
FAM-573AD3D251A8,IS 10910
FAM-1482C71F7678,IS 10964
FAM-9AC977AAC051,IS 10965
FAM-BC5ADCDC6736,IS 10966
FAM-35D1A77131C3,IS 10967
FAM-65DACD4C5C8F,IS 10968
FAM-A8A0849AA8CD,IS 10970
FAM-C4A3470936C8,IS 10978
FAM-12335AB8CD48,IS 10989
FAM-8F3F572FD4D0,IS 3605
FAM-C016451AA518,IS 6015
FAM-5CA1D9CBBCBF,IS 907
FAM-EDC9CD946219,IS 10788
FAM-9DAA842E49B9,IS 10794
FAM-FE277CD9D062,IS 10801
FAM-96D9E737629D,IS 10940
FAM-83A24505BAC3,IS 10941
FAM-00F7334E7F0C,IS 10943
FAM-2F2D83C340E1,IS 10949
FAM-829EF58C075A,IS 10958
FAM-71F941C63DB8,IS 6296
FAM-291FC512C73D,IS 928
FAM-D2C1B0E4458E,IS H9877
FAM-4E3C5232E42E,IS 10746
FAM-992A0A059845,IS 10763
FAM-9C9812550798,IS 10815
FAM-E270D3CAB706,IS 10817
FAM-BAA875147185,IS 10915
FAM-49272C54E789,IS 10917
FAM-D3265E6667AD,IS 2249
FAM-B09411006FB3,IS 4086
FAM-7210DE72B23E,IS 5271
FAM-FE44E03921B4,IS 5559
FAM-55253716E338,IS 5670
FAM-4A48062F852E,IS 6090
FAM-84A63CF37979,IS 1006
FAM-A2F1665BB8EB,IS 10742
FAM-1130AD2E8260,IS 10744
FAM-FF6EE6E36560,IS 10772
FAM-8F9721DB93FE,IS 10775
FAM-3EDD51FDD867,IS 10790
FAM-DD8B9DE4795B,IS 10803
FAM-6005E701E109,IS 10814
FAM-80ECBD3104D8,IS 10876
FAM-86D9FBADFFE3,IS 10878
FAM-F679AB138B7B,IS 10883
FAM-1D821396AEB3,IS 10884
FAM-1830225B8CD4,IS 10885
FAM-53570C1223D6,IS 10926
FAM-2E2854939DCC,IS 10928
FAM-446FCFF255C3,IS 10929
FAM-D44DBC927E3F,IS 306
FAM-7E136966FAAB,IS 5329
FAM-E60BD6142136,IS 6843
FAM-2C7534C50891,IS 7076
FAM-A0218719F55B,IS 10639
FAM-9457064828F6,IS 10691
FAM-2BF26F224D79,IS 10745
FAM-3D9B998D3018,IS 10753
FAM-CBD6821AD987,IS 10754
FAM-AFF34EADBCC1,IS 10757
FAM-9189E4F739E6,IS 10759
FAM-061CEDEBC48D,IS 10782
FAM-EBA7974D1456,IS 10855
FAM-292F8A38D552,IS 10858
FAM-CA5CB2BDB594,IS 10862
FAM-78FAF20C725D,IS 10863
FAM-D82D0A380A2F,IS 10868
FAM-7717EF722351,IS 10886
FAM-5E75AF210106,IS 10952
FAM-CB16A0007769,IS 1519
FAM-E1DEC21B94C3,IS 2849
FAM-8A9A90D8F1CD,IS 3791
FAM-B393C2B72054,IS 5654
FAM-07BEC2D9ED1C,IS 6844
FAM-45B86746535D,IS 6864
FAM-93BF194967F5,IS 704
FAM-72F64E1A4E99,IS 8668
FAM-D3BDE6EFDE68,IS 888
FAM-64A1606E5EE1,IS 10672
FAM-746B1844EE5B,IS 10679
FAM-C5BB18C78969,IS 10734
FAM-A8EA6F03406B,IS 10741
FAM-0CFB49B2874F,IS 10743
FAM-ED18D5977F44,IS 10758
FAM-F214A460960E,IS 10760
FAM-78DDBBE389A8,IS 10762
FAM-9FC93A2EABFA,IS 10828
FAM-51CB7966481F,IS 10836
FAM-6E1EAE40BB0A,IS 10844
FAM-C420D90FF1A1,IS 10879
FAM-BB0B2A970A4D,IS 10911
FAM-69EB3946D35F,IS 2704
FAM-A51C2E39245C,IS 292
FAM-5ABE74A0065E,IS 365
FAM-18773D038686,IS 9713
FAM-009B8ECCEA34,IS 10454
FAM-6D7DAB22D657,IS 10589
FAM-92EEE9280A30,IS 10656
FAM-F3126DA3CD22,IS 10659
FAM-1B40C3E15464,IS 10697
FAM-BC0EE0E86AA1,IS 10709
FAM-2E38B9645A09,IS 10710
FAM-A5B493C522FE,IS 10826
FAM-FE808DA45C2D,IS 10827
FAM-4E370C5AE420,IS 10838
FAM-3422DBCFA400,IS 10839
FAM-0E2AA2AE9FC0,IS 10851
FAM-908F54FB42C9,IS 10860
FAM-9CE13F2A8571,IS 1422
FAM-341580B8580E,IS 3407
FAM-F2B9DF289B92,IS 4076
FAM-58B0C485C447,IS 4098
FAM-F5486992E947,IS 4108
FAM-6675E7EBBF74,IS 4171
FAM-DAC73FD38B8D,IS 5206
FAM-0D20B03183ED,IS 5523
FAM-5751B815F4E9,IS 5881
FAM-A0068EE95B7C,IS 5918
FAM-FC61C188ABE3,IS 6169
FAM-2C206806EFCE,IS 10674
FAM-8E04DD52FF72,IS 10312
FAM-A1E05EF76DDB,IS 10543
FAM-12A18E0121CB,IS 10619
FAM-A077964AABE1,IS 10621
FAM-31CDD990432F,IS 10629
FAM-7BD39A7222D7,IS 10630
FAM-E6A6E1E7FB5F,IS 10631
FAM-DAFDF2022831,IS 10636
FAM-C7D32AD02EB2,IS 10668
FAM-863B201EC3AC,IS 10675
FAM-A65ECFBB3752,IS 10687
FAM-CAFCBA76FA6E,IS 10698
FAM-7B625C02AF31,IS 10699
FAM-5EF07C0BFAC0,IS 10752
FAM-FA5ECC66A6C0,IS 10791
FAM-7948AAB99F23,IS 10882
FAM-AA1AD32AC706,IS 11207
FAM-C2F8D5F58C37,IS 1795
FAM-8B26DA83FE9C,IS 5864
FAM-95DA49E81985,IS 10446
FAM-50AE3F7D4877,IS 10566
FAM-947A5DA4F21A,IS 10597
FAM-6CCA5AAF0CC8,IS 10632
FAM-DC01CDD01106,IS 10641
FAM-D93A2156FCE0,IS 10729
FAM-ED6A22CE1B5E,IS 10730
FAM-354C77228EA6,IS 10749
FAM-AF99845DF951,IS 10874
FAM-BAD085B87630,IS 2133
FAM-06D3BFF23F13,IS 2474
FAM-C1760E1BBFD5,IS 2603
FAM-F83324C3C8E7,IS 3485
FAM-7230DBDC3726,IS 5388
FAM-55554B14EC49,IS 6137
FAM-F51A724BD8EF,IS 6477
FAM-89CFE31552C5,IS 6523
FAM-F8459F070BC2,IS 7018
FAM-5689E6C3A502,IS 9281
FAM-3885A11C1B9D,IS 9631
FAM-05EAF8DB9CD2,IS 10037
FAM-14BF0F1F4BBD,IS 10394
FAM-687AC54869F4,IS 10488
FAM-C7B794D1FD94,IS 10590
FAM-855DBB47B11E,IS 10595
FAM-D4720B18961B,IS 10682
FAM-EB91A82E7AA7,IS 10686
FAM-9D166C7B1DF3,IS 2851
FAM-663D66293B88,IS 4146
FAM-3D379A2E8299,IS 5547
FAM-892058E259FA,IS 6070
FAM-C924DD68BD53,IS 10336
FAM-E73D798059B0,IS 10451
FAM-60096B6DE17A,IS 10577
FAM-86373B76F90F,IS 10579
FAM-E3C9D846B31D,IS 10580
FAM-60679A94F88C,IS 10581
FAM-82B2A2071AB4,IS 10610
FAM-1F2C3C494DE8,IS 10614
FAM-67EB0C329F9E,IS 10627
FAM-439D8CACC7D8,IS 10644
FAM-530F26350C74,IS 10648
FAM-385F1C1C4E85,IS 10649
FAM-6C42A2C40935,IS 10650
FAM-D87E0EFFCB1F,IS 10681
FAM-F04412D7173C,IS 10685
FAM-65F30D69DD06,IS 10981
FAM-1433CF8745FC,IS 1319
FAM-D6605498DEDB,IS 2850
FAM-B21F8DD92AC5,IS 4201
FAM-5ADCA9334295,IS 5635
FAM-FEE1C33D18C2,IS 998
FAM-7846157C79C1,IS 1038
FAM-0A445695C797,IS 10455
FAM-DA6289ACCBCB,IS 10471
FAM-71FC6DF0DB21,IS 10472
FAM-AD4BC408AFEC,IS 10476
FAM-7D4E17EC4BF0,IS 10493
FAM-D622A45C2B77,IS 10495
FAM-912218E27943,IS 10510
FAM-225C85AD06F3,IS 10533
FAM-8157B1B56442,IS 10552
FAM-385F25F62827,IS 10638
FAM-409EE7EA65E2,IS 10713
FAM-DFE1FF1B30AA,IS 10717
FAM-45B7338FC22C,IS 1182
FAM-E6C77FFE4267,IS 2091
FAM-C9FEF62F9BCD,IS 2529
FAM-626BB4306D4F,IS 2745
FAM-83E1DC120844,IS 3558
FAM-805B58BE603A,IS 3734
FAM-FBC0112540AB,IS 5515
FAM-4A5B2978D06B,IS 6067
FAM-597D5348CD19,IS 7075
FAM-055E9C8513F2,IS 10504
FAM-BE18478FEA6B,IS 10535
FAM-88AE1D89CA0C,IS 10602
FAM-3004F2E0117A,IS 10612
FAM-9D850C31C592,IS 10615
FAM-5DA0C5F99824,IS 10628
FAM-DF17B9DDEA5E,IS 2519
FAM-9FFBE760BA93,IS 3098
FAM-B691BF0DCD3C,IS 4914
FAM-1A15D38486C1,IS 5032
FAM-7A64C82704EA,IS 6
FAM-A25B25F9DBA9,IS 6980
FAM-A17081039EF5,IS 948
FAM-0CB617E4EBF6,IS 10333
FAM-F1CA9B0D146A,IS 10381
FAM-1233EC56AA07,IS 10402
FAM-98ABBD8FF5F3,IS 10420
FAM-CD2909833E47,IS 10475
FAM-95F6F49EC0B4,IS 10483
FAM-B7236175B9CC,IS 10487
FAM-AF5E16B6ED4F,IS 10499
FAM-3229C76F82DB,IS 10503
FAM-4E518934D948,IS 10509
FAM-F380BD68D0C0,IS 10515
FAM-8356AD9A05A8,IS 10518
FAM-47DC913E50F0,IS 10521
FAM-8A5EB6406CB8,IS 10522
FAM-7162C718A753,IS 10528
FAM-BAEC38D1CDDE,IS 10530
FAM-BDB3880ACAB9,IS 1785
FAM-2A85EDF119C1,IS 2897
FAM-320ABDE230EA,IS 4701
FAM-F4F20C8309C8,IS 5247
FAM-E50C4DCFC150,IS 5356
FAM-177EAA4C3CFA,IS 5512
FAM-F310862E3945,IS 5594
FAM-AD189B4A53F8,IS 5603
FAM-83D8DF0C213C,IS 7073
FAM-62DB1D9A21FD,IS 7601
FAM-74EA305B492E,IS 7804
FAM-01E9FDC14E3B,IS 5216
FAM-62CE574CF447,IS 10230
FAM-A9A3FE1EF2E7,IS 10235
FAM-4B654CA038EA,IS 10337
FAM-DA8210A2577F,IS 10369
FAM-101A42C4DAD7,IS 10403
FAM-F8EF95A00EE9,IS 10426
FAM-1E727976E6B5,IS 10439
FAM-EEDA1711541B,IS 10469
FAM-4040DC4406FC,IS 10498
FAM-AB30911B22D7,IS 10505
FAM-7EC6ACEBEAD4,IS 10572
FAM-B409F34F1E8A,IS 10587
FAM-6B983390A2D6,IS 10591
FAM-224B387181C6,IS 10600
FAM-BA78441F6F88,IS 1398
FAM-2714A3BA23CC,IS 2090
FAM-4DBAEE853B40,IS 218
FAM-7BBB91B3AC59,IS 2551
FAM-8CC3E2472228,IS 2599
FAM-CB471E591BD6,IS 3985
FAM-04DBC9C935F1,IS 4102
FAM-A608A5BD60A7,IS 4606
FAM-7DE825273C79,IS 5609
FAM-2DB2B15D49A4,IS 6110
FAM-21C4553E6347,IS 6266
FAM-262D9E1B6C33,IS 10321
FAM-BFC2F99B0FBE,IS 10240
FAM-80245E50C7A9,IS 10246
FAM-839EC07C3406,IS 10290
FAM-81F81ED5B5BE,IS 10342
FAM-9771DB4F9196,IS 10373
FAM-A8168C658F89,IS 10436
FAM-9EA7A8405909,IS 10440
FAM-47CB5398E06A,IS 10462
FAM-61B8F7B41748,IS 10468
FAM-AAB18045FA9D,IS 1812
FAM-7F6F065F70B0,IS 2765
FAM-1AAD009C5A11,IS 3431
FAM-AAE31C73076A,IS 4147
FAM-4F6F95074FA5,IS 897
FAM-EB2819D15DD4,IS 904
FAM-314E2896E317,IS 10271
FAM-13F18E05351F,IS 10380
FAM-C282BE129690,IS 10388
FAM-F67CFCAE8C41,IS 10391
FAM-5E4A0B6E7AD8,IS 10405
FAM-1099871BC7A9,IS 10489
FAM-B01A3AACBDE2,IS 10490
FAM-8B5613E2E53B,IS 10514
FAM-80951DE044D9,IS 10519
FAM-26E26C38FB2D,IS 10537
FAM-74A2E311B8B8,IS 10538
FAM-94A0AA0A30C5,IS 10539
FAM-4B2CAE980195,IS 10571
FAM-BB368A45F4F7,IS 10573
FAM-53FE2DF073F4,IS 10574
FAM-7EE2C00A7EEC,IS 10575
FAM-C7DAB832F2C8,IS 10576
FAM-2D6CD9818E07,IS 1673
FAM-1E1EF7B45CB1,IS 1888
FAM-B95D56A89605,IS 2591
FAM-151C085066A8,IS 2890
FAM-D210CBFE6DDB,IS 2967
FAM-93DC60A05841,IS 3324
FAM-B08C10529417,IS 4295
FAM-832E6ED9ED06,IS 4388
FAM-546C43A4037B,IS 4815
FAM-FCEEBFD7089C,IS 7419
FAM-551D601FEFCC,SP 23
FAM-2B0DC0C0F00B,IS 10136
FAM-DF6D14EABE8E,IS 10253
FAM-5CFC010EACA8,IS 10283
FAM-71139B291B4E,IS 10299
FAM-8D86044AF712,IS 10301
FAM-0A35442E1DDB,IS 10302
FAM-9EE1A20B0CE5,IS 10310
FAM-E08936309FDA,IS 10319
FAM-167785678C6A,IS 10328
FAM-362A55384B2C,IS 10329
FAM-412460455489,IS 10340
FAM-529009DF74DC,IS 10347
FAM-31E44295D5AA,IS 10359
FAM-6C9A004D172D,IS 10360
FAM-EF362E038A99,IS 10370
FAM-C2919F6A302D,IS 10379
FAM-634DD4591117,IS 10382
FAM-436B1E80C516,IS 10465
FAM-076241E88628,IS 10491
FAM-8F1311ECBF18,IS 10527
FAM-245A14DAFF0F,IS 10529
FAM-A4214128078B,IS 3150
FAM-22A203F76D8F,IS 3203
FAM-4EC19CF9F90A,IS 3938
FAM-E1267C5B4655,IS 7557
FAM-2D2C58AE7003,IS 10192
FAM-2D3572C3549B,IS 10214
FAM-005C9C3B343F,IS 10249
FAM-71C8DE8DEF86,IS 10250
FAM-2D0845E0DBD6,IS 10252
FAM-696DD9E3399C,IS 10261
FAM-BACD26C63890,IS 10313
FAM-2A64018A9F17,IS 10314
FAM-2AD1872851CF,IS 10332
FAM-767DF996E340,IS 10361
FAM-1AB5A8EC2703,IS 10367
FAM-B68B86A2F60D,IS 10368
FAM-AD2F7575E927,IS 10389
FAM-FA449DFEAA5B,IS 10410
FAM-8F27E505298F,IS 10412
FAM-0D19F85E5D16,IS 10417
FAM-F46EBF05D560,IS 10470
FAM-73983237869A,IS 10492
FAM-65A2E987102B,IS 10567
FAM-034382A68E98,IS 10695
FAM-465D6F09D3C8,IS 2048
FAM-7342405EFDE7,IS 2109
FAM-CBE1D27359F4,IS 301
FAM-833CD668FB1A,IS 3875
FAM-28D465379836,IS 4063
FAM-3DD143783EC2,IS 4346
FAM-D9162404AD96,IS 6134
FAM-6815F42F6289,IS 841
FAM-D4BDBE579E06,IS 10071
FAM-21377ABFAA3F,IS 10083
FAM-8C3B29BA546E,IS 10090
FAM-789927AE650C,IS 10115
FAM-42ACFD42CE92,IS 10234
FAM-EBAAAB3EB7B0,IS 10239
FAM-E972F3CC3676,IS 10259
FAM-EDC82DCA6F63,IS 10270
FAM-A7453CC61695,IS 10281
FAM-764FD1AEAC51,IS 10291
FAM-F843F7548D92,IS 10297
FAM-6AAE630507E2,IS 10298
FAM-CBC8C99D3346,IS 10354
FAM-9DABFD71A036,IS 10362
FAM-BBD2AA83036B,IS 10363
FAM-219233AB82F1,IS 10365
FAM-994A742B06AE,IS 10372
FAM-4D6CAE6D2892,IS 10375
FAM-C775F71511EC,IS 10383
FAM-54D0ECD87441,IS 10384
FAM-42EA73274059,IS 10445
FAM-C85F0008EC0E,IS 1198
FAM-F61534F4BBBA,IS 1288
FAM-DBA1F569A29B,IS 1323
FAM-CE4A0FF774E4,IS 1773
FAM-23F59C133B25,IS 3016
FAM-CD3D99585AC0,IS 3944
FAM-12064F167B33,IS 658
FAM-8A35751D5138,IS 9808
FAM-3EF13F5294B5,IS 989
FAM-21666F608763,IS 10082
FAM-540196666826,IS 10067
FAM-9E275A4BD825,IS 10119
FAM-E41F72184E4C,IS 10195
FAM-62D500A6EE83,IS 10198
FAM-DAA5EDF8AC66,IS 10207
FAM-9A8DD3D6ECE0,IS 10209
FAM-485FAAAEC957,IS 10211
FAM-8F736C2F7094,IS 10237
FAM-933B430A27F8,IS 10254
FAM-0B4EB28E656F,IS 10257
FAM-FB41195CB693,IS 10326
FAM-3AD6D6DD6215,IS 10338
FAM-7D7EA0A3F7D1,IS 10349
FAM-94E373EE08AE,IS 1799
FAM-4EB147C0ABF1,IS 2525
FAM-54FCA8A8A50A,IS 4252
FAM-554A039F02F4,IS 5690
FAM-B215F455F8A5,IS 5713
FAM-BF2E806EAB76,IS 6061
FAM-A52AAF315B21,IS 6343
FAM-BF03705E03D0,IS 7371
FAM-6F86B9617049,IS 7633
FAM-E30428E29ABE,IS 10118
FAM-600D8B6084B8,IS 10196
FAM-AE3827D5021C,IS 10224
FAM-F22D33D104BF,IS 10228
FAM-F28C82D3C376,IS 10233
FAM-C10C26333BCD,IS 10327
FAM-7E84D1101556,IS 10331
FAM-739285F2C546,IS 1395
FAM-BEC4DA52E2C9,IS 2768
FAM-24406BCC8869,IS 3167
FAM-628A52573723,IS 5371
FAM-6757264CF075,IS 10078
FAM-81B0857E9969,IS 10079
FAM-4C9426DD0CC7,IS 10081
FAM-289B5D038D7B,IS 10066
FAM-2950D66AD275,IS 10007
FAM-6A63B463D313,IS 10020
FAM-CA552F1A1489,IS 10162
FAM-A3A9E15D113C,IS 10163
FAM-4BC0286877C1,IS 10173
FAM-3515A6B02E99,IS 10176
FAM-9CC81AE7AC30,IS 10177
FAM-F702EA837956,IS 10180
FAM-213D7B92755D,IS 10181
FAM-A46F0329274E,IS 10206
FAM-36EF7981E8C5,IS 10222
FAM-72E9DE660410,IS 10225
FAM-E54AB0264638,IS 10293
FAM-4C54EFCB3017,IS 1344
FAM-0867D71B2515,IS 202
FAM-AE1DCA8228C8,IS 3071
FAM-60C2910886F5,IS 4124
FAM-71D0C17B91BD,IS 4396
FAM-A141FC52D285,IS 4808
FAM-954411509182,IS 6178
FAM-C2F88072CEEE,IS 6308
FAM-F25769FD3054,IS 8413
FAM-9B39CDB05456,IS 9249
FAM-AEAC10EB74CE,IS 942
FAM-59F808A4AF2C,IS 9964
FAM-94733411EE50,IS 9974
FAM-431BD223D4D2,IS 2950
FAM-A27A26234C6C,IS 3104
FAM-04362720EB19,IS 10018
FAM-425FCF931DF1,IS 10288
FAM-6ADF541B792E,IS 6257
FAM-C26AAC51419E,IS 6314
FAM-D5A98542972F,IS 6322
FAM-63DAB8A65236,IS 6323
FAM-585A58BC5E15,IS 9858
FAM-D24BC74182BD,IS 10089
FAM-4E2749AFA7C4,IS 10017
FAM-7FF123A9AC6E,IS 10019
FAM-91B598D36A06,IS 10166
FAM-D3A8F23742F9,IS 10169
FAM-5BDD0CDE5FAB,IS 10213
FAM-6F088B7D055D,IS 10229
FAM-B20F3E92BD19,IS 10255
FAM-81036A7657F9,IS 3308
FAM-3601EC599CD1,IS 3524
FAM-4130DAEE7E77,IS 3640
FAM-1647D423AFA6,IS 4853
FAM-AA6BDE1C7D62,IS 6309
FAM-CDDA1CBF1D60,IS 6355
FAM-CEE6E90C2A5F,IS 657
FAM-9FC37C27DFFF,IS 9900
FAM-77B3AA463049,IS 9973
FAM-2E4A0B0AAD43,IS 9998
FAM-FC83BA007FBC,IS 10112
FAM-2423366C3CEC,IS 10122
FAM-DF185399C2F8,IS 10132
FAM-D43CE8F542C9,IS 10133
FAM-9114A20B9753,IS 10145
FAM-C95E628AD2FF,IS 10146
FAM-8CB4A809824C,IS 10149
FAM-29FECB7E6684,IS 10275
FAM-C43AE2C0984E,IS 1382
FAM-02CB66AE2B37,IS 1566
FAM-869A340C0935,IS 1986
FAM-22BDEE87DA24,IS 7606
FAM-0A86D9D34CD5,IS 8218
FAM-137DDDAD64F9,IS 667
FAM-E4981BF21BCE,IS 10097
FAM-CAB72D00A694,IS 10098
FAM-ACDF7BF9850E,IS 10070
FAM-2ABB01F3660C,IS 10108
FAM-1CA788FD1DE9,IS 10188
FAM-2DA0F38E8305,IS 2998
FAM-7D9C7DB49822,IS 4672
FAM-04851B449F1A,IS 5592
FAM-7A2B37DA0896,IS 6217
FAM-09A92FB3338B,IS 6716
FAM-391CAFE27DEF,IS 7331
FAM-B2D5FAF46765,IS 8812
FAM-1BD4488A474A,IS 10075
FAM-E6864DAB5F5D,IS 10042
FAM-892EBBFEE798,IS 10091
FAM-B5FFFADC8A30,IS 10186
FAM-835A9492B1A4,IS 639
FAM-2E2D30FEE870,IS 9883
FAM-22118C5CA639,IS 9893
FAM-A53C79C4C657,IS 9931
FAM-0653CFE31341,IS 9939
FAM-3BC5E1651F5A,IS 9957
FAM-EAFA1F7C079E,IS 10059
FAM-695F214EE8A2,IS 10065
FAM-982EA09ADC92,IS 10055
FAM-7BF627AB235A,IS 10049
FAM-AF9D6B9220FA,IS 10050
FAM-81399E1D80C5,IS 10053
FAM-0F78D272BCF2,IS 10013
FAM-BDBCA9D315A9,IS 10140
FAM-FDBA1DAB04E0,IS 1775
FAM-DC1EC3774BEB,IS 1974
FAM-F661ED5A59C4,IS 2788
FAM-1BDDA32070A2,IS 3263
FAM-8A604F979F15,IS 927
FAM-D575ADFEA5C9,IS 9877
FAM-DA820FC4C412,IS 9926
FAM-EFA295B4639A,IS 9954
FAM-3CCE48BF94C1,IS 9955
FAM-CE235A0092F6,IS 9956
FAM-85D43520C9CF,IS 9994
FAM-17ACA262549A,IS 10036
FAM-F09DE5837279,IS 10034
FAM-4A6AFDF02D1A,IS 10029
FAM-9E1E3D4A8D4D,IS 10030
FAM-200C5ADDE434,IS 10038
FAM-101BD2C18B17,IS 10102
FAM-D32D80F7A7FE,IS 10103
FAM-86BF910B960F,IS 10105
FAM-0B19250297D7,IS 10110
FAM-4F32128F82DA,IS 10111
FAM-5424C284C621,IS 10121
FAM-AED2395F3FA7,IS 10123
FAM-712AACD7B710,IS 2807
FAM-EDC02389045B,IS 3298
FAM-92B230E2282B,IS 3992
FAM-5E748BCBEDCC,IS 4299
FAM-ACF49D8A82CF,IS 5665
FAM-C7CD93120281,IS 5714
FAM-4922348CF804,IS 5827
FAM-B1C94AA754F7,IS 6205
FAM-2B195D92A035,IS 6992
FAM-E1B02B4FACF6,IS 9818
FAM-4A9D565D228C,IS 9856
FAM-100757F32D01,IS 9899
FAM-B5C070008226,IS 9958
FAM-4B1535A700A2,IS 9988
FAM-FF8004C5C632,IS 10063
FAM-58929D965905,IS 1530
FAM-23FF09ABB57E,IS 2325
FAM-C7FCA99C8DB5,IS 2425
FAM-472F7CAEF6C5,IS 2479
FAM-4B2BCD46655B,IS 422
FAM-AA2D41F92D8A,IS 5546
FAM-219BCDEA1FD5,IS 6135
FAM-0E356D7A5C85,IS 9178
FAM-D5CCE5C88CA6,IS 937
FAM-9966C0BC9200,IS 9852
FAM-D4523469431A,IS 9929
FAM-FCB1C8017E77,IS 9937
FAM-BA0451695A4D,IS 9946
FAM-13187EE67F57,IS 9995
FAM-AFC8AE57DC11,IS 10040
FAM-3D5B198959BE,IS 2134
FAM-2C81F426CCE9,IS 279
FAM-4D43C1E7D22D,IS 4638
FAM-A1C5739AA944,IS 531
FAM-DF4A584BBA19,IS 9665
FAM-916A8B01B463,IS 9759
FAM-A7DECF36A792,IS 9811
FAM-5175CEAA3260,IS 9834
FAM-629AC8905E48,IS 9894
FAM-AE39CBDAB8C8,IS 9905
FAM-C0A46BA8D7C2,IS 9942
FAM-8F09E8540B6F,IS 9962
FAM-BF02B50B3ED0,IS 9963
FAM-777EC5F63427,IS 9979
FAM-15BA60ADDAA6,IS 10023
FAM-736735802C29,IS 10041
FAM-45F4502C91C0,IS 10022
FAM-2BAADAB97A3A,IS 6403
FAM-C1C47FA8E8AE,IS 9814
FAM-4EB09FEA8671,IS 9855
FAM-C1EABD98B7D2,IS 9861
FAM-FA321C164E75,IS 9872
FAM-88FA581353B0,IS 9892
FAM-A4C3ED2054E3,IS 9898
FAM-498365D5A5A3,IS 9918
FAM-FCD399D83F4A,IS 9923
FAM-21FE840B60E1,IS 9928
FAM-4C522410BD2A,IS 1051
FAM-4C71AFB5AB4F,IS 1175
FAM-A4BCBCDC0FFC,IS 2076
FAM-68E5D08D5DEB,IS 2380
FAM-11DFEAD2D647,IS 3965
FAM-28831E302F14,IS 7096
FAM-12B29536C61D,IS 9499
FAM-D0DFB09F2CFA,IS 9704
FAM-883C22347360,IS 9810
FAM-715E8285327E,IS 9812
FAM-884C4C290603,IS 9864
FAM-CEB69E0A9153,IS 9865
FAM-BDE992016F38,IS 9867
FAM-07D0EB4C585A,IS 9880
FAM-6504865FBD78,IS 8009
FAM-21016855FD05,IS 288
FAM-FC979F7B6199,IS 318
FAM-73CF02D1EA03,IS 4412
FAM-3B07F5076993,IS 4413
FAM-17E36BED54C3,IS 4501
FAM-6A91F005F231,IS 5340
FAM-9F91DA9F3C1E,IS 5493
FAM-288105087672,IS 9745
FAM-43B9E1E801F3,IS 9782
FAM-C229BE3F3709,IS 9789
FAM-41220B2E2161,IS 9790
FAM-CB1CA5E16342,IS 9791
FAM-637CC4B79F03,IS 9822
FAM-AF66BED60A3D,IS 9882
FAM-45FC17DDE4CD,IS 9916
FAM-2FA4941BA699,IS 9965
FAM-BA95F3DEBC8F,IS 2676
FAM-F4632551E36F,IS 304
FAM-313B4CEA1059,IS 305
FAM-9C6E517525E1,IS 3664
FAM-D2E60A5E0A09,IS 407
FAM-402E3DB699E3,IS 742
FAM-5E9FA5F6B3FD,IS 9680
FAM-93FD1ED11BBD,IS 9683
FAM-2661F2610063,IS 9785
FAM-7C64BC8BD312,IS 9799
FAM-B6CB6E1A8110,IS 9823
FAM-8A2FACDD7351,IS 9826
FAM-31FA04A2E915,IS 9836
FAM-35BC60B4B17A,IS 6305
FAM-9FED62A3A603,IS 2250
FAM-6359A3206807,IS 2367
FAM-7427B8C6AF63,IS 2917
FAM-CD6312EC153A,IS 4918
FAM-CA1E11B0F4B1,IS 5167
FAM-32FD5D96D810,IS 5927
FAM-A9B94692B4F0,IS 5936
FAM-E2DB46A49C67,IS 7861
FAM-EFBA46FCCFAE,IS 8170
FAM-1557CF451407,IS 9739
FAM-DB8538D967CE,IS 9741
FAM-B6D5E3D67E39,IS 9752
FAM-40C9F12BE6F5,IS 9758
FAM-097877D26363,IS 9787
FAM-CE727140239D,IS 9795
FAM-723A08DDE2B7,IS 9796
FAM-D76BF7B8ED96,IS 9820
FAM-CF50A4E13103,IS 9888
FAM-E7650B8CD4B8,IS 9890
FAM-D3EBBD116904,IS 274
FAM-0E4638CB6E31,IS 4274
FAM-3AAFE47F0495,IS 9696
FAM-76596FAA9711,IS 9716
FAM-06AC3D9B6386,IS 9728
FAM-25E791DE18A6,IS 9732
FAM-E61AF832457B,IS 9734
FAM-0FDB5E03A92A,IS 9744
FAM-6EC4972AE6B9,IS 9748
FAM-2FBE4BA6F8B5,IS 9860
FAM-D0A61BF8AC85,IS 1407
FAM-FD8047CCF3EF,IS 1518
FAM-E445412CCBEB,IS 1778
FAM-4C22006EC6F2,IS 2115
FAM-DBDFCEC1A134,IS 2118
FAM-7C83A9A26758,IS 3261
FAM-8B5AB33D64DA,IS 3403
FAM-1458640579CF,IS 5979
FAM-EC408934565D,IS 6579
FAM-4EFA30C581AE,IS 9674
FAM-F18D1AA6E823,IS 9805
FAM-82B93314A10E,IS 9837
FAM-79B5CF6D6D3B,IS 1748
FAM-F033D9F7CA8B,IS 3189
FAM-4D9629D4E521,IS 3286
FAM-576FDFF2AC1E,IS 6250
FAM-39239FE5A4D8,IS 9080
FAM-D3337CFF544D,IS 955
FAM-1C7824854C5C,IS 9671
FAM-49FAC9EFF0C7,IS 9678
FAM-57BBBE1406CB,IS 9682
FAM-8ADCDDF76DF6,IS 9686
FAM-500C301A0C21,IS 9690
FAM-A129DA1FBD20,IS 9691
FAM-7D84B05F4306,IS 9711
FAM-F64A66188A7F,IS 9712
FAM-CE6418793D13,IS 9715
FAM-E3BA00B500E3,IS 9801
FAM-108382FE0085,IS 2110
FAM-BFA796782A09,IS 2116
FAM-55EEF926A5D7,IS 2119
FAM-68D01AEC2815,IS 2318
FAM-29FFB55AF04F,IS 3443
FAM-9EC1F7F71C0E,IS 4590
FAM-175CF5E610E9,IS 4902
FAM-96AEE0D6F5E9,IS 9298
FAM-C214DE34BB33,IS 9300
FAM-17F6318DC113,IS 9607
FAM-76C0F48F4131,IS 9613
FAM-4F6A70ED8512,IS 9621
FAM-2ED35E85A3A9,IS 9634
FAM-69FB1FC48DB7,IS 9635
FAM-5F237C90F9D2,IS 9638
FAM-7AF8B945546E,IS 9652
FAM-8A2C42DE7A66,IS 9676
FAM-17738B867864,IS 9681
FAM-FD753A77A2AF,IS 9695
FAM-BD6F6A74A4F5,IS 9756
FAM-430ADE5E83B9,IS 9767
FAM-8E09B23E0AC9,IS 9769
FAM-1E37192AE08E,IS 9771
FAM-EBDADDA33DD9,IS 9773
FAM-B67B0B590B67,IS 9797
FAM-19774C832E3E,IS 9643
FAM-10197E0762D8,IS 10002
FAM-8FC3CFEDD773,IS 1767
FAM-8CDA0DBF3972,IS 2930
FAM-F3EEEB7A6B6A,IS 4269
FAM-2F2F8A7103D5,IS 4813
FAM-E4BF46B3EAB8,IS 4814
FAM-2004682345CD,IS 484
FAM-362E264EFB36,IS 5254
FAM-3443076B6B3F,IS 9627
FAM-C76671D874CC,IS 9661
FAM-656666326DAC,IS 9677
FAM-63D0A4C5533D,IS 9722
FAM-7E57F5B6E39A,IS 9723
FAM-A8FBC36E3777,IS 9737
FAM-E581A6064378,IS 9774
FAM-F99CFD648FA6,IS 9783
FAM-7FF6BEA4F7A5,IS 23
FAM-0969F26F0EB6,IS 3461
FAM-4F22AE421FB2,IS 5341
FAM-CDF44D48424C,IS 910
FAM-31EB366CAF1C,IS 9493
FAM-D392AD1B7344,IS 9497
FAM-5F22D7A00F67,IS 9586
FAM-2C54CFF4D82C,IS 9587
FAM-35F347C203EC,IS 9590
FAM-43679915CB0E,IS 9601
FAM-27D389FA32F8,IS 9612
FAM-9E4B68165772,IS 9630
FAM-3CC4ED9C767B,IS 9699
FAM-F0FCEB274489,IS 9719
FAM-5E68B92C00AB,IS 9720
FAM-654E26B7013D,IS 9721
FAM-1B50A3E9B212,IS 3925
FAM-8A77CE0C17C6,IS 5614
FAM-9C4070F7E9EA,IS 6491
FAM-A55F87B53BA4,IS 8591
FAM-1279AC9917DF,IS 8879
FAM-EAFC4A00D56A,IS 9495
FAM-3366BC63BE70,IS 9508
FAM-E29250D71593,IS 9575
FAM-4C4C87A33360,IS 9576
FAM-B86B88B48DD8,IS 9589
FAM-0EED6FA950C6,IS 9672
FAM-A4637C038E7D,IS 9673
FAM-BD6BE63C1086,IS 9689
FAM-CF21F368CF41,IS 9697
FAM-ADAE73D287A6,IS 9705
FAM-D658E991962E,SP 6
FAM-53B7D43C7085,IS 1574
FAM-717449E96F55,IS 1823
FAM-C18D6AAF691A,IS 1985
FAM-85D55F734D25,IS 2475
FAM-A138414A206B,IS 2683
FAM-D4BEA70AB3BC,IS 3194
FAM-BF5057C556F3,IS 320
FAM-4B0ED3EC1625,IS 3924
FAM-9FD929C68995,IS 6755
FAM-1714002DCC47,IS 6776
FAM-2A8D85E090F2,IS 9313
FAM-F5D780E520B3,IS 9373
FAM-904FCFD0271F,IS 9376
FAM-2B1C54A17DB3,IS 9399
FAM-C399AA6740F9,IS 9448
FAM-A2834D6F1C9E,IS 9491
FAM-9EC41767B788,IS 9509
FAM-25A1E650BF36,IS 9510
FAM-AA390C8D276A,IS 9516
FAM-C77EA054D6B1,IS 9556
FAM-E531C5314D56,IS 9562
FAM-8244C8061CF9,IS 9581
FAM-DEDF3F34B28E,IS 9600
FAM-C53ADD353512,IS 9641
FAM-85FE35EE70B1,IS 9642
FAM-49407D7BCD10,IS 9649
FAM-0E8A40BAC446,IS 9650
FAM-EC2F9F04A898,IS 9651
FAM-4C6ECCD5319B,IS 9717
FAM-2997A7667ADF,IS 1066
FAM-D55CE73E00EB,IS 2592
FAM-DF479FD80FDF,IS 3323
FAM-FE0330D8C39B,IS 6244
FAM-0291C0EA3B36,IS 9472
FAM-0800F71DA95D,IS 9476
FAM-513423AEE957,IS 9488
FAM-140A50B44DFA,IS 9524
FAM-8DF9370F6558,IS 9554
FAM-93AA2CFD1996,IS 9571
FAM-10EDE979B3C1,IS 9624
FAM-32B165ED7FBA,IS 1004
FAM-BF443ECBAAA8,IS 2103
FAM-FD744D27FDA1,IS 6229
FAM-C670C804AB82,IS 9002
FAM-13F8FA8A3E1B,IS 9277
FAM-1F081E1008F6,IS 9278
FAM-033CCB0E202B,IS 9425
FAM-9FBFF97921CA,IS 9461
FAM-23F765F064FE,IS 9485
FAM-C075581A5387,IS 9525
FAM-A5F7975D64B5,IS 9618
FAM-B40612D7C626,IS 2972
FAM-20DE031FD20B,IS 3006
FAM-05E857BCC287,IS 3152
FAM-3E03A18CC7BF,IS 3396
FAM-5D4E035FA0C6,IS 3964
FAM-E827D0FD869C,IS 4078
FAM-F0EA76200228,IS 4374
FAM-63E66192382C,IS 5144
FAM-5D4E2A710E45,IS 6224
FAM-E07531B6ECFC,IS 6246
FAM-727A789D23E0,IS 7375
FAM-5604334107E7,IS 9460
FAM-D90A8FE5F09B,IS 9507
FAM-FB5D60D00291,IS 4091
FAM-AEEF9320674D,IS 9285
FAM-2C90E23BF9E9,IS 9424
FAM-D5D78CB6536B,IS 943
FAM-3B32B625A3BD,IS 9430
FAM-10CD4BDF2FEA,IS 9432
FAM-B54D6E8C6B2D,IS 9433
FAM-C714ADC4067B,IS 9440
FAM-FC8548C29671,IS 9441
FAM-1F67A13E4213,IS 9442
FAM-DFC3597D97A6,IS 9459
FAM-B94336D83FE8,IS 9481
FAM-FA46BD1A148A,IS 9487
FAM-1B483E3F90A9,IS 9498
FAM-C9F876960285,IS 9502
FAM-7F5F0CC19CDF,IS 9511
FAM-93B5BC2B8EDA,IS 9514
FAM-E3D5965C2C95,IS 9518
FAM-BF128227148B,IS 9521
FAM-95B841C06F07,IS 9547
FAM-9612C2D2BE74,IS 9548
FAM-561EE7FCD3F7,IS 1960
FAM-E25CFA550D7D,IS 2989
FAM-60FB49522BCE,IS 555
FAM-73EB8D30E9C4,IS 6004
FAM-59FA69BF57DB,IS 663
FAM-A14A27E15CBC,IS 9130
FAM-A81A6BB064DD,IS 9270
FAM-D74AE365AE2E,IS 9445
FAM-B71D135BA69B,IS 9529
FAM-AE2CC4526D82,IS 7407
FAM-25F633ADB95E,IS 1064
FAM-74146FBE4B36,IS 1606
FAM-FF63D1E3C6B9,IS 2279
FAM-3DC827B1507B,IS 2560
FAM-C24BD8E4316D,IS 2562
FAM-7B46930E9C85,IS 3620
FAM-E3E36433013F,IS 4659
FAM-D8DA0E29754E,IS 6131
FAM-603D1FD47E2B,IS 7290
FAM-0877B2E0A2AD,IS 74
FAM-FFEF8A6A1459,IS 9214
FAM-26E99EB9B0BF,IS 9386
FAM-F2E9FF9EFF99,IS 944
FAM-30FE40D4CDA3,IS 9456
FAM-E23CC9432329,IS 9515
FAM-4A6C90DD77BF,SP 17
FAM-73117240289A,IS 25
FAM-81113DB22C83,IS 3300
FAM-E269521745FF,IS 3560
FAM-846DE03BA754,IS 4609
FAM-E91226CF0E4A,IS 5242
FAM-306C28560704,IS 5593
FAM-A27450ABA3A5,IS 7087
FAM-C0854513B23E,IS 8818
FAM-5405F695624C,IS 9132
FAM-8F4E6C80279E,IS 9250
FAM-E7EFFC9812B3,IS 9344
FAM-ECE2D86FBF79,IS 9375
FAM-F083621A4AD4,IS 9377
FAM-B4D2AA197C40,IS 9484
FAM-92CFDC0E00AB,IS 9264
FAM-F10A16EF0A21,IS 1335
FAM-C381738C6B58,IS 2711
FAM-ACFF2B335324,IS 3386
FAM-4717B0A14B07,IS 3762
FAM-2BCEDAB8289C,IS 4309
FAM-5D75B78B8540,IS 4362
FAM-35242BF3107D,IS 4534
FAM-1FC2B2663B94,IS 4555
FAM-3F6CA2B00894,IS 4577
FAM-990CFD286485,IS 8891
FAM-03039D1F09DE,IS 9321
FAM-719D64BEB616,IS 9362
FAM-F36CF07C2598,IS 9462
FAM-9F1F1E5765C4,IS 3542
FAM-6438258FBC1D,IS 6248
FAM-92D5D133E094,IS 6848
FAM-20C59131D591,IS 8878
FAM-B6CE51E26B21,IS 9188
FAM-21ACF0274D8A,IS 9229
FAM-E3289B924970,IS 9274
FAM-74EDD2EA86C6,IS 9284
FAM-F5AB898714D9,IS 9288
FAM-979427E78164,IS 9418
FAM-F7E96986F5EB,IS 9421
FAM-0A1DD076B1BD,IS 9423
FAM-C327C348CA8B,IS 9465
FAM-AB4F8CA233AC,IS 1691
FAM-228E7A3CBB8A,IS 1820
FAM-7B946C4AAB33,IS 2263
FAM-BE6559CF2AD4,IS 2919
FAM-5BE2BF09DB0D,IS 9147
FAM-6A8EE75DA0C8,IS 9162
FAM-64B17EFF3657,IS 9217
FAM-DF47BD2FBB7B,IS 9220
FAM-4740E1698020,IS 9231
FAM-4593D72873EB,IS 9391
FAM-3E50D5AD971D,IS 9392
FAM-D93EEC96C914,IS 9411
FAM-602EB2D7E786,IS 9307
FAM-5F11D404C629,IS 2918
FAM-5F1322519CA2,IS 3831
FAM-7C20CE152378,IS 4835
FAM-657E91B7E938,IS 6038
FAM-58D9570C6CEF,IS 631
FAM-C134F273CC14,IS 8690
FAM-CEFA2270BC30,IS 9100
FAM-885EF570E61C,IS 9107
FAM-1F13469C8EC6,IS 9114
FAM-E5097B8012E7,IS 9197
FAM-E1C3A948B613,IS 9206
FAM-0327D6709D65,IS 9207
FAM-A8DA57FEB405,IS 9215
FAM-BE586929B8F6,IS 9232
FAM-55AFAB3AD850,IS 9252
FAM-18AFA3D0DC27,IS 9330
FAM-EA31DB1FE897,IS 9332
FAM-496AB17483CB,IS 1707
FAM-2DC2FFED3F40,IS 9038
FAM-5E8A5DF7F9EA,IS 3808
FAM-942FE89727B1,IS 3950
FAM-F14D5F27E030,IS 5519
FAM-E63769F4E317,IS 9037
FAM-8CD322806C13,IS 9097
FAM-D6391E7EB4E4,IS 9164
FAM-AB7729FD164E,IS 9172
FAM-13BE9D7CC421,IS 9177
FAM-8DFE9E4BC3E8,IS 9179
FAM-A67852F8528A,IS 9208
FAM-AFE3FB5250B1,IS 9209
FAM-77E69229DFA9,IS 9221
FAM-D0D36A29FDEA,IS 2920
FAM-105BB4F42035,IS 2677
FAM-D36E5FB0B9F3,IS 2751
FAM-160526B391DF,IS 2810
FAM-DD41D0598011,IS 9190
FAM-7B48512C4019,IS 9196
FAM-1012371C9375,IS 7864
FAM-806525CA69CD,IS 2179
FAM-30B89E8FDC49,IS 4433
FAM-AD0B46F1BCD3,IS 4740
FAM-4D57D3138FDC,IS 9101
FAM-554C7585C9FC,IS 9104
FAM-74C5604C9D1A,IS 9111
FAM-ADDD9C5FCB51,IS 9118
FAM-197785E1AACB,IS 9126
FAM-317559BF44AA,IS 9158
FAM-21953667847D,IS 9174
FAM-83F781519BE2,IS 9189
FAM-ED3CD5C10863,IS 9261
FAM-94D6F19CC312,IS 9262
FAM-E19EB672A40B,IS 9106
FAM-56A2B45F6845,IS 9110
FAM-690E6689D94B,IS 9124
FAM-FD91534751B0,IS 9143
FAM-A17DF62ACB00,IS 9156
FAM-B424672E637D,IS 9238
FAM-6BBF3754DA95,IS 9248
FAM-9F99E4AB8DAF,IS 3004
FAM-B0705AB9F301,IS 3792
FAM-84A82E50CD9B,IS 844
FAM-753217E41961,IS 9042
FAM-0A3C7F892CBF,IS 9043
FAM-B8C13A54AA02,IS 9053
FAM-8D67182DBEC4,IS 9070
FAM-B05FE3EB2DA1,IS 9077
FAM-6ABBEB5D8995,IS 9085
FAM-0811D620EEF1,IS 2049
FAM-C5BBBA13C22E,IS 4431
FAM-A3F41BB653D7,IS 5866
FAM-7270E4AE4A86,IS 9029
FAM-2E978DA65A07,IS 9032
FAM-4BEDAFAEC3DC,IS 9033
FAM-93015CBCDF0B,IS 9044
FAM-267BCAA382BD,IS 9045
FAM-E2E5AEAF6D88,IS 9050
FAM-B2FAAB136190,IS 9052
FAM-ACCE7182F8D3,IS 9071
FAM-A3DCA2E9079E,IS 9078
FAM-10B136DDC148,IS 9183
FAM-C02E13A42DEB,IS 9184
FAM-34FDD95D57B1,IS 9290
FAM-C1766DCEF735,IS 3119
FAM-2FA5A7540AB4,IS 5904
FAM-D4465195D7F4,IS 8989
FAM-F5C5BF00BF8A,IS 8990
FAM-5CBC6B76A793,IS 8992
FAM-39E794AFDA31,IS 9010
FAM-4F695CBEEC5F,IS 9012
FAM-1EA06126B1D3,IS 9027
FAM-E110194E930E,IS 9039
FAM-AE375128640D,IS 9144
FAM-6D98CD6EA1F0,IS 9145
FAM-73772829754E,IS 9146
FAM-CD2554BAAEEB,IS 9149
FAM-7E736C634CD9,IS 9150
FAM-CBE7FF927330,IS 1992
FAM-708DB2DEA0BE,IS 3118
FAM-E9892B837375,IS 8932
FAM-D023E68188BB,IS 8984
FAM-C5A7C9F42BF7,IS 9006
FAM-6CC89F416523,IS 9008
FAM-BA3A91440360,IS 9013
FAM-EA576011ED4E,IS 9021
FAM-9E8FDFE46478,IS 9022
FAM-BE3BB9BAE7F6,IS 9133
FAM-CA06E89602E8,IS 9204
FAM-F51E1BC6720E,IS 4723
FAM-B41F15D412F9,IS 5297
FAM-BEF773BC6EE5,IS 8870
FAM-7A918D246606,IS 8884
FAM-7B530A1476A4,IS 8946
FAM-A8591E2D8BC2,IS 8961
FAM-37A2B90DC337,IS 8968
FAM-ECD6E12D9D4A,IS 8972
FAM-6B87E7023B35,IS 8981
FAM-9B020642C8D1,IS 8985
FAM-5C1714B95DF4,IS 8987
FAM-BB77419B8191,IS 8988
FAM-1EAC075B299A,IS 9019
FAM-E613CCB837C1,IS 9088
FAM-0FCF7134AB7E,IS 9090
FAM-792A508ABF69,IS 9092
FAM-AEA0335487B5,IS 9093
FAM-A584DF9161FB,IS 9123
FAM-AD3C1F0754B4,IS 7304
FAM-9E19049EFA17,IS 8834
FAM-8EEF9F36FE62,IS 8852
FAM-6AD89A0F7732,IS 8881
FAM-AE336118D2AF,IS 8916
FAM-21DCCD46D2DC,IS 8939
FAM-D24639061D2C,IS 8962
FAM-8EBA47A05791,IS 9064
FAM-AB72F45B4685,IS 9065
FAM-D7B1134C4B3A,IS 9094
FAM-514E6E234A94,IS 2533
FAM-D1BAADEA4E63,IS 2661
FAM-42C233BCC6EB,IS 3436
FAM-CB58A98ED760,IS 8826
FAM-66F528B39670,IS 8835
FAM-FC1BE29559D8,IS 8863
FAM-5DBCC93F7E14,IS 8893
FAM-093AEABDBCFE,IS 8923
FAM-E00E06F08CDC,IS 8933
FAM-536DA98C9DBB,IS 8937
FAM-B107C079524F,IS 8969
FAM-3E85D1F2FE40,IS 2512
FAM-CE293DB7783A,IS 2563
FAM-B6F109C09A68,IS 4706
FAM-C35A81EF2901,IS 8306
FAM-571A8A9E5F14,IS 8858
FAM-6B4C4E302CB2,IS 8860
FAM-126FD83FE983,IS 8901
FAM-062F27284D8D,IS 8917
FAM-20F68FB530DA,IS 8927
FAM-B8BF85241BEC,IS 8928
FAM-774ED2CF3CBD,IS 8936
FAM-34856C19A109,IS 8938
FAM-CDE8F369D62A,IS 9011
FAM-750CB92CEA3A,IS 5366
FAM-E122DB123441,IS 5568
FAM-A0EF07DDD9CA,IS 6384
FAM-70EED236FAB2,IS 8843
FAM-BEB9768BB7DE,IS 8850
FAM-1931F76C6819,IS 8896
FAM-52563EBE0571,IS 3710
FAM-EADBA99FC99D,IS 4512
FAM-56FCE8292876,IS 8816
FAM-7ED8DFC522A9,IS 8827
FAM-99BF6A1C47BF,IS 8847
FAM-8A8E16A8DA58,IS 8864
FAM-C458917E1780,IS 8918
FAM-8104BB189D6A,IS 8924
FAM-9AFB459197C3,IS 8965
FAM-FD6550F79D45,IS 8976
FAM-7E4A3623E086,IS 3493
FAM-6F9DDD54AB9E,IS 4756
FAM-7B073A848432,IS 5444
FAM-9B0D718DBB68,IS 5445
FAM-79B21E9DA197,IS 5980
FAM-5E35D4433017,IS 6311
FAM-48F7524C46F9,IS 851
FAM-6277C7212758,IS 8766
FAM-7C8BD5DD975C,IS 8785
FAM-D6201488337D,IS 8786
FAM-9EBA9D91BDE7,IS 8791
FAM-45C87759A510,IS 8922
FAM-951BA21EECB7,IS 3337
FAM-BB16FB2D909F,IS 3622
FAM-4EA800E5E5F1,IS 4434
FAM-5C373660E382,IS 4780
FAM-C17E8436CA05,IS 5041
FAM-B382D34676C0,IS 8714
FAM-0A1B92863E14,IS 8715
FAM-D8CC3492A0CC,IS 8736
FAM-296E45E84FA9,IS 8761
FAM-0AB00A5FA92E,IS 8762
FAM-FF4CBBF8430B,IS 8763
FAM-8DB2F979BFE0,IS 8775
FAM-AC580E21D77A,IS 8779
FAM-EF3556B40138,IS 8798
FAM-97EA704F080D,IS 8892
FAM-7BF53A653732,IS 8908
FAM-94BAE7295502,IS 1361
FAM-F8D49DFE51A5,IS 1832
FAM-2CF0102E04C7,IS 2569
FAM-E09A0F522E41,IS 4084
FAM-DB1AAF6E776F,IS 4174
FAM-84D21508CD4D,IS 6014
FAM-09EDB9BFAC2F,IS 6021
FAM-B6796428CEA0,IS 7679
FAM-2FBBEA2D272E,IS 8664
FAM-16C2999852AF,IS 8683
FAM-3881FC1AD72D,IS 8685
FAM-F0F458FF5A65,IS 8716
FAM-5A78B299C205,IS 8752
FAM-3297634CD485,IS 8756
FAM-F89EC81895E5,IS 8769
FAM-2B8BA03895F9,IS 8770
FAM-A23A3B67294B,IS 8869
FAM-D5D0D95518CB,IS 939
FAM-7D2D2AD4A0E9,IS 2837
FAM-C79ED42745D8,IS 3362
FAM-A1256B98BAEE,IS 4626
FAM-3BAAF0E54CA9,IS 4628
FAM-02AA083E68A2,IS 8705
FAM-77E1DDB9FEDA,IS 8720
FAM-C928A55F378F,IS 8725
FAM-DEE5F50F393A,IS 8726
FAM-BFA91EEE7861,IS 8823
FAM-14F674124118,IS 8841
FAM-CE6D99D97F67,IS 8842
FAM-0DF958252BDB,IS 8853
FAM-E36592DE1D4E,IS 8854
FAM-6D415C542DA8,IS 2089
FAM-EF701A891141,IS 2515
FAM-9F9E27749151,IS 2567
FAM-E72C02BBDBE4,IS 2568
FAM-5F9DD632BF00,IS 2662
FAM-4DCD6BCF3200,IS 2859
FAM-95077C81C105,IS 2896
FAM-2F60F3F6C976,IS 2954
FAM-C96F275CA4E3,IS 4624
FAM-E60A6D03C5DB,IS 8649
FAM-56A0953125F3,IS 8678
FAM-28D7D3E8AB8D,IS 8680
FAM-A427BE98FBCA,IS 8681
FAM-DD8462AA2410,IS 8699
FAM-53A345FFCBDC,IS 8717
FAM-4805D96392B2,IS 3326
FAM-44EA70BFC697,IS 4571
FAM-19F92AF490DF,IS 8643
FAM-7893B6B38F6F,IS 8651
FAM-15285A2710B2,IS 8706
FAM-8BCD09890EF6,IS 8629
FAM-94D6C9B25223,IS 1903
FAM-5F9B626B0EB2,IS 2165
FAM-9CAF2F6E41E8,IS 410
FAM-8CBF045AD1A0,IS 4138
FAM-837DD3799B91,IS 4662
FAM-FB41AE34FE7D,IS 8592
FAM-C12A912DAC2E,IS 8630
FAM-27F1DDB3B8BC,IS 8640
FAM-206491915EC6,IS 8661
FAM-7A25BB68A5AD,IS 8665
FAM-679B7079838D,IS 8666
FAM-92B3C6431528,IS 8677
FAM-6E7D155E98E9,IS 8679
FAM-C7824DA8984B,IS 8738
FAM-0D33F18AD66E,IS 8739
FAM-745BD452F973,IS 8740
FAM-376456FBE1B6,IS 8741
FAM-EC34E9FC12AD,IS 8742
FAM-4E4C1F233174,IS 1880
FAM-B7AD2A5015A4,IS 2214
FAM-C7BD63D8D847,IS 8573
FAM-F6E0FA1F14F5,IS 8606
FAM-78E62E1D9636,IS 8639
FAM-CC238C85C86F,IS 8645
FAM-5979B092CEB1,IS 8710
FAM-0F156DC0DF8D,IS 8721
FAM-12CD86B81BFA,IS 8722
FAM-0D4B301FD244,IS 8723
FAM-55D2D5D565F6,IS 8733
FAM-E1261F0C35B7,IS 8822
FAM-E8F16910C0F4,IS 7255
FAM-D55CFCF8F981,IS 8395
FAM-03AFBBD6BB58,IS 1824
FAM-1FE7BFA643C8,IS 2686
FAM-629AF23F1BB8,IS 5134
FAM-2F1A91EAF26F,IS 8478
FAM-2E54CB9997B3,IS 8562
FAM-7CFF22A5F9CB,IS 8588
FAM-189DAB59B442,IS 1472
FAM-38EDDD52851D,IS 4528
FAM-673006589B76,IS 8525
FAM-CC4FC9A54E2D,IS 8560
FAM-38CB3BC6E61D,IS 8561
FAM-40919015530B,IS 8566
FAM-8B88DBCC39C4,IS 8570
FAM-AFBB824FB067,IS 8618
FAM-F8D02A223823,IS 8619
FAM-D015E9ADE63C,IS 8670
FAM-85EE645360F9,IS 8671
FAM-C33B194CF72B,IS 8673
FAM-7AC34506D8C0,IS 8676
FAM-056969A14CBC,IS 1224
FAM-180840929B93,IS 4355
FAM-C72390545657,IS 4519
FAM-CAED38A9168F,IS 5438
FAM-417F95EB38B4,IS 803
FAM-C23496C4857A,IS 8513
FAM-2790DD92A83B,IS 8524
FAM-0B529F36C5F4,IS 8563
FAM-63393EFDCDEC,IS 8564
FAM-6801554322C0,IS 8565
FAM-DD1F1F6CE53E,IS 8608
FAM-C5BF678F9C1B,IS 8621
FAM-ABC55680B570,IS 8755
FAM-6DA20EFED3EE,SP 14
FAM-6481328F5856,IS 2015
FAM-8E6E77CB7D3D,IS 2385
FAM-C3418AE7740F,IS 3842
FAM-10DF243B70D6,IS 833
FAM-383072A77FF8,IS 8455
FAM-055C719E0311,IS 8467
FAM-10FEFA830074,IS 8469
FAM-892AEF4CEA50,IS 8474
FAM-D8F88FD7EB20,IS 8495
FAM-3E1E8FA002A2,IS 8496
FAM-0C63B4A9B39B,IS 8506
FAM-2118362DA48F,IS 8509
FAM-86C42CB09114,IS 8510
FAM-119BDCF93139,IS 8514
FAM-622DE9D5AE1F,IS 8517
FAM-9F6B6507CE90,IS 8518
FAM-2C7D278BD2B7,IS 8596
FAM-6082DA1AC35E,IS 4776
FAM-053241978AE9,IS 5545
FAM-B7BA9C429A93,IS 5612
FAM-6ED2DF1FC5A0,IS 740
FAM-F5866C235618,IS 7974
FAM-633CBE3D339A,IS 8441
FAM-C943FD49CDB0,IS 8453
FAM-B094112E08B5,IS 8475
FAM-F2668FBE3C2B,IS 8476
FAM-82466718386E,IS 8515
FAM-781EE1DA9ED6,IS 8585
FAM-FB4C5D014C83,IS 8586
FAM-E9438EAC593E,IS 8597
FAM-5E8091149B90,IS 8599
FAM-1AA60B20B6DA,IS 3053
FAM-73148336A018,IS 8393
FAM-2BBAF4DA24A9,IS 8425
FAM-D323CE4C702E,IS 8434
FAM-4C2712D3F9F2,IS 8439
FAM-4727E26D7748,IS 8454
FAM-17BCC0E4E6C9,IS 8457
FAM-1B627486C7BE,IS 2123
FAM-1D9D99DA27CC,IS 5885
FAM-A98819AB8C47,IS 8350
FAM-652B9A7B4A7A,IS 8387
FAM-AD47D1D910F0,IS 8390
FAM-BB0CE4225935,IS 8435
FAM-6E9A8EE457CB,IS 8452
FAM-7A9E479F456C,IS 3246
FAM-4F0C54FC4BE7,IS 501
FAM-4DAEAEEBB772,IS 7739
FAM-1230366A2547,IS 8214
FAM-0BF33DFD4894,IS 8349
FAM-E998F5F0DD4E,IS 8354
FAM-6A91457A3E70,IS 8355
FAM-8128F4140C91,IS 8357
FAM-36E252E4B219,IS 8374
FAM-B5163F50F97D,IS 8375
FAM-3FB73E06CEF3,IS 8396
FAM-1E0A9D9A9063,IS 8422
FAM-79BAA9BB8F82,IS 8486
FAM-B382E2657F6A,IS 8501
FAM-DABBAF290536,IS 8462
FAM-B2FBD1746079,IS 1445
FAM-626A4189F66A,IS 4968
FAM-C480DE658ED1,IS 8147
FAM-0247C5B55094,IS 8290
FAM-7A98387CB885,IS 8296
FAM-934355B4F1C3,IS 8298
FAM-669D6BC552EB,IS 8336
FAM-B861C7C150D5,IS 8337
FAM-418570A57F7E,IS 8338
FAM-F21E41811FA4,IS 8348
FAM-FDED86F27F0A,IS 8363
FAM-D3FE677A0F23,IS 8381
FAM-C97DBFE7BCFB,IS 8459
FAM-4B7D1A313D31,IS 2547
FAM-471E0A7A14EC,IS 7888
FAM-DD406440487A,IS 8288
FAM-7C1762CC175A,IS 8299
FAM-240CF1E3E9D3,IS 8300
FAM-499952FB712E,IS 8311
FAM-7F073BFFEEB3,IS 8411
FAM-9EC05CCE0B06,IS 8424
FAM-33397D65B66F,IS 1976
FAM-7EA8C74D9E3B,IS 3247
FAM-AD855EF14E5A,IS 3547
FAM-19040E3F8704,IS 5380
FAM-9D3724AE62C4,IS 8246
FAM-38F980931AC7,IS 8275
FAM-032C6E455DEA,IS 8278
FAM-9BD1046E3D31,IS 8281
FAM-7853C17CCB2A,IS 8412
FAM-1028C47F19C2,IS 3364
FAM-AB6A16B58B8B,IS 5836
FAM-26435A02BEF8,IS 8232
FAM-A379844693DF,IS 8340
FAM-A23D73D7A239,IS 8341
FAM-9399E50FDC37,IS 8351
FAM-505C8716443D,IS 8352
FAM-EE781C03B3B9,IS 8353
FAM-52045982A3EA,IS 8372
FAM-740FE65A60E6,IS 8377
FAM-13C9F405584A,IS 8379
FAM-986314800A7C,IS 8394
FAM-F3DD6A797A3A,IS 2827
FAM-F693FC49CC39,IS 3420
FAM-F439826E9F18,IS 5120
FAM-C70BD1C4947B,IS 6708
FAM-66535C4EB087,IS 6709
FAM-1D706FB3EEAC,IS 6710
FAM-AFC8FAF787E3,IS 8197
FAM-59D90EA161FD,IS 8201
FAM-968A811B93DE,IS 8220
FAM-2C56BB7101A0,IS 8221
FAM-B924977845C3,IS 8242
FAM-75227DBBBCED,IS 8248
FAM-1BEF314EFD43,IS 8304
FAM-7C69E4B267F1,IS 8313
FAM-95AEA95F62C8,IS 8316
FAM-AFBFADE54A68,IS 8222
FAM-565A243945BB,IS 2241
FAM-89886B30C226,IS 4050
FAM-66EEF5D3A085,IS 8184
FAM-897DB9209086,IS 8185
FAM-194506DF9367,IS 8284
FAM-49C4FB1AABF9,IS 8305
FAM-1338EFE1F941,IS 8307
FAM-D6ECD30F998A,IS 8261
FAM-8FFA6BA5D2C9,IS 4526
FAM-6B3901620B1C,IS 8125
FAM-79268346B5A3,IS 8168
FAM-53FAD568C088,IS 8196
FAM-8F813BDDED6A,IS 8211
FAM-C79368C9A536,IS 8212
FAM-AE584FB01CBC,IS 8253
FAM-83DAE7322476,IS 1835
FAM-7F52E71F4D67,IS 530
FAM-B885D38D84DD,IS 8063
FAM-7B9AD89F5CB8,IS 8090
FAM-C5E3E4704C06,IS 8119
FAM-7F1E34F08AF4,IS 8146
FAM-5FD1AAE52F5D,IS 8155
FAM-7C042F703AF4,IS 8172
FAM-CC2683BD2884,IS 8231
FAM-D8A2A25BD26E,IS 1569
FAM-457D84E6F4DC,IS 7781
FAM-5B15E3718BA8,IS 8061
FAM-979066C4988E,IS 8081
FAM-BD61D12195D7,IS 8113
FAM-48F37110C07D,IS 8217
FAM-5982EB82BDEC,IS 8247
FAM-85964D1331CA,IS 1941
FAM-58DD83B000C7,IS 2051
FAM-4EE1630A8FED,IS 2289
FAM-13682C213009,IS 4646
FAM-33A69E878D74,IS 7973
FAM-2C5245CA3872,IS 8032
FAM-A9B9E57A05D3,IS 8071
FAM-360A08851638,IS 8078
FAM-B5FF8239D8E6,IS 8079
FAM-0F6E8B94421B,IS 8177
FAM-C25022DA5EC1,IS 1612
FAM-CFF6062AB723,IS 4304
FAM-C0E09AC5023F,IS 7940
FAM-5253FB402B25,IS 8001
FAM-FFA9FADFE221,IS 8036
FAM-F02620E9800F,IS 8141
FAM-AEC89043D5ED,IS 2440
FAM-A7ECA8546B03,IS 3837
FAM-0FEC74B0B89F,IS 7894
FAM-1343A349C638,IS 8002
FAM-209C81814087,IS 8018
FAM-E591A4B65C99,IS 8116
FAM-60AA99ADD7BE,IS 3103
FAM-3385EA71B329,IS 77
FAM-D4CB464C6C56,IS 7941
FAM-20F08B75940E,IS 7942
FAM-F55EBF915451,IS 7953
FAM-692F29D0FE69,IS 7965
FAM-ED9EF1A4CFD5,IS 7986
FAM-F97147880B83,IS 8004
FAM-E0206C40473A,IS 8068
FAM-C6ECDB99733F,IS 8199
FAM-55380E82E8FC,SP 12
FAM-973939EAA23A,IS 1280
FAM-F539D963064C,IS 4604
FAM-CDDC9D37553A,IS 7564
FAM-0F909FD290E3,IS 7882
FAM-B14A6CAD3CBF,IS 7883
FAM-718B9DBBB656,IS 7927
FAM-E9611F7DCB57,IS 7935
FAM-C1B393486771,IS 7955
FAM-17D0ED0483FD,IS 7956
FAM-272A3222B4B3,IS 7969
FAM-6EAA769E3329,IS 8027
FAM-EE26B1F9516B,IS 8031
FAM-606C0BA08197,IS 8033
FAM-F8AB7E3409F9,IS 7960
FAM-3A20CADC8F9C,IS 7981
FAM-8CC478F4016B,IS 1537
FAM-E42D34EC9ED1,IS 2922
FAM-77FDA7ACFA47,IS 412
FAM-20FBD768F1AF,IS 7895
FAM-9384BD90AB8C,IS 7919
FAM-FE905B493564,IS 7929
FAM-E1F11918C145,IS 7803
FAM-F22AC7914C43,IS 4684
FAM-39D96967EDA9,IS 734
FAM-89C88CC13240,IS 7571
FAM-FD2D919EDD6C,IS):7779)
FAM-8ECB5572DF2E,IS 7808
FAM-E3A970321D57,IS 7815
FAM-7FF2B84B6273,IS 7847
FAM-698BE53EA8C9,IS 7850
FAM-A90960C279D3,IS 7901
FAM-B6057F58E804,IS 7925
FAM-5595A95279BD,IS 7958
FAM-939DE94B0724,IS 7980
FAM-BB2DC0253B2A,IS 7989
FAM-BF996A972093,IS 7990
FAM-EC1A4CC27CF0,IS 7994
FAM-FF3B14034A3E,IS 7996
FAM-0BAE6A7E3064,IS 1668
FAM-ACDFB019C990,IS 2317
FAM-73B9981466BF,IS 2891
FAM-9BE417FC7BCA,IS 3692
FAM-3EF232FA9643,IS 4223
FAM-50B8D079FF30,IS 4303
FAM-B6058D230F6C,IS 4621
FAM-D58547413457,IS 4875
FAM-F14A1F4F5489,IS 5807
FAM-074F13D7C8B4,IS 7437
FAM-D5078C96ABB5,IS 7801
FAM-353491AE9FEF,IS 7812
FAM-F593FA6193B6,IS 7848
FAM-66D7EC4A525A,IS 7852
FAM-6A1AAA4AFE2D,IS 7853
FAM-7B31F02335EB,IS 7865
FAM-041183E80EE1,IS 7871
FAM-CF6E5FEE6B72,IS 7873
FAM-C634B7AC5FBE,IS 7880
FAM-61B6AA7CF46B,IS 7924
FAM-3092529EB091,IS 7939
FAM-B4896F6C2B2B,IS 801
FAM-AF98F50939A4,IS 7802
FAM-A9FC718F1D71,IS 1123
FAM-2CAA57B284E0,IS 2009
FAM-1A3D99F28396,IS 2067
FAM-D90FDC264326,IS 2927
FAM-FACB5CC366E9,IS 4477
FAM-53ECB60A15F4,IS 7729
FAM-27B479F508A2,IS 7738
FAM-E1F39DC78A66,IS 7752
FAM-F7FF99ED25AC,IS 7768
FAM-8489C6329BFD,IS 7769
FAM-8206F13CC9FC,IS 7770
FAM-775D53700853,IS 7799
FAM-D3098B89E252,IS 7807
FAM-598AA4CA2925,IS 7892
FAM-CF28BE5EA8A2,IS 7912
FAM-980E15B0C7F8,IS 4674
FAM-4BD58F4BC9AE,IS 2473
FAM-ECF472F18631,IS 2817
FAM-22CBADA66E71,IS 7705
FAM-ECEFD595B8B8,IS 7723
FAM-B7E5FEF9078E,IS 7793
FAM-26FAF1BCF208,IS 7868
FAM-FFCD99882E44,IS 2587
FAM-AE4AFE17A4C0,IS 4265
FAM-133F68821E8E,IS 4765
FAM-F560030C4BC7,IS 7534
FAM-F8BB763BBA18,IS 7674
FAM-CDE7B1646812,IS 7775
FAM-19A86C7988AB,IS 7817
FAM-32582A9E5A1B,IS 7818
FAM-DDEB2FDD1ED4,IS 7829
FAM-D7A7FBF3ECF4,IS 7831
FAM-82FCBDFA892F,IS 7832
FAM-EA810E180466,IS 7833
FAM-0E8851D613EA,IS 7841
FAM-7A178E5522D8,IS 7846
FAM-5C6B7EE38093,IS 7859
FAM-46370D1FA297,IS 7876
FAM-A0C4808FD744,IS 3469
FAM-52D424EE7535,IS 2588
FAM-4F7425EBFD0B,IS 4039
FAM-834BD045EC01,IS 5372
FAM-919FDC89BA5C,IS 5374
FAM-7C0E27B8E111,IS 7603
FAM-43450F86110E,IS 7640
FAM-56AD39E8A2F1,IS 7653
FAM-265729DB8C06,IS 7662
FAM-96140B3402EA,IS 7683
FAM-581A96238C8C,IS 7780
FAM-7AB855B41458,IS 908
FAM-D37B988BA882,IS 4995
FAM-DB1142F374BB,IS 7318
FAM-8526AF00F6BD,IS 7600
FAM-FD377AD95716,IS 7639
FAM-6F015E5753D3,IS 7641
FAM-AF405FC9085A,IS 7675
FAM-A97062AC8271,IS 7708
FAM-DB975EA7C803,IS 7715
FAM-5FBB3A47310D,IS 7766
FAM-4778FEC947BA,IS 7772
FAM-41791163CAC4,IS 7773
FAM-B851CC2092DB,IS 1762
FAM-4DC5B4BF9D45,IS 2650
FAM-BE36215F08CC,IS 5896
FAM-A319FAEF48E1,IS 6947
FAM-BBA69C999694,IS 7596
FAM-90D20ED3E94F,IS 7618
FAM-B4100E188559,IS 7642
FAM-31193BD11EE0,IS 7659
FAM-DB14BF40CE41,IS 7725
FAM-E0046F149D4C,IS 7734
FAM-F755D17DA7F8,IS 7736
FAM-4DD74D6528D7,IS 7737
FAM-D75191679D29,IS 7744
FAM-A727726EB2EB,IS 2749
FAM-C2D5341D681C,IS 3892
FAM-4A1B1C59146A,IS 6297
FAM-C01B8470F1F3,IS 7146
FAM-29AF4B0CCB80,IS 7544
FAM-3147082035E1,IS 7558
FAM-9352BADDE974,IS 7582
FAM-BC1B6A4970B5,IS 7602
FAM-2C0C2055AC88,IS 7706
FAM-6BC5C00CCBB4,IS 7707
FAM-C07CCE98E1DA,IS 1019
FAM-9C86001A16B4,IS 2007
FAM-03B3D5397FE8,IS 7520
FAM-BF8F822EBCEF,IS 7530
FAM-26F96A6F268E,IS 7535
FAM-A86C9C1B8B89,IS 7543
FAM-3B07373E0BB3,IS 7545
FAM-6F8F841CA095,IS 7549
FAM-0075548B25C6,IS 7562
FAM-F0723E6CE2D4,IS 7589
FAM-ADE71838E4B3,IS 7650
FAM-DF450DE19845,IS 7663
FAM-DB3DF9633CDE,IS 7665
FAM-32E8D0160FC1,IS 7671
FAM-9186113B3343,IS 7672
FAM-1E4C2FC124CA,IS 7676
FAM-ED6FAA872ED1,IS 7684
FAM-E984CE8237D4,IS 7685
FAM-B896E44C5AD8,IS 7726
FAM-A1551F857E2A,IS 7727
FAM-4E8EBC5FD4A1,IS 4072
FAM-8B91B8CDA1BA,IS 4415
FAM-54704D4748BB,IS 7518
FAM-3957A3803AA8,IS 7537
FAM-7440515C5579,IS 7560
FAM-8EFF590D8265,IS 7625
FAM-1A6878BC66C9,IS 7628
FAM-2EE902063FCE,IS 7629
FAM-C79EFE359008,IS 2589
FAM-49981B6E79CB,IS 7429
FAM-4E39E16FDAC3,IS 7444
FAM-36094907DEAC,IS 7495
FAM-1093E7E4D6F7,IS 1484
FAM-83263A5A0397,IS 7265
FAM-13339C92F750,IS 7393
FAM-7DBE77083ECF,IS 7420
FAM-4CCEE08BFB4D,IS 7425
FAM-E256AB564C33,IS 7428
FAM-2E240E4A7563,IS 7411
FAM-757CEB38FD62,IS 7370
FAM-86D04F435B74,IS 1120
FAM-C3FF3EFBBFC9,IS 1124
FAM-F7B5FC853FE9,IS 1862
FAM-4012F178938C,IS 3137
FAM-53B5EDBB5110,IS 4749
FAM-7ED893A8744A,IS 539
FAM-1C0C1E5571F1,IS 7357
FAM-FFE5E0F233B9,IS 7374
FAM-1C65AC2A5DB3,IS 7473
FAM-988435F284A4,IS 7477
FAM-773F5F2AD75E,IS 7481
FAM-0F4E3B06894A,IS 7522
FAM-B01DFA4CB302,IS 7599
FAM-518BAB8C2C60,IS 7604
FAM-32155FB57EC8,IS 1662
FAM-7D58A7A13EA8,IS 2292
FAM-C9ECE30D2868,IS 2293
FAM-E500C0D8D262,IS 2638
FAM-94385FCB2CCD,IS 7220
FAM-F118EB1CDC1B,IS 7303
FAM-2BE986D71F21,IS 7313
FAM-9582298733D0,IS 7329
FAM-EBAA4A6F2C26,IS 7344
FAM-2F0FAC4CED73,IS 7501
FAM-80BEB62B79FE,IS 7502
FAM-3F0449B9249A,IS 7507
FAM-261F8526EAF5,IS 7519
FAM-E72E52BD6B76,IS 7521
FAM-58F229917463,IS 2696
FAM-A67400514CCA,IS 2836
FAM-BA30541A52F1,IS 677
FAM-40DD24EEA34F,IS 709
FAM-8249AA6DB10F,IS 7315
FAM-43ED6E61D4EC,IS 7316
FAM-A311453031D0,IS 7366
FAM-4B4AD8F30F82,IS 7468
FAM-501664DC00D1,IS 7469
FAM-E92E759FA91B,IS 7476
FAM-270F60C6F054,IS 7480
FAM-3F0E8276AFB4,IS 7484
FAM-25A8F0CC7F55,IS 1900
FAM-769ECF175D88,IS 7215
FAM-AA92447B7955,IS 7273
FAM-68D52BBDC468,IS 7297
FAM-AB199C1128D4,IS 7307
FAM-EDD8983985D9,IS 7435
FAM-CCA16DB391D2,IS 873
FAM-6DEAFC284926,IS 2969
FAM-CC1E6E8C70F0,IS 2997
FAM-BB85A4C57230,IS 3174
FAM-E293E28621B9,IS 7203
FAM-EFA771F84074,IS 7242
FAM-5797D85556FC,IS 7243
FAM-CABEAB445793,IS 7244
FAM-60313B49CC56,IS 7293
FAM-1AB154CC9716,IS 7321
FAM-81C9B776303B,IS 7439
FAM-71EBCFDD6F53,IS 7442
FAM-04EF6DE70844,IS 7449
FAM-0CBE62C1F1B6,IS 7272
FAM-7F44A1210F0D,IS 2053
FAM-27F18BE26116,IS 2546
FAM-EBEAA9EAFCFC,IS 7186
FAM-1F0B168A9A62,IS 7198
FAM-DC9390076D36,IS 7235
FAM-C5E99E814F58,IS 7251
FAM-835104D41129,IS 7319
FAM-144B0DA02428,IS 7320
FAM-13D5932847F6,IS 7325
FAM-6A31916F342D,IS 7378
FAM-F357686DE1BF,IS 7387
FAM-76206A5167AB,IS 7403
FAM-BA1432F61A95,IS 2378
FAM-50BD866FBAA9,IS 3355
FAM-B9D1F2CBDC1B,IS 4204
FAM-D9D9684AC64A,IS 4970
FAM-B7ECFD04F29F,IS 7182
FAM-9989888D977D,IS 7232
FAM-E4E23D1C285C,IS 7347
FAM-C44203871DBC,IS 7222
FAM-296A36A42692,IS 7197
FAM-29AAA1998BCE,IS 1128
FAM-CDEB35BD8677,IS 3316
FAM-0427D9DB4200,IS 7114
FAM-968CE04E69D2,IS 7134
FAM-641C25F201D5,IS 7167
FAM-312AC402EE8E,IS 7196
FAM-F9FDD7AAB49D,IS 7205
FAM-641379DA752D,IS 7246
FAM-54CA81F7C75F,IS 7350
FAM-726970BEBA34,IS 7147
FAM-78730ED32BEF,IS 1573
FAM-ED60B71C47D1,IS 7088
FAM-47A7BCE19147,IS 7164
FAM-D8CDD0FB1A4E,IS 7188
FAM-33AEAFE6FF0D,IS 7093
FAM-E78DDC023758,IS 1743
FAM-77909F4CDE16,IS 6930
FAM-04220A71973F,IS 7072
FAM-45A25ADD6BE0,IS 7078
FAM-FCEA4D94FA0B,IS 7086
FAM-FFC36307684D,IS 7144
FAM-476E756A8787,IS 7161
FAM-9B12D554AB8D,IS 7162
FAM-3D14651CB2D6,IS 7174
FAM-290AA5B0B763,IS 7335
FAM-0525C713FD43,IS 7340
FAM-4C749C1BB14C,IS 1143
FAM-FC12E9823D24,IS 2311
FAM-96F133AB7CD4,IS 7054
FAM-CBC4ACCDDE52,IS 7127
FAM-9C6CC13D1D4A,IS 7128
FAM-B1D5FA25C8F6,IS 7137
FAM-57E2F81A81C5,IS 7138
FAM-B45E63E4B1FB,IS 7143
FAM-C81816E7A566,IS 7149
FAM-30D5B7D9DB2A,IS 7179
FAM-0AEB98891857,IS 7301
FAM-0725CC9E6E91,IS 1805
FAM-2679373D408D,IS 7003
FAM-99927C47D5A3,IS 7004
FAM-7A5F567489A1,IS 7047
FAM-C929B03B404D,IS 7209
FAM-A65E05F5D8E3,IS 7214
FAM-00B74F966B56,IS 7230
FAM-3B51A54A9BA2,IS 3523
FAM-A9EC1502CB5C,IS 413
FAM-715978EC911E,IS 6967
FAM-ED750C731A32,IS 7005
FAM-F2862CF5F907,IS 7125
FAM-D8D5C83B6CB0,IS 7177
FAM-0F250065B1D6,IS 845
FAM-9B966C756227,IS 3011
FAM-C42BCB5C6EF1,IS 3320
FAM-FEBD7FCEE3B0,IS 435
FAM-EDC6BB9CF6A5,IS 675
FAM-7EA7F050B2F3,IS 6854
FAM-D48F29309B03,IS 6916
FAM-242FCBDBF0FD,IS 6977
FAM-26B98E18FF45,IS 7009
FAM-E5C238EEB1BD,IS 7017
FAM-CB605EDC47E5,IS 7099
FAM-E73F385C78B2,IS 7100
FAM-465F3672745A,IS 7102
FAM-5693704103D4,IS 7115
FAM-ECC9086823E9,IS 7183
FAM-C095B12E55A7,SP 11
FAM-813E91D2887F,IS 3044
FAM-0168E7DE2382,IS 6749
FAM-483C9A3C7736,IS 6903
FAM-1F438D1F846D,IS 7010
FAM-71BD956EE056,IS 7011
FAM-AD5298012F0B,IS 7020
FAM-F150B09907AC,IS 7077
FAM-492AA733653F,IS 7083
FAM-952676011376,IS 2244
FAM-E7C46469A0D2,IS 452
FAM-E78838253EA3,IS 6921
FAM-5CE870348753,IS 6972
FAM-09B8F9DDF77E,IS 7040
FAM-B02288C889BC,IS 7041
FAM-E8F7A0181458,IS 7042
FAM-3973C630C770,IS 7043
FAM-2D9B01381BD2,IS 7091
FAM-080C983AD6D4,IS 6838
FAM-6FBEB2362C54,IS 6895
FAM-5E5A8437B051,IS 6935
FAM-FDEE09398C61,IS 6941
FAM-BAC5F6CFCEC2,IS 6963
FAM-E2FCCBA55FEB,IS 15
FAM-80D4E27F0046,IS 17
FAM-79866023ED5F,IS 6851
FAM-8A766400C2D2,IS 6865
FAM-6A731177784D,IS 6917
FAM-E9D9D3B1EA9A,IS 6945
FAM-B61A9EA62F19,IS 6948
FAM-2BA3C5718667,IS 6949
FAM-2D32FF7296A5,IS 6979
FAM-ECD3F66B40BE,IS 6993
FAM-967A65C97374,IS 6995
FAM-05CFFD11DAF1,IS 7034
FAM-516839090BCF,IS 1158
FAM-E9B72F6BA51E,IS 3821
FAM-F3766A3A31AE,IS 6441
FAM-3014D6EA6FA3,IS 6804
FAM-DD197551DE67,IS 6819
FAM-D5F6DF987360,IS 6852
FAM-7BDC4721FF05,IS 6853
FAM-16B22314A72C,IS 6902
FAM-7DFFB71C022A,IS 6922
FAM-62543117317E,IS 6924
FAM-9B81959088C9,IS 6975
FAM-4EC27264943C,IS 6982
FAM-6FA72E394FB8,SP 1650
FAM-6DD194110FEA,IS 4332
FAM-79459907E338,IS 6805
FAM-22C8DAC94411,IS 6925
FAM-4DBA40A1F639,IS 6960
FAM-9440B23D6B65,IS 6973
FAM-6CE8BBB72A7D,IS 6985
FAM-E17F4FE6E090,IS 6987
FAM-EE23795C7502,IS 6999
FAM-9801EAB0EF93,IS 7014
FAM-68A786B5D1F6,IS 1953
FAM-31C0F0F57C38,IS 6768
FAM-958A4A6FDFF5,IS 6769
FAM-6CF0BB1FAE6A,IS 6775
FAM-D1AB94C3FED7,IS 6791
FAM-C292DBAB896E,IS 6803
FAM-306133218CD9,IS 6833
FAM-BD84918C5AD2,IS 6942
FAM-A68160F969C7,IS 2260
FAM-1BB3818B86A0,IS 2789
FAM-9074BBF045A6,IS 3437
FAM-D53C61D41213,IS 6665
FAM-10961C3EE28E,IS 6707
FAM-434BCB31D63F,IS 6711
FAM-66A17367F746,IS 6754
FAM-4CD0E2D884B4,IS 6767
FAM-227F0BCD6FBB,IS 4804
FAM-5AB3E445358E,IS 2961
FAM-B577FEC7B2A0,IS 5112
FAM-727606C43E7E,IS 6675
FAM-6B248774C610,IS 6696
FAM-6619441574DD,IS 6700
FAM-721DDDD92E14,IS 6729
FAM-F21B4ADEFEC9,IS 6745
FAM-B16C93C6D10D,IS 6771
FAM-2B9D381C4DD5,IS 6744
FAM-02893A562AF8,IS 1527
FAM-BCA23EDBE8AE,IS 3019
FAM-69AD72AAAD12,IS 430
FAM-CB8BFE8F8EED,IS 431
FAM-AD1D9CE50E24,IS 483
FAM-F5D92B215FBA,IS 6524
FAM-98B195A3B547,IS 6532
FAM-4A48E9238160,IS 6655
FAM-C53D4FCC3283,IS 6668
FAM-71CA59C5250B,IS 6715
FAM-6AA47CAF3165,IS 6835
FAM-A801A6A19B17,IS 6836
FAM-4BDDED86F869,IS 6837
FAM-0FA6406A699D,IS 6841
FAM-00A78867CE35,IS 6845
FAM-25FC246FA9C6,IS 6860
FAM-15D09280850F,IS 6861
FAM-D8C597B42C72,IS 6881
FAM-B2B055AA211A,IS 6883
FAM-C0857C4AF8F9,IS 6891
FAM-C26C31AAF56F,IS 6892
FAM-0C5F2AA70838,IS 6904
FAM-855D2A6C00E5,IS 6905
FAM-A39241221C46,IS 920
FAM-933F968535E4,IS 1675
FAM-524CBAC79568,IS 3527
FAM-0402BF67E301,IS 6631
FAM-F07263231A47,IS 6638
FAM-8C68D5745141,IS 6640
FAM-3FAB4E742EA3,IS 6645
FAM-EFBDCA2352C9,IS 6650
FAM-2F6B39A2E93F,IS 6651
FAM-F22035512096,IS 6663
FAM-B25AEEC2C757,IS 6691
FAM-D328E57D253D,IS 6703
FAM-CC3795CBCA16,IS 6718
FAM-F6F76BEBC83E,IS 6821
FAM-A5B0D753FDC3,IS 6580
FAM-20AE712EB539,IS 6629
FAM-4058F8521C67,IS 6634
FAM-454BBC858A64,IS 6635
FAM-9D61A2FA2DE5,IS 6636
FAM-C1554569918F,IS 6653
FAM-7A60805F4B94,IS 6730
FAM-7C7F074878EB,IS 6732
FAM-BE7A7B46FA96,IS 6733
FAM-35E09606104E,IS 6734
FAM-1CB866FF5003,IS 6736
FAM-0923E4202315,IS 6738
FAM-034630310F2F,IS 6757
FAM-C34E077A43F6,IS 6760
FAM-1BB7D852B4A6,IS 6846
FAM-83687DCDAA33,IS 1347
FAM-388D08D68A48,IS 1508
FAM-D1FCC5AF4D00,IS 2340
FAM-EC36D8BC00BE,IS 5187
FAM-BCC55A1E9469,IS 6521
FAM-D3A96DA13F2B,IS 6637
FAM-79A64E90D09E,IS 6681
FAM-4380725232F2,IS 6722
FAM-B826B337B3BA,IS 6723
FAM-11EB8F6E0750,IS 6753
FAM-01C09672543E,IS 6800
FAM-A1B90A5FDB34,IS 6536
FAM-AB430B4C035F,IS 6593
FAM-BBC18B2E5951,IS 6596
FAM-FEF0B8E73A98,IS 6679
FAM-94E7459D61BB,IS 1129
FAM-D1A852D9DBA5,IS 2809
FAM-FDE30C5A6880,IS 6530
FAM-44EF16302785,IS 6588
FAM-1E6C21F0D30A,IS 6624
FAM-FA6EC65DD752,IS 6625
FAM-AB63472AB7F6,IS 6626
FAM-8C20C876BE5E,IS 6741
FAM-D65871A86CB1,IS 6743
FAM-738E1F903008,IS 6781
FAM-B38DDEC6FAE2,IS 1035
FAM-5A775112F0AC,IS 1661
FAM-E349750F5495,IS 6214
FAM-043A50731681,IS 6610
FAM-B7FCA4172E4A,IS 2168
FAM-8F84E5636389,IS 6412
FAM-D79CB01F0C82,IS 6506
FAM-8BDC9FF1C58A,IS 6516
FAM-C78F5D16B0F5,IS 6522
FAM-D26F464BE7DC,IS 6557
FAM-428993BAC57A,IS 1331
FAM-FDE02DF52B9D,IS 1498
FAM-20BDB0320B7D,IS 4224
FAM-34B57E504802,IS 6274
FAM-E10A71F03C20,IS 6318
FAM-77EB024580D7,IS 6367
FAM-D1EED4B8B339,IS 6425
FAM-119271745BDA,IS 6431
FAM-4BA64C131554,IS 6471
FAM-5E44EE707C0B,IS 6502
FAM-C4929D495058,IS 731
FAM-73D5956D7811,IS 2609
FAM-0BA715C6CE4A,IS 2636
FAM-A808FAE16E71,IS 6261
FAM-59659E140164,IS 6341
FAM-5D165721609E,IS 6346
FAM-12F0C5714A85,IS 6368
FAM-68D911C9370A,IS 6418
FAM-02772418107D,IS 6450
FAM-712C8D454847,IS 6534
FAM-1BE7FCE396BA,IS 1965
FAM-D49CBB58EBD6,IS 6207
FAM-09CFEF8BCE91,IS 6288
FAM-F9D0971C797D,IS 6306
FAM-BCAA633F4C81,IS 6328
FAM-DFED2D024693,IS 6360
FAM-FFF0341AA6F8,IS 6361
FAM-509DF05F56AA,IS 6190
FAM-94FFEF56F7D8,IS 6195
FAM-743979E8E936,IS 6230
FAM-00B214493089,IS 6277
FAM-C8FF5D4CCBFD,IS 6286
FAM-9A1259143387,IS 6302
FAM-46AF4DD4D4C7,IS 6409
FAM-1DBBF1FBF877,IS 788
FAM-4C838F411755,IS 6141
FAM-D84FF5A3DB01,IS 6260
FAM-C0FB2D1A0CAA,IS 6279
FAM-30973AA8CBE1,IS 6280
FAM-DB17EDEE7BD1,IS 6060
FAM-F8941B391108,IS 6142
FAM-18A117F3E1EB,IS 6179
FAM-E5CF08002007,IS 6184
FAM-26E4D7E6F03E,IS 6204
FAM-903167A1E654,IS 6228
FAM-5E5930C78673,IS 6259
FAM-0DBCE084C6C1,IS 6278
FAM-9AC23C5B5B75,IS 6414
FAM-FCC44542F2E6,IS 6421
FAM-C4CECA4BC5FE,IS 6422
FAM-DD8709FD30D1,IS 666
FAM-115C105D8C8C,IS 741
FAM-1C65E4DD0E46,IS 6413
FAM-65B2AA31B28C,IS 2669
FAM-810A66BAA07E,IS 2685
FAM-4D99DBCCD2B7,IS 5860
FAM-3AFD6BA5E9AA,IS 6027
FAM-6D06928EE69C,IS 6064
FAM-4F9947169D90,IS 6153
FAM-43B83BAED1CD,IS 6335
FAM-44DC5AD8999A,IS 6374
FAM-6E97C65AA99A,IS 6074
FAM-2EA01AA22F18,IS 1477
FAM-672986671CE3,IS 2571
FAM-783DDFD8AB3F,IS 5952
FAM-96085D4879F5,IS 6056
FAM-7DD20DA1B1A6,IS 6062
FAM-36CFAF184347,IS 6063
FAM-94CB969CE439,IS 6126
FAM-BC9CAD59E8E0,IS 6140
FAM-914406C2501A,IS 6148
FAM-A912FA25FBA7,IS 6194
FAM-0961CAFCF7B6,IS 6237
FAM-5EEFBB05D1AA,IS 6324
FAM-F1ED2F433D50,IS 6325
FAM-616C5BCF3D2D,IS 757
FAM-94C7F242A133,IS 6042
FAM-D57B5E41E90B,IS 6058
FAM-101E57F6B1B1,IS 6108
FAM-CA31AC5B3F59,IS 6123
FAM-64BD4DA8C190,IS 6176
FAM-3FE528EE90CF,IS 6285
FAM-5BEB48AD144E,IS 6310
FAM-DEEAF98E4AAC,IS 6321
FAM-E9D61E493A6D,IS 6377
FAM-DBC192BAFB75,IS 6443
FAM-64D6086355D7,IS 6133
FAM-E7BDFDC5B711,IS 2243
FAM-5AACCF85A95A,IS 2554
FAM-489F2CC5E283,IS 6049
FAM-86429D09B570,IS 6106
FAM-59F7A65C8F63,IS 6109
FAM-123491A58DB3,IS 6154
FAM-785723B4B84B,IS 6276
FAM-4DA41361142D,IS 822
FAM-B40999528385,IS 1377
FAM-EBD9282BE346,IS 5947
FAM-63161C485EE9,IS 5948
FAM-72101951B96A,IS 6196
FAM-3EF1208E4F18,IS 6221
FAM-8BF5EFC0C0F3,IS 6222
FAM-66FC53EC92A2,IS 6223
FAM-BA34B26A5B4B,IS 6238
FAM-1A6620E673DB,IS 6275
FAM-4974AF26A7E5,IS 6434
FAM-3742A4198032,IS 6435
FAM-922D3A885B42,IS 5875
FAM-9B25F5229F99,IS 5857
FAM-29E54BC591C7,IS 5886
FAM-EFB424FA2EE8,IS 5898
FAM-3F62DD7A3296,IS 5928
FAM-9D8AAC97714A,IS 5978
FAM-9B34A861EA1F,IS 6050
FAM-7A2A3530FA4E,IS 6051
FAM-4362F8FB5C08,IS 6166
FAM-7AC9DEE928BB,IS 6167
FAM-ECED518AC535,IS 6187
FAM-9DD557B4D4AB,IS 5858
FAM-FAAD87633344,IS 5813
FAM-532127781650,IS 5915
FAM-5BBBE9E58147,IS 6150
FAM-969DB74FFB90,IS 6232
FAM-701CCDEDECC4,IS 1197
FAM-8C042E055F25,IS 1568
FAM-2F736EA7DF7C,IS 5806
FAM-07D334F0CD30,IS 5859
FAM-397B137ADA65,IS 5961
FAM-EAE01AB984C8,IS 5976
FAM-70A0331FFC76,IS 5991
FAM-F577F776C3E7,IS 6069
FAM-E8C3FEA29759,IS 6105
FAM-C63051B61967,IS 1480
FAM-5914792BE264,IS 2100
FAM-118274ADD014,IS 5711
FAM-4A7B835E5C67,IS 5731
FAM-EC15BF0730DF,IS 5838
FAM-4BC78554FB00,IS 5888
FAM-FE2AF7A29820,IS 5899
FAM-BB7CF9CB34CF,IS 5901
FAM-54280B2E7731,IS 5922
FAM-02D39E68E63E,IS 5992
FAM-C8C2A765DFD8,IS 6083
FAM-A883C7366B6F,IS 6129
FAM-5CA14E5930E6,IS 1029
FAM-4DC0B00AB4F4,IS 1492
FAM-430A966FBA5C,IS 2825
FAM-2789D8F19212,IS 5737
FAM-747736BCA2BC,IS 5750
FAM-2AB6AB0A36E2,IS 5752
FAM-BA4642C34BAB,IS 5762
FAM-1CDE62765BBC,IS 5766
FAM-EDB784D9B400,IS 5798
FAM-6570673D7E17,IS 5799
FAM-3561D260B33A,IS 5873
FAM-E208626E4697,IS 1127
FAM-02AA1080A29A,IS 3295
FAM-D56DA04691AE,IS 5685
FAM-F6B6A5A2C95A,IS 5726
FAM-AFDEEBC5561D,IS 5995
FAM-EFCC2E05584A,IS 6000
FAM-C996C606819F,IS 816
FAM-87AC6017772F,SP 8
FAM-2A565A7D7DE5,IS 1186
FAM-32B985E7CC51,IS 5597
FAM-FCAC57EF72F7,IS 5606
FAM-817F6B14203B,IS 5680
FAM-1E7EABFDFEDE,IS 5687
FAM-AB5388AABABB,IS 5694
FAM-F0024A8EFF09,IS 5699
FAM-0210C541900C,IS 5730
FAM-008EADB7627C,IS 5963
FAM-A821B0D748A3,IS 5964
FAM-256A2DF7F742,IS 5640
FAM-B607B52CD317,IS 5756
FAM-7A908014159D,IS 5840
FAM-94AC76EE21BF,IS 5880
FAM-1F99A88D005C,IS 5882
FAM-99BF55772327,IS 5907
FAM-78C0274B6F2B,IS 5926
FAM-161BDC663391,IS 6113
FAM-3041305C5D75,IS 5622
FAM-A63337331207,IS 5667
FAM-4D4415E4C5D4,IS 5683
FAM-ACED1B9AB951,IS 5686
FAM-6DF68B3985DF,IS 5734
FAM-4CA868C9E629,IS 5748
FAM-75931979BAE7,IS 5499
FAM-0E49D766ABDB,IS 5510
FAM-5A2CDC9886A3,IS 5638
FAM-1848712F81A1,IS 5738
FAM-5D53AAA41659,IS 5939
FAM-E8B41CC1430E,IS 5943
FAM-5304A05E56E2,IS 1638
FAM-5437A1C2991D,IS 5525
FAM-AA1996632F2A,IS 5558
FAM-C45E9FA69C9A,IS 5637
FAM-FB58DE9DE124,IS 5639
FAM-AA9C96034019,IS 5657
FAM-BD7800A44FD7,IS 5659
FAM-A433AC8CA6B9,IS 5663
FAM-47EEE69B72B9,IS 5697
FAM-963CECC89AF5,IS 5803
FAM-734C0046679F,IS 5491
FAM-234019757658,IS 5534
FAM-A662193497FC,IS 5596
FAM-9A6D5AA1DFC4,IS 5625
FAM-79D7E7777286,IS 5628
FAM-33A97848E1F8,IS 5646
FAM-6CF3D0F6CD48,IS 6437
FAM-D5996F3FB52F,IS 698
FAM-401D45BA698E,IS 13792
FAM-FAF8F44AE17A,IS 1940
FAM-1ADEF3B0F7D6,IS 5520
FAM-4B824C526EAD,IS 5536
FAM-426AAE9079E7,IS 5539
FAM-FDBBED7B29BB,IS 5567
FAM-7C8D45F2415F,IS 2597
FAM-681B810A06A2,IS 5323
FAM-C9E3D4032CEA,IS 5328
FAM-BA7F508D63FB,IS 5415
FAM-C5AF0DEF321A,IS 5631
FAM-97959EBA0478,IS 5698
FAM-B70D1C6A1E14,IS 5796
FAM-BD7311791755,IS 5318
FAM-DE97B9CDBDFD,IS 5386
FAM-FD8331BEE9A0,IS 5398
FAM-519229E6B9E6,IS 5399
FAM-6D1630B396C1,IS 5400
FAM-ABCEA5E09F95,IS 5495
FAM-EE83BFE06ADD,IS 5258
FAM-4DF2C29DEB86,IS 5389
FAM-BA54E4188E2F,IS 5574
FAM-CF585E7EB530,IS 5585
FAM-4E0EDFB2B584,IS 5589
FAM-4484AD5B0304,IS 5590
FAM-6936F835F003,IS 5601
FAM-B51B0F538354,IS 5607
FAM-9FF4D74659C7,IS 5291
FAM-8E6B26527472,IS 5427
FAM-C218E4B62762,IS 5300
FAM-BB160933D95A,IS 5376
FAM-B40309C4193D,IS 5455
FAM-E8F7CAE81989,IS 5478
FAM-2B8665F14BA1,IS 5548
FAM-82B4F2D1F6E4,IS 5586
FAM-F40CE5A1079F,IS 5702
FAM-24398D3C0C7F,IS 5327
FAM-578F4B41ED50,IS 3632
FAM-F1A344FD7C38,IS 5237
FAM-53CDB7160546,IS 5253
FAM-14AB68CD53D7,IS 5257
FAM-4F1919D2AC69,IS 5270
FAM-859A0B700F95,IS 5278
FAM-B88449873FCF,IS 5279
FAM-018BA1C56BC4,IS 5283
FAM-FBC70D404313,IS 5305
FAM-598370A32647,IS 5161
FAM-583C1132B94F,IS 5184
FAM-686A404B428F,IS 5207
FAM-512E3F8E514D,IS 5218
FAM-466B33A440CB,IS 5360
FAM-073AC85BBCBE,IS 5362
FAM-EFD1B50F9D4D,IS 5364
FAM-6845E2EFF2D8,IS 4043
FAM-B2E8B9CDCBAD,IS 4864 to 4870
FAM-27D60632561F,IS 5142
FAM-14D91F14A6D1,IS 5194
FAM-2004C3482290,IS 5204
FAM-9B0DCCEAF77C,IS 5213
FAM-4A35944053B8,IS 5240
FAM-C9F8BE6A6406,IS 5396
FAM-24EAAD6A710B,IS 5397
FAM-13D41660F450,IS 1317
FAM-74BC2E44FD47,IS 5123
FAM-A90B067C8C34,IS 5159
FAM-0D372BDEF7A4,IS 5201
FAM-1236B5A72AAF,IS 5205
FAM-C57A1C840483,IS 5368
FAM-64468F7EF000,IS 5370
FAM-8A7CF8BCCEF3,IS 5373
FAM-83E77B08F34E,IS 1130
FAM-AA4B67641182,IS 4881
FAM-3D92CF8798C0,IS 5118
FAM-6B313F58C8B3,IS 5130
FAM-49AC9850FFF0,IS 5146
FAM-3FB9989F498C,IS 5150
FAM-2F6644F9FD8F,IS 5151
FAM-C74E02995CFE,IS 5153
FAM-7B3FF6169853,IS 4809
FAM-0E5416A24B99,IS 4810
FAM-E1F4A72760B7,IS 4890
FAM-7B75770E754D,IS 4966
FAM-F55DB5811669,IS 5035
FAM-1690DC790436,IS 5087
FAM-B7FE4C3F1869,IS 5098
FAM-441AFF702B87,IS 5119
FAM-73B8C9063B83,IS 5122
FAM-FFB7F1E5F00B,IS 5148
FAM-3E15C8A89A11,IS 5181
FAM-018599A6694C,IS 4595
FAM-B8D7BFE20775,IS 4610
FAM-1A3C5C32C7BB,IS 4983
FAM-F6D8546CDE94,IS 5036
FAM-2629915C8E05,IS 5044
FAM-A8CF56D51FEB,IS 5048
FAM-7C69F0268545,IS 5053
FAM-92A1BAEE194E,IS 5059
FAM-A27A435DB7BC,IS 5066
FAM-247DE5676910,IS 5067
FAM-831ED34036FD,IS 5068
FAM-D4291B7C8748,IS 2769
FAM-7CAC57A8FF23,IS 4877
FAM-8ACD3AFA6A78,IS 4920
FAM-66899D435A1F,IS 4924
FAM-5FC266B1290C,IS 5015
FAM-06C18980E7CE,IS 3414
FAM-1CDF68D3578A,IS 5006
FAM-A4B4FE4E2674,IS 5011
FAM-785CA8BC7DD2,IS 5094
FAM-E93F039D055F,IS 5108
FAM-BA3219DA1DBB,IS 5109
FAM-F318D2E03937,SP 1
FAM-34966C2C4A8E,IS 4871
FAM-80538B5F6A3E,IS 4913
FAM-406950E69344,IS 4943
FAM-C9B8B64AE612,IS 4954
FAM-17A9414EA6B6,IS 805
FAM-8EC920A427DC,IS 4952
FAM-7D3C2A50A545,IS 4844
FAM-F183DFFC9F14,IS 4859
FAM-E758648FE289,IS 4860
FAM-A92AF552E196,IS 4936
FAM-592EF35AC222,IS 4957
FAM-29D820CB60D5,IS 4960
FAM-27934B06A353,IS 5089
FAM-377F79A63455,IS 5100
FAM-F47F108B95A6,IS 5102
FAM-9B05DCF4C71B,IS 5103
FAM-E4BEFCA36A9E,IS 5104
FAM-171D419D0E1E,IS 5105
FAM-B4A0FFE2936A,IS 5106
FAM-1E39A03E4EEF,IS 2524
FAM-45C8FA1FF70E,IS 4561
FAM-8EFEEAB94FED,IS 4777
FAM-91B63C2D629A,IS 4834
FAM-0D22D561C575,IS 4858
FAM-3AAF3F4F692C,IS 4787
FAM-1B54EDFF99D4,IS 4798
FAM-D05D4C5E3019,IS 4806
FAM-FC0BA1C5ADDB,IS 540
FAM-3F0CE0DEE184,IS 2236
FAM-303B8FBE4794,IS 3218
FAM-1AF2EBB97ABE,IS 4503
FAM-F64816B49700,IS 4735
FAM-F0A4D9B0A8A9,IS 4741
FAM-411792E86538,IS 4769
FAM-CAAAB168507A,IS 4921
FAM-56D225186323,IS 300
FAM-3F456E023674,IS 400
FAM-30A113FFA733,IS 4513
FAM-EB09948A0803,IS 4700
FAM-D4327AD316B7,IS 4703
FAM-AFEEAA3FBD5E,IS 4731
FAM-D3A6F837AF95,IS 4732
FAM-5E1CF32528B3,IS 1
FAM-C28EED89694E,IS 3191
FAM-75DE860F57B4,IS 4594
FAM-4D35D273DAA3,IS 4697
FAM-BDEA5FB2ED52,IS 2020
FAM-C0719E658CAE,IS 4579
FAM-29F765A29B21,IS 4601
FAM-1095F9D300F7,IS 4616
FAM-AD80CF1D5E65,IS 4683
FAM-9F8CB3E99117,IS 4693
FAM-DCF8DEAE1DD3,IS 843
FAM-1725DF4BA15B,IS 4567
FAM-E4BCB81AAB70,IS 4596
FAM-F631F6E50FC1,IS 4597
FAM-959F69CF45DF,IS 4602
FAM-DEB5734FB954,IS 4625
FAM-851CDFA1A4C1,IS 4627
FAM-8E3E70107F18,IS 4632
FAM-6943022637EF,IS 4648
FAM-4A8723277D17,IS 4649
FAM-425E1BBE8454,IS 4650
FAM-CE8F93DAEA0E,IS 4673
FAM-C66BAC53BAB6,IS 4675
FAM-1D7A430904EB,IS 4677
FAM-2FD63DBD94EB,IS 1961
FAM-E5A9A14AE4A8,IS 4593
FAM-18663D91424B,IS 1408
FAM-D92463D18C52,IS 4033
FAM-0C52D8970D19,IS 4425
FAM-52407C43D5CE,IS 4492
FAM-A726331AA6B4,IS 4494
FAM-28541B5029F7,IS 4529
FAM-87E67C72444B,IS 4535
FAM-84FC7AE19BBA,IS 4548
FAM-C5CCC820EFDA,IS 4549
FAM-34DC0637F1C0,IS 4550
FAM-6822E3F7CF27,IS 4554
FAM-4DCD6E4A1FCD,IS 4556
FAM-7255A95D704D,IS 818
FAM-42F082D1535D,IS 842
FAM-972B1F077A29,IS 4327
FAM-810B6184CA15,IS 4486
FAM-87C98A629819,IS 2766
FAM-3BA2D5207F4C,IS 4483
FAM-744B568E6F09,IS 4490
FAM-4445D886064E,IS 846
FAM-3EC8FDFA919E,IS 847
FAM-93C437E4CBFC,IS 1169
FAM-C6B2158A9E7B,IS 1727
FAM-DF8EA5D0D008,IS 2016
FAM-A968D6089275,IS 2390
FAM-A6A469D349B7,IS 2801
FAM-76322A497101,IS 3073
FAM-7A7EBCE4FC2E,IS 4180
FAM-9455C7A7930A,IS 4191
FAM-5591C81E3502,IS 4207
FAM-EB956B83739F,IS 4350
FAM-BE95C1F6599D,IS 4380
FAM-3EF4CE6D3F11,IS 4381
FAM-1EB9A85434F0,IS 4424
FAM-891AA1D7A22D,IS 806
FAM-213706C44792,IS 4365
FAM-C7346D88F424,IS 2770
FAM-6C2AC80BDBD8,IS 4347
FAM-B4D1D847AFE5,IS 4352
FAM-1F35E45780C1,IS 4354
FAM-7AB4714D6796,IS 4407
FAM-3D9DBF6BDD39,IS 4455
FAM-7C766F37B720,IS 4458
FAM-5A249A3F26D4,IS 957
FAM-BBD7BBFC85A3,IS 2312
FAM-D446A7D3CC8A,IS 4088
FAM-A2D827C8B847,IS 4312
FAM-6D41BD9C2782,IS 4328
FAM-0EC7A033BAB3,IS 4329
FAM-791291D29077,IS 4330
FAM-7E7BA154F12E,IS 4342
FAM-45A5571401B3,IS 4056
FAM-68BF4BB79DAA,IS 4115
FAM-D3A637A9C236,IS 4178
FAM-E1C5F0A222BF,IS 4210
FAM-41FCE19A9D67,IS 4248
FAM-AA96A0BECA6A,IS 4267
FAM-4D383CE33210,IS 4285
FAM-1BE1B56E0632,IS 2232
FAM-50058D6BAE68,IS 4035
FAM-1B24F190E1F2,IS 4036
FAM-0C00ED310226,IS 4037
FAM-82E826ED753C,IS 4244
FAM-98D4F121F12D,IS 4245
FAM-85F2E9629ACA,IS 2271
FAM-0D714A0620C3,IS 2377
FAM-344B26A40F2F,IS 4010
FAM-B4118714D6C4,IS 4166
FAM-F59807A61B4A,IS 4170
FAM-C7D303F19F30,IS 4181
FAM-49FB2CEBC544,IS 1179
FAM-1AAA7F966B42,IS 2008
FAM-32EB32B367C8,IS 2338
FAM-B831B3E65DBD,IS 3579
FAM-9C65117AFC7A,IS 4129
FAM-68E8708D2BEF,IS 4134
FAM-706DC6409E64,IS 3274
FAM-32B2DBF68B9F,IS 4094
FAM-EBAB393B2172,IS 4104
FAM-9DC2514C9AB2,IS 4121
FAM-98E899C1646E,IS 4122
FAM-5F44F2CD183B,IS 4131
FAM-76D65074C118,IS 3953
FAM-F2AD34FAF4EE,IS 4066
FAM-B85F55AEAD3E,IS 4067
FAM-DE04197C587E,IS 4073
FAM-CD056748BE56,IS 804
FAM-BED9BE06D149,IS 3508
FAM-1D8A1BCFA781,IS 3919
FAM-205834BEDBC5,IS 3978
FAM-2244C7B6159D,IS 3990
FAM-4D91A32339EB,IS 3867
FAM-7CD64FE4A732,IS 3878
FAM-2CABEE7F7028,IS 3886
FAM-3675CB53FD9A,IS 3922
FAM-77E8D21FF3BF,IS 3935
FAM-57F90D39E919,IS 3974
FAM-A57C77842655,IS 3845
FAM-43508DA7FAFD,IS 3864
FAM-326A015CE7F4,IS 3915
FAM-386AEADC6735,IS 3918
FAM-9F36628EF98D,IS 3936
FAM-8A61BFF4FA7B,IS 3806
FAM-7AD0C696D0C0,IS 3838
FAM-95A38AC6CFDA,IS 3862
FAM-921334B5A9E7,IS 3882
FAM-A1D5903423C0,IS 3893
FAM-98316AA7ED44,IS 3639
FAM-B8C0D91CDE37,IS 3685
FAM-46CF169BA80A,IS 3828
FAM-8526CBF6DE9C,IS 3516
FAM-1F43C7FCFB4B,IS 3767
FAM-CAD5AAB73B96,IS 3787
FAM-717ACF6749F2,IS 3793
FAM-B9BB4DC3FA6C,IS 11929
FAM-8790130896E3,IS 3704
FAM-D753B5D88089,IS 3709
FAM-80AFBF887F4F,IS 3727
FAM-B1CD1566ECC0,IS 3686
FAM-8D194879FC79,IS 3693
FAM-55EEE9CC9797,IS 3725
FAM-EB668E02FF62,IS 3743
FAM-100CDE2CA5F4,IS 2672
FAM-A4AC900CBE0E,IS 3219
FAM-45B4DFFD7B10,IS 3220
FAM-B91D414BB9B8,IS 3221
FAM-6F86F9DDF08E,IS 3259
FAM-42DE72D8A496,IS 3507
FAM-E079E341B6B9,IS 3509
FAM-ED17C3C1E1FE,IS 3618
FAM-7B4B9BD04244,IS 3637
FAM-332B79271CB6,IS 3638
FAM-8229AD2317B2,IS 3602
FAM-B91DF5744750,IS 3636
FAM-A0F8C4F19DEA,IS 3271
FAM-6109F98981B0,IS 3276
FAM-F68475851B0B,IS 3278
FAM-691AADF3E3D8,IS 3543
FAM-BDACCFA7543B,IS 3599
FAM-308D8C708B88,IS 3635
FAM-607ADA7FC549,IS 3273
FAM-3391B23AB740,IS 3275
FAM-42C570BAB656,IS 3382
FAM-33CC16552A56,IS 3432
FAM-7CAFF689A473,IS 3569
FAM-81B29BA9A97F,IS 3272
FAM-7C924621FBC6,IS 3478
FAM-3D26303478A5,IS 3479
FAM-B429FA8E18DF,IS 3481
FAM-1D3D943137C5,IS 3483
FAM-0A2241A65C8C,IS 3501
FAM-85147F72E744,IS 3512
FAM-DFC23F168ECA,IS 3515
FAM-767BEBBB06C9,IS 3529
FAM-EF9F9F77272B,IS 3539
FAM-64054E824355,IS 2951
FAM-C27F797FE7A2,IS 3492
FAM-C9000E4044A3,IS 3369
FAM-0D94331E2DD4,IS 3372
FAM-830F2792DD36,IS 3391
FAM-52DF87B60C36,IS 3402
FAM-279F5B9D7639,IS 1458
FAM-85154F735FE3,IS 3348
FAM-64A61C64D684,IS 3343
FAM-9669C0858DC4,IS 3173
FAM-3145481A2185,IS 3187
FAM-048D2A1BF1CE,IS 634
FAM-11052E8C2962,IS 1047
FAM-512381DC963B,IS 3048
FAM-4E907741542F,IS 3155
FAM-80AE33D0BC38,IS 3032
FAM-E3CA2F000669,IS 3096
FAM-A2DBE2290745,IS 552
FAM-1F622B0DF057,IS 3042
FAM-AB9B30150D0E,IS 3066
FAM-21AE03C7D15F,IS 3085
FAM-02AA27E2D78A,IS 3113
FAM-6DE093B73FA5,IS 3135
FAM-BA0EB9E4E9EB,IS 3140
FAM-C9AF927530A2,IS 3033
FAM-0F12EABAD305,IS 3080
FAM-17C3DBD0CA92,IS 2277
FAM-F3472AC62422,IS 2981
FAM-154F57984524,IS 2976
FAM-75BC561C26FE,IS 406
FAM-D522B31FD058,IS 2808
FAM-713B9779179B,IS 2966
FAM-004D6C5C8E06,IS 2860
FAM-5F9D3251A65A,IS 2868
FAM-FEC16E00161E,IS 2869
FAM-59C9E19C8E3F,IS 2964
FAM-0CAD309DCDAA,IS 2979
FAM-6E43C18C03FE,ISIHB MMAW
FAM-F002CBF1CFF5,IS 1543
FAM-ECDA47CD74BE,IS 2195
FAM-FF66B6868C46,IS 2805
FAM-118B50273951,IS 2754
FAM-A0737AE35754,IS 2792
FAM-316AE453A9F1,IS 2803
FAM-21DD9A95DB75,IS 399
FAM-C757E3C339CD,IS 2550
FAM-AB54426A1E02,IS 2750
FAM-31AC6072555E,IS 2679
FAM-4DD1109759BE,IS 2734
FAM-DE5170B889C6,IS 403
FAM-7CFC5B6E507E,IS 2671
FAM-95AE02BFB1B4,IS 321
FAM-F2739DD35E51,IS 360
FAM-72C64CD85DDF,IS 207
FAM-E0C50547ADD7,IS 2502
FAM-A8167485F79E,IS 2504
FAM-52489117F28A,IS 2620
FAM-8D628F8409B7,IS 2647
FAM-AE6ADAC8022D,IS 2386
FAM-C314AFCB45F2,IS 2611
FAM-46EA527F8CB5,IS 965
FAM-C17374B4ED75,IS 2539
FAM-179A44E884A2,IS 2584
FAM-E368DED50E2B,IS 2471
FAM-F00C22EEDB42,IS 2526
FAM-B5D40E48E625,IS 2561
FAM-64B151E673E5,IS 2166
FAM-B31821A70F1A,IS 2476
FAM-DC9DB6810B95,IS 2495
FAM-36E0AF01246D,IS 2498
FAM-A7BF6A93AC78,IS 2341
FAM-0735919A03FE,IS 2464
FAM-A93048590E69,IS 2402
FAM-1155C02C7F5F,IS 2408
FAM-E34070439FE5,IS 2411
FAM-209578D063F5,IS 2448
FAM-B6A1B537D3C3,IS 2466
FAM-A0CBB4E38C84,IS 1952
FAM-74407321022C,IS 2194
FAM-AFD1CCBEE3EA,IS 2376
FAM-80D29FA7ECD4,IS 2383
FAM-0DFB08CEB026,IS 2259
FAM-A5086717B7D8,IS 2288
FAM-723CDFCF3F5E,IS 2304
FAM-9882332691A8,IS 2320
FAM-A9A060470FAB,IS 2321
FAM-3EC447ADA122,IS 4499
FAM-38866EE24A95,IS 2262
FAM-0E8BC1F0222C,IS 1049
FAM-A7B4619BC442,IS 2025
FAM-2D4AD92EC8CB,IS 2245
FAM-E18B3FCFED06,IS 2204
FAM-B9B4D09DE880,IS 1393
FAM-C41CFA43EB53,IS 2164
FAM-76B6D1228EB2,IS 2174
FAM-A55FABDAA202,IS 1649
FAM-4BF87205D196,IS 1950
FAM-B1B4605CFE07,IS 2085
FAM-F50F4B20777E,IS 2155
FAM-6E93AF916873,IS 1998
FAM-A4CFEFE33249,IS 1955
FAM-B039F4F92BF7,IS 1957
FAM-85507B043CCE,IS 725
FAM-FE8AB394C996,IS 1928
FAM-A003DEFD51F4,IS 1850
FAM-91DE87C10B89,IS 1779
FAM-F860FA0E8937,IS 1817
FAM-1FFFBBDEE56A,IS 1780
FAM-F6700953290E,IS 1842
FAM-AAF0EB5F43F2,IS 1289
FAM-978C804F058E,IS 1764
FAM-3FE1C506B1E1,IS 1736
FAM-8DFCD2A7ACAB,IS 1701
FAM-443C250DF041,IS 1676
FAM-C5F8591E24D4,IS 1639
FAM-C8153BACA123,IS 1081
FAM-2552521BE1B9,IS 1194
FAM-031C8BD0A774,IS 1526
FAM-A37DC86FC16D,IS 652
FAM-D086646B0A56,IS 1409
FAM-421DA15F2D04,IS 1261
FAM-FA5B0FA734C6,IS 988
FAM-A724B8380B3F,IS 963
FAM-3E6576E7E499,IS 1105
FAM-20DF0B884BAF,IS 866
FAM-148ECD9C1BF7,IS 819
FAM-307FA12424AC,IS 457
FAM-AEA86D6F6425,IS 231
FAM-A0048970CDB9,IS 787
FAM-9EDB7037B287,IS 880
FAM-2217D3FAEF82,IS 595
FAM-0255B4759CE5,IS 1929
FAM-330E27BBB57A,IS 5009
FAM-EEDCE9A53F8F,IS 11617
FAM-3630528237B0,IS 16016
FAM-01A97CAAF182,IS 252
FAM-AB57DD2D441A,IS/ISO 6747
FAM-0255D564C5EC,IS 10001
FAM-8CFF17643B72,IS 10460
FAM-E63EC4EC26ED,IS 10771
FAM-1D15FBC34B59,IS 10800
FAM-715DEDC74B19,IS 11497
FAM-C87A12C83F36,IS 1201 to 1220
FAM-4C9C4EA22BEB,IS 12439
FAM-99592BFCBA60,IS 12734
FAM-83D1522D282D,IS 12776
FAM-DBD3AC030742,IS 1278
FAM-F5D8F47AB5AB,IS 12818
FAM-7A548610BEE0,IS 13160
FAM-42D38DA73727,IS 1327
FAM-A8F2871FCC49,IS 1378
FAM-5CB2B1C2EB51,IS 1419
FAM-012FC3F3507C,IS 14208
FAM-15F5C723261C,IS 1424
FAM-20C3C0A844F4,IS 1431
FAM-30D632629A99,IS 144
FAM-FFC362E09782,IS 145
FAM-9F18F54A9C3A,IS 146
FAM-5E826CA456E6,IS 147
FAM-A8C38056B0C3,IS 150
FAM-7E3AC577DFD2,IS 1514
FAM-72FA09B42BC5,IS 15254
FAM-256C2D5845B1,IS 15302
FAM-855F472ACC8D,IS 15303
FAM-774A7E0A25E2,IS 15454
FAM-F073159AC459,IS 15587
FAM-C0406AE672F7,IS 15777
FAM-0E2BFBAD6FF4,IS 1734
FAM-6CF1725C7336,IS 1852
FAM-16EBBA62B6D9,IS 1899
FAM-EB9830CF8481,IS 2216
FAM-611CDBFE3BCA,IS 2255
FAM-9419D8686DFF,IS 2373
FAM-FC08A947B8F7,IS 2578
FAM-B3F9642CD706,IS 2701
FAM-C5BC442CBD58,IS 2719
FAM-4CAE77F7A869,IS 3318
FAM-8B3121327F85,IS 3321
FAM-91E765EAFD0A,IS 3345
FAM-1798E0FCEA80,IS 3462
FAM-C2CC42EB5F43,IS 348
FAM-79048C058EC0,IS 3659
FAM-29EB6289A8BA,IS 383
FAM-6D065333C15D,IS 3874
FAM-FBF25A14C0CA,IS 3962
FAM-1AD81746800F,IS 4032
FAM-EDB2A6403356,IS 4135
FAM-EB7420A9D921,IS 4141
FAM-B3D5903BC3BA,IS 4143
FAM-BFA072DBA8BD,IS 4144
FAM-7E8884A589AB,IS 416
FAM-68D7795E3450,IS 417
FAM-D2B280862D90,IS 423
FAM-12016E1D7256,IS 4249
FAM-8E38D6E85A3E,IS 4266
FAM-B25DB5CC144B,IS 4336
FAM-C43FD687EA67,IS 4373
FAM-4082D3738F2B,IS 4527
FAM-40AC3D392D98,IS 4553
FAM-6336089FDDD3,IS 4587
FAM-C2A95ECC9EC1,IS 4614
FAM-7D7122D71D9B,IS 4655
FAM-953686BADCDA,IS 4663
FAM-B529C7C2CE85,IS 4761
FAM-50D89265D023,IS 4807
FAM-4322C93A7B74,IS 4979
FAM-CA0535BE6023,IS 5022
FAM-91B457C17EF9,IS 5172
FAM-98ABEBEC9D8C,IS 5173
FAM-7C86BE10E7FC,IS 5214
FAM-4BF6090DCB98,IS 5268
FAM-5F2E3E1DD421,IS 5301
FAM-6CCBEEEAD3CC,IS 5349
FAM-3BFDB0EBDBBF,IS 5379
FAM-4D24E44FF9E3,IS 5440
FAM-8EBE4E4D6B24,IS 5480
FAM-74F7FF804920,IS 5535
FAM-C4E09B2592B9,IS 5555
FAM-534DA9E63660,IS 5579
FAM-A00079EEE247,IS 5744
FAM-10ED8C7D6035,IS 6047
FAM-65C5E8A5C897,IS 6269
FAM-D364A4288B10,IS 6389
FAM-0ECAB71E4FAB,IS 6479
FAM-FBE217ACA40F,IS 6529
FAM-A8C8DBB5DDAF,IS 6599
FAM-12764B200ECF,IS 6623
FAM-2ACCED0F2087,IS 6639
FAM-6E056EF9E8E8,IS 6739
FAM-5C094834F358,IS 6783
FAM-A901330DE5ED,IS 6869
FAM-7E378C5926C3,IS 6951
FAM-45AB12D391C6,IS 6974
FAM-1A9C8B865708,IS 6978
FAM-2A8A7349278D,IS 7538
FAM-C13ADF9CD2CD,IS 7572
FAM-2EB93105BE0F,IS 7899
FAM-337A32C99E47,IS 7915
FAM-25D8451B1370,IS 7928
FAM-76FF201A3513,IS 809
FAM-3E4C14950FA8,IS 829
FAM-729BA3585BDF,IS 8335
FAM-47C430369CE7,IS 8343
FAM-40E58D5C23CC,IS 8386
FAM-ABAA44459A71,IS 8470
FAM-FA16A580C08C,IS 8492
FAM-C961D051426B,IS 8594
FAM-8B0E404F788B,IS 8688
FAM-2A33B0743B05,IS 8694
FAM-6356A5D8703A,IS 8801
FAM-0C8F638BD6C3,IS 8802
FAM-186E1175A495,IS 8803
FAM-7E963D26E95B,IS 8855
FAM-2AAB381312C6,IS 8897
FAM-D03A01A005B9,IS 917
FAM-9784E8E93FA6,IS 9213
FAM-67D6A4DF319C,IS 9343
FAM-343676318DD7,IS 9435
FAM-98FC52C8B771,IS 9455
FAM-F54E5A57BB44,IS 9506
FAM-0D9B289123C6,IS 9566
FAM-241F29FAEDA4,IS 9770
FAM-D6C7D2463BA8,IS 9772
FAM-A0821D6628DF,IS 9830
FAM-5976C23D0300,IS 9901
FAM-24DE2B030C35,IS/ISO 9000
FAM-3AFDB5E770B7,SP 19
FAM-755505633A99,SP 27
FAM-DC519A78D740,SP 31
FAM-D1BD92506C59,SP 46
FAM-1703F50275CC,SP 9
FAM-EDF4B2263874,IS 2713
FAM-69BA67D8DC8E,IS 3526
FAM-3BABEFAFB925,IS 4257
FAM-34394B4C9C09,IS 4870
FAM-B7E28C7536FE,IS 6659
FAM-291AFC633F17,IS 8404
FAM-23BF1C834DB3,IS 9102
FAM-1459185184DC,IS 9195
FAM-6E90D856307F,SP 21
FAM-E2E21DF9C5B7,SP 25
FAM-AE144E741A20,SP 35
FAM-49009F090F0D,SP 41
FAM-0DDBB4ED8248,SP 43
FAM-B2D258E52070,SP 62
FAM-1FACD45B91CC,IS/ISO/IEC GUIDE 74
FAM-D28E0E16D0A7,SP 20
FAM-48769F9A1113,SP 64
FAM-F4CB48BA98CE,IS 15901
FAM-5D386B4BE1D6,IS 15902
FAM-0CD6F3A04BC6,IS 15903
FAM-55317AE8B610,IS 15904
FAM-C4B45F240722,SP 54
FAM-6515177CE37F,IS/ISO 105-E08
FAM-708BE45AD4F7,IS 16272
FAM-FCE5E9DDCA3E,IS/ISO 21101
FAM-10807B688D3C,IS 16312
FAM-2597BD8914E1,IS 16441
FAM-F7ADAF0C738D,IS 16442
FAM-B672A99CA9E1,IS 16301
FAM-F1CD30B848F1,IS 16410
FAM-8A4252FA8092,IS/ISO 8950
FAM-B36B3B80FBD7,IS/ISO 9336
FAM-71181B8B2A14,IS/ISO 50015
FAM-88907308AE66,IS 16493
FAM-925BB1B58289,IS 16310
FAM-31F6CF8630A5,IS/ISO 105-G02
FAM-8C06ED0BD6F4,IS 16694
FAM-D10D0BE422CF,IS 16760
FAM-E5113E824AEA,IS 8468
FAM-C7F694C955B8,IS 16825
FAM-02C1CB0A8AC6,IS 16284
FAM-B60F4D5C446D,IS/ISO 1754
FAM-E5C446C75433,IS/ISO 12508
FAM-FA0D0BA541DC,IS/IEC/TR 62572
FAM-14F9BAFB2199,IS/ISO 7507):Part 2)
FAM-F2E26BC4B1C7,IS 17046
FAM-84AA82F46B20,IS/IEC/TS 62566
FAM-3C0234BB68FC,IS 16785
FAM-4FC7EBE1ABBF,IS/IEC/TR 19038
FAM-ECAB2F24A417,IS/ISO 21417
FAM-A6E315281F04,IS/ISO/IEC/IEEE 42020
FAM-CE3B45E01E79,IS 15627
FAM-92301EAC3793,IS 62
