standard_id,source_record_id,standard_number,standard_number_raw,publication_prefix,base_standard_number,part,section,publication_year,suffix,standard_family_key,identifier_parse_status,title,title_raw,title_normalized,publication_date,date_of_publish_raw,type_of_standard,degree_of_equivalence,inventory_status,current_status,scope,department,committee,sector,product_category,validation_status,source,source_type,source_file,source_sheet,source_row_number,source_url,source_date,retrieval_date,last_verified,record_type,synthetic_flag,issue_type
MSV1-9987B09C822D494D,XLSX-PUBLISHED-00150,IS 14990 (Part 5):2026,IS 14990 (Part 5):2026,IS,14990,5,,2026,,IS 14990,PARSED_CONSERVATIVELY,"Information Security, Cybersecurity and Privacy Protection - Evaluation Criteria for IT Security Part 5: Pre-defined Packages of Security Requirements","Information Security, Cybersecurity and Privacy Protection - Evaluation Criteria for IT Security Part 5: Pre-defined Packages of Security Requirements",information security cybersecurity and privacy protection evaluation criteria for it security part 5 pre defined packages of security requirements,2026-06-23,23 Jun 2026,Others,Identical under dual numbering,PUBLISHED_IN_SOURCE_INVENTORY,UNKNOWN_CURRENT_STATUS,NOT_AVAILABLE,NOT_AVAILABLE,NOT_AVAILABLE,NOT_AVAILABLE,NOT_AVAILABLE,SOURCE_DERIVED,User-supplied Published Standards XLSX,USER_SUPPLIED_OFFICIAL_INVENTORY,File_Published_Standards_List_2026-09-04_132339.xlsx,Published Standards,150,NOT_AVAILABLE,NOT_AVAILABLE,2026-09-04,2026-09-04,OFFICIAL_SOURCE_INVENTORY,False,DUPLICATE_NORMALIZED_TITLE
MSV1-E40F4A23845447F6,XLSX-PUBLISHED-00261,IS 7762:2026,IS 7762:2026,IS,7762,,,2026,,IS 7762,PARSED_CONSERVATIVELY,"Specification for hook, eyelid","Specification for hook, eyelid",specification for hook eyelid,2026-05-14,14 May 2026,Product Specification,Indigenous,PUBLISHED_IN_SOURCE_INVENTORY,UNKNOWN_CURRENT_STATUS,NOT_AVAILABLE,NOT_AVAILABLE,NOT_AVAILABLE,NOT_AVAILABLE,NOT_AVAILABLE,SOURCE_DERIVED,User-supplied Published Standards XLSX,USER_SUPPLIED_OFFICIAL_INVENTORY,File_Published_Standards_List_2026-09-04_132339.xlsx,Published Standards,261,NOT_AVAILABLE,NOT_AVAILABLE,2026-09-04,2026-09-04,OFFICIAL_SOURCE_INVENTORY,False,DUPLICATE_NORMALIZED_TITLE
MSV1-7386EA3121FB9D6F,XLSX-PUBLISHED-00263,IS 7758:2026,IS 7758:2026,IS,7758,,,2026,,IS 7758,PARSED_CONSERVATIVELY,"Specification For Curette, Eye, Evacuation, Moorfield's Pattern","Specification For Curette, Eye, Evacuation, Moorfield's Pattern",specification for curette eye evacuation moorfield s pattern,2026-05-14,14 May 2026,Product Specification,Indigenous,PUBLISHED_IN_SOURCE_INVENTORY,UNKNOWN_CURRENT_STATUS,NOT_AVAILABLE,NOT_AVAILABLE,NOT_AVAILABLE,NOT_AVAILABLE,NOT_AVAILABLE,SOURCE_DERIVED,User-supplied Published Standards XLSX,USER_SUPPLIED_OFFICIAL_INVENTORY,File_Published_Standards_List_2026-09-04_132339.xlsx,Published Standards,263,NOT_AVAILABLE,NOT_AVAILABLE,2026-09-04,2026-09-04,OFFICIAL_SOURCE_INVENTORY,False,DUPLICATE_NORMALIZED_TITLE
MSV1-D1766E239B24555F,XLSX-PUBLISHED-00265,IS 7767:2026,IS 7767:2026,IS,7767,,,2026,,IS 7767,PARSED_CONSERVATIVELY,"Specification For Spatula, Eye, Cyclodialysis, Sinclair's Pattern","Specification For Spatula, Eye, Cyclodialysis, Sinclair's Pattern",specification for spatula eye cyclodialysis sinclair s pattern,2026-05-14,14 May 2026,Product Specification,Indigenous,PUBLISHED_IN_SOURCE_INVENTORY,UNKNOWN_CURRENT_STATUS,NOT_AVAILABLE,NOT_AVAILABLE,NOT_AVAILABLE,NOT_AVAILABLE,NOT_AVAILABLE,SOURCE_DERIVED,User-supplied Published Standards XLSX,USER_SUPPLIED_OFFICIAL_INVENTORY,File_Published_Standards_List_2026-09-04_132339.xlsx,Published Standards,265,NOT_AVAILABLE,NOT_AVAILABLE,2026-09-04,2026-09-04,OFFICIAL_SOURCE_INVENTORY,False,DUPLICATE_NORMALIZED_TITLE
MSV1-8D9A4BF95797A1FF,XLSX-PUBLISHED-00267,IS 5722:2026,IS 5722:2026,IS,5722,,,2026,,IS 5722,PARSED_CONSERVATIVELY,"Specification For Hook, Eye, Iris (Tyrrell's Pattern)","Specification For Hook, Eye, Iris (Tyrrell's Pattern)",specification for hook eye iris tyrrell s pattern,2026-05-14,14 May 2026,Product Specification,Indigenous,PUBLISHED_IN_SOURCE_INVENTORY,UNKNOWN_CURRENT_STATUS,NOT_AVAILABLE,NOT_AVAILABLE,NOT_AVAILABLE,NOT_AVAILABLE,NOT_AVAILABLE,SOURCE_DERIVED,User-supplied Published Standards XLSX,USER_SUPPLIED_OFFICIAL_INVENTORY,File_Published_Standards_List_2026-09-04_132339.xlsx,Published Standards,267,NOT_AVAILABLE,NOT_AVAILABLE,2026-09-04,2026-09-04,OFFICIAL_SOURCE_INVENTORY,False,DUPLICATE_NORMALIZED_TITLE
MSV1-DE125E7EA48BEF8E,XLSX-PUBLISHED-00271,IS 11244:2026,IS 11244:2026,IS,11244,,,2026,,IS 11244,PARSED_CONSERVATIVELY,"Specification for trephine, bone lacrimal with handle","Specification for trephine, bone lacrimal with handle",specification for trephine bone lacrimal with handle,2026-05-14,14 May 2026,Product Specification,Indigenous,PUBLISHED_IN_SOURCE_INVENTORY,UNKNOWN_CURRENT_STATUS,NOT_AVAILABLE,NOT_AVAILABLE,NOT_AVAILABLE,NOT_AVAILABLE,NOT_AVAILABLE,SOURCE_DERIVED,User-supplied Published Standards XLSX,USER_SUPPLIED_OFFICIAL_INVENTORY,File_Published_Standards_List_2026-09-04_132339.xlsx,Published Standards,271,NOT_AVAILABLE,NOT_AVAILABLE,2026-09-04,2026-09-04,OFFICIAL_SOURCE_INVENTORY,False,DUPLICATE_NORMALIZED_TITLE
MSV1-D0D785503AF95DF8,XLSX-PUBLISHED-00281,IS 9401 (Part 9):2026,IS 9401 (Part 9):2026,IS,9401,9,,2026,,IS 9401,PARSED_CONSERVATIVELY,METHOD OF MEASUREMENT OF WORKS IN RIVER VALLEY PROJECTS DAMS AND APPURTENANT STRUCTURES PART 9 LINING,METHOD OF MEASUREMENT OF WORKS IN RIVER VALLEY PROJECTS DAMS AND APPURTENANT STRUCTURES PART 9 LINING,method of measurement of works in river valley projects dams and appurtenant structures part 9 lining,2026-04-21,21 Apr 2026,Code of Practice,Indigenous,PUBLISHED_IN_SOURCE_INVENTORY,UNKNOWN_CURRENT_STATUS,NOT_AVAILABLE,NOT_AVAILABLE,NOT_AVAILABLE,NOT_AVAILABLE,NOT_AVAILABLE,SOURCE_DERIVED,User-supplied Published Standards XLSX,USER_SUPPLIED_OFFICIAL_INVENTORY,File_Published_Standards_List_2026-09-04_132339.xlsx,Published Standards,281,NOT_AVAILABLE,NOT_AVAILABLE,2026-09-04,2026-09-04,OFFICIAL_SOURCE_INVENTORY,False,DUPLICATE_NORMALIZED_TITLE
MSV1-796858985E6D0F17,XLSX-PUBLISHED-00313,IS 1448 (Part 97):2026,IS 1448 (Part 97):2026,IS,1448,97,,2026,,IS 1448,PARSED_CONSERVATIVELY,Methods of test for petroleum and its products [p : 97] determination of thermal oxidation stability of gas turbine fuels - Jftot method (First Revision),Methods of test for petroleum and its products [p : 97] determination of thermal oxidation stability of gas turbine fuels - Jftot method (First Revision),methods of test for petroleum and its products p 97 determination of thermal oxidation stability of gas turbine fuels jftot method first revision,2026-03-30,30 Mar 2026,Methods of Tests,Identical under dual numbering,PUBLISHED_IN_SOURCE_INVENTORY,UNKNOWN_CURRENT_STATUS,NOT_AVAILABLE,NOT_AVAILABLE,NOT_AVAILABLE,NOT_AVAILABLE,NOT_AVAILABLE,SOURCE_DERIVED,User-supplied Published Standards XLSX,USER_SUPPLIED_OFFICIAL_INVENTORY,File_Published_Standards_List_2026-09-04_132339.xlsx,Published Standards,313,NOT_AVAILABLE,NOT_AVAILABLE,2026-09-04,2026-09-04,OFFICIAL_SOURCE_INVENTORY,False,DUPLICATE_NORMALIZED_TITLE
MSV1-37FA75225AE8727F,XLSX-PUBLISHED-00314,IS 1448 (Part 186):2026,IS 1448 (Part 186):2026,IS,1448,186,,2026,,IS 1448,PARSED_CONSERVATIVELY,Petroleum Products and Related Products Determination of Kinematic Viscosity Method by Stabinger Type Viscometer,Petroleum Products and Related Products Determination of Kinematic Viscosity Method by Stabinger Type Viscometer,petroleum products and related products determination of kinematic viscosity method by stabinger type viscometer,2026-03-30,30 Mar 2026,Methods of Tests,Identical under dual numbering,PUBLISHED_IN_SOURCE_INVENTORY,UNKNOWN_CURRENT_STATUS,NOT_AVAILABLE,NOT_AVAILABLE,NOT_AVAILABLE,NOT_AVAILABLE,NOT_AVAILABLE,SOURCE_DERIVED,User-supplied Published Standards XLSX,USER_SUPPLIED_OFFICIAL_INVENTORY,File_Published_Standards_List_2026-09-04_132339.xlsx,Published Standards,314,NOT_AVAILABLE,NOT_AVAILABLE,2026-09-04,2026-09-04,OFFICIAL_SOURCE_INVENTORY,False,DUPLICATE_NORMALIZED_TITLE
MSV1-3104558A317B4E25,XLSX-PUBLISHED-00315,IS 1448 (Part 187):2026,IS 1448 (Part 187):2026,IS,1448,187,,2026,,IS 1448,PARSED_CONSERVATIVELY,Methods of test for Petroleum and its Products Part 187 Petroleum Products-Determination of Sulfated Ash in Lubricating Oils and Additives,Methods of test for Petroleum and its Products Part 187 Petroleum Products-Determination of Sulfated Ash in Lubricating Oils and Additives,methods of test for petroleum and its products part 187 petroleum products determination of sulfated ash in lubricating oils and additives,2026-03-30,30 Mar 2026,Methods of Tests,Identical under dual numbering,PUBLISHED_IN_SOURCE_INVENTORY,UNKNOWN_CURRENT_STATUS,NOT_AVAILABLE,NOT_AVAILABLE,NOT_AVAILABLE,NOT_AVAILABLE,NOT_AVAILABLE,SOURCE_DERIVED,User-supplied Published Standards XLSX,USER_SUPPLIED_OFFICIAL_INVENTORY,File_Published_Standards_List_2026-09-04_132339.xlsx,Published Standards,315,NOT_AVAILABLE,NOT_AVAILABLE,2026-09-04,2026-09-04,OFFICIAL_SOURCE_INVENTORY,False,DUPLICATE_NORMALIZED_TITLE
MSV1-153679605DA38059,XLSX-PUBLISHED-00328,IS 15641 (Part 3):2026,IS 15641 (Part 3):2026,IS,15641,3,,2026,,IS 15641,PARSED_CONSERVATIVELY,Natural gas - Determination of water by karl fischer method: Part 3 coulometric procedure,Natural gas - Determination of water by karl fischer method: Part 3 coulometric procedure,natural gas determination of water by karl fischer method part 3 coulometric procedure,2026-03-30,30 Mar 2026,Methods of Tests,Identical under dual numbering,PUBLISHED_IN_SOURCE_INVENTORY,UNKNOWN_CURRENT_STATUS,NOT_AVAILABLE,NOT_AVAILABLE,NOT_AVAILABLE,NOT_AVAILABLE,NOT_AVAILABLE,SOURCE_DERIVED,User-supplied Published Standards XLSX,USER_SUPPLIED_OFFICIAL_INVENTORY,File_Published_Standards_List_2026-09-04_132339.xlsx,Published Standards,328,NOT_AVAILABLE,NOT_AVAILABLE,2026-09-04,2026-09-04,OFFICIAL_SOURCE_INVENTORY,False,DUPLICATE_NORMALIZED_TITLE
MSV1-98F10713CBB670C3,XLSX-PUBLISHED-00381,IS 10408:2026,IS 10408:2026,IS,10408,,,2026,,IS 10408,PARSED_CONSERVATIVELY,"Specification For Spatula, Eye, Green's Pattern","Specification For Spatula, Eye, Green's Pattern",specification for spatula eye green s pattern,2026-03-30,30 Mar 2026,Product Specification,Indigenous,PUBLISHED_IN_SOURCE_INVENTORY,UNKNOWN_CURRENT_STATUS,NOT_AVAILABLE,NOT_AVAILABLE,NOT_AVAILABLE,NOT_AVAILABLE,NOT_AVAILABLE,SOURCE_DERIVED,User-supplied Published Standards XLSX,USER_SUPPLIED_OFFICIAL_INVENTORY,File_Published_Standards_List_2026-09-04_132339.xlsx,Published Standards,381,NOT_AVAILABLE,NOT_AVAILABLE,2026-09-04,2026-09-04,OFFICIAL_SOURCE_INVENTORY,False,DUPLICATE_NORMALIZED_TITLE
MSV1-505093E07EE2122F,XLSX-PUBLISHED-00382,IS 5367:2026,IS 5367:2026,IS,5367,,,2026,,IS 5367,PARSED_CONSERVATIVELY,"Specification For Forceps, Eye, Strabismus, For Advancement (Prince's And Worth's Patterns)","Specification For Forceps, Eye, Strabismus, For Advancement (Prince's And Worth's Patterns)",specification for forceps eye strabismus for advancement prince s and worth s patterns,2026-03-30,30 Mar 2026,Process Specification,Indigenous,PUBLISHED_IN_SOURCE_INVENTORY,UNKNOWN_CURRENT_STATUS,NOT_AVAILABLE,NOT_AVAILABLE,NOT_AVAILABLE,NOT_AVAILABLE,NOT_AVAILABLE,SOURCE_DERIVED,User-supplied Published Standards XLSX,USER_SUPPLIED_OFFICIAL_INVENTORY,File_Published_Standards_List_2026-09-04_132339.xlsx,Published Standards,382,NOT_AVAILABLE,NOT_AVAILABLE,2026-09-04,2026-09-04,OFFICIAL_SOURCE_INVENTORY,False,DUPLICATE_NORMALIZED_TITLE
MSV1-90CDFE4A1AF562AD,XLSX-PUBLISHED-00513,IS 15429:2026,IS 15429:2026,IS,15429,,,2026,,IS 15429,PARSED_CONSERVATIVELY,Storage installation and maintenance of DC motors - Code of practice,Storage installation and maintenance of DC motors - Code of practice,storage installation and maintenance of dc motors code of practice,2026-03-23,23 Mar 2026,Code of Practice,Indigenous,PUBLISHED_IN_SOURCE_INVENTORY,UNKNOWN_CURRENT_STATUS,NOT_AVAILABLE,NOT_AVAILABLE,NOT_AVAILABLE,NOT_AVAILABLE,NOT_AVAILABLE,SOURCE_DERIVED,User-supplied Published Standards XLSX,USER_SUPPLIED_OFFICIAL_INVENTORY,File_Published_Standards_List_2026-09-04_132339.xlsx,Published Standards,513,NOT_AVAILABLE,NOT_AVAILABLE,2026-09-04,2026-09-04,OFFICIAL_SOURCE_INVENTORY,False,DUPLICATE_NORMALIZED_TITLE
MSV1-609E3649D55B265F,XLSX-PUBLISHED-00524,IS 1528 (Part 14):2026,IS 1528 (Part 14):2026,IS,1528,14,,2026,,IS 1528,PARSED_CONSERVATIVELY,Methods of sampling and physical tests for refractory materials: Part 14 determination of sieve analysis (First Revision),Methods of sampling and physical tests for refractory materials: Part 14 determination of sieve analysis (First Revision),methods of sampling and physical tests for refractory materials part 14 determination of sieve analysis first revision,2026-03-20,20 Mar 2026,Methods of Tests,Not Equivalent,PUBLISHED_IN_SOURCE_INVENTORY,UNKNOWN_CURRENT_STATUS,NOT_AVAILABLE,NOT_AVAILABLE,NOT_AVAILABLE,NOT_AVAILABLE,NOT_AVAILABLE,SOURCE_DERIVED,User-supplied Published Standards XLSX,USER_SUPPLIED_OFFICIAL_INVENTORY,File_Published_Standards_List_2026-09-04_132339.xlsx,Published Standards,524,NOT_AVAILABLE,NOT_AVAILABLE,2026-09-04,2026-09-04,OFFICIAL_SOURCE_INVENTORY,False,DUPLICATE_NORMALIZED_TITLE
MSV1-C9FCB8F8A6875175,XLSX-PUBLISHED-00534,IS 10390:2026,IS 10390:2026,IS,10390,,,2026,,IS 10390,PARSED_CONSERVATIVELY,Specification for muscle hook,Specification for muscle hook,specification for muscle hook,2026-03-20,20 Mar 2026,Product Specification,Indigenous,PUBLISHED_IN_SOURCE_INVENTORY,UNKNOWN_CURRENT_STATUS,NOT_AVAILABLE,NOT_AVAILABLE,NOT_AVAILABLE,NOT_AVAILABLE,NOT_AVAILABLE,SOURCE_DERIVED,User-supplied Published Standards XLSX,USER_SUPPLIED_OFFICIAL_INVENTORY,File_Published_Standards_List_2026-09-04_132339.xlsx,Published Standards,534,NOT_AVAILABLE,NOT_AVAILABLE,2026-09-04,2026-09-04,OFFICIAL_SOURCE_INVENTORY,False,DUPLICATE_NORMALIZED_TITLE
MSV1-4EF71BCCBEB4E59F,XLSX-PUBLISHED-00535,IS 10045:2026,IS 10045:2026,IS,10045,,,2026,,IS 10045,PARSED_CONSERVATIVELY,"Specification For Punch, Lacrymal Bone, Beyer's Pattern","Specification For Punch, Lacrymal Bone, Beyer's Pattern",specification for punch lacrymal bone beyer s pattern,2026-03-20,20 Mar 2026,Product Specification,Indigenous,PUBLISHED_IN_SOURCE_INVENTORY,UNKNOWN_CURRENT_STATUS,NOT_AVAILABLE,NOT_AVAILABLE,NOT_AVAILABLE,NOT_AVAILABLE,NOT_AVAILABLE,SOURCE_DERIVED,User-supplied Published Standards XLSX,USER_SUPPLIED_OFFICIAL_INVENTORY,File_Published_Standards_List_2026-09-04_132339.xlsx,Published Standards,535,NOT_AVAILABLE,NOT_AVAILABLE,2026-09-04,2026-09-04,OFFICIAL_SOURCE_INVENTORY,False,DUPLICATE_NORMALIZED_TITLE
MSV1-AD01B2F74328DA22,XLSX-PUBLISHED-00537,IS 4569 (Part 3):2026,IS 4569 (Part 3):2026,IS,4569,3,,2026,,IS 4569,PARSED_CONSERVATIVELY,"Specification for scissors, eye: part 3 scissors, tenotomy (Second Revision)","Specification for scissors, eye: part 3 scissors, tenotomy (Second Revision)",specification for scissors eye part 3 scissors tenotomy second revision,2026-03-20,20 Mar 2026,Product Specification,Indigenous,PUBLISHED_IN_SOURCE_INVENTORY,UNKNOWN_CURRENT_STATUS,NOT_AVAILABLE,NOT_AVAILABLE,NOT_AVAILABLE,NOT_AVAILABLE,NOT_AVAILABLE,SOURCE_DERIVED,User-supplied Published Standards XLSX,USER_SUPPLIED_OFFICIAL_INVENTORY,File_Published_Standards_List_2026-09-04_132339.xlsx,Published Standards,537,NOT_AVAILABLE,NOT_AVAILABLE,2026-09-04,2026-09-04,OFFICIAL_SOURCE_INVENTORY,False,DUPLICATE_NORMALIZED_TITLE
MSV1-B8CC1961535AC336,XLSX-PUBLISHED-00538,IS 5157:2026,IS 5157:2026,IS,5157,,,2026,,IS 5157,PARSED_CONSERVATIVELY,"Specification for forceps, eye, Iris (First Revision)","Specification for forceps, eye, Iris (First Revision)",specification for forceps eye iris first revision,2026-03-20,20 Mar 2026,Product Specification,Indigenous,PUBLISHED_IN_SOURCE_INVENTORY,UNKNOWN_CURRENT_STATUS,NOT_AVAILABLE,NOT_AVAILABLE,NOT_AVAILABLE,NOT_AVAILABLE,NOT_AVAILABLE,SOURCE_DERIVED,User-supplied Published Standards XLSX,USER_SUPPLIED_OFFICIAL_INVENTORY,File_Published_Standards_List_2026-09-04_132339.xlsx,Published Standards,538,NOT_AVAILABLE,NOT_AVAILABLE,2026-09-04,2026-09-04,OFFICIAL_SOURCE_INVENTORY,False,DUPLICATE_NORMALIZED_TITLE
MSV1-26B20DFEF54275BD,XLSX-PUBLISHED-00539,IS 8106:2026,IS 8106:2026,IS,8106,,,2026,,IS 8106,PARSED_CONSERVATIVELY,"Specification For Needle Holder, Eye, Kalt's Pattern","Specification For Needle Holder, Eye, Kalt's Pattern",specification for needle holder eye kalt s pattern,2026-03-20,20 Mar 2026,Product Specification,Indigenous,PUBLISHED_IN_SOURCE_INVENTORY,UNKNOWN_CURRENT_STATUS,NOT_AVAILABLE,NOT_AVAILABLE,NOT_AVAILABLE,NOT_AVAILABLE,NOT_AVAILABLE,SOURCE_DERIVED,User-supplied Published Standards XLSX,USER_SUPPLIED_OFFICIAL_INVENTORY,File_Published_Standards_List_2026-09-04_132339.xlsx,Published Standards,539,NOT_AVAILABLE,NOT_AVAILABLE,2026-09-04,2026-09-04,OFFICIAL_SOURCE_INVENTORY,False,DUPLICATE_NORMALIZED_TITLE
MSV1-6C9ECDC3A93908F1,XLSX-PUBLISHED-00549,IS 19748:2026,IS 19748:2026,IS,19748,,,2026,,IS 19748,PARSED_CONSERVATIVELY,Ophthalmic implants - Irrigating solutions for ophthalmic surgery,Ophthalmic implants - Irrigating solutions for ophthalmic surgery,ophthalmic implants irrigating solutions for ophthalmic surgery,2026-03-20,20 Mar 2026,Product Specification,Identical under dual numbering,PUBLISHED_IN_SOURCE_INVENTORY,UNKNOWN_CURRENT_STATUS,NOT_AVAILABLE,NOT_AVAILABLE,NOT_AVAILABLE,NOT_AVAILABLE,NOT_AVAILABLE,SOURCE_DERIVED,User-supplied Published Standards XLSX,USER_SUPPLIED_OFFICIAL_INVENTORY,File_Published_Standards_List_2026-09-04_132339.xlsx,Published Standards,549,NOT_AVAILABLE,NOT_AVAILABLE,2026-09-04,2026-09-04,OFFICIAL_SOURCE_INVENTORY,False,DUPLICATE_NORMALIZED_TITLE
MSV1-16F593CA0A1F31D9,XLSX-PUBLISHED-00550,IS 10847:2026,IS 10847:2026,IS,10847,,,2026,,IS 10847,PARSED_CONSERVATIVELY,"Specification for Speculum with Screw Adjustment, Eye, Right and Left, Arruga's Pattern","Specification for Speculum with Screw Adjustment, Eye, Right and Left, Arruga's Pattern",specification for speculum with screw adjustment eye right and left arruga s pattern,2026-03-20,20 Mar 2026,Product Specification,Indigenous,PUBLISHED_IN_SOURCE_INVENTORY,UNKNOWN_CURRENT_STATUS,NOT_AVAILABLE,NOT_AVAILABLE,NOT_AVAILABLE,NOT_AVAILABLE,NOT_AVAILABLE,SOURCE_DERIVED,User-supplied Published Standards XLSX,USER_SUPPLIED_OFFICIAL_INVENTORY,File_Published_Standards_List_2026-09-04_132339.xlsx,Published Standards,550,NOT_AVAILABLE,NOT_AVAILABLE,2026-09-04,2026-09-04,OFFICIAL_SOURCE_INVENTORY,False,DUPLICATE_NORMALIZED_TITLE
MSV1-2EA48FF9DB9F960A,XLSX-PUBLISHED-00551,IS 4569 (Part 1):2026,IS 4569 (Part 1):2026,IS,4569,1,,2026,,IS 4569,PARSED_CONSERVATIVELY,"Specification for scissors, eye: Part 1 corneal (Second Revision)","Specification for scissors, eye: Part 1 corneal (Second Revision)",specification for scissors eye part 1 corneal second revision,2026-03-20,20 Mar 2026,Product Specification,Indigenous,PUBLISHED_IN_SOURCE_INVENTORY,UNKNOWN_CURRENT_STATUS,NOT_AVAILABLE,NOT_AVAILABLE,NOT_AVAILABLE,NOT_AVAILABLE,NOT_AVAILABLE,SOURCE_DERIVED,User-supplied Published Standards XLSX,USER_SUPPLIED_OFFICIAL_INVENTORY,File_Published_Standards_List_2026-09-04_132339.xlsx,Published Standards,551,NOT_AVAILABLE,NOT_AVAILABLE,2026-09-04,2026-09-04,OFFICIAL_SOURCE_INVENTORY,False,DUPLICATE_NORMALIZED_TITLE
MSV1-6AAC44CFBC729748,XLSX-PUBLISHED-00552,IS 7786:2026,IS 7786:2026,IS,7786,,,2026,,IS 7786,PARSED_CONSERVATIVELY,"Specification For Retractor, Eyelid, Desmarre's Pattern","Specification For Retractor, Eyelid, Desmarre's Pattern",specification for retractor eyelid desmarre s pattern,2026-03-20,20 Mar 2026,Product Specification,Indigenous,PUBLISHED_IN_SOURCE_INVENTORY,UNKNOWN_CURRENT_STATUS,NOT_AVAILABLE,NOT_AVAILABLE,NOT_AVAILABLE,NOT_AVAILABLE,NOT_AVAILABLE,SOURCE_DERIVED,User-supplied Published Standards XLSX,USER_SUPPLIED_OFFICIAL_INVENTORY,File_Published_Standards_List_2026-09-04_132339.xlsx,Published Standards,552,NOT_AVAILABLE,NOT_AVAILABLE,2026-09-04,2026-09-04,OFFICIAL_SOURCE_INVENTORY,False,DUPLICATE_NORMALIZED_TITLE
MSV1-9E9EBB59DA6FEB57,XLSX-PUBLISHED-00553,IS 9688:2026,IS 9688:2026,IS,9688,,,2026,,IS 9688,PARSED_CONSERVATIVELY,"Eye surgery instruments - Hooks, strabismus - Specification ( first revision)","Eye surgery instruments - Hooks, strabismus - Specification ( first revision)",eye surgery instruments hooks strabismus specification first revision,2026-03-20,20 Mar 2026,Product Specification,Indigenous,PUBLISHED_IN_SOURCE_INVENTORY,UNKNOWN_CURRENT_STATUS,NOT_AVAILABLE,NOT_AVAILABLE,NOT_AVAILABLE,NOT_AVAILABLE,NOT_AVAILABLE,SOURCE_DERIVED,User-supplied Published Standards XLSX,USER_SUPPLIED_OFFICIAL_INVENTORY,File_Published_Standards_List_2026-09-04_132339.xlsx,Published Standards,553,NOT_AVAILABLE,NOT_AVAILABLE,2026-09-04,2026-09-04,OFFICIAL_SOURCE_INVENTORY,False,DUPLICATE_NORMALIZED_TITLE
MSV1-FE43741F67AB412C,XLSX-PUBLISHED-00554,IS 9983:2026,IS 9983:2026,IS,9983,,,2026,,IS 9983,PARSED_CONSERVATIVELY,"Specification for wire vectis and lens expressor, eye","Specification for wire vectis and lens expressor, eye",specification for wire vectis and lens expressor eye,2026-03-20,20 Mar 2026,Product Specification,Indigenous,PUBLISHED_IN_SOURCE_INVENTORY,UNKNOWN_CURRENT_STATUS,NOT_AVAILABLE,NOT_AVAILABLE,NOT_AVAILABLE,NOT_AVAILABLE,NOT_AVAILABLE,SOURCE_DERIVED,User-supplied Published Standards XLSX,USER_SUPPLIED_OFFICIAL_INVENTORY,File_Published_Standards_List_2026-09-04_132339.xlsx,Published Standards,554,NOT_AVAILABLE,NOT_AVAILABLE,2026-09-04,2026-09-04,OFFICIAL_SOURCE_INVENTORY,False,DUPLICATE_NORMALIZED_TITLE
MSV1-82CFD3AF6105A210,XLSX-PUBLISHED-00555,IS 8109:2026,IS 8109:2026,IS,8109,,,2026,,IS 8109,PARSED_CONSERVATIVELY,"Specification For Needle Holder, Eye, Castroviejo's Pattern","Specification For Needle Holder, Eye, Castroviejo's Pattern",specification for needle holder eye castroviejo s pattern,2026-03-20,20 Mar 2026,Product Specification,Indigenous,PUBLISHED_IN_SOURCE_INVENTORY,UNKNOWN_CURRENT_STATUS,NOT_AVAILABLE,NOT_AVAILABLE,NOT_AVAILABLE,NOT_AVAILABLE,NOT_AVAILABLE,SOURCE_DERIVED,User-supplied Published Standards XLSX,USER_SUPPLIED_OFFICIAL_INVENTORY,File_Published_Standards_List_2026-09-04_132339.xlsx,Published Standards,555,NOT_AVAILABLE,NOT_AVAILABLE,2026-09-04,2026-09-04,OFFICIAL_SOURCE_INVENTORY,False,DUPLICATE_NORMALIZED_TITLE
MSV1-0E516720044C9685,XLSX-PUBLISHED-00556,IS 9329:2026,IS 9329:2026,IS,9329,,,2026,,IS 9329,PARSED_CONSERVATIVELY,"Specification For Speculum, Eye, Clark's Pattern (Modified) (First Revision)","Specification For Speculum, Eye, Clark's Pattern (Modified) (First Revision)",specification for speculum eye clark s pattern modified first revision,2026-03-20,20 Mar 2026,Product Specification,Indigenous,PUBLISHED_IN_SOURCE_INVENTORY,UNKNOWN_CURRENT_STATUS,NOT_AVAILABLE,NOT_AVAILABLE,NOT_AVAILABLE,NOT_AVAILABLE,NOT_AVAILABLE,SOURCE_DERIVED,User-supplied Published Standards XLSX,USER_SUPPLIED_OFFICIAL_INVENTORY,File_Published_Standards_List_2026-09-04_132339.xlsx,Published Standards,556,NOT_AVAILABLE,NOT_AVAILABLE,2026-09-04,2026-09-04,OFFICIAL_SOURCE_INVENTORY,False,DUPLICATE_NORMALIZED_TITLE
MSV1-7B1E8F64CC1BBA64,XLSX-PUBLISHED-00574,IS 7136:2026,IS 7136:2026,IS,7136,,,2026,,IS 7136,PARSED_CONSERVATIVELY,Specification for megaphones,Specification for megaphones,specification for megaphones,2026-03-20,20 Mar 2026,Product Specification,Indigenous,PUBLISHED_IN_SOURCE_INVENTORY,UNKNOWN_CURRENT_STATUS,NOT_AVAILABLE,NOT_AVAILABLE,NOT_AVAILABLE,NOT_AVAILABLE,NOT_AVAILABLE,SOURCE_DERIVED,User-supplied Published Standards XLSX,USER_SUPPLIED_OFFICIAL_INVENTORY,File_Published_Standards_List_2026-09-04_132339.xlsx,Published Standards,574,NOT_AVAILABLE,NOT_AVAILABLE,2026-09-04,2026-09-04,OFFICIAL_SOURCE_INVENTORY,False,DUPLICATE_NORMALIZED_TITLE
MSV1-CFA03221EA7ACD61,XLSX-PUBLISHED-00586,IS 7130:2026,IS 7130:2026,IS,7130,,,2026,,IS 7130,PARSED_CONSERVATIVELY,"Chlorosulphonic Acid, Technical - Specification","Chlorosulphonic Acid, Technical - Specification",chlorosulphonic acid technical specification,2026-03-20,20 Mar 2026,Product Specification,Indigenous,PUBLISHED_IN_SOURCE_INVENTORY,UNKNOWN_CURRENT_STATUS,NOT_AVAILABLE,NOT_AVAILABLE,NOT_AVAILABLE,NOT_AVAILABLE,NOT_AVAILABLE,SOURCE_DERIVED,User-supplied Published Standards XLSX,USER_SUPPLIED_OFFICIAL_INVENTORY,File_Published_Standards_List_2026-09-04_132339.xlsx,Published Standards,586,NOT_AVAILABLE,NOT_AVAILABLE,2026-09-04,2026-09-04,OFFICIAL_SOURCE_INVENTORY,False,DUPLICATE_NORMALIZED_TITLE
MSV1-68D9C659DB6ABE2C,XLSX-PUBLISHED-00588,IS 8325:2026,IS 8325:2026,IS,8325,,,2026,,IS 8325,PARSED_CONSERVATIVELY,Specification for nickel formate for nickel catalyst (First Revision),Specification for nickel formate for nickel catalyst (First Revision),specification for nickel formate for nickel catalyst first revision,2026-03-20,20 Mar 2026,Product Specification,Indigenous,PUBLISHED_IN_SOURCE_INVENTORY,UNKNOWN_CURRENT_STATUS,NOT_AVAILABLE,NOT_AVAILABLE,NOT_AVAILABLE,NOT_AVAILABLE,NOT_AVAILABLE,SOURCE_DERIVED,User-supplied Published Standards XLSX,USER_SUPPLIED_OFFICIAL_INVENTORY,File_Published_Standards_List_2026-09-04_132339.xlsx,Published Standards,588,NOT_AVAILABLE,NOT_AVAILABLE,2026-09-04,2026-09-04,OFFICIAL_SOURCE_INVENTORY,False,DUPLICATE_NORMALIZED_TITLE
MSV1-2A06025DAF3035B1,XLSX-PUBLISHED-00596,IS/ISO 15924:2022,IS/ISO 15924:2022,IS/ISO,15924,,,2022,,IS/ISO 15924,PARSED_CONSERVATIVELY,Information and documentation - Codes for the representation of names of scripts,Information and documentation - Codes for the representation of names of scripts,information and documentation codes for the representation of names of scripts,2026-03-20,20 Mar 2026,Others,Identical under single numbering,PUBLISHED_IN_SOURCE_INVENTORY,UNKNOWN_CURRENT_STATUS,NOT_AVAILABLE,NOT_AVAILABLE,NOT_AVAILABLE,NOT_AVAILABLE,NOT_AVAILABLE,SOURCE_DERIVED,User-supplied Published Standards XLSX,USER_SUPPLIED_OFFICIAL_INVENTORY,File_Published_Standards_List_2026-09-04_132339.xlsx,Published Standards,596,NOT_AVAILABLE,NOT_AVAILABLE,2026-09-04,2026-09-04,OFFICIAL_SOURCE_INVENTORY,False,DUPLICATE_NORMALIZED_TITLE
MSV1-304251846C388A26,XLSX-PUBLISHED-00598,IS 14836 (Part 2):2026,IS 14836 (Part 2):2026,IS,14836,2,,2026,,IS 14836,PARSED_CONSERVATIVELY,Codes for the representation of names of countries and their subdivisions: Part 2 country subdivision codes,Codes for the representation of names of countries and their subdivisions: Part 2 country subdivision codes,codes for the representation of names of countries and their subdivisions part 2 country subdivision codes,2026-03-20,20 Mar 2026,Code of Practice,Identical under dual numbering,PUBLISHED_IN_SOURCE_INVENTORY,UNKNOWN_CURRENT_STATUS,NOT_AVAILABLE,NOT_AVAILABLE,NOT_AVAILABLE,NOT_AVAILABLE,NOT_AVAILABLE,SOURCE_DERIVED,User-supplied Published Standards XLSX,USER_SUPPLIED_OFFICIAL_INVENTORY,File_Published_Standards_List_2026-09-04_132339.xlsx,Published Standards,598,NOT_AVAILABLE,NOT_AVAILABLE,2026-09-04,2026-09-04,OFFICIAL_SOURCE_INVENTORY,False,DUPLICATE_NORMALIZED_TITLE
MSV1-E83C4B7DC1C4B39C,XLSX-PUBLISHED-00599,IS 14836 (Part 3):2026,IS 14836 (Part 3):2026,IS,14836,3,,2026,,IS 14836,PARSED_CONSERVATIVELY,Codes for the representation of namesof countries and their subdivisions: Part 3 code for formerly used names of countries,Codes for the representation of namesof countries and their subdivisions: Part 3 code for formerly used names of countries,codes for the representation of namesof countries and their subdivisions part 3 code for formerly used names of countries,2026-03-20,20 Mar 2026,Code of Practice,Identical under dual numbering,PUBLISHED_IN_SOURCE_INVENTORY,UNKNOWN_CURRENT_STATUS,NOT_AVAILABLE,NOT_AVAILABLE,NOT_AVAILABLE,NOT_AVAILABLE,NOT_AVAILABLE,SOURCE_DERIVED,User-supplied Published Standards XLSX,USER_SUPPLIED_OFFICIAL_INVENTORY,File_Published_Standards_List_2026-09-04_132339.xlsx,Published Standards,599,NOT_AVAILABLE,NOT_AVAILABLE,2026-09-04,2026-09-04,OFFICIAL_SOURCE_INVENTORY,False,DUPLICATE_NORMALIZED_TITLE
MSV1-6782EABA3FBFD9F2,XLSX-PUBLISHED-00600,IS 16276 (Part 2):2026,IS 16276 (Part 2):2026,IS,16276,2,,2026,,IS 16276,PARSED_CONSERVATIVELY,Document Management ” Portable Document Format Part 2 PDF 2.0,Document Management ” Portable Document Format Part 2 PDF 2.0,document management portable document format part 2 pdf 2 0,2026-03-20,20 Mar 2026,Others,Identical under dual numbering,PUBLISHED_IN_SOURCE_INVENTORY,UNKNOWN_CURRENT_STATUS,NOT_AVAILABLE,NOT_AVAILABLE,NOT_AVAILABLE,NOT_AVAILABLE,NOT_AVAILABLE,SOURCE_DERIVED,User-supplied Published Standards XLSX,USER_SUPPLIED_OFFICIAL_INVENTORY,File_Published_Standards_List_2026-09-04_132339.xlsx,Published Standards,600,NOT_AVAILABLE,NOT_AVAILABLE,2026-09-04,2026-09-04,OFFICIAL_SOURCE_INVENTORY,False,DUPLICATE_NORMALIZED_TITLE
MSV1-0401D0E66387D769,XLSX-PUBLISHED-00648,IS 16602 (Part 3):2026,IS 16602 (Part 3):2026,IS,16602,3,,2026,,IS 16602,PARSED_CONSERVATIVELY,Information & Documentation- RFID in Libraries Part 3 Fixed Lenth Encoding,Information & Documentation- RFID in Libraries Part 3 Fixed Lenth Encoding,information documentation rfid in libraries part 3 fixed lenth encoding,2026-03-17,17 Mar 2026,System Standard,Identical under dual numbering,PUBLISHED_IN_SOURCE_INVENTORY,UNKNOWN_CURRENT_STATUS,NOT_AVAILABLE,NOT_AVAILABLE,NOT_AVAILABLE,NOT_AVAILABLE,NOT_AVAILABLE,SOURCE_DERIVED,User-supplied Published Standards XLSX,USER_SUPPLIED_OFFICIAL_INVENTORY,File_Published_Standards_List_2026-09-04_132339.xlsx,Published Standards,648,NOT_AVAILABLE,NOT_AVAILABLE,2026-09-04,2026-09-04,OFFICIAL_SOURCE_INVENTORY,False,DUPLICATE_NORMALIZED_TITLE
MSV1-77AEE7D11A453A7B,XLSX-PUBLISHED-00657,IS 14127:2026,IS 14127:2026,IS,14127,,,2026,,IS 14127,PARSED_CONSERVATIVELY,INSOLUBLE AMORPHOUS SULPHUR FOR RUBBER INDUSTRY SPECIFICATION,INSOLUBLE AMORPHOUS SULPHUR FOR RUBBER INDUSTRY SPECIFICATION,insoluble amorphous sulphur for rubber industry specification,2026-03-17,17 Mar 2026,Product Specification,Indigenous,PUBLISHED_IN_SOURCE_INVENTORY,UNKNOWN_CURRENT_STATUS,NOT_AVAILABLE,NOT_AVAILABLE,NOT_AVAILABLE,NOT_AVAILABLE,NOT_AVAILABLE,SOURCE_DERIVED,User-supplied Published Standards XLSX,USER_SUPPLIED_OFFICIAL_INVENTORY,File_Published_Standards_List_2026-09-04_132339.xlsx,Published Standards,657,NOT_AVAILABLE,NOT_AVAILABLE,2026-09-04,2026-09-04,OFFICIAL_SOURCE_INVENTORY,False,DUPLICATE_NORMALIZED_TITLE
MSV1-6C6E5E8E75543BBF,XLSX-PUBLISHED-00682,IS 14478:2026,IS 14478:2026,IS,14478,,,2026,,IS 14478,PARSED_CONSERVATIVELY,"Plain bearings - Thick - Walled bushes, plain and flange type, full - Round (without any joint or slit) - Specification","Plain bearings - Thick - Walled bushes, plain and flange type, full - Round (without any joint or slit) - Specification",plain bearings thick walled bushes plain and flange type full round without any joint or slit specification,2026-03-17,17 Mar 2026,Product Specification,Indigenous,PUBLISHED_IN_SOURCE_INVENTORY,UNKNOWN_CURRENT_STATUS,NOT_AVAILABLE,NOT_AVAILABLE,NOT_AVAILABLE,NOT_AVAILABLE,NOT_AVAILABLE,SOURCE_DERIVED,User-supplied Published Standards XLSX,USER_SUPPLIED_OFFICIAL_INVENTORY,File_Published_Standards_List_2026-09-04_132339.xlsx,Published Standards,682,NOT_AVAILABLE,NOT_AVAILABLE,2026-09-04,2026-09-04,OFFICIAL_SOURCE_INVENTORY,False,DUPLICATE_NORMALIZED_TITLE
MSV1-41BF4FB19061CE6C,XLSX-PUBLISHED-00704,IS 16602 (Part 1):2026,IS 16602 (Part 1):2026,IS,16602,1,,2026,,IS 16602,PARSED_CONSERVATIVELY,Information and documentation - RFID in libraries: Part 1 data elements and general guidelines for implementation,Information and documentation - RFID in libraries: Part 1 data elements and general guidelines for implementation,information and documentation rfid in libraries part 1 data elements and general guidelines for implementation,2026-03-12,12 Mar 2026,Others,Identical under dual numbering,PUBLISHED_IN_SOURCE_INVENTORY,UNKNOWN_CURRENT_STATUS,NOT_AVAILABLE,NOT_AVAILABLE,NOT_AVAILABLE,NOT_AVAILABLE,NOT_AVAILABLE,SOURCE_DERIVED,User-supplied Published Standards XLSX,USER_SUPPLIED_OFFICIAL_INVENTORY,File_Published_Standards_List_2026-09-04_132339.xlsx,Published Standards,704,NOT_AVAILABLE,NOT_AVAILABLE,2026-09-04,2026-09-04,OFFICIAL_SOURCE_INVENTORY,False,DUPLICATE_NORMALIZED_TITLE
MSV1-75088FC4E69D29EC,XLSX-PUBLISHED-00738,IS 2265:2026,IS 2265:2026,IS,2265,,,2026,,IS 2265,PARSED_CONSERVATIVELY,Specification for galvanized steel wire strand for signaling purposes (First Revision),Specification for galvanized steel wire strand for signaling purposes (First Revision),specification for galvanized steel wire strand for signaling purposes first revision,2026-03-10,10 Mar 2026,Product Specification,Indigenous,PUBLISHED_IN_SOURCE_INVENTORY,UNKNOWN_CURRENT_STATUS,NOT_AVAILABLE,NOT_AVAILABLE,NOT_AVAILABLE,NOT_AVAILABLE,NOT_AVAILABLE,SOURCE_DERIVED,User-supplied Published Standards XLSX,USER_SUPPLIED_OFFICIAL_INVENTORY,File_Published_Standards_List_2026-09-04_132339.xlsx,Published Standards,738,NOT_AVAILABLE,NOT_AVAILABLE,2026-09-04,2026-09-04,OFFICIAL_SOURCE_INVENTORY,False,DUPLICATE_NORMALIZED_TITLE
MSV1-3593FA73A9F41FE8,XLSX-PUBLISHED-00752,IS 8181:2026,IS 8181:2026,IS,8181,,,2026,,IS 8181,PARSED_CONSERVATIVELY,"Specification for repositor, Iris","Specification for repositor, Iris",specification for repositor iris,2026-03-10,10 Mar 2026,Product Specification,Indigenous,PUBLISHED_IN_SOURCE_INVENTORY,UNKNOWN_CURRENT_STATUS,NOT_AVAILABLE,NOT_AVAILABLE,NOT_AVAILABLE,NOT_AVAILABLE,NOT_AVAILABLE,SOURCE_DERIVED,User-supplied Published Standards XLSX,USER_SUPPLIED_OFFICIAL_INVENTORY,File_Published_Standards_List_2026-09-04_132339.xlsx,Published Standards,752,NOT_AVAILABLE,NOT_AVAILABLE,2026-09-04,2026-09-04,OFFICIAL_SOURCE_INVENTORY,False,DUPLICATE_NORMALIZED_TITLE
MSV1-E8E8A23BAE6E4AB6,XLSX-PUBLISHED-00771,IS 16789:2026,IS 16789:2026,IS,16789,,,2026,,IS 16789,PARSED_CONSERVATIVELY,Information and documentation - Digital records conversion and migration process,Information and documentation - Digital records conversion and migration process,information and documentation digital records conversion and migration process,2026-03-10,10 Mar 2026,Process Specification,Identical under dual numbering,PUBLISHED_IN_SOURCE_INVENTORY,UNKNOWN_CURRENT_STATUS,NOT_AVAILABLE,NOT_AVAILABLE,NOT_AVAILABLE,NOT_AVAILABLE,NOT_AVAILABLE,SOURCE_DERIVED,User-supplied Published Standards XLSX,USER_SUPPLIED_OFFICIAL_INVENTORY,File_Published_Standards_List_2026-09-04_132339.xlsx,Published Standards,771,NOT_AVAILABLE,NOT_AVAILABLE,2026-09-04,2026-09-04,OFFICIAL_SOURCE_INVENTORY,False,DUPLICATE_NORMALIZED_TITLE
MSV1-3805B12DAD7CDDD1,XLSX-PUBLISHED-00772,IS/ISO 14533 (Part 3):2025,IS/ISO 14533 (Part 3):2025,IS/ISO,14533,3,,2025,,IS/ISO 14533,PARSED_CONSERVATIVELY,Processes data elements and documents in commerce industry and administration- Long term signature profiles- Part 3: Long term signature profiles for PDF Advanced Electronic Signatures PAdES,Processes data elements and documents in commerce industry and administration- Long term signature profiles- Part 3: Long term signature profiles for PDF Advanced Electronic Signatures PAdES,processes data elements and documents in commerce industry and administration long term signature profiles part 3 long term signature profiles for pdf advanced electronic signatures pades,2026-03-10,10 Mar 2026,Process Specification,Identical under single numbering,PUBLISHED_IN_SOURCE_INVENTORY,UNKNOWN_CURRENT_STATUS,NOT_AVAILABLE,NOT_AVAILABLE,NOT_AVAILABLE,NOT_AVAILABLE,NOT_AVAILABLE,SOURCE_DERIVED,User-supplied Published Standards XLSX,USER_SUPPLIED_OFFICIAL_INVENTORY,File_Published_Standards_List_2026-09-04_132339.xlsx,Published Standards,772,NOT_AVAILABLE,NOT_AVAILABLE,2026-09-04,2026-09-04,OFFICIAL_SOURCE_INVENTORY,False,DUPLICATE_NORMALIZED_TITLE
MSV1-DF0816327EA1CB88,XLSX-PUBLISHED-00773,IS 18474 (Part 4):2026,IS 18474 (Part 4):2026,IS,18474,4,,2026,,IS 18474,PARSED_CONSERVATIVELY,"Transfusion Equipment for Medical Use Part 4 Transfusion Sets for Single Use, Gravity Feed","Transfusion Equipment for Medical Use Part 4 Transfusion Sets for Single Use, Gravity Feed",transfusion equipment for medical use part 4 transfusion sets for single use gravity feed,2026-03-06,06 Mar 2026,Product Specification,Identical under dual numbering,PUBLISHED_IN_SOURCE_INVENTORY,UNKNOWN_CURRENT_STATUS,NOT_AVAILABLE,NOT_AVAILABLE,NOT_AVAILABLE,NOT_AVAILABLE,NOT_AVAILABLE,SOURCE_DERIVED,User-supplied Published Standards XLSX,USER_SUPPLIED_OFFICIAL_INVENTORY,File_Published_Standards_List_2026-09-04_132339.xlsx,Published Standards,773,NOT_AVAILABLE,NOT_AVAILABLE,2026-09-04,2026-09-04,OFFICIAL_SOURCE_INVENTORY,False,DUPLICATE_NORMALIZED_TITLE
MSV1-219DADD8A923DC12,XLSX-PUBLISHED-00775,IS 18344 (Part 1):2026,IS 18344 (Part 1):2026,IS,18344,1,,2026,,IS 18344,PARSED_CONSERVATIVELY,"Washer-Disinfectors Part 1 General Requirements, Terms and Definitions and Tests","Washer-Disinfectors Part 1 General Requirements, Terms and Definitions and Tests",washer disinfectors part 1 general requirements terms and definitions and tests,2026-03-06,06 Mar 2026,Product Specification,Identical under dual numbering,PUBLISHED_IN_SOURCE_INVENTORY,UNKNOWN_CURRENT_STATUS,NOT_AVAILABLE,NOT_AVAILABLE,NOT_AVAILABLE,NOT_AVAILABLE,NOT_AVAILABLE,SOURCE_DERIVED,User-supplied Published Standards XLSX,USER_SUPPLIED_OFFICIAL_INVENTORY,File_Published_Standards_List_2026-09-04_132339.xlsx,Published Standards,775,NOT_AVAILABLE,NOT_AVAILABLE,2026-09-04,2026-09-04,OFFICIAL_SOURCE_INVENTORY,False,DUPLICATE_NORMALIZED_TITLE
MSV1-E372E13027F75AA4,XLSX-PUBLISHED-00777,IS 18344 (Part 3):2026,IS 18344 (Part 3):2026,IS,18344,3,,2026,,IS 18344,PARSED_CONSERVATIVELY,Washer-Disinfectors Part 3 Requirements and Tests for Washer-Disinfectors Employing Thermal Disinfection for Human Waste Containers,Washer-Disinfectors Part 3 Requirements and Tests for Washer-Disinfectors Employing Thermal Disinfection for Human Waste Containers,washer disinfectors part 3 requirements and tests for washer disinfectors employing thermal disinfection for human waste containers,2026-03-06,06 Mar 2026,Product Specification,Identical under dual numbering,PUBLISHED_IN_SOURCE_INVENTORY,UNKNOWN_CURRENT_STATUS,NOT_AVAILABLE,NOT_AVAILABLE,NOT_AVAILABLE,NOT_AVAILABLE,NOT_AVAILABLE,SOURCE_DERIVED,User-supplied Published Standards XLSX,USER_SUPPLIED_OFFICIAL_INVENTORY,File_Published_Standards_List_2026-09-04_132339.xlsx,Published Standards,777,NOT_AVAILABLE,NOT_AVAILABLE,2026-09-04,2026-09-04,OFFICIAL_SOURCE_INVENTORY,False,DUPLICATE_NORMALIZED_TITLE
MSV1-DE3C320AE33C5413,XLSX-PUBLISHED-00816,IS 4569 (Part 4):2026,IS 4569 (Part 4):2026,IS,4569,4,,2026,,IS 4569,PARSED_CONSERVATIVELY,"Specification For Scissors, Eye Part 4 Scissors,Enucleation (Second Revision)","Specification For Scissors, Eye Part 4 Scissors,Enucleation (Second Revision)",specification for scissors eye part 4 scissors enucleation second revision,2026-03-06,06 Mar 2026,Product Specification,Indigenous,PUBLISHED_IN_SOURCE_INVENTORY,UNKNOWN_CURRENT_STATUS,NOT_AVAILABLE,NOT_AVAILABLE,NOT_AVAILABLE,NOT_AVAILABLE,NOT_AVAILABLE,SOURCE_DERIVED,User-supplied Published Standards XLSX,USER_SUPPLIED_OFFICIAL_INVENTORY,File_Published_Standards_List_2026-09-04_132339.xlsx,Published Standards,816,NOT_AVAILABLE,NOT_AVAILABLE,2026-09-04,2026-09-04,OFFICIAL_SOURCE_INVENTORY,False,DUPLICATE_NORMALIZED_TITLE
MSV1-D05552B7EA0BA204,XLSX-PUBLISHED-00817,IS 4569 (Part 6):2026,IS 4569 (Part 6):2026,IS,4569,6,,2026,,IS 4569,PARSED_CONSERVATIVELY,"Specification For Scissors, Eye Part 6 Scissors, Iris (Second Revision)","Specification For Scissors, Eye Part 6 Scissors, Iris (Second Revision)",specification for scissors eye part 6 scissors iris second revision,2026-03-06,06 Mar 2026,Product Specification,Indigenous,PUBLISHED_IN_SOURCE_INVENTORY,UNKNOWN_CURRENT_STATUS,NOT_AVAILABLE,NOT_AVAILABLE,NOT_AVAILABLE,NOT_AVAILABLE,NOT_AVAILABLE,SOURCE_DERIVED,User-supplied Published Standards XLSX,USER_SUPPLIED_OFFICIAL_INVENTORY,File_Published_Standards_List_2026-09-04_132339.xlsx,Published Standards,817,NOT_AVAILABLE,NOT_AVAILABLE,2026-09-04,2026-09-04,OFFICIAL_SOURCE_INVENTORY,False,DUPLICATE_NORMALIZED_TITLE
MSV1-4D48634A12E63B0C,XLSX-PUBLISHED-00881,IS 4090:2026,IS 4090:2026,IS,4090,,,2026,,IS 4090,PARSED_CONSERVATIVELY,Criteria for the design of reinforced concrete arches,Criteria for the design of reinforced concrete arches,criteria for the design of reinforced concrete arches,2026-03-05,05 Mar 2026,Code of Practice,Indigenous,PUBLISHED_IN_SOURCE_INVENTORY,UNKNOWN_CURRENT_STATUS,NOT_AVAILABLE,NOT_AVAILABLE,NOT_AVAILABLE,NOT_AVAILABLE,NOT_AVAILABLE,SOURCE_DERIVED,User-supplied Published Standards XLSX,USER_SUPPLIED_OFFICIAL_INVENTORY,File_Published_Standards_List_2026-09-04_132339.xlsx,Published Standards,881,NOT_AVAILABLE,NOT_AVAILABLE,2026-09-04,2026-09-04,OFFICIAL_SOURCE_INVENTORY,False,DUPLICATE_NORMALIZED_TITLE
MSV1-7F63E636430637A7,XLSX-PUBLISHED-01457,SP 74:2025,SP 74:2025,SP,74,,,2025,,SP 74,PARSED_CONSERVATIVELY,REVISED STATE OF THE ART OF METRIC SYSTEM IN INDIA (An update to the SP4 : 1969 Metric Change in India),REVISED STATE OF THE ART OF METRIC SYSTEM IN INDIA (An update to the SP4 : 1969 Metric Change in India),revised state of the art of metric system in india an update to the sp4 1969 metric change in india,2025-11-25,25 Nov 2025,Product Specification,-,PUBLISHED_IN_SOURCE_INVENTORY,UNKNOWN_CURRENT_STATUS,NOT_AVAILABLE,NOT_AVAILABLE,NOT_AVAILABLE,NOT_AVAILABLE,NOT_AVAILABLE,SOURCE_DERIVED,User-supplied Published Standards XLSX,USER_SUPPLIED_OFFICIAL_INVENTORY,File_Published_Standards_List_2026-09-04_132339.xlsx,Published Standards,1457,NOT_AVAILABLE,NOT_AVAILABLE,2026-09-04,2026-09-04,OFFICIAL_SOURCE_INVENTORY,False,DUPLICATE_NORMALIZED_TITLE
MSV1-D6A739A02EDD5036,XLSX-PUBLISHED-01492,IS 13980:2025,IS 13980:2025,IS,13980,,,2025,,IS 13980,PARSED_CONSERVATIVELY,ACCEPTANCE TESTS ON INDUSTRIAL BOILERS CODE OF PRACTICE,ACCEPTANCE TESTS ON INDUSTRIAL BOILERS CODE OF PRACTICE,acceptance tests on industrial boilers code of practice,2025-11-20,20 Nov 2025,Code of Practice,Indigenous,PUBLISHED_IN_SOURCE_INVENTORY,UNKNOWN_CURRENT_STATUS,NOT_AVAILABLE,NOT_AVAILABLE,NOT_AVAILABLE,NOT_AVAILABLE,NOT_AVAILABLE,SOURCE_DERIVED,User-supplied Published Standards XLSX,USER_SUPPLIED_OFFICIAL_INVENTORY,File_Published_Standards_List_2026-09-04_132339.xlsx,Published Standards,1492,NOT_AVAILABLE,NOT_AVAILABLE,2026-09-04,2026-09-04,OFFICIAL_SOURCE_INVENTORY,False,DUPLICATE_NORMALIZED_TITLE
MSV1-D15DB33D1A3EAA7D,XLSX-PUBLISHED-01515,IS 16180 (Part 13):2025,IS 16180 (Part 13):2025,IS,16180,13,,2025,,IS 16180,PARSED_CONSERVATIVELY,Fibre optic connector interfaces Part 13: Type FC-PC connector First Revision,Fibre optic connector interfaces Part 13: Type FC-PC connector First Revision,fibre optic connector interfaces part 13 type fc pc connector first revision,2025-11-17,17 Nov 2025,Safety Standard,Identical under dual numbering,PUBLISHED_IN_SOURCE_INVENTORY,UNKNOWN_CURRENT_STATUS,NOT_AVAILABLE,NOT_AVAILABLE,NOT_AVAILABLE,NOT_AVAILABLE,NOT_AVAILABLE,SOURCE_DERIVED,User-supplied Published Standards XLSX,USER_SUPPLIED_OFFICIAL_INVENTORY,File_Published_Standards_List_2026-09-04_132339.xlsx,Published Standards,1515,NOT_AVAILABLE,NOT_AVAILABLE,2026-09-04,2026-09-04,OFFICIAL_SOURCE_INVENTORY,False,DUPLICATE_NORMALIZED_TITLE
MSV1-42EA67BFC231EA60,XLSX-PUBLISHED-01528,IS/IEC 61400 (Part 29):2023,IS/IEC 61400 (Part 29):2023,IS/IEC,61400,29,,2023,,IS/IEC 61400,PARSED_CONSERVATIVELY,Wind Energy Generation Systems Part 29 Marking and Lighting of Wind Turbines,Wind Energy Generation Systems Part 29 Marking and Lighting of Wind Turbines,wind energy generation systems part 29 marking and lighting of wind turbines,2025-11-17,17 Nov 2025,Code of Practice,Identical under dual numbering,PUBLISHED_IN_SOURCE_INVENTORY,UNKNOWN_CURRENT_STATUS,NOT_AVAILABLE,NOT_AVAILABLE,NOT_AVAILABLE,NOT_AVAILABLE,NOT_AVAILABLE,SOURCE_DERIVED,User-supplied Published Standards XLSX,USER_SUPPLIED_OFFICIAL_INVENTORY,File_Published_Standards_List_2026-09-04_132339.xlsx,Published Standards,1528,NOT_AVAILABLE,NOT_AVAILABLE,2026-09-04,2026-09-04,OFFICIAL_SOURCE_INVENTORY,False,DUPLICATE_NORMALIZED_TITLE
MSV1-4782A781A44A7EBD,XLSX-PUBLISHED-01544,IS 9873 (Part 1):2025,IS 9873 (Part 1):2025,IS,9873,1,,2025,,IS 9873,PARSED_CONSERVATIVELY,SAFETY OF TOYS PART 1: SAFETY ASPECTS RELATED TO MECHANICAL AND PHYSICAL PROPERTIES (Fifth Revision),SAFETY OF TOYS PART 1: SAFETY ASPECTS RELATED TO MECHANICAL AND PHYSICAL PROPERTIES (Fifth Revision),safety of toys part 1 safety aspects related to mechanical and physical properties fifth revision,2025-11-14,14 Nov 2025,Methods of Tests,Identical under dual numbering,PUBLISHED_IN_SOURCE_INVENTORY,UNKNOWN_CURRENT_STATUS,NOT_AVAILABLE,NOT_AVAILABLE,NOT_AVAILABLE,NOT_AVAILABLE,NOT_AVAILABLE,SOURCE_DERIVED,User-supplied Published Standards XLSX,USER_SUPPLIED_OFFICIAL_INVENTORY,File_Published_Standards_List_2026-09-04_132339.xlsx,Published Standards,1544,NOT_AVAILABLE,NOT_AVAILABLE,2026-09-04,2026-09-04,OFFICIAL_SOURCE_INVENTORY,False,DUPLICATE_NORMALIZED_TITLE
MSV1-869FF77DFAA34321,XLSX-PUBLISHED-01546,IS 9873 (Part 6):2025,IS 9873 (Part 6):2025,IS,9873,6,,2025,,IS 9873,PARSED_CONSERVATIVELY,SAFETY OF TOYS PART 6 CERTAIN PHTHALATE ESTERS (Second Revision ),SAFETY OF TOYS PART 6 CERTAIN PHTHALATE ESTERS (Second Revision ),safety of toys part 6 certain phthalate esters second revision,2025-11-14,14 Nov 2025,Methods of Tests,Identical under dual numbering,PUBLISHED_IN_SOURCE_INVENTORY,UNKNOWN_CURRENT_STATUS,NOT_AVAILABLE,NOT_AVAILABLE,NOT_AVAILABLE,NOT_AVAILABLE,NOT_AVAILABLE,SOURCE_DERIVED,User-supplied Published Standards XLSX,USER_SUPPLIED_OFFICIAL_INVENTORY,File_Published_Standards_List_2026-09-04_132339.xlsx,Published Standards,1546,NOT_AVAILABLE,NOT_AVAILABLE,2026-09-04,2026-09-04,OFFICIAL_SOURCE_INVENTORY,False,DUPLICATE_NORMALIZED_TITLE
MSV1-675D40D5E67B0869,XLSX-PUBLISHED-01577,IS/IEC TS 61400 (Part 29):2023,IS/IEC TS 61400 (Part 29):2023,IS/IEC,61400,29,,2023,,IS/IEC TS 61400,PARSED_CONSERVATIVELY,Wind energy generation systems Part 29: Marking and lighting of wind turbines,Wind energy generation systems Part 29: Marking and lighting of wind turbines,wind energy generation systems part 29 marking and lighting of wind turbines,2025-10-30,30 Oct 2025,Code of Practice,Identical under single numbering,PUBLISHED_IN_SOURCE_INVENTORY,UNKNOWN_CURRENT_STATUS,NOT_AVAILABLE,NOT_AVAILABLE,NOT_AVAILABLE,NOT_AVAILABLE,NOT_AVAILABLE,SOURCE_DERIVED,User-supplied Published Standards XLSX,USER_SUPPLIED_OFFICIAL_INVENTORY,File_Published_Standards_List_2026-09-04_132339.xlsx,Published Standards,1577,NOT_AVAILABLE,NOT_AVAILABLE,2026-09-04,2026-09-04,OFFICIAL_SOURCE_INVENTORY,False,DUPLICATE_NORMALIZED_TITLE
MSV1-E141BC5B82BA745D,XLSX-PUBLISHED-01583,IS 19329 (Part 4):2025,IS 19329 (Part 4):2025,IS,19329,4,,2025,,IS 19329,PARSED_CONSERVATIVELY,Prefilled Syringes Part 4 Glass Barrels for Injectables and Sterilized Subassembled Syringes Ready for Filling,Prefilled Syringes Part 4 Glass Barrels for Injectables and Sterilized Subassembled Syringes Ready for Filling,prefilled syringes part 4 glass barrels for injectables and sterilized subassembled syringes ready for filling,2025-09-29,29 Sep 2025,Product Specification,Identical under dual numbering,PUBLISHED_IN_SOURCE_INVENTORY,UNKNOWN_CURRENT_STATUS,NOT_AVAILABLE,NOT_AVAILABLE,NOT_AVAILABLE,NOT_AVAILABLE,NOT_AVAILABLE,SOURCE_DERIVED,User-supplied Published Standards XLSX,USER_SUPPLIED_OFFICIAL_INVENTORY,File_Published_Standards_List_2026-09-04_132339.xlsx,Published Standards,1583,NOT_AVAILABLE,NOT_AVAILABLE,2026-09-04,2026-09-04,OFFICIAL_SOURCE_INVENTORY,False,DUPLICATE_NORMALIZED_TITLE
MSV1-3C752E694AB54BBE,XLSX-PUBLISHED-01637,IS 18881 (Part 1):2025,IS 18881 (Part 1):2025,IS,18881,1,,2025,,IS 18881,PARSED_CONSERVATIVELY,Aseptic Processing of Health Care Products Part 1 General Requirements,Aseptic Processing of Health Care Products Part 1 General Requirements,aseptic processing of health care products part 1 general requirements,2025-09-03,03 Sep 2025,Process Specification,Identical under dual numbering,PUBLISHED_IN_SOURCE_INVENTORY,UNKNOWN_CURRENT_STATUS,NOT_AVAILABLE,NOT_AVAILABLE,NOT_AVAILABLE,NOT_AVAILABLE,NOT_AVAILABLE,SOURCE_DERIVED,User-supplied Published Standards XLSX,USER_SUPPLIED_OFFICIAL_INVENTORY,File_Published_Standards_List_2026-09-04_132339.xlsx,Published Standards,1637,NOT_AVAILABLE,NOT_AVAILABLE,2026-09-04,2026-09-04,OFFICIAL_SOURCE_INVENTORY,False,DUPLICATE_NORMALIZED_TITLE
MSV1-E3171F4AA43D63C3,XLSX-PUBLISHED-01683,SP 4:2025,SP 4:2025,SP,4,,,2025,,SP 4,PARSED_CONSERVATIVELY,Revised State of the Art of Metric System in India (An update to the SP4 : 1969 Metric change in India),Revised State of the Art of Metric System in India (An update to the SP4 : 1969 Metric change in India),revised state of the art of metric system in india an update to the sp4 1969 metric change in india,2025-09-01,01 Sep 2025,Others,Not Equivalent,PUBLISHED_IN_SOURCE_INVENTORY,UNKNOWN_CURRENT_STATUS,NOT_AVAILABLE,NOT_AVAILABLE,NOT_AVAILABLE,NOT_AVAILABLE,NOT_AVAILABLE,SOURCE_DERIVED,User-supplied Published Standards XLSX,USER_SUPPLIED_OFFICIAL_INVENTORY,File_Published_Standards_List_2026-09-04_132339.xlsx,Published Standards,1683,NOT_AVAILABLE,NOT_AVAILABLE,2026-09-04,2026-09-04,OFFICIAL_SOURCE_INVENTORY,False,DUPLICATE_NORMALIZED_TITLE
MSV1-146D0B5543C3EC22,XLSX-PUBLISHED-02769,IS 19185:2025,IS 19185:2025,IS,19185,,,2025,,IS 19185,PARSED_CONSERVATIVELY,Tools for pressing - Sliding plates,Tools for pressing - Sliding plates,tools for pressing sliding plates,2025-03-05,05 Mar 2025,Product Specification,Identical under dual numbering,PUBLISHED_IN_SOURCE_INVENTORY,UNKNOWN_CURRENT_STATUS,NOT_AVAILABLE,NOT_AVAILABLE,NOT_AVAILABLE,NOT_AVAILABLE,NOT_AVAILABLE,SOURCE_DERIVED,User-supplied Published Standards XLSX,USER_SUPPLIED_OFFICIAL_INVENTORY,File_Published_Standards_List_2026-09-04_132339.xlsx,Published Standards,2769,NOT_AVAILABLE,NOT_AVAILABLE,2026-09-04,2026-09-04,OFFICIAL_SOURCE_INVENTORY,False,DUPLICATE_NORMALIZED_TITLE
MSV1-02FCBCCA03862E8E,XLSX-PUBLISHED-03425,IS 18696:2024,IS 18696:2024,IS,18696,,,2024,,IS 18696,PARSED_CONSERVATIVELY,Anaesthetic and Respiratory Equipment- Oropharyngeal Airways,Anaesthetic and Respiratory Equipment- Oropharyngeal Airways,anaesthetic and respiratory equipment oropharyngeal airways,2024-10-29,29 Oct 2024,Product Specification,Modified/Technically Equivalent,PUBLISHED_IN_SOURCE_INVENTORY,UNKNOWN_CURRENT_STATUS,NOT_AVAILABLE,NOT_AVAILABLE,NOT_AVAILABLE,NOT_AVAILABLE,NOT_AVAILABLE,SOURCE_DERIVED,User-supplied Published Standards XLSX,USER_SUPPLIED_OFFICIAL_INVENTORY,File_Published_Standards_List_2026-09-04_132339.xlsx,Published Standards,3425,NOT_AVAILABLE,NOT_AVAILABLE,2026-09-04,2026-09-04,OFFICIAL_SOURCE_INVENTORY,False,DUPLICATE_NORMALIZED_TITLE
MSV1-CF4E1590BB1890E9,XLSX-PUBLISHED-04990,IS 14990 (Part 5):2024,IS 14990 (Part 5):2024,IS,14990,5,,2024,,IS 14990,PARSED_CONSERVATIVELY,"Information Security, Cybersecurity and Privacy Protection - Evaluation Criteria for IT Security Part 5: Pre-defined Packages of Security Requirements","Information Security, Cybersecurity and Privacy Protection - Evaluation Criteria for IT Security Part 5: Pre-defined Packages of Security Requirements",information security cybersecurity and privacy protection evaluation criteria for it security part 5 pre defined packages of security requirements,2024-03-26,26 Mar 2024,Methods of Tests,Identical under dual numbering,PUBLISHED_IN_SOURCE_INVENTORY,UNKNOWN_CURRENT_STATUS,NOT_AVAILABLE,NOT_AVAILABLE,NOT_AVAILABLE,NOT_AVAILABLE,NOT_AVAILABLE,SOURCE_DERIVED,User-supplied Published Standards XLSX,USER_SUPPLIED_OFFICIAL_INVENTORY,File_Published_Standards_List_2026-09-04_132339.xlsx,Published Standards,4990,NOT_AVAILABLE,NOT_AVAILABLE,2026-09-04,2026-09-04,OFFICIAL_SOURCE_INVENTORY,False,DUPLICATE_NORMALIZED_TITLE
MSV1-5491C276F0D7B9EA,XLSX-PUBLISHED-05226,IS 13834 (Part 2):2023,IS 13834 (Part 2):2023,IS,13834,2,,2023,,IS 13834,PARSED_CONSERVATIVELY,Cranes - Classification Part 2 Mobile Cranes (First Revision),Cranes - Classification Part 2 Mobile Cranes (First Revision),cranes classification part 2 mobile cranes first revision,2024-01-22,22 Jan 2024,System Standard,Identical under dual numbering,PUBLISHED_IN_SOURCE_INVENTORY,UNKNOWN_CURRENT_STATUS,NOT_AVAILABLE,NOT_AVAILABLE,NOT_AVAILABLE,NOT_AVAILABLE,NOT_AVAILABLE,SOURCE_DERIVED,User-supplied Published Standards XLSX,USER_SUPPLIED_OFFICIAL_INVENTORY,File_Published_Standards_List_2026-09-04_132339.xlsx,Published Standards,5226,NOT_AVAILABLE,NOT_AVAILABLE,2026-09-04,2026-09-04,OFFICIAL_SOURCE_INVENTORY,False,DUPLICATE_NORMALIZED_TITLE
MSV1-EFE2173FFE5A19D2,XLSX-PUBLISHED-05782,IS 18375 (Part 1):2023,IS 18375 (Part 1):2023,IS,18375,1,,2023,,IS 18375,PARSED_CONSERVATIVELY,Medical Suction Equipment Part 1 Electrically Powered Suction Equipment,Medical Suction Equipment Part 1 Electrically Powered Suction Equipment,medical suction equipment part 1 electrically powered suction equipment,2023-11-01,01 Nov 2023,Product Specification,Modified/Technically Equivalent,PUBLISHED_IN_SOURCE_INVENTORY,UNKNOWN_CURRENT_STATUS,NOT_AVAILABLE,NOT_AVAILABLE,NOT_AVAILABLE,NOT_AVAILABLE,NOT_AVAILABLE,SOURCE_DERIVED,User-supplied Published Standards XLSX,USER_SUPPLIED_OFFICIAL_INVENTORY,File_Published_Standards_List_2026-09-04_132339.xlsx,Published Standards,5782,NOT_AVAILABLE,NOT_AVAILABLE,2026-09-04,2026-09-04,OFFICIAL_SOURCE_INVENTORY,False,DUPLICATE_NORMALIZED_TITLE
MSV1-64BDC07C869CC4C6,XLSX-PUBLISHED-06196,IS 18339:2023,IS 18339:2023,IS,18339,,,2023,,IS 18339,PARSED_CONSERVATIVELY,SPACE SYSTEMS PROGRAMME MANAGEMENT PROJECT ORGANIZATION,SPACE SYSTEMS PROGRAMME MANAGEMENT PROJECT ORGANIZATION,space systems programme management project organization,2023-08-25,25 Aug 2023,Process Specification,Identical under dual numbering,PUBLISHED_IN_SOURCE_INVENTORY,UNKNOWN_CURRENT_STATUS,NOT_AVAILABLE,NOT_AVAILABLE,NOT_AVAILABLE,NOT_AVAILABLE,NOT_AVAILABLE,SOURCE_DERIVED,User-supplied Published Standards XLSX,USER_SUPPLIED_OFFICIAL_INVENTORY,File_Published_Standards_List_2026-09-04_132339.xlsx,Published Standards,6196,NOT_AVAILABLE,NOT_AVAILABLE,2026-09-04,2026-09-04,OFFICIAL_SOURCE_INVENTORY,False,DUPLICATE_NORMALIZED_TITLE
MSV1-904221444FADF2F9,XLSX-PUBLISHED-06862,IS 15586:2022,IS 15586:2022,IS,15586,,,2022,,IS 15586,PARSED_CONSERVATIVELY,Securities and related financial instruments- Classification of financial instruments CFI code (Third Revision),Securities and related financial instruments- Classification of financial instruments CFI code (Third Revision),securities and related financial instruments classification of financial instruments cfi code third revision,2023-05-16,16 May 2023,Service Specification,Identical under dual numbering,PUBLISHED_IN_SOURCE_INVENTORY,UNKNOWN_CURRENT_STATUS,NOT_AVAILABLE,NOT_AVAILABLE,NOT_AVAILABLE,NOT_AVAILABLE,NOT_AVAILABLE,SOURCE_DERIVED,User-supplied Published Standards XLSX,USER_SUPPLIED_OFFICIAL_INVENTORY,File_Published_Standards_List_2026-09-04_132339.xlsx,Published Standards,6862,NOT_AVAILABLE,NOT_AVAILABLE,2026-09-04,2026-09-04,OFFICIAL_SOURCE_INVENTORY,False,DUPLICATE_NORMALIZED_TITLE
MSV1-0E9CC80AA6902BA6,XLSX-PUBLISHED-06867,IS 15586:2021,IS 15586:2021,IS,15586,,,2021,,IS 15586,PARSED_CONSERVATIVELY,Securities and related financial instruments- Classification of financial instruments CFI code (Third Revision),Securities and related financial instruments- Classification of financial instruments CFI code (Third Revision),securities and related financial instruments classification of financial instruments cfi code third revision,2023-05-16,16 May 2023,Service Specification,Identical under dual numbering,PUBLISHED_IN_SOURCE_INVENTORY,UNKNOWN_CURRENT_STATUS,NOT_AVAILABLE,NOT_AVAILABLE,NOT_AVAILABLE,NOT_AVAILABLE,NOT_AVAILABLE,SOURCE_DERIVED,User-supplied Published Standards XLSX,USER_SUPPLIED_OFFICIAL_INVENTORY,File_Published_Standards_List_2026-09-04_132339.xlsx,Published Standards,6867,NOT_AVAILABLE,NOT_AVAILABLE,2026-09-04,2026-09-04,OFFICIAL_SOURCE_INVENTORY,False,DUPLICATE_NORMALIZED_TITLE
MSV1-CF08201B76026BBE,XLSX-PUBLISHED-07054,IS 13450 (Part 2/Sec 35):2023,IS 13450 (Part 2/Sec 35):2023,IS,13450,2/Sec 35,35,2023,,IS 13450,PARSED_CONSERVATIVELY,Medical Electrical Equipment Part 2 Particular Requirements for the Basic Safety and Essential Performance Section 35 Heating devices using blankets pads or mattresses and intended for heating in medical use,Medical Electrical Equipment Part 2 Particular Requirements for the Basic Safety and Essential Performance Section 35 Heating devices using blankets pads or mattresses and intended for heating in medical use,medical electrical equipment part 2 particular requirements for the basic safety and essential performance section 35 heating devices using blankets pads or mattresses and intended for heating in medical use,2023-04-25,25 Apr 2023,Product Specification,Identical under dual numbering,PUBLISHED_IN_SOURCE_INVENTORY,UNKNOWN_CURRENT_STATUS,NOT_AVAILABLE,NOT_AVAILABLE,NOT_AVAILABLE,NOT_AVAILABLE,NOT_AVAILABLE,SOURCE_DERIVED,User-supplied Published Standards XLSX,USER_SUPPLIED_OFFICIAL_INVENTORY,File_Published_Standards_List_2026-09-04_132339.xlsx,Published Standards,7054,NOT_AVAILABLE,NOT_AVAILABLE,2026-09-04,2026-09-04,OFFICIAL_SOURCE_INVENTORY,False,DUPLICATE_NORMALIZED_TITLE
MSV1-A5D3550C6BF8B082,XLSX-PUBLISHED-07463,IS/ISO 13408 (Part 1):2008,IS/ISO 13408 (Part 1):2008,IS/ISO,13408,1,,2008,,IS/ISO 13408,PARSED_CONSERVATIVELY,Aseptic processing of health care products Part 1 General requirements,Aseptic processing of health care products Part 1 General requirements,aseptic processing of health care products part 1 general requirements,2023-01-11,11 Jan 2023,Code of Practice,Identical under single numbering,PUBLISHED_IN_SOURCE_INVENTORY,UNKNOWN_CURRENT_STATUS,NOT_AVAILABLE,NOT_AVAILABLE,NOT_AVAILABLE,NOT_AVAILABLE,NOT_AVAILABLE,SOURCE_DERIVED,User-supplied Published Standards XLSX,USER_SUPPLIED_OFFICIAL_INVENTORY,File_Published_Standards_List_2026-09-04_132339.xlsx,Published Standards,7463,NOT_AVAILABLE,NOT_AVAILABLE,2026-09-04,2026-09-04,OFFICIAL_SOURCE_INVENTORY,False,DUPLICATE_NORMALIZED_TITLE
MSV1-8AD9FBF67A083746,XLSX-PUBLISHED-07904,IS 9317:2022,IS 9317:2022,IS,9317,,,2022,,IS 9317,PARSED_CONSERVATIVELY,SKIS VOCABULARY,SKIS VOCABULARY,skis vocabulary,2022-09-30,30 Sep 2022,Terminology,Indigenous,PUBLISHED_IN_SOURCE_INVENTORY,UNKNOWN_CURRENT_STATUS,NOT_AVAILABLE,NOT_AVAILABLE,NOT_AVAILABLE,NOT_AVAILABLE,NOT_AVAILABLE,SOURCE_DERIVED,User-supplied Published Standards XLSX,USER_SUPPLIED_OFFICIAL_INVENTORY,File_Published_Standards_List_2026-09-04_132339.xlsx,Published Standards,7904,NOT_AVAILABLE,NOT_AVAILABLE,2026-09-04,2026-09-04,OFFICIAL_SOURCE_INVENTORY,False,DUPLICATE_NORMALIZED_TITLE
MSV1-C2D91E8A782D4CC4,XLSX-PUBLISHED-08145,IS/ISO 4301 (Part 2):2022,IS/ISO 4301 (Part 2):2022,IS/ISO,4301,2,,2022,,IS/ISO 4301,PARSED_CONSERVATIVELY,Cranes Classification Part 2 Mobile Cranes (First Revision),Cranes Classification Part 2 Mobile Cranes (First Revision),cranes classification part 2 mobile cranes first revision,2022-04-30,30 Apr 2022,System Standard,Identical under single numbering,PUBLISHED_IN_SOURCE_INVENTORY,UNKNOWN_CURRENT_STATUS,NOT_AVAILABLE,NOT_AVAILABLE,NOT_AVAILABLE,NOT_AVAILABLE,NOT_AVAILABLE,SOURCE_DERIVED,User-supplied Published Standards XLSX,USER_SUPPLIED_OFFICIAL_INVENTORY,File_Published_Standards_List_2026-09-04_132339.xlsx,Published Standards,8145,NOT_AVAILABLE,NOT_AVAILABLE,2026-09-04,2026-09-04,OFFICIAL_SOURCE_INVENTORY,False,DUPLICATE_NORMALIZED_TITLE
MSV1-97085C279BDC22FF,XLSX-PUBLISHED-08850,IS 1448 (Part 186):2021,IS 1448 (Part 186):2021,IS,1448,186,,2021,,IS 1448,PARSED_CONSERVATIVELY,Petroleum Products and Related Products Determination of Kinematic Viscosity Method by Stabinger Type Viscometer,Petroleum Products and Related Products Determination of Kinematic Viscosity Method by Stabinger Type Viscometer,petroleum products and related products determination of kinematic viscosity method by stabinger type viscometer,2021-11-30,30 Nov 2021,Methods of Tests,Identical under dual numbering,PUBLISHED_IN_SOURCE_INVENTORY,UNKNOWN_CURRENT_STATUS,NOT_AVAILABLE,NOT_AVAILABLE,NOT_AVAILABLE,NOT_AVAILABLE,NOT_AVAILABLE,SOURCE_DERIVED,User-supplied Published Standards XLSX,USER_SUPPLIED_OFFICIAL_INVENTORY,File_Published_Standards_List_2026-09-04_132339.xlsx,Published Standards,8850,NOT_AVAILABLE,NOT_AVAILABLE,2026-09-04,2026-09-04,OFFICIAL_SOURCE_INVENTORY,False,DUPLICATE_NORMALIZED_TITLE
MSV1-DAB81132A37570EC,XLSX-PUBLISHED-09020,IS/ISO 14533 (Part 3):2017,IS/ISO 14533 (Part 3):2017,IS/ISO,14533,3,,2017,,IS/ISO 14533,PARSED_CONSERVATIVELY,Processes data elements and documents in commerce industry and administration- Long term signature profiles- Part 3: Long term signature profiles for PDF Advanced Electronic Signatures PAdES,Processes data elements and documents in commerce industry and administration- Long term signature profiles- Part 3: Long term signature profiles for PDF Advanced Electronic Signatures PAdES,processes data elements and documents in commerce industry and administration long term signature profiles part 3 long term signature profiles for pdf advanced electronic signatures pades,2021-10-31,31 Oct 2021,Others,Identical under single numbering,PUBLISHED_IN_SOURCE_INVENTORY,UNKNOWN_CURRENT_STATUS,NOT_AVAILABLE,NOT_AVAILABLE,NOT_AVAILABLE,NOT_AVAILABLE,NOT_AVAILABLE,SOURCE_DERIVED,User-supplied Published Standards XLSX,USER_SUPPLIED_OFFICIAL_INVENTORY,File_Published_Standards_List_2026-09-04_132339.xlsx,Published Standards,9020,NOT_AVAILABLE,NOT_AVAILABLE,2026-09-04,2026-09-04,OFFICIAL_SOURCE_INVENTORY,False,DUPLICATE_NORMALIZED_TITLE
MSV1-F00D0C3DB033508F,XLSX-PUBLISHED-09200,IS 1448 (Part 187):2021,IS 1448 (Part 187):2021,IS,1448,187,,2021,,IS 1448,PARSED_CONSERVATIVELY,Methods of test for Petroleum and its Products Part 187 Petroleum Products-Determination of Sulfated Ash in Lubricating Oils and Additives,Methods of test for Petroleum and its Products Part 187 Petroleum Products-Determination of Sulfated Ash in Lubricating Oils and Additives,methods of test for petroleum and its products part 187 petroleum products determination of sulfated ash in lubricating oils and additives,2021-09-30,30 Sep 2021,Methods of Tests,Identical under dual numbering,PUBLISHED_IN_SOURCE_INVENTORY,UNKNOWN_CURRENT_STATUS,NOT_AVAILABLE,NOT_AVAILABLE,NOT_AVAILABLE,NOT_AVAILABLE,NOT_AVAILABLE,SOURCE_DERIVED,User-supplied Published Standards XLSX,USER_SUPPLIED_OFFICIAL_INVENTORY,File_Published_Standards_List_2026-09-04_132339.xlsx,Published Standards,9200,NOT_AVAILABLE,NOT_AVAILABLE,2026-09-04,2026-09-04,OFFICIAL_SOURCE_INVENTORY,False,DUPLICATE_NORMALIZED_TITLE
MSV1-B174B158F37295FE,XLSX-PUBLISHED-09384,IS 9873 (Part 6):2021,IS 9873 (Part 6):2021,IS,9873,6,,2021,,IS 9873,PARSED_CONSERVATIVELY,SAFETY OF TOYS PART 6 CERTAIN PHTHALATE ESTERS (Second Revision ),SAFETY OF TOYS PART 6 CERTAIN PHTHALATE ESTERS (Second Revision ),safety of toys part 6 certain phthalate esters second revision,2021-08-31,31 Aug 2021,Methods of Tests,Identical under dual numbering,PUBLISHED_IN_SOURCE_INVENTORY,UNKNOWN_CURRENT_STATUS,NOT_AVAILABLE,NOT_AVAILABLE,NOT_AVAILABLE,NOT_AVAILABLE,NOT_AVAILABLE,SOURCE_DERIVED,User-supplied Published Standards XLSX,USER_SUPPLIED_OFFICIAL_INVENTORY,File_Published_Standards_List_2026-09-04_132339.xlsx,Published Standards,9384,NOT_AVAILABLE,NOT_AVAILABLE,2026-09-04,2026-09-04,OFFICIAL_SOURCE_INVENTORY,False,DUPLICATE_NORMALIZED_TITLE
MSV1-238B9DBBEBC29A75,XLSX-PUBLISHED-09624,IS/ISO 12619 (Part 1):2014,IS/ISO 12619 (Part 1):2014,IS/ISO,12619,1,,2014,,IS/ISO 12619,PARSED_CONSERVATIVELY,Road Vehicles Compressed Gaseous Hydrogen CGH2 And Hydrogen Natural Gas Blend Fuel System Components Part 1: General Requirements And Definitions,Road Vehicles Compressed Gaseous Hydrogen CGH2 And Hydrogen Natural Gas Blend Fuel System Components Part 1: General Requirements And Definitions,road vehicles compressed gaseous hydrogen cgh2 and hydrogen natural gas blend fuel system components part 1 general requirements and definitions,2021-03-31,31 Mar 2021,Terminology,Identical under dual numbering,PUBLISHED_IN_SOURCE_INVENTORY,UNKNOWN_CURRENT_STATUS,NOT_AVAILABLE,NOT_AVAILABLE,NOT_AVAILABLE,NOT_AVAILABLE,NOT_AVAILABLE,SOURCE_DERIVED,User-supplied Published Standards XLSX,USER_SUPPLIED_OFFICIAL_INVENTORY,File_Published_Standards_List_2026-09-04_132339.xlsx,Published Standards,9624,NOT_AVAILABLE,NOT_AVAILABLE,2026-09-04,2026-09-04,OFFICIAL_SOURCE_INVENTORY,False,DUPLICATE_NORMALIZED_TITLE
MSV1-8F9717D205BE4E52,XLSX-PUBLISHED-09754,IS/ISO 12619 (Part 16):2017,IS/ISO 12619 (Part 16):2017,IS/ISO,12619,16,,2017,,IS/ISO 12619,PARSED_CONSERVATIVELY,Road Vehicles Compressed Gaseous Hydrogen CGH2 And Hydrogen Natural Gas Blend Fuel System Components Part 1: General Requirements And Definitions,Road Vehicles Compressed Gaseous Hydrogen CGH2 And Hydrogen Natural Gas Blend Fuel System Components Part 1: General Requirements And Definitions,road vehicles compressed gaseous hydrogen cgh2 and hydrogen natural gas blend fuel system components part 1 general requirements and definitions,2021-03-31,31 Mar 2021,Terminology,Identical under dual numbering,PUBLISHED_IN_SOURCE_INVENTORY,UNKNOWN_CURRENT_STATUS,NOT_AVAILABLE,NOT_AVAILABLE,NOT_AVAILABLE,NOT_AVAILABLE,NOT_AVAILABLE,SOURCE_DERIVED,User-supplied Published Standards XLSX,USER_SUPPLIED_OFFICIAL_INVENTORY,File_Published_Standards_List_2026-09-04_132339.xlsx,Published Standards,9754,NOT_AVAILABLE,NOT_AVAILABLE,2026-09-04,2026-09-04,OFFICIAL_SOURCE_INVENTORY,False,DUPLICATE_NORMALIZED_TITLE
MSV1-5B1EA1C402E46A29,XLSX-PUBLISHED-09803,IS/ISO 11040 (Part 4):2015,IS/ISO 11040 (Part 4):2015,IS/ISO,11040,4,,2015,,IS/ISO 11040,PARSED_CONSERVATIVELY,Prefilled syringes Part 4 Glass barrels for injectables and sterilized subassembled syringes ready for filling,Prefilled syringes Part 4 Glass barrels for injectables and sterilized subassembled syringes ready for filling,prefilled syringes part 4 glass barrels for injectables and sterilized subassembled syringes ready for filling,2021-02-28,28 Feb 2021,Product Specification,Identical under single numbering,PUBLISHED_IN_SOURCE_INVENTORY,UNKNOWN_CURRENT_STATUS,NOT_AVAILABLE,NOT_AVAILABLE,NOT_AVAILABLE,NOT_AVAILABLE,NOT_AVAILABLE,SOURCE_DERIVED,User-supplied Published Standards XLSX,USER_SUPPLIED_OFFICIAL_INVENTORY,File_Published_Standards_List_2026-09-04_132339.xlsx,Published Standards,9803,NOT_AVAILABLE,NOT_AVAILABLE,2026-09-04,2026-09-04,OFFICIAL_SOURCE_INVENTORY,False,DUPLICATE_NORMALIZED_TITLE
MSV1-4C932F71F56EA4BD,XLSX-PUBLISHED-10006,IS 17467 (Part 3):2020,IS 17467 (Part 3):2020,IS,17467,3,,2020,,IS 17467,PARSED_CONSERVATIVELY,Protective Clothing - Test Methods for Clothing Providing Protection against Chemicals Part 4 Determination of Resistance to Penetration by a Spray of Liquid ( Spray Test ),Protective Clothing - Test Methods for Clothing Providing Protection against Chemicals Part 4 Determination of Resistance to Penetration by a Spray of Liquid ( Spray Test ),protective clothing test methods for clothing providing protection against chemicals part 4 determination of resistance to penetration by a spray of liquid spray test,2020-12-31,31 Dec 2020,Methods of Tests,Identical under dual numbering,PUBLISHED_IN_SOURCE_INVENTORY,UNKNOWN_CURRENT_STATUS,NOT_AVAILABLE,NOT_AVAILABLE,NOT_AVAILABLE,NOT_AVAILABLE,NOT_AVAILABLE,SOURCE_DERIVED,User-supplied Published Standards XLSX,USER_SUPPLIED_OFFICIAL_INVENTORY,File_Published_Standards_List_2026-09-04_132339.xlsx,Published Standards,10006,NOT_AVAILABLE,NOT_AVAILABLE,2026-09-04,2026-09-04,OFFICIAL_SOURCE_INVENTORY,False,DUPLICATE_NORMALIZED_TITLE
MSV1-BCDD66FD199682C1,XLSX-PUBLISHED-10007,IS 17467 (Part 4):2020,IS 17467 (Part 4):2020,IS,17467,4,,2020,,IS 17467,PARSED_CONSERVATIVELY,Protective Clothing - Test Methods for Clothing Providing Protection against Chemicals Part 4 Determination of Resistance to Penetration by a Spray of Liquid ( Spray Test ),Protective Clothing - Test Methods for Clothing Providing Protection against Chemicals Part 4 Determination of Resistance to Penetration by a Spray of Liquid ( Spray Test ),protective clothing test methods for clothing providing protection against chemicals part 4 determination of resistance to penetration by a spray of liquid spray test,2020-12-31,31 Dec 2020,Methods of Tests,Identical under dual numbering,PUBLISHED_IN_SOURCE_INVENTORY,UNKNOWN_CURRENT_STATUS,NOT_AVAILABLE,NOT_AVAILABLE,NOT_AVAILABLE,NOT_AVAILABLE,NOT_AVAILABLE,SOURCE_DERIVED,User-supplied Published Standards XLSX,USER_SUPPLIED_OFFICIAL_INVENTORY,File_Published_Standards_List_2026-09-04_132339.xlsx,Published Standards,10007,NOT_AVAILABLE,NOT_AVAILABLE,2026-09-04,2026-09-04,OFFICIAL_SOURCE_INVENTORY,False,DUPLICATE_NORMALIZED_TITLE
MSV1-7D7BF9E08C2FC689,XLSX-PUBLISHED-10059,IS/IEC 61196 (Part 6/Sec 4):2020,IS/IEC 61196 (Part 6/Sec 4):2020,IS/IEC,61196,6/Sec 4,4,2020,,IS/IEC 61196,PARSED_CONSERVATIVELY,Coaxial Communication Cables Part 6 CATV Drop Cables Section 4 Detail specification for 75-7 type cables,Coaxial Communication Cables Part 6 CATV Drop Cables Section 4 Detail specification for 75-7 type cables,coaxial communication cables part 6 catv drop cables section 4 detail specification for 75 7 type cables,2020-11-30,30 Nov 2020,Product Specification,Identical under single numbering,PUBLISHED_IN_SOURCE_INVENTORY,UNKNOWN_CURRENT_STATUS,NOT_AVAILABLE,NOT_AVAILABLE,NOT_AVAILABLE,NOT_AVAILABLE,NOT_AVAILABLE,SOURCE_DERIVED,User-supplied Published Standards XLSX,USER_SUPPLIED_OFFICIAL_INVENTORY,File_Published_Standards_List_2026-09-04_132339.xlsx,Published Standards,10059,NOT_AVAILABLE,NOT_AVAILABLE,2026-09-04,2026-09-04,OFFICIAL_SOURCE_INVENTORY,False,DUPLICATE_NORMALIZED_TITLE
MSV1-D5E7CAEC37E0BA63,XLSX-PUBLISHED-10092,IS/IEC 611196 (Part 6/Sec 4):2020,IS/IEC 611196 (Part 6/Sec 4):2020,IS/IEC,611196,6/Sec 4,4,2020,,IS/IEC 611196,PARSED_CONSERVATIVELY,Coaxial Communication Cables Part 6 CATV Drop Cables Section 4 Detail specification for 75-7 type cables,Coaxial Communication Cables Part 6 CATV Drop Cables Section 4 Detail specification for 75-7 type cables,coaxial communication cables part 6 catv drop cables section 4 detail specification for 75 7 type cables,2020-11-09,09 Nov 2020,Product Specification,Identical under single numbering,PUBLISHED_IN_SOURCE_INVENTORY,UNKNOWN_CURRENT_STATUS,NOT_AVAILABLE,NOT_AVAILABLE,NOT_AVAILABLE,NOT_AVAILABLE,NOT_AVAILABLE,SOURCE_DERIVED,User-supplied Published Standards XLSX,USER_SUPPLIED_OFFICIAL_INVENTORY,File_Published_Standards_List_2026-09-04_132339.xlsx,Published Standards,10092,NOT_AVAILABLE,NOT_AVAILABLE,2026-09-04,2026-09-04,OFFICIAL_SOURCE_INVENTORY,False,DUPLICATE_NORMALIZED_TITLE
MSV1-D99C2EC5271E9BCE,XLSX-PUBLISHED-10181,IS/IEC 80601 (Part 2/Sec 35):2009,IS/IEC 80601 (Part 2/Sec 35):2009,IS/IEC,80601,2/Sec 35,35,2009,,IS/IEC 80601,PARSED_CONSERVATIVELY,"Medical Electrical Equipment Part 2 Particular Requirements for the Basic Safety and Essential Performance Section 35 Heating devices using blankets, pads or mattresses and intended for heating in medical use","Medical Electrical Equipment Part 2 Particular Requirements for the Basic Safety and Essential Performance Section 35 Heating devices using blankets, pads or mattresses and intended for heating in medical use",medical electrical equipment part 2 particular requirements for the basic safety and essential performance section 35 heating devices using blankets pads or mattresses and intended for heating in medical use,2020-09-30,30 Sep 2020,Product Specification,Identical under single numbering,PUBLISHED_IN_SOURCE_INVENTORY,UNKNOWN_CURRENT_STATUS,NOT_AVAILABLE,NOT_AVAILABLE,NOT_AVAILABLE,NOT_AVAILABLE,NOT_AVAILABLE,SOURCE_DERIVED,User-supplied Published Standards XLSX,USER_SUPPLIED_OFFICIAL_INVENTORY,File_Published_Standards_List_2026-09-04_132339.xlsx,Published Standards,10181,NOT_AVAILABLE,NOT_AVAILABLE,2026-09-04,2026-09-04,OFFICIAL_SOURCE_INVENTORY,False,DUPLICATE_NORMALIZED_TITLE
MSV1-409B8B539F8BD5DE,XLSX-PUBLISHED-10350,IS/IEC 60096 (Part 0/Sec 1):2017,IS/IEC 60096 (Part 0/Sec 1):2017,IS/IEC,60096,0/Sec 1,1,2017,,IS/IEC 60096,PARSED_CONSERVATIVELY,Radio Frequency Cables Part 0 Guidelines to the Design of Detail Specifications Section 1 Coaxial cables,Radio Frequency Cables Part 0 Guidelines to the Design of Detail Specifications Section 1 Coaxial cables,radio frequency cables part 0 guidelines to the design of detail specifications section 1 coaxial cables,2020-07-31,31 Jul 2020,Code of Practice,Identical under dual numbering,PUBLISHED_IN_SOURCE_INVENTORY,UNKNOWN_CURRENT_STATUS,NOT_AVAILABLE,NOT_AVAILABLE,NOT_AVAILABLE,NOT_AVAILABLE,NOT_AVAILABLE,SOURCE_DERIVED,User-supplied Published Standards XLSX,USER_SUPPLIED_OFFICIAL_INVENTORY,File_Published_Standards_List_2026-09-04_132339.xlsx,Published Standards,10350,NOT_AVAILABLE,NOT_AVAILABLE,2026-09-04,2026-09-04,OFFICIAL_SOURCE_INVENTORY,False,DUPLICATE_NORMALIZED_TITLE
MSV1-72F43B9D5615FA89,XLSX-PUBLISHED-10357,IS/ISO 11893:2011,IS/ISO 11893:2011,IS/ISO,11893,,,2011,,IS/ISO 11893,PARSED_CONSERVATIVELY,Space Systems — Programme Management — Project Organization,Space Systems — Programme Management — Project Organization,space systems programme management project organization,2020-07-31,31 Jul 2020,Process Specification,Identical under single numbering,PUBLISHED_IN_SOURCE_INVENTORY,UNKNOWN_CURRENT_STATUS,NOT_AVAILABLE,NOT_AVAILABLE,NOT_AVAILABLE,NOT_AVAILABLE,NOT_AVAILABLE,SOURCE_DERIVED,User-supplied Published Standards XLSX,USER_SUPPLIED_OFFICIAL_INVENTORY,File_Published_Standards_List_2026-09-04_132339.xlsx,Published Standards,10357,NOT_AVAILABLE,NOT_AVAILABLE,2026-09-04,2026-09-04,OFFICIAL_SOURCE_INVENTORY,False,DUPLICATE_NORMALIZED_TITLE
MSV1-1D4306A00CBC72EE,XLSX-PUBLISHED-10502,IS 16276 (Part 2):2020,IS 16276 (Part 2):2020,IS,16276,2,,2020,,IS 16276,PARSED_CONSERVATIVELY,Document Management — Portable Document Format Part 2 PDF 2.0,Document Management — Portable Document Format Part 2 PDF 2.0,document management portable document format part 2 pdf 2 0,2020-03-31,31 Mar 2020,Others,Identical under dual numbering,PUBLISHED_IN_SOURCE_INVENTORY,UNKNOWN_CURRENT_STATUS,NOT_AVAILABLE,NOT_AVAILABLE,NOT_AVAILABLE,NOT_AVAILABLE,NOT_AVAILABLE,SOURCE_DERIVED,User-supplied Published Standards XLSX,USER_SUPPLIED_OFFICIAL_INVENTORY,File_Published_Standards_List_2026-09-04_132339.xlsx,Published Standards,10502,NOT_AVAILABLE,NOT_AVAILABLE,2026-09-04,2026-09-04,OFFICIAL_SOURCE_INVENTORY,False,DUPLICATE_NORMALIZED_TITLE
MSV1-F32B6DB333A037F5,XLSX-PUBLISHED-10515,IS/ISO 17745:2016,IS/ISO 17745:2016,IS/ISO,17745,,,2016,,IS/ISO 17745,PARSED_CONSERVATIVELY,Steel Wire Ring Net Panels — Definitions and Specifications,Steel Wire Ring Net Panels — Definitions and Specifications,steel wire ring net panels definitions and specifications,2020-03-31,31 Mar 2020,Product Specification,Identical under single numbering,PUBLISHED_IN_SOURCE_INVENTORY,UNKNOWN_CURRENT_STATUS,NOT_AVAILABLE,NOT_AVAILABLE,NOT_AVAILABLE,NOT_AVAILABLE,NOT_AVAILABLE,SOURCE_DERIVED,User-supplied Published Standards XLSX,USER_SUPPLIED_OFFICIAL_INVENTORY,File_Published_Standards_List_2026-09-04_132339.xlsx,Published Standards,10515,NOT_AVAILABLE,NOT_AVAILABLE,2026-09-04,2026-09-04,OFFICIAL_SOURCE_INVENTORY,False,DUPLICATE_NORMALIZED_TITLE
MSV1-6843FC4FFFB1C04D,XLSX-PUBLISHED-10516,IS/ISO 17746:2016,IS/ISO 17746:2016,IS/ISO,17746,,,2016,,IS/ISO 17746,PARSED_CONSERVATIVELY,Steel Wire Ring Net Panels — Definitions and Specifications,Steel Wire Ring Net Panels — Definitions and Specifications,steel wire ring net panels definitions and specifications,2020-03-31,31 Mar 2020,Product Specification,Identical under single numbering,PUBLISHED_IN_SOURCE_INVENTORY,UNKNOWN_CURRENT_STATUS,NOT_AVAILABLE,NOT_AVAILABLE,NOT_AVAILABLE,NOT_AVAILABLE,NOT_AVAILABLE,SOURCE_DERIVED,User-supplied Published Standards XLSX,USER_SUPPLIED_OFFICIAL_INVENTORY,File_Published_Standards_List_2026-09-04_132339.xlsx,Published Standards,10516,NOT_AVAILABLE,NOT_AVAILABLE,2026-09-04,2026-09-04,OFFICIAL_SOURCE_INVENTORY,False,DUPLICATE_NORMALIZED_TITLE
MSV1-29AA120B6B4A2944,XLSX-PUBLISHED-10871,IS/ISO 19014 (Part 1):2018,IS/ISO 19014 (Part 1):2018,IS/ISO,19014,1,,2018,,IS/ISO 19014,PARSED_CONSERVATIVELY,Earth-Moving Machinery - Functional Safety Part 1 Methodology to Determine Safety-related Parts of the Control System and Performance Requirements,Earth-Moving Machinery - Functional Safety Part 1 Methodology to Determine Safety-related Parts of the Control System and Performance Requirements,earth moving machinery functional safety part 1 methodology to determine safety related parts of the control system and performance requirements,2019-10-31,31 Oct 2019,Safety Standard,Identical under single numbering,PUBLISHED_IN_SOURCE_INVENTORY,UNKNOWN_CURRENT_STATUS,NOT_AVAILABLE,NOT_AVAILABLE,NOT_AVAILABLE,NOT_AVAILABLE,NOT_AVAILABLE,SOURCE_DERIVED,User-supplied Published Standards XLSX,USER_SUPPLIED_OFFICIAL_INVENTORY,File_Published_Standards_List_2026-09-04_132339.xlsx,Published Standards,10871,NOT_AVAILABLE,NOT_AVAILABLE,2026-09-04,2026-09-04,OFFICIAL_SOURCE_INVENTORY,False,DUPLICATE_NORMALIZED_TITLE
MSV1-02A01960382F416E,XLSX-PUBLISHED-10872,IS/ISO 19104 (Part 1):2018,IS/ISO 19104 (Part 1):2018,IS/ISO,19104,1,,2018,,IS/ISO 19104,PARSED_CONSERVATIVELY,Earth-Moving Machinery - Functional Safety Part 1 Methodology to Determine Safety-related Parts of the Control System and Performance Requirements,Earth-Moving Machinery - Functional Safety Part 1 Methodology to Determine Safety-related Parts of the Control System and Performance Requirements,earth moving machinery functional safety part 1 methodology to determine safety related parts of the control system and performance requirements,2019-10-31,31 Oct 2019,Methods of Tests,Identical under single numbering,PUBLISHED_IN_SOURCE_INVENTORY,UNKNOWN_CURRENT_STATUS,NOT_AVAILABLE,NOT_AVAILABLE,NOT_AVAILABLE,NOT_AVAILABLE,NOT_AVAILABLE,SOURCE_DERIVED,User-supplied Published Standards XLSX,USER_SUPPLIED_OFFICIAL_INVENTORY,File_Published_Standards_List_2026-09-04_132339.xlsx,Published Standards,10872,NOT_AVAILABLE,NOT_AVAILABLE,2026-09-04,2026-09-04,OFFICIAL_SOURCE_INVENTORY,False,DUPLICATE_NORMALIZED_TITLE
MSV1-A899A2DFA4CF4E13,XLSX-PUBLISHED-10922,IS/ISO 1135 (Part 4):2015,IS/ISO 1135 (Part 4):2015,IS/ISO,1135,4,,2015,,IS/ISO 1135,PARSED_CONSERVATIVELY,"Transfusion Equipment for Medical Use Part 4 Transfusion Sets for Single use, Gravity Feed","Transfusion Equipment for Medical Use Part 4 Transfusion Sets for Single use, Gravity Feed",transfusion equipment for medical use part 4 transfusion sets for single use gravity feed,2019-10-31,31 Oct 2019,Product Specification,Identical under single numbering,PUBLISHED_IN_SOURCE_INVENTORY,UNKNOWN_CURRENT_STATUS,NOT_AVAILABLE,NOT_AVAILABLE,NOT_AVAILABLE,NOT_AVAILABLE,NOT_AVAILABLE,SOURCE_DERIVED,User-supplied Published Standards XLSX,USER_SUPPLIED_OFFICIAL_INVENTORY,File_Published_Standards_List_2026-09-04_132339.xlsx,Published Standards,10922,NOT_AVAILABLE,NOT_AVAILABLE,2026-09-04,2026-09-04,OFFICIAL_SOURCE_INVENTORY,False,DUPLICATE_NORMALIZED_TITLE
MSV1-41CB32C05D121792,XLSX-PUBLISHED-11082,IS 17189:2019,IS 17189:2019,IS,17189,,,2019,,IS 17189,PARSED_CONSERVATIVELY,Traceability of Crustacean Products — Specifications on the Information to be Recorded in Captured Crustacean Distribution Chains,Traceability of Crustacean Products — Specifications on the Information to be Recorded in Captured Crustacean Distribution Chains,traceability of crustacean products specifications on the information to be recorded in captured crustacean distribution chains,2019-07-31,31 Jul 2019,Code of Practice,Identical under dual numbering,PUBLISHED_IN_SOURCE_INVENTORY,UNKNOWN_CURRENT_STATUS,NOT_AVAILABLE,NOT_AVAILABLE,NOT_AVAILABLE,NOT_AVAILABLE,NOT_AVAILABLE,SOURCE_DERIVED,User-supplied Published Standards XLSX,USER_SUPPLIED_OFFICIAL_INVENTORY,File_Published_Standards_List_2026-09-04_132339.xlsx,Published Standards,11082,NOT_AVAILABLE,NOT_AVAILABLE,2026-09-04,2026-09-04,OFFICIAL_SOURCE_INVENTORY,False,DUPLICATE_NORMALIZED_TITLE
MSV1-A3566BCCCE743277,XLSX-PUBLISHED-11083,IS 17187:2019,IS 17187:2019,IS,17187,,,2019,,IS 17187,PARSED_CONSERVATIVELY,Traceability of crustacean products - Specifications on the information to be recorded in captured crustacean distribution chains,Traceability of crustacean products - Specifications on the information to be recorded in captured crustacean distribution chains,traceability of crustacean products specifications on the information to be recorded in captured crustacean distribution chains,2019-07-31,31 Jul 2019,Code of Practice,Identical under dual numbering,PUBLISHED_IN_SOURCE_INVENTORY,UNKNOWN_CURRENT_STATUS,NOT_AVAILABLE,NOT_AVAILABLE,NOT_AVAILABLE,NOT_AVAILABLE,NOT_AVAILABLE,SOURCE_DERIVED,User-supplied Published Standards XLSX,USER_SUPPLIED_OFFICIAL_INVENTORY,File_Published_Standards_List_2026-09-04_132339.xlsx,Published Standards,11083,NOT_AVAILABLE,NOT_AVAILABLE,2026-09-04,2026-09-04,OFFICIAL_SOURCE_INVENTORY,False,DUPLICATE_NORMALIZED_TITLE
MSV1-42CEAEEC145111C2,XLSX-PUBLISHED-11123,IS 9873 (Part 1):2019,IS 9873 (Part 1):2019,IS,9873,1,,2019,,IS 9873,PARSED_CONSERVATIVELY,SAFETY OF TOYS PART 1: SAFETY ASPECTS RELATED TO MECHANICAL AND PHYSICAL PROPERTIES (Fifth Revision),SAFETY OF TOYS PART 1: SAFETY ASPECTS RELATED TO MECHANICAL AND PHYSICAL PROPERTIES (Fifth Revision),safety of toys part 1 safety aspects related to mechanical and physical properties fifth revision,2019-06-30,30 Jun 2019,Safety Standard,Identical under dual numbering,PUBLISHED_IN_SOURCE_INVENTORY,UNKNOWN_CURRENT_STATUS,NOT_AVAILABLE,NOT_AVAILABLE,NOT_AVAILABLE,NOT_AVAILABLE,NOT_AVAILABLE,SOURCE_DERIVED,User-supplied Published Standards XLSX,USER_SUPPLIED_OFFICIAL_INVENTORY,File_Published_Standards_List_2026-09-04_132339.xlsx,Published Standards,11123,NOT_AVAILABLE,NOT_AVAILABLE,2026-09-04,2026-09-04,OFFICIAL_SOURCE_INVENTORY,False,DUPLICATE_NORMALIZED_TITLE
MSV1-9471DA8CB4B15DAD,XLSX-PUBLISHED-11633,IS/ISO 15924:2004,IS/ISO 15924:2004,IS/ISO,15924,,,2004,,IS/ISO 15924,PARSED_CONSERVATIVELY,Information and documentation - Codes for the representation of names of scripts,Information and documentation - Codes for the representation of names of scripts,information and documentation codes for the representation of names of scripts,2018-12-31,31 Dec 2018,Others,Identical under dual numbering,PUBLISHED_IN_SOURCE_INVENTORY,UNKNOWN_CURRENT_STATUS,NOT_AVAILABLE,NOT_AVAILABLE,NOT_AVAILABLE,NOT_AVAILABLE,NOT_AVAILABLE,SOURCE_DERIVED,User-supplied Published Standards XLSX,USER_SUPPLIED_OFFICIAL_INVENTORY,File_Published_Standards_List_2026-09-04_132339.xlsx,Published Standards,11633,NOT_AVAILABLE,NOT_AVAILABLE,2026-09-04,2026-09-04,OFFICIAL_SOURCE_INVENTORY,False,DUPLICATE_NORMALIZED_TITLE
MSV1-5F3ED20F4F98A7DF,XLSX-PUBLISHED-11639,IS/ISO 15883 (Part 3):2006,IS/ISO 15883 (Part 3):2006,IS/ISO,15883,3,,2006,,IS/ISO 15883,PARSED_CONSERVATIVELY,Washer - Disinfectors: Part 3 requirements and tests for washer - Disinfectors employing thermal disinfection for human waste containers,Washer - Disinfectors: Part 3 requirements and tests for washer - Disinfectors employing thermal disinfection for human waste containers,washer disinfectors part 3 requirements and tests for washer disinfectors employing thermal disinfection for human waste containers,2018-12-31,31 Dec 2018,Others,Identical under dual numbering,PUBLISHED_IN_SOURCE_INVENTORY,UNKNOWN_CURRENT_STATUS,NOT_AVAILABLE,NOT_AVAILABLE,NOT_AVAILABLE,NOT_AVAILABLE,NOT_AVAILABLE,SOURCE_DERIVED,User-supplied Published Standards XLSX,USER_SUPPLIED_OFFICIAL_INVENTORY,File_Published_Standards_List_2026-09-04_132339.xlsx,Published Standards,11639,NOT_AVAILABLE,NOT_AVAILABLE,2026-09-04,2026-09-04,OFFICIAL_SOURCE_INVENTORY,False,DUPLICATE_NORMALIZED_TITLE
MSV1-37D5A173967B1DBB,XLSX-PUBLISHED-11675,IS 6887 (Part 2):2018,IS 6887 (Part 2):2018,IS,6887,2,,2018,,IS 6887,PARSED_CONSERVATIVELY,Dentistry — Base Polymers Part 2 Orthodontic Base Polymers ( First Revision ),Dentistry — Base Polymers Part 2 Orthodontic Base Polymers ( First Revision ),dentistry base polymers part 2 orthodontic base polymers first revision,2018-12-31,31 Dec 2018,Product Specification,Identical under dual numbering,PUBLISHED_IN_SOURCE_INVENTORY,UNKNOWN_CURRENT_STATUS,NOT_AVAILABLE,NOT_AVAILABLE,NOT_AVAILABLE,NOT_AVAILABLE,NOT_AVAILABLE,SOURCE_DERIVED,User-supplied Published Standards XLSX,USER_SUPPLIED_OFFICIAL_INVENTORY,File_Published_Standards_List_2026-09-04_132339.xlsx,Published Standards,11675,NOT_AVAILABLE,NOT_AVAILABLE,2026-09-04,2026-09-04,OFFICIAL_SOURCE_INVENTORY,False,DUPLICATE_NORMALIZED_TITLE
MSV1-69A536CB307AFAD1,XLSX-PUBLISHED-11725,IS 14836 (Part 2):2018,IS 14836 (Part 2):2018,IS,14836,2,,2018,,IS 14836,PARSED_CONSERVATIVELY,Codes for the representation of names of countries and their subdivisions: Part 2 country subdivision codes,Codes for the representation of names of countries and their subdivisions: Part 2 country subdivision codes,codes for the representation of names of countries and their subdivisions part 2 country subdivision codes,2018-11-30,30 Nov 2018,Others,Identical under dual numbering,PUBLISHED_IN_SOURCE_INVENTORY,UNKNOWN_CURRENT_STATUS,NOT_AVAILABLE,NOT_AVAILABLE,NOT_AVAILABLE,NOT_AVAILABLE,NOT_AVAILABLE,SOURCE_DERIVED,User-supplied Published Standards XLSX,USER_SUPPLIED_OFFICIAL_INVENTORY,File_Published_Standards_List_2026-09-04_132339.xlsx,Published Standards,11725,NOT_AVAILABLE,NOT_AVAILABLE,2026-09-04,2026-09-04,OFFICIAL_SOURCE_INVENTORY,False,DUPLICATE_NORMALIZED_TITLE
MSV1-2BC291300F2EF4BD,XLSX-PUBLISHED-11782,IS 16180 (Part 13):2018,IS 16180 (Part 13):2018,IS,16180,13,,2018,,IS 16180,PARSED_CONSERVATIVELY,Fibre optic connector interfaces Part 13: Type FC-PC connector First Revision,Fibre optic connector interfaces Part 13: Type FC-PC connector First Revision,fibre optic connector interfaces part 13 type fc pc connector first revision,2018-11-30,30 Nov 2018,Code of Practice,Identical under dual numbering,PUBLISHED_IN_SOURCE_INVENTORY,UNKNOWN_CURRENT_STATUS,NOT_AVAILABLE,NOT_AVAILABLE,NOT_AVAILABLE,NOT_AVAILABLE,NOT_AVAILABLE,SOURCE_DERIVED,User-supplied Published Standards XLSX,USER_SUPPLIED_OFFICIAL_INVENTORY,File_Published_Standards_List_2026-09-04_132339.xlsx,Published Standards,11782,NOT_AVAILABLE,NOT_AVAILABLE,2026-09-04,2026-09-04,OFFICIAL_SOURCE_INVENTORY,False,DUPLICATE_NORMALIZED_TITLE
MSV1-8E80D9F5540F8CBE,XLSX-PUBLISHED-11792,IS/IEC/TS 62556:2014,IS/IEC/TS 62556:2014,IS/IEC/TS,62556,,,2014,,IS/IEC/TS 62556,PARSED_CONSERVATIVELY,Ultrasonics - Field characterization - Specification and measurement of field parameters for high intensity therapeutic ultrasound (HITU) transducers and systems,Ultrasonics - Field characterization - Specification and measurement of field parameters for high intensity therapeutic ultrasound (HITU) transducers and systems,ultrasonics field characterization specification and measurement of field parameters for high intensity therapeutic ultrasound hitu transducers and systems,2018-11-30,30 Nov 2018,-,-,PUBLISHED_IN_SOURCE_INVENTORY,UNKNOWN_CURRENT_STATUS,NOT_AVAILABLE,NOT_AVAILABLE,NOT_AVAILABLE,NOT_AVAILABLE,NOT_AVAILABLE,SOURCE_DERIVED,User-supplied Published Standards XLSX,USER_SUPPLIED_OFFICIAL_INVENTORY,File_Published_Standards_List_2026-09-04_132339.xlsx,Published Standards,11792,NOT_AVAILABLE,NOT_AVAILABLE,2026-09-04,2026-09-04,OFFICIAL_SOURCE_INVENTORY,False,DUPLICATE_NORMALIZED_TITLE
MSV1-6DE9D8CDE14A57B4,XLSX-PUBLISHED-11920,IS 14836 (Part 3):2018,IS 14836 (Part 3):2018,IS,14836,3,,2018,,IS 14836,PARSED_CONSERVATIVELY,Codes for the representation of namesof countries and their subdivisions: Part 3 code for formerly used names of countries,Codes for the representation of namesof countries and their subdivisions: Part 3 code for formerly used names of countries,codes for the representation of namesof countries and their subdivisions part 3 code for formerly used names of countries,2018-09-30,30 Sep 2018,Others,Identical under dual numbering,PUBLISHED_IN_SOURCE_INVENTORY,UNKNOWN_CURRENT_STATUS,NOT_AVAILABLE,NOT_AVAILABLE,NOT_AVAILABLE,NOT_AVAILABLE,NOT_AVAILABLE,SOURCE_DERIVED,User-supplied Published Standards XLSX,USER_SUPPLIED_OFFICIAL_INVENTORY,File_Published_Standards_List_2026-09-04_132339.xlsx,Published Standards,11920,NOT_AVAILABLE,NOT_AVAILABLE,2026-09-04,2026-09-04,OFFICIAL_SOURCE_INVENTORY,False,DUPLICATE_NORMALIZED_TITLE
MSV1-8C71F71574D2DED0,XLSX-PUBLISHED-11965,IS/ISO 16671:2015,IS/ISO 16671:2015,IS/ISO,16671,,,2015,,IS/ISO 16671,PARSED_CONSERVATIVELY,Ophthalmic implants - Irrigating solutions for ophthalmic surgery,Ophthalmic implants - Irrigating solutions for ophthalmic surgery,ophthalmic implants irrigating solutions for ophthalmic surgery,2018-09-30,30 Sep 2018,Product Specification,Identical under single numbering,PUBLISHED_IN_SOURCE_INVENTORY,UNKNOWN_CURRENT_STATUS,NOT_AVAILABLE,NOT_AVAILABLE,NOT_AVAILABLE,NOT_AVAILABLE,NOT_AVAILABLE,SOURCE_DERIVED,User-supplied Published Standards XLSX,USER_SUPPLIED_OFFICIAL_INVENTORY,File_Published_Standards_List_2026-09-04_132339.xlsx,Published Standards,11965,NOT_AVAILABLE,NOT_AVAILABLE,2026-09-04,2026-09-04,OFFICIAL_SOURCE_INVENTORY,False,DUPLICATE_NORMALIZED_TITLE
MSV1-19C4649763F12E79,XLSX-PUBLISHED-12210,IS 16789:2018,IS 16789:2018,IS,16789,,,2018,,IS 16789,PARSED_CONSERVATIVELY,Information and documentation - Digital records conversion and migration process,Information and documentation - Digital records conversion and migration process,information and documentation digital records conversion and migration process,2018-07-31,31 Jul 2018,Others,Identical under dual numbering,PUBLISHED_IN_SOURCE_INVENTORY,UNKNOWN_CURRENT_STATUS,NOT_AVAILABLE,NOT_AVAILABLE,NOT_AVAILABLE,NOT_AVAILABLE,NOT_AVAILABLE,SOURCE_DERIVED,User-supplied Published Standards XLSX,USER_SUPPLIED_OFFICIAL_INVENTORY,File_Published_Standards_List_2026-09-04_132339.xlsx,Published Standards,12210,NOT_AVAILABLE,NOT_AVAILABLE,2026-09-04,2026-09-04,OFFICIAL_SOURCE_INVENTORY,False,DUPLICATE_NORMALIZED_TITLE
MSV1-EC9918713E6C04F4,XLSX-PUBLISHED-12225,IS 16727:2018,IS 16727:2018,IS,16727,,,2018,,IS 16727,PARSED_CONSERVATIVELY,Tools for Pressing — Sliding Plates,Tools for Pressing — Sliding Plates,tools for pressing sliding plates,2018-07-31,31 Jul 2018,Dimensions,Identical under dual numbering,PUBLISHED_IN_SOURCE_INVENTORY,UNKNOWN_CURRENT_STATUS,NOT_AVAILABLE,NOT_AVAILABLE,NOT_AVAILABLE,NOT_AVAILABLE,NOT_AVAILABLE,SOURCE_DERIVED,User-supplied Published Standards XLSX,USER_SUPPLIED_OFFICIAL_INVENTORY,File_Published_Standards_List_2026-09-04_132339.xlsx,Published Standards,12225,NOT_AVAILABLE,NOT_AVAILABLE,2026-09-04,2026-09-04,OFFICIAL_SOURCE_INVENTORY,False,DUPLICATE_NORMALIZED_TITLE
MSV1-B593C6DE383F1BDE,XLSX-PUBLISHED-12505,IS 1448 (Part 157):2018,IS 1448 (Part 157):2018,IS,1448,157,,2018,,IS 1448,PARSED_CONSERVATIVELY,Methods of test for petroleum and its products [ p : 157 ] rust protections by metal preservatives in the humidity cabinet,Methods of test for petroleum and its products [ p : 157 ] rust protections by metal preservatives in the humidity cabinet,methods of test for petroleum and its products p 157 rust protections by metal preservatives in the humidity cabinet,2018-05-31,31 May 2018,Methods of Tests,Indigenous,PUBLISHED_IN_SOURCE_INVENTORY,UNKNOWN_CURRENT_STATUS,NOT_AVAILABLE,NOT_AVAILABLE,NOT_AVAILABLE,NOT_AVAILABLE,NOT_AVAILABLE,SOURCE_DERIVED,User-supplied Published Standards XLSX,USER_SUPPLIED_OFFICIAL_INVENTORY,File_Published_Standards_List_2026-09-04_132339.xlsx,Published Standards,12505,NOT_AVAILABLE,NOT_AVAILABLE,2026-09-04,2026-09-04,OFFICIAL_SOURCE_INVENTORY,False,DUPLICATE_NORMALIZED_TITLE
MSV1-0F71B6F49FE7A4E2,XLSX-PUBLISHED-12509,IS 16762:2018,IS 16762:2018,IS,16762,,,2018,,IS 16762,PARSED_CONSERVATIVELY,Skis - Vocabulary,Skis - Vocabulary,skis vocabulary,2018-05-31,31 May 2018,Terminology,Identical under dual numbering,PUBLISHED_IN_SOURCE_INVENTORY,UNKNOWN_CURRENT_STATUS,NOT_AVAILABLE,NOT_AVAILABLE,NOT_AVAILABLE,NOT_AVAILABLE,NOT_AVAILABLE,SOURCE_DERIVED,User-supplied Published Standards XLSX,USER_SUPPLIED_OFFICIAL_INVENTORY,File_Published_Standards_List_2026-09-04_132339.xlsx,Published Standards,12509,NOT_AVAILABLE,NOT_AVAILABLE,2026-09-04,2026-09-04,OFFICIAL_SOURCE_INVENTORY,False,DUPLICATE_NORMALIZED_TITLE
MSV1-7AE52CD0711A532C,XLSX-PUBLISHED-12820,IS/ISO 15883 (Part 1):2006,IS/ISO 15883 (Part 1):2006,IS/ISO,15883,1,,2006,,IS/ISO 15883,PARSED_CONSERVATIVELY,"Washer - Disinfectors: Part 1 general requirements, terms and definitions and tests","Washer - Disinfectors: Part 1 general requirements, terms and definitions and tests",washer disinfectors part 1 general requirements terms and definitions and tests,2018-01-31,31 Jan 2018,Product Specification,Identical under dual numbering,PUBLISHED_IN_SOURCE_INVENTORY,UNKNOWN_CURRENT_STATUS,NOT_AVAILABLE,NOT_AVAILABLE,NOT_AVAILABLE,NOT_AVAILABLE,NOT_AVAILABLE,SOURCE_DERIVED,User-supplied Published Standards XLSX,USER_SUPPLIED_OFFICIAL_INVENTORY,File_Published_Standards_List_2026-09-04_132339.xlsx,Published Standards,12820,NOT_AVAILABLE,NOT_AVAILABLE,2026-09-04,2026-09-04,OFFICIAL_SOURCE_INVENTORY,False,DUPLICATE_NORMALIZED_TITLE
MSV1-38FEB4AAC4A0C2F7,XLSX-PUBLISHED-12829,IS 16602 (Part 1):2018,IS 16602 (Part 1):2018,IS,16602,1,,2018,,IS 16602,PARSED_CONSERVATIVELY,Information and documentation - RFID in libraries: Part 1 data elements and general guidelines for implementation,Information and documentation - RFID in libraries: Part 1 data elements and general guidelines for implementation,information and documentation rfid in libraries part 1 data elements and general guidelines for implementation,2018-01-31,31 Jan 2018,Others,Identical under dual numbering,PUBLISHED_IN_SOURCE_INVENTORY,UNKNOWN_CURRENT_STATUS,NOT_AVAILABLE,NOT_AVAILABLE,NOT_AVAILABLE,NOT_AVAILABLE,NOT_AVAILABLE,SOURCE_DERIVED,User-supplied Published Standards XLSX,USER_SUPPLIED_OFFICIAL_INVENTORY,File_Published_Standards_List_2026-09-04_132339.xlsx,Published Standards,12829,NOT_AVAILABLE,NOT_AVAILABLE,2026-09-04,2026-09-04,OFFICIAL_SOURCE_INVENTORY,False,DUPLICATE_NORMALIZED_TITLE
MSV1-D83F79B3AAD550FF,XLSX-PUBLISHED-12897,IS 16602 (Part 3):2017,IS 16602 (Part 3):2017,IS,16602,3,,2017,,IS 16602,PARSED_CONSERVATIVELY,Information & Documentation- RFID in Libraries Part 3 Fixed Lenth Encoding,Information & Documentation- RFID in Libraries Part 3 Fixed Lenth Encoding,information documentation rfid in libraries part 3 fixed lenth encoding,2017-12-31,31 Dec 2017,Safety Standard,Identical under dual numbering,PUBLISHED_IN_SOURCE_INVENTORY,UNKNOWN_CURRENT_STATUS,NOT_AVAILABLE,NOT_AVAILABLE,NOT_AVAILABLE,NOT_AVAILABLE,NOT_AVAILABLE,SOURCE_DERIVED,User-supplied Published Standards XLSX,USER_SUPPLIED_OFFICIAL_INVENTORY,File_Published_Standards_List_2026-09-04_132339.xlsx,Published Standards,12897,NOT_AVAILABLE,NOT_AVAILABLE,2026-09-04,2026-09-04,OFFICIAL_SOURCE_INVENTORY,False,DUPLICATE_NORMALIZED_TITLE
MSV1-82B3520398EB826E,XLSX-PUBLISHED-13134,IS/ISO 2162 (Part 2):1993,IS/ISO 2162 (Part 2):1993,IS/ISO,2162,2,,1993,,IS/ISO 2162,PARSED_CONSERVATIVELY,Technical product documentation - Springs: Part 2 presentation of data for cylindrical helical compression springs,Technical product documentation - Springs: Part 2 presentation of data for cylindrical helical compression springs,technical product documentation springs part 2 presentation of data for cylindrical helical compression springs,2017-04-30,30 Apr 2017,Code of Practice,Identical under single numbering,PUBLISHED_IN_SOURCE_INVENTORY,UNKNOWN_CURRENT_STATUS,NOT_AVAILABLE,NOT_AVAILABLE,NOT_AVAILABLE,NOT_AVAILABLE,NOT_AVAILABLE,SOURCE_DERIVED,User-supplied Published Standards XLSX,USER_SUPPLIED_OFFICIAL_INVENTORY,File_Published_Standards_List_2026-09-04_132339.xlsx,Published Standards,13134,NOT_AVAILABLE,NOT_AVAILABLE,2026-09-04,2026-09-04,OFFICIAL_SOURCE_INVENTORY,False,DUPLICATE_NORMALIZED_TITLE
MSV1-46AB05A57D5246C7,XLSX-PUBLISHED-13190,IS 10735:2017,IS 10735:2017,IS,10735,,,2017,,IS 10735,PARSED_CONSERVATIVELY,Information technology - Data communication - 15 - Pole DTE/DCE interface connector and contact number assignments (First Revision),Information technology - Data communication - 15 - Pole DTE/DCE interface connector and contact number assignments (First Revision),information technology data communication 15 pole dte dce interface connector and contact number assignments first revision,2017-01-31,31 Jan 2017,Code of Practice,Identical under dual numbering,PUBLISHED_IN_SOURCE_INVENTORY,UNKNOWN_CURRENT_STATUS,NOT_AVAILABLE,NOT_AVAILABLE,NOT_AVAILABLE,NOT_AVAILABLE,NOT_AVAILABLE,SOURCE_DERIVED,User-supplied Published Standards XLSX,USER_SUPPLIED_OFFICIAL_INVENTORY,File_Published_Standards_List_2026-09-04_132339.xlsx,Published Standards,13190,NOT_AVAILABLE,NOT_AVAILABLE,2026-09-04,2026-09-04,OFFICIAL_SOURCE_INVENTORY,False,DUPLICATE_NORMALIZED_TITLE
MSV1-65644F2988E1370E,XLSX-PUBLISHED-13191,IS 10737:2017,IS 10737:2017,IS,10737,,,2017,,IS 10737,PARSED_CONSERVATIVELY,Information technology - Data communication - 15 - Pole DTE/DCE interface connector and contact number assignments (First Revision),Information technology - Data communication - 15 - Pole DTE/DCE interface connector and contact number assignments (First Revision),information technology data communication 15 pole dte dce interface connector and contact number assignments first revision,2017-01-31,31 Jan 2017,Code of Practice,Identical under dual numbering,PUBLISHED_IN_SOURCE_INVENTORY,UNKNOWN_CURRENT_STATUS,NOT_AVAILABLE,NOT_AVAILABLE,NOT_AVAILABLE,NOT_AVAILABLE,NOT_AVAILABLE,SOURCE_DERIVED,User-supplied Published Standards XLSX,USER_SUPPLIED_OFFICIAL_INVENTORY,File_Published_Standards_List_2026-09-04_132339.xlsx,Published Standards,13191,NOT_AVAILABLE,NOT_AVAILABLE,2026-09-04,2026-09-04,OFFICIAL_SOURCE_INVENTORY,False,DUPLICATE_NORMALIZED_TITLE
MSV1-42A6859754008072,XLSX-PUBLISHED-13410,IS 3961 (Part 6):2016,IS 3961 (Part 6):2016,IS,3961,6,,2016,,IS 3961,PARSED_CONSERVATIVELY,Recommended Current Ratings for Cables Part 6 Crosslinked Polyethylene Insulated PVC Sheathed Cables,Recommended Current Ratings for Cables Part 6 Crosslinked Polyethylene Insulated PVC Sheathed Cables,recommended current ratings for cables part 6 crosslinked polyethylene insulated pvc sheathed cables,2016-02-28,28 Feb 2016,Code of Practice,Indigenous,PUBLISHED_IN_SOURCE_INVENTORY,UNKNOWN_CURRENT_STATUS,NOT_AVAILABLE,NOT_AVAILABLE,NOT_AVAILABLE,NOT_AVAILABLE,NOT_AVAILABLE,SOURCE_DERIVED,User-supplied Published Standards XLSX,USER_SUPPLIED_OFFICIAL_INVENTORY,File_Published_Standards_List_2026-09-04_132339.xlsx,Published Standards,13410,NOT_AVAILABLE,NOT_AVAILABLE,2026-09-04,2026-09-04,OFFICIAL_SOURCE_INVENTORY,False,DUPLICATE_NORMALIZED_TITLE
MSV1-DDFB121518097418,XLSX-PUBLISHED-13440,IS 1448 (Part 97):2015,IS 1448 (Part 97):2015,IS,1448,97,,2015,,IS 1448,PARSED_CONSERVATIVELY,Methods of test for petroleum and its products [p : 97] determination of thermal oxidation stability of gas turbine fuels - Jftot method (First Revision),Methods of test for petroleum and its products [p : 97] determination of thermal oxidation stability of gas turbine fuels - Jftot method (First Revision),methods of test for petroleum and its products p 97 determination of thermal oxidation stability of gas turbine fuels jftot method first revision,2015-12-31,31 Dec 2015,Methods of Tests,Identical under dual numbering,PUBLISHED_IN_SOURCE_INVENTORY,UNKNOWN_CURRENT_STATUS,NOT_AVAILABLE,NOT_AVAILABLE,NOT_AVAILABLE,NOT_AVAILABLE,NOT_AVAILABLE,SOURCE_DERIVED,User-supplied Published Standards XLSX,USER_SUPPLIED_OFFICIAL_INVENTORY,File_Published_Standards_List_2026-09-04_132339.xlsx,Published Standards,13440,NOT_AVAILABLE,NOT_AVAILABLE,2026-09-04,2026-09-04,OFFICIAL_SOURCE_INVENTORY,False,DUPLICATE_NORMALIZED_TITLE
MSV1-FCFA66DD4A22EC9F,XLSX-PUBLISHED-13832,IS/ISO 5364:2008,IS/ISO 5364:2008,IS/ISO,5364,,,2008,,IS/ISO 5364,PARSED_CONSERVATIVELY,Anaesthetic and respiratory equipment - Oropharyngeal airways,Anaesthetic and respiratory equipment - Oropharyngeal airways,anaesthetic and respiratory equipment oropharyngeal airways,2014-04-30,30 Apr 2014,Product Specification,Identical under single numbering,PUBLISHED_IN_SOURCE_INVENTORY,UNKNOWN_CURRENT_STATUS,NOT_AVAILABLE,NOT_AVAILABLE,NOT_AVAILABLE,NOT_AVAILABLE,NOT_AVAILABLE,SOURCE_DERIVED,User-supplied Published Standards XLSX,USER_SUPPLIED_OFFICIAL_INVENTORY,File_Published_Standards_List_2026-09-04_132339.xlsx,Published Standards,13832,NOT_AVAILABLE,NOT_AVAILABLE,2026-09-04,2026-09-04,OFFICIAL_SOURCE_INVENTORY,False,DUPLICATE_NORMALIZED_TITLE
MSV1-2A0B5E10C3C9F83B,XLSX-PUBLISHED-13871,IS/ISO 14051:2011,IS/ISO 14051:2011,IS/ISO,14051,,,2011,,IS/ISO 14051,PARSED_CONSERVATIVELY,Environmental management - Life cycle assessment - Requirements and guidelines,Environmental management - Life cycle assessment - Requirements and guidelines,environmental management life cycle assessment requirements and guidelines,2014-02-28,28 Feb 2014,System Standard,Identical under single numbering,PUBLISHED_IN_SOURCE_INVENTORY,UNKNOWN_CURRENT_STATUS,NOT_AVAILABLE,NOT_AVAILABLE,NOT_AVAILABLE,NOT_AVAILABLE,NOT_AVAILABLE,SOURCE_DERIVED,User-supplied Published Standards XLSX,USER_SUPPLIED_OFFICIAL_INVENTORY,File_Published_Standards_List_2026-09-04_132339.xlsx,Published Standards,13871,NOT_AVAILABLE,NOT_AVAILABLE,2026-09-04,2026-09-04,OFFICIAL_SOURCE_INVENTORY,False,DUPLICATE_NORMALIZED_TITLE
MSV1-F0A643BA05C9F745,XLSX-PUBLISHED-13894,IS 16130:2014,IS 16130:2014,IS,16130,,,2014,,IS 16130,PARSED_CONSERVATIVELY,"Thermoplastics Materials for Pipes and Fittings for Pressure Applications - Classification, Designation and Design Coefficient","Thermoplastics Materials for Pipes and Fittings for Pressure Applications - Classification, Designation and Design Coefficient",thermoplastics materials for pipes and fittings for pressure applications classification designation and design coefficient,2014-01-31,31 Jan 2014,Others,Identical under dual numbering,PUBLISHED_IN_SOURCE_INVENTORY,UNKNOWN_CURRENT_STATUS,NOT_AVAILABLE,NOT_AVAILABLE,NOT_AVAILABLE,NOT_AVAILABLE,NOT_AVAILABLE,SOURCE_DERIVED,User-supplied Published Standards XLSX,USER_SUPPLIED_OFFICIAL_INVENTORY,File_Published_Standards_List_2026-09-04_132339.xlsx,Published Standards,13894,NOT_AVAILABLE,NOT_AVAILABLE,2026-09-04,2026-09-04,OFFICIAL_SOURCE_INVENTORY,False,DUPLICATE_NORMALIZED_TITLE
MSV1-CAA06581E08C5289,XLSX-PUBLISHED-13902,IS 16140:2014,IS 16140:2014,IS,16140,,,2014,,IS 16140,PARSED_CONSERVATIVELY,"Thermoplastics materials for pipes and fittings for pressure applications - Classification, designation and design coefficient","Thermoplastics materials for pipes and fittings for pressure applications - Classification, designation and design coefficient",thermoplastics materials for pipes and fittings for pressure applications classification designation and design coefficient,2014-01-31,31 Jan 2014,Product Specification,Identical under dual numbering,PUBLISHED_IN_SOURCE_INVENTORY,UNKNOWN_CURRENT_STATUS,NOT_AVAILABLE,NOT_AVAILABLE,NOT_AVAILABLE,NOT_AVAILABLE,NOT_AVAILABLE,SOURCE_DERIVED,User-supplied Published Standards XLSX,USER_SUPPLIED_OFFICIAL_INVENTORY,File_Published_Standards_List_2026-09-04_132339.xlsx,Published Standards,13902,NOT_AVAILABLE,NOT_AVAILABLE,2026-09-04,2026-09-04,OFFICIAL_SOURCE_INVENTORY,False,DUPLICATE_NORMALIZED_TITLE
MSV1-9E447F0725EA82B7,XLSX-PUBLISHED-14402,IS 949:2012,IS 949:2012,IS,949,,,2012,,IS 949,PARSED_CONSERVATIVELY,Specification for snatch block for use with fibre rope for fire brigade use (First Revision),Specification for snatch block for use with fibre rope for fire brigade use (First Revision),specification for snatch block for use with fibre rope for fire brigade use first revision,2012-03-31,31 Mar 2012,Others,Indigenous,PUBLISHED_IN_SOURCE_INVENTORY,UNKNOWN_CURRENT_STATUS,NOT_AVAILABLE,NOT_AVAILABLE,NOT_AVAILABLE,NOT_AVAILABLE,NOT_AVAILABLE,SOURCE_DERIVED,User-supplied Published Standards XLSX,USER_SUPPLIED_OFFICIAL_INVENTORY,File_Published_Standards_List_2026-09-04_132339.xlsx,Published Standards,14402,NOT_AVAILABLE,NOT_AVAILABLE,2026-09-04,2026-09-04,OFFICIAL_SOURCE_INVENTORY,False,DUPLICATE_NORMALIZED_TITLE
MSV1-990DA2827C9C9F38,XLSX-PUBLISHED-14658,IS/ISO 14044:2006,IS/ISO 14044:2006,IS/ISO,14044,,,2006,,IS/ISO 14044,PARSED_CONSERVATIVELY,Environmental management — Life cycle assessment — Requirements and guidelines,Environmental management — Life cycle assessment — Requirements and guidelines,environmental management life cycle assessment requirements and guidelines,2009-09-30,30 Sep 2009,System Standard,Identical under single numbering,PUBLISHED_IN_SOURCE_INVENTORY,UNKNOWN_CURRENT_STATUS,NOT_AVAILABLE,NOT_AVAILABLE,NOT_AVAILABLE,NOT_AVAILABLE,NOT_AVAILABLE,SOURCE_DERIVED,User-supplied Published Standards XLSX,USER_SUPPLIED_OFFICIAL_INVENTORY,File_Published_Standards_List_2026-09-04_132339.xlsx,Published Standards,14658,NOT_AVAILABLE,NOT_AVAILABLE,2026-09-04,2026-09-04,OFFICIAL_SOURCE_INVENTORY,False,DUPLICATE_NORMALIZED_TITLE
MSV1-A8CACCD5EB7D5845,XLSX-PUBLISHED-14920,IS 15641 (Part 3):2007,IS 15641 (Part 3):2007,IS,15641,3,,2007,,IS 15641,PARSED_CONSERVATIVELY,Natural gas - Determination of water by karl fischer method: Part 3 coulometric procedure,Natural gas - Determination of water by karl fischer method: Part 3 coulometric procedure,natural gas determination of water by karl fischer method part 3 coulometric procedure,2007-08-31,31 Aug 2007,Methods of Tests,Identical under dual numbering,PUBLISHED_IN_SOURCE_INVENTORY,UNKNOWN_CURRENT_STATUS,NOT_AVAILABLE,NOT_AVAILABLE,NOT_AVAILABLE,NOT_AVAILABLE,NOT_AVAILABLE,SOURCE_DERIVED,User-supplied Published Standards XLSX,USER_SUPPLIED_OFFICIAL_INVENTORY,File_Published_Standards_List_2026-09-04_132339.xlsx,Published Standards,14920,NOT_AVAILABLE,NOT_AVAILABLE,2026-09-04,2026-09-04,OFFICIAL_SOURCE_INVENTORY,False,DUPLICATE_NORMALIZED_TITLE
MSV1-0109C0FE3D20FC28,XLSX-PUBLISHED-15094,IS 15665:2006,IS 15665:2006,IS,15665,,,2006,,IS 15665,PARSED_CONSERVATIVELY,Gas turbines - Vocabulary,Gas turbines - Vocabulary,gas turbines vocabulary,2006-04-30,30 Apr 2006,Terminology,Identical under dual numbering,PUBLISHED_IN_SOURCE_INVENTORY,UNKNOWN_CURRENT_STATUS,NOT_AVAILABLE,NOT_AVAILABLE,NOT_AVAILABLE,NOT_AVAILABLE,NOT_AVAILABLE,SOURCE_DERIVED,User-supplied Published Standards XLSX,USER_SUPPLIED_OFFICIAL_INVENTORY,File_Published_Standards_List_2026-09-04_132339.xlsx,Published Standards,15094,NOT_AVAILABLE,NOT_AVAILABLE,2026-09-04,2026-09-04,OFFICIAL_SOURCE_INVENTORY,False,DUPLICATE_NORMALIZED_TITLE
MSV1-9879724F4B7D2FC9,XLSX-PUBLISHED-15499,IS 15429:2004,IS 15429:2004,IS,15429,,,2004,,IS 15429,PARSED_CONSERVATIVELY,"Storage, installation and maintenance of DC motors - Code of practice","Storage, installation and maintenance of DC motors - Code of practice",storage installation and maintenance of dc motors code of practice,2004-06-30,30 Jun 2004,Code of Practice,Indigenous,PUBLISHED_IN_SOURCE_INVENTORY,UNKNOWN_CURRENT_STATUS,NOT_AVAILABLE,NOT_AVAILABLE,NOT_AVAILABLE,NOT_AVAILABLE,NOT_AVAILABLE,SOURCE_DERIVED,User-supplied Published Standards XLSX,USER_SUPPLIED_OFFICIAL_INVENTORY,File_Published_Standards_List_2026-09-04_132339.xlsx,Published Standards,15499,NOT_AVAILABLE,NOT_AVAILABLE,2026-09-04,2026-09-04,OFFICIAL_SOURCE_INVENTORY,False,DUPLICATE_NORMALIZED_TITLE
MSV1-16BFB9D98EE3CEBB,XLSX-PUBLISHED-16353,IS 14751:1999,IS 14751:1999,IS,14751,,,1999,,IS 14751,PARSED_CONSERVATIVELY,Gas turbines - Vocabulary,Gas turbines - Vocabulary,gas turbines vocabulary,1999-12-31,31 Dec 1999,Terminology,Identical under dual numbering,PUBLISHED_IN_SOURCE_INVENTORY,UNKNOWN_CURRENT_STATUS,NOT_AVAILABLE,NOT_AVAILABLE,NOT_AVAILABLE,NOT_AVAILABLE,NOT_AVAILABLE,SOURCE_DERIVED,User-supplied Published Standards XLSX,USER_SUPPLIED_OFFICIAL_INVENTORY,File_Published_Standards_List_2026-09-04_132339.xlsx,Published Standards,16353,NOT_AVAILABLE,NOT_AVAILABLE,2026-09-04,2026-09-04,OFFICIAL_SOURCE_INVENTORY,False,DUPLICATE_NORMALIZED_TITLE
MSV1-CA23E5EB1BE6CA22,XLSX-PUBLISHED-16394,IS 10716 (Part 2):1999,IS 10716 (Part 2):1999,IS,10716,2,,1999,,IS 10716,PARSED_CONSERVATIVELY,Technical product documentation -- Springs: Part 2 Presentation of data for cylindrical helical compression springs,Technical product documentation -- Springs: Part 2 Presentation of data for cylindrical helical compression springs,technical product documentation springs part 2 presentation of data for cylindrical helical compression springs,1999-08-31,31 Aug 1999,Others,Identical under dual numbering,PUBLISHED_IN_SOURCE_INVENTORY,UNKNOWN_CURRENT_STATUS,NOT_AVAILABLE,NOT_AVAILABLE,NOT_AVAILABLE,NOT_AVAILABLE,NOT_AVAILABLE,SOURCE_DERIVED,User-supplied Published Standards XLSX,USER_SUPPLIED_OFFICIAL_INVENTORY,File_Published_Standards_List_2026-09-04_132339.xlsx,Published Standards,16394,NOT_AVAILABLE,NOT_AVAILABLE,2026-09-04,2026-09-04,OFFICIAL_SOURCE_INVENTORY,False,DUPLICATE_NORMALIZED_TITLE
MSV1-CC3B8CB7480BE74A,XLSX-PUBLISHED-16544,IS 14621:1998,IS 14621:1998,IS,14621,,,1998,,IS 14621,PARSED_CONSERVATIVELY,Determination of dielectric constant of wood under microwave frequencies - Method of test,Determination of dielectric constant of wood under microwave frequencies - Method of test,determination of dielectric constant of wood under microwave frequencies method of test,1998-11-30,30 Nov 1998,Code of Practice,Indigenous,PUBLISHED_IN_SOURCE_INVENTORY,UNKNOWN_CURRENT_STATUS,NOT_AVAILABLE,NOT_AVAILABLE,NOT_AVAILABLE,NOT_AVAILABLE,NOT_AVAILABLE,SOURCE_DERIVED,User-supplied Published Standards XLSX,USER_SUPPLIED_OFFICIAL_INVENTORY,File_Published_Standards_List_2026-09-04_132339.xlsx,Published Standards,16544,NOT_AVAILABLE,NOT_AVAILABLE,2026-09-04,2026-09-04,OFFICIAL_SOURCE_INVENTORY,False,DUPLICATE_NORMALIZED_TITLE
MSV1-91F6FE0A5E6FE198,XLSX-PUBLISHED-16659,IS 14478:1997,IS 14478:1997,IS,14478,,,1997,,IS 14478,PARSED_CONSERVATIVELY,"Plain bearings - Thick - Walled bushes, plain and flange type, full - Round (without any joint or slit) - Specification","Plain bearings - Thick - Walled bushes, plain and flange type, full - Round (without any joint or slit) - Specification",plain bearings thick walled bushes plain and flange type full round without any joint or slit specification,1997-12-31,31 Dec 1997,Product Specification,Indigenous,PUBLISHED_IN_SOURCE_INVENTORY,UNKNOWN_CURRENT_STATUS,NOT_AVAILABLE,NOT_AVAILABLE,NOT_AVAILABLE,NOT_AVAILABLE,NOT_AVAILABLE,SOURCE_DERIVED,User-supplied Published Standards XLSX,USER_SUPPLIED_OFFICIAL_INVENTORY,File_Published_Standards_List_2026-09-04_132339.xlsx,Published Standards,16659,NOT_AVAILABLE,NOT_AVAILABLE,2026-09-04,2026-09-04,OFFICIAL_SOURCE_INVENTORY,False,DUPLICATE_NORMALIZED_TITLE
MSV1-69377FFAE68877A6,XLSX-PUBLISHED-16891,IS 13980:1995,IS 13980:1995,IS,13980,,,1995,,IS 13980,PARSED_CONSERVATIVELY,ACCEPTANCE TESTS ON INDUSTRIAL BOILERS CODE OF PRACTICE,ACCEPTANCE TESTS ON INDUSTRIAL BOILERS CODE OF PRACTICE,acceptance tests on industrial boilers code of practice,1995-12-31,31 Dec 1995,Code of Practice,Indigenous,PUBLISHED_IN_SOURCE_INVENTORY,UNKNOWN_CURRENT_STATUS,NOT_AVAILABLE,NOT_AVAILABLE,NOT_AVAILABLE,NOT_AVAILABLE,NOT_AVAILABLE,SOURCE_DERIVED,User-supplied Published Standards XLSX,USER_SUPPLIED_OFFICIAL_INVENTORY,File_Published_Standards_List_2026-09-04_132339.xlsx,Published Standards,16891,NOT_AVAILABLE,NOT_AVAILABLE,2026-09-04,2026-09-04,OFFICIAL_SOURCE_INVENTORY,False,DUPLICATE_NORMALIZED_TITLE
MSV1-3D20EA494018C113,XLSX-PUBLISHED-17041,IS 14127:1995,IS 14127:1995,IS,14127,,,1995,,IS 14127,PARSED_CONSERVATIVELY,Insoluble(Amorphous) sulphur for rubber industry - Specification,Insoluble(Amorphous) sulphur for rubber industry - Specification,insoluble amorphous sulphur for rubber industry specification,1995-02-28,28 Feb 1995,Product Specification,Indigenous,PUBLISHED_IN_SOURCE_INVENTORY,UNKNOWN_CURRENT_STATUS,NOT_AVAILABLE,NOT_AVAILABLE,NOT_AVAILABLE,NOT_AVAILABLE,NOT_AVAILABLE,SOURCE_DERIVED,User-supplied Published Standards XLSX,USER_SUPPLIED_OFFICIAL_INVENTORY,File_Published_Standards_List_2026-09-04_132339.xlsx,Published Standards,17041,NOT_AVAILABLE,NOT_AVAILABLE,2026-09-04,2026-09-04,OFFICIAL_SOURCE_INVENTORY,False,DUPLICATE_NORMALIZED_TITLE
MSV1-5B0F0D8735BCF9FB,XLSX-PUBLISHED-17177,IS 7130:1994,IS 7130:1994,IS,7130,,,1994,,IS 7130,PARSED_CONSERVATIVELY,"Chlorosulphonic acid,technical - Specification","Chlorosulphonic acid,technical - Specification",chlorosulphonic acid technical specification,1994-05-31,31 May 1994,Terminology,Indigenous,PUBLISHED_IN_SOURCE_INVENTORY,UNKNOWN_CURRENT_STATUS,NOT_AVAILABLE,NOT_AVAILABLE,NOT_AVAILABLE,NOT_AVAILABLE,NOT_AVAILABLE,SOURCE_DERIVED,User-supplied Published Standards XLSX,USER_SUPPLIED_OFFICIAL_INVENTORY,File_Published_Standards_List_2026-09-04_132339.xlsx,Published Standards,17177,NOT_AVAILABLE,NOT_AVAILABLE,2026-09-04,2026-09-04,OFFICIAL_SOURCE_INVENTORY,False,DUPLICATE_NORMALIZED_TITLE
MSV1-067941BFCFD866E2,XLSX-PUBLISHED-17270,IS 852:1994,IS 852:1994,IS,852,,,1994,,IS 852,PARSED_CONSERVATIVELY,Specification for synthetic resin adhesives for construction work (Non - Structural) in wood (First Revision),Specification for synthetic resin adhesives for construction work (Non - Structural) in wood (First Revision),specification for synthetic resin adhesives for construction work non structural in wood first revision,1994-02-28,28 Feb 1994,Product Specification,Indigenous,PUBLISHED_IN_SOURCE_INVENTORY,UNKNOWN_CURRENT_STATUS,NOT_AVAILABLE,NOT_AVAILABLE,NOT_AVAILABLE,NOT_AVAILABLE,NOT_AVAILABLE,SOURCE_DERIVED,User-supplied Published Standards XLSX,USER_SUPPLIED_OFFICIAL_INVENTORY,File_Published_Standards_List_2026-09-04_132339.xlsx,Published Standards,17270,NOT_AVAILABLE,NOT_AVAILABLE,2026-09-04,2026-09-04,OFFICIAL_SOURCE_INVENTORY,False,DUPLICATE_NORMALIZED_TITLE
MSV1-41C1ED7AF7E96D41,XLSX-PUBLISHED-17361,IS 13674 (Part 2):1993,IS 13674 (Part 2):1993,IS,13674,2,,1993,,IS 13674,PARSED_CONSERVATIVELY,Dimensions of ferrite components for CTV: Part 2 cores for line output transformers,Dimensions of ferrite components for CTV: Part 2 cores for line output transformers,dimensions of ferrite components for ctv part 2 cores for line output transformers,1993-10-31,31 Oct 1993,Dimensions,Indigenous,PUBLISHED_IN_SOURCE_INVENTORY,UNKNOWN_CURRENT_STATUS,NOT_AVAILABLE,NOT_AVAILABLE,NOT_AVAILABLE,NOT_AVAILABLE,NOT_AVAILABLE,SOURCE_DERIVED,User-supplied Published Standards XLSX,USER_SUPPLIED_OFFICIAL_INVENTORY,File_Published_Standards_List_2026-09-04_132339.xlsx,Published Standards,17361,NOT_AVAILABLE,NOT_AVAILABLE,2026-09-04,2026-09-04,OFFICIAL_SOURCE_INVENTORY,False,DUPLICATE_NORMALIZED_TITLE
MSV1-BCEF7339F2C33B6A,XLSX-PUBLISHED-17391,IS 13901 (Part 2):1993,IS 13901 (Part 2):1993,IS,13901,2,,1993,,IS 13901,PARSED_CONSERVATIVELY,Dimensions of Ferrite Components for Ctv: Part 2 Cores for Line Output Transformers,Dimensions of Ferrite Components for Ctv: Part 2 Cores for Line Output Transformers,dimensions of ferrite components for ctv part 2 cores for line output transformers,1993-10-31,31 Oct 1993,Dimensions,Indigenous,PUBLISHED_IN_SOURCE_INVENTORY,UNKNOWN_CURRENT_STATUS,NOT_AVAILABLE,NOT_AVAILABLE,NOT_AVAILABLE,NOT_AVAILABLE,NOT_AVAILABLE,SOURCE_DERIVED,User-supplied Published Standards XLSX,USER_SUPPLIED_OFFICIAL_INVENTORY,File_Published_Standards_List_2026-09-04_132339.xlsx,Published Standards,17391,NOT_AVAILABLE,NOT_AVAILABLE,2026-09-04,2026-09-04,OFFICIAL_SOURCE_INVENTORY,False,DUPLICATE_NORMALIZED_TITLE
MSV1-714ACBF07F193293,XLSX-PUBLISHED-17640,IS 13621:1993,IS 13621:1993,IS,13621,,,1993,,IS 13621,PARSED_CONSERVATIVELY,Determination of Dielectric Constant of Wood Under Microwave Frequencies- Method of Test,Determination of Dielectric Constant of Wood Under Microwave Frequencies- Method of Test,determination of dielectric constant of wood under microwave frequencies method of test,1993-02-28,28 Feb 1993,Methods of Tests,-,PUBLISHED_IN_SOURCE_INVENTORY,UNKNOWN_CURRENT_STATUS,NOT_AVAILABLE,NOT_AVAILABLE,NOT_AVAILABLE,NOT_AVAILABLE,NOT_AVAILABLE,SOURCE_DERIVED,User-supplied Published Standards XLSX,USER_SUPPLIED_OFFICIAL_INVENTORY,File_Published_Standards_List_2026-09-04_132339.xlsx,Published Standards,17640,NOT_AVAILABLE,NOT_AVAILABLE,2026-09-04,2026-09-04,OFFICIAL_SOURCE_INVENTORY,False,DUPLICATE_NORMALIZED_TITLE
MSV1-8FAF16566F7DBD51,XLSX-PUBLISHED-17830,IS 9688:1992,IS 9688:1992,IS,9688,,,1992,,IS 9688,PARSED_CONSERVATIVELY,"Eye surgery instruments - Hooks, strabismus - Specification ( first revision)","Eye surgery instruments - Hooks, strabismus - Specification ( first revision)",eye surgery instruments hooks strabismus specification first revision,1992-08-31,31 Aug 1992,Product Specification,Indigenous,PUBLISHED_IN_SOURCE_INVENTORY,UNKNOWN_CURRENT_STATUS,NOT_AVAILABLE,NOT_AVAILABLE,NOT_AVAILABLE,NOT_AVAILABLE,NOT_AVAILABLE,SOURCE_DERIVED,User-supplied Published Standards XLSX,USER_SUPPLIED_OFFICIAL_INVENTORY,File_Published_Standards_List_2026-09-04_132339.xlsx,Published Standards,17830,NOT_AVAILABLE,NOT_AVAILABLE,2026-09-04,2026-09-04,OFFICIAL_SOURCE_INVENTORY,False,DUPLICATE_NORMALIZED_TITLE
MSV1-3430231B64F51E9B,XLSX-PUBLISHED-18560,IS 12689:1989,IS 12689:1989,IS,12689,,,1989,,IS 12689,PARSED_CONSERVATIVELY,Small tools -- Subland twist drills with morse taper shank for clearance holes and counterbores for slotted cheese head screws -- Specification,Small tools -- Subland twist drills with morse taper shank for clearance holes and counterbores for slotted cheese head screws -- Specification,small tools subland twist drills with morse taper shank for clearance holes and counterbores for slotted cheese head screws specification,1990-04-30,30 Apr 1990,Product Specification,Indigenous,PUBLISHED_IN_SOURCE_INVENTORY,UNKNOWN_CURRENT_STATUS,NOT_AVAILABLE,NOT_AVAILABLE,NOT_AVAILABLE,NOT_AVAILABLE,NOT_AVAILABLE,SOURCE_DERIVED,User-supplied Published Standards XLSX,USER_SUPPLIED_OFFICIAL_INVENTORY,File_Published_Standards_List_2026-09-04_132339.xlsx,Published Standards,18560,NOT_AVAILABLE,NOT_AVAILABLE,2026-09-04,2026-09-04,OFFICIAL_SOURCE_INVENTORY,False,DUPLICATE_NORMALIZED_TITLE
MSV1-43DA30AD6400470F,XLSX-PUBLISHED-18561,IS 12690:1989,IS 12690:1989,IS,12690,,,1989,,IS 12690,PARSED_CONSERVATIVELY,Small Tools -- Subland twist drills with morse taper shank for clearance holes and counterbores for slotted cheese head screws -- Specification,Small Tools -- Subland twist drills with morse taper shank for clearance holes and counterbores for slotted cheese head screws -- Specification,small tools subland twist drills with morse taper shank for clearance holes and counterbores for slotted cheese head screws specification,1990-04-30,30 Apr 1990,Product Specification,Indigenous,PUBLISHED_IN_SOURCE_INVENTORY,UNKNOWN_CURRENT_STATUS,NOT_AVAILABLE,NOT_AVAILABLE,NOT_AVAILABLE,NOT_AVAILABLE,NOT_AVAILABLE,SOURCE_DERIVED,User-supplied Published Standards XLSX,USER_SUPPLIED_OFFICIAL_INVENTORY,File_Published_Standards_List_2026-09-04_132339.xlsx,Published Standards,18561,NOT_AVAILABLE,NOT_AVAILABLE,2026-09-04,2026-09-04,OFFICIAL_SOURCE_INVENTORY,False,DUPLICATE_NORMALIZED_TITLE
MSV1-77DE49F8C7DA91A2,XLSX-PUBLISHED-18671,IS 12538:1989,IS 12538:1989,IS,12538,,,1989,,IS 12538,PARSED_CONSERVATIVELY,Small tools -- Shank type gear shaper cutter -- Specification,Small tools -- Shank type gear shaper cutter -- Specification,small tools shank type gear shaper cutter specification,1989-12-31,31 Dec 1989,Product Specification,Indigenous,PUBLISHED_IN_SOURCE_INVENTORY,UNKNOWN_CURRENT_STATUS,NOT_AVAILABLE,NOT_AVAILABLE,NOT_AVAILABLE,NOT_AVAILABLE,NOT_AVAILABLE,SOURCE_DERIVED,User-supplied Published Standards XLSX,USER_SUPPLIED_OFFICIAL_INVENTORY,File_Published_Standards_List_2026-09-04_132339.xlsx,Published Standards,18671,NOT_AVAILABLE,NOT_AVAILABLE,2026-09-04,2026-09-04,OFFICIAL_SOURCE_INVENTORY,False,DUPLICATE_NORMALIZED_TITLE
MSV1-764A70A77ABFAC41,XLSX-PUBLISHED-18722,IS 12537:1989,IS 12537:1989,IS,12537,,,1989,,IS 12537,PARSED_CONSERVATIVELY,Small tools -- Shank type gear shaper cutter -- Specification,Small tools -- Shank type gear shaper cutter -- Specification,small tools shank type gear shaper cutter specification,1989-10-31,31 Oct 1989,Product Specification,Indigenous,PUBLISHED_IN_SOURCE_INVENTORY,UNKNOWN_CURRENT_STATUS,NOT_AVAILABLE,NOT_AVAILABLE,NOT_AVAILABLE,NOT_AVAILABLE,NOT_AVAILABLE,SOURCE_DERIVED,User-supplied Published Standards XLSX,USER_SUPPLIED_OFFICIAL_INVENTORY,File_Published_Standards_List_2026-09-04_132339.xlsx,Published Standards,18722,NOT_AVAILABLE,NOT_AVAILABLE,2026-09-04,2026-09-04,OFFICIAL_SOURCE_INVENTORY,False,DUPLICATE_NORMALIZED_TITLE
MSV1-4188478C5D6178BD,XLSX-PUBLISHED-19052,IS 12412:1988,IS 12412:1988,IS,12412,,,1988,,IS 12412,PARSED_CONSERVATIVELY,Specification for screw driver bits for the use with ratchet screw drivers: Part 2 for cross recessed head screws,Specification for screw driver bits for the use with ratchet screw drivers: Part 2 for cross recessed head screws,specification for screw driver bits for the use with ratchet screw drivers part 2 for cross recessed head screws,1988-06-30,30 Jun 1988,Product Specification,Indigenous,PUBLISHED_IN_SOURCE_INVENTORY,UNKNOWN_CURRENT_STATUS,NOT_AVAILABLE,NOT_AVAILABLE,NOT_AVAILABLE,NOT_AVAILABLE,NOT_AVAILABLE,SOURCE_DERIVED,User-supplied Published Standards XLSX,USER_SUPPLIED_OFFICIAL_INVENTORY,File_Published_Standards_List_2026-09-04_132339.xlsx,Published Standards,19052,NOT_AVAILABLE,NOT_AVAILABLE,2026-09-04,2026-09-04,OFFICIAL_SOURCE_INVENTORY,False,DUPLICATE_NORMALIZED_TITLE
MSV1-50A3A11A04ED7169,XLSX-PUBLISHED-19423,IS 9401 (Part 9):1987,IS 9401 (Part 9):1987,IS,9401,9,,1987,,IS 9401,PARSED_CONSERVATIVELY,Method of measurement of works in river valley projects (Dams And Appurtenant Structures): Part 9 lining,Method of measurement of works in river valley projects (Dams And Appurtenant Structures): Part 9 lining,method of measurement of works in river valley projects dams and appurtenant structures part 9 lining,1987-08-31,31 Aug 1987,Code of Practice,Indigenous,PUBLISHED_IN_SOURCE_INVENTORY,UNKNOWN_CURRENT_STATUS,NOT_AVAILABLE,NOT_AVAILABLE,NOT_AVAILABLE,NOT_AVAILABLE,NOT_AVAILABLE,SOURCE_DERIVED,User-supplied Published Standards XLSX,USER_SUPPLIED_OFFICIAL_INVENTORY,File_Published_Standards_List_2026-09-04_132339.xlsx,Published Standards,19423,NOT_AVAILABLE,NOT_AVAILABLE,2026-09-04,2026-09-04,OFFICIAL_SOURCE_INVENTORY,False,DUPLICATE_NORMALIZED_TITLE
MSV1-A81DA224AD42BCD1,XLSX-PUBLISHED-19426,IS 11872 (Part 1 and 2):1987,IS 11872 (Part 1 and 2):1987,IS,11872,1 and 2,,1987,,IS 11872,PARSED_CONSERVATIVELY,Specification for rollers for drawing and spinning frames in jute mill,Specification for rollers for drawing and spinning frames in jute mill,specification for rollers for drawing and spinning frames in jute mill,1987-07-31,31 Jul 1987,Product Specification,Indigenous,PUBLISHED_IN_SOURCE_INVENTORY,UNKNOWN_CURRENT_STATUS,NOT_AVAILABLE,NOT_AVAILABLE,NOT_AVAILABLE,NOT_AVAILABLE,NOT_AVAILABLE,SOURCE_DERIVED,User-supplied Published Standards XLSX,USER_SUPPLIED_OFFICIAL_INVENTORY,File_Published_Standards_List_2026-09-04_132339.xlsx,Published Standards,19426,NOT_AVAILABLE,NOT_AVAILABLE,2026-09-04,2026-09-04,OFFICIAL_SOURCE_INVENTORY,False,DUPLICATE_NORMALIZED_TITLE
MSV1-4449FB7FA19172E0,XLSX-PUBLISHED-19470,IS 12168 (Part 2):1987,IS 12168 (Part 2):1987,IS,12168,2,,1987,,IS 12168,PARSED_CONSERVATIVELY,Specification for screw driver bits for the use with ratchet screw drivers: Part 2 for cross recessed head screws,Specification for screw driver bits for the use with ratchet screw drivers: Part 2 for cross recessed head screws,specification for screw driver bits for the use with ratchet screw drivers part 2 for cross recessed head screws,1987-06-30,30 Jun 1987,Product Specification,Not Equivalent,PUBLISHED_IN_SOURCE_INVENTORY,UNKNOWN_CURRENT_STATUS,NOT_AVAILABLE,NOT_AVAILABLE,NOT_AVAILABLE,NOT_AVAILABLE,NOT_AVAILABLE,SOURCE_DERIVED,User-supplied Published Standards XLSX,USER_SUPPLIED_OFFICIAL_INVENTORY,File_Published_Standards_List_2026-09-04_132339.xlsx,Published Standards,19470,NOT_AVAILABLE,NOT_AVAILABLE,2026-09-04,2026-09-04,OFFICIAL_SOURCE_INVENTORY,False,DUPLICATE_NORMALIZED_TITLE
MSV1-18DE46A7C8990A8C,XLSX-PUBLISHED-19637,IS 9329:1987,IS 9329:1987,IS,9329,,,1987,,IS 9329,PARSED_CONSERVATIVELY,"Specification For Speculum, Eye, Clark's Pattern (Modified) (First Revision)","Specification For Speculum, Eye, Clark's Pattern (Modified) (First Revision)",specification for speculum eye clark s pattern modified first revision,1987-01-31,31 Jan 1987,Product Specification,Indigenous,PUBLISHED_IN_SOURCE_INVENTORY,UNKNOWN_CURRENT_STATUS,NOT_AVAILABLE,NOT_AVAILABLE,NOT_AVAILABLE,NOT_AVAILABLE,NOT_AVAILABLE,SOURCE_DERIVED,User-supplied Published Standards XLSX,USER_SUPPLIED_OFFICIAL_INVENTORY,File_Published_Standards_List_2026-09-04_132339.xlsx,Published Standards,19637,NOT_AVAILABLE,NOT_AVAILABLE,2026-09-04,2026-09-04,OFFICIAL_SOURCE_INVENTORY,False,DUPLICATE_NORMALIZED_TITLE
MSV1-829FF0B0ABD2A61C,XLSX-PUBLISHED-19825,IS 4569 (Part 6):1985,IS 4569 (Part 6):1985,IS,4569,6,,1985,,IS 4569,PARSED_CONSERVATIVELY,"Specification For Scissors, Eye Part 6 Scissors, Iris (Second Revision)","Specification For Scissors, Eye Part 6 Scissors, Iris (Second Revision)",specification for scissors eye part 6 scissors iris second revision,1986-06-30,30 Jun 1986,Product Specification,Indigenous,PUBLISHED_IN_SOURCE_INVENTORY,UNKNOWN_CURRENT_STATUS,NOT_AVAILABLE,NOT_AVAILABLE,NOT_AVAILABLE,NOT_AVAILABLE,NOT_AVAILABLE,SOURCE_DERIVED,User-supplied Published Standards XLSX,USER_SUPPLIED_OFFICIAL_INVENTORY,File_Published_Standards_List_2026-09-04_132339.xlsx,Published Standards,19825,NOT_AVAILABLE,NOT_AVAILABLE,2026-09-04,2026-09-04,OFFICIAL_SOURCE_INVENTORY,False,DUPLICATE_NORMALIZED_TITLE
MSV1-B2D8EAE600CDD162,XLSX-PUBLISHED-19871,IS 4569 (Part 3):1985,IS 4569 (Part 3):1985,IS,4569,3,,1985,,IS 4569,PARSED_CONSERVATIVELY,"Specification for scissors, eye: part 3 scissors, tenotomy (Second Revision)","Specification for scissors, eye: part 3 scissors, tenotomy (Second Revision)",specification for scissors eye part 3 scissors tenotomy second revision,1986-04-30,30 Apr 1986,Product Specification,Indigenous,PUBLISHED_IN_SOURCE_INVENTORY,UNKNOWN_CURRENT_STATUS,NOT_AVAILABLE,NOT_AVAILABLE,NOT_AVAILABLE,NOT_AVAILABLE,NOT_AVAILABLE,SOURCE_DERIVED,User-supplied Published Standards XLSX,USER_SUPPLIED_OFFICIAL_INVENTORY,File_Published_Standards_List_2026-09-04_132339.xlsx,Published Standards,19871,NOT_AVAILABLE,NOT_AVAILABLE,2026-09-04,2026-09-04,OFFICIAL_SOURCE_INVENTORY,False,DUPLICATE_NORMALIZED_TITLE
MSV1-31C402909E202D95,XLSX-PUBLISHED-19872,IS 4569 (Part 4):1985,IS 4569 (Part 4):1985,IS,4569,4,,1985,,IS 4569,PARSED_CONSERVATIVELY,"Specification For Scissors, Eye Part 4 Scissors,Enucleation (Second Revision)","Specification For Scissors, Eye Part 4 Scissors,Enucleation (Second Revision)",specification for scissors eye part 4 scissors enucleation second revision,1986-04-30,30 Apr 1986,Product Specification,Indigenous,PUBLISHED_IN_SOURCE_INVENTORY,UNKNOWN_CURRENT_STATUS,NOT_AVAILABLE,NOT_AVAILABLE,NOT_AVAILABLE,NOT_AVAILABLE,NOT_AVAILABLE,SOURCE_DERIVED,User-supplied Published Standards XLSX,USER_SUPPLIED_OFFICIAL_INVENTORY,File_Published_Standards_List_2026-09-04_132339.xlsx,Published Standards,19872,NOT_AVAILABLE,NOT_AVAILABLE,2026-09-04,2026-09-04,OFFICIAL_SOURCE_INVENTORY,False,DUPLICATE_NORMALIZED_TITLE
MSV1-BEEF8AEA05F532A1,XLSX-PUBLISHED-20048,IS 4569 (Part 1):1985,IS 4569 (Part 1):1985,IS,4569,1,,1985,,IS 4569,PARSED_CONSERVATIVELY,"Specification for scissors, eye: Part 1 corneal (Second Revision)","Specification for scissors, eye: Part 1 corneal (Second Revision)",specification for scissors eye part 1 corneal second revision,1985-10-31,31 Oct 1985,Product Specification,Indigenous,PUBLISHED_IN_SOURCE_INVENTORY,UNKNOWN_CURRENT_STATUS,NOT_AVAILABLE,NOT_AVAILABLE,NOT_AVAILABLE,NOT_AVAILABLE,NOT_AVAILABLE,SOURCE_DERIVED,User-supplied Published Standards XLSX,USER_SUPPLIED_OFFICIAL_INVENTORY,File_Published_Standards_List_2026-09-04_132339.xlsx,Published Standards,20048,NOT_AVAILABLE,NOT_AVAILABLE,2026-09-04,2026-09-04,OFFICIAL_SOURCE_INVENTORY,False,DUPLICATE_NORMALIZED_TITLE
MSV1-E0D53DDC52FD9C7B,XLSX-PUBLISHED-20149,IS 11244:1985,IS 11244:1985,IS,11244,,,1985,,IS 11244,PARSED_CONSERVATIVELY,"Specification for trephine, bone lacrimal with handle","Specification for trephine, bone lacrimal with handle",specification for trephine bone lacrimal with handle,1985-05-31,31 May 1985,Product Specification,Indigenous,PUBLISHED_IN_SOURCE_INVENTORY,UNKNOWN_CURRENT_STATUS,NOT_AVAILABLE,NOT_AVAILABLE,NOT_AVAILABLE,NOT_AVAILABLE,NOT_AVAILABLE,SOURCE_DERIVED,User-supplied Published Standards XLSX,USER_SUPPLIED_OFFICIAL_INVENTORY,File_Published_Standards_List_2026-09-04_132339.xlsx,Published Standards,20149,NOT_AVAILABLE,NOT_AVAILABLE,2026-09-04,2026-09-04,OFFICIAL_SOURCE_INVENTORY,False,DUPLICATE_NORMALIZED_TITLE
MSV1-8940AE04CC338A2E,XLSX-PUBLISHED-20165,SP 1650 Supplement:1973,SP 1650 Supplement:1973,SP,1650,,,1973,,SP 1650 Supplement,PARSED_CONSERVATIVELY,Standard colours for building and decorative finishes,Standard colours for building and decorative finishes,standard colours for building and decorative finishes,1985-05-31,31 May 1985,Others,Indigenous,PUBLISHED_IN_SOURCE_INVENTORY,UNKNOWN_CURRENT_STATUS,NOT_AVAILABLE,NOT_AVAILABLE,NOT_AVAILABLE,NOT_AVAILABLE,NOT_AVAILABLE,SOURCE_DERIVED,User-supplied Published Standards XLSX,USER_SUPPLIED_OFFICIAL_INVENTORY,File_Published_Standards_List_2026-09-04_132339.xlsx,Published Standards,20165,NOT_AVAILABLE,NOT_AVAILABLE,2026-09-04,2026-09-04,OFFICIAL_SOURCE_INVENTORY,False,DUPLICATE_NORMALIZED_TITLE
MSV1-CA084FB49FF50331,XLSX-PUBLISHED-20504,IS 10847:1984,IS 10847:1984,IS,10847,,,1984,,IS 10847,PARSED_CONSERVATIVELY,"Specification for Speculum with Screw Adjustment, Eye, Right and Left, Arruga's Pattern","Specification for Speculum with Screw Adjustment, Eye, Right and Left, Arruga's Pattern",specification for speculum with screw adjustment eye right and left arruga s pattern,1984-03-31,31 Mar 1984,Product Specification,Indigenous,PUBLISHED_IN_SOURCE_INVENTORY,UNKNOWN_CURRENT_STATUS,NOT_AVAILABLE,NOT_AVAILABLE,NOT_AVAILABLE,NOT_AVAILABLE,NOT_AVAILABLE,SOURCE_DERIVED,User-supplied Published Standards XLSX,USER_SUPPLIED_OFFICIAL_INVENTORY,File_Published_Standards_List_2026-09-04_132339.xlsx,Published Standards,20504,NOT_AVAILABLE,NOT_AVAILABLE,2026-09-04,2026-09-04,OFFICIAL_SOURCE_INVENTORY,False,DUPLICATE_NORMALIZED_TITLE
MSV1-EFC5A024A3A826DD,XLSX-PUBLISHED-20741,IS 8325:1983,IS 8325:1983,IS,8325,,,1983,,IS 8325,PARSED_CONSERVATIVELY,Specification for nickel formate for nickel catalyst (First Revision),Specification for nickel formate for nickel catalyst (First Revision),specification for nickel formate for nickel catalyst first revision,1983-06-30,30 Jun 1983,Product Specification,Indigenous,PUBLISHED_IN_SOURCE_INVENTORY,UNKNOWN_CURRENT_STATUS,NOT_AVAILABLE,NOT_AVAILABLE,NOT_AVAILABLE,NOT_AVAILABLE,NOT_AVAILABLE,SOURCE_DERIVED,User-supplied Published Standards XLSX,USER_SUPPLIED_OFFICIAL_INVENTORY,File_Published_Standards_List_2026-09-04_132339.xlsx,Published Standards,20741,NOT_AVAILABLE,NOT_AVAILABLE,2026-09-04,2026-09-04,OFFICIAL_SOURCE_INVENTORY,False,DUPLICATE_NORMALIZED_TITLE
MSV1-A4256A940002A0D6,XLSX-PUBLISHED-20871,IS 10390:1983,IS 10390:1983,IS,10390,,,1983,,IS 10390,PARSED_CONSERVATIVELY,Specification for muscle hook,Specification for muscle hook,specification for muscle hook,1983-01-31,31 Jan 1983,Product Specification,Indigenous,PUBLISHED_IN_SOURCE_INVENTORY,UNKNOWN_CURRENT_STATUS,NOT_AVAILABLE,NOT_AVAILABLE,NOT_AVAILABLE,NOT_AVAILABLE,NOT_AVAILABLE,SOURCE_DERIVED,User-supplied Published Standards XLSX,USER_SUPPLIED_OFFICIAL_INVENTORY,File_Published_Standards_List_2026-09-04_132339.xlsx,Published Standards,20871,NOT_AVAILABLE,NOT_AVAILABLE,2026-09-04,2026-09-04,OFFICIAL_SOURCE_INVENTORY,False,DUPLICATE_NORMALIZED_TITLE
MSV1-ADE4CFA943F1543C,XLSX-PUBLISHED-20872,IS 10408:1983,IS 10408:1983,IS,10408,,,1983,,IS 10408,PARSED_CONSERVATIVELY,"Specification For Spatula, Eye, Green's Pattern","Specification For Spatula, Eye, Green's Pattern",specification for spatula eye green s pattern,1983-01-31,31 Jan 1983,Product Specification,Indigenous,PUBLISHED_IN_SOURCE_INVENTORY,UNKNOWN_CURRENT_STATUS,NOT_AVAILABLE,NOT_AVAILABLE,NOT_AVAILABLE,NOT_AVAILABLE,NOT_AVAILABLE,SOURCE_DERIVED,User-supplied Published Standards XLSX,USER_SUPPLIED_OFFICIAL_INVENTORY,File_Published_Standards_List_2026-09-04_132339.xlsx,Published Standards,20872,NOT_AVAILABLE,NOT_AVAILABLE,2026-09-04,2026-09-04,OFFICIAL_SOURCE_INVENTORY,False,DUPLICATE_NORMALIZED_TITLE
MSV1-85960E7237256DCC,XLSX-PUBLISHED-21178,IS 10045:1981,IS 10045:1981,IS,10045,,,1981,,IS 10045,PARSED_CONSERVATIVELY,"Specification For Punch, Lacrymal Bone, Beyer's Pattern","Specification For Punch, Lacrymal Bone, Beyer's Pattern",specification for punch lacrymal bone beyer s pattern,1981-12-31,31 Dec 1981,Product Specification,Indigenous,PUBLISHED_IN_SOURCE_INVENTORY,UNKNOWN_CURRENT_STATUS,NOT_AVAILABLE,NOT_AVAILABLE,NOT_AVAILABLE,NOT_AVAILABLE,NOT_AVAILABLE,SOURCE_DERIVED,User-supplied Published Standards XLSX,USER_SUPPLIED_OFFICIAL_INVENTORY,File_Published_Standards_List_2026-09-04_132339.xlsx,Published Standards,21178,NOT_AVAILABLE,NOT_AVAILABLE,2026-09-04,2026-09-04,OFFICIAL_SOURCE_INVENTORY,False,DUPLICATE_NORMALIZED_TITLE
MSV1-BCAFD97EC1CA29F1,XLSX-PUBLISHED-21182,IS 5157:1981,IS 5157:1981,IS,5157,,,1981,,IS 5157,PARSED_CONSERVATIVELY,"Specification for forceps, eye, Iris (First Revision)","Specification for forceps, eye, Iris (First Revision)",specification for forceps eye iris first revision,1981-12-31,31 Dec 1981,Product Specification,Indigenous,PUBLISHED_IN_SOURCE_INVENTORY,UNKNOWN_CURRENT_STATUS,NOT_AVAILABLE,NOT_AVAILABLE,NOT_AVAILABLE,NOT_AVAILABLE,NOT_AVAILABLE,SOURCE_DERIVED,User-supplied Published Standards XLSX,USER_SUPPLIED_OFFICIAL_INVENTORY,File_Published_Standards_List_2026-09-04_132339.xlsx,Published Standards,21182,NOT_AVAILABLE,NOT_AVAILABLE,2026-09-04,2026-09-04,OFFICIAL_SOURCE_INVENTORY,False,DUPLICATE_NORMALIZED_TITLE
MSV1-7A557937D19135D6,XLSX-PUBLISHED-21212,IS 9983:1981,IS 9983:1981,IS,9983,,,1981,,IS 9983,PARSED_CONSERVATIVELY,"Specification for wire vectis and lens expressor, eye","Specification for wire vectis and lens expressor, eye",specification for wire vectis and lens expressor eye,1981-11-30,30 Nov 1981,Product Specification,Indigenous,PUBLISHED_IN_SOURCE_INVENTORY,UNKNOWN_CURRENT_STATUS,NOT_AVAILABLE,NOT_AVAILABLE,NOT_AVAILABLE,NOT_AVAILABLE,NOT_AVAILABLE,SOURCE_DERIVED,User-supplied Published Standards XLSX,USER_SUPPLIED_OFFICIAL_INVENTORY,File_Published_Standards_List_2026-09-04_132339.xlsx,Published Standards,21212,NOT_AVAILABLE,NOT_AVAILABLE,2026-09-04,2026-09-04,OFFICIAL_SOURCE_INVENTORY,False,DUPLICATE_NORMALIZED_TITLE
MSV1-4E7E5641154B372A,XLSX-PUBLISHED-21887,IS 851:1978,IS 851:1978,IS,851,,,1978,,IS 851,PARSED_CONSERVATIVELY,Specification for synthetic resin adhesives for construction work (Non - Structural) in wood (First Revision),Specification for synthetic resin adhesives for construction work (Non - Structural) in wood (First Revision),specification for synthetic resin adhesives for construction work non structural in wood first revision,1978-09-30,30 Sep 1978,Product Specification,Not Equivalent,PUBLISHED_IN_SOURCE_INVENTORY,UNKNOWN_CURRENT_STATUS,NOT_AVAILABLE,NOT_AVAILABLE,NOT_AVAILABLE,NOT_AVAILABLE,NOT_AVAILABLE,SOURCE_DERIVED,User-supplied Published Standards XLSX,USER_SUPPLIED_OFFICIAL_INVENTORY,File_Published_Standards_List_2026-09-04_132339.xlsx,Published Standards,21887,NOT_AVAILABLE,NOT_AVAILABLE,2026-09-04,2026-09-04,OFFICIAL_SOURCE_INVENTORY,False,DUPLICATE_NORMALIZED_TITLE
MSV1-F33AB6397E6F3D9C,XLSX-PUBLISHED-21929,IS 939:1977,IS 939:1977,IS,939,,,1977,,IS 939,PARSED_CONSERVATIVELY,Specification for Snatch Block for Use with Fibre Rope for Fire Brigade Use (First Revision),Specification for Snatch Block for Use with Fibre Rope for Fire Brigade Use (First Revision),specification for snatch block for use with fibre rope for fire brigade use first revision,1978-07-31,31 Jul 1978,Product Specification,-,PUBLISHED_IN_SOURCE_INVENTORY,UNKNOWN_CURRENT_STATUS,NOT_AVAILABLE,NOT_AVAILABLE,NOT_AVAILABLE,NOT_AVAILABLE,NOT_AVAILABLE,SOURCE_DERIVED,User-supplied Published Standards XLSX,USER_SUPPLIED_OFFICIAL_INVENTORY,File_Published_Standards_List_2026-09-04_132339.xlsx,Published Standards,21929,NOT_AVAILABLE,NOT_AVAILABLE,2026-09-04,2026-09-04,OFFICIAL_SOURCE_INVENTORY,False,DUPLICATE_NORMALIZED_TITLE
MSV1-848BCA5EBCF3C740,XLSX-PUBLISHED-22257,IS 8181:1976,IS 8181:1976,IS,8181,,,1976,,IS 8181,PARSED_CONSERVATIVELY,"Specification for repositor, Iris","Specification for repositor, Iris",specification for repositor iris,1976-09-30,30 Sep 1976,Product Specification,Indigenous,PUBLISHED_IN_SOURCE_INVENTORY,UNKNOWN_CURRENT_STATUS,NOT_AVAILABLE,NOT_AVAILABLE,NOT_AVAILABLE,NOT_AVAILABLE,NOT_AVAILABLE,SOURCE_DERIVED,User-supplied Published Standards XLSX,USER_SUPPLIED_OFFICIAL_INVENTORY,File_Published_Standards_List_2026-09-04_132339.xlsx,Published Standards,22257,NOT_AVAILABLE,NOT_AVAILABLE,2026-09-04,2026-09-04,OFFICIAL_SOURCE_INVENTORY,False,DUPLICATE_NORMALIZED_TITLE
MSV1-086BB6BAF89C2164,XLSX-PUBLISHED-22290,IS 8106:1976,IS 8106:1976,IS,8106,,,1976,,IS 8106,PARSED_CONSERVATIVELY,"Specification For Needle Holder, Eye, Kalt's Pattern","Specification For Needle Holder, Eye, Kalt's Pattern",specification for needle holder eye kalt s pattern,1976-06-30,30 Jun 1976,Product Specification,Indigenous,PUBLISHED_IN_SOURCE_INVENTORY,UNKNOWN_CURRENT_STATUS,NOT_AVAILABLE,NOT_AVAILABLE,NOT_AVAILABLE,NOT_AVAILABLE,NOT_AVAILABLE,SOURCE_DERIVED,User-supplied Published Standards XLSX,USER_SUPPLIED_OFFICIAL_INVENTORY,File_Published_Standards_List_2026-09-04_132339.xlsx,Published Standards,22290,NOT_AVAILABLE,NOT_AVAILABLE,2026-09-04,2026-09-04,OFFICIAL_SOURCE_INVENTORY,False,DUPLICATE_NORMALIZED_TITLE
MSV1-A6C5A3D8A7CE75FD,XLSX-PUBLISHED-22291,IS 8109:1976,IS 8109:1976,IS,8109,,,1976,,IS 8109,PARSED_CONSERVATIVELY,"Specification For Needle Holder, Eye, Castroviejo's Pattern","Specification For Needle Holder, Eye, Castroviejo's Pattern",specification for needle holder eye castroviejo s pattern,1976-06-30,30 Jun 1976,Product Specification,Indigenous,PUBLISHED_IN_SOURCE_INVENTORY,UNKNOWN_CURRENT_STATUS,NOT_AVAILABLE,NOT_AVAILABLE,NOT_AVAILABLE,NOT_AVAILABLE,NOT_AVAILABLE,SOURCE_DERIVED,User-supplied Published Standards XLSX,USER_SUPPLIED_OFFICIAL_INVENTORY,File_Published_Standards_List_2026-09-04_132339.xlsx,Published Standards,22291,NOT_AVAILABLE,NOT_AVAILABLE,2026-09-04,2026-09-04,OFFICIAL_SOURCE_INVENTORY,False,DUPLICATE_NORMALIZED_TITLE
MSV1-8F79497D0E9B5928,XLSX-PUBLISHED-22451,IS 7786:1975,IS 7786:1975,IS,7786,,,1975,,IS 7786,PARSED_CONSERVATIVELY,"Specification For Retractor, Eyelid, Desmarre's Pattern","Specification For Retractor, Eyelid, Desmarre's Pattern",specification for retractor eyelid desmarre s pattern,1975-09-30,30 Sep 1975,Product Specification,Indigenous,PUBLISHED_IN_SOURCE_INVENTORY,UNKNOWN_CURRENT_STATUS,NOT_AVAILABLE,NOT_AVAILABLE,NOT_AVAILABLE,NOT_AVAILABLE,NOT_AVAILABLE,SOURCE_DERIVED,User-supplied Published Standards XLSX,USER_SUPPLIED_OFFICIAL_INVENTORY,File_Published_Standards_List_2026-09-04_132339.xlsx,Published Standards,22451,NOT_AVAILABLE,NOT_AVAILABLE,2026-09-04,2026-09-04,OFFICIAL_SOURCE_INVENTORY,False,DUPLICATE_NORMALIZED_TITLE
MSV1-44EAFD2FACCE4715,XLSX-PUBLISHED-22466,IS 7758:1975,IS 7758:1975,IS,7758,,,1975,,IS 7758,PARSED_CONSERVATIVELY,"Specification For Curette, Eye, Evacuation, Moorfield's Pattern","Specification For Curette, Eye, Evacuation, Moorfield's Pattern",specification for curette eye evacuation moorfield s pattern,1975-08-31,31 Aug 1975,Product Specification,Indigenous,PUBLISHED_IN_SOURCE_INVENTORY,UNKNOWN_CURRENT_STATUS,NOT_AVAILABLE,NOT_AVAILABLE,NOT_AVAILABLE,NOT_AVAILABLE,NOT_AVAILABLE,SOURCE_DERIVED,User-supplied Published Standards XLSX,USER_SUPPLIED_OFFICIAL_INVENTORY,File_Published_Standards_List_2026-09-04_132339.xlsx,Published Standards,22466,NOT_AVAILABLE,NOT_AVAILABLE,2026-09-04,2026-09-04,OFFICIAL_SOURCE_INVENTORY,False,DUPLICATE_NORMALIZED_TITLE
MSV1-E17AC73B653F53A2,XLSX-PUBLISHED-22468,IS 7767:1975,IS 7767:1975,IS,7767,,,1975,,IS 7767,PARSED_CONSERVATIVELY,"Specification For Spatula, Eye, Cyclodialysis, Sinclair's Pattern","Specification For Spatula, Eye, Cyclodialysis, Sinclair's Pattern",specification for spatula eye cyclodialysis sinclair s pattern,1975-08-31,31 Aug 1975,Product Specification,Indigenous,PUBLISHED_IN_SOURCE_INVENTORY,UNKNOWN_CURRENT_STATUS,NOT_AVAILABLE,NOT_AVAILABLE,NOT_AVAILABLE,NOT_AVAILABLE,NOT_AVAILABLE,SOURCE_DERIVED,User-supplied Published Standards XLSX,USER_SUPPLIED_OFFICIAL_INVENTORY,File_Published_Standards_List_2026-09-04_132339.xlsx,Published Standards,22468,NOT_AVAILABLE,NOT_AVAILABLE,2026-09-04,2026-09-04,OFFICIAL_SOURCE_INVENTORY,False,DUPLICATE_NORMALIZED_TITLE
MSV1-C6CDD491F1C873FF,XLSX-PUBLISHED-22587,IS 1528 (Part 14):1974,IS 1528 (Part 14):1974,IS,1528,14,,1974,,IS 1528,PARSED_CONSERVATIVELY,Methods of sampling and physical tests for refractory materials: Part 14 determination of sieve analysis (First Revision),Methods of sampling and physical tests for refractory materials: Part 14 determination of sieve analysis (First Revision),methods of sampling and physical tests for refractory materials part 14 determination of sieve analysis first revision,1974-12-31,31 Dec 1974,Methods of Tests,Not Equivalent,PUBLISHED_IN_SOURCE_INVENTORY,UNKNOWN_CURRENT_STATUS,NOT_AVAILABLE,NOT_AVAILABLE,NOT_AVAILABLE,NOT_AVAILABLE,NOT_AVAILABLE,SOURCE_DERIVED,User-supplied Published Standards XLSX,USER_SUPPLIED_OFFICIAL_INVENTORY,File_Published_Standards_List_2026-09-04_132339.xlsx,Published Standards,22587,NOT_AVAILABLE,NOT_AVAILABLE,2026-09-04,2026-09-04,OFFICIAL_SOURCE_INVENTORY,False,DUPLICATE_NORMALIZED_TITLE
MSV1-EA937B05AD00F626,XLSX-PUBLISHED-22684,IS 7136:1973,IS 7136:1973,IS,7136,,,1973,,IS 7136,PARSED_CONSERVATIVELY,Specification for Megaphones,Specification for Megaphones,specification for megaphones,1974-03-31,31 Mar 1974,Product Specification,Indigenous,PUBLISHED_IN_SOURCE_INVENTORY,UNKNOWN_CURRENT_STATUS,NOT_AVAILABLE,NOT_AVAILABLE,NOT_AVAILABLE,NOT_AVAILABLE,NOT_AVAILABLE,SOURCE_DERIVED,User-supplied Published Standards XLSX,USER_SUPPLIED_OFFICIAL_INVENTORY,File_Published_Standards_List_2026-09-04_132339.xlsx,Published Standards,22684,NOT_AVAILABLE,NOT_AVAILABLE,2026-09-04,2026-09-04,OFFICIAL_SOURCE_INVENTORY,False,DUPLICATE_NORMALIZED_TITLE
MSV1-72FD03B85AD17AE4,XLSX-PUBLISHED-22791,SP 1650:1973,SP 1650:1973,SP,1650,,,1973,,SP 1650,PARSED_CONSERVATIVELY,Standard colours for building and decorative finishes,Standard colours for building and decorative finishes,standard colours for building and decorative finishes,1973-07-31,31 Jul 1973,Others,Indigenous,PUBLISHED_IN_SOURCE_INVENTORY,UNKNOWN_CURRENT_STATUS,NOT_AVAILABLE,NOT_AVAILABLE,NOT_AVAILABLE,NOT_AVAILABLE,NOT_AVAILABLE,SOURCE_DERIVED,User-supplied Published Standards XLSX,USER_SUPPLIED_OFFICIAL_INVENTORY,File_Published_Standards_List_2026-09-04_132339.xlsx,Published Standards,22791,NOT_AVAILABLE,NOT_AVAILABLE,2026-09-04,2026-09-04,OFFICIAL_SOURCE_INVENTORY,False,DUPLICATE_NORMALIZED_TITLE
MSV1-2FAE3EC6106DF8A3,XLSX-PUBLISHED-23207,IS 5722:1970,IS 5722:1970,IS,5722,,,1970,,IS 5722,PARSED_CONSERVATIVELY,"Specification For Hook, Eye, Iris (Tyrrell's Pattern)","Specification For Hook, Eye, Iris (Tyrrell's Pattern)",specification for hook eye iris tyrrell s pattern,1970-07-31,31 Jul 1970,Product Specification,Indigenous,PUBLISHED_IN_SOURCE_INVENTORY,UNKNOWN_CURRENT_STATUS,NOT_AVAILABLE,NOT_AVAILABLE,NOT_AVAILABLE,NOT_AVAILABLE,NOT_AVAILABLE,SOURCE_DERIVED,User-supplied Published Standards XLSX,USER_SUPPLIED_OFFICIAL_INVENTORY,File_Published_Standards_List_2026-09-04_132339.xlsx,Published Standards,23207,NOT_AVAILABLE,NOT_AVAILABLE,2026-09-04,2026-09-04,OFFICIAL_SOURCE_INVENTORY,False,DUPLICATE_NORMALIZED_TITLE
MSV1-A9E58D8E28548965,XLSX-PUBLISHED-23288,IS 5367:1969,IS 5367:1969,IS,5367,,,1969,,IS 5367,PARSED_CONSERVATIVELY,"Specification For Forceps, Eye, Strabismus, For Advancement (Prince's And Worth's Patterns)","Specification For Forceps, Eye, Strabismus, For Advancement (Prince's And Worth's Patterns)",specification for forceps eye strabismus for advancement prince s and worth s patterns,1969-08-31,31 Aug 1969,Product Specification,Indigenous,PUBLISHED_IN_SOURCE_INVENTORY,UNKNOWN_CURRENT_STATUS,NOT_AVAILABLE,NOT_AVAILABLE,NOT_AVAILABLE,NOT_AVAILABLE,NOT_AVAILABLE,SOURCE_DERIVED,User-supplied Published Standards XLSX,USER_SUPPLIED_OFFICIAL_INVENTORY,File_Published_Standards_List_2026-09-04_132339.xlsx,Published Standards,23288,NOT_AVAILABLE,NOT_AVAILABLE,2026-09-04,2026-09-04,OFFICIAL_SOURCE_INVENTORY,False,DUPLICATE_NORMALIZED_TITLE
MSV1-BB79F9FFC3985E11,XLSX-PUBLISHED-23503,IS 4090:1967,IS 4090:1967,IS,4090,,,1967,,IS 4090,PARSED_CONSERVATIVELY,Criteria for the design of reinforced concrete arches,Criteria for the design of reinforced concrete arches,criteria for the design of reinforced concrete arches,1967-07-31,31 Jul 1967,Code of Practice,Indigenous,PUBLISHED_IN_SOURCE_INVENTORY,UNKNOWN_CURRENT_STATUS,NOT_AVAILABLE,NOT_AVAILABLE,NOT_AVAILABLE,NOT_AVAILABLE,NOT_AVAILABLE,SOURCE_DERIVED,User-supplied Published Standards XLSX,USER_SUPPLIED_OFFICIAL_INVENTORY,File_Published_Standards_List_2026-09-04_132339.xlsx,Published Standards,23503,NOT_AVAILABLE,NOT_AVAILABLE,2026-09-04,2026-09-04,OFFICIAL_SOURCE_INVENTORY,False,DUPLICATE_NORMALIZED_TITLE
MSV1-5ADDC1E1572A9C78,XLSX-PUBLISHED-23810,IS 2265:2009,IS 2265:2009,IS,2265,,,2009,,IS 2265,PARSED_CONSERVATIVELY,Specification for galvanized steel wire strand for signaling purposes (First Revision),Specification for galvanized steel wire strand for signaling purposes (First Revision),specification for galvanized steel wire strand for signaling purposes first revision,,,Product Specification,Indigenous,PUBLISHED_IN_SOURCE_INVENTORY,UNKNOWN_CURRENT_STATUS,NOT_AVAILABLE,NOT_AVAILABLE,NOT_AVAILABLE,NOT_AVAILABLE,NOT_AVAILABLE,SOURCE_DERIVED,User-supplied Published Standards XLSX,USER_SUPPLIED_OFFICIAL_INVENTORY,File_Published_Standards_List_2026-09-04_132339.xlsx,Published Standards,23810,NOT_AVAILABLE,NOT_AVAILABLE,2026-09-04,2026-09-04,OFFICIAL_SOURCE_INVENTORY,False,DUPLICATE_NORMALIZED_TITLE
MSV1-5780B23400E0FB50,XLSX-PUBLISHED-23893,IS 7762:1975,IS 7762:1975,IS,7762,,,1975,,IS 7762,PARSED_CONSERVATIVELY,"Specification for hook, eyelid","Specification for hook, eyelid",specification for hook eyelid,,,Product Specification,Indigenous,PUBLISHED_IN_SOURCE_INVENTORY,UNKNOWN_CURRENT_STATUS,NOT_AVAILABLE,NOT_AVAILABLE,NOT_AVAILABLE,NOT_AVAILABLE,NOT_AVAILABLE,SOURCE_DERIVED,User-supplied Published Standards XLSX,USER_SUPPLIED_OFFICIAL_INVENTORY,File_Published_Standards_List_2026-09-04_132339.xlsx,Published Standards,23893,NOT_AVAILABLE,NOT_AVAILABLE,2026-09-04,2026-09-04,OFFICIAL_SOURCE_INVENTORY,False,DUPLICATE_NORMALIZED_TITLE
MSV1-AEE12AF451403D63,XLSX-PUBLISHED-24035,IS 11872 (Part 2):1987,IS 11872 (Part 2):1987,IS,11872,2,,1987,,IS 11872,PARSED_CONSERVATIVELY,Specification for rollers for drawing and spinning frames in jute mill,Specification for rollers for drawing and spinning frames in jute mill,specification for rollers for drawing and spinning frames in jute mill,,,Product Specification,Indigenous,PUBLISHED_IN_SOURCE_INVENTORY,UNKNOWN_CURRENT_STATUS,NOT_AVAILABLE,NOT_AVAILABLE,NOT_AVAILABLE,NOT_AVAILABLE,NOT_AVAILABLE,SOURCE_DERIVED,User-supplied Published Standards XLSX,USER_SUPPLIED_OFFICIAL_INVENTORY,File_Published_Standards_List_2026-09-04_132339.xlsx,Published Standards,24035,NOT_AVAILABLE,NOT_AVAILABLE,2026-09-04,2026-09-04,OFFICIAL_SOURCE_INVENTORY,False,DUPLICATE_NORMALIZED_TITLE
MSV1-7B412A3FE5333A1B,XLSX-PUBLISHED-24047,IS 3961:2016,IS 3961:2016,IS,3961,,,2016,,IS 3961,PARSED_CONSERVATIVELY,Recommended Current Ratings for Cables Part 6 Crosslinked Polyethylene Insulated PVC Sheathed Cables,Recommended Current Ratings for Cables Part 6 Crosslinked Polyethylene Insulated PVC Sheathed Cables,recommended current ratings for cables part 6 crosslinked polyethylene insulated pvc sheathed cables,,,Code of Practice,Indigenous,PUBLISHED_IN_SOURCE_INVENTORY,UNKNOWN_CURRENT_STATUS,NOT_AVAILABLE,NOT_AVAILABLE,NOT_AVAILABLE,NOT_AVAILABLE,NOT_AVAILABLE,SOURCE_DERIVED,User-supplied Published Standards XLSX,USER_SUPPLIED_OFFICIAL_INVENTORY,File_Published_Standards_List_2026-09-04_132339.xlsx,Published Standards,24047,NOT_AVAILABLE,NOT_AVAILABLE,2026-09-04,2026-09-04,OFFICIAL_SOURCE_INVENTORY,False,DUPLICATE_NORMALIZED_TITLE
MSV1-3725B5948BBFFE51,XLSX-PUBLISHED-24071,IS 1488 (Part 157):2018,IS 1488 (Part 157):2018,IS,1488,157,,2018,,IS 1488,PARSED_CONSERVATIVELY,Methods of test for petroleum and its products [ p : 157 ] rust protections by metal preservatives in the humidity cabinet,Methods of test for petroleum and its products [ p : 157 ] rust protections by metal preservatives in the humidity cabinet,methods of test for petroleum and its products p 157 rust protections by metal preservatives in the humidity cabinet,,,Methods of Tests,Indigenous,PUBLISHED_IN_SOURCE_INVENTORY,UNKNOWN_CURRENT_STATUS,NOT_AVAILABLE,NOT_AVAILABLE,NOT_AVAILABLE,NOT_AVAILABLE,NOT_AVAILABLE,SOURCE_DERIVED,User-supplied Published Standards XLSX,USER_SUPPLIED_OFFICIAL_INVENTORY,File_Published_Standards_List_2026-09-04_132339.xlsx,Published Standards,24071,NOT_AVAILABLE,NOT_AVAILABLE,2026-09-04,2026-09-04,OFFICIAL_SOURCE_INVENTORY,False,DUPLICATE_NORMALIZED_TITLE
MSV1-C9669903A12414DC,XLSX-PUBLISHED-24095,IS/IEC/TS 62566:2014,IS/IEC/TS 62566:2014,IS/IEC/TS,62566,,,2014,,IS/IEC/TS 62566,PARSED_CONSERVATIVELY,Ultrasonics — Field Characterization — Specification and Measurement of Field Parameters for High Intensity Therapeutic Ultrasound ( HITU ) Transducers and Systems,Ultrasonics — Field Characterization — Specification and Measurement of Field Parameters for High Intensity Therapeutic Ultrasound ( HITU ) Transducers and Systems,ultrasonics field characterization specification and measurement of field parameters for high intensity therapeutic ultrasound hitu transducers and systems,,,-,-,PUBLISHED_IN_SOURCE_INVENTORY,UNKNOWN_CURRENT_STATUS,NOT_AVAILABLE,NOT_AVAILABLE,NOT_AVAILABLE,NOT_AVAILABLE,NOT_AVAILABLE,SOURCE_DERIVED,User-supplied Published Standards XLSX,USER_SUPPLIED_OFFICIAL_INVENTORY,File_Published_Standards_List_2026-09-04_132339.xlsx,Published Standards,24095,NOT_AVAILABLE,NOT_AVAILABLE,2026-09-04,2026-09-04,OFFICIAL_SOURCE_INVENTORY,False,DUPLICATE_NORMALIZED_TITLE
MSV1-C0DD9B6AB9480525,XLSX-PUBLISHED-24097,IS 6882 (Part 2):2018,IS 6882 (Part 2):2018,IS,6882,2,,2018,,IS 6882,PARSED_CONSERVATIVELY,Dentistry - Base Polymers Part 2 Orthodontic Base Polymers ( First Revision ),Dentistry - Base Polymers Part 2 Orthodontic Base Polymers ( First Revision ),dentistry base polymers part 2 orthodontic base polymers first revision,,,-,-,PUBLISHED_IN_SOURCE_INVENTORY,UNKNOWN_CURRENT_STATUS,NOT_AVAILABLE,NOT_AVAILABLE,NOT_AVAILABLE,NOT_AVAILABLE,NOT_AVAILABLE,SOURCE_DERIVED,User-supplied Published Standards XLSX,USER_SUPPLIED_OFFICIAL_INVENTORY,File_Published_Standards_List_2026-09-04_132339.xlsx,Published Standards,24097,NOT_AVAILABLE,NOT_AVAILABLE,2026-09-04,2026-09-04,OFFICIAL_SOURCE_INVENTORY,False,DUPLICATE_NORMALIZED_TITLE
MSV1-D156C867ACCB1AFC,XLSX-PUBLISHED-24114,IS/IEC 61196 (Part 0/Sec 1):2017,IS/IEC 61196 (Part 0/Sec 1):2017,IS/IEC,61196,0/Sec 1,1,2017,,IS/IEC 61196,PARSED_CONSERVATIVELY,Radio Frequency Cables Part 0 Guidelines to the Design of Detail Specifications Section 1 Coaxial cables,Radio Frequency Cables Part 0 Guidelines to the Design of Detail Specifications Section 1 Coaxial cables,radio frequency cables part 0 guidelines to the design of detail specifications section 1 coaxial cables,,,Code of Practice,Identical under single numbering,PUBLISHED_IN_SOURCE_INVENTORY,UNKNOWN_CURRENT_STATUS,NOT_AVAILABLE,NOT_AVAILABLE,NOT_AVAILABLE,NOT_AVAILABLE,NOT_AVAILABLE,SOURCE_DERIVED,User-supplied Published Standards XLSX,USER_SUPPLIED_OFFICIAL_INVENTORY,File_Published_Standards_List_2026-09-04_132339.xlsx,Published Standards,24114,NOT_AVAILABLE,NOT_AVAILABLE,2026-09-04,2026-09-04,OFFICIAL_SOURCE_INVENTORY,False,DUPLICATE_NORMALIZED_TITLE
MSV1-C652D5EC77992C46,XLSX-PUBLISHED-24132,IS 18735 (Part 1):2023,IS 18735 (Part 1):2023,IS,18735,1,,2023,,IS 18735,PARSED_CONSERVATIVELY,Medical Suction Equipment Part 1 Electrically Powered Suction Equipment,Medical Suction Equipment Part 1 Electrically Powered Suction Equipment,medical suction equipment part 1 electrically powered suction equipment,,,-,-,PUBLISHED_IN_SOURCE_INVENTORY,UNKNOWN_CURRENT_STATUS,NOT_AVAILABLE,NOT_AVAILABLE,NOT_AVAILABLE,NOT_AVAILABLE,NOT_AVAILABLE,SOURCE_DERIVED,User-supplied Published Standards XLSX,USER_SUPPLIED_OFFICIAL_INVENTORY,File_Published_Standards_List_2026-09-04_132339.xlsx,Published Standards,24132,NOT_AVAILABLE,NOT_AVAILABLE,2026-09-04,2026-09-04,OFFICIAL_SOURCE_INVENTORY,False,DUPLICATE_NORMALIZED_TITLE
