committee_id,committee_name,source,validation_status
COMMITTEE-1C679147A8E8A4DD,UNVALIDATED_PART_CLUSTER::IS 1608 (Part 5):2026,DERIVED_FROM_IDENTIFIER_PART,INFERRED_NOT_OFFICIAL
COMMITTEE-FBAB2885636C5E89,UNVALIDATED_PART_CLUSTER::IS 19882 (Part 1):2026,DERIVED_FROM_IDENTIFIER_PART,INFERRED_NOT_OFFICIAL
COMMITTEE-C9AB760F487C3323,UNVALIDATED_PART_CLUSTER::IS 19882 (Part 2):2026,DERIVED_FROM_IDENTIFIER_PART,INFERRED_NOT_OFFICIAL
COMMITTEE-ACB8DA49C3C0F97E,UNVALIDATED_PART_CLUSTER::IS 19882 (Part 3):2026,DERIVED_FROM_IDENTIFIER_PART,INFERRED_NOT_OFFICIAL
COMMITTEE-91CC7CF6B8A52CCB,UNVALIDATED_PART_CLUSTER::IS 16810 (Part 1):2026,DERIVED_FROM_IDENTIFIER_PART,INFERRED_NOT_OFFICIAL
COMMITTEE-630906B7E7177D1E,UNVALIDATED_PART_CLUSTER::IS 13450 (Part 2/Sec 6):2026,DERIVED_FROM_IDENTIFIER_PART,INFERRED_NOT_OFFICIAL
COMMITTEE-56BB7575F5DB1321,UNVALIDATED_PART_CLUSTER::IS 15732 (Part 1):2026,DERIVED_FROM_IDENTIFIER_PART,INFERRED_NOT_OFFICIAL
COMMITTEE-626D37EFBD18A464,UNVALIDATED_PART_CLUSTER::IS 15732 (Part 4):2026,DERIVED_FROM_IDENTIFIER_PART,INFERRED_NOT_OFFICIAL
COMMITTEE-50EDAD8A279C1044,UNVALIDATED_PART_CLUSTER::IS 13450 (Part 2/Sec 75):2026,DERIVED_FROM_IDENTIFIER_PART,INFERRED_NOT_OFFICIAL
COMMITTEE-6F417D462B4F56B1,UNVALIDATED_PART_CLUSTER::IS 13450 (Part 2/Sec 83):2026,DERIVED_FROM_IDENTIFIER_PART,INFERRED_NOT_OFFICIAL
COMMITTEE-79871C8021AD06E9,UNVALIDATED_PART_CLUSTER::IS 302 (Part 2/Sec 16):2026,DERIVED_FROM_IDENTIFIER_PART,INFERRED_NOT_OFFICIAL
COMMITTEE-7D96951310748F92,UNVALIDATED_PART_CLUSTER::IS 302 (Part 2/Sec 36):2026,DERIVED_FROM_IDENTIFIER_PART,INFERRED_NOT_OFFICIAL
COMMITTEE-DE7C26967FBEE0B9,UNVALIDATED_PART_CLUSTER::IS 302 (Part 2/Sec 49):2026,DERIVED_FROM_IDENTIFIER_PART,INFERRED_NOT_OFFICIAL
COMMITTEE-C2BC596DB7489C02,UNVALIDATED_PART_CLUSTER::IS 302 (Part 2/Sec 54):2026,DERIVED_FROM_IDENTIFIER_PART,INFERRED_NOT_OFFICIAL
COMMITTEE-5F6C8A8456146A84,UNVALIDATED_PART_CLUSTER::IS/ISO/IEC/IEEE 8802 (Part 1):2021,DERIVED_FROM_IDENTIFIER_PART,INFERRED_NOT_OFFICIAL
COMMITTEE-E592AA8697CDC861,UNVALIDATED_PART_CLUSTER::IS/ISO/IEC 11179 (Part 6):2023,DERIVED_FROM_IDENTIFIER_PART,INFERRED_NOT_OFFICIAL
COMMITTEE-94A37BD6CE7715D3,UNVALIDATED_PART_CLUSTER::IS 302 (Part 2/Sec 26):2026,DERIVED_FROM_IDENTIFIER_PART,INFERRED_NOT_OFFICIAL
COMMITTEE-772C183002EFDDC0,UNVALIDATED_PART_CLUSTER::IS 15284 (Part 1):2026,DERIVED_FROM_IDENTIFIER_PART,INFERRED_NOT_OFFICIAL
COMMITTEE-FCD0BFFEBBA003A8,UNVALIDATED_PART_CLUSTER::IS 15284 (Part 2):2026,DERIVED_FROM_IDENTIFIER_PART,INFERRED_NOT_OFFICIAL
COMMITTEE-936660E3826E86F6,UNVALIDATED_PART_CLUSTER::IS 8122 (Part 2):2026,DERIVED_FROM_IDENTIFIER_PART,INFERRED_NOT_OFFICIAL
COMMITTEE-3BEB1796D1115565,UNVALIDATED_PART_CLUSTER::IS 8122 (Part 1):2026,DERIVED_FROM_IDENTIFIER_PART,INFERRED_NOT_OFFICIAL
COMMITTEE-1E399C6A5D3C7BC5,UNVALIDATED_PART_CLUSTER::IS 1989 (Part 1):2026,DERIVED_FROM_IDENTIFIER_PART,INFERRED_NOT_OFFICIAL
COMMITTEE-9347259BA120AB5E,UNVALIDATED_PART_CLUSTER::IS 1989 (Part 2):2026,DERIVED_FROM_IDENTIFIER_PART,INFERRED_NOT_OFFICIAL
COMMITTEE-BF3EEC2E3B71B3A7,UNVALIDATED_PART_CLUSTER::IS 2553 (Part 3):2026,DERIVED_FROM_IDENTIFIER_PART,INFERRED_NOT_OFFICIAL
COMMITTEE-075963C8EF4F5BA8,UNVALIDATED_PART_CLUSTER::IS 19655 (Part 6):2026,DERIVED_FROM_IDENTIFIER_PART,INFERRED_NOT_OFFICIAL
COMMITTEE-923EF4C91BD4D6E2,UNVALIDATED_PART_CLUSTER::IS/ISO 7425 (Part 2):2021,DERIVED_FROM_IDENTIFIER_PART,INFERRED_NOT_OFFICIAL
COMMITTEE-ECECCAEE3A11832D,UNVALIDATED_PART_CLUSTER::IS 17874 (Part 2):2026,DERIVED_FROM_IDENTIFIER_PART,INFERRED_NOT_OFFICIAL
COMMITTEE-168CEE3E23AEA052,UNVALIDATED_PART_CLUSTER::IS 17874 (Part 3):2026,DERIVED_FROM_IDENTIFIER_PART,INFERRED_NOT_OFFICIAL
COMMITTEE-203F14B17DEE2E9F,UNVALIDATED_PART_CLUSTER::IS 17113 (Part 7):2026,DERIVED_FROM_IDENTIFIER_PART,INFERRED_NOT_OFFICIAL
COMMITTEE-4DE8D93E88CD95EC,UNVALIDATED_PART_CLUSTER::IS 302 (Part 2/Sec 17):2026,DERIVED_FROM_IDENTIFIER_PART,INFERRED_NOT_OFFICIAL
COMMITTEE-3B1C40D6034AD012,UNVALIDATED_PART_CLUSTER::IS 302 (Part 2/Sec 10):2026,DERIVED_FROM_IDENTIFIER_PART,INFERRED_NOT_OFFICIAL
COMMITTEE-7BBFDBDA15951B7A,UNVALIDATED_PART_CLUSTER::IS 302 (Part 2/Sec 28):2026,DERIVED_FROM_IDENTIFIER_PART,INFERRED_NOT_OFFICIAL
COMMITTEE-7F710D6361B08A48,UNVALIDATED_PART_CLUSTER::IS 302 (Part 2/Sec 37):2026,DERIVED_FROM_IDENTIFIER_PART,INFERRED_NOT_OFFICIAL
COMMITTEE-DAA954BB9AF60964,UNVALIDATED_PART_CLUSTER::IS 302 (Part 2/Sec 48):2026,DERIVED_FROM_IDENTIFIER_PART,INFERRED_NOT_OFFICIAL
COMMITTEE-A81E1157FB415C4D,UNVALIDATED_PART_CLUSTER::IS 302 (Part 2/Sec 98):2026,DERIVED_FROM_IDENTIFIER_PART,INFERRED_NOT_OFFICIAL
COMMITTEE-33E4EAFBCAA4F02B,UNVALIDATED_PART_CLUSTER::IS 17017 (Part 23):2026,DERIVED_FROM_IDENTIFIER_PART,INFERRED_NOT_OFFICIAL
COMMITTEE-47CF50CB151B19B2,UNVALIDATED_PART_CLUSTER::IS 10680 (Part 1):2026,DERIVED_FROM_IDENTIFIER_PART,INFERRED_NOT_OFFICIAL
COMMITTEE-F9057C91DDC6A963,UNVALIDATED_PART_CLUSTER::IS 14943 (Part 1):2026,DERIVED_FROM_IDENTIFIER_PART,INFERRED_NOT_OFFICIAL
COMMITTEE-DC24CAD34C8CE5ED,UNVALIDATED_PART_CLUSTER::IS 19863 (Part 1):2026,DERIVED_FROM_IDENTIFIER_PART,INFERRED_NOT_OFFICIAL
COMMITTEE-8B9DDC4CAB10F4DF,UNVALIDATED_PART_CLUSTER::IS 19863 (Part 2):2026,DERIVED_FROM_IDENTIFIER_PART,INFERRED_NOT_OFFICIAL
COMMITTEE-EF3FCCFEEC5FAD64,UNVALIDATED_PART_CLUSTER::IS 19863 (Part 3):2026,DERIVED_FROM_IDENTIFIER_PART,INFERRED_NOT_OFFICIAL
COMMITTEE-805EC1D31AFD149F,UNVALIDATED_PART_CLUSTER::IS/ISO 8573 (Part 5):2026,DERIVED_FROM_IDENTIFIER_PART,INFERRED_NOT_OFFICIAL
COMMITTEE-862EABA9E727E953,UNVALIDATED_PART_CLUSTER::IS 17274 (Part 11):2026,DERIVED_FROM_IDENTIFIER_PART,INFERRED_NOT_OFFICIAL
COMMITTEE-DA3E6AFEB35DD41F,UNVALIDATED_PART_CLUSTER::IS 8751 (Part 2):2026,DERIVED_FROM_IDENTIFIER_PART,INFERRED_NOT_OFFICIAL
COMMITTEE-644BB82B9F57A1CA,UNVALIDATED_PART_CLUSTER::IS/ISO/IEC 19896 (Part 1):2025,DERIVED_FROM_IDENTIFIER_PART,INFERRED_NOT_OFFICIAL
COMMITTEE-199A3B23EEB59612,UNVALIDATED_PART_CLUSTER::IS/ISO/IEC 19896 (Part 3):2025,DERIVED_FROM_IDENTIFIER_PART,INFERRED_NOT_OFFICIAL
COMMITTEE-ECF9B36B821C96FB,UNVALIDATED_PART_CLUSTER::IS 14990 (Part 5):2026,DERIVED_FROM_IDENTIFIER_PART,INFERRED_NOT_OFFICIAL
COMMITTEE-CAA740A24ED311A5,UNVALIDATED_PART_CLUSTER::IS 19751 (Part 1):2026,DERIVED_FROM_IDENTIFIER_PART,INFERRED_NOT_OFFICIAL
COMMITTEE-A3CE034C039E5C75,UNVALIDATED_PART_CLUSTER::IS 19751 (Part 2):2026,DERIVED_FROM_IDENTIFIER_PART,INFERRED_NOT_OFFICIAL
COMMITTEE-77100B7D436CEF04,UNVALIDATED_PART_CLUSTER::IS 19751 (Part 3):2026,DERIVED_FROM_IDENTIFIER_PART,INFERRED_NOT_OFFICIAL
COMMITTEE-C51905603DE643AD,UNVALIDATED_PART_CLUSTER::IS 19751 (Part 4):2026,DERIVED_FROM_IDENTIFIER_PART,INFERRED_NOT_OFFICIAL
COMMITTEE-CA4FDC155633F311,UNVALIDATED_PART_CLUSTER::IS 19751 (Part 5):2026,DERIVED_FROM_IDENTIFIER_PART,INFERRED_NOT_OFFICIAL
COMMITTEE-6FF6F748611B902C,UNVALIDATED_PART_CLUSTER::IS 19751 (Part 6):2026,DERIVED_FROM_IDENTIFIER_PART,INFERRED_NOT_OFFICIAL
COMMITTEE-7ABDD8EDBD94DD67,UNVALIDATED_PART_CLUSTER::IS 19751 (Part 7):2026,DERIVED_FROM_IDENTIFIER_PART,INFERRED_NOT_OFFICIAL
COMMITTEE-71D5C9CB3BC0156F,UNVALIDATED_PART_CLUSTER::IS 19751 (Part 8):2026,DERIVED_FROM_IDENTIFIER_PART,INFERRED_NOT_OFFICIAL
COMMITTEE-885D5173E6E33A7E,UNVALIDATED_PART_CLUSTER::IS 5508 (Part 18):2026,DERIVED_FROM_IDENTIFIER_PART,INFERRED_NOT_OFFICIAL
COMMITTEE-770D285939D20CCD,UNVALIDATED_PART_CLUSTER::IS 3608 (Part 2):2026,DERIVED_FROM_IDENTIFIER_PART,INFERRED_NOT_OFFICIAL
COMMITTEE-DB3C1BFCC15A23CB,UNVALIDATED_PART_CLUSTER::IS 10226 (Part 2):2026,DERIVED_FROM_IDENTIFIER_PART,INFERRED_NOT_OFFICIAL
COMMITTEE-4D48B275933C1C5A,UNVALIDATED_PART_CLUSTER::IS 10226 (Part 1):2026,DERIVED_FROM_IDENTIFIER_PART,INFERRED_NOT_OFFICIAL
COMMITTEE-6E0AE8EA1220F783,UNVALIDATED_PART_CLUSTER::IS 302 (Part 2/Sec 99):2026,DERIVED_FROM_IDENTIFIER_PART,INFERRED_NOT_OFFICIAL
COMMITTEE-FF5B03ECEFE43629,UNVALIDATED_PART_CLUSTER::IS 8783 (Part 2):2026,DERIVED_FROM_IDENTIFIER_PART,INFERRED_NOT_OFFICIAL
COMMITTEE-550D079F1A93DFC6,UNVALIDATED_PART_CLUSTER::IS 8783 (Part 3):2026,DERIVED_FROM_IDENTIFIER_PART,INFERRED_NOT_OFFICIAL
COMMITTEE-48C399EB05F33EEB,UNVALIDATED_PART_CLUSTER::IS 8783 (Part 4/Sec 1):2026,DERIVED_FROM_IDENTIFIER_PART,INFERRED_NOT_OFFICIAL
COMMITTEE-BCEE1CCE770B1B54,UNVALIDATED_PART_CLUSTER::IS 8783 (Part 4/Sec 2):2026,DERIVED_FROM_IDENTIFIER_PART,INFERRED_NOT_OFFICIAL
COMMITTEE-B1D68E345BAA64B5,UNVALIDATED_PART_CLUSTER::IS 8783 (Part 4/Sec 3):2026,DERIVED_FROM_IDENTIFIER_PART,INFERRED_NOT_OFFICIAL
COMMITTEE-FD6B9D703600EB4E,UNVALIDATED_PART_CLUSTER::IS 101 (Part 5/Sec 1):2026,DERIVED_FROM_IDENTIFIER_PART,INFERRED_NOT_OFFICIAL
COMMITTEE-B5CEF11F17DFC042,UNVALIDATED_PART_CLUSTER::IS/ISO 7507 (Part 2):2022,DERIVED_FROM_IDENTIFIER_PART,INFERRED_NOT_OFFICIAL
COMMITTEE-0179E82422E2BF50,UNVALIDATED_PART_CLUSTER::IS 432 (Part 1):2026,DERIVED_FROM_IDENTIFIER_PART,INFERRED_NOT_OFFICIAL
COMMITTEE-A1D4760A0533938C,UNVALIDATED_PART_CLUSTER::IS 4289 (Part 1):2026,DERIVED_FROM_IDENTIFIER_PART,INFERRED_NOT_OFFICIAL
COMMITTEE-1331FE3143598FBB,UNVALIDATED_PART_CLUSTER::IS 16893 (Part 1):2026,DERIVED_FROM_IDENTIFIER_PART,INFERRED_NOT_OFFICIAL
COMMITTEE-398987868603E82B,UNVALIDATED_PART_CLUSTER::IS 16893 (Part 2):2026,DERIVED_FROM_IDENTIFIER_PART,INFERRED_NOT_OFFICIAL
COMMITTEE-FC6CE316AD22EF77,UNVALIDATED_PART_CLUSTER::IS 16893 (Part 3):2026,DERIVED_FROM_IDENTIFIER_PART,INFERRED_NOT_OFFICIAL
COMMITTEE-F09C58BD89E424FC,UNVALIDATED_PART_CLUSTER::IS 19766 (Part 2):2026,DERIVED_FROM_IDENTIFIER_PART,INFERRED_NOT_OFFICIAL
COMMITTEE-41D8D85F2AF952A3,UNVALIDATED_PART_CLUSTER::IS 101 (Part 1/Sec 3):2026,DERIVED_FROM_IDENTIFIER_PART,INFERRED_NOT_OFFICIAL
COMMITTEE-26DF4D42EFD24BC7,UNVALIDATED_PART_CLUSTER::IS 101 (Part 4/Sec 1):2026,DERIVED_FROM_IDENTIFIER_PART,INFERRED_NOT_OFFICIAL
COMMITTEE-DA92D1718C3009F2,UNVALIDATED_PART_CLUSTER::IS 19047 (Part 6):2026,DERIVED_FROM_IDENTIFIER_PART,INFERRED_NOT_OFFICIAL
COMMITTEE-8452FE75AAAD9E04,UNVALIDATED_PART_CLUSTER::IS 101 (Part 5/Sec 4):2026,DERIVED_FROM_IDENTIFIER_PART,INFERRED_NOT_OFFICIAL
COMMITTEE-1164B45D762D9BAB,UNVALIDATED_PART_CLUSTER::IS 101 (Part 3/Sec 1):2026,DERIVED_FROM_IDENTIFIER_PART,INFERRED_NOT_OFFICIAL
COMMITTEE-5239C52C76D772C5,UNVALIDATED_PART_CLUSTER::IS 4296 (Part 1):2026,DERIVED_FROM_IDENTIFIER_PART,INFERRED_NOT_OFFICIAL
COMMITTEE-1AF721372FBF52FB,UNVALIDATED_PART_CLUSTER::IS 9401 (Part 1):2026,DERIVED_FROM_IDENTIFIER_PART,INFERRED_NOT_OFFICIAL
COMMITTEE-482760B67F1DF60D,UNVALIDATED_PART_CLUSTER::IS 9401 (Part 9):2026,DERIVED_FROM_IDENTIFIER_PART,INFERRED_NOT_OFFICIAL
COMMITTEE-80DB7B458B1D99B7,UNVALIDATED_PART_CLUSTER::IS 9401 (Part 10):2026,DERIVED_FROM_IDENTIFIER_PART,INFERRED_NOT_OFFICIAL
COMMITTEE-C338A0C456D29631,UNVALIDATED_PART_CLUSTER::IS 9401 (Part 12):2026,DERIVED_FROM_IDENTIFIER_PART,INFERRED_NOT_OFFICIAL
COMMITTEE-A7F45075875DA11F,UNVALIDATED_PART_CLUSTER::IS 5878 (Part 1):2026,DERIVED_FROM_IDENTIFIER_PART,INFERRED_NOT_OFFICIAL
COMMITTEE-94082F89BC8A7378,UNVALIDATED_PART_CLUSTER::IS 10434 (Part 2):2026,DERIVED_FROM_IDENTIFIER_PART,INFERRED_NOT_OFFICIAL
COMMITTEE-02B2BC6E47AF0857,UNVALIDATED_PART_CLUSTER::IS 11639 (Part 3):2026,DERIVED_FROM_IDENTIFIER_PART,INFERRED_NOT_OFFICIAL
COMMITTEE-ABEAF5A059C3E25D,UNVALIDATED_PART_CLUSTER::IS 17900 (Part 3/Sec 2):2025,DERIVED_FROM_IDENTIFIER_PART,INFERRED_NOT_OFFICIAL
COMMITTEE-D3E191374CF57EC5,UNVALIDATED_PART_CLUSTER::IS/IEC 60068 (Part 2/Sec 11):2021,DERIVED_FROM_IDENTIFIER_PART,INFERRED_NOT_OFFICIAL
COMMITTEE-BAB688DE3A2E2C8E,UNVALIDATED_PART_CLUSTER::IS/IEC 62563 (Part 1):2026,DERIVED_FROM_IDENTIFIER_PART,INFERRED_NOT_OFFICIAL
COMMITTEE-5CB2CD8E22399CD6,UNVALIDATED_PART_CLUSTER::IS 8543 (Part 1/Sec 1):2026,DERIVED_FROM_IDENTIFIER_PART,INFERRED_NOT_OFFICIAL
COMMITTEE-0D12845E0185CFB8,UNVALIDATED_PART_CLUSTER::IS 101 (Part 1/Sec 7):2026,DERIVED_FROM_IDENTIFIER_PART,INFERRED_NOT_OFFICIAL
COMMITTEE-DE85FBB5556DAF69,UNVALIDATED_PART_CLUSTER::IS 1448 (Part 97):2026,DERIVED_FROM_IDENTIFIER_PART,INFERRED_NOT_OFFICIAL
COMMITTEE-1664D2E52F24BE92,UNVALIDATED_PART_CLUSTER::IS 1448 (Part 186):2026,DERIVED_FROM_IDENTIFIER_PART,INFERRED_NOT_OFFICIAL
COMMITTEE-F8CDF39B372E2FDB,UNVALIDATED_PART_CLUSTER::IS 1448 (Part 187):2026,DERIVED_FROM_IDENTIFIER_PART,INFERRED_NOT_OFFICIAL
COMMITTEE-7E43A6A3E5BF9294,UNVALIDATED_PART_CLUSTER::IS 1448 (Part 208):2019,DERIVED_FROM_IDENTIFIER_PART,INFERRED_NOT_OFFICIAL
COMMITTEE-FE0179334A9D2C9A,UNVALIDATED_PART_CLUSTER::IS 1448 (Part 210):2019,DERIVED_FROM_IDENTIFIER_PART,INFERRED_NOT_OFFICIAL
COMMITTEE-389A64D32F51C20C,UNVALIDATED_PART_CLUSTER::IS 1448 (Part 211):2019,DERIVED_FROM_IDENTIFIER_PART,INFERRED_NOT_OFFICIAL
COMMITTEE-F8750A2EB7837D0A,UNVALIDATED_PART_CLUSTER::IS 1448 (Part 212):2019,DERIVED_FROM_IDENTIFIER_PART,INFERRED_NOT_OFFICIAL
COMMITTEE-F028B5EC11429695,UNVALIDATED_PART_CLUSTER::IS 13360 (Part 5/Sec 5/Sub-Sec 1):2025,DERIVED_FROM_IDENTIFIER_PART,INFERRED_NOT_OFFICIAL
COMMITTEE-FB4342450295580E,UNVALIDATED_PART_CLUSTER::IS 13360 (Part 3/Sec 2):2025,DERIVED_FROM_IDENTIFIER_PART,INFERRED_NOT_OFFICIAL
COMMITTEE-127F2BC6524E4515,UNVALIDATED_PART_CLUSTER::IS 13360 (Part 3/Sec 9):2026,DERIVED_FROM_IDENTIFIER_PART,INFERRED_NOT_OFFICIAL
COMMITTEE-C8DC71CABADFC526,UNVALIDATED_PART_CLUSTER::IS 15641 (Part 3):2026,DERIVED_FROM_IDENTIFIER_PART,INFERRED_NOT_OFFICIAL
COMMITTEE-6D56EEA9775AA645,UNVALIDATED_PART_CLUSTER::IS 17118 (Part 15):2026,DERIVED_FROM_IDENTIFIER_PART,INFERRED_NOT_OFFICIAL
COMMITTEE-E0001C7FE777699F,UNVALIDATED_PART_CLUSTER::IEC 61000 (Part 5/Sec 2):2026,DERIVED_FROM_IDENTIFIER_PART,INFERRED_NOT_OFFICIAL
COMMITTEE-F90D3377EB1B4909,UNVALIDATED_PART_CLUSTER::IS 19638 (Part 4):2026,DERIVED_FROM_IDENTIFIER_PART,INFERRED_NOT_OFFICIAL
COMMITTEE-1CBEF90A3CF15302,UNVALIDATED_PART_CLUSTER::IS 19638 (Part 5):2026,DERIVED_FROM_IDENTIFIER_PART,INFERRED_NOT_OFFICIAL
COMMITTEE-CAD9C9E2C650AE0D,UNVALIDATED_PART_CLUSTER::IS 19512 (Part 2):2025,DERIVED_FROM_IDENTIFIER_PART,INFERRED_NOT_OFFICIAL
COMMITTEE-411F36DDFF57241F,UNVALIDATED_PART_CLUSTER::IS 18972 (Part 101):2026,DERIVED_FROM_IDENTIFIER_PART,INFERRED_NOT_OFFICIAL
COMMITTEE-5FA120A7F5D6DD0A,UNVALIDATED_PART_CLUSTER::IS 18972 (Part 200):2026,DERIVED_FROM_IDENTIFIER_PART,INFERRED_NOT_OFFICIAL
COMMITTEE-6D71DF43D86B5879,UNVALIDATED_PART_CLUSTER::IS 18972 (Part 201):2026,DERIVED_FROM_IDENTIFIER_PART,INFERRED_NOT_OFFICIAL
COMMITTEE-133ACE52323D002B,UNVALIDATED_PART_CLUSTER::IS 18972 (Part 202):2026,DERIVED_FROM_IDENTIFIER_PART,INFERRED_NOT_OFFICIAL
COMMITTEE-AA982AA624443AA6,UNVALIDATED_PART_CLUSTER::IS/IEC 60669 (Part 2/Sec 2):2024,DERIVED_FROM_IDENTIFIER_PART,INFERRED_NOT_OFFICIAL
COMMITTEE-D728C85C719C97A0,UNVALIDATED_PART_CLUSTER::IS 7080 (Part 1):2026,DERIVED_FROM_IDENTIFIER_PART,INFERRED_NOT_OFFICIAL
COMMITTEE-CA10CA6E96E93C8B,UNVALIDATED_PART_CLUSTER::IS 16463 (Part 10):2026,DERIVED_FROM_IDENTIFIER_PART,INFERRED_NOT_OFFICIAL
COMMITTEE-EB9C7CD59026C984,UNVALIDATED_PART_CLUSTER::IS 16463 (Part 31):2026,DERIVED_FROM_IDENTIFIER_PART,INFERRED_NOT_OFFICIAL
COMMITTEE-E7F111C92451D6B6,UNVALIDATED_PART_CLUSTER::IS 13970 (Part 4):2026,DERIVED_FROM_IDENTIFIER_PART,INFERRED_NOT_OFFICIAL
COMMITTEE-EB6D6E72D25E5D7F,UNVALIDATED_PART_CLUSTER::IS/ISO/IEC 5259 (Part 5):2025,DERIVED_FROM_IDENTIFIER_PART,INFERRED_NOT_OFFICIAL
COMMITTEE-C7151DBA07E0D12F,UNVALIDATED_PART_CLUSTER::IS 13970 (Part 2):2026,DERIVED_FROM_IDENTIFIER_PART,INFERRED_NOT_OFFICIAL
COMMITTEE-23C151970A7EFC5A,UNVALIDATED_PART_CLUSTER::IS 19490 (Part 1):2026,DERIVED_FROM_IDENTIFIER_PART,INFERRED_NOT_OFFICIAL
COMMITTEE-082DD7490EAFA56F,UNVALIDATED_PART_CLUSTER::IS 7906 (Part 5):2026,DERIVED_FROM_IDENTIFIER_PART,INFERRED_NOT_OFFICIAL
COMMITTEE-61DA364B2DB36D5E,UNVALIDATED_PART_CLUSTER::IS 2742 (Part 6):2026,DERIVED_FROM_IDENTIFIER_PART,INFERRED_NOT_OFFICIAL
COMMITTEE-419ADA2EE5CF6771,UNVALIDATED_PART_CLUSTER::IS 813 (Part 1):2026,DERIVED_FROM_IDENTIFIER_PART,INFERRED_NOT_OFFICIAL
COMMITTEE-974572AAA3D95A70,UNVALIDATED_PART_CLUSTER::IS 19766 (Part 1):2026,DERIVED_FROM_IDENTIFIER_PART,INFERRED_NOT_OFFICIAL
COMMITTEE-795C3BE28910F41F,UNVALIDATED_PART_CLUSTER::IS 8593 (Part 1):2026,DERIVED_FROM_IDENTIFIER_PART,INFERRED_NOT_OFFICIAL
COMMITTEE-24CDE4033FDC1C75,UNVALIDATED_PART_CLUSTER::IS 10386 (Part 11):2026,DERIVED_FROM_IDENTIFIER_PART,INFERRED_NOT_OFFICIAL
COMMITTEE-148191EFB2D3C807,UNVALIDATED_PART_CLUSTER::IS 1200 (Part 12):2026,DERIVED_FROM_IDENTIFIER_PART,INFERRED_NOT_OFFICIAL
COMMITTEE-A4FE89BAD10DDC2F,UNVALIDATED_PART_CLUSTER::IS 228 (Part 25):2025,DERIVED_FROM_IDENTIFIER_PART,INFERRED_NOT_OFFICIAL
COMMITTEE-937A04AEFCEC1D7B,UNVALIDATED_PART_CLUSTER::IS 13162 (Part 4):2026,DERIVED_FROM_IDENTIFIER_PART,INFERRED_NOT_OFFICIAL
COMMITTEE-719D404B8A8E164F,UNVALIDATED_PART_CLUSTER::IS 19764 (Part 2):2026,DERIVED_FROM_IDENTIFIER_PART,INFERRED_NOT_OFFICIAL
COMMITTEE-45D2FDD4AD826B05,UNVALIDATED_PART_CLUSTER::IS 18538 (Part 2):2026,DERIVED_FROM_IDENTIFIER_PART,INFERRED_NOT_OFFICIAL
COMMITTEE-6D9CD8E0267E6957,UNVALIDATED_PART_CLUSTER::IS 17260 (Part 2):2026,DERIVED_FROM_IDENTIFIER_PART,INFERRED_NOT_OFFICIAL
COMMITTEE-9ED3A521BC1A115C,UNVALIDATED_PART_CLUSTER::IS 2974 (Part 1):2026,DERIVED_FROM_IDENTIFIER_PART,INFERRED_NOT_OFFICIAL
COMMITTEE-333D154665986125,UNVALIDATED_PART_CLUSTER::IS 2974 (Part 2):2026,DERIVED_FROM_IDENTIFIER_PART,INFERRED_NOT_OFFICIAL
COMMITTEE-5708A5231929377C,UNVALIDATED_PART_CLUSTER::IS 2974 (Part 3):2026,DERIVED_FROM_IDENTIFIER_PART,INFERRED_NOT_OFFICIAL
COMMITTEE-D50612912A3ACDCB,UNVALIDATED_PART_CLUSTER::IS 2974 (Part 4):2026,DERIVED_FROM_IDENTIFIER_PART,INFERRED_NOT_OFFICIAL
COMMITTEE-567178E9C46D96F9,UNVALIDATED_PART_CLUSTER::IS 5182 (Part 9):2026,DERIVED_FROM_IDENTIFIER_PART,INFERRED_NOT_OFFICIAL
COMMITTEE-E3D352A2342906FF,UNVALIDATED_PART_CLUSTER::IS 5182 (Part 6/Sec 1):2026,DERIVED_FROM_IDENTIFIER_PART,INFERRED_NOT_OFFICIAL
COMMITTEE-46AA455A3EE3E8CB,UNVALIDATED_PART_CLUSTER::IS 17118 (Part 6):2026,DERIVED_FROM_IDENTIFIER_PART,INFERRED_NOT_OFFICIAL
COMMITTEE-58E01CEEB2668571,UNVALIDATED_PART_CLUSTER::IS 17118 (Part 7):2026,DERIVED_FROM_IDENTIFIER_PART,INFERRED_NOT_OFFICIAL
COMMITTEE-3926F0E672404F26,UNVALIDATED_PART_CLUSTER::IS 17118 (Part 10):2026,DERIVED_FROM_IDENTIFIER_PART,INFERRED_NOT_OFFICIAL
COMMITTEE-F0C4BB9AD09669BE,UNVALIDATED_PART_CLUSTER::IS 12244 (Part 1):2026,DERIVED_FROM_IDENTIFIER_PART,INFERRED_NOT_OFFICIAL
COMMITTEE-CC21AAEB9E0B3900,UNVALIDATED_PART_CLUSTER::IS 5868 (Part 3):2026,DERIVED_FROM_IDENTIFIER_PART,INFERRED_NOT_OFFICIAL
COMMITTEE-8DB3045ECEC67293,UNVALIDATED_PART_CLUSTER::IS 8751 (Part 1):2026,DERIVED_FROM_IDENTIFIER_PART,INFERRED_NOT_OFFICIAL
COMMITTEE-E325AE55870043F0,UNVALIDATED_PART_CLUSTER::IS 17118 (Part 5):2026,DERIVED_FROM_IDENTIFIER_PART,INFERRED_NOT_OFFICIAL
COMMITTEE-E42C63885E482131,UNVALIDATED_PART_CLUSTER::IS 17118 (Part 11):2026,DERIVED_FROM_IDENTIFIER_PART,INFERRED_NOT_OFFICIAL
COMMITTEE-3429E4BE09DB93D8,UNVALIDATED_PART_CLUSTER::IS 7080 (Part 2):2026,DERIVED_FROM_IDENTIFIER_PART,INFERRED_NOT_OFFICIAL
COMMITTEE-9F7C8B20BBCD69CA,UNVALIDATED_PART_CLUSTER::IS 11646 (Part 2):2026,DERIVED_FROM_IDENTIFIER_PART,INFERRED_NOT_OFFICIAL
COMMITTEE-58B23C0C258BEA08,UNVALIDATED_PART_CLUSTER::IS 19477 (Part 2):2026,DERIVED_FROM_IDENTIFIER_PART,INFERRED_NOT_OFFICIAL
COMMITTEE-1380A4A98D94D824,UNVALIDATED_PART_CLUSTER::IS 18875 (Part 10421):2026,DERIVED_FROM_IDENTIFIER_PART,INFERRED_NOT_OFFICIAL
COMMITTEE-63886E9B2172C312,UNVALIDATED_PART_CLUSTER::IS 18667 (Part 5):2025,DERIVED_FROM_IDENTIFIER_PART,INFERRED_NOT_OFFICIAL
COMMITTEE-2DAC14946FB8F57E,UNVALIDATED_PART_CLUSTER::IS 18875 (Part 10206):2026,DERIVED_FROM_IDENTIFIER_PART,INFERRED_NOT_OFFICIAL
COMMITTEE-CC9719AC3143FB4A,UNVALIDATED_PART_CLUSTER::IS 18875 (Part 10700):2026,DERIVED_FROM_IDENTIFIER_PART,INFERRED_NOT_OFFICIAL
COMMITTEE-42973D4AB94ECD63,UNVALIDATED_PART_CLUSTER::IS 18875 (Part 10701):2026,DERIVED_FROM_IDENTIFIER_PART,INFERRED_NOT_OFFICIAL
COMMITTEE-7C54CA5D704D598D,UNVALIDATED_PART_CLUSTER::IS 19638 (Part 1):2026,DERIVED_FROM_IDENTIFIER_PART,INFERRED_NOT_OFFICIAL
COMMITTEE-B26270F261F5C809,UNVALIDATED_PART_CLUSTER::IS 19638 (Part 2):2026,DERIVED_FROM_IDENTIFIER_PART,INFERRED_NOT_OFFICIAL
COMMITTEE-F9814C1F356360E8,UNVALIDATED_PART_CLUSTER::IS 4410 (Part 19):2026,DERIVED_FROM_IDENTIFIER_PART,INFERRED_NOT_OFFICIAL
COMMITTEE-A1C00EE71E918563,UNVALIDATED_PART_CLUSTER::IS 813 (Part 2):2026,DERIVED_FROM_IDENTIFIER_PART,INFERRED_NOT_OFFICIAL
COMMITTEE-EA397736587EB3E0,UNVALIDATED_PART_CLUSTER::IS 19752 (Part 1):2026,DERIVED_FROM_IDENTIFIER_PART,INFERRED_NOT_OFFICIAL
COMMITTEE-6CB91738A109B41A,UNVALIDATED_PART_CLUSTER::IS 19752 (Part 2):2026,DERIVED_FROM_IDENTIFIER_PART,INFERRED_NOT_OFFICIAL
COMMITTEE-C51A07FE462C4D33,UNVALIDATED_PART_CLUSTER::IS/IEC 60947 (Part 4/Sec 1):2023,DERIVED_FROM_IDENTIFIER_PART,INFERRED_NOT_OFFICIAL
COMMITTEE-6361333CCFE8EB13,UNVALIDATED_PART_CLUSTER::IS 7391 (Part 1):2026,DERIVED_FROM_IDENTIFIER_PART,INFERRED_NOT_OFFICIAL
COMMITTEE-F40D24C03B97123B,UNVALIDATED_PART_CLUSTER::IS 7391 (Part 2):2026,DERIVED_FROM_IDENTIFIER_PART,INFERRED_NOT_OFFICIAL
COMMITTEE-E2986D02742AB913,UNVALIDATED_PART_CLUSTER::IS 16463 (Part 22):2026,DERIVED_FROM_IDENTIFIER_PART,INFERRED_NOT_OFFICIAL
COMMITTEE-2CC16A588B78D359,UNVALIDATED_PART_CLUSTER::IS/IEC 61936 (Part 2):2023,DERIVED_FROM_IDENTIFIER_PART,INFERRED_NOT_OFFICIAL
COMMITTEE-5726D3275374262E,UNVALIDATED_PART_CLUSTER::IS 875 (Part 1):2026,DERIVED_FROM_IDENTIFIER_PART,INFERRED_NOT_OFFICIAL
COMMITTEE-834CDCDA90202654,UNVALIDATED_PART_CLUSTER::IS 1528 (Part 14):2026,DERIVED_FROM_IDENTIFIER_PART,INFERRED_NOT_OFFICIAL
COMMITTEE-50A9528828534DD5,UNVALIDATED_PART_CLUSTER::IS 4569 (Part 2):2026,DERIVED_FROM_IDENTIFIER_PART,INFERRED_NOT_OFFICIAL
COMMITTEE-DB1539D68378E775,UNVALIDATED_PART_CLUSTER::IS 4569 (Part 3):2026,DERIVED_FROM_IDENTIFIER_PART,INFERRED_NOT_OFFICIAL
COMMITTEE-C4B75F1C3ACC71A9,UNVALIDATED_PART_CLUSTER::IS 5182 (Part 25):2026,DERIVED_FROM_IDENTIFIER_PART,INFERRED_NOT_OFFICIAL
COMMITTEE-99E69C61E74E9EFA,UNVALIDATED_PART_CLUSTER::IS 18066 (Part 4):2026,DERIVED_FROM_IDENTIFIER_PART,INFERRED_NOT_OFFICIAL
COMMITTEE-DC791E9C084BA885,UNVALIDATED_PART_CLUSTER::IS 18066 (Part 6):2026,DERIVED_FROM_IDENTIFIER_PART,INFERRED_NOT_OFFICIAL
COMMITTEE-C458AF6FEA109FEB,UNVALIDATED_PART_CLUSTER::IS 17614 (Part 27):2026,DERIVED_FROM_IDENTIFIER_PART,INFERRED_NOT_OFFICIAL
COMMITTEE-97F708A71FC94978,UNVALIDATED_PART_CLUSTER::IS 4569 (Part 1):2026,DERIVED_FROM_IDENTIFIER_PART,INFERRED_NOT_OFFICIAL
COMMITTEE-8290CF9D68FC711A,UNVALIDATED_PART_CLUSTER::IS/IEC 61400 (Part 5):2020,DERIVED_FROM_IDENTIFIER_PART,INFERRED_NOT_OFFICIAL
COMMITTEE-C3D780A675331B5C,UNVALIDATED_PART_CLUSTER::IS/IEC 61400 (Part 6):2020,DERIVED_FROM_IDENTIFIER_PART,INFERRED_NOT_OFFICIAL
COMMITTEE-F32E8846E6946542,UNVALIDATED_PART_CLUSTER::IS/IEC 61400 (Part 3/Sec 1):2019,DERIVED_FROM_IDENTIFIER_PART,INFERRED_NOT_OFFICIAL
COMMITTEE-BF35DF86E5072AE6,UNVALIDATED_PART_CLUSTER::IS 14481 (Part 1):2026,DERIVED_FROM_IDENTIFIER_PART,INFERRED_NOT_OFFICIAL
COMMITTEE-EAA1ACA1F620D2AB,UNVALIDATED_PART_CLUSTER::IS 15994 (Part 2):2026,DERIVED_FROM_IDENTIFIER_PART,INFERRED_NOT_OFFICIAL
COMMITTEE-A6A962517D5B25DE,UNVALIDATED_PART_CLUSTER::IS 12244 (Part 2):2026,DERIVED_FROM_IDENTIFIER_PART,INFERRED_NOT_OFFICIAL
COMMITTEE-7C619104B64E06CF,UNVALIDATED_PART_CLUSTER::IS/IEC 61812 (Part 1):2023,DERIVED_FROM_IDENTIFIER_PART,INFERRED_NOT_OFFICIAL
COMMITTEE-BEDECB42AF5F3967,UNVALIDATED_PART_CLUSTER::IS/IEC 60079 (Part 17):2023,DERIVED_FROM_IDENTIFIER_PART,INFERRED_NOT_OFFICIAL
COMMITTEE-1D9D9382A11E8E31,UNVALIDATED_PART_CLUSTER::IS 14836 (Part 1):2026,DERIVED_FROM_IDENTIFIER_PART,INFERRED_NOT_OFFICIAL
COMMITTEE-C551E5BC1E5DA9AE,UNVALIDATED_PART_CLUSTER::IS 14836 (Part 2):2026,DERIVED_FROM_IDENTIFIER_PART,INFERRED_NOT_OFFICIAL
COMMITTEE-1E7DB4F22987ACEA,UNVALIDATED_PART_CLUSTER::IS 14836 (Part 3):2026,DERIVED_FROM_IDENTIFIER_PART,INFERRED_NOT_OFFICIAL
COMMITTEE-D5F8F0823A651FFB,UNVALIDATED_PART_CLUSTER::IS 16276 (Part 2):2026,DERIVED_FROM_IDENTIFIER_PART,INFERRED_NOT_OFFICIAL
COMMITTEE-35D3C8EFFBF5D6DC,UNVALIDATED_PART_CLUSTER::IS 6454 (Part 2):2026,DERIVED_FROM_IDENTIFIER_PART,INFERRED_NOT_OFFICIAL
COMMITTEE-FD54AB000B4C8C58,UNVALIDATED_PART_CLUSTER::IS 5352 (Part 2):2026,DERIVED_FROM_IDENTIFIER_PART,INFERRED_NOT_OFFICIAL
COMMITTEE-4E3DF08CAAF94BF2,UNVALIDATED_PART_CLUSTER::IS/ISO 8000 (Part 115):2024,DERIVED_FROM_IDENTIFIER_PART,INFERRED_NOT_OFFICIAL
COMMITTEE-A273D148DC2A6B19,UNVALIDATED_PART_CLUSTER::IS 4003 (Part 1):2026,DERIVED_FROM_IDENTIFIER_PART,INFERRED_NOT_OFFICIAL
COMMITTEE-FA02DB43EA1D1149,UNVALIDATED_PART_CLUSTER::IS 17260 (Part 1):2026,DERIVED_FROM_IDENTIFIER_PART,INFERRED_NOT_OFFICIAL
COMMITTEE-161D880C6E1DE768,UNVALIDATED_PART_CLUSTER::IS 19701 (Part 1):2026,DERIVED_FROM_IDENTIFIER_PART,INFERRED_NOT_OFFICIAL
COMMITTEE-F8649DC7F188FFBB,UNVALIDATED_PART_CLUSTER::IS 17192 (Part 3):2026,DERIVED_FROM_IDENTIFIER_PART,INFERRED_NOT_OFFICIAL
COMMITTEE-7BBB6A749F495087,UNVALIDATED_PART_CLUSTER::IS/ISO 20140 (Part 5):2024,DERIVED_FROM_IDENTIFIER_PART,INFERRED_NOT_OFFICIAL
COMMITTEE-5FBD9C00D333EC9C,UNVALIDATED_PART_CLUSTER::IS 12193 (Part 2):2026,DERIVED_FROM_IDENTIFIER_PART,INFERRED_NOT_OFFICIAL
COMMITTEE-F8054B75E0A5049B,UNVALIDATED_PART_CLUSTER::IS 4456 (Part 1):2026,DERIVED_FROM_IDENTIFIER_PART,INFERRED_NOT_OFFICIAL
COMMITTEE-A6B5D6C6F5C10A82,UNVALIDATED_PART_CLUSTER::IS 4456 (Part 2):2026,DERIVED_FROM_IDENTIFIER_PART,INFERRED_NOT_OFFICIAL
COMMITTEE-0DFA8D55E2053DD4,UNVALIDATED_PART_CLUSTER::IS 1200 (Part 1):2026,DERIVED_FROM_IDENTIFIER_PART,INFERRED_NOT_OFFICIAL
COMMITTEE-266CBC11F0C1B717,UNVALIDATED_PART_CLUSTER::IS 1200 (Part 9):2026,DERIVED_FROM_IDENTIFIER_PART,INFERRED_NOT_OFFICIAL
COMMITTEE-1853C2E06FDB7BA0,UNVALIDATED_PART_CLUSTER::IS 1200 (Part 3):2026,DERIVED_FROM_IDENTIFIER_PART,INFERRED_NOT_OFFICIAL
COMMITTEE-FC418BBF7B1BE812,UNVALIDATED_PART_CLUSTER::IS 1200 (Part 4):2026,DERIVED_FROM_IDENTIFIER_PART,INFERRED_NOT_OFFICIAL
COMMITTEE-E3D653175FDC97E1,UNVALIDATED_PART_CLUSTER::IS/IEC 61439 (Part 3):2024,DERIVED_FROM_IDENTIFIER_PART,INFERRED_NOT_OFFICIAL
COMMITTEE-A47E47352EE37DE5,UNVALIDATED_PART_CLUSTER::IS/IEC 61439 (Part 4):2024,DERIVED_FROM_IDENTIFIER_PART,INFERRED_NOT_OFFICIAL
COMMITTEE-52A5604584BF4FFF,UNVALIDATED_PART_CLUSTER::IS 15596 (Part 7):2026,DERIVED_FROM_IDENTIFIER_PART,INFERRED_NOT_OFFICIAL
COMMITTEE-6A6C5568924BC634,UNVALIDATED_PART_CLUSTER::IS 16602 (Part 3):2026,DERIVED_FROM_IDENTIFIER_PART,INFERRED_NOT_OFFICIAL
COMMITTEE-768611B07B645C88,UNVALIDATED_PART_CLUSTER::IS 1448 (Part 149):2026,DERIVED_FROM_IDENTIFIER_PART,INFERRED_NOT_OFFICIAL
COMMITTEE-BF71DF201B638C82,UNVALIDATED_PART_CLUSTER::IS 19556 (Part 2):2026,DERIVED_FROM_IDENTIFIER_PART,INFERRED_NOT_OFFICIAL
COMMITTEE-52ACC95871F4B925,UNVALIDATED_PART_CLUSTER::IS 19655 (Part 1):2026,DERIVED_FROM_IDENTIFIER_PART,INFERRED_NOT_OFFICIAL
COMMITTEE-AD791CEF41F6BE3B,UNVALIDATED_PART_CLUSTER::IS 19655 (Part 3):2026,DERIVED_FROM_IDENTIFIER_PART,INFERRED_NOT_OFFICIAL
COMMITTEE-2952C327FAD5FC31,UNVALIDATED_PART_CLUSTER::IS 19655 (Part 4):2026,DERIVED_FROM_IDENTIFIER_PART,INFERRED_NOT_OFFICIAL
COMMITTEE-1A9590B5357FC953,UNVALIDATED_PART_CLUSTER::IS 19655 (Part 5):2026,DERIVED_FROM_IDENTIFIER_PART,INFERRED_NOT_OFFICIAL
COMMITTEE-7514E8F02C07B15D,UNVALIDATED_PART_CLUSTER::IS 1448 (Part 213):2026,DERIVED_FROM_IDENTIFIER_PART,INFERRED_NOT_OFFICIAL
COMMITTEE-2BA44DD8F9CB2CDB,UNVALIDATED_PART_CLUSTER::IS 19732 (Part 1):2026,DERIVED_FROM_IDENTIFIER_PART,INFERRED_NOT_OFFICIAL
COMMITTEE-164851631946FACF,UNVALIDATED_PART_CLUSTER::IS 17141 (Part 5):2026,DERIVED_FROM_IDENTIFIER_PART,INFERRED_NOT_OFFICIAL
COMMITTEE-9792D7F71E456D9F,UNVALIDATED_PART_CLUSTER::IS 4003 (Part 2):2026,DERIVED_FROM_IDENTIFIER_PART,INFERRED_NOT_OFFICIAL
COMMITTEE-730B2978A28A4B7A,UNVALIDATED_PART_CLUSTER::IS 1448 (Part 1/Sec 2):2026,DERIVED_FROM_IDENTIFIER_PART,INFERRED_NOT_OFFICIAL
COMMITTEE-C94A42A05134D840,UNVALIDATED_PART_CLUSTER::IS 1448 (Part 207):2019,DERIVED_FROM_IDENTIFIER_PART,INFERRED_NOT_OFFICIAL
COMMITTEE-1560160C12B67B5B,UNVALIDATED_PART_CLUSTER::IS 1448 (Part 209):2019,DERIVED_FROM_IDENTIFIER_PART,INFERRED_NOT_OFFICIAL
COMMITTEE-15095EF235241500,UNVALIDATED_PART_CLUSTER::IS 17614 (Part 26):2026,DERIVED_FROM_IDENTIFIER_PART,INFERRED_NOT_OFFICIAL
COMMITTEE-40F69F13190FD9A0,UNVALIDATED_PART_CLUSTER::IS 16463 (Part 12):2026,DERIVED_FROM_IDENTIFIER_PART,INFERRED_NOT_OFFICIAL
COMMITTEE-2634EAB38ED00E63,UNVALIDATED_PART_CLUSTER::IS/IEC 60947 (Part 5/Sec 1):2024,DERIVED_FROM_IDENTIFIER_PART,INFERRED_NOT_OFFICIAL
COMMITTEE-B461C58E242825E5,UNVALIDATED_PART_CLUSTER::IS/IEC 61439 (Part 5):2023,DERIVED_FROM_IDENTIFIER_PART,INFERRED_NOT_OFFICIAL
COMMITTEE-D15D5F909163BF99,UNVALIDATED_PART_CLUSTER::IS 16602 (Part 2):2026,DERIVED_FROM_IDENTIFIER_PART,INFERRED_NOT_OFFICIAL
COMMITTEE-2F28EF5DAA0B569F,UNVALIDATED_PART_CLUSTER::IS 16602 (Part 1):2026,DERIVED_FROM_IDENTIFIER_PART,INFERRED_NOT_OFFICIAL
COMMITTEE-12A3DF12F00E7078,UNVALIDATED_PART_CLUSTER::IS 19611 (Part 2):2026,DERIVED_FROM_IDENTIFIER_PART,INFERRED_NOT_OFFICIAL
COMMITTEE-54CF62EF9976D6FF,UNVALIDATED_PART_CLUSTER::IS 19282 (Part 5):2026,DERIVED_FROM_IDENTIFIER_PART,INFERRED_NOT_OFFICIAL
COMMITTEE-0DA86CAE4F574A16,UNVALIDATED_PART_CLUSTER::IS 19282 (Part 6):2026,DERIVED_FROM_IDENTIFIER_PART,INFERRED_NOT_OFFICIAL
COMMITTEE-76D59DAA54D37D50,UNVALIDATED_PART_CLUSTER::IS 18292 (Part 8):2026,DERIVED_FROM_IDENTIFIER_PART,INFERRED_NOT_OFFICIAL
COMMITTEE-A49C5854111DEB3C,UNVALIDATED_PART_CLUSTER::IS 19492 (Part 2):2026,DERIVED_FROM_IDENTIFIER_PART,INFERRED_NOT_OFFICIAL
COMMITTEE-A1A4AAEC8C5007BF,UNVALIDATED_PART_CLUSTER::IS 19490 (Part 3):2026,DERIVED_FROM_IDENTIFIER_PART,INFERRED_NOT_OFFICIAL
COMMITTEE-AF0859FCCAF2DBDB,UNVALIDATED_PART_CLUSTER::IS 16137 (Part 1):2026,DERIVED_FROM_IDENTIFIER_PART,INFERRED_NOT_OFFICIAL
COMMITTEE-AA3E99B2789B39AC,UNVALIDATED_PART_CLUSTER::IS 16605 (Part 1):2026,DERIVED_FROM_IDENTIFIER_PART,INFERRED_NOT_OFFICIAL
COMMITTEE-B1D7D99BAD9A0151,UNVALIDATED_PART_CLUSTER::IS/ISO 6621 (Part 5):2020,DERIVED_FROM_IDENTIFIER_PART,INFERRED_NOT_OFFICIAL
COMMITTEE-233C11D96C48188C,UNVALIDATED_PART_CLUSTER::IS 18305 (Part 3):2026,DERIVED_FROM_IDENTIFIER_PART,INFERRED_NOT_OFFICIAL
COMMITTEE-C3D46A38D4CF4C3C,UNVALIDATED_PART_CLUSTER::IS/ISO 8559 (Part 4):2023,DERIVED_FROM_IDENTIFIER_PART,INFERRED_NOT_OFFICIAL
COMMITTEE-BA69D7EB4AA1A74F,UNVALIDATED_PART_CLUSTER::IS/ISO 8559 (Part 5):2023,DERIVED_FROM_IDENTIFIER_PART,INFERRED_NOT_OFFICIAL
COMMITTEE-C638CD15EEB53E57,UNVALIDATED_PART_CLUSTER::IS 228 (Part 26):2026,DERIVED_FROM_IDENTIFIER_PART,INFERRED_NOT_OFFICIAL
COMMITTEE-A91BAA29D5086AB8,UNVALIDATED_PART_CLUSTER::IS 228 (Part 27):2026,DERIVED_FROM_IDENTIFIER_PART,INFERRED_NOT_OFFICIAL
COMMITTEE-2963164DDA2A80CD,UNVALIDATED_PART_CLUSTER::IS 19655 (Part 2):2026,DERIVED_FROM_IDENTIFIER_PART,INFERRED_NOT_OFFICIAL
COMMITTEE-17BD29CF36E9C737,UNVALIDATED_PART_CLUSTER::IS 19517 (Part 3):2026,DERIVED_FROM_IDENTIFIER_PART,INFERRED_NOT_OFFICIAL
COMMITTEE-4C29F3F377607B56,UNVALIDATED_PART_CLUSTER::IS 19527 (Part 2):2026,DERIVED_FROM_IDENTIFIER_PART,INFERRED_NOT_OFFICIAL
COMMITTEE-B3FA3977860C7559,UNVALIDATED_PART_CLUSTER::IS 19611 (Part 5):2026,DERIVED_FROM_IDENTIFIER_PART,INFERRED_NOT_OFFICIAL
COMMITTEE-0524F2B410C85D44,UNVALIDATED_PART_CLUSTER::IS 19329 (Part 6):2026,DERIVED_FROM_IDENTIFIER_PART,INFERRED_NOT_OFFICIAL
COMMITTEE-8C938D751394CDBB,UNVALIDATED_PART_CLUSTER::IS 19282 (Part 3):2026,DERIVED_FROM_IDENTIFIER_PART,INFERRED_NOT_OFFICIAL
COMMITTEE-1D8F2CBD3AAB1E4C,UNVALIDATED_PART_CLUSTER::IS 19282 (Part 7):2026,DERIVED_FROM_IDENTIFIER_PART,INFERRED_NOT_OFFICIAL
COMMITTEE-F253F0AFC6F1FB05,UNVALIDATED_PART_CLUSTER::IS 19724 (Part 2):2026,DERIVED_FROM_IDENTIFIER_PART,INFERRED_NOT_OFFICIAL
COMMITTEE-7565C9F4B2929739,UNVALIDATED_PART_CLUSTER::IS 19724 (Part 1):2026,DERIVED_FROM_IDENTIFIER_PART,INFERRED_NOT_OFFICIAL
COMMITTEE-EF64A9B38727360F,UNVALIDATED_PART_CLUSTER::IS/ISO 14533 (Part 3):2025,DERIVED_FROM_IDENTIFIER_PART,INFERRED_NOT_OFFICIAL
COMMITTEE-17981CA58EF0C458,UNVALIDATED_PART_CLUSTER::IS 18474 (Part 4):2026,DERIVED_FROM_IDENTIFIER_PART,INFERRED_NOT_OFFICIAL
COMMITTEE-8AFE91DCCF8E22D0,UNVALIDATED_PART_CLUSTER::IS 18294 (Part 1):2026,DERIVED_FROM_IDENTIFIER_PART,INFERRED_NOT_OFFICIAL
COMMITTEE-2D1BF1C26E89A27C,UNVALIDATED_PART_CLUSTER::IS 18344 (Part 1):2026,DERIVED_FROM_IDENTIFIER_PART,INFERRED_NOT_OFFICIAL
COMMITTEE-7762211E69EE057B,UNVALIDATED_PART_CLUSTER::IS 18344 (Part 2):2026,DERIVED_FROM_IDENTIFIER_PART,INFERRED_NOT_OFFICIAL
COMMITTEE-BBFB150B94B4346B,UNVALIDATED_PART_CLUSTER::IS 18344 (Part 3):2026,DERIVED_FROM_IDENTIFIER_PART,INFERRED_NOT_OFFICIAL
COMMITTEE-E60AA6EFEA43E740,UNVALIDATED_PART_CLUSTER::IS 1984 (Part 7):2026,DERIVED_FROM_IDENTIFIER_PART,INFERRED_NOT_OFFICIAL
COMMITTEE-E96385184A1F4C5D,UNVALIDATED_PART_CLUSTER::IS 19611 (Part 1):2026,DERIVED_FROM_IDENTIFIER_PART,INFERRED_NOT_OFFICIAL
COMMITTEE-6D0506FA43D27969,UNVALIDATED_PART_CLUSTER::IS 19611 (Part 3):2026,DERIVED_FROM_IDENTIFIER_PART,INFERRED_NOT_OFFICIAL
COMMITTEE-1CCFDEF7AFED44D3,UNVALIDATED_PART_CLUSTER::IS 19611 (Part 4):2026,DERIVED_FROM_IDENTIFIER_PART,INFERRED_NOT_OFFICIAL
COMMITTEE-C2C6B5BA04B9C236,UNVALIDATED_PART_CLUSTER::IS 19329 (Part 7):2026,DERIVED_FROM_IDENTIFIER_PART,INFERRED_NOT_OFFICIAL
COMMITTEE-BF3E1F15673405F2,UNVALIDATED_PART_CLUSTER::IS 19329 (Part 8):2026,DERIVED_FROM_IDENTIFIER_PART,INFERRED_NOT_OFFICIAL
COMMITTEE-7DC34599AB61E5F2,UNVALIDATED_PART_CLUSTER::IS 19282 (Part 4):2026,DERIVED_FROM_IDENTIFIER_PART,INFERRED_NOT_OFFICIAL
COMMITTEE-A0B5B4E1E358F21F,UNVALIDATED_PART_CLUSTER::IS 18474 (Part 5):2026,DERIVED_FROM_IDENTIFIER_PART,INFERRED_NOT_OFFICIAL
COMMITTEE-346547A7A66173FA,UNVALIDATED_PART_CLUSTER::IS 18879 (Part 6):2026,DERIVED_FROM_IDENTIFIER_PART,INFERRED_NOT_OFFICIAL
COMMITTEE-9AA57A4F7BAABBF0,UNVALIDATED_PART_CLUSTER::IS 18879 (Part 13):2026,DERIVED_FROM_IDENTIFIER_PART,INFERRED_NOT_OFFICIAL
COMMITTEE-529B8C2C9134121B,UNVALIDATED_PART_CLUSTER::IS 14700 (Part 1/Sec 1):2026,DERIVED_FROM_IDENTIFIER_PART,INFERRED_NOT_OFFICIAL
COMMITTEE-760635B1C7ACACB1,UNVALIDATED_PART_CLUSTER::IS 14700 (Part 4/Sec 6):2026,DERIVED_FROM_IDENTIFIER_PART,INFERRED_NOT_OFFICIAL
COMMITTEE-105AD79335DA7F31,UNVALIDATED_PART_CLUSTER::IS 4569 (Part 4):2026,DERIVED_FROM_IDENTIFIER_PART,INFERRED_NOT_OFFICIAL
COMMITTEE-50667B70BFB1039F,UNVALIDATED_PART_CLUSTER::IS 4569 (Part 6):2026,DERIVED_FROM_IDENTIFIER_PART,INFERRED_NOT_OFFICIAL
COMMITTEE-88BC395B0D3D627B,UNVALIDATED_PART_CLUSTER::IS 14700 (Part 5/Sec 1):2026,DERIVED_FROM_IDENTIFIER_PART,INFERRED_NOT_OFFICIAL
COMMITTEE-7077060CE7BE73F9,UNVALIDATED_PART_CLUSTER::IS/IEc IEEE 63195 (Part 2):2022,DERIVED_FROM_IDENTIFIER_PART,INFERRED_NOT_OFFICIAL
COMMITTEE-445659053BF41C55,UNVALIDATED_PART_CLUSTER::IS 19490 (Part 2):2026,DERIVED_FROM_IDENTIFIER_PART,INFERRED_NOT_OFFICIAL
COMMITTEE-1494AC33CB599AAF,UNVALIDATED_PART_CLUSTER::IS 9471 (Part 2):2026,DERIVED_FROM_IDENTIFIER_PART,INFERRED_NOT_OFFICIAL
COMMITTEE-412F6751F9B4A366,UNVALIDATED_PART_CLUSTER::IS 15474 (Part 1):2026,DERIVED_FROM_IDENTIFIER_PART,INFERRED_NOT_OFFICIAL
COMMITTEE-1B21652024756C71,UNVALIDATED_PART_CLUSTER::IS 15474 (Part 3/Sec 14):2026,DERIVED_FROM_IDENTIFIER_PART,INFERRED_NOT_OFFICIAL
COMMITTEE-CE0537CF581E5782,UNVALIDATED_PART_CLUSTER::IS 14202 (Part 8):2026,DERIVED_FROM_IDENTIFIER_PART,INFERRED_NOT_OFFICIAL
COMMITTEE-2B081DD4A7ED4E97,UNVALIDATED_PART_CLUSTER::IS 14202 (Part 11):2026,DERIVED_FROM_IDENTIFIER_PART,INFERRED_NOT_OFFICIAL
COMMITTEE-A55AE4A68CCA5540,UNVALIDATED_PART_CLUSTER::IS/IEC/IEE 63195 (Part 1):2022,DERIVED_FROM_IDENTIFIER_PART,INFERRED_NOT_OFFICIAL
COMMITTEE-337AD26F23AD72AA,UNVALIDATED_PART_CLUSTER::IS/ISO/IECTR 10822 (Part 1):2025,DERIVED_FROM_IDENTIFIER_PART,INFERRED_NOT_OFFICIAL
COMMITTEE-E9F3FD7F03F096B2,UNVALIDATED_PART_CLUSTER::IS/ISO/IEC 22237 (Part 2):2024,DERIVED_FROM_IDENTIFIER_PART,INFERRED_NOT_OFFICIAL
COMMITTEE-2A2B8739E10518F6,UNVALIDATED_PART_CLUSTER::IS/ISO/IEC 22237 (Part 6):2024,DERIVED_FROM_IDENTIFIER_PART,INFERRED_NOT_OFFICIAL
COMMITTEE-BA80398D1B66BE12,UNVALIDATED_PART_CLUSTER::IS 14231 (Part 10):2026,DERIVED_FROM_IDENTIFIER_PART,INFERRED_NOT_OFFICIAL
COMMITTEE-2E0255F95C40030F,UNVALIDATED_PART_CLUSTER::IS/IEC 62087 (Part 3):2023,DERIVED_FROM_IDENTIFIER_PART,INFERRED_NOT_OFFICIAL
COMMITTEE-40F5C67218C4D1A8,UNVALIDATED_PART_CLUSTER::IS 19527 (Part 3):2026,DERIVED_FROM_IDENTIFIER_PART,INFERRED_NOT_OFFICIAL
COMMITTEE-8B0183375B0ED6C7,UNVALIDATED_PART_CLUSTER::IS 1060 (Part 5/Sec 22):2026,DERIVED_FROM_IDENTIFIER_PART,INFERRED_NOT_OFFICIAL
COMMITTEE-AFD7C69F05AB154B,UNVALIDATED_PART_CLUSTER::IS 13159 (Part 1):2026,DERIVED_FROM_IDENTIFIER_PART,INFERRED_NOT_OFFICIAL
COMMITTEE-0D3D78D165D19B24,UNVALIDATED_PART_CLUSTER::IS 17175 (Part 2):2026,DERIVED_FROM_IDENTIFIER_PART,INFERRED_NOT_OFFICIAL
COMMITTEE-C38A5F4BC7A20686,UNVALIDATED_PART_CLUSTER::IS 13218 (Part 1):2026,DERIVED_FROM_IDENTIFIER_PART,INFERRED_NOT_OFFICIAL
COMMITTEE-0523EC09B3CAB37C,UNVALIDATED_PART_CLUSTER::IS 15287 (Part 2):2026,DERIVED_FROM_IDENTIFIER_PART,INFERRED_NOT_OFFICIAL
COMMITTEE-5C87E1CC3EE27E89,UNVALIDATED_PART_CLUSTER::IS/ISO 603 (Part 15):2022,DERIVED_FROM_IDENTIFIER_PART,INFERRED_NOT_OFFICIAL
COMMITTEE-94FEA86A8FBE561E,UNVALIDATED_PART_CLUSTER::IS 2898 (Part 2):2026,DERIVED_FROM_IDENTIFIER_PART,INFERRED_NOT_OFFICIAL
COMMITTEE-EE6D1ABF50405121,UNVALIDATED_PART_CLUSTER::IS 7906 (Part 8):2026,DERIVED_FROM_IDENTIFIER_PART,INFERRED_NOT_OFFICIAL
COMMITTEE-C815785AD3C1A680,UNVALIDATED_PART_CLUSTER::IS 16595 (Part 5):2026,DERIVED_FROM_IDENTIFIER_PART,INFERRED_NOT_OFFICIAL
COMMITTEE-C726A3C4588FB6C1,UNVALIDATED_PART_CLUSTER::IS/ISO 603 (Part 14):2026,DERIVED_FROM_IDENTIFIER_PART,INFERRED_NOT_OFFICIAL
COMMITTEE-48641A749916759A,UNVALIDATED_PART_CLUSTER::IS 16681 (Part 4):2026,DERIVED_FROM_IDENTIFIER_PART,INFERRED_NOT_OFFICIAL
COMMITTEE-0001B234BE54279A,UNVALIDATED_PART_CLUSTER::IS 19595 (Part 1):2026,DERIVED_FROM_IDENTIFIER_PART,INFERRED_NOT_OFFICIAL
COMMITTEE-E28D8C6ADA97DE57,UNVALIDATED_PART_CLUSTER::IS 19595 (Part 3):2026,DERIVED_FROM_IDENTIFIER_PART,INFERRED_NOT_OFFICIAL
COMMITTEE-344DE7D3A0C50F10,UNVALIDATED_PART_CLUSTER::IS 19595 (Part 7):2026,DERIVED_FROM_IDENTIFIER_PART,INFERRED_NOT_OFFICIAL
COMMITTEE-7373D8C658957399,UNVALIDATED_PART_CLUSTER::IS 19595 (Part 8):2026,DERIVED_FROM_IDENTIFIER_PART,INFERRED_NOT_OFFICIAL
COMMITTEE-0B9757C6384625D7,UNVALIDATED_PART_CLUSTER::IS 16506 (Part 8):2026,DERIVED_FROM_IDENTIFIER_PART,INFERRED_NOT_OFFICIAL
COMMITTEE-B36FF8191D1B8612,UNVALIDATED_PART_CLUSTER::IS 19665 (Part 1):2026,DERIVED_FROM_IDENTIFIER_PART,INFERRED_NOT_OFFICIAL
COMMITTEE-B34ECBC89FA1A568,UNVALIDATED_PART_CLUSTER::IS 19665 (Part 2):2026,DERIVED_FROM_IDENTIFIER_PART,INFERRED_NOT_OFFICIAL
COMMITTEE-8A3B352ACDC875F0,UNVALIDATED_PART_CLUSTER::IS 19665 (Part 3):2026,DERIVED_FROM_IDENTIFIER_PART,INFERRED_NOT_OFFICIAL
COMMITTEE-FCAA41180D007712,UNVALIDATED_PART_CLUSTER::IS 12986 (Part 1):2026,DERIVED_FROM_IDENTIFIER_PART,INFERRED_NOT_OFFICIAL
COMMITTEE-47F567F25D8FE012,UNVALIDATED_PART_CLUSTER::IS 19558 (Part 2):2026,DERIVED_FROM_IDENTIFIER_PART,INFERRED_NOT_OFFICIAL
COMMITTEE-5EE7F0D3C814497F,UNVALIDATED_PART_CLUSTER::IS 19544 (Part 2):2026,DERIVED_FROM_IDENTIFIER_PART,INFERRED_NOT_OFFICIAL
COMMITTEE-10F5A6901BC36E27,UNVALIDATED_PART_CLUSTER::IS/IEC 60118 (Part 0):2022,DERIVED_FROM_IDENTIFIER_PART,INFERRED_NOT_OFFICIAL
COMMITTEE-911FCCDD9B3BA14F,UNVALIDATED_PART_CLUSTER::IS/ISO/IEC 22123 (Part 3):2023,DERIVED_FROM_IDENTIFIER_PART,INFERRED_NOT_OFFICIAL
COMMITTEE-9142C5DD7CDAE41B,UNVALIDATED_PART_CLUSTER::IS 18682 (Part 5):2026,DERIVED_FROM_IDENTIFIER_PART,INFERRED_NOT_OFFICIAL
COMMITTEE-9B4C59BBDF4816F6,UNVALIDATED_PART_CLUSTER::IS 13360 (Part 5/Sec 14):2026,DERIVED_FROM_IDENTIFIER_PART,INFERRED_NOT_OFFICIAL
COMMITTEE-BAEDD926E900CFC7,UNVALIDATED_PART_CLUSTER::IS 14635 (Part 2):2026,DERIVED_FROM_IDENTIFIER_PART,INFERRED_NOT_OFFICIAL
COMMITTEE-934B66FD4927DE82,UNVALIDATED_PART_CLUSTER::IS 1448 (Part 167):2026,DERIVED_FROM_IDENTIFIER_PART,INFERRED_NOT_OFFICIAL
COMMITTEE-07566298003D7032,UNVALIDATED_PART_CLUSTER::IS 1448 (Part 113):2026,DERIVED_FROM_IDENTIFIER_PART,INFERRED_NOT_OFFICIAL
COMMITTEE-591851C427A77FD9,UNVALIDATED_PART_CLUSTER::IS 13360 (Part 3/Sec 3):2026,DERIVED_FROM_IDENTIFIER_PART,INFERRED_NOT_OFFICIAL
COMMITTEE-BC66263A714EF56D,UNVALIDATED_PART_CLUSTER::IS 13360 (Part 3/Sec 7):2026,DERIVED_FROM_IDENTIFIER_PART,INFERRED_NOT_OFFICIAL
COMMITTEE-DA0194D81E44E2FE,UNVALIDATED_PART_CLUSTER::IS 13360 (Part 4/Sec 2):2026,DERIVED_FROM_IDENTIFIER_PART,INFERRED_NOT_OFFICIAL
COMMITTEE-8ADB1FE4247B2225,UNVALIDATED_PART_CLUSTER::IS 13360 (Part 11/Sec 11/Sub-Sec 1):2026,DERIVED_FROM_IDENTIFIER_PART,INFERRED_NOT_OFFICIAL
COMMITTEE-5602F7CDE34326E8,UNVALIDATED_PART_CLUSTER::IS 13360 (Part 11/Sec 11/Sub-Sec 2):2026,DERIVED_FROM_IDENTIFIER_PART,INFERRED_NOT_OFFICIAL
COMMITTEE-01CFC3F7BAD86C53,UNVALIDATED_PART_CLUSTER::IS 1448 (Part 105):2026,DERIVED_FROM_IDENTIFIER_PART,INFERRED_NOT_OFFICIAL
COMMITTEE-154861C69FABA6EA,UNVALIDATED_PART_CLUSTER::IS 9873 (Part 8):2026,DERIVED_FROM_IDENTIFIER_PART,INFERRED_NOT_OFFICIAL
COMMITTEE-3901E83D978ACCFF,UNVALIDATED_PART_CLUSTER::IS 9873 (Part 4):2026,DERIVED_FROM_IDENTIFIER_PART,INFERRED_NOT_OFFICIAL
COMMITTEE-9FADCBADFA9AB32F,UNVALIDATED_PART_CLUSTER::IS 13360 (Part 5/Sec 31/Sub-Sec 2):2026,DERIVED_FROM_IDENTIFIER_PART,INFERRED_NOT_OFFICIAL
COMMITTEE-08AA7CFF8DC131B5,UNVALIDATED_PART_CLUSTER::IS 13360 (Part 5/Sec 31/Sub-Sec 1):2026,DERIVED_FROM_IDENTIFIER_PART,INFERRED_NOT_OFFICIAL
COMMITTEE-FCEBFC8C315E214C,UNVALIDATED_PART_CLUSTER::IS 13360 (Part 5/Sec 31/Sub-Sec 3):2026,DERIVED_FROM_IDENTIFIER_PART,INFERRED_NOT_OFFICIAL
COMMITTEE-6E689D2894D39F12,UNVALIDATED_PART_CLUSTER::IS 13360 (Part 5/Sec 31/Sub-Sec 4):2026,DERIVED_FROM_IDENTIFIER_PART,INFERRED_NOT_OFFICIAL
COMMITTEE-05C8858149045713,UNVALIDATED_PART_CLUSTER::IS 13360 (Part 31/Sec 5/Sub-Sec 5):2026,DERIVED_FROM_IDENTIFIER_PART,INFERRED_NOT_OFFICIAL
COMMITTEE-C857BF3F46013322,UNVALIDATED_PART_CLUSTER::IS 13360 (Part 5/Sec 31/Sub-Sec 6):2026,DERIVED_FROM_IDENTIFIER_PART,INFERRED_NOT_OFFICIAL
COMMITTEE-244A14F5DCDB6D87,UNVALIDATED_PART_CLUSTER::IS 13360 (Part 5/Sec 31/Sub-Sec 7):2026,DERIVED_FROM_IDENTIFIER_PART,INFERRED_NOT_OFFICIAL
COMMITTEE-A6DE026CF325CA62,UNVALIDATED_PART_CLUSTER::IS 13360 (Part 5/Sec 31/Sub-Sec 8):2026,DERIVED_FROM_IDENTIFIER_PART,INFERRED_NOT_OFFICIAL
COMMITTEE-41D2E0DE3E37F98E,UNVALIDATED_PART_CLUSTER::IS 13360 (Part 5/Sec 31/Sub-Sec 9):2026,DERIVED_FROM_IDENTIFIER_PART,INFERRED_NOT_OFFICIAL
COMMITTEE-23B9A85B9BADC9CB,UNVALIDATED_PART_CLUSTER::IS 13360 (Part 5/Sec 31/Sub-Sec 10):2026,DERIVED_FROM_IDENTIFIER_PART,INFERRED_NOT_OFFICIAL
COMMITTEE-17A0FAFD0A747183,UNVALIDATED_PART_CLUSTER::IS 13360 (Part 5/Sec 31/Sub-Sec 11):2026,DERIVED_FROM_IDENTIFIER_PART,INFERRED_NOT_OFFICIAL
COMMITTEE-F9877D5BE5BF0492,UNVALIDATED_PART_CLUSTER::IS 13360 (Part 5/Sec 31/Sub-Sec 12):2026,DERIVED_FROM_IDENTIFIER_PART,INFERRED_NOT_OFFICIAL
COMMITTEE-B19B700064130564,UNVALIDATED_PART_CLUSTER::IS 1448 (Part 204):2026,DERIVED_FROM_IDENTIFIER_PART,INFERRED_NOT_OFFICIAL
COMMITTEE-29A5391466C86D23,UNVALIDATED_PART_CLUSTER::IS 6454 (Part 1):2026,DERIVED_FROM_IDENTIFIER_PART,INFERRED_NOT_OFFICIAL
COMMITTEE-58DBC9732C33A307,UNVALIDATED_PART_CLUSTER::IS/ISO 10303 (Part 1):2024,DERIVED_FROM_IDENTIFIER_PART,INFERRED_NOT_OFFICIAL
COMMITTEE-5A551D00F4009FC1,UNVALIDATED_PART_CLUSTER::IS 17128 (Part 4):2026,DERIVED_FROM_IDENTIFIER_PART,INFERRED_NOT_OFFICIAL
COMMITTEE-4EB4B583FC980201,UNVALIDATED_PART_CLUSTER::IS 17128 (Part 5):2026,DERIVED_FROM_IDENTIFIER_PART,INFERRED_NOT_OFFICIAL
COMMITTEE-A177DE63722C6D86,UNVALIDATED_PART_CLUSTER::IS 2898 (Part 1):2026,DERIVED_FROM_IDENTIFIER_PART,INFERRED_NOT_OFFICIAL
COMMITTEE-A772F56C21BA7DCF,UNVALIDATED_PART_CLUSTER::IS 548 (Part 3/Sec 10):2026,DERIVED_FROM_IDENTIFIER_PART,INFERRED_NOT_OFFICIAL
COMMITTEE-940F9302D0C4EA07,UNVALIDATED_PART_CLUSTER::IS 548 (Part 3/Sec 11):2026,DERIVED_FROM_IDENTIFIER_PART,INFERRED_NOT_OFFICIAL
COMMITTEE-B34925FDBA0EA8E6,UNVALIDATED_PART_CLUSTER::IS 17274 (Part 14):2026,DERIVED_FROM_IDENTIFIER_PART,INFERRED_NOT_OFFICIAL
COMMITTEE-561F607E1B30E0F3,UNVALIDATED_PART_CLUSTER::IS 19517 (Part 2):2026,DERIVED_FROM_IDENTIFIER_PART,INFERRED_NOT_OFFICIAL
COMMITTEE-B978FA0DFD5D0165,UNVALIDATED_PART_CLUSTER::IS 19661 (Part 1):2026,DERIVED_FROM_IDENTIFIER_PART,INFERRED_NOT_OFFICIAL
COMMITTEE-D50E74DF89F129A2,UNVALIDATED_PART_CLUSTER::IS 19661 (Part 2):2026,DERIVED_FROM_IDENTIFIER_PART,INFERRED_NOT_OFFICIAL
COMMITTEE-9B05149990A07164,UNVALIDATED_PART_CLUSTER::IS 1966 (Part 3):2026,DERIVED_FROM_IDENTIFIER_PART,INFERRED_NOT_OFFICIAL
COMMITTEE-949BC182074F89CE,UNVALIDATED_PART_CLUSTER::IS 19527 (Part 1):2025,DERIVED_FROM_IDENTIFIER_PART,INFERRED_NOT_OFFICIAL
COMMITTEE-30C60A7117E8D58A,UNVALIDATED_PART_CLUSTER::IS 1493 (Part 12):2026,DERIVED_FROM_IDENTIFIER_PART,INFERRED_NOT_OFFICIAL
COMMITTEE-29CB99A28273D099,UNVALIDATED_PART_CLUSTER::IS 19605 (Part 1):2026,DERIVED_FROM_IDENTIFIER_PART,INFERRED_NOT_OFFICIAL
COMMITTEE-C1BEEEA85E72287A,UNVALIDATED_PART_CLUSTER::IS 19605 (Part 2):2026,DERIVED_FROM_IDENTIFIER_PART,INFERRED_NOT_OFFICIAL
COMMITTEE-4AB69E2A0B77006F,UNVALIDATED_PART_CLUSTER::IS 19605 (Part 3):2026,DERIVED_FROM_IDENTIFIER_PART,INFERRED_NOT_OFFICIAL
COMMITTEE-DD7764137861A01D,UNVALIDATED_PART_CLUSTER::IS 19605 (Part 4):2026,DERIVED_FROM_IDENTIFIER_PART,INFERRED_NOT_OFFICIAL
COMMITTEE-770EA3EA1D7D60EC,UNVALIDATED_PART_CLUSTER::IS 19604 (Part 1):2026,DERIVED_FROM_IDENTIFIER_PART,INFERRED_NOT_OFFICIAL
COMMITTEE-D14D7995CC173711,UNVALIDATED_PART_CLUSTER::IS 19604 (Part 2):2026,DERIVED_FROM_IDENTIFIER_PART,INFERRED_NOT_OFFICIAL
COMMITTEE-F5C2F7161607A2D8,UNVALIDATED_PART_CLUSTER::IS 19544 (Part 1):2026,DERIVED_FROM_IDENTIFIER_PART,INFERRED_NOT_OFFICIAL
COMMITTEE-1A4EAE901940E3C7,UNVALIDATED_PART_CLUSTER::IS 19619 (Part 1):2026,DERIVED_FROM_IDENTIFIER_PART,INFERRED_NOT_OFFICIAL
COMMITTEE-E7AC38617B01ABC5,UNVALIDATED_PART_CLUSTER::IS 19619 (Part 3):2026,DERIVED_FROM_IDENTIFIER_PART,INFERRED_NOT_OFFICIAL
COMMITTEE-1B959E6A84E2A2B7,UNVALIDATED_PART_CLUSTER::IS 18875 (Part 10471):2026,DERIVED_FROM_IDENTIFIER_PART,INFERRED_NOT_OFFICIAL
COMMITTEE-378AD7548E2D3AC2,UNVALIDATED_PART_CLUSTER::IS 19477 (Part 3):2026,DERIVED_FROM_IDENTIFIER_PART,INFERRED_NOT_OFFICIAL
COMMITTEE-55669D0663176C5F,UNVALIDATED_PART_CLUSTER::IS 18875 (Part 10472):2026,DERIVED_FROM_IDENTIFIER_PART,INFERRED_NOT_OFFICIAL
COMMITTEE-94A4DDF27F399EAB,UNVALIDATED_PART_CLUSTER::IS 18867 (Part 4):2026,DERIVED_FROM_IDENTIFIER_PART,INFERRED_NOT_OFFICIAL
COMMITTEE-EF9D800BC1CB08DC,UNVALIDATED_PART_CLUSTER::IS 19492 (Part 1):2025,DERIVED_FROM_IDENTIFIER_PART,INFERRED_NOT_OFFICIAL
COMMITTEE-EB2E50AC2485F342,UNVALIDATED_PART_CLUSTER::IS 19501 (Part 1):2026,DERIVED_FROM_IDENTIFIER_PART,INFERRED_NOT_OFFICIAL
COMMITTEE-BADB52A829F9EBA3,UNVALIDATED_PART_CLUSTER::IS 18875 (Part 10425):2026,DERIVED_FROM_IDENTIFIER_PART,INFERRED_NOT_OFFICIAL
COMMITTEE-BB6FBBC0D96CD4F8,UNVALIDATED_PART_CLUSTER::IS 62680 (Part 4):2022,DERIVED_FROM_IDENTIFIER_PART,INFERRED_NOT_OFFICIAL
COMMITTEE-2D82B2D09A9D1F13,UNVALIDATED_PART_CLUSTER::IS/ISO/IEC 22123 (Part 2):2023,DERIVED_FROM_IDENTIFIER_PART,INFERRED_NOT_OFFICIAL
COMMITTEE-6CF83B8EE3935D14,UNVALIDATED_PART_CLUSTER::IS 63240 (Part 1):2026,DERIVED_FROM_IDENTIFIER_PART,INFERRED_NOT_OFFICIAL
COMMITTEE-1FB3D3A9ACA810D6,UNVALIDATED_PART_CLUSTER::IS/IEC 63240 (Part 2):2020,DERIVED_FROM_IDENTIFIER_PART,INFERRED_NOT_OFFICIAL
COMMITTEE-C30F20C9E0125D9F,UNVALIDATED_PART_CLUSTER::IS/ISO/IEC 30134 (Part 7):2023,DERIVED_FROM_IDENTIFIER_PART,INFERRED_NOT_OFFICIAL
COMMITTEE-1BBC086C6EF4467B,UNVALIDATED_PART_CLUSTER::IEC 61196 (Part 1/Sec 105):2026,DERIVED_FROM_IDENTIFIER_PART,INFERRED_NOT_OFFICIAL
COMMITTEE-BDB68AE6EA2EA9C4,UNVALIDATED_PART_CLUSTER::IS/IEC 60793 (Part 1/Sec 46):2024,DERIVED_FROM_IDENTIFIER_PART,INFERRED_NOT_OFFICIAL
COMMITTEE-FAAF35CB5047D899,UNVALIDATED_PART_CLUSTER::IS/IEC 60793 (Part 1/Sec 45):2024,DERIVED_FROM_IDENTIFIER_PART,INFERRED_NOT_OFFICIAL
COMMITTEE-151EFFBD0860978D,UNVALIDATED_PART_CLUSTER::IS/IEC 60793 (Part 1/Sec 44):2023,DERIVED_FROM_IDENTIFIER_PART,INFERRED_NOT_OFFICIAL
COMMITTEE-E5EBFCB718EEBBAA,UNVALIDATED_PART_CLUSTER::IS 17274 (Part 4):2026,DERIVED_FROM_IDENTIFIER_PART,INFERRED_NOT_OFFICIAL
COMMITTEE-6DDBBE7CDD7D7A34,UNVALIDATED_PART_CLUSTER::IS 19517 (Part 1):2026,DERIVED_FROM_IDENTIFIER_PART,INFERRED_NOT_OFFICIAL
COMMITTEE-462F84B853D99233,UNVALIDATED_PART_CLUSTER::IS 1946 (Part 4):2026,DERIVED_FROM_IDENTIFIER_PART,INFERRED_NOT_OFFICIAL
COMMITTEE-DF814D4339EA5293,UNVALIDATED_PART_CLUSTER::IS 17175 (Part 1):2026,DERIVED_FROM_IDENTIFIER_PART,INFERRED_NOT_OFFICIAL
COMMITTEE-7E08BFABD14A3CFB,UNVALIDATED_PART_CLUSTER::IS 19558 (Part 1):2026,DERIVED_FROM_IDENTIFIER_PART,INFERRED_NOT_OFFICIAL
COMMITTEE-B3683EB40A8BE5ED,UNVALIDATED_PART_CLUSTER::IS 16672 (Part 1):2026,DERIVED_FROM_IDENTIFIER_PART,INFERRED_NOT_OFFICIAL
COMMITTEE-572810B47041EF4C,UNVALIDATED_PART_CLUSTER::IS 2062 (Part 2):2026,DERIVED_FROM_IDENTIFIER_PART,INFERRED_NOT_OFFICIAL
COMMITTEE-27120D1DBBBDFE60,UNVALIDATED_PART_CLUSTER::IS 19566 (Part 1):2026,DERIVED_FROM_IDENTIFIER_PART,INFERRED_NOT_OFFICIAL
COMMITTEE-E370934047CE2B48,UNVALIDATED_PART_CLUSTER::IS 19558 (Part 3):2026,DERIVED_FROM_IDENTIFIER_PART,INFERRED_NOT_OFFICIAL
COMMITTEE-DA40C59DAE06E524,UNVALIDATED_PART_CLUSTER::IS 16502 (Part 5):2026,DERIVED_FROM_IDENTIFIER_PART,INFERRED_NOT_OFFICIAL
COMMITTEE-A7A7F04947FA8792,UNVALIDATED_PART_CLUSTER::IS 18775 (Part 20701):2025,DERIVED_FROM_IDENTIFIER_PART,INFERRED_NOT_OFFICIAL
COMMITTEE-64B9B5639A462503,UNVALIDATED_PART_CLUSTER::IS 18875 (Part 40102):2026,DERIVED_FROM_IDENTIFIER_PART,INFERRED_NOT_OFFICIAL
COMMITTEE-C6F8D78DAA4CB6DC,UNVALIDATED_PART_CLUSTER::IS 18875 (Part 40102):2025,DERIVED_FROM_IDENTIFIER_PART,INFERRED_NOT_OFFICIAL
COMMITTEE-F1A59A03648E0CDE,UNVALIDATED_PART_CLUSTER::IS 16504 (Part 32):2026,DERIVED_FROM_IDENTIFIER_PART,INFERRED_NOT_OFFICIAL
COMMITTEE-9C0F05689AE62029,UNVALIDATED_PART_CLUSTER::IS/IEC 62820 (Part 1/Sec 2):2017,DERIVED_FROM_IDENTIFIER_PART,INFERRED_NOT_OFFICIAL
COMMITTEE-C8DB4A4A38D33D9E,UNVALIDATED_PART_CLUSTER::IS/IEC 62820 (Part 3/Sec 1):2017,DERIVED_FROM_IDENTIFIER_PART,INFERRED_NOT_OFFICIAL
COMMITTEE-257240A9C40569CD,UNVALIDATED_PART_CLUSTER::IS/IEC 62820 (Part 3/Sec 2):2018,DERIVED_FROM_IDENTIFIER_PART,INFERRED_NOT_OFFICIAL
COMMITTEE-EBA38429882DD6B7,UNVALIDATED_PART_CLUSTER::IS 16910 (Part 5/Sec 1):2026,DERIVED_FROM_IDENTIFIER_PART,INFERRED_NOT_OFFICIAL
COMMITTEE-056D8576C7C3D8A9,UNVALIDATED_PART_CLUSTER::IS/IEC 62851 (Part 1):2014,DERIVED_FROM_IDENTIFIER_PART,INFERRED_NOT_OFFICIAL
COMMITTEE-7A383C943AD306BA,UNVALIDATED_PART_CLUSTER::IS/IEC 62851 (Part 3):2014,DERIVED_FROM_IDENTIFIER_PART,INFERRED_NOT_OFFICIAL
COMMITTEE-16BEA3E25C45C1B6,UNVALIDATED_PART_CLUSTER::IS 16910 (Part 2/Sec 33)2026,DERIVED_FROM_IDENTIFIER_PART,INFERRED_NOT_OFFICIAL
COMMITTEE-2FD877165E98C50C,UNVALIDATED_PART_CLUSTER::IS/IEC 62820 (Part 2):2017,DERIVED_FROM_IDENTIFIER_PART,INFERRED_NOT_OFFICIAL
COMMITTEE-B7763A050C17E552,UNVALIDATED_PART_CLUSTER::IS 16910 (Part 2/Sec 11)2026,DERIVED_FROM_IDENTIFIER_PART,INFERRED_NOT_OFFICIAL
COMMITTEE-A01266FF8776542F,UNVALIDATED_PART_CLUSTER::IS/IEC 62851 (Part 2):2014,DERIVED_FROM_IDENTIFIER_PART,INFERRED_NOT_OFFICIAL
COMMITTEE-A91F373D01556ECD,UNVALIDATED_PART_CLUSTER::IS/IEC 62851 (Part 5):2014,DERIVED_FROM_IDENTIFIER_PART,INFERRED_NOT_OFFICIAL
COMMITTEE-5A083706ECFE203F,UNVALIDATED_PART_CLUSTER::IS/ISO/IEC 11801 (Part 9910):2020,DERIVED_FROM_IDENTIFIER_PART,INFERRED_NOT_OFFICIAL
COMMITTEE-195D596FB642838A,UNVALIDATED_PART_CLUSTER::IS/ISO/IEC 11801 (Part 6):2017,DERIVED_FROM_IDENTIFIER_PART,INFERRED_NOT_OFFICIAL
COMMITTEE-643A011B48432EA4,UNVALIDATED_PART_CLUSTER::IS/ISO/IEC 11801 (Part 9909):2020,DERIVED_FROM_IDENTIFIER_PART,INFERRED_NOT_OFFICIAL
COMMITTEE-E96E128130D7743A,UNVALIDATED_PART_CLUSTER::IS 17798 (Part 3):2025,DERIVED_FROM_IDENTIFIER_PART,INFERRED_NOT_OFFICIAL
COMMITTEE-E320EFCD0E9D37BC,UNVALIDATED_PART_CLUSTER::IS 14231 (Part 4):2026,DERIVED_FROM_IDENTIFIER_PART,INFERRED_NOT_OFFICIAL
COMMITTEE-2AB8B90B064F363E,UNVALIDATED_PART_CLUSTER::IS 14231 (Part 5):2026,DERIVED_FROM_IDENTIFIER_PART,INFERRED_NOT_OFFICIAL
COMMITTEE-A299F91644D86414,UNVALIDATED_PART_CLUSTER::IS 14231 (Part 7):2026,DERIVED_FROM_IDENTIFIER_PART,INFERRED_NOT_OFFICIAL
COMMITTEE-912F3DCDA0ACA0F1,UNVALIDATED_PART_CLUSTER::IS 14231 (Part 1):2026,DERIVED_FROM_IDENTIFIER_PART,INFERRED_NOT_OFFICIAL
COMMITTEE-69B019B348044522,UNVALIDATED_PART_CLUSTER::IS/IEC 60118 (Part 12):1996,DERIVED_FROM_IDENTIFIER_PART,INFERRED_NOT_OFFICIAL
COMMITTEE-0AFE8FBBB5F016BF,UNVALIDATED_PART_CLUSTER::IS 60118 (Part 9):2019,DERIVED_FROM_IDENTIFIER_PART,INFERRED_NOT_OFFICIAL
COMMITTEE-4BB398DE1F718665,UNVALIDATED_PART_CLUSTER::IS/IEC 60318 (Part 6):2007,DERIVED_FROM_IDENTIFIER_PART,INFERRED_NOT_OFFICIAL
COMMITTEE-FACA5FF319A9F99F,UNVALIDATED_PART_CLUSTER::IS 389 (Part 3):2016,DERIVED_FROM_IDENTIFIER_PART,INFERRED_NOT_OFFICIAL
COMMITTEE-AAF824B055AEDD6F,UNVALIDATED_PART_CLUSTER::IS/IEC 60793 (Part 1/Sec 41):2024,DERIVED_FROM_IDENTIFIER_PART,INFERRED_NOT_OFFICIAL
COMMITTEE-5535338D1EA1BF4D,UNVALIDATED_PART_CLUSTER::IS/IEC 60793 (Part 1/Sec 34):2021,DERIVED_FROM_IDENTIFIER_PART,INFERRED_NOT_OFFICIAL
COMMITTEE-D850BFC7FA3CC7F5,UNVALIDATED_PART_CLUSTER::IS/IEC 60793 (Part 1/Sec 32):2018,DERIVED_FROM_IDENTIFIER_PART,INFERRED_NOT_OFFICIAL
COMMITTEE-2F5799E4A437D839,UNVALIDATED_PART_CLUSTER::IS/IEC 60793 (Part 1/Sec 31):2019,DERIVED_FROM_IDENTIFIER_PART,INFERRED_NOT_OFFICIAL
COMMITTEE-72C8255266982195,UNVALIDATED_PART_CLUSTER::IS 9989 (Part 2):2025,DERIVED_FROM_IDENTIFIER_PART,INFERRED_NOT_OFFICIAL
COMMITTEE-50D1FCEB1DC4211E,UNVALIDATED_PART_CLUSTER::IS 1996 (Part 1):2016,DERIVED_FROM_IDENTIFIER_PART,INFERRED_NOT_OFFICIAL
COMMITTEE-6BA3E5BF06FC5D8D,UNVALIDATED_PART_CLUSTER::IS 18489 (Part 2):2026,DERIVED_FROM_IDENTIFIER_PART,INFERRED_NOT_OFFICIAL
COMMITTEE-5199EF2336871A58,UNVALIDATED_PART_CLUSTER::IS/ISO/IEC 14496 (Part 12):2022,DERIVED_FROM_IDENTIFIER_PART,INFERRED_NOT_OFFICIAL
COMMITTEE-9330451A5E16E6E0,UNVALIDATED_PART_CLUSTER::IS/IEC 60875 (Part 1):2024,DERIVED_FROM_IDENTIFIER_PART,INFERRED_NOT_OFFICIAL
COMMITTEE-02944A434A23D728,UNVALIDATED_PART_CLUSTER::IS/ISO/IEC 27035 (Part 4):2024,DERIVED_FROM_IDENTIFIER_PART,INFERRED_NOT_OFFICIAL
COMMITTEE-A991A8AF30CED92E,UNVALIDATED_PART_CLUSTER::IS 19565 (Part 2):2026,DERIVED_FROM_IDENTIFIER_PART,INFERRED_NOT_OFFICIAL
COMMITTEE-5E6646FE8F005327,UNVALIDATED_PART_CLUSTER::IS 19570 (Part 1):2026,DERIVED_FROM_IDENTIFIER_PART,INFERRED_NOT_OFFICIAL
COMMITTEE-AA6779AE6672FE58,UNVALIDATED_PART_CLUSTER::IS 19565 (Part 1):2026,DERIVED_FROM_IDENTIFIER_PART,INFERRED_NOT_OFFICIAL
COMMITTEE-BEF89E6A6233C53E,UNVALIDATED_PART_CLUSTER::IS 15891 (Part 6):2026,DERIVED_FROM_IDENTIFIER_PART,INFERRED_NOT_OFFICIAL
COMMITTEE-261262EE2C333A69,UNVALIDATED_PART_CLUSTER::IS 15891 (Part 7):2026,DERIVED_FROM_IDENTIFIER_PART,INFERRED_NOT_OFFICIAL
COMMITTEE-98DE151557AFBB60,UNVALIDATED_PART_CLUSTER::IS 19577 (Part 1):2026,DERIVED_FROM_IDENTIFIER_PART,INFERRED_NOT_OFFICIAL
COMMITTEE-2B63153AB35D1741,UNVALIDATED_PART_CLUSTER::IS 19577 (Part 2):2026,DERIVED_FROM_IDENTIFIER_PART,INFERRED_NOT_OFFICIAL
COMMITTEE-DD2A123E6A3B5C07,UNVALIDATED_PART_CLUSTER::IS 19577 (Part 3):2026,DERIVED_FROM_IDENTIFIER_PART,INFERRED_NOT_OFFICIAL
COMMITTEE-B8A631326D1751F1,UNVALIDATED_PART_CLUSTER::IS 19577 (Part 4):2026,DERIVED_FROM_IDENTIFIER_PART,INFERRED_NOT_OFFICIAL
COMMITTEE-879E9B7498502BC8,UNVALIDATED_PART_CLUSTER::IS 1364 (Part 3):2026,DERIVED_FROM_IDENTIFIER_PART,INFERRED_NOT_OFFICIAL
COMMITTEE-3C31E1AF98DCAAB4,UNVALIDATED_PART_CLUSTER::IS 19520 (Part 3):2026,DERIVED_FROM_IDENTIFIER_PART,INFERRED_NOT_OFFICIAL
COMMITTEE-4E9B9795A28AD4EA,UNVALIDATED_PART_CLUSTER::IS 18658 (Part 2):2026,DERIVED_FROM_IDENTIFIER_PART,INFERRED_NOT_OFFICIAL
COMMITTEE-ACBF7228AAE5ED0C,UNVALIDATED_PART_CLUSTER::IS 18888 (Part 3):2026,DERIVED_FROM_IDENTIFIER_PART,INFERRED_NOT_OFFICIAL
COMMITTEE-CA134A16FA78D5A2,UNVALIDATED_PART_CLUSTER::IS/IEC 61746 (Part 1):2009,DERIVED_FROM_IDENTIFIER_PART,INFERRED_NOT_OFFICIAL
COMMITTEE-B3E326763352AF85,UNVALIDATED_PART_CLUSTER::IS/ISO/IEC 22123 (Part 1):2023,DERIVED_FROM_IDENTIFIER_PART,INFERRED_NOT_OFFICIAL
COMMITTEE-70BB3AD73D13559C,UNVALIDATED_PART_CLUSTER::IS 17900 (Part 5):2026,DERIVED_FROM_IDENTIFIER_PART,INFERRED_NOT_OFFICIAL
COMMITTEE-F8A335B0790C63CA,UNVALIDATED_PART_CLUSTER::IS/ISO/IEC 11801 (Part 4):2017,DERIVED_FROM_IDENTIFIER_PART,INFERRED_NOT_OFFICIAL
COMMITTEE-8D612EB810793A82,UNVALIDATED_PART_CLUSTER::IS/ISO/IEC 11801 (Part 9908):2020,DERIVED_FROM_IDENTIFIER_PART,INFERRED_NOT_OFFICIAL
COMMITTEE-99D7ECE42C8DA914,UNVALIDATED_PART_CLUSTER::IS 19543 (Part 1):2026,DERIVED_FROM_IDENTIFIER_PART,INFERRED_NOT_OFFICIAL
COMMITTEE-63BE3982B12668E7,UNVALIDATED_PART_CLUSTER::IS 19564 (Part 1):2026,DERIVED_FROM_IDENTIFIER_PART,INFERRED_NOT_OFFICIAL
COMMITTEE-073B8086AF18E02C,UNVALIDATED_PART_CLUSTER::IS 18750 (Part 8/Sec 3):2026,DERIVED_FROM_IDENTIFIER_PART,INFERRED_NOT_OFFICIAL
COMMITTEE-421AB83E2CA54980,UNVALIDATED_PART_CLUSTER::IS 10322 (Part 1):2026,DERIVED_FROM_IDENTIFIER_PART,INFERRED_NOT_OFFICIAL
COMMITTEE-EB087AB23F7DEFCF,UNVALIDATED_PART_CLUSTER::IS 16102 (Part 1):2026,DERIVED_FROM_IDENTIFIER_PART,INFERRED_NOT_OFFICIAL
COMMITTEE-0A7FDE105D49907A,UNVALIDATED_PART_CLUSTER::IS 16102 (Part 2):2026,DERIVED_FROM_IDENTIFIER_PART,INFERRED_NOT_OFFICIAL
COMMITTEE-7BA0C6C20330DFED,UNVALIDATED_PART_CLUSTER::IS 16614 (Part 1):2026,DERIVED_FROM_IDENTIFIER_PART,INFERRED_NOT_OFFICIAL
COMMITTEE-8D444E6678D391B8,UNVALIDATED_PART_CLUSTER::IS 10322 (Part 5/Sec 1):2026,DERIVED_FROM_IDENTIFIER_PART,INFERRED_NOT_OFFICIAL
COMMITTEE-28E83E9798A4FFCF,UNVALIDATED_PART_CLUSTER::IS 10322 (Part 5/Sec 2):2026,DERIVED_FROM_IDENTIFIER_PART,INFERRED_NOT_OFFICIAL
COMMITTEE-212F5D997CA5663F,UNVALIDATED_PART_CLUSTER::IS 10322 (Part 5/Sec 3):2026,DERIVED_FROM_IDENTIFIER_PART,INFERRED_NOT_OFFICIAL
COMMITTEE-CE6107B73C01D1F3,UNVALIDATED_PART_CLUSTER::IS 10322 (Part 5/Sec 4):2026,DERIVED_FROM_IDENTIFIER_PART,INFERRED_NOT_OFFICIAL
COMMITTEE-7BCC72DAB7319D8F,UNVALIDATED_PART_CLUSTER::IS 10322 (Part 5/Sec 5):2026,DERIVED_FROM_IDENTIFIER_PART,INFERRED_NOT_OFFICIAL
COMMITTEE-6D151F598053D040,UNVALIDATED_PART_CLUSTER::IS 10322 (Part 5/Sec 6):2026,DERIVED_FROM_IDENTIFIER_PART,INFERRED_NOT_OFFICIAL
COMMITTEE-5DAE3F0A61E22993,UNVALIDATED_PART_CLUSTER::IS 10322 (Part 5/Sec 7):2026,DERIVED_FROM_IDENTIFIER_PART,INFERRED_NOT_OFFICIAL
COMMITTEE-D62621C063E54F1B,UNVALIDATED_PART_CLUSTER::IS 10322 (Part 5/Sec 8):2026,DERIVED_FROM_IDENTIFIER_PART,INFERRED_NOT_OFFICIAL
COMMITTEE-5562C05B293BF0B7,UNVALIDATED_PART_CLUSTER::IS 10322 (Part 5/Sec 18):2026,DERIVED_FROM_IDENTIFIER_PART,INFERRED_NOT_OFFICIAL
COMMITTEE-02052FE5F307A815,UNVALIDATED_PART_CLUSTER::IS 19542 (Part 2):2026,DERIVED_FROM_IDENTIFIER_PART,INFERRED_NOT_OFFICIAL
COMMITTEE-3A24B84A20C33FE5,UNVALIDATED_PART_CLUSTER::IS 5815 (Part 6):2026,DERIVED_FROM_IDENTIFIER_PART,INFERRED_NOT_OFFICIAL
COMMITTEE-5307B34A89547199,UNVALIDATED_PART_CLUSTER::IS 8007 (Part 3):2026,DERIVED_FROM_IDENTIFIER_PART,INFERRED_NOT_OFFICIAL
COMMITTEE-0DB56611600FB46B,UNVALIDATED_PART_CLUSTER::IS 19316 (Part 2):2026,DERIVED_FROM_IDENTIFIER_PART,INFERRED_NOT_OFFICIAL
COMMITTEE-3832A1018D2D8179,UNVALIDATED_PART_CLUSTER::IS 2062 (Part 1):2025,DERIVED_FROM_IDENTIFIER_PART,INFERRED_NOT_OFFICIAL
COMMITTEE-1069F2EF43586836,UNVALIDATED_PART_CLUSTER::Is 14661 (Part 2):2025,DERIVED_FROM_IDENTIFIER_PART,INFERRED_NOT_OFFICIAL
COMMITTEE-43B54B15EA9F0228,UNVALIDATED_PART_CLUSTER::IS 6213 (Part 5):2025,DERIVED_FROM_IDENTIFIER_PART,INFERRED_NOT_OFFICIAL
COMMITTEE-D438B1DBA482C501,UNVALIDATED_PART_CLUSTER::IS 6213 (Part 6):2025,DERIVED_FROM_IDENTIFIER_PART,INFERRED_NOT_OFFICIAL
COMMITTEE-35B582F067EBAF4A,UNVALIDATED_PART_CLUSTER::IS 18750 (Part 8/Sec 1):2025,DERIVED_FROM_IDENTIFIER_PART,INFERRED_NOT_OFFICIAL
COMMITTEE-8545BC0EE2F0009A,UNVALIDATED_PART_CLUSTER::IS 18750 (Part 8/Sec 2):2025,DERIVED_FROM_IDENTIFIER_PART,INFERRED_NOT_OFFICIAL
COMMITTEE-DEF29B40ED685240,UNVALIDATED_PART_CLUSTER::IS 5746 (Part 2):2025,DERIVED_FROM_IDENTIFIER_PART,INFERRED_NOT_OFFICIAL
COMMITTEE-634C7F7596A6C488,UNVALIDATED_PART_CLUSTER::IS 5746 (Part 3):2025,DERIVED_FROM_IDENTIFIER_PART,INFERRED_NOT_OFFICIAL
COMMITTEE-8AC3FBDF3E51CD7A,UNVALIDATED_PART_CLUSTER::IS 5746 (Part 1):2025,DERIVED_FROM_IDENTIFIER_PART,INFERRED_NOT_OFFICIAL
COMMITTEE-EB652852F4BA54A0,UNVALIDATED_PART_CLUSTER::IS 8790 (Part 1):2025,DERIVED_FROM_IDENTIFIER_PART,INFERRED_NOT_OFFICIAL
COMMITTEE-79CBF50FCF280F39,UNVALIDATED_PART_CLUSTER::IS 7105 (Part 1):2025,DERIVED_FROM_IDENTIFIER_PART,INFERRED_NOT_OFFICIAL
COMMITTEE-F1EBA048ABA8D592,UNVALIDATED_PART_CLUSTER::IS 7105 (Part 2):2025,DERIVED_FROM_IDENTIFIER_PART,INFERRED_NOT_OFFICIAL
COMMITTEE-CE34322DA047B145,UNVALIDATED_PART_CLUSTER::IS 17900 (Part 11):2025,DERIVED_FROM_IDENTIFIER_PART,INFERRED_NOT_OFFICIAL
COMMITTEE-7A5D113A28F44C29,UNVALIDATED_PART_CLUSTER::IS 1448 (Part 201):2025,DERIVED_FROM_IDENTIFIER_PART,INFERRED_NOT_OFFICIAL
COMMITTEE-DD616D63A5F2AE9F,UNVALIDATED_PART_CLUSTER::IS 15930 (Part 1):2025,DERIVED_FROM_IDENTIFIER_PART,INFERRED_NOT_OFFICIAL
COMMITTEE-90AA493686BD6D24,UNVALIDATED_PART_CLUSTER::IS 13334 (Part 1):2025,DERIVED_FROM_IDENTIFIER_PART,INFERRED_NOT_OFFICIAL
COMMITTEE-94F6E6C620EA5C22,UNVALIDATED_PART_CLUSTER::IS 13334 (Part 2):2025,DERIVED_FROM_IDENTIFIER_PART,INFERRED_NOT_OFFICIAL
COMMITTEE-44B6192C91906E41,UNVALIDATED_PART_CLUSTER::IS 6885 (Part 1):2025,DERIVED_FROM_IDENTIFIER_PART,INFERRED_NOT_OFFICIAL
COMMITTEE-EDA176178DA6D103,UNVALIDATED_PART_CLUSTER::IS 16730 (Part 1):2025,DERIVED_FROM_IDENTIFIER_PART,INFERRED_NOT_OFFICIAL
COMMITTEE-0B65CBC02CF67F47,UNVALIDATED_PART_CLUSTER::IS 4454 (Part 2):2025,DERIVED_FROM_IDENTIFIER_PART,INFERRED_NOT_OFFICIAL
COMMITTEE-6B24EF549497EB8D,UNVALIDATED_PART_CLUSTER::IS 15086 (Part 8):2025,DERIVED_FROM_IDENTIFIER_PART,INFERRED_NOT_OFFICIAL
COMMITTEE-5C2F93D631CF3B6B,UNVALIDATED_PART_CLUSTER::IS/IEC 60154 (Part 3):1982,DERIVED_FROM_IDENTIFIER_PART,INFERRED_NOT_OFFICIAL
COMMITTEE-4A36E2430ABD60BB,UNVALIDATED_PART_CLUSTER::IS 17520 (Part 3):2025,DERIVED_FROM_IDENTIFIER_PART,INFERRED_NOT_OFFICIAL
COMMITTEE-E5AF62B92BA6DE41,UNVALIDATED_PART_CLUSTER::IS 13925 (Part 1):2025,DERIVED_FROM_IDENTIFIER_PART,INFERRED_NOT_OFFICIAL
COMMITTEE-847FBD34E46ACD64,UNVALIDATED_PART_CLUSTER::IS 13925 (Part 2):2025,DERIVED_FROM_IDENTIFIER_PART,INFERRED_NOT_OFFICIAL
COMMITTEE-00130EFFB3688C94,UNVALIDATED_PART_CLUSTER::IS 13925 (Part 3):2025,DERIVED_FROM_IDENTIFIER_PART,INFERRED_NOT_OFFICIAL
COMMITTEE-209DAFD19B05AEB8,UNVALIDATED_PART_CLUSTER::IS 13925 (Part 4):2025,DERIVED_FROM_IDENTIFIER_PART,INFERRED_NOT_OFFICIAL
COMMITTEE-620D44CB2CF41A4F,UNVALIDATED_PART_CLUSTER::IS 17900 (Part 10):2025,DERIVED_FROM_IDENTIFIER_PART,INFERRED_NOT_OFFICIAL
COMMITTEE-EFB375E26681FE89,UNVALIDATED_PART_CLUSTER::IS/IEC/TS 61400 (Part 28):2025,DERIVED_FROM_IDENTIFIER_PART,INFERRED_NOT_OFFICIAL
COMMITTEE-96B32AADF572A134,UNVALIDATED_PART_CLUSTER::IS 16005 (Part 1):2025,DERIVED_FROM_IDENTIFIER_PART,INFERRED_NOT_OFFICIAL
COMMITTEE-E1967CAADD712A44,UNVALIDATED_PART_CLUSTER::IS 7703 (Part 3):2025,DERIVED_FROM_IDENTIFIER_PART,INFERRED_NOT_OFFICIAL
COMMITTEE-EA18C77A5A65A11D,UNVALIDATED_PART_CLUSTER::IS/ISO/IEC 2382 (Part 37):2022,DERIVED_FROM_IDENTIFIER_PART,INFERRED_NOT_OFFICIAL
COMMITTEE-95FE5DF01912B0FA,UNVALIDATED_PART_CLUSTER::IS/IEC 62477 (Part 1):2022,DERIVED_FROM_IDENTIFIER_PART,INFERRED_NOT_OFFICIAL
COMMITTEE-012E151C33D9B7D6,UNVALIDATED_PART_CLUSTER::IS/IEC 62477 (Part 2):2018,DERIVED_FROM_IDENTIFIER_PART,INFERRED_NOT_OFFICIAL
COMMITTEE-9684854C4F14CC79,UNVALIDATED_PART_CLUSTER::IS 19327 (Part 2):2025,DERIVED_FROM_IDENTIFIER_PART,INFERRED_NOT_OFFICIAL
COMMITTEE-3E45397AEC9B1130,UNVALIDATED_PART_CLUSTER::IS/IEC 60034 (Part 27/Sec 1):2017,DERIVED_FROM_IDENTIFIER_PART,INFERRED_NOT_OFFICIAL
COMMITTEE-BEFB1A5765C93230,UNVALIDATED_PART_CLUSTER::IS/IEC 60034 (Part 27/Sec 2):2023,DERIVED_FROM_IDENTIFIER_PART,INFERRED_NOT_OFFICIAL
COMMITTEE-D45EA86077B2083F,UNVALIDATED_PART_CLUSTER::IS/IEC 60034 (Part 27/Sec 3):2015,DERIVED_FROM_IDENTIFIER_PART,INFERRED_NOT_OFFICIAL
COMMITTEE-207F7950319B53D3,UNVALIDATED_PART_CLUSTER::IS/ISO 25639 (Part 1):2025,DERIVED_FROM_IDENTIFIER_PART,INFERRED_NOT_OFFICIAL
COMMITTEE-4CBFB2334E74542E,UNVALIDATED_PART_CLUSTER::IS/IEC 60034 (Part 30/Sec 3):2024,DERIVED_FROM_IDENTIFIER_PART,INFERRED_NOT_OFFICIAL
COMMITTEE-40C7D5E816040385,UNVALIDATED_PART_CLUSTER::IS/IEC 60793 (Part 1/Sec 22):2024,DERIVED_FROM_IDENTIFIER_PART,INFERRED_NOT_OFFICIAL
COMMITTEE-C63074C0DC29890F,UNVALIDATED_PART_CLUSTER::IS 17900 (Part 4):2025,DERIVED_FROM_IDENTIFIER_PART,INFERRED_NOT_OFFICIAL
COMMITTEE-B48409C864AF97C1,UNVALIDATED_PART_CLUSTER::IS/ISO/IEC 5259 (Part 1):2024,DERIVED_FROM_IDENTIFIER_PART,INFERRED_NOT_OFFICIAL
COMMITTEE-A944DE7E336D398F,UNVALIDATED_PART_CLUSTER::IS/ISO/IEC 5259 (Part 2):2024,DERIVED_FROM_IDENTIFIER_PART,INFERRED_NOT_OFFICIAL
COMMITTEE-095D9030C6D22FF5,UNVALIDATED_PART_CLUSTER::IS/ISO/IEC 5259 (Part 3):2024,DERIVED_FROM_IDENTIFIER_PART,INFERRED_NOT_OFFICIAL
COMMITTEE-9B3EF7FFFDF5AAA7,UNVALIDATED_PART_CLUSTER::IS/ISO/IEC 5259 (Part 4):2024,DERIVED_FROM_IDENTIFIER_PART,INFERRED_NOT_OFFICIAL
COMMITTEE-95424814AF7E39DA,UNVALIDATED_PART_CLUSTER::IS 19278 (Part 1):2025,DERIVED_FROM_IDENTIFIER_PART,INFERRED_NOT_OFFICIAL
COMMITTEE-9C73FA0FE6603CD4,UNVALIDATED_PART_CLUSTER::IS 17900 (Part 7/Sec 1):2025,DERIVED_FROM_IDENTIFIER_PART,INFERRED_NOT_OFFICIAL
COMMITTEE-C2A1612D73AE8978,UNVALIDATED_PART_CLUSTER::IS 5182 (Part 30):2025,DERIVED_FROM_IDENTIFIER_PART,INFERRED_NOT_OFFICIAL
COMMITTEE-E8A335DDC3CCA434,UNVALIDATED_PART_CLUSTER::IS 14223 (Part 2):2025,DERIVED_FROM_IDENTIFIER_PART,INFERRED_NOT_OFFICIAL
COMMITTEE-07B8C90E4AEC47F3,UNVALIDATED_PART_CLUSTER::IS 1493 (Part 1):2025,DERIVED_FROM_IDENTIFIER_PART,INFERRED_NOT_OFFICIAL
COMMITTEE-816D40F09C27C12C,UNVALIDATED_PART_CLUSTER::IS 10891 (Part 2):2025,DERIVED_FROM_IDENTIFIER_PART,INFERRED_NOT_OFFICIAL
COMMITTEE-10601882D37717CC,UNVALIDATED_PART_CLUSTER::IS 18651 (Part 14):2025,DERIVED_FROM_IDENTIFIER_PART,INFERRED_NOT_OFFICIAL
COMMITTEE-2888E0DECC827F6D,UNVALIDATED_PART_CLUSTER::IS 19380 (Part 4):2025,DERIVED_FROM_IDENTIFIER_PART,INFERRED_NOT_OFFICIAL
COMMITTEE-BBE8C4425CD09F2C,UNVALIDATED_PART_CLUSTER::IS 19380 (Part 1):2025,DERIVED_FROM_IDENTIFIER_PART,INFERRED_NOT_OFFICIAL
COMMITTEE-4F45F51E2B833CC1,UNVALIDATED_PART_CLUSTER::IS 17900 (Part 7/Sec 4):2025,DERIVED_FROM_IDENTIFIER_PART,INFERRED_NOT_OFFICIAL
COMMITTEE-4C5124D714DC77B0,UNVALIDATED_PART_CLUSTER::IS 17900 (Part 7/Sec 2):2025,DERIVED_FROM_IDENTIFIER_PART,INFERRED_NOT_OFFICIAL
COMMITTEE-64745CFF83F23DB9,UNVALIDATED_PART_CLUSTER::IS 16180 (Part 13):2025,DERIVED_FROM_IDENTIFIER_PART,INFERRED_NOT_OFFICIAL
COMMITTEE-CE4A8445E4084BD3,UNVALIDATED_PART_CLUSTER::IS 11646 (Part 1):2025,DERIVED_FROM_IDENTIFIER_PART,INFERRED_NOT_OFFICIAL
COMMITTEE-EEEBB66A657012D0,UNVALIDATED_PART_CLUSTER::IS 4644 (Part 2):2025,DERIVED_FROM_IDENTIFIER_PART,INFERRED_NOT_OFFICIAL
COMMITTEE-EE43AD9AE1F32E4F,UNVALIDATED_PART_CLUSTER::IS 4644 (Part 1):2025,DERIVED_FROM_IDENTIFIER_PART,INFERRED_NOT_OFFICIAL
COMMITTEE-A9B1DE7B758337DB,UNVALIDATED_PART_CLUSTER::IS 17900 (Part 7/Sec 6):2025,DERIVED_FROM_IDENTIFIER_PART,INFERRED_NOT_OFFICIAL
COMMITTEE-4B3D9F9481A37361,UNVALIDATED_PART_CLUSTER::IS/IEC 61400 (Part 29):2023,DERIVED_FROM_IDENTIFIER_PART,INFERRED_NOT_OFFICIAL
COMMITTEE-C70EAA717CE0C991,UNVALIDATED_PART_CLUSTER::IS 9873 (Part 12):2025,DERIVED_FROM_IDENTIFIER_PART,INFERRED_NOT_OFFICIAL
COMMITTEE-51908791A5D89226,UNVALIDATED_PART_CLUSTER::IS 1448 (Part 119):2025,DERIVED_FROM_IDENTIFIER_PART,INFERRED_NOT_OFFICIAL
COMMITTEE-5C273AD9DC25C44F,UNVALIDATED_PART_CLUSTER::IS 14635 (Part 1):2025,DERIVED_FROM_IDENTIFIER_PART,INFERRED_NOT_OFFICIAL
COMMITTEE-FAF54611A559675A,UNVALIDATED_PART_CLUSTER::IS 9873 (Part 1):2025,DERIVED_FROM_IDENTIFIER_PART,INFERRED_NOT_OFFICIAL
COMMITTEE-DB8F725A03CBBFC5,UNVALIDATED_PART_CLUSTER::IS 9873 (Part 2):2025,DERIVED_FROM_IDENTIFIER_PART,INFERRED_NOT_OFFICIAL
COMMITTEE-2C84CFCDF27B082C,UNVALIDATED_PART_CLUSTER::IS 9873 (Part 6):2025,DERIVED_FROM_IDENTIFIER_PART,INFERRED_NOT_OFFICIAL
COMMITTEE-9DB0E83D0F9ADABA,UNVALIDATED_PART_CLUSTER::IS 4644 (Part 3):2025,DERIVED_FROM_IDENTIFIER_PART,INFERRED_NOT_OFFICIAL
COMMITTEE-1A49F03EB67F86D5,UNVALIDATED_PART_CLUSTER::IS 12933 (Part 2):2025,DERIVED_FROM_IDENTIFIER_PART,INFERRED_NOT_OFFICIAL
COMMITTEE-C7B745E3B9C1305C,UNVALIDATED_PART_CLUSTER::IS 12933 (Part 5):2025,DERIVED_FROM_IDENTIFIER_PART,INFERRED_NOT_OFFICIAL
COMMITTEE-063307D1CAA036BE,UNVALIDATED_PART_CLUSTER::IS 9471 (Part 1):2025,DERIVED_FROM_IDENTIFIER_PART,INFERRED_NOT_OFFICIAL
COMMITTEE-A84610EEE415EF9A,UNVALIDATED_PART_CLUSTER::IS/ISO/IEC 27033 (Part 7):2023,DERIVED_FROM_IDENTIFIER_PART,INFERRED_NOT_OFFICIAL
COMMITTEE-F2E71504C2CF95F8,UNVALIDATED_PART_CLUSTER::IS/IEC 60958 (Part 4/Sec 2):2016,DERIVED_FROM_IDENTIFIER_PART,INFERRED_NOT_OFFICIAL
COMMITTEE-821CADD54AB61D9A,UNVALIDATED_PART_CLUSTER::IS/IEC 60958 (Part 4/Sec 4):2016,DERIVED_FROM_IDENTIFIER_PART,INFERRED_NOT_OFFICIAL
COMMITTEE-A7270E3CB712C79D,UNVALIDATED_PART_CLUSTER::IS/IEC 60958 (Part 3):2021,DERIVED_FROM_IDENTIFIER_PART,INFERRED_NOT_OFFICIAL
COMMITTEE-26234E958C1B73D3,UNVALIDATED_PART_CLUSTER::IS/IEC 61400 (Part 21/Sec 2):2023,DERIVED_FROM_IDENTIFIER_PART,INFERRED_NOT_OFFICIAL
COMMITTEE-A99AB6C36E76C744,UNVALIDATED_PART_CLUSTER::IS/IEC TS 61400 (Part 29):2023,DERIVED_FROM_IDENTIFIER_PART,INFERRED_NOT_OFFICIAL
COMMITTEE-287DDAC126EF1726,UNVALIDATED_PART_CLUSTER::IS 18888 (Part 2):2025,DERIVED_FROM_IDENTIFIER_PART,INFERRED_NOT_OFFICIAL
COMMITTEE-317E3998A3F2F94D,UNVALIDATED_PART_CLUSTER::IS 19329 (Part 4):2025,DERIVED_FROM_IDENTIFIER_PART,INFERRED_NOT_OFFICIAL
COMMITTEE-57FFA11C02071204,UNVALIDATED_PART_CLUSTER::IS 7587 (Part 8):2025,DERIVED_FROM_IDENTIFIER_PART,INFERRED_NOT_OFFICIAL
COMMITTEE-F8FB9DCDA440E30A,UNVALIDATED_PART_CLUSTER::IS 19047 (Part 4):2025,DERIVED_FROM_IDENTIFIER_PART,INFERRED_NOT_OFFICIAL
COMMITTEE-480478BF739FE1CA,UNVALIDATED_PART_CLUSTER::IS 19282 (Part 1):2025,DERIVED_FROM_IDENTIFIER_PART,INFERRED_NOT_OFFICIAL
COMMITTEE-7D65691B800FB46A,UNVALIDATED_PART_CLUSTER::IS 19282 (Part 2):2025,DERIVED_FROM_IDENTIFIER_PART,INFERRED_NOT_OFFICIAL
COMMITTEE-F68EB888EC395254,UNVALIDATED_PART_CLUSTER::IS/ISO/IEC 19795 (Part 1):2021,DERIVED_FROM_IDENTIFIER_PART,INFERRED_NOT_OFFICIAL
COMMITTEE-968B8660F95BB620,UNVALIDATED_PART_CLUSTER::IS/IEC 60269 (Part 4):2009,DERIVED_FROM_IDENTIFIER_PART,INFERRED_NOT_OFFICIAL
COMMITTEE-CC45648940081BD9,UNVALIDATED_PART_CLUSTER::IS 3025 (Part 85):2025,DERIVED_FROM_IDENTIFIER_PART,INFERRED_NOT_OFFICIAL
COMMITTEE-0FB6142B4713DCC9,UNVALIDATED_PART_CLUSTER::IS 3025 (Part 32):2025,DERIVED_FROM_IDENTIFIER_PART,INFERRED_NOT_OFFICIAL
COMMITTEE-79E05F0C1BC6E075,UNVALIDATED_PART_CLUSTER::IS 3025 (Part 48):2025,DERIVED_FROM_IDENTIFIER_PART,INFERRED_NOT_OFFICIAL
COMMITTEE-32F1FE50F7D36B6A,UNVALIDATED_PART_CLUSTER::IS 17964 (Part 7):2025,DERIVED_FROM_IDENTIFIER_PART,INFERRED_NOT_OFFICIAL
COMMITTEE-20D8E9B51F87908B,UNVALIDATED_PART_CLUSTER::IS/IEC 61400 (Part 12/Sec 1):2022,DERIVED_FROM_IDENTIFIER_PART,INFERRED_NOT_OFFICIAL
COMMITTEE-2300FF3F5CF3BFCA,UNVALIDATED_PART_CLUSTER::IS/IEC 61400 (Part 12/Sec 2):2022,DERIVED_FROM_IDENTIFIER_PART,INFERRED_NOT_OFFICIAL
COMMITTEE-35ED78CCA58D5223,UNVALIDATED_PART_CLUSTER::IS/IEC 61400 (Part 50/Sec 1):2022,DERIVED_FROM_IDENTIFIER_PART,INFERRED_NOT_OFFICIAL
COMMITTEE-DB4157FFF0EAE43C,UNVALIDATED_PART_CLUSTER::IS/IEC 61400 (Part 12):2022,DERIVED_FROM_IDENTIFIER_PART,INFERRED_NOT_OFFICIAL
COMMITTEE-2649C7A39B58BEC5,UNVALIDATED_PART_CLUSTER::IS 19227 (Part 1):2025,DERIVED_FROM_IDENTIFIER_PART,INFERRED_NOT_OFFICIAL
COMMITTEE-35D7063EB8C9C7B3,UNVALIDATED_PART_CLUSTER::IS 18875 (Part 10101):2025,DERIVED_FROM_IDENTIFIER_PART,INFERRED_NOT_OFFICIAL
COMMITTEE-6A14FBDF9E6F341F,UNVALIDATED_PART_CLUSTER::IS 18349 (Part 2):2025,DERIVED_FROM_IDENTIFIER_PART,INFERRED_NOT_OFFICIAL
COMMITTEE-64711394191C2DC1,UNVALIDATED_PART_CLUSTER::IS 18349 (Part 3):2025,DERIVED_FROM_IDENTIFIER_PART,INFERRED_NOT_OFFICIAL
COMMITTEE-E4F6A09C1C3C30C0,UNVALIDATED_PART_CLUSTER::IS 19333 (Part 1):2025,DERIVED_FROM_IDENTIFIER_PART,INFERRED_NOT_OFFICIAL
COMMITTEE-E7027F1194E0DB65,UNVALIDATED_PART_CLUSTER::IS 19333 (Part 2):2025,DERIVED_FROM_IDENTIFIER_PART,INFERRED_NOT_OFFICIAL
COMMITTEE-5F8387C40F7DA2C6,UNVALIDATED_PART_CLUSTER::IS 13450 (Part 2/Sec 67):2025,DERIVED_FROM_IDENTIFIER_PART,INFERRED_NOT_OFFICIAL
COMMITTEE-1086730618009098,UNVALIDATED_PART_CLUSTER::IS 13450 (Part 2/Sec 74):2025,DERIVED_FROM_IDENTIFIER_PART,INFERRED_NOT_OFFICIAL
COMMITTEE-28498F5FDDBF6665,UNVALIDATED_PART_CLUSTER::IS 13450 (Part 2/Sec 72):2025,DERIVED_FROM_IDENTIFIER_PART,INFERRED_NOT_OFFICIAL
COMMITTEE-DEEE4446CFEC9BCC,UNVALIDATED_PART_CLUSTER::IS 19228 (Part 1):2025,DERIVED_FROM_IDENTIFIER_PART,INFERRED_NOT_OFFICIAL
COMMITTEE-F9F9D11B8864A835,UNVALIDATED_PART_CLUSTER::IS 13450 (Part 2/Sec 55):2025,DERIVED_FROM_IDENTIFIER_PART,INFERRED_NOT_OFFICIAL
COMMITTEE-9905A341DC3B9EE4,UNVALIDATED_PART_CLUSTER::IS 18881 (Part 1):2025,DERIVED_FROM_IDENTIFIER_PART,INFERRED_NOT_OFFICIAL
COMMITTEE-5C7A4C4920D17897,UNVALIDATED_PART_CLUSTER::IS 19047 (Part 7):2025,DERIVED_FROM_IDENTIFIER_PART,INFERRED_NOT_OFFICIAL
COMMITTEE-8E1B864449BA4BB7,UNVALIDATED_PART_CLUSTER::IS 18594 (Part 2):2025,DERIVED_FROM_IDENTIFIER_PART,INFERRED_NOT_OFFICIAL
COMMITTEE-3D8E2D14FF40FAD9,UNVALIDATED_PART_CLUSTER::IS 16491 (Part 2):2025,DERIVED_FROM_IDENTIFIER_PART,INFERRED_NOT_OFFICIAL
COMMITTEE-6F4A98BC0CCECFFB,UNVALIDATED_PART_CLUSTER::IS 1448 (Part 25/Sec 1):2025,DERIVED_FROM_IDENTIFIER_PART,INFERRED_NOT_OFFICIAL
COMMITTEE-30922F047D14F85D,UNVALIDATED_PART_CLUSTER::IS 16605 (Part 2):2025,DERIVED_FROM_IDENTIFIER_PART,INFERRED_NOT_OFFICIAL
COMMITTEE-B5ED81FCE0234BC6,UNVALIDATED_PART_CLUSTER::IS 16630 (Part 1):2025,DERIVED_FROM_IDENTIFIER_PART,INFERRED_NOT_OFFICIAL
COMMITTEE-03FEF258590A87FE,UNVALIDATED_PART_CLUSTER::IS 3025 (Part 38):2025,DERIVED_FROM_IDENTIFIER_PART,INFERRED_NOT_OFFICIAL
COMMITTEE-2CAD5EE2E9008C33,UNVALIDATED_PART_CLUSTER::IS 18651 (Part 28):2025,DERIVED_FROM_IDENTIFIER_PART,INFERRED_NOT_OFFICIAL
COMMITTEE-718A7D5A8BF0239A,UNVALIDATED_PART_CLUSTER::IS 18651 (Part 30):2025,DERIVED_FROM_IDENTIFIER_PART,INFERRED_NOT_OFFICIAL
COMMITTEE-06C85239A59E457C,UNVALIDATED_PART_CLUSTER::IS 19334 (Part 1):2025,DERIVED_FROM_IDENTIFIER_PART,INFERRED_NOT_OFFICIAL
COMMITTEE-D95714D25C3D99CC,UNVALIDATED_PART_CLUSTER::IS 18651 (Part 25):2025,DERIVED_FROM_IDENTIFIER_PART,INFERRED_NOT_OFFICIAL
COMMITTEE-5676137671B40110,UNVALIDATED_PART_CLUSTER::IS 18651 (Part 21):2025,DERIVED_FROM_IDENTIFIER_PART,INFERRED_NOT_OFFICIAL
COMMITTEE-70B48EB6985FCBB5,UNVALIDATED_PART_CLUSTER::IS 6273 (Part 2):2025,DERIVED_FROM_IDENTIFIER_PART,INFERRED_NOT_OFFICIAL
COMMITTEE-3D6414EC8FCF5BB3,UNVALIDATED_PART_CLUSTER::IS 6273 (Part 3/Sec 1):2025,DERIVED_FROM_IDENTIFIER_PART,INFERRED_NOT_OFFICIAL
COMMITTEE-EDE11FA499F12525,UNVALIDATED_PART_CLUSTER::IS 9568 (Part 1):2025,DERIVED_FROM_IDENTIFIER_PART,INFERRED_NOT_OFFICIAL
COMMITTEE-F79472BB60A9C54F,UNVALIDATED_PART_CLUSTER::IS 14439 (Part 4):2025,DERIVED_FROM_IDENTIFIER_PART,INFERRED_NOT_OFFICIAL
COMMITTEE-AD59177B07FBA4A4,UNVALIDATED_PART_CLUSTER::IS 18006 (Part 5/Sec 1):2025,DERIVED_FROM_IDENTIFIER_PART,INFERRED_NOT_OFFICIAL
COMMITTEE-A972B742FFA1EA2D,UNVALIDATED_PART_CLUSTER::IS 1447 (Part 4):2025,DERIVED_FROM_IDENTIFIER_PART,INFERRED_NOT_OFFICIAL
COMMITTEE-FFBCD92D40531D78,UNVALIDATED_PART_CLUSTER::IS 3400 (Part 20):2025,DERIVED_FROM_IDENTIFIER_PART,INFERRED_NOT_OFFICIAL
COMMITTEE-9EBC6EFD39BF1E18,UNVALIDATED_PART_CLUSTER::IS 4707 (Part 2):2025,DERIVED_FROM_IDENTIFIER_PART,INFERRED_NOT_OFFICIAL
COMMITTEE-1058060424F0F4F2,UNVALIDATED_PART_CLUSTER::IS 4707 (Part 3):2025,DERIVED_FROM_IDENTIFIER_PART,INFERRED_NOT_OFFICIAL
COMMITTEE-FDB430D47D206AB8,UNVALIDATED_PART_CLUSTER::IS 11312 (Part 1):2025,DERIVED_FROM_IDENTIFIER_PART,INFERRED_NOT_OFFICIAL
COMMITTEE-4DD1DCF92E46BACF,UNVALIDATED_PART_CLUSTER::IS 302 (Part 2/Sec 40):2025,DERIVED_FROM_IDENTIFIER_PART,INFERRED_NOT_OFFICIAL
COMMITTEE-13543D43FB6F5788,UNVALIDATED_PART_CLUSTER::IS 4682 (Part 9):2025,DERIVED_FROM_IDENTIFIER_PART,INFERRED_NOT_OFFICIAL
COMMITTEE-453EDD3D3A6A6F04,UNVALIDATED_PART_CLUSTER::IS/ISO 10218 (Part 1):2025,DERIVED_FROM_IDENTIFIER_PART,INFERRED_NOT_OFFICIAL
COMMITTEE-F14D068732130016,UNVALIDATED_PART_CLUSTER::IS 10891 (Part 1):2025,DERIVED_FROM_IDENTIFIER_PART,INFERRED_NOT_OFFICIAL
COMMITTEE-FBF3245D2BAE6CD7,UNVALIDATED_PART_CLUSTER::IS 13360 (Part 4/Sec 1/SubSec 1):2025,DERIVED_FROM_IDENTIFIER_PART,INFERRED_NOT_OFFICIAL
COMMITTEE-D7334419AE5094F9,UNVALIDATED_PART_CLUSTER::IS 13360 (Part 5/Sec 29):2025,DERIVED_FROM_IDENTIFIER_PART,INFERRED_NOT_OFFICIAL
COMMITTEE-7B2AC8D9FDA1C2A6,UNVALIDATED_PART_CLUSTER::IS 14458 (Part 9):2025,DERIVED_FROM_IDENTIFIER_PART,INFERRED_NOT_OFFICIAL
COMMITTEE-30541CF6CCAA4E7E,UNVALIDATED_PART_CLUSTER::IS 7063 (Part 3):2025,DERIVED_FROM_IDENTIFIER_PART,INFERRED_NOT_OFFICIAL
COMMITTEE-BD57021252B91231,UNVALIDATED_PART_CLUSTER::IS 7063 (Part 4):2025,DERIVED_FROM_IDENTIFIER_PART,INFERRED_NOT_OFFICIAL
COMMITTEE-1071B398C9DD0C4E,UNVALIDATED_PART_CLUSTER::IS 19247 (Part 2):2025,DERIVED_FROM_IDENTIFIER_PART,INFERRED_NOT_OFFICIAL
COMMITTEE-625387CA5868E07D,UNVALIDATED_PART_CLUSTER::IS 19327 (Part 1):2025,DERIVED_FROM_IDENTIFIER_PART,INFERRED_NOT_OFFICIAL
COMMITTEE-249F9AECA2E8DC9A,UNVALIDATED_PART_CLUSTER::IS/IEC/TS 60034 (Part 27/Sec 5):2021,DERIVED_FROM_IDENTIFIER_PART,INFERRED_NOT_OFFICIAL
COMMITTEE-5637060340A9B601,UNVALIDATED_PART_CLUSTER::IS 14661 (Part 3/Sec 5):2025,DERIVED_FROM_IDENTIFIER_PART,INFERRED_NOT_OFFICIAL
COMMITTEE-08A566C0E31E812B,UNVALIDATED_PART_CLUSTER::IS 11255 (Part 16):2025,DERIVED_FROM_IDENTIFIER_PART,INFERRED_NOT_OFFICIAL
COMMITTEE-CD38FC935410BBD3,UNVALIDATED_PART_CLUSTER::IS/ISO 14055 (Part 1):2017,DERIVED_FROM_IDENTIFIER_PART,INFERRED_NOT_OFFICIAL
COMMITTEE-8BE5B01450AA5FE9,UNVALIDATED_PART_CLUSTER::IS/ISO 14068 (Part 1):2023,DERIVED_FROM_IDENTIFIER_PART,INFERRED_NOT_OFFICIAL
COMMITTEE-6FFF7A198AAD9A00,UNVALIDATED_PART_CLUSTER::IS 14661 (Part 1):2025,DERIVED_FROM_IDENTIFIER_PART,INFERRED_NOT_OFFICIAL
COMMITTEE-736AE06E37A5B17A,UNVALIDATED_PART_CLUSTER::IS 14661 (Part 3/Sec 1):2025,DERIVED_FROM_IDENTIFIER_PART,INFERRED_NOT_OFFICIAL
COMMITTEE-FF705B4C679E3679,UNVALIDATED_PART_CLUSTER::IS 14661 (Part 3/Sec 2):2025,DERIVED_FROM_IDENTIFIER_PART,INFERRED_NOT_OFFICIAL
COMMITTEE-1D865736B629E7E6,UNVALIDATED_PART_CLUSTER::IS 14661 (Part 3/Sec 3):2025,DERIVED_FROM_IDENTIFIER_PART,INFERRED_NOT_OFFICIAL
COMMITTEE-C04C79549FBEC348,UNVALIDATED_PART_CLUSTER::IS 14661 (Part 3/Sec 4):2025,DERIVED_FROM_IDENTIFIER_PART,INFERRED_NOT_OFFICIAL
COMMITTEE-EE11CAAFF5FE1500,UNVALIDATED_PART_CLUSTER::IS 14661 (Part 3/Sec 7):2025,DERIVED_FROM_IDENTIFIER_PART,INFERRED_NOT_OFFICIAL
COMMITTEE-C31FD3186BF96857,UNVALIDATED_PART_CLUSTER::IS 18006 (Part 4/Sec 1):2025,DERIVED_FROM_IDENTIFIER_PART,INFERRED_NOT_OFFICIAL
COMMITTEE-6A7FC0DEAD30DC3C,UNVALIDATED_PART_CLUSTER::IS 18006 (Part 6/Sec 1):2025,DERIVED_FROM_IDENTIFIER_PART,INFERRED_NOT_OFFICIAL
COMMITTEE-2DAF8A09B7043844,UNVALIDATED_PART_CLUSTER::IS 14661 (Part 3/Sec 6):2025,DERIVED_FROM_IDENTIFIER_PART,INFERRED_NOT_OFFICIAL
COMMITTEE-442511D57E16B182,UNVALIDATED_PART_CLUSTER::IS/ISO 14960 (Part 2):2024,DERIVED_FROM_IDENTIFIER_PART,INFERRED_NOT_OFFICIAL
COMMITTEE-DA2BC51AFF9727D6,UNVALIDATED_PART_CLUSTER::IS 19065 (Part 6):2025,DERIVED_FROM_IDENTIFIER_PART,INFERRED_NOT_OFFICIAL
COMMITTEE-84DD8AE2BDEF49DE,UNVALIDATED_PART_CLUSTER::IS 1984 (Part 4):2025,DERIVED_FROM_IDENTIFIER_PART,INFERRED_NOT_OFFICIAL
COMMITTEE-0FF4D18D269090CB,UNVALIDATED_PART_CLUSTER::IS 5182 (Part 8):2025,DERIVED_FROM_IDENTIFIER_PART,INFERRED_NOT_OFFICIAL
COMMITTEE-D7CCEA7AB7FDEB08,UNVALIDATED_PART_CLUSTER::IS 9968 (Part 1):2025,DERIVED_FROM_IDENTIFIER_PART,INFERRED_NOT_OFFICIAL
COMMITTEE-3ABF1F447A5DBB78,UNVALIDATED_PART_CLUSTER::IS 10584 (Part 2):2025,DERIVED_FROM_IDENTIFIER_PART,INFERRED_NOT_OFFICIAL
COMMITTEE-9A5EF53374BDFCE7,UNVALIDATED_PART_CLUSTER::IS 14956 (Part 1):2025,DERIVED_FROM_IDENTIFIER_PART,INFERRED_NOT_OFFICIAL
COMMITTEE-AF9AF81649CFC826,UNVALIDATED_PART_CLUSTER::IS 1448 (Part 34):2025,DERIVED_FROM_IDENTIFIER_PART,INFERRED_NOT_OFFICIAL
COMMITTEE-1755DCBA6B709808,UNVALIDATED_PART_CLUSTER::IS 3400 (Part 26):2025,DERIVED_FROM_IDENTIFIER_PART,INFERRED_NOT_OFFICIAL
COMMITTEE-8D2455A75601A995,UNVALIDATED_PART_CLUSTER::IS 4682 (Part 7):2025,DERIVED_FROM_IDENTIFIER_PART,INFERRED_NOT_OFFICIAL
COMMITTEE-97E572728303B019,UNVALIDATED_PART_CLUSTER::IS 4682 (Part 10):2025,DERIVED_FROM_IDENTIFIER_PART,INFERRED_NOT_OFFICIAL
COMMITTEE-D9E62080DA682C35,UNVALIDATED_PART_CLUSTER::IS 13445 (Part 1):2025,DERIVED_FROM_IDENTIFIER_PART,INFERRED_NOT_OFFICIAL
COMMITTEE-96D45ED8D80D00BA,UNVALIDATED_PART_CLUSTER::IS 13445 (Part 2):2025,DERIVED_FROM_IDENTIFIER_PART,INFERRED_NOT_OFFICIAL
COMMITTEE-F049B7B3E7022012,UNVALIDATED_PART_CLUSTER::IS 2629 (Part 1):2025,DERIVED_FROM_IDENTIFIER_PART,INFERRED_NOT_OFFICIAL
COMMITTEE-6DC57C09D3C806ED,UNVALIDATED_PART_CLUSTER::IS/ISO 10263 (Part 5):2009,DERIVED_FROM_IDENTIFIER_PART,INFERRED_NOT_OFFICIAL
COMMITTEE-65A979B35B76638A,UNVALIDATED_PART_CLUSTER::IS/ISO 10218 (Part 2):2025,DERIVED_FROM_IDENTIFIER_PART,INFERRED_NOT_OFFICIAL
COMMITTEE-4E42C857F918326B,UNVALIDATED_PART_CLUSTER::IS 12933 (Part 1):2025,DERIVED_FROM_IDENTIFIER_PART,INFERRED_NOT_OFFICIAL
COMMITTEE-4D2FE7FF6BBA4B7E,UNVALIDATED_PART_CLUSTER::IS 10994 (Part 3):2025,DERIVED_FROM_IDENTIFIER_PART,INFERRED_NOT_OFFICIAL
COMMITTEE-8F077D9BE736B420,UNVALIDATED_PART_CLUSTER::IS 7703 (Part 1):2025,DERIVED_FROM_IDENTIFIER_PART,INFERRED_NOT_OFFICIAL
COMMITTEE-F5961263206FAFF1,UNVALIDATED_PART_CLUSTER::IS 7879 (Part 5):2025,DERIVED_FROM_IDENTIFIER_PART,INFERRED_NOT_OFFICIAL
COMMITTEE-BB93DC0FEF0A179A,UNVALIDATED_PART_CLUSTER::IS 7879 (Part 6):2025,DERIVED_FROM_IDENTIFIER_PART,INFERRED_NOT_OFFICIAL
COMMITTEE-6D45AA1AE845C7F0,UNVALIDATED_PART_CLUSTER::IS 10854 (Part 6):2025,DERIVED_FROM_IDENTIFIER_PART,INFERRED_NOT_OFFICIAL
COMMITTEE-588C92CE13C2D5A4,UNVALIDATED_PART_CLUSTER::IS 7879 (Part 4):2025,DERIVED_FROM_IDENTIFIER_PART,INFERRED_NOT_OFFICIAL
COMMITTEE-C3CF98D0481EFE0E,UNVALIDATED_PART_CLUSTER::IS/IEC 60115 (Part 2):2023,DERIVED_FROM_IDENTIFIER_PART,INFERRED_NOT_OFFICIAL
COMMITTEE-EE0FE2A569BCD9DA,UNVALIDATED_PART_CLUSTER::IS 13450 (Part 2/Sec 33):2025,DERIVED_FROM_IDENTIFIER_PART,INFERRED_NOT_OFFICIAL
COMMITTEE-083F27615D4A4E04,UNVALIDATED_PART_CLUSTER::IS 16103 (Part 1):2025,DERIVED_FROM_IDENTIFIER_PART,INFERRED_NOT_OFFICIAL
COMMITTEE-E5A0D1CF8632355C,UNVALIDATED_PART_CLUSTER::IS 16103 (Part 2):2025,DERIVED_FROM_IDENTIFIER_PART,INFERRED_NOT_OFFICIAL
COMMITTEE-4432B7C3D93BE325,UNVALIDATED_PART_CLUSTER::IS 13450 (Part 2/Sec 41):2025,DERIVED_FROM_IDENTIFIER_PART,INFERRED_NOT_OFFICIAL
COMMITTEE-F5B2D50096F1B02B,UNVALIDATED_PART_CLUSTER::IS 13450 (Part 2/Sec 46):2025,DERIVED_FROM_IDENTIFIER_PART,INFERRED_NOT_OFFICIAL
COMMITTEE-6DDBF14EA0CB8844,UNVALIDATED_PART_CLUSTER::IS/IEC 60068 (Part 2/Sec 21):2021,DERIVED_FROM_IDENTIFIER_PART,INFERRED_NOT_OFFICIAL
COMMITTEE-AD1D3AC655BC3588,UNVALIDATED_PART_CLUSTER::IS 17067 (Part 2/Sec 2):2025,DERIVED_FROM_IDENTIFIER_PART,INFERRED_NOT_OFFICIAL
COMMITTEE-9CB50DEA353AEE5C,UNVALIDATED_PART_CLUSTER::IS 7422 (Part 1):2025,DERIVED_FROM_IDENTIFIER_PART,INFERRED_NOT_OFFICIAL
COMMITTEE-B0B89DD722C95FE9,UNVALIDATED_PART_CLUSTER::IS/ISO 12643 (Part 1):2023,DERIVED_FROM_IDENTIFIER_PART,INFERRED_NOT_OFFICIAL
COMMITTEE-6C99160566761D26,UNVALIDATED_PART_CLUSTER::IS 13360 (Part 8/Sec 16):2025,DERIVED_FROM_IDENTIFIER_PART,INFERRED_NOT_OFFICIAL
COMMITTEE-2092349F202EC55B,UNVALIDATED_PART_CLUSTER::IS 1350 (Part 4/Sec 2):2025,DERIVED_FROM_IDENTIFIER_PART,INFERRED_NOT_OFFICIAL
COMMITTEE-A6E5AE93E0739534,UNVALIDATED_PART_CLUSTER::IS 1448 (Part 6):2025,DERIVED_FROM_IDENTIFIER_PART,INFERRED_NOT_OFFICIAL
COMMITTEE-4E6BC2281B16881A,UNVALIDATED_PART_CLUSTER::IS 1448 (Part 55/Sec 1):2025,DERIVED_FROM_IDENTIFIER_PART,INFERRED_NOT_OFFICIAL
COMMITTEE-8F7AC89643A3853D,UNVALIDATED_PART_CLUSTER::IS 1448 (Part 87):2025,DERIVED_FROM_IDENTIFIER_PART,INFERRED_NOT_OFFICIAL
COMMITTEE-E7841F90CBD32D4B,UNVALIDATED_PART_CLUSTER::IS 1448 (Part 25/Sec 2):2025,DERIVED_FROM_IDENTIFIER_PART,INFERRED_NOT_OFFICIAL
COMMITTEE-04798E287DA7FF14,UNVALIDATED_PART_CLUSTER::IS 1448 (Part 101):2025,DERIVED_FROM_IDENTIFIER_PART,INFERRED_NOT_OFFICIAL
COMMITTEE-1F598BF27F70A565,UNVALIDATED_PART_CLUSTER::IS 1448 (Part 111):2025,DERIVED_FROM_IDENTIFIER_PART,INFERRED_NOT_OFFICIAL
COMMITTEE-987ED94F1DFAAD30,UNVALIDATED_PART_CLUSTER::IS 1448 (Part 198):2025,DERIVED_FROM_IDENTIFIER_PART,INFERRED_NOT_OFFICIAL
COMMITTEE-946E9A7B668616DE,UNVALIDATED_PART_CLUSTER::IS 13360 (Part 3/Sec 13):2025,DERIVED_FROM_IDENTIFIER_PART,INFERRED_NOT_OFFICIAL
COMMITTEE-AAA9448C4FC15CC9,UNVALIDATED_PART_CLUSTER::IS 13360 (Part 5/Sec 5/SubSec 2):2025,DERIVED_FROM_IDENTIFIER_PART,INFERRED_NOT_OFFICIAL
COMMITTEE-3F233059ABCB8E76,UNVALIDATED_PART_CLUSTER::IS 13360 (Part 5/Sec 28/SubSec 2):2025,DERIVED_FROM_IDENTIFIER_PART,INFERRED_NOT_OFFICIAL
COMMITTEE-0F932A4E817D77F1,UNVALIDATED_PART_CLUSTER::IS 13360 (Part 5/Sec 30):2025,DERIVED_FROM_IDENTIFIER_PART,INFERRED_NOT_OFFICIAL
COMMITTEE-223FB7496DACFC01,UNVALIDATED_PART_CLUSTER::IS 13360 (Part 6/Sec 1):2025,DERIVED_FROM_IDENTIFIER_PART,INFERRED_NOT_OFFICIAL
COMMITTEE-DFFC2D717E6600A5,UNVALIDATED_PART_CLUSTER::IS 13360 (Part 8/Sec 6/SubSec 2):2025,DERIVED_FROM_IDENTIFIER_PART,INFERRED_NOT_OFFICIAL
COMMITTEE-5FF5106791404F45,UNVALIDATED_PART_CLUSTER::IS 13360 (Part 8/Sec 15):2025,DERIVED_FROM_IDENTIFIER_PART,INFERRED_NOT_OFFICIAL
COMMITTEE-417A48525338D95B,UNVALIDATED_PART_CLUSTER::IS 13360 (Part 8/Sec 17):2025,DERIVED_FROM_IDENTIFIER_PART,INFERRED_NOT_OFFICIAL
COMMITTEE-149802814449F68A,UNVALIDATED_PART_CLUSTER::IS 13360 (Part 8/Sec 18):2025,DERIVED_FROM_IDENTIFIER_PART,INFERRED_NOT_OFFICIAL
COMMITTEE-7B73D20FDE183DDD,UNVALIDATED_PART_CLUSTER::IS 17315 (Part 3):2025,DERIVED_FROM_IDENTIFIER_PART,INFERRED_NOT_OFFICIAL
COMMITTEE-7DF53938AF9B0098,UNVALIDATED_PART_CLUSTER::IS 17315 (Part 4):2025,DERIVED_FROM_IDENTIFIER_PART,INFERRED_NOT_OFFICIAL
COMMITTEE-4BC18897A32691C1,UNVALIDATED_PART_CLUSTER::IS 17315 (Part 5):2025,DERIVED_FROM_IDENTIFIER_PART,INFERRED_NOT_OFFICIAL
COMMITTEE-5ADBBA9EDAA71A3D,UNVALIDATED_PART_CLUSTER::IS 19065 (Part 4):2025,DERIVED_FROM_IDENTIFIER_PART,INFERRED_NOT_OFFICIAL
COMMITTEE-CFF1A4B098F7B43D,UNVALIDATED_PART_CLUSTER::IS 3646 (Part 1):2025,DERIVED_FROM_IDENTIFIER_PART,INFERRED_NOT_OFFICIAL
COMMITTEE-68D15E793DB1C9CA,UNVALIDATED_PART_CLUSTER::IS 14956 (Part 2):2025,DERIVED_FROM_IDENTIFIER_PART,INFERRED_NOT_OFFICIAL
COMMITTEE-5A49D4F862335C7A,UNVALIDATED_PART_CLUSTER::IS/IEC 60269 (Part 7):2021,DERIVED_FROM_IDENTIFIER_PART,INFERRED_NOT_OFFICIAL
COMMITTEE-FAE92A65F84525E6,UNVALIDATED_PART_CLUSTER::IS/IEC 62271 (Part 202):2022,DERIVED_FROM_IDENTIFIER_PART,INFERRED_NOT_OFFICIAL
COMMITTEE-9F4410D3B601F90E,UNVALIDATED_PART_CLUSTER::IS/IEC 62271 (Part 207):2023,DERIVED_FROM_IDENTIFIER_PART,INFERRED_NOT_OFFICIAL
COMMITTEE-6EEE3853945DD003,UNVALIDATED_PART_CLUSTER::IS 1448 (Part 202):2025,DERIVED_FROM_IDENTIFIER_PART,INFERRED_NOT_OFFICIAL
COMMITTEE-E722258D3BE160EC,UNVALIDATED_PART_CLUSTER::IS 8856 (Part 1):2025,DERIVED_FROM_IDENTIFIER_PART,INFERRED_NOT_OFFICIAL
COMMITTEE-361825E4845E9A7B,UNVALIDATED_PART_CLUSTER::IS 101 (Part 3/Sec 2):2025,DERIVED_FROM_IDENTIFIER_PART,INFERRED_NOT_OFFICIAL
COMMITTEE-07E8FDF3DEB245D4,UNVALIDATED_PART_CLUSTER::IS 101 (Part 2/Sec 2):2025,DERIVED_FROM_IDENTIFIER_PART,INFERRED_NOT_OFFICIAL
COMMITTEE-9DA14735FD972D50,UNVALIDATED_PART_CLUSTER::IS 16242 (Part 3):2025,DERIVED_FROM_IDENTIFIER_PART,INFERRED_NOT_OFFICIAL
COMMITTEE-BB28A9F5A4E7A6AB,UNVALIDATED_PART_CLUSTER::IS 18003 (Part 4/Sec 1):2025,DERIVED_FROM_IDENTIFIER_PART,INFERRED_NOT_OFFICIAL
COMMITTEE-9BB41A90398A1200,UNVALIDATED_PART_CLUSTER::IS 19322 (Part 2):2025,DERIVED_FROM_IDENTIFIER_PART,INFERRED_NOT_OFFICIAL
COMMITTEE-81D634791E5E5E0E,UNVALIDATED_PART_CLUSTER::IS/ISO 12643 (Part 2):2023,DERIVED_FROM_IDENTIFIER_PART,INFERRED_NOT_OFFICIAL
COMMITTEE-0438DE52B27C34F2,UNVALIDATED_PART_CLUSTER::IS/ISO 12643 (Part 3):2023,DERIVED_FROM_IDENTIFIER_PART,INFERRED_NOT_OFFICIAL
COMMITTEE-BE29AF461B9179E3,UNVALIDATED_PART_CLUSTER::IS/ISO 12643 (Part 5):2023,DERIVED_FROM_IDENTIFIER_PART,INFERRED_NOT_OFFICIAL
COMMITTEE-4E93B0ADD43D3A7C,UNVALIDATED_PART_CLUSTER::IS/ISO 12643 (Part 4):2023,DERIVED_FROM_IDENTIFIER_PART,INFERRED_NOT_OFFICIAL
COMMITTEE-74E65E8C6C1F3F95,UNVALIDATED_PART_CLUSTER::IS 9568 (Part 3):2025,DERIVED_FROM_IDENTIFIER_PART,INFERRED_NOT_OFFICIAL
COMMITTEE-F46D0BDCAB2951EA,UNVALIDATED_PART_CLUSTER::IS 13614 (Part 1):2025,DERIVED_FROM_IDENTIFIER_PART,INFERRED_NOT_OFFICIAL
COMMITTEE-3A96BAA6D6B92C41,UNVALIDATED_PART_CLUSTER::IS 18988 (Part 3):2025,DERIVED_FROM_IDENTIFIER_PART,INFERRED_NOT_OFFICIAL
COMMITTEE-C57DE7DA37378181,UNVALIDATED_PART_CLUSTER::IS 19316 (Part 1):2025,DERIVED_FROM_IDENTIFIER_PART,INFERRED_NOT_OFFICIAL
COMMITTEE-6362B754B354262B,UNVALIDATED_PART_CLUSTER::IS 6408 (Part 1):2025,DERIVED_FROM_IDENTIFIER_PART,INFERRED_NOT_OFFICIAL
COMMITTEE-2D52C247650BE775,UNVALIDATED_PART_CLUSTER::IS 7879 (Part 8):2025,DERIVED_FROM_IDENTIFIER_PART,INFERRED_NOT_OFFICIAL
COMMITTEE-3A4166E9E39B688C,UNVALIDATED_PART_CLUSTER::IS 7879 (Part 7):2025,DERIVED_FROM_IDENTIFIER_PART,INFERRED_NOT_OFFICIAL
COMMITTEE-929CF8250C7FA6EA,UNVALIDATED_PART_CLUSTER::IS 10854 (Part 1):2025,DERIVED_FROM_IDENTIFIER_PART,INFERRED_NOT_OFFICIAL
COMMITTEE-979884B95346FFA8,UNVALIDATED_PART_CLUSTER::IS 10854 (Part 2):2025,DERIVED_FROM_IDENTIFIER_PART,INFERRED_NOT_OFFICIAL
COMMITTEE-E1103FC965A7D500,UNVALIDATED_PART_CLUSTER::IS 10854 (Part 4):2025,DERIVED_FROM_IDENTIFIER_PART,INFERRED_NOT_OFFICIAL
COMMITTEE-8384E548873C346D,UNVALIDATED_PART_CLUSTER::IS 10854 (Part 5):2025,DERIVED_FROM_IDENTIFIER_PART,INFERRED_NOT_OFFICIAL
COMMITTEE-175208232E7EA1FE,UNVALIDATED_PART_CLUSTER::IS 10854 (Part 3):2025,DERIVED_FROM_IDENTIFIER_PART,INFERRED_NOT_OFFICIAL
COMMITTEE-1889AC6B7FD41DEA,UNVALIDATED_PART_CLUSTER::IS 1559 (Part 2):2025,DERIVED_FROM_IDENTIFIER_PART,INFERRED_NOT_OFFICIAL
COMMITTEE-A7FD81400D1B862E,UNVALIDATED_PART_CLUSTER::IS 1586 (Part 1):2025,DERIVED_FROM_IDENTIFIER_PART,INFERRED_NOT_OFFICIAL
COMMITTEE-22B78D08A1825922,UNVALIDATED_PART_CLUSTER::IS 4027 (Part 6):2025,DERIVED_FROM_IDENTIFIER_PART,INFERRED_NOT_OFFICIAL
COMMITTEE-B650A4AE636328ED,UNVALIDATED_PART_CLUSTER::IS 4027 (Part 8):2025,DERIVED_FROM_IDENTIFIER_PART,INFERRED_NOT_OFFICIAL
COMMITTEE-EE1E1C3B1B111797,UNVALIDATED_PART_CLUSTER::IS 4667 (Part 2):2025,DERIVED_FROM_IDENTIFIER_PART,INFERRED_NOT_OFFICIAL
COMMITTEE-C1D656A453C316A9,UNVALIDATED_PART_CLUSTER::IS 12308 (Part 5):2025,DERIVED_FROM_IDENTIFIER_PART,INFERRED_NOT_OFFICIAL
COMMITTEE-6846B2B96CE59FB6,UNVALIDATED_PART_CLUSTER::IS 12308 (Part 6):2025,DERIVED_FROM_IDENTIFIER_PART,INFERRED_NOT_OFFICIAL
COMMITTEE-8FB064CE34E297B5,UNVALIDATED_PART_CLUSTER::IS 12308 (Part 7):2025,DERIVED_FROM_IDENTIFIER_PART,INFERRED_NOT_OFFICIAL
COMMITTEE-050E2455C9FE6DAF,UNVALIDATED_PART_CLUSTER::IS 12308 (Part 10):2025,DERIVED_FROM_IDENTIFIER_PART,INFERRED_NOT_OFFICIAL
COMMITTEE-6E3636C1FAA2F31C,UNVALIDATED_PART_CLUSTER::IS 15836 (Part 3):2025,DERIVED_FROM_IDENTIFIER_PART,INFERRED_NOT_OFFICIAL
COMMITTEE-B96BB9F03E572158,UNVALIDATED_PART_CLUSTER::IS 7098 (Part 1):2025,DERIVED_FROM_IDENTIFIER_PART,INFERRED_NOT_OFFICIAL
COMMITTEE-2BE2A620A8E672DA,UNVALIDATED_PART_CLUSTER::IS/ISO/IEC 9075 (Part 13):2023,DERIVED_FROM_IDENTIFIER_PART,INFERRED_NOT_OFFICIAL
COMMITTEE-C3F99C714D4E4C23,UNVALIDATED_PART_CLUSTER::IS/ISO/IEC 11179 (Part 3):2023,DERIVED_FROM_IDENTIFIER_PART,INFERRED_NOT_OFFICIAL
COMMITTEE-E79F99D5280865DE,UNVALIDATED_PART_CLUSTER::IS 18594 (Part 1):2025,DERIVED_FROM_IDENTIFIER_PART,INFERRED_NOT_OFFICIAL
COMMITTEE-F5916E58242B25EE,UNVALIDATED_PART_CLUSTER::IS 19284 (Part 1):2025,DERIVED_FROM_IDENTIFIER_PART,INFERRED_NOT_OFFICIAL
COMMITTEE-F03A8992A5D2117F,UNVALIDATED_PART_CLUSTER::IS/IEC 60519 (Part 4):2021,DERIVED_FROM_IDENTIFIER_PART,INFERRED_NOT_OFFICIAL
COMMITTEE-2A4BCD4F44EA44C4,UNVALIDATED_PART_CLUSTER::IS/IEC 61196 (Part 1/Sec 103):2015,DERIVED_FROM_IDENTIFIER_PART,INFERRED_NOT_OFFICIAL
COMMITTEE-65BE8C9ACCA78B2B,UNVALIDATED_PART_CLUSTER::IS/IEC 61196 (Part 1/Sec 111):2024,DERIVED_FROM_IDENTIFIER_PART,INFERRED_NOT_OFFICIAL
COMMITTEE-FC208D02A2FD406E,UNVALIDATED_PART_CLUSTER::IS/IEC 61196 (Part 1/Sec 206):2017,DERIVED_FROM_IDENTIFIER_PART,INFERRED_NOT_OFFICIAL
COMMITTEE-6A3F390AA06B3691,UNVALIDATED_PART_CLUSTER::IS/ISO/IEC 9075 (Part 14):2023,DERIVED_FROM_IDENTIFIER_PART,INFERRED_NOT_OFFICIAL
COMMITTEE-CA54958BD605AE86,UNVALIDATED_PART_CLUSTER::IS 14493 (Part 1):2025,DERIVED_FROM_IDENTIFIER_PART,INFERRED_NOT_OFFICIAL
COMMITTEE-CE48D09BE67E3C98,UNVALIDATED_PART_CLUSTER::IS 17148 (Part 4):2025,DERIVED_FROM_IDENTIFIER_PART,INFERRED_NOT_OFFICIAL
COMMITTEE-69CE6CC9476FD91C,UNVALIDATED_PART_CLUSTER::IS/ISO/IEC 30105 (Part 1):2024,DERIVED_FROM_IDENTIFIER_PART,INFERRED_NOT_OFFICIAL
COMMITTEE-249CADD32ACC2B2F,UNVALIDATED_PART_CLUSTER::IS 12762 (Part 2):2025,DERIVED_FROM_IDENTIFIER_PART,INFERRED_NOT_OFFICIAL
COMMITTEE-C5A3E03002357F70,UNVALIDATED_PART_CLUSTER::IS/IEC 61730 (Part 1):2023,DERIVED_FROM_IDENTIFIER_PART,INFERRED_NOT_OFFICIAL
COMMITTEE-5088E28CE0B99896,UNVALIDATED_PART_CLUSTER::IS/IEC 61730 (Part 2):2023,DERIVED_FROM_IDENTIFIER_PART,INFERRED_NOT_OFFICIAL
COMMITTEE-A8FD6B07776D4E9A,UNVALIDATED_PART_CLUSTER::IS/ISO/IEC 30105 (Part 2):2024,DERIVED_FROM_IDENTIFIER_PART,INFERRED_NOT_OFFICIAL
COMMITTEE-BB457E7C0B3861EF,UNVALIDATED_PART_CLUSTER::IS 13360 (Part 9/Sec 9):2025,DERIVED_FROM_IDENTIFIER_PART,INFERRED_NOT_OFFICIAL
COMMITTEE-7139BA66238A4435,UNVALIDATED_PART_CLUSTER::IS 398 (Part 2):2025,DERIVED_FROM_IDENTIFIER_PART,INFERRED_NOT_OFFICIAL
COMMITTEE-D064BF790C0E8928,UNVALIDATED_PART_CLUSTER::IS 19143 (Part 3/Sec 1):2025,DERIVED_FROM_IDENTIFIER_PART,INFERRED_NOT_OFFICIAL
COMMITTEE-46989B9311202FD9,UNVALIDATED_PART_CLUSTER::IS 6303 (Part 6):2025,DERIVED_FROM_IDENTIFIER_PART,INFERRED_NOT_OFFICIAL
COMMITTEE-41C02BA4CB7414F1,UNVALIDATED_PART_CLUSTER::IS 19173 (Part 1):2025,DERIVED_FROM_IDENTIFIER_PART,INFERRED_NOT_OFFICIAL
COMMITTEE-85B72B2BBCC2BC35,UNVALIDATED_PART_CLUSTER::IS/IEC 60255 (Part 187/Sec 1):2021,DERIVED_FROM_IDENTIFIER_PART,INFERRED_NOT_OFFICIAL
COMMITTEE-A2784715044787D8,UNVALIDATED_PART_CLUSTER::IS/IEC 63203 (Part 201/Sec 1):2022,DERIVED_FROM_IDENTIFIER_PART,INFERRED_NOT_OFFICIAL
COMMITTEE-3CB1DF4B18B1D0E2,UNVALIDATED_PART_CLUSTER::IS 19143 (Part 4/Sec 4):2025,DERIVED_FROM_IDENTIFIER_PART,INFERRED_NOT_OFFICIAL
COMMITTEE-80A586782666DB9D,UNVALIDATED_PART_CLUSTER::IS 10463 (Part 2):2025,DERIVED_FROM_IDENTIFIER_PART,INFERRED_NOT_OFFICIAL
COMMITTEE-FC4D9AE00CDA5CF6,UNVALIDATED_PART_CLUSTER::IS 10463 (Part 6):2025,DERIVED_FROM_IDENTIFIER_PART,INFERRED_NOT_OFFICIAL
COMMITTEE-0DDF1A0086EB2FB1,UNVALIDATED_PART_CLUSTER::IS 11738 (Part 2):2025,DERIVED_FROM_IDENTIFIER_PART,INFERRED_NOT_OFFICIAL
COMMITTEE-D6E09E9A4A06CC42,UNVALIDATED_PART_CLUSTER::IS 12308 (Part 3):2025,DERIVED_FROM_IDENTIFIER_PART,INFERRED_NOT_OFFICIAL
COMMITTEE-65F44E7096502E04,UNVALIDATED_PART_CLUSTER::IS 12308 (Part 8):2025,DERIVED_FROM_IDENTIFIER_PART,INFERRED_NOT_OFFICIAL
COMMITTEE-9E59C14739697E43,UNVALIDATED_PART_CLUSTER::IS 12308 (Part 13):2025,DERIVED_FROM_IDENTIFIER_PART,INFERRED_NOT_OFFICIAL
COMMITTEE-F512A743389E33FA,UNVALIDATED_PART_CLUSTER::IS 4027 (Part 1):2025,DERIVED_FROM_IDENTIFIER_PART,INFERRED_NOT_OFFICIAL
COMMITTEE-2156E4043172B13D,UNVALIDATED_PART_CLUSTER::IS 11239 (Part 4):2025,DERIVED_FROM_IDENTIFIER_PART,INFERRED_NOT_OFFICIAL
COMMITTEE-82017D94143089F9,UNVALIDATED_PART_CLUSTER::IS 17275 (Part 2):2025,DERIVED_FROM_IDENTIFIER_PART,INFERRED_NOT_OFFICIAL
COMMITTEE-3530E200BC356C46,UNVALIDATED_PART_CLUSTER::IS 5182 (Part 29/Sec 1):2025,DERIVED_FROM_IDENTIFIER_PART,INFERRED_NOT_OFFICIAL
COMMITTEE-D744C77F6F0CBB61,UNVALIDATED_PART_CLUSTER::IS 5182 (Part 29/Sec 2):2025,DERIVED_FROM_IDENTIFIER_PART,INFERRED_NOT_OFFICIAL
COMMITTEE-D12A682B210C2151,UNVALIDATED_PART_CLUSTER::IS 19233 (Part 1):2025,DERIVED_FROM_IDENTIFIER_PART,INFERRED_NOT_OFFICIAL
COMMITTEE-CF96449E9D69E94C,UNVALIDATED_PART_CLUSTER::IS/ISO/IEC 30105 (Part 5):2024,DERIVED_FROM_IDENTIFIER_PART,INFERRED_NOT_OFFICIAL
COMMITTEE-8629D346F90AA304,UNVALIDATED_PART_CLUSTER::IS/ISO/IEC 30105 (Part 3):2024,DERIVED_FROM_IDENTIFIER_PART,INFERRED_NOT_OFFICIAL
COMMITTEE-6CDC4BC63A3EB527,UNVALIDATED_PART_CLUSTER::IS/ISO/IEC 27006 (Part 1):2024,DERIVED_FROM_IDENTIFIER_PART,INFERRED_NOT_OFFICIAL
COMMITTEE-3824A8F9F68F1738,UNVALIDATED_PART_CLUSTER::IS 1885 (Part 90):2025,DERIVED_FROM_IDENTIFIER_PART,INFERRED_NOT_OFFICIAL
COMMITTEE-CCA13A4D198E0F69,UNVALIDATED_PART_CLUSTER::IS 13730 (Part 27/Sec 3):2025,DERIVED_FROM_IDENTIFIER_PART,INFERRED_NOT_OFFICIAL
COMMITTEE-5C7883E53595588C,UNVALIDATED_PART_CLUSTER::IS 17123 (Part 1):2025,DERIVED_FROM_IDENTIFIER_PART,INFERRED_NOT_OFFICIAL
COMMITTEE-52AD9D769A1C9B09,UNVALIDATED_PART_CLUSTER::IS 13730 (Part 27/Sec 4):2025,DERIVED_FROM_IDENTIFIER_PART,INFERRED_NOT_OFFICIAL
COMMITTEE-5374C7D76A8AD0E1,UNVALIDATED_PART_CLUSTER::IS 17123 (Part 3):2025,DERIVED_FROM_IDENTIFIER_PART,INFERRED_NOT_OFFICIAL
COMMITTEE-23F3ABB7B01261EF,UNVALIDATED_PART_CLUSTER::IS 17123 (Part 5/Sec 1):2025,DERIVED_FROM_IDENTIFIER_PART,INFERRED_NOT_OFFICIAL
COMMITTEE-59BFD2908869E72E,UNVALIDATED_PART_CLUSTER::IS 17123 (Part 5/Sec 3):2025,DERIVED_FROM_IDENTIFIER_PART,INFERRED_NOT_OFFICIAL
COMMITTEE-B4DF78F75F46BEF8,UNVALIDATED_PART_CLUSTER::IS 17123 (Part 7/Sec 201):2025,DERIVED_FROM_IDENTIFIER_PART,INFERRED_NOT_OFFICIAL
COMMITTEE-E4796AED2F1A9D0E,UNVALIDATED_PART_CLUSTER::IS/IEC 60034 (Part 23):2019,DERIVED_FROM_IDENTIFIER_PART,INFERRED_NOT_OFFICIAL
COMMITTEE-59AF43D23650C16B,UNVALIDATED_PART_CLUSTER::IS 1200 (Part 2):2025,DERIVED_FROM_IDENTIFIER_PART,INFERRED_NOT_OFFICIAL
COMMITTEE-D54AB14500747FCD,UNVALIDATED_PART_CLUSTER::IS 1200 (Part 25):2025,DERIVED_FROM_IDENTIFIER_PART,INFERRED_NOT_OFFICIAL
COMMITTEE-7E88E1A05D875581,UNVALIDATED_PART_CLUSTER::IS 4027 (Part 4):2025,DERIVED_FROM_IDENTIFIER_PART,INFERRED_NOT_OFFICIAL
COMMITTEE-3382F2C075AC2858,UNVALIDATED_PART_CLUSTER::IS 10461 (Part 1):2025,DERIVED_FROM_IDENTIFIER_PART,INFERRED_NOT_OFFICIAL
COMMITTEE-E4C23B34F3DE2E1F,UNVALIDATED_PART_CLUSTER::IS 12308 (Part 2):2025,DERIVED_FROM_IDENTIFIER_PART,INFERRED_NOT_OFFICIAL
COMMITTEE-039B576592502BA1,UNVALIDATED_PART_CLUSTER::IS 4493 (Part 7):2025,DERIVED_FROM_IDENTIFIER_PART,INFERRED_NOT_OFFICIAL
COMMITTEE-2FCFE8BBD276769A,UNVALIDATED_PART_CLUSTER::IS 5182 (Part 3):2025,DERIVED_FROM_IDENTIFIER_PART,INFERRED_NOT_OFFICIAL
COMMITTEE-2C6F67CA385B214D,UNVALIDATED_PART_CLUSTER::IS 13730 (Part 27/Sec 1):2025,DERIVED_FROM_IDENTIFIER_PART,INFERRED_NOT_OFFICIAL
COMMITTEE-14344C2851703BF7,UNVALIDATED_PART_CLUSTER::IS/IEC 62807 (Part 3/Sec 10):2023,DERIVED_FROM_IDENTIFIER_PART,INFERRED_NOT_OFFICIAL
COMMITTEE-E35B38B4C0973678,UNVALIDATED_PART_CLUSTER::IS/IEC 63203 (Part 201/Sec 2):2022,DERIVED_FROM_IDENTIFIER_PART,INFERRED_NOT_OFFICIAL
COMMITTEE-D3736778E256D160,UNVALIDATED_PART_CLUSTER::IS 13730 (Part 27/Sec 2):2025,DERIVED_FROM_IDENTIFIER_PART,INFERRED_NOT_OFFICIAL
COMMITTEE-FF0D8B3A95DB2DD3,UNVALIDATED_PART_CLUSTER::IS 13730 (Part 57):2025,DERIVED_FROM_IDENTIFIER_PART,INFERRED_NOT_OFFICIAL
COMMITTEE-38AB222B4265A6E2,UNVALIDATED_PART_CLUSTER::IS 8539 (Part 2):2025,DERIVED_FROM_IDENTIFIER_PART,INFERRED_NOT_OFFICIAL
COMMITTEE-37B0DF525D72FEA8,UNVALIDATED_PART_CLUSTER::IS 9337 (Part 3):2025,DERIVED_FROM_IDENTIFIER_PART,INFERRED_NOT_OFFICIAL
COMMITTEE-574668B5421B0C70,UNVALIDATED_PART_CLUSTER::IS/IEC/TS 60034 (Part 25):2022,DERIVED_FROM_IDENTIFIER_PART,INFERRED_NOT_OFFICIAL
COMMITTEE-4A00ACB8DB7D1C23,UNVALIDATED_PART_CLUSTER::IS/IEC 62368 (Part 1):2023,DERIVED_FROM_IDENTIFIER_PART,INFERRED_NOT_OFFICIAL
COMMITTEE-8259DD14C194E61A,UNVALIDATED_PART_CLUSTER::IS 16242 (Part 1):2025,DERIVED_FROM_IDENTIFIER_PART,INFERRED_NOT_OFFICIAL
COMMITTEE-B851AC1DBDF4E467,UNVALIDATED_PART_CLUSTER::IS 16539 (Part 1/Sec 1):2025,DERIVED_FROM_IDENTIFIER_PART,INFERRED_NOT_OFFICIAL
COMMITTEE-F7A29C654B0BFEC8,UNVALIDATED_PART_CLUSTER::IS 397 (Part 6):2025,DERIVED_FROM_IDENTIFIER_PART,INFERRED_NOT_OFFICIAL
COMMITTEE-615E9C1930FB4A5B,UNVALIDATED_PART_CLUSTER::IS 5914 (Part 11):2025,DERIVED_FROM_IDENTIFIER_PART,INFERRED_NOT_OFFICIAL
COMMITTEE-C8504AF6A51BB959,UNVALIDATED_PART_CLUSTER::IS 5914 (Part 12):2025,DERIVED_FROM_IDENTIFIER_PART,INFERRED_NOT_OFFICIAL
COMMITTEE-BFBDF5EF23E483C0,UNVALIDATED_PART_CLUSTER::IS 17964 (Part 3):2025,DERIVED_FROM_IDENTIFIER_PART,INFERRED_NOT_OFFICIAL
COMMITTEE-F5471386D982F81E,UNVALIDATED_PART_CLUSTER::IS 18750 (Part 7):2025,DERIVED_FROM_IDENTIFIER_PART,INFERRED_NOT_OFFICIAL
COMMITTEE-3A85F6AA08ABA272,UNVALIDATED_PART_CLUSTER::IS 19279 (Part 1):2025,DERIVED_FROM_IDENTIFIER_PART,INFERRED_NOT_OFFICIAL
COMMITTEE-EA89CC0AF7CEEC54,UNVALIDATED_PART_CLUSTER::IS 8198 (Part 6):2025,DERIVED_FROM_IDENTIFIER_PART,INFERRED_NOT_OFFICIAL
COMMITTEE-490A57721069102D,UNVALIDATED_PART_CLUSTER::IS 16139 (Part 2):2025,DERIVED_FROM_IDENTIFIER_PART,INFERRED_NOT_OFFICIAL
COMMITTEE-D3EADE01E9C49CB7,UNVALIDATED_PART_CLUSTER::IS 7879 (Part 1):2025,DERIVED_FROM_IDENTIFIER_PART,INFERRED_NOT_OFFICIAL
COMMITTEE-80BFFFA9CA21E086,UNVALIDATED_PART_CLUSTER::IS 7879 (Part 2):2025,DERIVED_FROM_IDENTIFIER_PART,INFERRED_NOT_OFFICIAL
COMMITTEE-2A1CA5A0EC61EABA,UNVALIDATED_PART_CLUSTER::IS 7879 (Part 3):2025,DERIVED_FROM_IDENTIFIER_PART,INFERRED_NOT_OFFICIAL
COMMITTEE-D8370CA25851409B,UNVALIDATED_PART_CLUSTER::IS 19261 (Part 1):2025,DERIVED_FROM_IDENTIFIER_PART,INFERRED_NOT_OFFICIAL
COMMITTEE-D447A8884E684757,UNVALIDATED_PART_CLUSTER::IS 19281 (Part 2):2025,DERIVED_FROM_IDENTIFIER_PART,INFERRED_NOT_OFFICIAL
COMMITTEE-D1018A5703B43C91,UNVALIDATED_PART_CLUSTER::IS 19281 (Part 1):2025,DERIVED_FROM_IDENTIFIER_PART,INFERRED_NOT_OFFICIAL
COMMITTEE-5CCA12FA54C10738,UNVALIDATED_PART_CLUSTER::IS 19075 (Part 3):2025,DERIVED_FROM_IDENTIFIER_PART,INFERRED_NOT_OFFICIAL
COMMITTEE-785E3212D83B5ED5,UNVALIDATED_PART_CLUSTER::IS 16137 (Part 2):2025,DERIVED_FROM_IDENTIFIER_PART,INFERRED_NOT_OFFICIAL
COMMITTEE-EA2D140C96000720,UNVALIDATED_PART_CLUSTER::IS/IEC 61169 (Part 24):2019,DERIVED_FROM_IDENTIFIER_PART,INFERRED_NOT_OFFICIAL
COMMITTEE-FAFF9F2065E2E97F,UNVALIDATED_PART_CLUSTER::IS 5914 (Part 13):2025,DERIVED_FROM_IDENTIFIER_PART,INFERRED_NOT_OFFICIAL
COMMITTEE-05335DB8A044E813,UNVALIDATED_PART_CLUSTER::IS 6191 (Part 7):2025,DERIVED_FROM_IDENTIFIER_PART,INFERRED_NOT_OFFICIAL
COMMITTEE-B60D7155A95517F1,UNVALIDATED_PART_CLUSTER::IS 14686 (Part 4):2025,DERIVED_FROM_IDENTIFIER_PART,INFERRED_NOT_OFFICIAL
COMMITTEE-4ABA8369507A88D4,UNVALIDATED_PART_CLUSTER::IS 16139 (Part 1):2025,DERIVED_FROM_IDENTIFIER_PART,INFERRED_NOT_OFFICIAL
COMMITTEE-240626259984F216,UNVALIDATED_PART_CLUSTER::IS 17148 (Part 3):2025,DERIVED_FROM_IDENTIFIER_PART,INFERRED_NOT_OFFICIAL
COMMITTEE-931893446536A38C,UNVALIDATED_PART_CLUSTER::IS 14686 (Part 3):2025,DERIVED_FROM_IDENTIFIER_PART,INFERRED_NOT_OFFICIAL
COMMITTEE-C04FAC879897C41F,UNVALIDATED_PART_CLUSTER::IS/IEC 62807 (Part 3):2023,DERIVED_FROM_IDENTIFIER_PART,INFERRED_NOT_OFFICIAL
COMMITTEE-8411325ED4CBF781,UNVALIDATED_PART_CLUSTER::IS/IEC 61196 (Part 8):2023,DERIVED_FROM_IDENTIFIER_PART,INFERRED_NOT_OFFICIAL
COMMITTEE-15F425544D41A2FA,UNVALIDATED_PART_CLUSTER::IS 1364 (Part 4):2025,DERIVED_FROM_IDENTIFIER_PART,INFERRED_NOT_OFFICIAL
COMMITTEE-A565F89126CB8BB3,UNVALIDATED_PART_CLUSTER::IS 4218 (Part 1):2025,DERIVED_FROM_IDENTIFIER_PART,INFERRED_NOT_OFFICIAL
COMMITTEE-37A94BB3BEE04245,UNVALIDATED_PART_CLUSTER::IS 4218 (Part 3):2025,DERIVED_FROM_IDENTIFIER_PART,INFERRED_NOT_OFFICIAL
COMMITTEE-73EFF47DEDF8D94C,UNVALIDATED_PART_CLUSTER::IS 4218 (Part 4):2025,DERIVED_FROM_IDENTIFIER_PART,INFERRED_NOT_OFFICIAL
COMMITTEE-88EAAD20E0307FD8,UNVALIDATED_PART_CLUSTER::IS 1200 (Part 22):2025,DERIVED_FROM_IDENTIFIER_PART,INFERRED_NOT_OFFICIAL
COMMITTEE-393AC80048A7597D,UNVALIDATED_PART_CLUSTER::IS 1364 (Part 6):2025,DERIVED_FROM_IDENTIFIER_PART,INFERRED_NOT_OFFICIAL
COMMITTEE-A512919FB3CC2A3A,UNVALIDATED_PART_CLUSTER::IS 1501 (Part 1):2025,DERIVED_FROM_IDENTIFIER_PART,INFERRED_NOT_OFFICIAL
COMMITTEE-9760ED0EC68FB192,UNVALIDATED_PART_CLUSTER::IS 1586 (Part 2):2025,DERIVED_FROM_IDENTIFIER_PART,INFERRED_NOT_OFFICIAL
COMMITTEE-E10B0C3666B88717,UNVALIDATED_PART_CLUSTER::IS 1586 (Part 3):2025,DERIVED_FROM_IDENTIFIER_PART,INFERRED_NOT_OFFICIAL
COMMITTEE-52C7D5CAAE03287E,UNVALIDATED_PART_CLUSTER::IS 1559 (Part 3):2025,DERIVED_FROM_IDENTIFIER_PART,INFERRED_NOT_OFFICIAL
COMMITTEE-C25622D494AEFE24,UNVALIDATED_PART_CLUSTER::IS 1917 (Part 3):2025,DERIVED_FROM_IDENTIFIER_PART,INFERRED_NOT_OFFICIAL
COMMITTEE-12D46FBD73B0AA2A,UNVALIDATED_PART_CLUSTER::IS 4027 (Part 3):2025,DERIVED_FROM_IDENTIFIER_PART,INFERRED_NOT_OFFICIAL
COMMITTEE-5B438870D645ECF8,UNVALIDATED_PART_CLUSTER::IS 4027 (Part 5):2025,DERIVED_FROM_IDENTIFIER_PART,INFERRED_NOT_OFFICIAL
COMMITTEE-A182CA3B5C2004B0,UNVALIDATED_PART_CLUSTER::IS 4027 (Part 7):2025,DERIVED_FROM_IDENTIFIER_PART,INFERRED_NOT_OFFICIAL
COMMITTEE-F3151819D73E35AD,UNVALIDATED_PART_CLUSTER::IS 4027 (Part 9):2025,DERIVED_FROM_IDENTIFIER_PART,INFERRED_NOT_OFFICIAL
COMMITTEE-62769B970FE3C80B,UNVALIDATED_PART_CLUSTER::IS 6226 (Part 1):2025,DERIVED_FROM_IDENTIFIER_PART,INFERRED_NOT_OFFICIAL
COMMITTEE-4419A37711EC43B8,UNVALIDATED_PART_CLUSTER::IS 6932 (Part 1):2025,DERIVED_FROM_IDENTIFIER_PART,INFERRED_NOT_OFFICIAL
COMMITTEE-7C54989983692BB2,UNVALIDATED_PART_CLUSTER::IS 6932 (Part 2):2025,DERIVED_FROM_IDENTIFIER_PART,INFERRED_NOT_OFFICIAL
COMMITTEE-128E1F40CCABA155,UNVALIDATED_PART_CLUSTER::IS 6932 (Part 3):2025,DERIVED_FROM_IDENTIFIER_PART,INFERRED_NOT_OFFICIAL
COMMITTEE-873A9E9093DADF05,UNVALIDATED_PART_CLUSTER::IS 6932 (Part 4):2025,DERIVED_FROM_IDENTIFIER_PART,INFERRED_NOT_OFFICIAL
COMMITTEE-D42DBE3B4984D2FA,UNVALIDATED_PART_CLUSTER::IS 6932 (Part 5):2025,DERIVED_FROM_IDENTIFIER_PART,INFERRED_NOT_OFFICIAL
COMMITTEE-F8BF5675A0196548,UNVALIDATED_PART_CLUSTER::IS 6932 (Part 6):2025,DERIVED_FROM_IDENTIFIER_PART,INFERRED_NOT_OFFICIAL
COMMITTEE-FC86445D3DE0D3A3,UNVALIDATED_PART_CLUSTER::IS 6932 (Part 7):2025,DERIVED_FROM_IDENTIFIER_PART,INFERRED_NOT_OFFICIAL
COMMITTEE-9694A6668FD65AB2,UNVALIDATED_PART_CLUSTER::IS 6932 (Part 8):2025,DERIVED_FROM_IDENTIFIER_PART,INFERRED_NOT_OFFICIAL
COMMITTEE-49B1460F116186BB,UNVALIDATED_PART_CLUSTER::IS 6932 (Part 9):2025,DERIVED_FROM_IDENTIFIER_PART,INFERRED_NOT_OFFICIAL
COMMITTEE-7D33CABC67942DB8,UNVALIDATED_PART_CLUSTER::IS 6932 (Part 10):2025,DERIVED_FROM_IDENTIFIER_PART,INFERRED_NOT_OFFICIAL
COMMITTEE-D90DE672246004B6,UNVALIDATED_PART_CLUSTER::IS 17003 (Part 1):2025,DERIVED_FROM_IDENTIFIER_PART,INFERRED_NOT_OFFICIAL
COMMITTEE-2674DDB27A7631A8,UNVALIDATED_PART_CLUSTER::IS 6932 (Part 11):2025,DERIVED_FROM_IDENTIFIER_PART,INFERRED_NOT_OFFICIAL
COMMITTEE-F4730E1BB6D39204,UNVALIDATED_PART_CLUSTER::IS 12308 (Part 1):2025,DERIVED_FROM_IDENTIFIER_PART,INFERRED_NOT_OFFICIAL
COMMITTEE-F8618193997F8EDD,UNVALIDATED_PART_CLUSTER::IS 12308 (Part 11):2025,DERIVED_FROM_IDENTIFIER_PART,INFERRED_NOT_OFFICIAL
COMMITTEE-F8F07ACE7F51CD0A,UNVALIDATED_PART_CLUSTER::IS 12308 (Part 12):2025,DERIVED_FROM_IDENTIFIER_PART,INFERRED_NOT_OFFICIAL
COMMITTEE-8652778CA5B8B0CD,UNVALIDATED_PART_CLUSTER::IS 5868 (Part 1):2025,DERIVED_FROM_IDENTIFIER_PART,INFERRED_NOT_OFFICIAL
COMMITTEE-A577A0BC9AA45835,UNVALIDATED_PART_CLUSTER::IS 5868 (Part 2):2025,DERIVED_FROM_IDENTIFIER_PART,INFERRED_NOT_OFFICIAL
COMMITTEE-A24DF6B16AB6473E,UNVALIDATED_PART_CLUSTER::IS 6191 (Part 8):2025,DERIVED_FROM_IDENTIFIER_PART,INFERRED_NOT_OFFICIAL
COMMITTEE-77F7E670812552AD,UNVALIDATED_PART_CLUSTER::IS 19247 (Part 1):2025,DERIVED_FROM_IDENTIFIER_PART,INFERRED_NOT_OFFICIAL
COMMITTEE-68552F7BDCD34F05,UNVALIDATED_PART_CLUSTER::IS 5914 (Part 10):2025,DERIVED_FROM_IDENTIFIER_PART,INFERRED_NOT_OFFICIAL
COMMITTEE-B5AA6CFE2C28F112,UNVALIDATED_PART_CLUSTER::IS 10245 (Part 3):2025,DERIVED_FROM_IDENTIFIER_PART,INFERRED_NOT_OFFICIAL
COMMITTEE-21D0C1DF2B121589,UNVALIDATED_PART_CLUSTER::IS/ISO 11979 (Part 7):2024,DERIVED_FROM_IDENTIFIER_PART,INFERRED_NOT_OFFICIAL
COMMITTEE-FCF9C9DC64D5B955,UNVALIDATED_PART_CLUSTER::IS 17750 (Part 4):2025,DERIVED_FROM_IDENTIFIER_PART,INFERRED_NOT_OFFICIAL
COMMITTEE-06AB4EF17AB896ED,UNVALIDATED_PART_CLUSTER::IS 18766 (Part 4):2025,DERIVED_FROM_IDENTIFIER_PART,INFERRED_NOT_OFFICIAL
COMMITTEE-28E81DC710E5FDB2,UNVALIDATED_PART_CLUSTER::IS 19159 (Part 1):2025,DERIVED_FROM_IDENTIFIER_PART,INFERRED_NOT_OFFICIAL
COMMITTEE-3C855F3E222983D6,UNVALIDATED_PART_CLUSTER::IS 1350 (Part 1):2025,DERIVED_FROM_IDENTIFIER_PART,INFERRED_NOT_OFFICIAL
COMMITTEE-B4BE619F06C9C56B,UNVALIDATED_PART_CLUSTER::IS 5062 (Part 4):2025,DERIVED_FROM_IDENTIFIER_PART,INFERRED_NOT_OFFICIAL
COMMITTEE-39BAAAE48BF8429D,UNVALIDATED_PART_CLUSTER::IS 5062 (Part 6):2025,DERIVED_FROM_IDENTIFIER_PART,INFERRED_NOT_OFFICIAL
COMMITTEE-3FED5330CB407438,UNVALIDATED_PART_CLUSTER::IS 13360 (Part 1):2025,DERIVED_FROM_IDENTIFIER_PART,INFERRED_NOT_OFFICIAL
COMMITTEE-5248B08D43742311,UNVALIDATED_PART_CLUSTER::IS 13360 (Part 2/Sec 1):2025,DERIVED_FROM_IDENTIFIER_PART,INFERRED_NOT_OFFICIAL
COMMITTEE-C6AA90C6DF4727FB,UNVALIDATED_PART_CLUSTER::IS 13360 (Part 3/Sec 4):2025,DERIVED_FROM_IDENTIFIER_PART,INFERRED_NOT_OFFICIAL
COMMITTEE-011F8278316E83A0,UNVALIDATED_PART_CLUSTER::IS 13360 (Part 6/Sec 9):2025,DERIVED_FROM_IDENTIFIER_PART,INFERRED_NOT_OFFICIAL
COMMITTEE-CC7784B63B8DD5B9,UNVALIDATED_PART_CLUSTER::IS 13360 (Part 5/Sec 28/SubSec 1):2025,DERIVED_FROM_IDENTIFIER_PART,INFERRED_NOT_OFFICIAL
COMMITTEE-555B50545BFBCF8B,UNVALIDATED_PART_CLUSTER::IS 17655 (Part 1):2025,DERIVED_FROM_IDENTIFIER_PART,INFERRED_NOT_OFFICIAL
COMMITTEE-83FF0AC17AECA8DF,UNVALIDATED_PART_CLUSTER::IS 17655 (Part 3):2025,DERIVED_FROM_IDENTIFIER_PART,INFERRED_NOT_OFFICIAL
COMMITTEE-A9DDFA8320BDAE49,UNVALIDATED_PART_CLUSTER::IS 1448 (Part 196):2025,DERIVED_FROM_IDENTIFIER_PART,INFERRED_NOT_OFFICIAL
COMMITTEE-AF1775CD706E78B5,UNVALIDATED_PART_CLUSTER::IS 1560 (Part 2):2025,DERIVED_FROM_IDENTIFIER_PART,INFERRED_NOT_OFFICIAL
COMMITTEE-C7628A887D03582A,UNVALIDATED_PART_CLUSTER::IS 1448 (Part 5):2025,DERIVED_FROM_IDENTIFIER_PART,INFERRED_NOT_OFFICIAL
COMMITTEE-A825D3688B745FCD,UNVALIDATED_PART_CLUSTER::IS/ISO 6742 (Part 2):2023,DERIVED_FROM_IDENTIFIER_PART,INFERRED_NOT_OFFICIAL
COMMITTEE-EE550E6DC2389718,UNVALIDATED_PART_CLUSTER::IS 17550 (Part 3):2025,DERIVED_FROM_IDENTIFIER_PART,INFERRED_NOT_OFFICIAL
COMMITTEE-B924F083FFE86E08,UNVALIDATED_PART_CLUSTER::IS/IEC 60034 (Part 18/Sec 41):2014,DERIVED_FROM_IDENTIFIER_PART,INFERRED_NOT_OFFICIAL
COMMITTEE-A87087234EAAEC4A,UNVALIDATED_PART_CLUSTER::IS/IEC 60034 (Part 2/Sec 1):2024,DERIVED_FROM_IDENTIFIER_PART,INFERRED_NOT_OFFICIAL
COMMITTEE-D5C245C140C93773,UNVALIDATED_PART_CLUSTER::IS 17123 (Part 7/Sec 1):2025,DERIVED_FROM_IDENTIFIER_PART,INFERRED_NOT_OFFICIAL
COMMITTEE-97AA896D3B23F087,UNVALIDATED_PART_CLUSTER::IS 17123 (Part 7/Sec 202):2025,DERIVED_FROM_IDENTIFIER_PART,INFERRED_NOT_OFFICIAL
COMMITTEE-C907E733A75D1E47,UNVALIDATED_PART_CLUSTER::IS 17123 (Part 7/Sec 203):2025,DERIVED_FROM_IDENTIFIER_PART,INFERRED_NOT_OFFICIAL
COMMITTEE-518C9BA2E7EEACD6,UNVALIDATED_PART_CLUSTER::IS 17123 (Part 7/Sec 204):2025,DERIVED_FROM_IDENTIFIER_PART,INFERRED_NOT_OFFICIAL
COMMITTEE-E4FB28F82BCCD024,UNVALIDATED_PART_CLUSTER::IS 17123 (Part 7/Sec 301):2025,DERIVED_FROM_IDENTIFIER_PART,INFERRED_NOT_OFFICIAL
COMMITTEE-0FE6862C6420C5E7,UNVALIDATED_PART_CLUSTER::IS 17123 (Part 7/Sec 302):2025,DERIVED_FROM_IDENTIFIER_PART,INFERRED_NOT_OFFICIAL
COMMITTEE-285314E1EE8BE4D7,UNVALIDATED_PART_CLUSTER::IS 17123 (Part 7/Sec 303):2025,DERIVED_FROM_IDENTIFIER_PART,INFERRED_NOT_OFFICIAL
COMMITTEE-4FCE3E1D36E94967,UNVALIDATED_PART_CLUSTER::IS 17123 (Part 7/Sec 304):2025,DERIVED_FROM_IDENTIFIER_PART,INFERRED_NOT_OFFICIAL
COMMITTEE-2A83165479009C4E,UNVALIDATED_PART_CLUSTER::IS 17123 (Part 8):2025,DERIVED_FROM_IDENTIFIER_PART,INFERRED_NOT_OFFICIAL
COMMITTEE-2CD0541396B49552,UNVALIDATED_PART_CLUSTER::IS 17123 (Part 9/Sec 2):2025,DERIVED_FROM_IDENTIFIER_PART,INFERRED_NOT_OFFICIAL
COMMITTEE-FA1FFF5140D3A722,UNVALIDATED_PART_CLUSTER::IS/IEC 60034 (Part 18/Sec 42):2017,DERIVED_FROM_IDENTIFIER_PART,INFERRED_NOT_OFFICIAL
COMMITTEE-5326BA3EBF1518F3,UNVALIDATED_PART_CLUSTER::IS/IEC 60071 (Part 11):2022,DERIVED_FROM_IDENTIFIER_PART,INFERRED_NOT_OFFICIAL
COMMITTEE-365CEFD4F1554A84,UNVALIDATED_PART_CLUSTER::IS 17123 (Part 9/Sec 1):2025,DERIVED_FROM_IDENTIFIER_PART,INFERRED_NOT_OFFICIAL
COMMITTEE-AB0C3585842750E7,UNVALIDATED_PART_CLUSTER::IS 17123 (Part 2):2025,DERIVED_FROM_IDENTIFIER_PART,INFERRED_NOT_OFFICIAL
COMMITTEE-B89570914B25CF29,UNVALIDATED_PART_CLUSTER::IS 5425 (Part 2):2025,DERIVED_FROM_IDENTIFIER_PART,INFERRED_NOT_OFFICIAL
COMMITTEE-FF21DA4B55D11A26,UNVALIDATED_PART_CLUSTER::IS 5425 (Part 1):2025,DERIVED_FROM_IDENTIFIER_PART,INFERRED_NOT_OFFICIAL
COMMITTEE-78C7D3F598AE0BF1,UNVALIDATED_PART_CLUSTER::IS 1917 (Part 6):2025,DERIVED_FROM_IDENTIFIER_PART,INFERRED_NOT_OFFICIAL
COMMITTEE-E724A3E51AB9A06B,UNVALIDATED_PART_CLUSTER::IS 1917 (Part 5):2025,DERIVED_FROM_IDENTIFIER_PART,INFERRED_NOT_OFFICIAL
COMMITTEE-1F9A8FA8E77694E6,UNVALIDATED_PART_CLUSTER::IS 13614 (Part 2):2025,DERIVED_FROM_IDENTIFIER_PART,INFERRED_NOT_OFFICIAL
COMMITTEE-7F787EC468A30AAD,UNVALIDATED_PART_CLUSTER::IS 13170 (Part 1):2025,DERIVED_FROM_IDENTIFIER_PART,INFERRED_NOT_OFFICIAL
COMMITTEE-7792342FC5A85942,UNVALIDATED_PART_CLUSTER::IS 15326 (Part 5):2025,DERIVED_FROM_IDENTIFIER_PART,INFERRED_NOT_OFFICIAL
COMMITTEE-1C07DFA3B67655DA,UNVALIDATED_PART_CLUSTER::IS 16150 (Part 2):2025,DERIVED_FROM_IDENTIFIER_PART,INFERRED_NOT_OFFICIAL
COMMITTEE-15BAF55C0353F6F0,UNVALIDATED_PART_CLUSTER::IS 1946 (Part 3):2025,DERIVED_FROM_IDENTIFIER_PART,INFERRED_NOT_OFFICIAL
COMMITTEE-7C2577DF9CE35D3D,UNVALIDATED_PART_CLUSTER::IS 19206 (Part 13):2025,DERIVED_FROM_IDENTIFIER_PART,INFERRED_NOT_OFFICIAL
COMMITTEE-5B776B6940BD87A4,UNVALIDATED_PART_CLUSTER::IS 19066 (Part 4):2025,DERIVED_FROM_IDENTIFIER_PART,INFERRED_NOT_OFFICIAL
COMMITTEE-AE4BC9D4173FCFAA,UNVALIDATED_PART_CLUSTER::IS 12027 (Part 2):2025,DERIVED_FROM_IDENTIFIER_PART,INFERRED_NOT_OFFICIAL
COMMITTEE-C928B0A3EBBD5FFA,UNVALIDATED_PART_CLUSTER::IS 13365 (Part 1):2025,DERIVED_FROM_IDENTIFIER_PART,INFERRED_NOT_OFFICIAL
COMMITTEE-72FCAB3438A877ED,UNVALIDATED_PART_CLUSTER::IS 13365 (Part 3):2025,DERIVED_FROM_IDENTIFIER_PART,INFERRED_NOT_OFFICIAL
COMMITTEE-BF205975DB0F8CB7,UNVALIDATED_PART_CLUSTER::IS 19206 (Part 4):2025,DERIVED_FROM_IDENTIFIER_PART,INFERRED_NOT_OFFICIAL
COMMITTEE-BB42B0F37F7B05AE,UNVALIDATED_PART_CLUSTER::IS 19066 (Part 3):2025,DERIVED_FROM_IDENTIFIER_PART,INFERRED_NOT_OFFICIAL
COMMITTEE-585F3249967AB545,UNVALIDATED_PART_CLUSTER::IS 14458 (Part 8):2025,DERIVED_FROM_IDENTIFIER_PART,INFERRED_NOT_OFFICIAL
COMMITTEE-5C97BE5DFAA7995A,UNVALIDATED_PART_CLUSTER::IS 18651 (Part 8):2025,DERIVED_FROM_IDENTIFIER_PART,INFERRED_NOT_OFFICIAL
COMMITTEE-C3917372A47A2DBC,UNVALIDATED_PART_CLUSTER::IS 5182 (Part 28):2025,DERIVED_FROM_IDENTIFIER_PART,INFERRED_NOT_OFFICIAL
COMMITTEE-DAF0CA89BF4F69AB,UNVALIDATED_PART_CLUSTER::IS 15732 (Part 6):2025,DERIVED_FROM_IDENTIFIER_PART,INFERRED_NOT_OFFICIAL
COMMITTEE-593EE26E13158FA1,UNVALIDATED_PART_CLUSTER::IS 18075 (Part 5):2025,DERIVED_FROM_IDENTIFIER_PART,INFERRED_NOT_OFFICIAL
COMMITTEE-A81A1D11FC484602,UNVALIDATED_PART_CLUSTER::IS 18651 (Part 22):2025,DERIVED_FROM_IDENTIFIER_PART,INFERRED_NOT_OFFICIAL
COMMITTEE-9A572B10B25E4C1B,UNVALIDATED_PART_CLUSTER::IS 17179 (Part 1):2025,DERIVED_FROM_IDENTIFIER_PART,INFERRED_NOT_OFFICIAL
COMMITTEE-5D07F23116CFD1EA,UNVALIDATED_PART_CLUSTER::IS 18995 (Part 4):2025,DERIVED_FROM_IDENTIFIER_PART,INFERRED_NOT_OFFICIAL
COMMITTEE-413E480EA58FBCE8,UNVALIDATED_PART_CLUSTER::IS 18996 (Part 1):2025,DERIVED_FROM_IDENTIFIER_PART,INFERRED_NOT_OFFICIAL
COMMITTEE-A5D5122F3F43704C,UNVALIDATED_PART_CLUSTER::IS 17179 (Part 2):2025,DERIVED_FROM_IDENTIFIER_PART,INFERRED_NOT_OFFICIAL
COMMITTEE-EC362F4F4CA4D435,UNVALIDATED_PART_CLUSTER::IS 19066 (Part 1):2025,DERIVED_FROM_IDENTIFIER_PART,INFERRED_NOT_OFFICIAL
COMMITTEE-3A232C3973CE3EF9,UNVALIDATED_PART_CLUSTER::IS 19066 (Part 2):2025,DERIVED_FROM_IDENTIFIER_PART,INFERRED_NOT_OFFICIAL
COMMITTEE-7AAEC9F785AC313B,UNVALIDATED_PART_CLUSTER::IS 19206 (Part 5):2025,DERIVED_FROM_IDENTIFIER_PART,INFERRED_NOT_OFFICIAL
COMMITTEE-C94B2ED5EA6956AB,UNVALIDATED_PART_CLUSTER::IS 19206 (Part 6):2025,DERIVED_FROM_IDENTIFIER_PART,INFERRED_NOT_OFFICIAL
COMMITTEE-0F526DAF75FA4E19,UNVALIDATED_PART_CLUSTER::IS 19206 (Part 9):2025,DERIVED_FROM_IDENTIFIER_PART,INFERRED_NOT_OFFICIAL
COMMITTEE-A42FF42E51E3C663,UNVALIDATED_PART_CLUSTER::IS 17369 (Part 2):2025,DERIVED_FROM_IDENTIFIER_PART,INFERRED_NOT_OFFICIAL
COMMITTEE-79E0C91E17F726F5,UNVALIDATED_PART_CLUSTER::IS 19184 (Part 1):2025,DERIVED_FROM_IDENTIFIER_PART,INFERRED_NOT_OFFICIAL
COMMITTEE-1B125990DE6BB4BF,UNVALIDATED_PART_CLUSTER::IS/ISO/IEC 24779 (Part 1):2016,DERIVED_FROM_IDENTIFIER_PART,INFERRED_NOT_OFFICIAL
COMMITTEE-5EAC1041D037348A,UNVALIDATED_PART_CLUSTER::IS 19184 (Part 2):2025,DERIVED_FROM_IDENTIFIER_PART,INFERRED_NOT_OFFICIAL
COMMITTEE-B84B5D4CBDD825F9,UNVALIDATED_PART_CLUSTER::IS/ISO/IEC 24779 (Part 9):2015,DERIVED_FROM_IDENTIFIER_PART,INFERRED_NOT_OFFICIAL
COMMITTEE-1F341C3F06D9CBE4,UNVALIDATED_PART_CLUSTER::IS 19206 (Part 12):2025,DERIVED_FROM_IDENTIFIER_PART,INFERRED_NOT_OFFICIAL
COMMITTEE-1CE77ECDF7B67CB5,UNVALIDATED_PART_CLUSTER::IS 19206 (Part 11):2025,DERIVED_FROM_IDENTIFIER_PART,INFERRED_NOT_OFFICIAL
COMMITTEE-591774D7CA6F3028,UNVALIDATED_PART_CLUSTER::IS 19206 (Part 10):2025,DERIVED_FROM_IDENTIFIER_PART,INFERRED_NOT_OFFICIAL
COMMITTEE-9AA04AB2C0EAAC08,UNVALIDATED_PART_CLUSTER::IS 13450 (Part 2/Sec 90):2025,DERIVED_FROM_IDENTIFIER_PART,INFERRED_NOT_OFFICIAL
COMMITTEE-F5A4264082943745,UNVALIDATED_PART_CLUSTER::IS 18766 (Part 3):2025,DERIVED_FROM_IDENTIFIER_PART,INFERRED_NOT_OFFICIAL
COMMITTEE-B5639B807692B42E,UNVALIDATED_PART_CLUSTER::IS 19133 (Part 2):2025,DERIVED_FROM_IDENTIFIER_PART,INFERRED_NOT_OFFICIAL
COMMITTEE-1E82D70CA59CB258,UNVALIDATED_PART_CLUSTER::IS 19186 (Part 2):2025,DERIVED_FROM_IDENTIFIER_PART,INFERRED_NOT_OFFICIAL
COMMITTEE-BCE6596C984C6572,UNVALIDATED_PART_CLUSTER::IS 1200 (Part 5):2025,DERIVED_FROM_IDENTIFIER_PART,INFERRED_NOT_OFFICIAL
COMMITTEE-3E03D5B493D40C67,UNVALIDATED_PART_CLUSTER::IS 19206 (Part 3):2025,DERIVED_FROM_IDENTIFIER_PART,INFERRED_NOT_OFFICIAL
COMMITTEE-FDB7B361C7C9E315,UNVALIDATED_PART_CLUSTER::IS 1946 (Part 2):2025,DERIVED_FROM_IDENTIFIER_PART,INFERRED_NOT_OFFICIAL
COMMITTEE-7131FE650F4D1656,UNVALIDATED_PART_CLUSTER::IS/ISO/IEC 24779 (Part 4):2017,DERIVED_FROM_IDENTIFIER_PART,INFERRED_NOT_OFFICIAL
COMMITTEE-F554940ADE35CECA,UNVALIDATED_PART_CLUSTER::IS/ISO 2834 (Part 2):2025,DERIVED_FROM_IDENTIFIER_PART,INFERRED_NOT_OFFICIAL
COMMITTEE-6CCEAAF1E6A7871B,UNVALIDATED_PART_CLUSTER::IS 4880 (Part 1):2025,DERIVED_FROM_IDENTIFIER_PART,INFERRED_NOT_OFFICIAL
COMMITTEE-EAFFB0CB0DD8CB2B,UNVALIDATED_PART_CLUSTER::IS/ISO/TS 18621 (Part 31):2024,DERIVED_FROM_IDENTIFIER_PART,INFERRED_NOT_OFFICIAL
COMMITTEE-CEC71902161D7C25,UNVALIDATED_PART_CLUSTER::IS 18900 (Part 1):2025,DERIVED_FROM_IDENTIFIER_PART,INFERRED_NOT_OFFICIAL
COMMITTEE-8718640F83A79A81,UNVALIDATED_PART_CLUSTER::IS 15363 (Part 1):2025,DERIVED_FROM_IDENTIFIER_PART,INFERRED_NOT_OFFICIAL
COMMITTEE-E8D5961BDD32432D,UNVALIDATED_PART_CLUSTER::IS 18383 (Part 2):2025,DERIVED_FROM_IDENTIFIER_PART,INFERRED_NOT_OFFICIAL
COMMITTEE-5AFB5A96F7F8D3CB,UNVALIDATED_PART_CLUSTER::IS 1060 (Part 8/Sec 1):2025,DERIVED_FROM_IDENTIFIER_PART,INFERRED_NOT_OFFICIAL
COMMITTEE-9D1FA9035DAE92FD,UNVALIDATED_PART_CLUSTER::IS 12376 (Part 2):2025,DERIVED_FROM_IDENTIFIER_PART,INFERRED_NOT_OFFICIAL
COMMITTEE-FE93B2E18F85BB7C,UNVALIDATED_PART_CLUSTER::IS 15732 (Part 5):2025,DERIVED_FROM_IDENTIFIER_PART,INFERRED_NOT_OFFICIAL
COMMITTEE-41C46F927AB4B66E,UNVALIDATED_PART_CLUSTER::IS 15732 (Part 8):2025,DERIVED_FROM_IDENTIFIER_PART,INFERRED_NOT_OFFICIAL
COMMITTEE-245CDF4DDEF49107,UNVALIDATED_PART_CLUSTER::IS 19206 (Part 1):2025,DERIVED_FROM_IDENTIFIER_PART,INFERRED_NOT_OFFICIAL
COMMITTEE-A6B55A1697D9A4A1,UNVALIDATED_PART_CLUSTER::IS 19206 (Part 2):2025,DERIVED_FROM_IDENTIFIER_PART,INFERRED_NOT_OFFICIAL
COMMITTEE-B3A83EB93623F930,UNVALIDATED_PART_CLUSTER::IS 19206 (Part 7):2025,DERIVED_FROM_IDENTIFIER_PART,INFERRED_NOT_OFFICIAL
COMMITTEE-0D6D2AE41840B4FD,UNVALIDATED_PART_CLUSTER::IS 19206 (Part 8):2025,DERIVED_FROM_IDENTIFIER_PART,INFERRED_NOT_OFFICIAL
COMMITTEE-C18917E7E82C33E3,UNVALIDATED_PART_CLUSTER::IS 15732 (Part 3):2025,DERIVED_FROM_IDENTIFIER_PART,INFERRED_NOT_OFFICIAL
COMMITTEE-02D19D568B411F35,UNVALIDATED_PART_CLUSTER::IS 18530 (Part 1):2025,DERIVED_FROM_IDENTIFIER_PART,INFERRED_NOT_OFFICIAL
COMMITTEE-BCAD2B62448E9F91,UNVALIDATED_PART_CLUSTER::IS 11830 (Part 2):2025,DERIVED_FROM_IDENTIFIER_PART,INFERRED_NOT_OFFICIAL
COMMITTEE-2753AD8358773BB3,UNVALIDATED_PART_CLUSTER::IS 15363 (Part 2):2025,DERIVED_FROM_IDENTIFIER_PART,INFERRED_NOT_OFFICIAL
COMMITTEE-BD90520FB6A27FB6,UNVALIDATED_PART_CLUSTER::IS 11738 (Part 1):2025,DERIVED_FROM_IDENTIFIER_PART,INFERRED_NOT_OFFICIAL
COMMITTEE-EBEAF8D6BB5C170B,UNVALIDATED_PART_CLUSTER::IS 16242 (Part 5/Sec 3):2025,DERIVED_FROM_IDENTIFIER_PART,INFERRED_NOT_OFFICIAL
COMMITTEE-794BF4D4DEE0045A,UNVALIDATED_PART_CLUSTER::IS 18483 (Part 3):2025,DERIVED_FROM_IDENTIFIER_PART,INFERRED_NOT_OFFICIAL
COMMITTEE-B651D48B903FFE40,UNVALIDATED_PART_CLUSTER::IS 19092 (Part 4):2025,DERIVED_FROM_IDENTIFIER_PART,INFERRED_NOT_OFFICIAL
COMMITTEE-BDB8CBA39E8FD025,UNVALIDATED_PART_CLUSTER::IS 19094 (Part 1):2025,DERIVED_FROM_IDENTIFIER_PART,INFERRED_NOT_OFFICIAL
COMMITTEE-626F88D222CAFB67,UNVALIDATED_PART_CLUSTER::IS 19095 (Part 2/Sec 1):2025,DERIVED_FROM_IDENTIFIER_PART,INFERRED_NOT_OFFICIAL
COMMITTEE-23E1E3E500FB2D09,UNVALIDATED_PART_CLUSTER::IS 19095 (Part 2/Sec 2):2025,DERIVED_FROM_IDENTIFIER_PART,INFERRED_NOT_OFFICIAL
COMMITTEE-36F49A847FBC409B,UNVALIDATED_PART_CLUSTER::IS/IEC 60127 (Part 2):2014,DERIVED_FROM_IDENTIFIER_PART,INFERRED_NOT_OFFICIAL
COMMITTEE-BEC7EE288C6FC048,UNVALIDATED_PART_CLUSTER::IS/IEC 60127 (Part 10):2001,DERIVED_FROM_IDENTIFIER_PART,INFERRED_NOT_OFFICIAL
COMMITTEE-D59E045FEBA84283,UNVALIDATED_PART_CLUSTER::IS/IEC 60071 (Part 12):2022,DERIVED_FROM_IDENTIFIER_PART,INFERRED_NOT_OFFICIAL
COMMITTEE-CA4258EAD55C4D31,UNVALIDATED_PART_CLUSTER::IS/IEC 60034 (Part 1):2022,DERIVED_FROM_IDENTIFIER_PART,INFERRED_NOT_OFFICIAL
COMMITTEE-8C26B22D183A0A52,UNVALIDATED_PART_CLUSTER::IS 60127 (Part 3):2015,DERIVED_FROM_IDENTIFIER_PART,INFERRED_NOT_OFFICIAL
COMMITTEE-67F2FD2252D3AC14,UNVALIDATED_PART_CLUSTER::IS/IEC 60127 (Part 6):2023,DERIVED_FROM_IDENTIFIER_PART,INFERRED_NOT_OFFICIAL
COMMITTEE-D38F166C91EA5315,UNVALIDATED_PART_CLUSTER::IS/IEC 60794 (Part 2/Sec 10):2023,DERIVED_FROM_IDENTIFIER_PART,INFERRED_NOT_OFFICIAL
COMMITTEE-EE155D8984FCF296,UNVALIDATED_PART_CLUSTER::IS/IEC 60794 (Part 1):Sec):1):2023,DERIVED_FROM_IDENTIFIER_PART,INFERRED_NOT_OFFICIAL
COMMITTEE-58545E489D252EA9,UNVALIDATED_PART_CLUSTER::IS/IEC 60793 (Part 1/Sec 1):2022,DERIVED_FROM_IDENTIFIER_PART,INFERRED_NOT_OFFICIAL
COMMITTEE-2983402F049638EC,UNVALIDATED_PART_CLUSTER::IS 19203 (Part 1):2025,DERIVED_FROM_IDENTIFIER_PART,INFERRED_NOT_OFFICIAL
COMMITTEE-E4ABC6D19B246E9B,UNVALIDATED_PART_CLUSTER::IS/ISO/IEC 30105 (Part 4):2022,DERIVED_FROM_IDENTIFIER_PART,INFERRED_NOT_OFFICIAL
COMMITTEE-2010B0787530A7DF,UNVALIDATED_PART_CLUSTER::IS 17570 (Part 2):2025,DERIVED_FROM_IDENTIFIER_PART,INFERRED_NOT_OFFICIAL
COMMITTEE-05CA05C8E88A839D,UNVALIDATED_PART_CLUSTER::IS 10596 (Part 2):2025,DERIVED_FROM_IDENTIFIER_PART,INFERRED_NOT_OFFICIAL
COMMITTEE-7D55FA51053FEE6F,UNVALIDATED_PART_CLUSTER::IS 19093 (Part 1):2025,DERIVED_FROM_IDENTIFIER_PART,INFERRED_NOT_OFFICIAL
COMMITTEE-0841F2A46F8168B1,UNVALIDATED_PART_CLUSTER::IS 17017 (Part 30):2025,DERIVED_FROM_IDENTIFIER_PART,INFERRED_NOT_OFFICIAL
COMMITTEE-8D645F2BE60B721E,UNVALIDATED_PART_CLUSTER::IS 19092 (Part 2):2025,DERIVED_FROM_IDENTIFIER_PART,INFERRED_NOT_OFFICIAL
COMMITTEE-DA30FA247C229335,UNVALIDATED_PART_CLUSTER::IS 1448 (Part 197):2025,DERIVED_FROM_IDENTIFIER_PART,INFERRED_NOT_OFFICIAL
COMMITTEE-D4A70B6FEA82434F,UNVALIDATED_PART_CLUSTER::IS 19092 (Part 5):2025,DERIVED_FROM_IDENTIFIER_PART,INFERRED_NOT_OFFICIAL
COMMITTEE-B00F24C952C12CF2,UNVALIDATED_PART_CLUSTER::IS/IEC 60127 (Part 7):2015,DERIVED_FROM_IDENTIFIER_PART,INFERRED_NOT_OFFICIAL
COMMITTEE-43766FA5B0443DBE,UNVALIDATED_PART_CLUSTER::IS/IEC 60127 (Part 8):2018,DERIVED_FROM_IDENTIFIER_PART,INFERRED_NOT_OFFICIAL
COMMITTEE-F358C3F0C73F3CDA,UNVALIDATED_PART_CLUSTER::IS 228 (Part 4):2025,DERIVED_FROM_IDENTIFIER_PART,INFERRED_NOT_OFFICIAL
COMMITTEE-39DD4B8555BBAE87,UNVALIDATED_PART_CLUSTER::IS 228 (Part 1):2025,DERIVED_FROM_IDENTIFIER_PART,INFERRED_NOT_OFFICIAL
COMMITTEE-0F27FB54CAD02CC0,UNVALIDATED_PART_CLUSTER::IS 228 (Part 7):2025,DERIVED_FROM_IDENTIFIER_PART,INFERRED_NOT_OFFICIAL
COMMITTEE-7A4D90687B4A36A0,UNVALIDATED_PART_CLUSTER::IS 228 (Part 18):2025,DERIVED_FROM_IDENTIFIER_PART,INFERRED_NOT_OFFICIAL
COMMITTEE-96B5766CF90F1D21,UNVALIDATED_PART_CLUSTER::IS 6213 (Part 10):2025,DERIVED_FROM_IDENTIFIER_PART,INFERRED_NOT_OFFICIAL
COMMITTEE-726E57C6F08545E7,UNVALIDATED_PART_CLUSTER::IS 1760 (Part 5):2025,DERIVED_FROM_IDENTIFIER_PART,INFERRED_NOT_OFFICIAL
COMMITTEE-65CEE010352FD0C3,UNVALIDATED_PART_CLUSTER::IS 1917 (Part 1):2025,DERIVED_FROM_IDENTIFIER_PART,INFERRED_NOT_OFFICIAL
COMMITTEE-61192DFA6D01B72B,UNVALIDATED_PART_CLUSTER::IS 1917 (Part 4):2025,DERIVED_FROM_IDENTIFIER_PART,INFERRED_NOT_OFFICIAL
COMMITTEE-B484E85DBDBD78CF,UNVALIDATED_PART_CLUSTER::IS 4333 (Part 5):2025,DERIVED_FROM_IDENTIFIER_PART,INFERRED_NOT_OFFICIAL
COMMITTEE-5EBB49D5D8984C41,UNVALIDATED_PART_CLUSTER::IS 4667 (Part 1):2025,DERIVED_FROM_IDENTIFIER_PART,INFERRED_NOT_OFFICIAL
COMMITTEE-C2A75956C74739D5,UNVALIDATED_PART_CLUSTER::IS 10596 (Part 4):2025,DERIVED_FROM_IDENTIFIER_PART,INFERRED_NOT_OFFICIAL
COMMITTEE-22DF379D167162E7,UNVALIDATED_PART_CLUSTER::IS 10596 (Part 3):2025,DERIVED_FROM_IDENTIFIER_PART,INFERRED_NOT_OFFICIAL
COMMITTEE-D1B8F7FECA321F71,UNVALIDATED_PART_CLUSTER::IS 4972 (Part 7):2025,DERIVED_FROM_IDENTIFIER_PART,INFERRED_NOT_OFFICIAL
COMMITTEE-C6E0F4F603B4ACF1,UNVALIDATED_PART_CLUSTER::IS 7657 (Part 2):2025,DERIVED_FROM_IDENTIFIER_PART,INFERRED_NOT_OFFICIAL
COMMITTEE-E03587AC42F00719,UNVALIDATED_PART_CLUSTER::IS 14624 (Part 2):2025,DERIVED_FROM_IDENTIFIER_PART,INFERRED_NOT_OFFICIAL
COMMITTEE-9B6D322F8CDE5A6F,UNVALIDATED_PART_CLUSTER::IS 1528 (Part 29):2025,DERIVED_FROM_IDENTIFIER_PART,INFERRED_NOT_OFFICIAL
COMMITTEE-C83B001EB46A7F81,UNVALIDATED_PART_CLUSTER::IS 16052 (Part 7):2025,DERIVED_FROM_IDENTIFIER_PART,INFERRED_NOT_OFFICIAL
COMMITTEE-5E4120355CC38C3A,UNVALIDATED_PART_CLUSTER::IS 19183 (Part 1):2025,DERIVED_FROM_IDENTIFIER_PART,INFERRED_NOT_OFFICIAL
COMMITTEE-28657AB4C6C94F1B,UNVALIDATED_PART_CLUSTER::IS 1060 (Part 4/Sec 1):2025,DERIVED_FROM_IDENTIFIER_PART,INFERRED_NOT_OFFICIAL
COMMITTEE-78034734761A8F1A,UNVALIDATED_PART_CLUSTER::IS 12432 (Part 1):2025,DERIVED_FROM_IDENTIFIER_PART,INFERRED_NOT_OFFICIAL
COMMITTEE-219002B5B5640088,UNVALIDATED_PART_CLUSTER::IS/ISO 14064 (Part 1):2018,DERIVED_FROM_IDENTIFIER_PART,INFERRED_NOT_OFFICIAL
COMMITTEE-5B92B1280E4C0721,UNVALIDATED_PART_CLUSTER::IS/ISO 14064 (Part 3):2019,DERIVED_FROM_IDENTIFIER_PART,INFERRED_NOT_OFFICIAL
COMMITTEE-BE952180AE9F6279,UNVALIDATED_PART_CLUSTER::IS 16626 (Part 1):2025,DERIVED_FROM_IDENTIFIER_PART,INFERRED_NOT_OFFICIAL
COMMITTEE-E7B6780FD6A31EE7,UNVALIDATED_PART_CLUSTER::IS 18558 (Part 1):2025,DERIVED_FROM_IDENTIFIER_PART,INFERRED_NOT_OFFICIAL
COMMITTEE-03F57C36A67C2CA8,UNVALIDATED_PART_CLUSTER::IS 18558 (Part 4):2025,DERIVED_FROM_IDENTIFIER_PART,INFERRED_NOT_OFFICIAL
COMMITTEE-60BDDF7037A4554C,UNVALIDATED_PART_CLUSTER::IS/ISO/IEC 30105 (Part 8):2022,DERIVED_FROM_IDENTIFIER_PART,INFERRED_NOT_OFFICIAL
COMMITTEE-D9C588192E29C318,UNVALIDATED_PART_CLUSTER::IS/IEC 61196 (Part 8/Sec 1):2023,DERIVED_FROM_IDENTIFIER_PART,INFERRED_NOT_OFFICIAL
COMMITTEE-F085593C85718EE2,UNVALIDATED_PART_CLUSTER::IS/IEC 61196 (Part 1/Sec 100):2022,DERIVED_FROM_IDENTIFIER_PART,INFERRED_NOT_OFFICIAL
COMMITTEE-4026DBFC0F165A7D,UNVALIDATED_PART_CLUSTER::IS/ISO 14002 (Part 1):2019,DERIVED_FROM_IDENTIFIER_PART,INFERRED_NOT_OFFICIAL
COMMITTEE-33782C0276D31391,UNVALIDATED_PART_CLUSTER::IS/ISO 14002 (Part 2):2023,DERIVED_FROM_IDENTIFIER_PART,INFERRED_NOT_OFFICIAL
COMMITTEE-9A401D039716BA88,UNVALIDATED_PART_CLUSTER::IS 1528 (Part 28):2025,DERIVED_FROM_IDENTIFIER_PART,INFERRED_NOT_OFFICIAL
COMMITTEE-E52C1F03FD296E11,UNVALIDATED_PART_CLUSTER::IS 3600 (Part 3):2025,DERIVED_FROM_IDENTIFIER_PART,INFERRED_NOT_OFFICIAL
COMMITTEE-A182223FB7293954,UNVALIDATED_PART_CLUSTER::IS 3600 (Part 5):2025,DERIVED_FROM_IDENTIFIER_PART,INFERRED_NOT_OFFICIAL
COMMITTEE-E91D26B1876D69BA,UNVALIDATED_PART_CLUSTER::IS 5409 (Part 1):2025,DERIVED_FROM_IDENTIFIER_PART,INFERRED_NOT_OFFICIAL
COMMITTEE-C03028C9503C5A0A,UNVALIDATED_PART_CLUSTER::IS 5409 (Part 2):2025,DERIVED_FROM_IDENTIFIER_PART,INFERRED_NOT_OFFICIAL
COMMITTEE-2063C99F67CB9CF3,UNVALIDATED_PART_CLUSTER::IS 5701 (Part 1):2025,DERIVED_FROM_IDENTIFIER_PART,INFERRED_NOT_OFFICIAL
COMMITTEE-6DAB7E6EF675A4D0,UNVALIDATED_PART_CLUSTER::IS 5701 (Part 2):2025,DERIVED_FROM_IDENTIFIER_PART,INFERRED_NOT_OFFICIAL
COMMITTEE-DC15E76062475B22,UNVALIDATED_PART_CLUSTER::IS 14483 (Part 2):2025,DERIVED_FROM_IDENTIFIER_PART,INFERRED_NOT_OFFICIAL
COMMITTEE-38DCF12ADAB30B44,UNVALIDATED_PART_CLUSTER::IS 17030 (Part 2):2025,DERIVED_FROM_IDENTIFIER_PART,INFERRED_NOT_OFFICIAL
COMMITTEE-544CEFF489B20F7C,UNVALIDATED_PART_CLUSTER::IS 17984 (Part 2):2025,DERIVED_FROM_IDENTIFIER_PART,INFERRED_NOT_OFFICIAL
COMMITTEE-884D2FDD94FF019E,UNVALIDATED_PART_CLUSTER::IS 19153 (Part 2):2025,DERIVED_FROM_IDENTIFIER_PART,INFERRED_NOT_OFFICIAL
COMMITTEE-F49259D7BFBBD09C,UNVALIDATED_PART_CLUSTER::IS 19153 (Part 3):2025,DERIVED_FROM_IDENTIFIER_PART,INFERRED_NOT_OFFICIAL
COMMITTEE-1A2CAEDADBE9709E,UNVALIDATED_PART_CLUSTER::IS 19153 (Part 5):2025,DERIVED_FROM_IDENTIFIER_PART,INFERRED_NOT_OFFICIAL
COMMITTEE-C781D38D7787150D,UNVALIDATED_PART_CLUSTER::IS 19153 (Part 6):2025,DERIVED_FROM_IDENTIFIER_PART,INFERRED_NOT_OFFICIAL
COMMITTEE-10EB68427DCFCBF8,UNVALIDATED_PART_CLUSTER::IS 19183 (Part 2):2025,DERIVED_FROM_IDENTIFIER_PART,INFERRED_NOT_OFFICIAL
COMMITTEE-6B08C54FAA8497AF,UNVALIDATED_PART_CLUSTER::IS 1448 (Part 199):2025,DERIVED_FROM_IDENTIFIER_PART,INFERRED_NOT_OFFICIAL
COMMITTEE-F40635A90446B465,UNVALIDATED_PART_CLUSTER::IS 8276 (Part 1):2025,DERIVED_FROM_IDENTIFIER_PART,INFERRED_NOT_OFFICIAL
COMMITTEE-0FB3CC36974A30B5,UNVALIDATED_PART_CLUSTER::IS 10596 (Part 1):2025,DERIVED_FROM_IDENTIFIER_PART,INFERRED_NOT_OFFICIAL
COMMITTEE-01AD38DD0059F288,UNVALIDATED_PART_CLUSTER::IS 17570 (Part 4):2025,DERIVED_FROM_IDENTIFIER_PART,INFERRED_NOT_OFFICIAL
COMMITTEE-180B4405DE55A5BD,UNVALIDATED_PART_CLUSTER::IS 1060 (Part 7/Sec 1):2025,DERIVED_FROM_IDENTIFIER_PART,INFERRED_NOT_OFFICIAL
COMMITTEE-B2C8B97E556F7B16,UNVALIDATED_PART_CLUSTER::IS/IEC 61196 (Part 1/Sec 108):2011,DERIVED_FROM_IDENTIFIER_PART,INFERRED_NOT_OFFICIAL
COMMITTEE-773DE3A1F93262EB,UNVALIDATED_PART_CLUSTER::IS 1060 (Part 8/Sec 3):2025,DERIVED_FROM_IDENTIFIER_PART,INFERRED_NOT_OFFICIAL
COMMITTEE-90545C0F3D4DAA7B,UNVALIDATED_PART_CLUSTER::IS 8521 (Part 3):2025,DERIVED_FROM_IDENTIFIER_PART,INFERRED_NOT_OFFICIAL
COMMITTEE-DAD2739CFD95F604,UNVALIDATED_PART_CLUSTER::IS/IEC 61196 (Part 1/Sec 104):2015,DERIVED_FROM_IDENTIFIER_PART,INFERRED_NOT_OFFICIAL
COMMITTEE-94D4E6AA119407ED,UNVALIDATED_PART_CLUSTER::IS 19131 (Part 3):2025,DERIVED_FROM_IDENTIFIER_PART,INFERRED_NOT_OFFICIAL
COMMITTEE-1480E8D320A784BE,UNVALIDATED_PART_CLUSTER::IS 17675 (Part 5):2025,DERIVED_FROM_IDENTIFIER_PART,INFERRED_NOT_OFFICIAL
COMMITTEE-DA4DB8EC60F46259,UNVALIDATED_PART_CLUSTER::IS 1367 (Part 6):2025,DERIVED_FROM_IDENTIFIER_PART,INFERRED_NOT_OFFICIAL
COMMITTEE-20AF31B6D5E4AA0A,UNVALIDATED_PART_CLUSTER::IS 1760 (Part 1):2025,DERIVED_FROM_IDENTIFIER_PART,INFERRED_NOT_OFFICIAL
COMMITTEE-13D41905001D5928,UNVALIDATED_PART_CLUSTER::IS 1760 (Part 2):2025,DERIVED_FROM_IDENTIFIER_PART,INFERRED_NOT_OFFICIAL
COMMITTEE-6E5A03C22AC81FB0,UNVALIDATED_PART_CLUSTER::IS 1760 (Part 3):2025,DERIVED_FROM_IDENTIFIER_PART,INFERRED_NOT_OFFICIAL
COMMITTEE-F9C2370B0AE9FC0A,UNVALIDATED_PART_CLUSTER::IS 1760 (Part 4):2025,DERIVED_FROM_IDENTIFIER_PART,INFERRED_NOT_OFFICIAL
COMMITTEE-3BA6D95B5D054DDC,UNVALIDATED_PART_CLUSTER::IS 1917 (Part 2):2025,DERIVED_FROM_IDENTIFIER_PART,INFERRED_NOT_OFFICIAL
COMMITTEE-99606C32C438B283,UNVALIDATED_PART_CLUSTER::IS 3600 (Part 2):2025,DERIVED_FROM_IDENTIFIER_PART,INFERRED_NOT_OFFICIAL
COMMITTEE-CF5E4FB4DA8B024D,UNVALIDATED_PART_CLUSTER::IS/ISO 105 (Part C12):2024,DERIVED_FROM_IDENTIFIER_PART,INFERRED_NOT_OFFICIAL
COMMITTEE-2CBD87EF5630E45A,UNVALIDATED_PART_CLUSTER::IS 3600 (Part 9):2025,DERIVED_FROM_IDENTIFIER_PART,INFERRED_NOT_OFFICIAL
COMMITTEE-E21DFBBFB6C8DE7D,UNVALIDATED_PART_CLUSTER::IS 18726 (Part 1):2025,DERIVED_FROM_IDENTIFIER_PART,INFERRED_NOT_OFFICIAL
COMMITTEE-6A393B83C25AD53B,UNVALIDATED_PART_CLUSTER::IS 19101 (Part 2):2025,DERIVED_FROM_IDENTIFIER_PART,INFERRED_NOT_OFFICIAL
COMMITTEE-D0C24E672C8130F9,UNVALIDATED_PART_CLUSTER::IS 19132 (Part 1):2025,DERIVED_FROM_IDENTIFIER_PART,INFERRED_NOT_OFFICIAL
COMMITTEE-D0EF2C7A3D31E234,UNVALIDATED_PART_CLUSTER::IS 19153 (Part 1):2025,DERIVED_FROM_IDENTIFIER_PART,INFERRED_NOT_OFFICIAL
COMMITTEE-7F70B14239E3DD7E,UNVALIDATED_PART_CLUSTER::IS 1060 (Part 8/Sec 4):2025,DERIVED_FROM_IDENTIFIER_PART,INFERRED_NOT_OFFICIAL
COMMITTEE-ED97930A59E34752,UNVALIDATED_PART_CLUSTER::IS 1060 (Part 8/Sec 5):2025,DERIVED_FROM_IDENTIFIER_PART,INFERRED_NOT_OFFICIAL
COMMITTEE-785F8DDBC8D6DAFB,UNVALIDATED_PART_CLUSTER::IS 3025 (Part 64):2025,DERIVED_FROM_IDENTIFIER_PART,INFERRED_NOT_OFFICIAL
COMMITTEE-C9B5D1F9ADAD6BE6,UNVALIDATED_PART_CLUSTER::IS 3025 (Part 65):2025,DERIVED_FROM_IDENTIFIER_PART,INFERRED_NOT_OFFICIAL
COMMITTEE-AEC6B47A18EA18CB,UNVALIDATED_PART_CLUSTER::IS 17614 (Part 1):2025,DERIVED_FROM_IDENTIFIER_PART,INFERRED_NOT_OFFICIAL
COMMITTEE-C983B2A8939A9100,UNVALIDATED_PART_CLUSTER::IS 18620 (Part 2):2025,DERIVED_FROM_IDENTIFIER_PART,INFERRED_NOT_OFFICIAL
COMMITTEE-84DE98100BF3B277,UNVALIDATED_PART_CLUSTER::IS/ISO/IEC/TS 30105 (Part 6):2021,DERIVED_FROM_IDENTIFIER_PART,INFERRED_NOT_OFFICIAL
COMMITTEE-D68DE9B3D80726EB,UNVALIDATED_PART_CLUSTER::IS 1060 (Part 8/Sec 2):2025,DERIVED_FROM_IDENTIFIER_PART,INFERRED_NOT_OFFICIAL
COMMITTEE-21FD9053037DE707,UNVALIDATED_PART_CLUSTER::IS/ISO/IEC/TS 30105 (Part 9):2023,DERIVED_FROM_IDENTIFIER_PART,INFERRED_NOT_OFFICIAL
COMMITTEE-C30DD65E2638795C,UNVALIDATED_PART_CLUSTER::IS/ISO/IEC/TR 30105 (Part 7):2019,DERIVED_FROM_IDENTIFIER_PART,INFERRED_NOT_OFFICIAL
COMMITTEE-602BA82C5C6C6785,UNVALIDATED_PART_CLUSTER::IS 4092 (Part 1):2025,DERIVED_FROM_IDENTIFIER_PART,INFERRED_NOT_OFFICIAL
COMMITTEE-3F25FDCC07BBE806,UNVALIDATED_PART_CLUSTER::IS 9815 (Part 1):2025,DERIVED_FROM_IDENTIFIER_PART,INFERRED_NOT_OFFICIAL
COMMITTEE-572FE6554A79C4B8,UNVALIDATED_PART_CLUSTER::IS 7906 (Part 3):2025,DERIVED_FROM_IDENTIFIER_PART,INFERRED_NOT_OFFICIAL
COMMITTEE-2DD3210BD365C667,UNVALIDATED_PART_CLUSTER::IS/IEC 60127 (Part 1):2023,DERIVED_FROM_IDENTIFIER_PART,INFERRED_NOT_OFFICIAL
COMMITTEE-14C00FFBF8A8EC70,UNVALIDATED_PART_CLUSTER::IS 16197 (Part 10):2025,DERIVED_FROM_IDENTIFIER_PART,INFERRED_NOT_OFFICIAL
COMMITTEE-3BDCB7607FB8A845,UNVALIDATED_PART_CLUSTER::IS 17064 (Part 4):2025,DERIVED_FROM_IDENTIFIER_PART,INFERRED_NOT_OFFICIAL
COMMITTEE-D63626B73B9C328C,UNVALIDATED_PART_CLUSTER::IS 17064 (Part 10):2025,DERIVED_FROM_IDENTIFIER_PART,INFERRED_NOT_OFFICIAL
COMMITTEE-D02868C2BD5BF85A,UNVALIDATED_PART_CLUSTER::IS 19094 (Part 6):2025,DERIVED_FROM_IDENTIFIER_PART,INFERRED_NOT_OFFICIAL
COMMITTEE-64A133F2FFD1F80E,UNVALIDATED_PART_CLUSTER::IS 19095 (Part 1):2025,DERIVED_FROM_IDENTIFIER_PART,INFERRED_NOT_OFFICIAL
COMMITTEE-6359DCFF14B4C6D8,UNVALIDATED_PART_CLUSTER::IS 14615 (Part 1):2025,DERIVED_FROM_IDENTIFIER_PART,INFERRED_NOT_OFFICIAL
COMMITTEE-C0D7AB3B9F7B00A5,UNVALIDATED_PART_CLUSTER::IS 14615 (Part 2):2025,DERIVED_FROM_IDENTIFIER_PART,INFERRED_NOT_OFFICIAL
COMMITTEE-96D357D6EC1EA54F,UNVALIDATED_PART_CLUSTER::IS 14615 (Part 4):2025,DERIVED_FROM_IDENTIFIER_PART,INFERRED_NOT_OFFICIAL
COMMITTEE-76CFAA85E4AE5C3D,UNVALIDATED_PART_CLUSTER::IS 14476 (Part 1 to 9):2025,DERIVED_FROM_IDENTIFIER_PART,INFERRED_NOT_OFFICIAL
COMMITTEE-3E49685C6643E4B7,UNVALIDATED_PART_CLUSTER::IS 1891 (Part 2):2025,DERIVED_FROM_IDENTIFIER_PART,INFERRED_NOT_OFFICIAL
COMMITTEE-100A236C84CF5298,UNVALIDATED_PART_CLUSTER::IS 18920 (Part 3):2025,DERIVED_FROM_IDENTIFIER_PART,INFERRED_NOT_OFFICIAL
COMMITTEE-43E67F27CAFC7BF0,UNVALIDATED_PART_CLUSTER::IS 19120 (Part 5):2025,DERIVED_FROM_IDENTIFIER_PART,INFERRED_NOT_OFFICIAL
COMMITTEE-74CE738DBB9D0CA5,UNVALIDATED_PART_CLUSTER::IS 18920 (Part 2):2025,DERIVED_FROM_IDENTIFIER_PART,INFERRED_NOT_OFFICIAL
COMMITTEE-5CAD7C57945E731D,UNVALIDATED_PART_CLUSTER::IS 18430 (Part 32):2025,DERIVED_FROM_IDENTIFIER_PART,INFERRED_NOT_OFFICIAL
COMMITTEE-793E829086B4A7E4,UNVALIDATED_PART_CLUSTER::IS 18920 (Part 4):2025,DERIVED_FROM_IDENTIFIER_PART,INFERRED_NOT_OFFICIAL
COMMITTEE-354067146FDC8927,UNVALIDATED_PART_CLUSTER::IS 6053 (Part 5):2025,DERIVED_FROM_IDENTIFIER_PART,INFERRED_NOT_OFFICIAL
COMMITTEE-97B81A2453FFFFCE,UNVALIDATED_PART_CLUSTER::IS 7422 (Part 5):2025,DERIVED_FROM_IDENTIFIER_PART,INFERRED_NOT_OFFICIAL
COMMITTEE-51B509E7EA4835E2,UNVALIDATED_PART_CLUSTER::IS 18006 (Part 8/Sec 1):2025,DERIVED_FROM_IDENTIFIER_PART,INFERRED_NOT_OFFICIAL
COMMITTEE-2B24D5AB78BE717B,UNVALIDATED_PART_CLUSTER::IS 18006 (Part 7/Sec 1):2025,DERIVED_FROM_IDENTIFIER_PART,INFERRED_NOT_OFFICIAL
COMMITTEE-E1575C0B5A0E0567,UNVALIDATED_PART_CLUSTER::IS 13730 (Part 1):2025,DERIVED_FROM_IDENTIFIER_PART,INFERRED_NOT_OFFICIAL
COMMITTEE-8A73BE0D796F04BF,UNVALIDATED_PART_CLUSTER::IS 2026 (Part 10):2025,DERIVED_FROM_IDENTIFIER_PART,INFERRED_NOT_OFFICIAL
COMMITTEE-FA3C793D213F75EE,UNVALIDATED_PART_CLUSTER::IS 6303 (Part 3):2025,DERIVED_FROM_IDENTIFIER_PART,INFERRED_NOT_OFFICIAL
COMMITTEE-B6DFFF240A253382,UNVALIDATED_PART_CLUSTER::IS 18972 (Part 1):2025,DERIVED_FROM_IDENTIFIER_PART,INFERRED_NOT_OFFICIAL
COMMITTEE-7EB26A0055DE57FE,UNVALIDATED_PART_CLUSTER::IS 18972 (Part 20):2025,DERIVED_FROM_IDENTIFIER_PART,INFERRED_NOT_OFFICIAL
COMMITTEE-61A850F3736E392D,UNVALIDATED_PART_CLUSTER::IS 18972 (Part 100):2025,DERIVED_FROM_IDENTIFIER_PART,INFERRED_NOT_OFFICIAL
COMMITTEE-3D41B9B52E0DB51F,UNVALIDATED_PART_CLUSTER::IS 18925 (Part 2):2025,DERIVED_FROM_IDENTIFIER_PART,INFERRED_NOT_OFFICIAL
COMMITTEE-4B743595520E1C08,UNVALIDATED_PART_CLUSTER::IS 9385 (Part 6):2025,DERIVED_FROM_IDENTIFIER_PART,INFERRED_NOT_OFFICIAL
COMMITTEE-4AF762C5ACDAD685,UNVALIDATED_PART_CLUSTER::IS 16197 (Part 12):2025,DERIVED_FROM_IDENTIFIER_PART,INFERRED_NOT_OFFICIAL
COMMITTEE-1D62482A71FB458C,UNVALIDATED_PART_CLUSTER::IS 18925 (Part 1):2025,DERIVED_FROM_IDENTIFIER_PART,INFERRED_NOT_OFFICIAL
COMMITTEE-9CD415CF9024C4BC,UNVALIDATED_PART_CLUSTER::IS 18925 (Part 3):2025,DERIVED_FROM_IDENTIFIER_PART,INFERRED_NOT_OFFICIAL
COMMITTEE-3855A1093A08935D,UNVALIDATED_PART_CLUSTER::IS 18925 (Part 4):2025,DERIVED_FROM_IDENTIFIER_PART,INFERRED_NOT_OFFICIAL
COMMITTEE-D470809090B0A167,UNVALIDATED_PART_CLUSTER::IS 18925 (Part 5):2025,DERIVED_FROM_IDENTIFIER_PART,INFERRED_NOT_OFFICIAL
COMMITTEE-B63D1A7B70EA2D58,UNVALIDATED_PART_CLUSTER::IS 18925 (Part 6):2025,DERIVED_FROM_IDENTIFIER_PART,INFERRED_NOT_OFFICIAL
COMMITTEE-5411841493EBFD6D,UNVALIDATED_PART_CLUSTER::IS 18925 (Part 7):2025,DERIVED_FROM_IDENTIFIER_PART,INFERRED_NOT_OFFICIAL
COMMITTEE-C0E14ADD9CA51527,UNVALIDATED_PART_CLUSTER::IS 18925 (Part 8):2025,DERIVED_FROM_IDENTIFIER_PART,INFERRED_NOT_OFFICIAL
COMMITTEE-98F9D96D97B43A8C,UNVALIDATED_PART_CLUSTER::IS 18972 (Part 2):2025,DERIVED_FROM_IDENTIFIER_PART,INFERRED_NOT_OFFICIAL
COMMITTEE-CC22AFF87C6BAA49,UNVALIDATED_PART_CLUSTER::IS 18972 (Part 10):2025,DERIVED_FROM_IDENTIFIER_PART,INFERRED_NOT_OFFICIAL
COMMITTEE-7ABC7DB7D062868F,UNVALIDATED_PART_CLUSTER::IS 18766 (Part 1):2025,DERIVED_FROM_IDENTIFIER_PART,INFERRED_NOT_OFFICIAL
COMMITTEE-8D3D1F940B7FD194,UNVALIDATED_PART_CLUSTER::IS 18995 (Part 1):2025,DERIVED_FROM_IDENTIFIER_PART,INFERRED_NOT_OFFICIAL
COMMITTEE-03F3646A186FF114,UNVALIDATED_PART_CLUSTER::IS 18995 (Part 2):2025,DERIVED_FROM_IDENTIFIER_PART,INFERRED_NOT_OFFICIAL
COMMITTEE-36C2E316F2DB5D8E,UNVALIDATED_PART_CLUSTER::IS 18995 (Part 3):2025,DERIVED_FROM_IDENTIFIER_PART,INFERRED_NOT_OFFICIAL
COMMITTEE-0BF42116AEA6B0C8,UNVALIDATED_PART_CLUSTER::IS 18996 (Part 2):2025,DERIVED_FROM_IDENTIFIER_PART,INFERRED_NOT_OFFICIAL
COMMITTEE-69A2E33830363F1E,UNVALIDATED_PART_CLUSTER::IS 18996 (Part 3):2025,DERIVED_FROM_IDENTIFIER_PART,INFERRED_NOT_OFFICIAL
COMMITTEE-A709696F7FD7872F,UNVALIDATED_PART_CLUSTER::IS 18999 (Part 1):2025,DERIVED_FROM_IDENTIFIER_PART,INFERRED_NOT_OFFICIAL
COMMITTEE-C5067BF532973EBB,UNVALIDATED_PART_CLUSTER::IS 18375 (Part 4):2025,DERIVED_FROM_IDENTIFIER_PART,INFERRED_NOT_OFFICIAL
COMMITTEE-AC3E10DB06458800,UNVALIDATED_PART_CLUSTER::IS/IEC 60947 (Part 7/Sec 1):2009,DERIVED_FROM_IDENTIFIER_PART,INFERRED_NOT_OFFICIAL
COMMITTEE-265CEEB9A3D93C33,UNVALIDATED_PART_CLUSTER::IS/IEC 60947 (Part 7/Sec 2):2009,DERIVED_FROM_IDENTIFIER_PART,INFERRED_NOT_OFFICIAL
COMMITTEE-11D03B2B44AD6BAC,UNVALIDATED_PART_CLUSTER::IS 5931 (Part 6):2025,DERIVED_FROM_IDENTIFIER_PART,INFERRED_NOT_OFFICIAL
COMMITTEE-90ABBCF0149DACE3,UNVALIDATED_PART_CLUSTER::IS 5931 (Part 4):2025,DERIVED_FROM_IDENTIFIER_PART,INFERRED_NOT_OFFICIAL
COMMITTEE-ED0ED562D4FF6CFE,UNVALIDATED_PART_CLUSTER::IS 18750 (Part 6):2024,DERIVED_FROM_IDENTIFIER_PART,INFERRED_NOT_OFFICIAL
COMMITTEE-F8F59CF8A40E787C,UNVALIDATED_PART_CLUSTER::IS 13326 (Part 1):2025,DERIVED_FROM_IDENTIFIER_PART,INFERRED_NOT_OFFICIAL
COMMITTEE-CB6964D3962CDC19,UNVALIDATED_PART_CLUSTER::IS 15199 (Part 1):2025,DERIVED_FROM_IDENTIFIER_PART,INFERRED_NOT_OFFICIAL
COMMITTEE-DFF4FA603E9DC6C7,UNVALIDATED_PART_CLUSTER::IS/IEC 60034 (Part 5):2020,DERIVED_FROM_IDENTIFIER_PART,INFERRED_NOT_OFFICIAL
COMMITTEE-E4B26FE978B122F3,UNVALIDATED_PART_CLUSTER::IS/ISO 8980 (Part 3):2022,DERIVED_FROM_IDENTIFIER_PART,INFERRED_NOT_OFFICIAL
COMMITTEE-0FB69906A7699E91,UNVALIDATED_PART_CLUSTER::IS/IEC 60071 (Part 2):2023,DERIVED_FROM_IDENTIFIER_PART,INFERRED_NOT_OFFICIAL
COMMITTEE-2D8E870752DD0C82,UNVALIDATED_PART_CLUSTER::IS 19047 (Part 3):2024,DERIVED_FROM_IDENTIFIER_PART,INFERRED_NOT_OFFICIAL
COMMITTEE-0467207B748D5BDD,UNVALIDATED_PART_CLUSTER::IS 13730 (Part 0/Sec 6):2024,DERIVED_FROM_IDENTIFIER_PART,INFERRED_NOT_OFFICIAL
COMMITTEE-2DD3369658F1A4AE,UNVALIDATED_PART_CLUSTER::IS 13730 (Part 0/Sec 4):2024,DERIVED_FROM_IDENTIFIER_PART,INFERRED_NOT_OFFICIAL
COMMITTEE-EC2CB6BB787024F3,UNVALIDATED_PART_CLUSTER::IS 13730 (Part 2):2024,DERIVED_FROM_IDENTIFIER_PART,INFERRED_NOT_OFFICIAL
COMMITTEE-45BDFA84EBFEAD0B,UNVALIDATED_PART_CLUSTER::IS 13730 (Part 17):2024,DERIVED_FROM_IDENTIFIER_PART,INFERRED_NOT_OFFICIAL
COMMITTEE-C3EC7296B78C09BF,UNVALIDATED_PART_CLUSTER::IS 13730 (Part 25):2024,DERIVED_FROM_IDENTIFIER_PART,INFERRED_NOT_OFFICIAL
COMMITTEE-C659BDF3923C0424,UNVALIDATED_PART_CLUSTER::IS 13778 (Part 1):2024,DERIVED_FROM_IDENTIFIER_PART,INFERRED_NOT_OFFICIAL
COMMITTEE-F55E76B1FCDA8B68,UNVALIDATED_PART_CLUSTER::IS 13778 (Part 3):2024,DERIVED_FROM_IDENTIFIER_PART,INFERRED_NOT_OFFICIAL
COMMITTEE-735A2AA3C068F20E,UNVALIDATED_PART_CLUSTER::IS 7032 (Part 1 to 9):2024,DERIVED_FROM_IDENTIFIER_PART,INFERRED_NOT_OFFICIAL
COMMITTEE-5E9CEB8294005F40,UNVALIDATED_PART_CLUSTER::IS 5785 (Part 3):2024,DERIVED_FROM_IDENTIFIER_PART,INFERRED_NOT_OFFICIAL
COMMITTEE-D0E972B6515AD5C2,UNVALIDATED_PART_CLUSTER::IS 19047 (Part 2):2024,DERIVED_FROM_IDENTIFIER_PART,INFERRED_NOT_OFFICIAL
COMMITTEE-DA23055333924187,UNVALIDATED_PART_CLUSTER::IS 18900 (Part 2):2024,DERIVED_FROM_IDENTIFIER_PART,INFERRED_NOT_OFFICIAL
COMMITTEE-BD076B391870FA0A,UNVALIDATED_PART_CLUSTER::IS 18257 (Part 5):2024,DERIVED_FROM_IDENTIFIER_PART,INFERRED_NOT_OFFICIAL
COMMITTEE-BCCD04474FFD809E,UNVALIDATED_PART_CLUSTER::IS 7422 (Part 3):2024,DERIVED_FROM_IDENTIFIER_PART,INFERRED_NOT_OFFICIAL
COMMITTEE-F9E683C98E0CD219,UNVALIDATED_PART_CLUSTER::IS/ISO 11114 (Part 2):2021,DERIVED_FROM_IDENTIFIER_PART,INFERRED_NOT_OFFICIAL
COMMITTEE-D4849965D9FA13AB,UNVALIDATED_PART_CLUSTER::IS 17724 (Part 2/Sec 202):2024,DERIVED_FROM_IDENTIFIER_PART,INFERRED_NOT_OFFICIAL
COMMITTEE-139D6CFE35723EDA,UNVALIDATED_PART_CLUSTER::IS/IEC 61557 (Part 9):2023,DERIVED_FROM_IDENTIFIER_PART,INFERRED_NOT_OFFICIAL
COMMITTEE-27AF2A5DCA756EF8,UNVALIDATED_PART_CLUSTER::IS 18622 (Part 3):2024,DERIVED_FROM_IDENTIFIER_PART,INFERRED_NOT_OFFICIAL
COMMITTEE-28215A58BF4FE56C,UNVALIDATED_PART_CLUSTER::IS 19065 (Part 2):2024,DERIVED_FROM_IDENTIFIER_PART,INFERRED_NOT_OFFICIAL
COMMITTEE-ACC7BF889BE9F458,UNVALIDATED_PART_CLUSTER::IS 19065 (Part 3):2024,DERIVED_FROM_IDENTIFIER_PART,INFERRED_NOT_OFFICIAL
COMMITTEE-697551E67FF12EB0,UNVALIDATED_PART_CLUSTER::IS 19065 (Part 5):2024,DERIVED_FROM_IDENTIFIER_PART,INFERRED_NOT_OFFICIAL
COMMITTEE-9AE566C76A84E409,UNVALIDATED_PART_CLUSTER::IS 5960 (Part 5):2024,DERIVED_FROM_IDENTIFIER_PART,INFERRED_NOT_OFFICIAL
COMMITTEE-9168CB17B849D260,UNVALIDATED_PART_CLUSTER::IS 1367 (Part 11):2024,DERIVED_FROM_IDENTIFIER_PART,INFERRED_NOT_OFFICIAL
COMMITTEE-77C5C2F535AC7BFE,UNVALIDATED_PART_CLUSTER::IS 5920 (Part 1):2024,DERIVED_FROM_IDENTIFIER_PART,INFERRED_NOT_OFFICIAL
COMMITTEE-BD96980D947F8AA9,UNVALIDATED_PART_CLUSTER::IS 14802 (Part 1):2024,DERIVED_FROM_IDENTIFIER_PART,INFERRED_NOT_OFFICIAL
COMMITTEE-7812A84E04CE2A7B,UNVALIDATED_PART_CLUSTER::IS 18726 (Part 5):2024,DERIVED_FROM_IDENTIFIER_PART,INFERRED_NOT_OFFICIAL
COMMITTEE-6536887C1D87FAFB,UNVALIDATED_PART_CLUSTER::IS 18920 (Part 1):2024,DERIVED_FROM_IDENTIFIER_PART,INFERRED_NOT_OFFICIAL
COMMITTEE-4D4CF552001B0823,UNVALIDATED_PART_CLUSTER::IS 18920 (Part 5):2024,DERIVED_FROM_IDENTIFIER_PART,INFERRED_NOT_OFFICIAL
COMMITTEE-BC1BD4D8EA6B44D9,UNVALIDATED_PART_CLUSTER::IS 1200 (Part 6):2024,DERIVED_FROM_IDENTIFIER_PART,INFERRED_NOT_OFFICIAL
COMMITTEE-C44DFF707E4E7D3C,UNVALIDATED_PART_CLUSTER::IS 18327 (Part 1):2024,DERIVED_FROM_IDENTIFIER_PART,INFERRED_NOT_OFFICIAL
COMMITTEE-FE5AE712C342CDD4,UNVALIDATED_PART_CLUSTER::IS 397 (Part 10):2024,DERIVED_FROM_IDENTIFIER_PART,INFERRED_NOT_OFFICIAL
COMMITTEE-777FEE97407F95D7,UNVALIDATED_PART_CLUSTER::IS 1200 (Part 11):2024,DERIVED_FROM_IDENTIFIER_PART,INFERRED_NOT_OFFICIAL
COMMITTEE-84E088DF73B91184,UNVALIDATED_PART_CLUSTER::IS 1200 (Part 13):2024,DERIVED_FROM_IDENTIFIER_PART,INFERRED_NOT_OFFICIAL
COMMITTEE-262A90CB4C383E3D,UNVALIDATED_PART_CLUSTER::IS 1200 (Part 27):2024,DERIVED_FROM_IDENTIFIER_PART,INFERRED_NOT_OFFICIAL
COMMITTEE-5E31360EA911E21D,UNVALIDATED_PART_CLUSTER::IS 19075 (Part 2):2024,DERIVED_FROM_IDENTIFIER_PART,INFERRED_NOT_OFFICIAL
COMMITTEE-73F5A534C0E150C4,UNVALIDATED_PART_CLUSTER::IS 19060 (Part 1):2024,DERIVED_FROM_IDENTIFIER_PART,INFERRED_NOT_OFFICIAL
COMMITTEE-BFFFB3870B81A830,UNVALIDATED_PART_CLUSTER::IS 6834 (Part 1):2024,DERIVED_FROM_IDENTIFIER_PART,INFERRED_NOT_OFFICIAL
COMMITTEE-8727AADC904533D2,UNVALIDATED_PART_CLUSTER::IS 6834 (Part 2):2024,DERIVED_FROM_IDENTIFIER_PART,INFERRED_NOT_OFFICIAL
COMMITTEE-33DBEFD680A06170,UNVALIDATED_PART_CLUSTER::IS 6834 (Part 3):2024,DERIVED_FROM_IDENTIFIER_PART,INFERRED_NOT_OFFICIAL
COMMITTEE-3CAE3514DFD10003,UNVALIDATED_PART_CLUSTER::IS 13218 (Part 3):2024,DERIVED_FROM_IDENTIFIER_PART,INFERRED_NOT_OFFICIAL
COMMITTEE-F6519C1847A97640,UNVALIDATED_PART_CLUSTER::IS 3451 (Part 1):2024,DERIVED_FROM_IDENTIFIER_PART,INFERRED_NOT_OFFICIAL
COMMITTEE-C1F24AE63F7B3EBE,UNVALIDATED_PART_CLUSTER::IS 4006 (Part 1):2024,DERIVED_FROM_IDENTIFIER_PART,INFERRED_NOT_OFFICIAL
COMMITTEE-F2362B065E25DB1A,UNVALIDATED_PART_CLUSTER::IS/IEC 61196 (Part 1/Sec 200):2022,DERIVED_FROM_IDENTIFIER_PART,INFERRED_NOT_OFFICIAL
COMMITTEE-43ABF533744156A3,UNVALIDATED_PART_CLUSTER::IS/IEC 61196 (Part 6/Sec 1):2021,DERIVED_FROM_IDENTIFIER_PART,INFERRED_NOT_OFFICIAL
COMMITTEE-DB0E5E60C9092FE7,UNVALIDATED_PART_CLUSTER::IS 354 (Part 6):2024,DERIVED_FROM_IDENTIFIER_PART,INFERRED_NOT_OFFICIAL
COMMITTEE-D07088B61E442EF4,UNVALIDATED_PART_CLUSTER::IS 6053 (Part 4):2024,DERIVED_FROM_IDENTIFIER_PART,INFERRED_NOT_OFFICIAL
COMMITTEE-A4FA440846DFD8D9,UNVALIDATED_PART_CLUSTER::IS 16915 (Part 1):2024,DERIVED_FROM_IDENTIFIER_PART,INFERRED_NOT_OFFICIAL
COMMITTEE-6802F36419AB5161,UNVALIDATED_PART_CLUSTER::IS 16915 (Part 2):2024,DERIVED_FROM_IDENTIFIER_PART,INFERRED_NOT_OFFICIAL
COMMITTEE-1268F8E371E74B56,UNVALIDATED_PART_CLUSTER::IS 8085 (Part 29):2024,DERIVED_FROM_IDENTIFIER_PART,INFERRED_NOT_OFFICIAL
COMMITTEE-0E2FC573065FB8E0,UNVALIDATED_PART_CLUSTER::IS 18879 (Part 3):2024,DERIVED_FROM_IDENTIFIER_PART,INFERRED_NOT_OFFICIAL
COMMITTEE-BC8574D6BAB9D803,UNVALIDATED_PART_CLUSTER::IS 18879 (Part 6):2024,DERIVED_FROM_IDENTIFIER_PART,INFERRED_NOT_OFFICIAL
COMMITTEE-420FE0DFA002413C,UNVALIDATED_PART_CLUSTER::IS 18879 (Part 8):2024,DERIVED_FROM_IDENTIFIER_PART,INFERRED_NOT_OFFICIAL
COMMITTEE-1D87138BD2BEAAF5,UNVALIDATED_PART_CLUSTER::IS 18879 (Part 15):2024,DERIVED_FROM_IDENTIFIER_PART,INFERRED_NOT_OFFICIAL
COMMITTEE-E5DB6F12695469EA,UNVALIDATED_PART_CLUSTER::IS 18881 (Part 3):2024,DERIVED_FROM_IDENTIFIER_PART,INFERRED_NOT_OFFICIAL
COMMITTEE-9884E1AD3297D5DB,UNVALIDATED_PART_CLUSTER::IS 18750 (Part 4):2024,DERIVED_FROM_IDENTIFIER_PART,INFERRED_NOT_OFFICIAL
COMMITTEE-E02AC232D297D098,UNVALIDATED_PART_CLUSTER::IS 18750 (Part 5):2024,DERIVED_FROM_IDENTIFIER_PART,INFERRED_NOT_OFFICIAL
COMMITTEE-4C73424213828AAB,UNVALIDATED_PART_CLUSTER::IS 19047 (Part 1):2024,DERIVED_FROM_IDENTIFIER_PART,INFERRED_NOT_OFFICIAL
COMMITTEE-1C8FCE7ABCEA3C6F,UNVALIDATED_PART_CLUSTER::IS 228 (Part 6):2024,DERIVED_FROM_IDENTIFIER_PART,INFERRED_NOT_OFFICIAL
COMMITTEE-86CDFE6126B4836F,UNVALIDATED_PART_CLUSTER::IS 18824 (Part 2):2024,DERIVED_FROM_IDENTIFIER_PART,INFERRED_NOT_OFFICIAL
COMMITTEE-586E5E935A984CBC,UNVALIDATED_PART_CLUSTER::IS 582 (Part 15/Sec 2):2024,DERIVED_FROM_IDENTIFIER_PART,INFERRED_NOT_OFFICIAL
COMMITTEE-4A2863C70397DB5F,UNVALIDATED_PART_CLUSTER::IS 4006 (Part 2):2024,DERIVED_FROM_IDENTIFIER_PART,INFERRED_NOT_OFFICIAL
COMMITTEE-98080B022DEA7221,UNVALIDATED_PART_CLUSTER::IS 4006 (Part 3):2024,DERIVED_FROM_IDENTIFIER_PART,INFERRED_NOT_OFFICIAL
COMMITTEE-CEC84D0F6071E6A8,UNVALIDATED_PART_CLUSTER::IS 12450 (Part 1):2024,DERIVED_FROM_IDENTIFIER_PART,INFERRED_NOT_OFFICIAL
COMMITTEE-59CBDDA04B81A4D2,UNVALIDATED_PART_CLUSTER::IS 13730 (Part 12):2024,DERIVED_FROM_IDENTIFIER_PART,INFERRED_NOT_OFFICIAL
COMMITTEE-AB566854B21A6F2F,UNVALIDATED_PART_CLUSTER::IS 16672 (Part 2):2024,DERIVED_FROM_IDENTIFIER_PART,INFERRED_NOT_OFFICIAL
COMMITTEE-BF9A6A776C6695C2,UNVALIDATED_PART_CLUSTER::IS 7422 (Part 2):2024,DERIVED_FROM_IDENTIFIER_PART,INFERRED_NOT_OFFICIAL
COMMITTEE-95E0F9DD0D4EDF4C,UNVALIDATED_PART_CLUSTER::IS 7422 (Part 4):2024,DERIVED_FROM_IDENTIFIER_PART,INFERRED_NOT_OFFICIAL
COMMITTEE-147C0F1510824368,UNVALIDATED_PART_CLUSTER::IS 13162 (Part 2):2024,DERIVED_FROM_IDENTIFIER_PART,INFERRED_NOT_OFFICIAL
COMMITTEE-C8F525BF94AAD46D,UNVALIDATED_PART_CLUSTER::IS 4410 (Part 11/Sec 1):2024,DERIVED_FROM_IDENTIFIER_PART,INFERRED_NOT_OFFICIAL
COMMITTEE-D2E0BBC5AAA8FD6D,UNVALIDATED_PART_CLUSTER::IS 582 (Part 15/Sec 1):2024,DERIVED_FROM_IDENTIFIER_PART,INFERRED_NOT_OFFICIAL
COMMITTEE-CD6FAC57C531E977,UNVALIDATED_PART_CLUSTER::IS 3972 (Part 2/Sec 8):2024,DERIVED_FROM_IDENTIFIER_PART,INFERRED_NOT_OFFICIAL
COMMITTEE-78195C0E836F86BF,UNVALIDATED_PART_CLUSTER::IS 12432 (Part 2):2024,DERIVED_FROM_IDENTIFIER_PART,INFERRED_NOT_OFFICIAL
COMMITTEE-1885BB0E3C738902,UNVALIDATED_PART_CLUSTER::IS/ISO/IEC 10373 (Part 6):2020,DERIVED_FROM_IDENTIFIER_PART,INFERRED_NOT_OFFICIAL
COMMITTEE-2589C0361DB3249B,UNVALIDATED_PART_CLUSTER::IS 14202 (Part 6):2024,DERIVED_FROM_IDENTIFIER_PART,INFERRED_NOT_OFFICIAL
COMMITTEE-849B3085927CA11E,UNVALIDATED_PART_CLUSTER::IS/IEC 63203 (Part 402/Sec 1):2022,DERIVED_FROM_IDENTIFIER_PART,INFERRED_NOT_OFFICIAL
COMMITTEE-9FB457733491A104,UNVALIDATED_PART_CLUSTER::IS 18877 (Part 4):2024,DERIVED_FROM_IDENTIFIER_PART,INFERRED_NOT_OFFICIAL
COMMITTEE-B57545DE7D42C1D9,UNVALIDATED_PART_CLUSTER::IS 18877 (Part 3):2024,DERIVED_FROM_IDENTIFIER_PART,INFERRED_NOT_OFFICIAL
COMMITTEE-2F0E30B2B2BCA619,UNVALIDATED_PART_CLUSTER::IS 6748 (Part 1):2024,DERIVED_FROM_IDENTIFIER_PART,INFERRED_NOT_OFFICIAL
COMMITTEE-54F4A877C74946DB,UNVALIDATED_PART_CLUSTER::IS/ISO 16634 (Part 1):2008,DERIVED_FROM_IDENTIFIER_PART,INFERRED_NOT_OFFICIAL
COMMITTEE-E68F883B0FB520C1,UNVALIDATED_PART_CLUSTER::IS 18934 (Part 1):2024,DERIVED_FROM_IDENTIFIER_PART,INFERRED_NOT_OFFICIAL
COMMITTEE-DA75EABC6D67E9FE,UNVALIDATED_PART_CLUSTER::IS 18934 (Part 2):2024,DERIVED_FROM_IDENTIFIER_PART,INFERRED_NOT_OFFICIAL
COMMITTEE-2BA0ECCD130E7EC0,UNVALIDATED_PART_CLUSTER::IS 548 (Part 3/Sec 12):2024,DERIVED_FROM_IDENTIFIER_PART,INFERRED_NOT_OFFICIAL
COMMITTEE-0183ED19CE67CDA2,UNVALIDATED_PART_CLUSTER::IS 18988 (Part 1):2024,DERIVED_FROM_IDENTIFIER_PART,INFERRED_NOT_OFFICIAL
COMMITTEE-057273B6F24870C7,UNVALIDATED_PART_CLUSTER::IS 18988 (Part 4):2024,DERIVED_FROM_IDENTIFIER_PART,INFERRED_NOT_OFFICIAL
COMMITTEE-67F58E12C9DFC467,UNVALIDATED_PART_CLUSTER::IS 18988 (Part 5):2024,DERIVED_FROM_IDENTIFIER_PART,INFERRED_NOT_OFFICIAL
COMMITTEE-8D13C27DD080FC3B,UNVALIDATED_PART_CLUSTER::IS 5920 (Part 12):2024,DERIVED_FROM_IDENTIFIER_PART,INFERRED_NOT_OFFICIAL
COMMITTEE-449A7E3B15251825,UNVALIDATED_PART_CLUSTER::IS 18852 (Part 1):2024,DERIVED_FROM_IDENTIFIER_PART,INFERRED_NOT_OFFICIAL
COMMITTEE-13CC253365A42190,UNVALIDATED_PART_CLUSTER::IS 18852 (Part 2):2024,DERIVED_FROM_IDENTIFIER_PART,INFERRED_NOT_OFFICIAL
COMMITTEE-D19421E7AF287699,UNVALIDATED_PART_CLUSTER::IS 18726 (Part 2):2024,DERIVED_FROM_IDENTIFIER_PART,INFERRED_NOT_OFFICIAL
COMMITTEE-97E893474BEA9BE7,UNVALIDATED_PART_CLUSTER::IS 18726 (Part 3):2024,DERIVED_FROM_IDENTIFIER_PART,INFERRED_NOT_OFFICIAL
COMMITTEE-B15AE4A70E688B70,UNVALIDATED_PART_CLUSTER::IS 18852 (Part 3):2024,DERIVED_FROM_IDENTIFIER_PART,INFERRED_NOT_OFFICIAL
COMMITTEE-EC2F4F5EA785B3B3,UNVALIDATED_PART_CLUSTER::IS 18852 (Part 4):2024,DERIVED_FROM_IDENTIFIER_PART,INFERRED_NOT_OFFICIAL
COMMITTEE-D3BA49D9FDA4149E,UNVALIDATED_PART_CLUSTER::IS 18852 (Part 5):2024,DERIVED_FROM_IDENTIFIER_PART,INFERRED_NOT_OFFICIAL
COMMITTEE-6CD6A255993E6384,UNVALIDATED_PART_CLUSTER::IS 18852 (Part 6):2024,DERIVED_FROM_IDENTIFIER_PART,INFERRED_NOT_OFFICIAL
COMMITTEE-EC3D9E37C2620E5F,UNVALIDATED_PART_CLUSTER::IS 18852 (Part 7):2024,DERIVED_FROM_IDENTIFIER_PART,INFERRED_NOT_OFFICIAL
COMMITTEE-55DE407D3738846F,UNVALIDATED_PART_CLUSTER::IS 18852 (Part 8):2024,DERIVED_FROM_IDENTIFIER_PART,INFERRED_NOT_OFFICIAL
COMMITTEE-26D40ACA01FE8AF6,UNVALIDATED_PART_CLUSTER::IS 18852 (Part 9):2024,DERIVED_FROM_IDENTIFIER_PART,INFERRED_NOT_OFFICIAL
COMMITTEE-58108FF3B2BF4111,UNVALIDATED_PART_CLUSTER::IS 18852 (Part 10):2024,DERIVED_FROM_IDENTIFIER_PART,INFERRED_NOT_OFFICIAL
COMMITTEE-0AB1636EE7D1CD54,UNVALIDATED_PART_CLUSTER::IS 18852 (Part 11):2024,DERIVED_FROM_IDENTIFIER_PART,INFERRED_NOT_OFFICIAL
COMMITTEE-7E032305220A4F5C,UNVALIDATED_PART_CLUSTER::IS 18852 (Part 12):2024,DERIVED_FROM_IDENTIFIER_PART,INFERRED_NOT_OFFICIAL
COMMITTEE-411EDD5B5F0B3A8B,UNVALIDATED_PART_CLUSTER::IS 13129 (Part 3):2024,DERIVED_FROM_IDENTIFIER_PART,INFERRED_NOT_OFFICIAL
COMMITTEE-D7CCEAF698FDB0B5,UNVALIDATED_PART_CLUSTER::IS 15449 (Part 1):2024,DERIVED_FROM_IDENTIFIER_PART,INFERRED_NOT_OFFICIAL
COMMITTEE-C494A829FC14650C,UNVALIDATED_PART_CLUSTER::IS 15449 (Part 3):2024,DERIVED_FROM_IDENTIFIER_PART,INFERRED_NOT_OFFICIAL
COMMITTEE-2C2865FE2354B161,UNVALIDATED_PART_CLUSTER::IS 15449 (Part 2):2024,DERIVED_FROM_IDENTIFIER_PART,INFERRED_NOT_OFFICIAL
COMMITTEE-556733E7138B7D83,UNVALIDATED_PART_CLUSTER::IS 15449 (Part 4):2024,DERIVED_FROM_IDENTIFIER_PART,INFERRED_NOT_OFFICIAL
COMMITTEE-F0A24BEDB673B080,UNVALIDATED_PART_CLUSTER::IS 15481 (Part 1):2024,DERIVED_FROM_IDENTIFIER_PART,INFERRED_NOT_OFFICIAL
COMMITTEE-62C5C6AC8D161132,UNVALIDATED_PART_CLUSTER::IS 17550 (Part 1):2024,DERIVED_FROM_IDENTIFIER_PART,INFERRED_NOT_OFFICIAL
COMMITTEE-8226F96EE4AA42DC,UNVALIDATED_PART_CLUSTER::IS 18867 (Part 2):2024,DERIVED_FROM_IDENTIFIER_PART,INFERRED_NOT_OFFICIAL
COMMITTEE-45FC88A03BFF0EAE,UNVALIDATED_PART_CLUSTER::IS 101 (Part 11/Sec 2):2024,DERIVED_FROM_IDENTIFIER_PART,INFERRED_NOT_OFFICIAL
COMMITTEE-BD30DD23735AA35C,UNVALIDATED_PART_CLUSTER::IS 101 (Part 11/Sec 5):2024,DERIVED_FROM_IDENTIFIER_PART,INFERRED_NOT_OFFICIAL
COMMITTEE-E8248DA4BAE4E352,UNVALIDATED_PART_CLUSTER::IS 3972 (Part 2/Sec 12):2024,DERIVED_FROM_IDENTIFIER_PART,INFERRED_NOT_OFFICIAL
COMMITTEE-F01253780327683B,UNVALIDATED_PART_CLUSTER::IS 11239 (Part 8):2024,DERIVED_FROM_IDENTIFIER_PART,INFERRED_NOT_OFFICIAL
COMMITTEE-D454866EC9B4D44D,UNVALIDATED_PART_CLUSTER::IS 11239 (Part 11):2024,DERIVED_FROM_IDENTIFIER_PART,INFERRED_NOT_OFFICIAL
COMMITTEE-735E43D20A57CFD2,UNVALIDATED_PART_CLUSTER::IS 8254 (Part 2):2024,DERIVED_FROM_IDENTIFIER_PART,INFERRED_NOT_OFFICIAL
COMMITTEE-DBAB6DDAE2C540FA,UNVALIDATED_PART_CLUSTER::IS/ISO 11979 (Part 3):2012,DERIVED_FROM_IDENTIFIER_PART,INFERRED_NOT_OFFICIAL
COMMITTEE-94BE244C84B736C8,UNVALIDATED_PART_CLUSTER::IS 18292 (Part 1):2024,DERIVED_FROM_IDENTIFIER_PART,INFERRED_NOT_OFFICIAL
COMMITTEE-9C3F547C423AEDEC,UNVALIDATED_PART_CLUSTER::IS 18292 (Part 4):2024,DERIVED_FROM_IDENTIFIER_PART,INFERRED_NOT_OFFICIAL
COMMITTEE-F7C08DDFE13474FF,UNVALIDATED_PART_CLUSTER::IS 18867 (Part 3):2024,DERIVED_FROM_IDENTIFIER_PART,INFERRED_NOT_OFFICIAL
COMMITTEE-A5A2E79405F0D0C9,UNVALIDATED_PART_CLUSTER::IS 18881 (Part 5):2024,DERIVED_FROM_IDENTIFIER_PART,INFERRED_NOT_OFFICIAL
COMMITTEE-7B8B9E1E6BD06E3A,UNVALIDATED_PART_CLUSTER::IS 18292 (Part 7):2024,DERIVED_FROM_IDENTIFIER_PART,INFERRED_NOT_OFFICIAL
COMMITTEE-5B806610E2F91515,UNVALIDATED_PART_CLUSTER::IS/IEC 63203 (Part 101/Sec 1):2021,DERIVED_FROM_IDENTIFIER_PART,INFERRED_NOT_OFFICIAL
COMMITTEE-3996B8AC01FFF5C5,UNVALIDATED_PART_CLUSTER::IS 16506 (Part 1):2024,DERIVED_FROM_IDENTIFIER_PART,INFERRED_NOT_OFFICIAL
COMMITTEE-8777252EAF08E56A,UNVALIDATED_PART_CLUSTER::IS 5920 (Part 2):2024,DERIVED_FROM_IDENTIFIER_PART,INFERRED_NOT_OFFICIAL
COMMITTEE-3B64CE20FEB8CFD0,UNVALIDATED_PART_CLUSTER::IS 5920 (Part 9):2024,DERIVED_FROM_IDENTIFIER_PART,INFERRED_NOT_OFFICIAL
COMMITTEE-F57F0156AF6A7F87,UNVALIDATED_PART_CLUSTER::IS 5182 (Part 27):2024,DERIVED_FROM_IDENTIFIER_PART,INFERRED_NOT_OFFICIAL
COMMITTEE-DF855B3923DB3132,UNVALIDATED_PART_CLUSTER::IS 8007 (Part 1):2024,DERIVED_FROM_IDENTIFIER_PART,INFERRED_NOT_OFFICIAL
COMMITTEE-E29C4AE7C82E74EE,UNVALIDATED_PART_CLUSTER::IS/ISO 8528 (Part 12):2022,DERIVED_FROM_IDENTIFIER_PART,INFERRED_NOT_OFFICIAL
COMMITTEE-7C317699036358BA,UNVALIDATED_PART_CLUSTER::IS 9099 (Part 1):2024,DERIVED_FROM_IDENTIFIER_PART,INFERRED_NOT_OFFICIAL
COMMITTEE-A2F7A1D76DC13066,UNVALIDATED_PART_CLUSTER::IS 9099 (Part 2):2024,DERIVED_FROM_IDENTIFIER_PART,INFERRED_NOT_OFFICIAL
COMMITTEE-F3001C2BB2527371,UNVALIDATED_PART_CLUSTER::IS 11830 (Part 1):2024,DERIVED_FROM_IDENTIFIER_PART,INFERRED_NOT_OFFICIAL
COMMITTEE-79FED32939A7723C,UNVALIDATED_PART_CLUSTER::IS 2066 (Part 1):2024,DERIVED_FROM_IDENTIFIER_PART,INFERRED_NOT_OFFICIAL
COMMITTEE-78CE5056A5A33E85,UNVALIDATED_PART_CLUSTER::IS 14483 (Part 1):2024,DERIVED_FROM_IDENTIFIER_PART,INFERRED_NOT_OFFICIAL
COMMITTEE-52D71A0021ACAFB5,UNVALIDATED_PART_CLUSTER::IS 18953 (Part 1):2024,DERIVED_FROM_IDENTIFIER_PART,INFERRED_NOT_OFFICIAL
COMMITTEE-AC52420A2DA95D4E,UNVALIDATED_PART_CLUSTER::IS 17929 (Part 4):2024,DERIVED_FROM_IDENTIFIER_PART,INFERRED_NOT_OFFICIAL
COMMITTEE-3B2712CDAF69ED20,UNVALIDATED_PART_CLUSTER::IS 17929 (Part 5):2024,DERIVED_FROM_IDENTIFIER_PART,INFERRED_NOT_OFFICIAL
COMMITTEE-4DCDB07E5A81AB63,UNVALIDATED_PART_CLUSTER::IS/IEC 61400 (Part 26/Sec 1):2019,DERIVED_FROM_IDENTIFIER_PART,INFERRED_NOT_OFFICIAL
COMMITTEE-87CA0BFD7CA8348D,UNVALIDATED_PART_CLUSTER::IS 4682 (Part 5):2024,DERIVED_FROM_IDENTIFIER_PART,INFERRED_NOT_OFFICIAL
COMMITTEE-4DB13484A7040898,UNVALIDATED_PART_CLUSTER::IS 11710 (Part 1):2024,DERIVED_FROM_IDENTIFIER_PART,INFERRED_NOT_OFFICIAL
COMMITTEE-E4BD09BAAA542C92,UNVALIDATED_PART_CLUSTER::IS/ISO 20816 (Part 3):2022,DERIVED_FROM_IDENTIFIER_PART,INFERRED_NOT_OFFICIAL
COMMITTEE-EA3CD3620256FCB7,UNVALIDATED_PART_CLUSTER::IS 10258 (Part 4):2024,DERIVED_FROM_IDENTIFIER_PART,INFERRED_NOT_OFFICIAL
COMMITTEE-75AE338E36375C9D,UNVALIDATED_PART_CLUSTER::IS 11710 (Part 2):2024,DERIVED_FROM_IDENTIFIER_PART,INFERRED_NOT_OFFICIAL
COMMITTEE-420F143D4C6AC26E,UNVALIDATED_PART_CLUSTER::IS 17614 (Part 3):2024,DERIVED_FROM_IDENTIFIER_PART,INFERRED_NOT_OFFICIAL
COMMITTEE-A23EA277D4B477BF,UNVALIDATED_PART_CLUSTER::IS 9724 (Part 2):2024,DERIVED_FROM_IDENTIFIER_PART,INFERRED_NOT_OFFICIAL
COMMITTEE-F06E89724BA6CA1C,UNVALIDATED_PART_CLUSTER::IS 5920 (Part 5):2024,DERIVED_FROM_IDENTIFIER_PART,INFERRED_NOT_OFFICIAL
COMMITTEE-58F5A7310255154A,UNVALIDATED_PART_CLUSTER::IS 5920 (Part 13):2024,DERIVED_FROM_IDENTIFIER_PART,INFERRED_NOT_OFFICIAL
COMMITTEE-E1461D962080A723,UNVALIDATED_PART_CLUSTER::IS/IEC 60512 (Part 2/Sec 2):2003,DERIVED_FROM_IDENTIFIER_PART,INFERRED_NOT_OFFICIAL
COMMITTEE-7DB73501ECB8F4E5,UNVALIDATED_PART_CLUSTER::IS 5920 (Part 3):2024,DERIVED_FROM_IDENTIFIER_PART,INFERRED_NOT_OFFICIAL
COMMITTEE-6A090B872C393547,UNVALIDATED_PART_CLUSTER::IS 16502 (Part 4/Sec 2):2024,DERIVED_FROM_IDENTIFIER_PART,INFERRED_NOT_OFFICIAL
COMMITTEE-36D3C64FA1231DCD,UNVALIDATED_PART_CLUSTER::IS/IEC/TS 60079 (Part 47):2021,DERIVED_FROM_IDENTIFIER_PART,INFERRED_NOT_OFFICIAL
COMMITTEE-230CE7F5917E1199,UNVALIDATED_PART_CLUSTER::IS 5920 (Part 4):2024,DERIVED_FROM_IDENTIFIER_PART,INFERRED_NOT_OFFICIAL
COMMITTEE-FEA062F2E7FA93B7,UNVALIDATED_PART_CLUSTER::IS 5920 (Part 6):2024,DERIVED_FROM_IDENTIFIER_PART,INFERRED_NOT_OFFICIAL
COMMITTEE-5A40CBA760E0E843,UNVALIDATED_PART_CLUSTER::IS 1891 (Part 4):2024,DERIVED_FROM_IDENTIFIER_PART,INFERRED_NOT_OFFICIAL
COMMITTEE-D33B709C1D4E51D6,UNVALIDATED_PART_CLUSTER::IS 5920 (Part 7):2024,DERIVED_FROM_IDENTIFIER_PART,INFERRED_NOT_OFFICIAL
COMMITTEE-422D58260E32AEE3,UNVALIDATED_PART_CLUSTER::IS 5920 (Part 8):2024,DERIVED_FROM_IDENTIFIER_PART,INFERRED_NOT_OFFICIAL
COMMITTEE-E0E57C404C1599AD,UNVALIDATED_PART_CLUSTER::IS 5920 (Part 11):2024,DERIVED_FROM_IDENTIFIER_PART,INFERRED_NOT_OFFICIAL
COMMITTEE-F05023C67BA71252,UNVALIDATED_PART_CLUSTER::IS 18430 (Part 62):2024,DERIVED_FROM_IDENTIFIER_PART,INFERRED_NOT_OFFICIAL
COMMITTEE-F619DFFC063A6426,UNVALIDATED_PART_CLUSTER::IS 18888 (Part 1):2024,DERIVED_FROM_IDENTIFIER_PART,INFERRED_NOT_OFFICIAL
COMMITTEE-89B2C3C36BF663E5,UNVALIDATED_PART_CLUSTER::IS 14820 (Part 1):2024,DERIVED_FROM_IDENTIFIER_PART,INFERRED_NOT_OFFICIAL
COMMITTEE-846CA9A1E729E615,UNVALIDATED_PART_CLUSTER::IS/IEC 60512 (Part 4/Sec 3):2002,DERIVED_FROM_IDENTIFIER_PART,INFERRED_NOT_OFFICIAL
COMMITTEE-058B591056AB0115,UNVALIDATED_PART_CLUSTER::IS 18867 (Part 1):2024,DERIVED_FROM_IDENTIFIER_PART,INFERRED_NOT_OFFICIAL
COMMITTEE-28DFA3FE886D9916,UNVALIDATED_PART_CLUSTER::IS 18881 (Part 4):2024,DERIVED_FROM_IDENTIFIER_PART,INFERRED_NOT_OFFICIAL
COMMITTEE-BD3CF770FFA872D2,UNVALIDATED_PART_CLUSTER::IS 18881 (Part 6):2024,DERIVED_FROM_IDENTIFIER_PART,INFERRED_NOT_OFFICIAL
COMMITTEE-B57F6CC98F1A49F5,UNVALIDATED_PART_CLUSTER::IS 18881 (Part 7):2024,DERIVED_FROM_IDENTIFIER_PART,INFERRED_NOT_OFFICIAL
COMMITTEE-2C8C2D625353119A,UNVALIDATED_PART_CLUSTER::IS/ISO/IEEE 11073 (Part 10407):2022,DERIVED_FROM_IDENTIFIER_PART,INFERRED_NOT_OFFICIAL
COMMITTEE-76D12C9112509A5B,UNVALIDATED_PART_CLUSTER::IS 18879 (Part 2):2024,DERIVED_FROM_IDENTIFIER_PART,INFERRED_NOT_OFFICIAL
COMMITTEE-22B0AD0537B744A0,UNVALIDATED_PART_CLUSTER::IS 18879 (Part 5):2024,DERIVED_FROM_IDENTIFIER_PART,INFERRED_NOT_OFFICIAL
COMMITTEE-ACDDA7487EB115DD,UNVALIDATED_PART_CLUSTER::IS 18766 (Part 2):2024,DERIVED_FROM_IDENTIFIER_PART,INFERRED_NOT_OFFICIAL
COMMITTEE-3B40DF0D348F00C5,UNVALIDATED_PART_CLUSTER::IS 18879 (Part 7):2024,DERIVED_FROM_IDENTIFIER_PART,INFERRED_NOT_OFFICIAL
COMMITTEE-AF692C8A5208FA67,UNVALIDATED_PART_CLUSTER::IS 18772 (Part 2/Sec 87):2024,DERIVED_FROM_IDENTIFIER_PART,INFERRED_NOT_OFFICIAL
COMMITTEE-9106E840F1AEFDE5,UNVALIDATED_PART_CLUSTER::IS 18863 (Part 3):2024,DERIVED_FROM_IDENTIFIER_PART,INFERRED_NOT_OFFICIAL
COMMITTEE-86BE32EB2512A753,UNVALIDATED_PART_CLUSTER::IS 18879 (Part 9):2024,DERIVED_FROM_IDENTIFIER_PART,INFERRED_NOT_OFFICIAL
COMMITTEE-747A8AD077A74105,UNVALIDATED_PART_CLUSTER::IS 18879 (Part 10):2024,DERIVED_FROM_IDENTIFIER_PART,INFERRED_NOT_OFFICIAL
COMMITTEE-DC29A41898B5F355,UNVALIDATED_PART_CLUSTER::IS 18879 (Part 11):2024,DERIVED_FROM_IDENTIFIER_PART,INFERRED_NOT_OFFICIAL
COMMITTEE-02C6A4E5AB822FCD,UNVALIDATED_PART_CLUSTER::IS 18879 (Part 12):2024,DERIVED_FROM_IDENTIFIER_PART,INFERRED_NOT_OFFICIAL
COMMITTEE-BED4ADED116AE246,UNVALIDATED_PART_CLUSTER::IS 18879 (Part 13):2024,DERIVED_FROM_IDENTIFIER_PART,INFERRED_NOT_OFFICIAL
COMMITTEE-349EE04705AE83B6,UNVALIDATED_PART_CLUSTER::IS 18879 (Part 14):2024,DERIVED_FROM_IDENTIFIER_PART,INFERRED_NOT_OFFICIAL
COMMITTEE-A23E4C2DC84561A7,UNVALIDATED_PART_CLUSTER::IS 18726 (Part 4):2024,DERIVED_FROM_IDENTIFIER_PART,INFERRED_NOT_OFFICIAL
COMMITTEE-69D380E468FBA4FA,UNVALIDATED_PART_CLUSTER::IS 101 (Part 11/Sec 1):2024,DERIVED_FROM_IDENTIFIER_PART,INFERRED_NOT_OFFICIAL
COMMITTEE-B9ED39F1634A88A2,UNVALIDATED_PART_CLUSTER::IS 101 (Part 11/Sec 7):2024,DERIVED_FROM_IDENTIFIER_PART,INFERRED_NOT_OFFICIAL
COMMITTEE-21D7495948F84FDA,UNVALIDATED_PART_CLUSTER::IS 101 (Part 11/Sec 3):2024,DERIVED_FROM_IDENTIFIER_PART,INFERRED_NOT_OFFICIAL
COMMITTEE-F4AB28CC74CFF15F,UNVALIDATED_PART_CLUSTER::IS 101 (Part 11/Sec 4):2024,DERIVED_FROM_IDENTIFIER_PART,INFERRED_NOT_OFFICIAL
COMMITTEE-B79C22015C7EFF81,UNVALIDATED_PART_CLUSTER::IS 101 (Part 11/Sec 6):2024,DERIVED_FROM_IDENTIFIER_PART,INFERRED_NOT_OFFICIAL
COMMITTEE-CADAB7A525EA81E6,UNVALIDATED_PART_CLUSTER::IS 101 (Part 11/Sec 8):2024,DERIVED_FROM_IDENTIFIER_PART,INFERRED_NOT_OFFICIAL
COMMITTEE-E4784A7E674C4EDE,UNVALIDATED_PART_CLUSTER::IS 101 (Part 11/Sec 10):2024,DERIVED_FROM_IDENTIFIER_PART,INFERRED_NOT_OFFICIAL
COMMITTEE-5806D8CAB531E85C,UNVALIDATED_PART_CLUSTER::IS 3451 (Part 2):2024,DERIVED_FROM_IDENTIFIER_PART,INFERRED_NOT_OFFICIAL
COMMITTEE-833237ABDF0F8663,UNVALIDATED_PART_CLUSTER::IS 18653 (Part 2):2024,DERIVED_FROM_IDENTIFIER_PART,INFERRED_NOT_OFFICIAL
COMMITTEE-540591A0914D7821,UNVALIDATED_PART_CLUSTER::IS/IEC/TS 60079 (Part 43):2017,DERIVED_FROM_IDENTIFIER_PART,INFERRED_NOT_OFFICIAL
COMMITTEE-04946CAB335A9B28,UNVALIDATED_PART_CLUSTER::IS/IEC/TS 60079 (Part 39):2015,DERIVED_FROM_IDENTIFIER_PART,INFERRED_NOT_OFFICIAL
COMMITTEE-F63B088749C90B4A,UNVALIDATED_PART_CLUSTER::IS/IEC/TS 60079 (Part 42):2019,DERIVED_FROM_IDENTIFIER_PART,INFERRED_NOT_OFFICIAL
COMMITTEE-5601090738D8CAEE,UNVALIDATED_PART_CLUSTER::IS 18008 (Part 2):2024,DERIVED_FROM_IDENTIFIER_PART,INFERRED_NOT_OFFICIAL
COMMITTEE-D9B3AF3F97C13B1F,UNVALIDATED_PART_CLUSTER::IS/IEC 60512 (Part 2/Sec 1):2002,DERIVED_FROM_IDENTIFIER_PART,INFERRED_NOT_OFFICIAL
COMMITTEE-7D9B97EE905C7BC0,UNVALIDATED_PART_CLUSTER::IS/IEC 63203 (Part 401/Sec 1):2023,DERIVED_FROM_IDENTIFIER_PART,INFERRED_NOT_OFFICIAL
COMMITTEE-F144840D5BDDDA36,UNVALIDATED_PART_CLUSTER::IS/IEC 63203 (Part 801/Sec 1):2022,DERIVED_FROM_IDENTIFIER_PART,INFERRED_NOT_OFFICIAL
COMMITTEE-E95FAF7AFAED736B,UNVALIDATED_PART_CLUSTER::IS/ISO/IEC 27036 (Part 3):2023,DERIVED_FROM_IDENTIFIER_PART,INFERRED_NOT_OFFICIAL
COMMITTEE-A5704F5D9E3EAD12,UNVALIDATED_PART_CLUSTER::IS/ISO/IEC 27050 (Part 2):2018,DERIVED_FROM_IDENTIFIER_PART,INFERRED_NOT_OFFICIAL
COMMITTEE-912AD0F675480480,UNVALIDATED_PART_CLUSTER::IS 18773 (Part 2):2024,DERIVED_FROM_IDENTIFIER_PART,INFERRED_NOT_OFFICIAL
COMMITTEE-8D2855A46DF8DE76,UNVALIDATED_PART_CLUSTER::IS 18773 (Part 1):2024,DERIVED_FROM_IDENTIFIER_PART,INFERRED_NOT_OFFICIAL
COMMITTEE-6C327EBC620D5A7D,UNVALIDATED_PART_CLUSTER::IS 2556 (Part 14):2024,DERIVED_FROM_IDENTIFIER_PART,INFERRED_NOT_OFFICIAL
COMMITTEE-94E1DE4CA8BECB63,UNVALIDATED_PART_CLUSTER::IS 228 (Part 2):2024,DERIVED_FROM_IDENTIFIER_PART,INFERRED_NOT_OFFICIAL
COMMITTEE-8A80E24195B7059E,UNVALIDATED_PART_CLUSTER::IS 228 (Part 3):2024,DERIVED_FROM_IDENTIFIER_PART,INFERRED_NOT_OFFICIAL
COMMITTEE-C4DB79D4F89A615B,UNVALIDATED_PART_CLUSTER::IS 2556 (Part 3):2024,DERIVED_FROM_IDENTIFIER_PART,INFERRED_NOT_OFFICIAL
COMMITTEE-AB058B1701309485,UNVALIDATED_PART_CLUSTER::IS 4991 (Part 1):2024,DERIVED_FROM_IDENTIFIER_PART,INFERRED_NOT_OFFICIAL
COMMITTEE-1EF016E5FB2B5E41,UNVALIDATED_PART_CLUSTER::IS 6461 (Part 1):2024,DERIVED_FROM_IDENTIFIER_PART,INFERRED_NOT_OFFICIAL
COMMITTEE-5AFBABF0EDD50981,UNVALIDATED_PART_CLUSTER::IS 6461 (Part 2):2024,DERIVED_FROM_IDENTIFIER_PART,INFERRED_NOT_OFFICIAL
COMMITTEE-2F31B054FBDD515E,UNVALIDATED_PART_CLUSTER::IS 6461 (Part 3):2024,DERIVED_FROM_IDENTIFIER_PART,INFERRED_NOT_OFFICIAL
COMMITTEE-07BA9B5CC0F16F41,UNVALIDATED_PART_CLUSTER::IS 6461 (Part 4):2024,DERIVED_FROM_IDENTIFIER_PART,INFERRED_NOT_OFFICIAL
COMMITTEE-CEBFA910D40D934F,UNVALIDATED_PART_CLUSTER::IS 6461 (Part 5):2024,DERIVED_FROM_IDENTIFIER_PART,INFERRED_NOT_OFFICIAL
COMMITTEE-9CC33CE0E90194A4,UNVALIDATED_PART_CLUSTER::IS 6461 (Part 6):2024,DERIVED_FROM_IDENTIFIER_PART,INFERRED_NOT_OFFICIAL
COMMITTEE-C108347E636EB2A9,UNVALIDATED_PART_CLUSTER::IS 6461 (Part 7):2024,DERIVED_FROM_IDENTIFIER_PART,INFERRED_NOT_OFFICIAL
COMMITTEE-1456E96A6AC1B203,UNVALIDATED_PART_CLUSTER::IS 6461 (Part 8):2024,DERIVED_FROM_IDENTIFIER_PART,INFERRED_NOT_OFFICIAL
COMMITTEE-E010FC7A80EE193D,UNVALIDATED_PART_CLUSTER::IS 6461 (Part 9):2024,DERIVED_FROM_IDENTIFIER_PART,INFERRED_NOT_OFFICIAL
COMMITTEE-8DB2B0E031EEDD42,UNVALIDATED_PART_CLUSTER::IS 6461 (Part 10):2024,DERIVED_FROM_IDENTIFIER_PART,INFERRED_NOT_OFFICIAL
COMMITTEE-439287DAA03BA139,UNVALIDATED_PART_CLUSTER::IS 6461 (Part 11):2024,DERIVED_FROM_IDENTIFIER_PART,INFERRED_NOT_OFFICIAL
COMMITTEE-61AE2576D0DB16AC,UNVALIDATED_PART_CLUSTER::IS 6461 (Part 12):2024,DERIVED_FROM_IDENTIFIER_PART,INFERRED_NOT_OFFICIAL
COMMITTEE-932BB9668560745B,UNVALIDATED_PART_CLUSTER::IS 7754 (Part 2):2024,DERIVED_FROM_IDENTIFIER_PART,INFERRED_NOT_OFFICIAL
COMMITTEE-C550ACC84FA79975,UNVALIDATED_PART_CLUSTER::IS 18824 (Part 1):2024,DERIVED_FROM_IDENTIFIER_PART,INFERRED_NOT_OFFICIAL
COMMITTEE-E8A978595E6D3756,UNVALIDATED_PART_CLUSTER::IS 15891 (Part 13):2024,DERIVED_FROM_IDENTIFIER_PART,INFERRED_NOT_OFFICIAL
COMMITTEE-BAD39A425B2361E4,UNVALIDATED_PART_CLUSTER::IS/IEC 62146 (Part 2):2023,DERIVED_FROM_IDENTIFIER_PART,INFERRED_NOT_OFFICIAL
COMMITTEE-1EEF604B1B6C2BDF,UNVALIDATED_PART_CLUSTER::IS/IEC 60079 (Part 5):2015,DERIVED_FROM_IDENTIFIER_PART,INFERRED_NOT_OFFICIAL
COMMITTEE-3E103EEE1137F48C,UNVALIDATED_PART_CLUSTER::IS/IEC 60079 (Part 11):2023,DERIVED_FROM_IDENTIFIER_PART,INFERRED_NOT_OFFICIAL
COMMITTEE-6A95073F7CBEFF5A,UNVALIDATED_PART_CLUSTER::IS/IEC/TS 60079 (Part 32/Sec 1):2013,DERIVED_FROM_IDENTIFIER_PART,INFERRED_NOT_OFFICIAL
COMMITTEE-9BCA4BC97C54A104,UNVALIDATED_PART_CLUSTER::IS 12992 (Part 1):2024,DERIVED_FROM_IDENTIFIER_PART,INFERRED_NOT_OFFICIAL
COMMITTEE-A0515F0570A21B58,UNVALIDATED_PART_CLUSTER::IS 17550 (Part 2):2024,DERIVED_FROM_IDENTIFIER_PART,INFERRED_NOT_OFFICIAL
COMMITTEE-8F98E0330F8529FD,UNVALIDATED_PART_CLUSTER::IS/IEC 60143 (Part 2):2012,DERIVED_FROM_IDENTIFIER_PART,INFERRED_NOT_OFFICIAL
COMMITTEE-23AEA2B171E1E4C5,UNVALIDATED_PART_CLUSTER::IS/IEC 60079 (Part 29/Sec 3):2014,DERIVED_FROM_IDENTIFIER_PART,INFERRED_NOT_OFFICIAL
COMMITTEE-35842F51F788F91B,UNVALIDATED_PART_CLUSTER::IS/IEC 60079 (Part 32/Sec 2):2015,DERIVED_FROM_IDENTIFIER_PART,INFERRED_NOT_OFFICIAL
COMMITTEE-53AB6E87E55B9F46,UNVALIDATED_PART_CLUSTER::IS/ISO/IEC 21823 (Part 3):2021,DERIVED_FROM_IDENTIFIER_PART,INFERRED_NOT_OFFICIAL
COMMITTEE-62990334230C2FB5,UNVALIDATED_PART_CLUSTER::IS/ISO/IEC 24751 (Part 4):2023,DERIVED_FROM_IDENTIFIER_PART,INFERRED_NOT_OFFICIAL
COMMITTEE-3F1534377379B11F,UNVALIDATED_PART_CLUSTER::IS 13340 (Part 1):2024,DERIVED_FROM_IDENTIFIER_PART,INFERRED_NOT_OFFICIAL
COMMITTEE-3A358DAE5E254CB9,UNVALIDATED_PART_CLUSTER::IS 13340 (Part 2):2024,DERIVED_FROM_IDENTIFIER_PART,INFERRED_NOT_OFFICIAL
COMMITTEE-47FC0A2D03FF4761,UNVALIDATED_PART_CLUSTER::IS 16197 (Part 3/Sec 4):2024,DERIVED_FROM_IDENTIFIER_PART,INFERRED_NOT_OFFICIAL
COMMITTEE-FDCA7EBDD34376D7,UNVALIDATED_PART_CLUSTER::IS 16197 (Part 9):2024,DERIVED_FROM_IDENTIFIER_PART,INFERRED_NOT_OFFICIAL
COMMITTEE-D040BA4F3249A7B3,UNVALIDATED_PART_CLUSTER::IS 16197 (Part 3/Sec 3):2024,DERIVED_FROM_IDENTIFIER_PART,INFERRED_NOT_OFFICIAL
COMMITTEE-D3A108C72D70A0B7,UNVALIDATED_PART_CLUSTER::IS 18596 (Part 9/Sec 7):2024,DERIVED_FROM_IDENTIFIER_PART,INFERRED_NOT_OFFICIAL
COMMITTEE-2AAFC2BD41B8CDF3,UNVALIDATED_PART_CLUSTER::IS 18877 (Part 1):2024,DERIVED_FROM_IDENTIFIER_PART,INFERRED_NOT_OFFICIAL
COMMITTEE-15F73851B0C3DDED,UNVALIDATED_PART_CLUSTER::IS 13288 (Part 3):2024,DERIVED_FROM_IDENTIFIER_PART,INFERRED_NOT_OFFICIAL
COMMITTEE-1A9A3A43BA9AEA72,UNVALIDATED_PART_CLUSTER::IS 18589 (Part 3):2024,DERIVED_FROM_IDENTIFIER_PART,INFERRED_NOT_OFFICIAL
COMMITTEE-DFA68C265646D072,UNVALIDATED_PART_CLUSTER::IS 9385 (Part 1):2024,DERIVED_FROM_IDENTIFIER_PART,INFERRED_NOT_OFFICIAL
COMMITTEE-881BDBB4C82A654E,UNVALIDATED_PART_CLUSTER::IS 1448 (Part 79):2024,DERIVED_FROM_IDENTIFIER_PART,INFERRED_NOT_OFFICIAL
COMMITTEE-86682FD19BFFA1DF,UNVALIDATED_PART_CLUSTER::IS 16630 (Part 2):2024,DERIVED_FROM_IDENTIFIER_PART,INFERRED_NOT_OFFICIAL
COMMITTEE-49955B43B2D30D9E,UNVALIDATED_PART_CLUSTER::IS 1448 (Part 20):2024,DERIVED_FROM_IDENTIFIER_PART,INFERRED_NOT_OFFICIAL
COMMITTEE-3777E3F870744E2D,UNVALIDATED_PART_CLUSTER::IS 1060 (Part 5/Sec 4):2024,DERIVED_FROM_IDENTIFIER_PART,INFERRED_NOT_OFFICIAL
COMMITTEE-2F6E507AE3E9BB36,UNVALIDATED_PART_CLUSTER::IS 1060 (Part 5/Sec 18):2024,DERIVED_FROM_IDENTIFIER_PART,INFERRED_NOT_OFFICIAL
COMMITTEE-F6EF4E8FF2BB3642,UNVALIDATED_PART_CLUSTER::IS 17148 (Part 1):2024,DERIVED_FROM_IDENTIFIER_PART,INFERRED_NOT_OFFICIAL
COMMITTEE-255BDF38E5593670,UNVALIDATED_PART_CLUSTER::IS/IEC 60512 (Part 4/Sec 2):2002,DERIVED_FROM_IDENTIFIER_PART,INFERRED_NOT_OFFICIAL
COMMITTEE-293603A8F34B7C64,UNVALIDATED_PART_CLUSTER::IS 1560 (Part 1):2024,DERIVED_FROM_IDENTIFIER_PART,INFERRED_NOT_OFFICIAL
COMMITTEE-CD20507DB858CE25,UNVALIDATED_PART_CLUSTER::IS 16502 (Part 4/Sec 3):2024,DERIVED_FROM_IDENTIFIER_PART,INFERRED_NOT_OFFICIAL
COMMITTEE-630E5E472328C97A,UNVALIDATED_PART_CLUSTER::IS 17805 (Part 20):2024,DERIVED_FROM_IDENTIFIER_PART,INFERRED_NOT_OFFICIAL
COMMITTEE-4CD2CB9332B3CB8F,UNVALIDATED_PART_CLUSTER::IS 15891 (Part 4):2024,DERIVED_FROM_IDENTIFIER_PART,INFERRED_NOT_OFFICIAL
COMMITTEE-DD59D9C240E8965C,UNVALIDATED_PART_CLUSTER::IS 15891 (Part 3):2024,DERIVED_FROM_IDENTIFIER_PART,INFERRED_NOT_OFFICIAL
COMMITTEE-66010A982A3EF3CB,UNVALIDATED_PART_CLUSTER::IS 18793 (Part 1):2024,DERIVED_FROM_IDENTIFIER_PART,INFERRED_NOT_OFFICIAL
COMMITTEE-4F42EC88412FB6B2,UNVALIDATED_PART_CLUSTER::IS 18770 (Part 3):2024,DERIVED_FROM_IDENTIFIER_PART,INFERRED_NOT_OFFICIAL
COMMITTEE-1A27673FD7E9D35F,UNVALIDATED_PART_CLUSTER::IS 15891 (Part 14):2024,DERIVED_FROM_IDENTIFIER_PART,INFERRED_NOT_OFFICIAL
COMMITTEE-244588DCFB855C55,UNVALIDATED_PART_CLUSTER::IS 7595 (Part 2):2024,DERIVED_FROM_IDENTIFIER_PART,INFERRED_NOT_OFFICIAL
COMMITTEE-F50BCCD30D8F7A44,UNVALIDATED_PART_CLUSTER::IS/ISO 8528 (Part 5):2024,DERIVED_FROM_IDENTIFIER_PART,INFERRED_NOT_OFFICIAL
COMMITTEE-B80E13DB2D693DDF,UNVALIDATED_PART_CLUSTER::IS 13730 (Part 0/Sec 2):2024,DERIVED_FROM_IDENTIFIER_PART,INFERRED_NOT_OFFICIAL
COMMITTEE-CAFB69AB30808597,UNVALIDATED_PART_CLUSTER::IS 15611 (Part 1):2024,DERIVED_FROM_IDENTIFIER_PART,INFERRED_NOT_OFFICIAL
COMMITTEE-6FFA21E8709371C4,UNVALIDATED_PART_CLUSTER::IS 15891 (Part 1):2024,DERIVED_FROM_IDENTIFIER_PART,INFERRED_NOT_OFFICIAL
COMMITTEE-3A20FEBBB8D6549D,UNVALIDATED_PART_CLUSTER::IS 15891 (Part 18):2024,DERIVED_FROM_IDENTIFIER_PART,INFERRED_NOT_OFFICIAL
COMMITTEE-33EC58622A70ED61,UNVALIDATED_PART_CLUSTER::IS 15423 (Part 2):2024,DERIVED_FROM_IDENTIFIER_PART,INFERRED_NOT_OFFICIAL
COMMITTEE-687DF1686488A271,UNVALIDATED_PART_CLUSTER::IS 18651 (Part 4):2024,DERIVED_FROM_IDENTIFIER_PART,INFERRED_NOT_OFFICIAL
COMMITTEE-9C1627B6C8CBCFC5,UNVALIDATED_PART_CLUSTER::IS 18793 (Part 2):2024,DERIVED_FROM_IDENTIFIER_PART,INFERRED_NOT_OFFICIAL
COMMITTEE-4AB9DFCDCB81D7A4,UNVALIDATED_PART_CLUSTER::IS/IEC 60068 (Part 2/Sec 17):2023,DERIVED_FROM_IDENTIFIER_PART,INFERRED_NOT_OFFICIAL
COMMITTEE-E1D5A2941F7180B8,UNVALIDATED_PART_CLUSTER::IS 16848 (Part 2):2024,DERIVED_FROM_IDENTIFIER_PART,INFERRED_NOT_OFFICIAL
COMMITTEE-9A3797FE0029BBF7,UNVALIDATED_PART_CLUSTER::IS 7016 (Part 14):2024,DERIVED_FROM_IDENTIFIER_PART,INFERRED_NOT_OFFICIAL
COMMITTEE-18D68DDC612340CF,UNVALIDATED_PART_CLUSTER::IS 18483 (Part 2):2024,DERIVED_FROM_IDENTIFIER_PART,INFERRED_NOT_OFFICIAL
COMMITTEE-0242B6811D5AA603,UNVALIDATED_PART_CLUSTER::IS 18589 (Part 4):2024,DERIVED_FROM_IDENTIFIER_PART,INFERRED_NOT_OFFICIAL
COMMITTEE-DE9D107E64F1D961,UNVALIDATED_PART_CLUSTER::IS 18770 (Part 4):2024,DERIVED_FROM_IDENTIFIER_PART,INFERRED_NOT_OFFICIAL
COMMITTEE-A49F10F5F5784F8C,UNVALIDATED_PART_CLUSTER::IS 18770 (Part 2):2024,DERIVED_FROM_IDENTIFIER_PART,INFERRED_NOT_OFFICIAL
COMMITTEE-BEA8F7E80D45450D,UNVALIDATED_PART_CLUSTER::IS 18770 (Part 1):2024,DERIVED_FROM_IDENTIFIER_PART,INFERRED_NOT_OFFICIAL
COMMITTEE-CE91E37942139F26,UNVALIDATED_PART_CLUSTER::IS 5960 (Part 13):2024,DERIVED_FROM_IDENTIFIER_PART,INFERRED_NOT_OFFICIAL
COMMITTEE-2BE80CDAD59E95AF,UNVALIDATED_PART_CLUSTER::IS/ISO/TR 14121 (Part 2):2012,DERIVED_FROM_IDENTIFIER_PART,INFERRED_NOT_OFFICIAL
COMMITTEE-45AF98974BC8317E,UNVALIDATED_PART_CLUSTER::IS 7595 (Part 5):2024,DERIVED_FROM_IDENTIFIER_PART,INFERRED_NOT_OFFICIAL
COMMITTEE-7648BFFC567C6B26,UNVALIDATED_PART_CLUSTER::IS 7595 (Part 4):2024,DERIVED_FROM_IDENTIFIER_PART,INFERRED_NOT_OFFICIAL
COMMITTEE-D8328494861BFDD3,UNVALIDATED_PART_CLUSTER::IS 8820 (Part 1):2024,DERIVED_FROM_IDENTIFIER_PART,INFERRED_NOT_OFFICIAL
COMMITTEE-1360FC7FCA7981F4,UNVALIDATED_PART_CLUSTER::IS 7595 (Part 6):2024,DERIVED_FROM_IDENTIFIER_PART,INFERRED_NOT_OFFICIAL
COMMITTEE-B8A65AA6795F04FF,UNVALIDATED_PART_CLUSTER::IS 7595 (Part 3):2024,DERIVED_FROM_IDENTIFIER_PART,INFERRED_NOT_OFFICIAL
COMMITTEE-454A7C58372C2FA8,UNVALIDATED_PART_CLUSTER::IS 7595 (Part 1):2024,DERIVED_FROM_IDENTIFIER_PART,INFERRED_NOT_OFFICIAL
COMMITTEE-8BBCF5E57950E2DF,UNVALIDATED_PART_CLUSTER::IS 302 (Part 2/Sec 42):2024,DERIVED_FROM_IDENTIFIER_PART,INFERRED_NOT_OFFICIAL
COMMITTEE-6D258266F3D1F082,UNVALIDATED_PART_CLUSTER::IS/IEC 63203 (Part 406/Sec 1):2021,DERIVED_FROM_IDENTIFIER_PART,INFERRED_NOT_OFFICIAL
COMMITTEE-7E1D1F893312007A,UNVALIDATED_PART_CLUSTER::IS 812 (Part 1):2024,DERIVED_FROM_IDENTIFIER_PART,INFERRED_NOT_OFFICIAL
COMMITTEE-168763E098B1EAB2,UNVALIDATED_PART_CLUSTER::IS 812 (Part 3):2024,DERIVED_FROM_IDENTIFIER_PART,INFERRED_NOT_OFFICIAL
COMMITTEE-71DF834543366AD2,UNVALIDATED_PART_CLUSTER::IS 9471 (Part 6):2024,DERIVED_FROM_IDENTIFIER_PART,INFERRED_NOT_OFFICIAL
COMMITTEE-E9811A0434DAF7F4,UNVALIDATED_PART_CLUSTER::IS/ISO/IEC/TS 17021 (Part 15):2023,DERIVED_FROM_IDENTIFIER_PART,INFERRED_NOT_OFFICIAL
COMMITTEE-96ADCA911CE70F79,UNVALIDATED_PART_CLUSTER::IS 9471 (Part 3):2024,DERIVED_FROM_IDENTIFIER_PART,INFERRED_NOT_OFFICIAL
COMMITTEE-E8D398EC2C90C2C7,UNVALIDATED_PART_CLUSTER::IS 9471 (Part 4):2024,DERIVED_FROM_IDENTIFIER_PART,INFERRED_NOT_OFFICIAL
COMMITTEE-A767FA6EBB8D7556,UNVALIDATED_PART_CLUSTER::IS 9471 (Part 7):2024,DERIVED_FROM_IDENTIFIER_PART,INFERRED_NOT_OFFICIAL
COMMITTEE-A5761367779BD9C1,UNVALIDATED_PART_CLUSTER::IS 3025 (Part 45):2024,DERIVED_FROM_IDENTIFIER_PART,INFERRED_NOT_OFFICIAL
COMMITTEE-F5E4AC94DE03C358,UNVALIDATED_PART_CLUSTER::IS 7022 (Part 1):2024,DERIVED_FROM_IDENTIFIER_PART,INFERRED_NOT_OFFICIAL
COMMITTEE-8BF85881012AAF34,UNVALIDATED_PART_CLUSTER::IS 7022 (Part 2):2024,DERIVED_FROM_IDENTIFIER_PART,INFERRED_NOT_OFFICIAL
COMMITTEE-56DF13199C76AEB3,UNVALIDATED_PART_CLUSTER::IS/IEC 60068 (Part 2/Sec 14):2023,DERIVED_FROM_IDENTIFIER_PART,INFERRED_NOT_OFFICIAL
COMMITTEE-5D4ABBC2E26ACDAC,UNVALIDATED_PART_CLUSTER::IS/IEC 60512 (Part 2/Sec 5):2003,DERIVED_FROM_IDENTIFIER_PART,INFERRED_NOT_OFFICIAL
COMMITTEE-6C61E3EA5DDD976D,UNVALIDATED_PART_CLUSTER::IS/IEC 60512 (Part 2/Sec 6):2002,DERIVED_FROM_IDENTIFIER_PART,INFERRED_NOT_OFFICIAL
COMMITTEE-19687EDAE77EB6AE,UNVALIDATED_PART_CLUSTER::IS/IEC 60512 (Part 3/Sec 1):2002,DERIVED_FROM_IDENTIFIER_PART,INFERRED_NOT_OFFICIAL
COMMITTEE-5A3BEA424D62F9E2,UNVALIDATED_PART_CLUSTER::IS/IEC 63203 (Part 801/Sec 2):2022,DERIVED_FROM_IDENTIFIER_PART,INFERRED_NOT_OFFICIAL
COMMITTEE-CE6866F9039EF9A2,UNVALIDATED_PART_CLUSTER::IS 812 (Part 2):2024,DERIVED_FROM_IDENTIFIER_PART,INFERRED_NOT_OFFICIAL
COMMITTEE-53213E512CBDE3A2,UNVALIDATED_PART_CLUSTER::IS 812 (Part 4):2024,DERIVED_FROM_IDENTIFIER_PART,INFERRED_NOT_OFFICIAL
COMMITTEE-DA806EF28FA37905,UNVALIDATED_PART_CLUSTER::IS 4682 (Part 6):2024,DERIVED_FROM_IDENTIFIER_PART,INFERRED_NOT_OFFICIAL
COMMITTEE-7AF59C95845E187A,UNVALIDATED_PART_CLUSTER::IS 4682 (Part 2):2024,DERIVED_FROM_IDENTIFIER_PART,INFERRED_NOT_OFFICIAL
COMMITTEE-B79F52352F704DAE,UNVALIDATED_PART_CLUSTER::IS 4682 (Part 8):2024,DERIVED_FROM_IDENTIFIER_PART,INFERRED_NOT_OFFICIAL
COMMITTEE-898C343D3BEB56D4,UNVALIDATED_PART_CLUSTER::IS 16678 (Part 4):2024,DERIVED_FROM_IDENTIFIER_PART,INFERRED_NOT_OFFICIAL
COMMITTEE-3A75FF59F50BE043,UNVALIDATED_PART_CLUSTER::IS 302 (Part 1):2024,DERIVED_FROM_IDENTIFIER_PART,INFERRED_NOT_OFFICIAL
COMMITTEE-1FC37B77C7ABAAF7,UNVALIDATED_PART_CLUSTER::IS 302 (Part 2/Sec 3):2024,DERIVED_FROM_IDENTIFIER_PART,INFERRED_NOT_OFFICIAL
COMMITTEE-339A2290FB395CE2,UNVALIDATED_PART_CLUSTER::IS/IEC 60127 (Part 5):2016,DERIVED_FROM_IDENTIFIER_PART,INFERRED_NOT_OFFICIAL
COMMITTEE-05288CF3A16BC480,UNVALIDATED_PART_CLUSTER::IS 302 (Part 2/Sec 8):2024,DERIVED_FROM_IDENTIFIER_PART,INFERRED_NOT_OFFICIAL
COMMITTEE-75620D506DD22B28,UNVALIDATED_PART_CLUSTER::IS 6116 (Part 2):2024,DERIVED_FROM_IDENTIFIER_PART,INFERRED_NOT_OFFICIAL
COMMITTEE-99E99874772F7DA8,UNVALIDATED_PART_CLUSTER::IS 302 (Part 2/Sec 13):2024,DERIVED_FROM_IDENTIFIER_PART,INFERRED_NOT_OFFICIAL
COMMITTEE-F6DA6757F1010726,UNVALIDATED_PART_CLUSTER::IS 302 (Part 2/Sec 59):2024,DERIVED_FROM_IDENTIFIER_PART,INFERRED_NOT_OFFICIAL
COMMITTEE-70DB2010F4D2CC93,UNVALIDATED_PART_CLUSTER::IS 13450 (Part 2/Sec 63):2024,DERIVED_FROM_IDENTIFIER_PART,INFERRED_NOT_OFFICIAL
COMMITTEE-9F6A56F931DFB662,UNVALIDATED_PART_CLUSTER::IS 17859 (Part 6):2024,DERIVED_FROM_IDENTIFIER_PART,INFERRED_NOT_OFFICIAL
COMMITTEE-6E14442820D04290,UNVALIDATED_PART_CLUSTER::IS 4682 (Part 3):2024,DERIVED_FROM_IDENTIFIER_PART,INFERRED_NOT_OFFICIAL
COMMITTEE-F3D4C14621DF91A7,UNVALIDATED_PART_CLUSTER::IS 18651 (Part 2):2024,DERIVED_FROM_IDENTIFIER_PART,INFERRED_NOT_OFFICIAL
COMMITTEE-4ECDDBB79F481E1B,UNVALIDATED_PART_CLUSTER::IS 18651 (Part 6):2024,DERIVED_FROM_IDENTIFIER_PART,INFERRED_NOT_OFFICIAL
COMMITTEE-EAF967EF43BB0553,UNVALIDATED_PART_CLUSTER::IS 18651 (Part 10):2024,DERIVED_FROM_IDENTIFIER_PART,INFERRED_NOT_OFFICIAL
COMMITTEE-06E4276AC6ED1F49,UNVALIDATED_PART_CLUSTER::IS 302 (Part 2/Sec 74):2024,DERIVED_FROM_IDENTIFIER_PART,INFERRED_NOT_OFFICIAL
COMMITTEE-9AAEA30B42EAE39D,UNVALIDATED_PART_CLUSTER::IS 436 (Part 1/Sec 1):2024,DERIVED_FROM_IDENTIFIER_PART,INFERRED_NOT_OFFICIAL
COMMITTEE-6CB1C46C8DB52C14,UNVALIDATED_PART_CLUSTER::IS/IEC 61557 (Part 8):2014,DERIVED_FROM_IDENTIFIER_PART,INFERRED_NOT_OFFICIAL
COMMITTEE-09AB5003D5504628,UNVALIDATED_PART_CLUSTER::IS/IEC 60512 (Part 2/Sec 3):2002,DERIVED_FROM_IDENTIFIER_PART,INFERRED_NOT_OFFICIAL
COMMITTEE-14D6D8F8DE930A19,UNVALIDATED_PART_CLUSTER::IS 18781 (Part 1):2024,DERIVED_FROM_IDENTIFIER_PART,INFERRED_NOT_OFFICIAL
COMMITTEE-5F3BB17179FB800F,UNVALIDATED_PART_CLUSTER::IS 18790 (Part 1):2024,DERIVED_FROM_IDENTIFIER_PART,INFERRED_NOT_OFFICIAL
COMMITTEE-640D63432717E882,UNVALIDATED_PART_CLUSTER::IS/ISO/IEC 21823 (Part 4):2022,DERIVED_FROM_IDENTIFIER_PART,INFERRED_NOT_OFFICIAL
COMMITTEE-515F1BFAC53E462B,UNVALIDATED_PART_CLUSTER::IS/IEC 61196 (Part 6):2021,DERIVED_FROM_IDENTIFIER_PART,INFERRED_NOT_OFFICIAL
COMMITTEE-204B0608DF12EB34,UNVALIDATED_PART_CLUSTER::IS/IEC 62153 (Part 4/Sec 5):2021,DERIVED_FROM_IDENTIFIER_PART,INFERRED_NOT_OFFICIAL
COMMITTEE-F5C76B58F2A4685A,UNVALIDATED_PART_CLUSTER::IS 17859 (Part 4):2024,DERIVED_FROM_IDENTIFIER_PART,INFERRED_NOT_OFFICIAL
COMMITTEE-EEC2024DBAE6F4F9,UNVALIDATED_PART_CLUSTER::IS 18474 (Part 5):2024,DERIVED_FROM_IDENTIFIER_PART,INFERRED_NOT_OFFICIAL
COMMITTEE-13C1019A61B68869,UNVALIDATED_PART_CLUSTER::IS 18681 (Part 4):2024,DERIVED_FROM_IDENTIFIER_PART,INFERRED_NOT_OFFICIAL
COMMITTEE-2A5CE55B62F0F725,UNVALIDATED_PART_CLUSTER::IS 18683 (Part 2):2024,DERIVED_FROM_IDENTIFIER_PART,INFERRED_NOT_OFFICIAL
COMMITTEE-FAC02A13A325A647,UNVALIDATED_PART_CLUSTER::IS 18790 (Part 2):2024,DERIVED_FROM_IDENTIFIER_PART,INFERRED_NOT_OFFICIAL
COMMITTEE-429828B682AE01E7,UNVALIDATED_PART_CLUSTER::IS 18811 (Part 1):2024,DERIVED_FROM_IDENTIFIER_PART,INFERRED_NOT_OFFICIAL
COMMITTEE-D2DD6CBB9F158647,UNVALIDATED_PART_CLUSTER::IS 18596 (Part 9/Sec 8):2024,DERIVED_FROM_IDENTIFIER_PART,INFERRED_NOT_OFFICIAL
COMMITTEE-96E4B63A22CD8D3E,UNVALIDATED_PART_CLUSTER::IS/IEC 61557 (Part 15):2014,DERIVED_FROM_IDENTIFIER_PART,INFERRED_NOT_OFFICIAL
COMMITTEE-600E40FDBD962AFE,UNVALIDATED_PART_CLUSTER::IS 12966 (Part 2):2024,DERIVED_FROM_IDENTIFIER_PART,INFERRED_NOT_OFFICIAL
COMMITTEE-F95B4DBAF66D089F,UNVALIDATED_PART_CLUSTER::IS 4682 (Part 4):2024,DERIVED_FROM_IDENTIFIER_PART,INFERRED_NOT_OFFICIAL
COMMITTEE-1ACEEC0878058F55,UNVALIDATED_PART_CLUSTER::IS 18596 (Part 12/Sec 1):2024,DERIVED_FROM_IDENTIFIER_PART,INFERRED_NOT_OFFICIAL
COMMITTEE-1A8ABA3CB5B571C4,UNVALIDATED_PART_CLUSTER::IS 18444 (Part 57/Sec 129):2024,DERIVED_FROM_IDENTIFIER_PART,INFERRED_NOT_OFFICIAL
COMMITTEE-1606C88E22F207E3,UNVALIDATED_PART_CLUSTER::IS 6595 (Part 2):2024,DERIVED_FROM_IDENTIFIER_PART,INFERRED_NOT_OFFICIAL
COMMITTEE-4E6928F4F043EB37,UNVALIDATED_PART_CLUSTER::IS 302 (Part 2/Sec 21):2024,DERIVED_FROM_IDENTIFIER_PART,INFERRED_NOT_OFFICIAL
COMMITTEE-55129D24D4762721,UNVALIDATED_PART_CLUSTER::IS 16071 (Part 5):2024,DERIVED_FROM_IDENTIFIER_PART,INFERRED_NOT_OFFICIAL
COMMITTEE-B5A23341BD449635,UNVALIDATED_PART_CLUSTER::IS 11715 (Part 2):2024,DERIVED_FROM_IDENTIFIER_PART,INFERRED_NOT_OFFICIAL
COMMITTEE-52B41B1EACEF304E,UNVALIDATED_PART_CLUSTER::IS 3025 (Part 20):2024,DERIVED_FROM_IDENTIFIER_PART,INFERRED_NOT_OFFICIAL
COMMITTEE-5A865977BB594428,UNVALIDATED_PART_CLUSTER::IS/ISO/IEC 14496 (Part 10):2022,DERIVED_FROM_IDENTIFIER_PART,INFERRED_NOT_OFFICIAL
COMMITTEE-FC44DB949E81DB0F,UNVALIDATED_PART_CLUSTER::IS/IEC 63203 (Part 201/Sec 3):2021,DERIVED_FROM_IDENTIFIER_PART,INFERRED_NOT_OFFICIAL
COMMITTEE-7E500281A724C544,UNVALIDATED_PART_CLUSTER::IS/ISO/IEEE 11073 (Part 10420):2022,DERIVED_FROM_IDENTIFIER_PART,INFERRED_NOT_OFFICIAL
COMMITTEE-0962C60A32E00CBF,UNVALIDATED_PART_CLUSTER::IS/ISO 7240 (Part 7):2023,DERIVED_FROM_IDENTIFIER_PART,INFERRED_NOT_OFFICIAL
COMMITTEE-F08ADE1A0836D61D,UNVALIDATED_PART_CLUSTER::IS/ISO 7240 (Part 2):2017,DERIVED_FROM_IDENTIFIER_PART,INFERRED_NOT_OFFICIAL
COMMITTEE-803DFA436096B8DC,UNVALIDATED_PART_CLUSTER::IS 13433 (Part 1):2024,DERIVED_FROM_IDENTIFIER_PART,INFERRED_NOT_OFFICIAL
COMMITTEE-6DBC6F753AB79C96,UNVALIDATED_PART_CLUSTER::IS/ISO/IEEE 11073 (Part 10419):2019,DERIVED_FROM_IDENTIFIER_PART,INFERRED_NOT_OFFICIAL
COMMITTEE-6FD636452D8B0101,UNVALIDATED_PART_CLUSTER::IS 18651 (Part 1):2024,DERIVED_FROM_IDENTIFIER_PART,INFERRED_NOT_OFFICIAL
COMMITTEE-F625474BCBDE80E8,UNVALIDATED_PART_CLUSTER::IS 18651 (Part 3):2024,DERIVED_FROM_IDENTIFIER_PART,INFERRED_NOT_OFFICIAL
COMMITTEE-632069963B6485A4,UNVALIDATED_PART_CLUSTER::IS 18651 (Part 5):2024,DERIVED_FROM_IDENTIFIER_PART,INFERRED_NOT_OFFICIAL
COMMITTEE-889FC4A5E5ACE2D6,UNVALIDATED_PART_CLUSTER::IS 18651 (Part 7):2024,DERIVED_FROM_IDENTIFIER_PART,INFERRED_NOT_OFFICIAL
COMMITTEE-C3B1CF31487C35FA,UNVALIDATED_PART_CLUSTER::IS 18651 (Part 9):2024,DERIVED_FROM_IDENTIFIER_PART,INFERRED_NOT_OFFICIAL
COMMITTEE-1819EF768869366C,UNVALIDATED_PART_CLUSTER::IS 18651 (Part 11):2024,DERIVED_FROM_IDENTIFIER_PART,INFERRED_NOT_OFFICIAL
COMMITTEE-9DAB2EC1932BA876,UNVALIDATED_PART_CLUSTER::IS 18651 (Part 13):2024,DERIVED_FROM_IDENTIFIER_PART,INFERRED_NOT_OFFICIAL
COMMITTEE-7874390A3BCC7F11,UNVALIDATED_PART_CLUSTER::IS 18651 (Part 15):2024,DERIVED_FROM_IDENTIFIER_PART,INFERRED_NOT_OFFICIAL
COMMITTEE-FBB31F2CE0E1AB32,UNVALIDATED_PART_CLUSTER::IS 18651 (Part 19):2024,DERIVED_FROM_IDENTIFIER_PART,INFERRED_NOT_OFFICIAL
COMMITTEE-3994B80D827F0A40,UNVALIDATED_PART_CLUSTER::IS 18653 (Part 1):2024,DERIVED_FROM_IDENTIFIER_PART,INFERRED_NOT_OFFICIAL
COMMITTEE-D19947FC7AE5462A,UNVALIDATED_PART_CLUSTER::IS 18653 (Part 3):2024,DERIVED_FROM_IDENTIFIER_PART,INFERRED_NOT_OFFICIAL
COMMITTEE-ABD842AC547211C4,UNVALIDATED_PART_CLUSTER::IS 18683 (Part 1):2024,DERIVED_FROM_IDENTIFIER_PART,INFERRED_NOT_OFFICIAL
COMMITTEE-ACE66CCEAFEE57CC,UNVALIDATED_PART_CLUSTER::IS 3708 (Part 6):2024,DERIVED_FROM_IDENTIFIER_PART,INFERRED_NOT_OFFICIAL
COMMITTEE-3F9D620A57B82C6D,UNVALIDATED_PART_CLUSTER::IS/ISO/IEC 21823 (Part 1):2019,DERIVED_FROM_IDENTIFIER_PART,INFERRED_NOT_OFFICIAL
COMMITTEE-3416F9B76CD4F61C,UNVALIDATED_PART_CLUSTER::IS 11715 (Part 1):2024,DERIVED_FROM_IDENTIFIER_PART,INFERRED_NOT_OFFICIAL
COMMITTEE-2B3BB1D1A5989E17,UNVALIDATED_PART_CLUSTER::IS 12369 (Part 4):2024,DERIVED_FROM_IDENTIFIER_PART,INFERRED_NOT_OFFICIAL
COMMITTEE-362BC9357C5C15DB,UNVALIDATED_PART_CLUSTER::IS 17884 (Part 2):2024,DERIVED_FROM_IDENTIFIER_PART,INFERRED_NOT_OFFICIAL
COMMITTEE-B6063AB8F7BAE281,UNVALIDATED_PART_CLUSTER::IS/IEC 61557 (Part 5):2019,DERIVED_FROM_IDENTIFIER_PART,INFERRED_NOT_OFFICIAL
COMMITTEE-3B5EDE2BC56E39A4,UNVALIDATED_PART_CLUSTER::IS 18693 (Part 1):2024,DERIVED_FROM_IDENTIFIER_PART,INFERRED_NOT_OFFICIAL
COMMITTEE-F794A10ED2942BB5,UNVALIDATED_PART_CLUSTER::IS/IEC/TR 63203 (Part 250/Sec 1):2021,DERIVED_FROM_IDENTIFIER_PART,INFERRED_NOT_OFFICIAL
COMMITTEE-B08B78A0F74EC99C,UNVALIDATED_PART_CLUSTER::IS/IEC 61557 (Part 13):2023,DERIVED_FROM_IDENTIFIER_PART,INFERRED_NOT_OFFICIAL
COMMITTEE-A47FC718E490001D,UNVALIDATED_PART_CLUSTER::IS 18747 (Part 1):2024,DERIVED_FROM_IDENTIFIER_PART,INFERRED_NOT_OFFICIAL
COMMITTEE-A2DE9F8A76B87F37,UNVALIDATED_PART_CLUSTER::IS 18693 (Part 2):2024,DERIVED_FROM_IDENTIFIER_PART,INFERRED_NOT_OFFICIAL
COMMITTEE-E90CB774FE560769,UNVALIDATED_PART_CLUSTER::IS/ISO 18697 (Part 4):2024,DERIVED_FROM_IDENTIFIER_PART,INFERRED_NOT_OFFICIAL
COMMITTEE-04227AEFF8567AC3,UNVALIDATED_PART_CLUSTER::IS 8254 (Part 1):2024,DERIVED_FROM_IDENTIFIER_PART,INFERRED_NOT_OFFICIAL
COMMITTEE-D9469D909851E7B5,UNVALIDATED_PART_CLUSTER::IS 354 (Part 1):2024,DERIVED_FROM_IDENTIFIER_PART,INFERRED_NOT_OFFICIAL
COMMITTEE-15487BFD9C395C79,UNVALIDATED_PART_CLUSTER::IS 10258 (Part 2):2024,DERIVED_FROM_IDENTIFIER_PART,INFERRED_NOT_OFFICIAL
COMMITTEE-D3CA001B1622F4A4,UNVALIDATED_PART_CLUSTER::IS 17859 (Part 2):2024,DERIVED_FROM_IDENTIFIER_PART,INFERRED_NOT_OFFICIAL
COMMITTEE-2F4AA9BAC6397805,UNVALIDATED_PART_CLUSTER::IS 3025 (Part 25):2024,DERIVED_FROM_IDENTIFIER_PART,INFERRED_NOT_OFFICIAL
COMMITTEE-4CC19ACA23B7D922,UNVALIDATED_PART_CLUSTER::IS 18493 (Part 6):2024,DERIVED_FROM_IDENTIFIER_PART,INFERRED_NOT_OFFICIAL
COMMITTEE-2BBE4A0225FFB4A1,UNVALIDATED_PART_CLUSTER::IS 3972 (Part 2/Sec 11):2024,DERIVED_FROM_IDENTIFIER_PART,INFERRED_NOT_OFFICIAL
COMMITTEE-5E764E33897CB164,UNVALIDATED_PART_CLUSTER::IS 101 (Part 5/Sec 8):2024,DERIVED_FROM_IDENTIFIER_PART,INFERRED_NOT_OFFICIAL
COMMITTEE-62BFB13A23C49801,UNVALIDATED_PART_CLUSTER::IS 18742 (Part 2):2024,DERIVED_FROM_IDENTIFIER_PART,INFERRED_NOT_OFFICIAL
COMMITTEE-89A0692EC0206FC6,UNVALIDATED_PART_CLUSTER::IS 18502 (Part 2):2024,DERIVED_FROM_IDENTIFIER_PART,INFERRED_NOT_OFFICIAL
COMMITTEE-37613981A40901B9,UNVALIDATED_PART_CLUSTER::IS 18749 (Part 4):2024,DERIVED_FROM_IDENTIFIER_PART,INFERRED_NOT_OFFICIAL
COMMITTEE-18A57BFDB7FCF1B9,UNVALIDATED_PART_CLUSTER::IS 16071 (Part 4):2024,DERIVED_FROM_IDENTIFIER_PART,INFERRED_NOT_OFFICIAL
COMMITTEE-CE0AC28F2534559A,UNVALIDATED_PART_CLUSTER::IS/IEC 60512 (Part 4/Sec 1):2003,DERIVED_FROM_IDENTIFIER_PART,INFERRED_NOT_OFFICIAL
COMMITTEE-09A813ED233AEADD,UNVALIDATED_PART_CLUSTER::IS 18537 (Part 2):2024,DERIVED_FROM_IDENTIFIER_PART,INFERRED_NOT_OFFICIAL
COMMITTEE-541E297912232363,UNVALIDATED_PART_CLUSTER::IS 101 (Part 5/Sec 7):2024,DERIVED_FROM_IDENTIFIER_PART,INFERRED_NOT_OFFICIAL
COMMITTEE-DFD14D1DF73C5DE5,UNVALIDATED_PART_CLUSTER::IS 354 (Part 7):2024,DERIVED_FROM_IDENTIFIER_PART,INFERRED_NOT_OFFICIAL
COMMITTEE-8F069C7B760C7ABD,UNVALIDATED_PART_CLUSTER::IS 15298 (Part 1):2024,DERIVED_FROM_IDENTIFIER_PART,INFERRED_NOT_OFFICIAL
COMMITTEE-125FC2E76871CF76,UNVALIDATED_PART_CLUSTER::IS/ISO 7240 (Part 3):2020,DERIVED_FROM_IDENTIFIER_PART,INFERRED_NOT_OFFICIAL
COMMITTEE-11F7389C3DC7DEA2,UNVALIDATED_PART_CLUSTER::IS/ISO 7240 (Part 4):2017,DERIVED_FROM_IDENTIFIER_PART,INFERRED_NOT_OFFICIAL
COMMITTEE-668042A5EC186930,UNVALIDATED_PART_CLUSTER::IS/ISO 7240 (Part 5):2018,DERIVED_FROM_IDENTIFIER_PART,INFERRED_NOT_OFFICIAL
COMMITTEE-DE4D29F6E721088D,UNVALIDATED_PART_CLUSTER::IS/ISO 7240 (Part 12):2022,DERIVED_FROM_IDENTIFIER_PART,INFERRED_NOT_OFFICIAL
COMMITTEE-4A7B80778B2E0A26,UNVALIDATED_PART_CLUSTER::IS/ISO 7240 (Part 17):2020,DERIVED_FROM_IDENTIFIER_PART,INFERRED_NOT_OFFICIAL
COMMITTEE-831D27998982CE39,UNVALIDATED_PART_CLUSTER::IS 15326 (Part 1):2024,DERIVED_FROM_IDENTIFIER_PART,INFERRED_NOT_OFFICIAL
COMMITTEE-D892E6CC7F1F26FB,UNVALIDATED_PART_CLUSTER::IS/ISO/TS 18621 (Part 21):2023,DERIVED_FROM_IDENTIFIER_PART,INFERRED_NOT_OFFICIAL
COMMITTEE-F599E869697B5613,UNVALIDATED_PART_CLUSTER::IS 18738 (Part 2):2024,DERIVED_FROM_IDENTIFIER_PART,INFERRED_NOT_OFFICIAL
COMMITTEE-B1FEB5A1B56E7FD8,UNVALIDATED_PART_CLUSTER::IS/ISO 7240 (Part 15):2014,DERIVED_FROM_IDENTIFIER_PART,INFERRED_NOT_OFFICIAL
COMMITTEE-87709132ADD85BA5,UNVALIDATED_PART_CLUSTER::IS/ISO 7240 (Part 31):2022,DERIVED_FROM_IDENTIFIER_PART,INFERRED_NOT_OFFICIAL
COMMITTEE-2F16C451D1376223,UNVALIDATED_PART_CLUSTER::IS/ISO 7240 (Part 13):2020,DERIVED_FROM_IDENTIFIER_PART,INFERRED_NOT_OFFICIAL
COMMITTEE-91FCF038181FC71E,UNVALIDATED_PART_CLUSTER::IS 9412 (Part 1):2024,DERIVED_FROM_IDENTIFIER_PART,INFERRED_NOT_OFFICIAL
COMMITTEE-702B16EB94937582,UNVALIDATED_PART_CLUSTER::IS 15250 (Part 1):2024,DERIVED_FROM_IDENTIFIER_PART,INFERRED_NOT_OFFICIAL
COMMITTEE-0885BF7C0018D151,UNVALIDATED_PART_CLUSTER::IS 15287 (Part 3):2024,DERIVED_FROM_IDENTIFIER_PART,INFERRED_NOT_OFFICIAL
COMMITTEE-FBCD455F56AE429B,UNVALIDATED_PART_CLUSTER::IS 18430 (Part 41):2024,DERIVED_FROM_IDENTIFIER_PART,INFERRED_NOT_OFFICIAL
COMMITTEE-7651D7B1BA244C71,UNVALIDATED_PART_CLUSTER::IS 18430 (Part 49):2024,DERIVED_FROM_IDENTIFIER_PART,INFERRED_NOT_OFFICIAL
COMMITTEE-529F7145A0CF148A,UNVALIDATED_PART_CLUSTER::IS 18430 (Part 60):2024,DERIVED_FROM_IDENTIFIER_PART,INFERRED_NOT_OFFICIAL
COMMITTEE-E2AA8D0C76DB448C,UNVALIDATED_PART_CLUSTER::IS 17253 (Part 1):2024,DERIVED_FROM_IDENTIFIER_PART,INFERRED_NOT_OFFICIAL
COMMITTEE-39C07D4D7872132F,UNVALIDATED_PART_CLUSTER::IS 8692 (Part 2):2024,DERIVED_FROM_IDENTIFIER_PART,INFERRED_NOT_OFFICIAL
COMMITTEE-2B223220E07628E5,UNVALIDATED_PART_CLUSTER::IS 18430 (Part 28):2024,DERIVED_FROM_IDENTIFIER_PART,INFERRED_NOT_OFFICIAL
COMMITTEE-FAD2AC205782998A,UNVALIDATED_PART_CLUSTER::IS 18430 (Part 30):2024,DERIVED_FROM_IDENTIFIER_PART,INFERRED_NOT_OFFICIAL
COMMITTEE-C55F7D5EE4ABCCC8,UNVALIDATED_PART_CLUSTER::IS 9873 (Part 10):2024,DERIVED_FROM_IDENTIFIER_PART,INFERRED_NOT_OFFICIAL
COMMITTEE-BCB149173A26F63C,UNVALIDATED_PART_CLUSTER::IS 16595 (Part 20):2024,DERIVED_FROM_IDENTIFIER_PART,INFERRED_NOT_OFFICIAL
COMMITTEE-8F620908F7E4DBDB,UNVALIDATED_PART_CLUSTER::IS 10260 (Part 3):2024,DERIVED_FROM_IDENTIFIER_PART,INFERRED_NOT_OFFICIAL
COMMITTEE-057BF654A5CCE79B,UNVALIDATED_PART_CLUSTER::IS/ISO/IEEE 11073 (Part 10201):2020,DERIVED_FROM_IDENTIFIER_PART,INFERRED_NOT_OFFICIAL
COMMITTEE-D74EB7047ED03B92,UNVALIDATED_PART_CLUSTER::IS/ISO/IEEE 11073 (Part 10404):2022,DERIVED_FROM_IDENTIFIER_PART,INFERRED_NOT_OFFICIAL
COMMITTEE-FFCEE9ABEFC615DE,UNVALIDATED_PART_CLUSTER::IS 13775 (Part 1):2024,DERIVED_FROM_IDENTIFIER_PART,INFERRED_NOT_OFFICIAL
COMMITTEE-17DB7E7E48C279DB,UNVALIDATED_PART_CLUSTER::IS 9757 (Part 2):2024,DERIVED_FROM_IDENTIFIER_PART,INFERRED_NOT_OFFICIAL
COMMITTEE-44B5CAB9C79702F6,UNVALIDATED_PART_CLUSTER::IS/ISO/IEEE 11073 (Part 10415):2022,DERIVED_FROM_IDENTIFIER_PART,INFERRED_NOT_OFFICIAL
COMMITTEE-9E335F5A1790CB29,UNVALIDATED_PART_CLUSTER::IS/ISO/IEEE 11073 (Part 20601):2022,DERIVED_FROM_IDENTIFIER_PART,INFERRED_NOT_OFFICIAL
COMMITTEE-1318C4F93A18B90B,UNVALIDATED_PART_CLUSTER::IS 18630 (Part 1):2024,DERIVED_FROM_IDENTIFIER_PART,INFERRED_NOT_OFFICIAL
COMMITTEE-325FB2BA50A0A1C0,UNVALIDATED_PART_CLUSTER::IS 17192 (Part 2):2024,DERIVED_FROM_IDENTIFIER_PART,INFERRED_NOT_OFFICIAL
COMMITTEE-8281EB7AA53AA845,UNVALIDATED_PART_CLUSTER::IS 16491 (Part 1):2024,DERIVED_FROM_IDENTIFIER_PART,INFERRED_NOT_OFFICIAL
COMMITTEE-4FB1AC24F50EF3D8,UNVALIDATED_PART_CLUSTER::IS/ISO/IEEE 11073 (Part 10408):2022,DERIVED_FROM_IDENTIFIER_PART,INFERRED_NOT_OFFICIAL
COMMITTEE-E224038256CB5081,UNVALIDATED_PART_CLUSTER::IS 15483 (Part 2):2024,DERIVED_FROM_IDENTIFIER_PART,INFERRED_NOT_OFFICIAL
COMMITTEE-CA6EC8C6C928B612,UNVALIDATED_PART_CLUSTER::IS 10260 (Part 2):2024,DERIVED_FROM_IDENTIFIER_PART,INFERRED_NOT_OFFICIAL
COMMITTEE-C47EB94C3C0A8703,UNVALIDATED_PART_CLUSTER::IS 3025 (Part 84):2024,DERIVED_FROM_IDENTIFIER_PART,INFERRED_NOT_OFFICIAL
COMMITTEE-A6E47D957FA3F3E5,UNVALIDATED_PART_CLUSTER::IS 12580 (Part 2):2024,DERIVED_FROM_IDENTIFIER_PART,INFERRED_NOT_OFFICIAL
COMMITTEE-346C0CCF891DD75E,UNVALIDATED_PART_CLUSTER::IS 5557 (Part 1):2024,DERIVED_FROM_IDENTIFIER_PART,INFERRED_NOT_OFFICIAL
COMMITTEE-3C4F1B6EA2EEDE8B,UNVALIDATED_PART_CLUSTER::IS 15298 (Part 4):2024,DERIVED_FROM_IDENTIFIER_PART,INFERRED_NOT_OFFICIAL
COMMITTEE-42693126FBD8CDA6,UNVALIDATED_PART_CLUSTER::IS 14139 (Part 1):2024,DERIVED_FROM_IDENTIFIER_PART,INFERRED_NOT_OFFICIAL
COMMITTEE-674B3D7806D2C805,UNVALIDATED_PART_CLUSTER::IS 12762 (Part 1):2024,DERIVED_FROM_IDENTIFIER_PART,INFERRED_NOT_OFFICIAL
COMMITTEE-8AE5B818078FE283,UNVALIDATED_PART_CLUSTER::IS 15298 (Part 2):2024,DERIVED_FROM_IDENTIFIER_PART,INFERRED_NOT_OFFICIAL
COMMITTEE-218BF3D7A30CA6C8,UNVALIDATED_PART_CLUSTER::IS 15298 (Part 3):2024,DERIVED_FROM_IDENTIFIER_PART,INFERRED_NOT_OFFICIAL
COMMITTEE-8FA60B266D5FB555,UNVALIDATED_PART_CLUSTER::IS 18430 (Part 22):2024,DERIVED_FROM_IDENTIFIER_PART,INFERRED_NOT_OFFICIAL
COMMITTEE-3DBE2362D69A48B6,UNVALIDATED_PART_CLUSTER::IS 18430 (Part 29):2024,DERIVED_FROM_IDENTIFIER_PART,INFERRED_NOT_OFFICIAL
COMMITTEE-2EDDF5FB796C0EA7,UNVALIDATED_PART_CLUSTER::IS 18430 (Part 40):2024,DERIVED_FROM_IDENTIFIER_PART,INFERRED_NOT_OFFICIAL
COMMITTEE-56970617D7A1B9EB,UNVALIDATED_PART_CLUSTER::IS 18430 (Part 61):2024,DERIVED_FROM_IDENTIFIER_PART,INFERRED_NOT_OFFICIAL
COMMITTEE-A4994A893712951C,UNVALIDATED_PART_CLUSTER::IS 18430 (Part 71):2024,DERIVED_FROM_IDENTIFIER_PART,INFERRED_NOT_OFFICIAL
COMMITTEE-CF237F8494B319E4,UNVALIDATED_PART_CLUSTER::IS 18430 (Part 85):2024,DERIVED_FROM_IDENTIFIER_PART,INFERRED_NOT_OFFICIAL
COMMITTEE-D2837836AC9BD77D,UNVALIDATED_PART_CLUSTER::IS 12640 (Part 1):2024,DERIVED_FROM_IDENTIFIER_PART,INFERRED_NOT_OFFICIAL
COMMITTEE-24B0F8973923CBA0,UNVALIDATED_PART_CLUSTER::IS 18596 (Part 3):2024,DERIVED_FROM_IDENTIFIER_PART,INFERRED_NOT_OFFICIAL
COMMITTEE-1D310A4D4B998216,UNVALIDATED_PART_CLUSTER::IS 18706 (Part 6):2024,DERIVED_FROM_IDENTIFIER_PART,INFERRED_NOT_OFFICIAL
COMMITTEE-DD163BCB2BF9EDF5,UNVALIDATED_PART_CLUSTER::IS/IEC 60383 (Part 1):2023,DERIVED_FROM_IDENTIFIER_PART,INFERRED_NOT_OFFICIAL
COMMITTEE-E59144151A83B00E,UNVALIDATED_PART_CLUSTER::IS/IEC 61557 (Part 16):2023,DERIVED_FROM_IDENTIFIER_PART,INFERRED_NOT_OFFICIAL
COMMITTEE-3DCFCB2B3CF53CBC,UNVALIDATED_PART_CLUSTER::IS 18750 (Part 1):2024,DERIVED_FROM_IDENTIFIER_PART,INFERRED_NOT_OFFICIAL
COMMITTEE-1659567E326C7A77,UNVALIDATED_PART_CLUSTER::IS 18750 (Part 2):2024,DERIVED_FROM_IDENTIFIER_PART,INFERRED_NOT_OFFICIAL
COMMITTEE-3450FC9501FC7F3C,UNVALIDATED_PART_CLUSTER::IS 18750 (Part 3):2024,DERIVED_FROM_IDENTIFIER_PART,INFERRED_NOT_OFFICIAL
COMMITTEE-2AE91071C36BAFC6,UNVALIDATED_PART_CLUSTER::IS 1984 (Part 6):2024,DERIVED_FROM_IDENTIFIER_PART,INFERRED_NOT_OFFICIAL
COMMITTEE-418B0D1AC812F780,UNVALIDATED_PART_CLUSTER::IS 4518 (Part 4/Sec 1):2024,DERIVED_FROM_IDENTIFIER_PART,INFERRED_NOT_OFFICIAL
COMMITTEE-693B7262826CCE64,UNVALIDATED_PART_CLUSTER::IS 9873 (Part 11):2024,DERIVED_FROM_IDENTIFIER_PART,INFERRED_NOT_OFFICIAL
COMMITTEE-0FD3061E3F905F93,UNVALIDATED_PART_CLUSTER::IS 17932 (Part 5):2024,DERIVED_FROM_IDENTIFIER_PART,INFERRED_NOT_OFFICIAL
COMMITTEE-01734ADF49AD6110,UNVALIDATED_PART_CLUSTER::IS 18681 (Part 3):2024,DERIVED_FROM_IDENTIFIER_PART,INFERRED_NOT_OFFICIAL
COMMITTEE-617DCD55F14B49CD,UNVALIDATED_PART_CLUSTER::IS/IEC 61557 (Part 10):2013,DERIVED_FROM_IDENTIFIER_PART,INFERRED_NOT_OFFICIAL
COMMITTEE-1B3D935C45392D1E,UNVALIDATED_PART_CLUSTER::IS/IEC 61557 (Part 11):2020,DERIVED_FROM_IDENTIFIER_PART,INFERRED_NOT_OFFICIAL
COMMITTEE-CCBF27C8E4AC729F,UNVALIDATED_PART_CLUSTER::IS/IEC 61557 (Part 12):2018,DERIVED_FROM_IDENTIFIER_PART,INFERRED_NOT_OFFICIAL
COMMITTEE-95DCAA1C01083B60,UNVALIDATED_PART_CLUSTER::IS/IEC 61557 (Part 14):2023,DERIVED_FROM_IDENTIFIER_PART,INFERRED_NOT_OFFICIAL
COMMITTEE-5382A0A63C924171,UNVALIDATED_PART_CLUSTER::IS/IEC 61557 (Part 17):2021,DERIVED_FROM_IDENTIFIER_PART,INFERRED_NOT_OFFICIAL
COMMITTEE-A9BB5A80530C50E5,UNVALIDATED_PART_CLUSTER::IS/ISO/IEC 21823 (Part 2):2020,DERIVED_FROM_IDENTIFIER_PART,INFERRED_NOT_OFFICIAL
COMMITTEE-FC74D4284E25E0B1,UNVALIDATED_PART_CLUSTER::IS/IEC 63203 (Part 204/Sec 1):2023,DERIVED_FROM_IDENTIFIER_PART,INFERRED_NOT_OFFICIAL
COMMITTEE-17DDD6B7BBFF16B9,UNVALIDATED_PART_CLUSTER::IS/IEC 60076 (Part 4):2002,DERIVED_FROM_IDENTIFIER_PART,INFERRED_NOT_OFFICIAL
COMMITTEE-65BE4324128B8D83,UNVALIDATED_PART_CLUSTER::IS 18444 (Part 57/Sec 1202):2024,DERIVED_FROM_IDENTIFIER_PART,INFERRED_NOT_OFFICIAL
COMMITTEE-514B030B7CF56F31,UNVALIDATED_PART_CLUSTER::IS 4049 (Part 2):2024,DERIVED_FROM_IDENTIFIER_PART,INFERRED_NOT_OFFICIAL
COMMITTEE-EFAF82B4B0E07B7E,UNVALIDATED_PART_CLUSTER::IS 4049 (Part 1):2024,DERIVED_FROM_IDENTIFIER_PART,INFERRED_NOT_OFFICIAL
COMMITTEE-C41AADB17BE322FA,UNVALIDATED_PART_CLUSTER::IS 4518 (Part 4/Sec 2):2024,DERIVED_FROM_IDENTIFIER_PART,INFERRED_NOT_OFFICIAL
COMMITTEE-76BCDB35909E00B2,UNVALIDATED_PART_CLUSTER::IS 18596 (Part 9/Sec 5):2024,DERIVED_FROM_IDENTIFIER_PART,INFERRED_NOT_OFFICIAL
COMMITTEE-567242BD7B1AB5C1,UNVALIDATED_PART_CLUSTER::IS 2063 (Part 12):2024,DERIVED_FROM_IDENTIFIER_PART,INFERRED_NOT_OFFICIAL
COMMITTEE-A9F45ABB3E0134F1,UNVALIDATED_PART_CLUSTER::IS 4518 (Part 3):2024,DERIVED_FROM_IDENTIFIER_PART,INFERRED_NOT_OFFICIAL
COMMITTEE-72E29D81AF93939D,UNVALIDATED_PART_CLUSTER::IS 5914 (Part 9):2024,DERIVED_FROM_IDENTIFIER_PART,INFERRED_NOT_OFFICIAL
COMMITTEE-8A6652F79EB90FBE,UNVALIDATED_PART_CLUSTER::IS 6213 (Part 22):2024,DERIVED_FROM_IDENTIFIER_PART,INFERRED_NOT_OFFICIAL
COMMITTEE-9E2200AE3B6F2D99,UNVALIDATED_PART_CLUSTER::IS/ISO/TS 8000 (Part 60):2017,DERIVED_FROM_IDENTIFIER_PART,INFERRED_NOT_OFFICIAL
COMMITTEE-FCA84A72107C5627,UNVALIDATED_PART_CLUSTER::IS 16478 (Part 1):2024,DERIVED_FROM_IDENTIFIER_PART,INFERRED_NOT_OFFICIAL
COMMITTEE-536E8A1FE868F092,UNVALIDATED_PART_CLUSTER::IS 18432 (Part 1):2024,DERIVED_FROM_IDENTIFIER_PART,INFERRED_NOT_OFFICIAL
COMMITTEE-B7C86382E109B47A,UNVALIDATED_PART_CLUSTER::IS 18619 (Part 3):2024,DERIVED_FROM_IDENTIFIER_PART,INFERRED_NOT_OFFICIAL
COMMITTEE-CBA0B88B1A216FA2,UNVALIDATED_PART_CLUSTER::IS 18623 (Part 1):2024,DERIVED_FROM_IDENTIFIER_PART,INFERRED_NOT_OFFICIAL
COMMITTEE-B6E86650FBBB054D,UNVALIDATED_PART_CLUSTER::IS 18623 (Part 4):2024,DERIVED_FROM_IDENTIFIER_PART,INFERRED_NOT_OFFICIAL
COMMITTEE-22720882F45D5647,UNVALIDATED_PART_CLUSTER::IS 18631 (Part 1):2024,DERIVED_FROM_IDENTIFIER_PART,INFERRED_NOT_OFFICIAL
COMMITTEE-94316C80F33E68D9,UNVALIDATED_PART_CLUSTER::IS 16071 (Part 1):2024,DERIVED_FROM_IDENTIFIER_PART,INFERRED_NOT_OFFICIAL
COMMITTEE-5ED8E5801380D2BF,UNVALIDATED_PART_CLUSTER::IS 17884 (Part 3):2024,DERIVED_FROM_IDENTIFIER_PART,INFERRED_NOT_OFFICIAL
COMMITTEE-A1C3D4DAF3770497,UNVALIDATED_PART_CLUSTER::IS 18720 (Part 100):2024,DERIVED_FROM_IDENTIFIER_PART,INFERRED_NOT_OFFICIAL
COMMITTEE-787FC1168FEF82EB,UNVALIDATED_PART_CLUSTER::IS 18619 (Part 2):2024,DERIVED_FROM_IDENTIFIER_PART,INFERRED_NOT_OFFICIAL
COMMITTEE-FB7EA6DFE95096A7,UNVALIDATED_PART_CLUSTER::IS 18596 (Part 9/Sec 6):2024,DERIVED_FROM_IDENTIFIER_PART,INFERRED_NOT_OFFICIAL
COMMITTEE-D18CD7BB80915103,UNVALIDATED_PART_CLUSTER::IS 2993 (Part 1):2024,DERIVED_FROM_IDENTIFIER_PART,INFERRED_NOT_OFFICIAL
COMMITTEE-57BE60F60AC7974D,UNVALIDATED_PART_CLUSTER::IS 7754 (Part 4):2024,DERIVED_FROM_IDENTIFIER_PART,INFERRED_NOT_OFFICIAL
COMMITTEE-E1F134E61B588D5E,UNVALIDATED_PART_CLUSTER::IS/ISO 8528 (Part 10):2022,DERIVED_FROM_IDENTIFIER_PART,INFERRED_NOT_OFFICIAL
COMMITTEE-48405BC24E17EF56,UNVALIDATED_PART_CLUSTER::IS 17458 (Part 1):2024,DERIVED_FROM_IDENTIFIER_PART,INFERRED_NOT_OFFICIAL
COMMITTEE-D5F6F45747A5A123,UNVALIDATED_PART_CLUSTER::IS 17884 (Part 1):2024,DERIVED_FROM_IDENTIFIER_PART,INFERRED_NOT_OFFICIAL
COMMITTEE-732148FBE782F354,UNVALIDATED_PART_CLUSTER::IS 18596 (Part 7/Sec 2):2024,DERIVED_FROM_IDENTIFIER_PART,INFERRED_NOT_OFFICIAL
COMMITTEE-C3D3AC9FB8796046,UNVALIDATED_PART_CLUSTER::IS 18596 (Part 9/Sec 1):2024,DERIVED_FROM_IDENTIFIER_PART,INFERRED_NOT_OFFICIAL
COMMITTEE-A67DD033D4D81442,UNVALIDATED_PART_CLUSTER::IS 4682 (Part 1):2024,DERIVED_FROM_IDENTIFIER_PART,INFERRED_NOT_OFFICIAL
COMMITTEE-3DB022BA7A7D7EF3,UNVALIDATED_PART_CLUSTER::IS 4854 (Part 2):2024,DERIVED_FROM_IDENTIFIER_PART,INFERRED_NOT_OFFICIAL
COMMITTEE-928A6C5C2C5EE2A8,UNVALIDATED_PART_CLUSTER::IS 18622 (Part 2):2024,DERIVED_FROM_IDENTIFIER_PART,INFERRED_NOT_OFFICIAL
COMMITTEE-E7E832A12B0942A2,UNVALIDATED_PART_CLUSTER::IS 18631 (Part 2):2024,DERIVED_FROM_IDENTIFIER_PART,INFERRED_NOT_OFFICIAL
COMMITTEE-A68C2B759636832C,UNVALIDATED_PART_CLUSTER::IS 18631 (Part 3):2024,DERIVED_FROM_IDENTIFIER_PART,INFERRED_NOT_OFFICIAL
COMMITTEE-53A33BF642399FE3,UNVALIDATED_PART_CLUSTER::IS 18635 (Part 1):2024,DERIVED_FROM_IDENTIFIER_PART,INFERRED_NOT_OFFICIAL
COMMITTEE-EF962A794E547098,UNVALIDATED_PART_CLUSTER::IS 18635 (Part 2):2024,DERIVED_FROM_IDENTIFIER_PART,INFERRED_NOT_OFFICIAL
COMMITTEE-0A2BA01F9E6BA69A,UNVALIDATED_PART_CLUSTER::IS 18635 (Part 3):2024,DERIVED_FROM_IDENTIFIER_PART,INFERRED_NOT_OFFICIAL
COMMITTEE-FB35A798F0142284,UNVALIDATED_PART_CLUSTER::IS/ISO 21940 (Part 21):2022,DERIVED_FROM_IDENTIFIER_PART,INFERRED_NOT_OFFICIAL
COMMITTEE-F553EA932EC3B733,UNVALIDATED_PART_CLUSTER::IS 16961 (Part 2):2024,DERIVED_FROM_IDENTIFIER_PART,INFERRED_NOT_OFFICIAL
COMMITTEE-663124E72839308C,UNVALIDATED_PART_CLUSTER::IS 16961 (Part 1):2024,DERIVED_FROM_IDENTIFIER_PART,INFERRED_NOT_OFFICIAL
COMMITTEE-F66A14AF29363A69,UNVALIDATED_PART_CLUSTER::IS 18623 (Part 3):2024,DERIVED_FROM_IDENTIFIER_PART,INFERRED_NOT_OFFICIAL
COMMITTEE-538143A80A5C65A2,UNVALIDATED_PART_CLUSTER::IS 18559 (Part 1):2024,DERIVED_FROM_IDENTIFIER_PART,INFERRED_NOT_OFFICIAL
COMMITTEE-8AD53141029D66CE,UNVALIDATED_PART_CLUSTER::IS 18559 (Part 2):2024,DERIVED_FROM_IDENTIFIER_PART,INFERRED_NOT_OFFICIAL
COMMITTEE-5D2A0CB63CDC976C,UNVALIDATED_PART_CLUSTER::IS/ISO 20776 (Part 2):2021,DERIVED_FROM_IDENTIFIER_PART,INFERRED_NOT_OFFICIAL
COMMITTEE-1DD0E0E443DAB0DA,UNVALIDATED_PART_CLUSTER::IS 3600 (Part 4):2024,DERIVED_FROM_IDENTIFIER_PART,INFERRED_NOT_OFFICIAL
COMMITTEE-FB5FA91FD4840CD8,UNVALIDATED_PART_CLUSTER::IS 3600 (Part 8):2024,DERIVED_FROM_IDENTIFIER_PART,INFERRED_NOT_OFFICIAL
COMMITTEE-C3BCCDC4E010D947,UNVALIDATED_PART_CLUSTER::IS 18738 (Part 1):2024,DERIVED_FROM_IDENTIFIER_PART,INFERRED_NOT_OFFICIAL
COMMITTEE-F0AC3A15C3215DDA,UNVALIDATED_PART_CLUSTER::IS 18738 (Part 3):2024,DERIVED_FROM_IDENTIFIER_PART,INFERRED_NOT_OFFICIAL
COMMITTEE-926B93E6268CCBFC,UNVALIDATED_PART_CLUSTER::IS 2480 (Part 2):2024,DERIVED_FROM_IDENTIFIER_PART,INFERRED_NOT_OFFICIAL
COMMITTEE-168647E871329181,UNVALIDATED_PART_CLUSTER::IS 3025 (Part 10/Sec 2):2024,DERIVED_FROM_IDENTIFIER_PART,INFERRED_NOT_OFFICIAL
COMMITTEE-B18913B5F43ED3A1,UNVALIDATED_PART_CLUSTER::IS 3025 (Part 83):2024,DERIVED_FROM_IDENTIFIER_PART,INFERRED_NOT_OFFICIAL
COMMITTEE-A115F809DADD2BAE,UNVALIDATED_PART_CLUSTER::IS 7656 (Part 1):2024,DERIVED_FROM_IDENTIFIER_PART,INFERRED_NOT_OFFICIAL
COMMITTEE-7268A2D3011CBF8A,UNVALIDATED_PART_CLUSTER::IS 7656 (Part 2):2024,DERIVED_FROM_IDENTIFIER_PART,INFERRED_NOT_OFFICIAL
COMMITTEE-EBB91256FB71BD5F,UNVALIDATED_PART_CLUSTER::IS 18637 (Part 1):2024,DERIVED_FROM_IDENTIFIER_PART,INFERRED_NOT_OFFICIAL
COMMITTEE-65EEDDBAA93DF13D,UNVALIDATED_PART_CLUSTER::IS 3025 (Part 22):2024,DERIVED_FROM_IDENTIFIER_PART,INFERRED_NOT_OFFICIAL
COMMITTEE-AAD57B3197D28BF7,UNVALIDATED_PART_CLUSTER::IS 3025 (Part 40):2024,DERIVED_FROM_IDENTIFIER_PART,INFERRED_NOT_OFFICIAL
COMMITTEE-CFDA867F250DF9FB,UNVALIDATED_PART_CLUSTER::IS 3025 (Part 49):2024,DERIVED_FROM_IDENTIFIER_PART,INFERRED_NOT_OFFICIAL
COMMITTEE-0F2879F751BBA3D5,UNVALIDATED_PART_CLUSTER::IS 3025 (Part 42):2024,DERIVED_FROM_IDENTIFIER_PART,INFERRED_NOT_OFFICIAL
COMMITTEE-A79F0A577FD4E987,UNVALIDATED_PART_CLUSTER::IS 101 (Part 1/Sec 4):2024,DERIVED_FROM_IDENTIFIER_PART,INFERRED_NOT_OFFICIAL
COMMITTEE-B524C971BDCED53A,UNVALIDATED_PART_CLUSTER::IS 101 (Part 3/Sec 6):2024,DERIVED_FROM_IDENTIFIER_PART,INFERRED_NOT_OFFICIAL
COMMITTEE-03BE860C5AB0A3FD,UNVALIDATED_PART_CLUSTER::IS 582 (Part 8/Sec 2):2024,DERIVED_FROM_IDENTIFIER_PART,INFERRED_NOT_OFFICIAL
COMMITTEE-87B91B672A976F9A,UNVALIDATED_PART_CLUSTER::IS 1060 (Part 4/Sec 4):2024,DERIVED_FROM_IDENTIFIER_PART,INFERRED_NOT_OFFICIAL
COMMITTEE-76B5283F6C212358,UNVALIDATED_PART_CLUSTER::IS 1060 (Part 4/Sec 7):2024,DERIVED_FROM_IDENTIFIER_PART,INFERRED_NOT_OFFICIAL
COMMITTEE-69C579749363546D,UNVALIDATED_PART_CLUSTER::IS 1060 (Part 4/Sec 9):2024,DERIVED_FROM_IDENTIFIER_PART,INFERRED_NOT_OFFICIAL
COMMITTEE-EB3C73DA2E336EDA,UNVALIDATED_PART_CLUSTER::IS 1060 (Part 4/Sec 10):2024,DERIVED_FROM_IDENTIFIER_PART,INFERRED_NOT_OFFICIAL
COMMITTEE-485B2D96C4CD5F88,UNVALIDATED_PART_CLUSTER::IS 1984 (Part 5):2024,DERIVED_FROM_IDENTIFIER_PART,INFERRED_NOT_OFFICIAL
COMMITTEE-BC020865EA73DE80,UNVALIDATED_PART_CLUSTER::IS 10260 (Part 4):2024,DERIVED_FROM_IDENTIFIER_PART,INFERRED_NOT_OFFICIAL
COMMITTEE-1A90812448A8D522,UNVALIDATED_PART_CLUSTER::IS 10260 (Part 5):2024,DERIVED_FROM_IDENTIFIER_PART,INFERRED_NOT_OFFICIAL
COMMITTEE-EE8E9E9547CFA291,UNVALIDATED_PART_CLUSTER::IS 17030 (Part 1):2024,DERIVED_FROM_IDENTIFIER_PART,INFERRED_NOT_OFFICIAL
COMMITTEE-5920A3F2375B6B54,UNVALIDATED_PART_CLUSTER::IS 17031 (Part 1):2024,DERIVED_FROM_IDENTIFIER_PART,INFERRED_NOT_OFFICIAL
COMMITTEE-8D236030E7A29198,UNVALIDATED_PART_CLUSTER::IS 18492 (Part 1):2024,DERIVED_FROM_IDENTIFIER_PART,INFERRED_NOT_OFFICIAL
COMMITTEE-E18F5B6A27E1A54D,UNVALIDATED_PART_CLUSTER::IS/IEC/TR 80002 (Part 3):2014,DERIVED_FROM_IDENTIFIER_PART,INFERRED_NOT_OFFICIAL
COMMITTEE-ABC23551535BF1AF,UNVALIDATED_PART_CLUSTER::IS 18742 (Part 1):2024,DERIVED_FROM_IDENTIFIER_PART,INFERRED_NOT_OFFICIAL
COMMITTEE-D8B1C73E01589812,UNVALIDATED_PART_CLUSTER::IS 18596 (Part 10):2024,DERIVED_FROM_IDENTIFIER_PART,INFERRED_NOT_OFFICIAL
COMMITTEE-0E16AB8D6B052FEE,UNVALIDATED_PART_CLUSTER::IS 3708 (Part 2):2024,DERIVED_FROM_IDENTIFIER_PART,INFERRED_NOT_OFFICIAL
COMMITTEE-433F4FDC770B88EC,UNVALIDATED_PART_CLUSTER::IS 8000 (Part 2):2024,DERIVED_FROM_IDENTIFIER_PART,INFERRED_NOT_OFFICIAL
COMMITTEE-EFAFC3423635B316,UNVALIDATED_PART_CLUSTER::IS 9316 (Part 2):2024,DERIVED_FROM_IDENTIFIER_PART,INFERRED_NOT_OFFICIAL
COMMITTEE-15692B8F570D507C,UNVALIDATED_PART_CLUSTER::IS 16848 (Part 1/Sec 1):2024,DERIVED_FROM_IDENTIFIER_PART,INFERRED_NOT_OFFICIAL
COMMITTEE-1264AE77990773A8,UNVALIDATED_PART_CLUSTER::IS 16848 (Part 1/Sec 2):2024,DERIVED_FROM_IDENTIFIER_PART,INFERRED_NOT_OFFICIAL
COMMITTEE-EE96330E8BB7CEA9,UNVALIDATED_PART_CLUSTER::IS/ISO 8000 (Part 311):2012,DERIVED_FROM_IDENTIFIER_PART,INFERRED_NOT_OFFICIAL
COMMITTEE-86C81FC0AD6B9C9D,UNVALIDATED_PART_CLUSTER::IS/ISO/TS 8000 (Part 81):2021,DERIVED_FROM_IDENTIFIER_PART,INFERRED_NOT_OFFICIAL
COMMITTEE-24E8D4E24213539C,UNVALIDATED_PART_CLUSTER::IS 16848 (Part 1/Sec 3):2024,DERIVED_FROM_IDENTIFIER_PART,INFERRED_NOT_OFFICIAL
COMMITTEE-F2A7D8DC5DD16997,UNVALIDATED_PART_CLUSTER::IS 18257 (Part 4):2024,DERIVED_FROM_IDENTIFIER_PART,INFERRED_NOT_OFFICIAL
COMMITTEE-CB3A7C112AED7244,UNVALIDATED_PART_CLUSTER::IS/ISO/IEC/TR 20000 (Part 5):2022,DERIVED_FROM_IDENTIFIER_PART,INFERRED_NOT_OFFICIAL
COMMITTEE-EAAA90550787715A,UNVALIDATED_PART_CLUSTER::IS 6873 (Part 2/Sec 1):2024,DERIVED_FROM_IDENTIFIER_PART,INFERRED_NOT_OFFICIAL
COMMITTEE-D4B03A3B25432388,UNVALIDATED_PART_CLUSTER::IS 11298 (Part 3/Sec 3):2024,DERIVED_FROM_IDENTIFIER_PART,INFERRED_NOT_OFFICIAL
COMMITTEE-E5885108F2B56F65,UNVALIDATED_PART_CLUSTER::IS 11298 (Part 3/Sec 5 to 7):2024,DERIVED_FROM_IDENTIFIER_PART,INFERRED_NOT_OFFICIAL
COMMITTEE-E9FFC3245DEE8AED,UNVALIDATED_PART_CLUSTER::IS 13450 (Part 2/Sec 2):2024,DERIVED_FROM_IDENTIFIER_PART,INFERRED_NOT_OFFICIAL
COMMITTEE-7362C540EAD098E9,UNVALIDATED_PART_CLUSTER::IS 13450 (Part 2/Sec 3):2024,DERIVED_FROM_IDENTIFIER_PART,INFERRED_NOT_OFFICIAL
COMMITTEE-E26FDF0958D3848D,UNVALIDATED_PART_CLUSTER::IS 16593 (Part 1):2024,DERIVED_FROM_IDENTIFIER_PART,INFERRED_NOT_OFFICIAL
COMMITTEE-6F566EABF8B55D05,UNVALIDATED_PART_CLUSTER::IS/IEC 60384 (Part 9):2015,DERIVED_FROM_IDENTIFIER_PART,INFERRED_NOT_OFFICIAL
COMMITTEE-96C14C28338F0394,UNVALIDATED_PART_CLUSTER::IS/IEC 60667 (Part 1):2020,DERIVED_FROM_IDENTIFIER_PART,INFERRED_NOT_OFFICIAL
COMMITTEE-0D1E40F527D14DE6,UNVALIDATED_PART_CLUSTER::IS/IEC 60667 (Part 3/Sec 1):2020,DERIVED_FROM_IDENTIFIER_PART,INFERRED_NOT_OFFICIAL
COMMITTEE-8B5D3DFBC6C67C42,UNVALIDATED_PART_CLUSTER::IS 1528 (Part 26):2024,DERIVED_FROM_IDENTIFIER_PART,INFERRED_NOT_OFFICIAL
COMMITTEE-ECF0401166564515,UNVALIDATED_PART_CLUSTER::IS 1528 (Part 27):2024,DERIVED_FROM_IDENTIFIER_PART,INFERRED_NOT_OFFICIAL
COMMITTEE-E4320F4480ED6CFE,UNVALIDATED_PART_CLUSTER::IS 17984 (Part 4):2024,DERIVED_FROM_IDENTIFIER_PART,INFERRED_NOT_OFFICIAL
COMMITTEE-788CD8A41BD428A1,UNVALIDATED_PART_CLUSTER::IS 17751 (Part 2):2024,DERIVED_FROM_IDENTIFIER_PART,INFERRED_NOT_OFFICIAL
COMMITTEE-55F3607B15E362C3,UNVALIDATED_PART_CLUSTER::IS/IEC 61558 (Part 1):2017,DERIVED_FROM_IDENTIFIER_PART,INFERRED_NOT_OFFICIAL
COMMITTEE-41DFE3471EEA2649,UNVALIDATED_PART_CLUSTER::IS/IEC 62146 (Part 1):2013,DERIVED_FROM_IDENTIFIER_PART,INFERRED_NOT_OFFICIAL
COMMITTEE-43716954C6F475E7,UNVALIDATED_PART_CLUSTER::IS 101 (Part 5/Sec 6):2024,DERIVED_FROM_IDENTIFIER_PART,INFERRED_NOT_OFFICIAL
COMMITTEE-9FAF24EB838A9469,UNVALIDATED_PART_CLUSTER::IS 354 (Part 2):2024,DERIVED_FROM_IDENTIFIER_PART,INFERRED_NOT_OFFICIAL
COMMITTEE-A33A4BE96D89D10A,UNVALIDATED_PART_CLUSTER::IS 582 (Part 6/Sec 1):2024,DERIVED_FROM_IDENTIFIER_PART,INFERRED_NOT_OFFICIAL
COMMITTEE-131131B61E27E183,UNVALIDATED_PART_CLUSTER::IS 582 (Part 6/Sec 2):2024,DERIVED_FROM_IDENTIFIER_PART,INFERRED_NOT_OFFICIAL
COMMITTEE-EE521FC6C0E3BB03,UNVALIDATED_PART_CLUSTER::IS 582 (Part 7):2024,DERIVED_FROM_IDENTIFIER_PART,INFERRED_NOT_OFFICIAL
COMMITTEE-25C670AD82AF1A94,UNVALIDATED_PART_CLUSTER::IS 582 (Part 8/Sec 1):2024,DERIVED_FROM_IDENTIFIER_PART,INFERRED_NOT_OFFICIAL
COMMITTEE-30D6F53D8D3217A3,UNVALIDATED_PART_CLUSTER::IS 17932 (Part 7):2024,DERIVED_FROM_IDENTIFIER_PART,INFERRED_NOT_OFFICIAL
COMMITTEE-FB1517C49A381011,UNVALIDATED_PART_CLUSTER::IS 18446 (Part 6):2024,DERIVED_FROM_IDENTIFIER_PART,INFERRED_NOT_OFFICIAL
COMMITTEE-564D7C4259C2E0D9,UNVALIDATED_PART_CLUSTER::IS 18681 (Part 7):2024,DERIVED_FROM_IDENTIFIER_PART,INFERRED_NOT_OFFICIAL
COMMITTEE-216DB3605E312A05,UNVALIDATED_PART_CLUSTER::IS 1060 (Part 4/Sec 8):2024,DERIVED_FROM_IDENTIFIER_PART,INFERRED_NOT_OFFICIAL
COMMITTEE-044D06794C0F1312,UNVALIDATED_PART_CLUSTER::IS 12762 (Part 4):2024,DERIVED_FROM_IDENTIFIER_PART,INFERRED_NOT_OFFICIAL
COMMITTEE-07C815AB00D496C8,UNVALIDATED_PART_CLUSTER::IS/IEC 61724 (Part 1):2021,DERIVED_FROM_IDENTIFIER_PART,INFERRED_NOT_OFFICIAL
COMMITTEE-D96F4AC5C3092E71,UNVALIDATED_PART_CLUSTER::IS 18466 (Part 1):2024,DERIVED_FROM_IDENTIFIER_PART,INFERRED_NOT_OFFICIAL
COMMITTEE-D44908EF386C69B2,UNVALIDATED_PART_CLUSTER::IS 18596 (Part 2):2024,DERIVED_FROM_IDENTIFIER_PART,INFERRED_NOT_OFFICIAL
COMMITTEE-509FB7791B9EDE9D,UNVALIDATED_PART_CLUSTER::IS 18596 (Part 4):2024,DERIVED_FROM_IDENTIFIER_PART,INFERRED_NOT_OFFICIAL
COMMITTEE-DA744CBEB96F05A5,UNVALIDATED_PART_CLUSTER::IS 18596 (Part 8/Sec 1):2024,DERIVED_FROM_IDENTIFIER_PART,INFERRED_NOT_OFFICIAL
COMMITTEE-EACCA3262717C63F,UNVALIDATED_PART_CLUSTER::IS 18619 (Part 1):2024,DERIVED_FROM_IDENTIFIER_PART,INFERRED_NOT_OFFICIAL
COMMITTEE-6761F79C7AE55BA3,UNVALIDATED_PART_CLUSTER::IS/IEC 61557 (Part 6):2019,DERIVED_FROM_IDENTIFIER_PART,INFERRED_NOT_OFFICIAL
COMMITTEE-BE2381499F381C36,UNVALIDATED_PART_CLUSTER::IS/IEC 61557 (Part 7):2019,DERIVED_FROM_IDENTIFIER_PART,INFERRED_NOT_OFFICIAL
COMMITTEE-1669C18DC234F1A2,UNVALIDATED_PART_CLUSTER::IS/IEC 62282 (Part 3/Sec 100):2019,DERIVED_FROM_IDENTIFIER_PART,INFERRED_NOT_OFFICIAL
COMMITTEE-393B772DDF4A7FF1,UNVALIDATED_PART_CLUSTER::IS/IEC/TS 63042 (Part 102):2021,DERIVED_FROM_IDENTIFIER_PART,INFERRED_NOT_OFFICIAL
COMMITTEE-9121C2E3BCC3B398,UNVALIDATED_PART_CLUSTER::IS/IEC/TS 63042 (Part 202):2021,DERIVED_FROM_IDENTIFIER_PART,INFERRED_NOT_OFFICIAL
COMMITTEE-276E1661E8D36187,UNVALIDATED_PART_CLUSTER::IS 13407 (Part 1):2024,DERIVED_FROM_IDENTIFIER_PART,INFERRED_NOT_OFFICIAL
COMMITTEE-C34B854FF06A5659,UNVALIDATED_PART_CLUSTER::IS 16593 (Part 12):2024,DERIVED_FROM_IDENTIFIER_PART,INFERRED_NOT_OFFICIAL
COMMITTEE-2EC46F47BC8CBD4C,UNVALIDATED_PART_CLUSTER::IS 4296 (Part 2):2024,DERIVED_FROM_IDENTIFIER_PART,INFERRED_NOT_OFFICIAL
COMMITTEE-31AA2F07917FB3DE,UNVALIDATED_PART_CLUSTER::IS 4910 (Part 13):2024,DERIVED_FROM_IDENTIFIER_PART,INFERRED_NOT_OFFICIAL
COMMITTEE-D291DE8FBF060B49,UNVALIDATED_PART_CLUSTER::IS 7080 (Part 3):2024,DERIVED_FROM_IDENTIFIER_PART,INFERRED_NOT_OFFICIAL
COMMITTEE-7988CAB6FBA9FD38,UNVALIDATED_PART_CLUSTER::IS/ISO 13450 (Part 2/Sec 10):2024,DERIVED_FROM_IDENTIFIER_PART,INFERRED_NOT_OFFICIAL
COMMITTEE-4082D62458622DA6,UNVALIDATED_PART_CLUSTER::IS 8198 (Part 8):2024,DERIVED_FROM_IDENTIFIER_PART,INFERRED_NOT_OFFICIAL
COMMITTEE-0A26264BCDF7F590,UNVALIDATED_PART_CLUSTER::IS 8198 (Part 10):2024,DERIVED_FROM_IDENTIFIER_PART,INFERRED_NOT_OFFICIAL
COMMITTEE-BAE68BEAEF341EF9,UNVALIDATED_PART_CLUSTER::IS 18596 (Part 5):2024,DERIVED_FROM_IDENTIFIER_PART,INFERRED_NOT_OFFICIAL
COMMITTEE-5E0E4FA4C6277BB3,UNVALIDATED_PART_CLUSTER::IS 18596 (Part 7):2024,DERIVED_FROM_IDENTIFIER_PART,INFERRED_NOT_OFFICIAL
COMMITTEE-F81C48288CAEED5F,UNVALIDATED_PART_CLUSTER::IS 18596 (Part 7/Sec 1):2024,DERIVED_FROM_IDENTIFIER_PART,INFERRED_NOT_OFFICIAL
COMMITTEE-C33BF0E587A18519,UNVALIDATED_PART_CLUSTER::IS 18596 (Part 7/Sec 3):2024,DERIVED_FROM_IDENTIFIER_PART,INFERRED_NOT_OFFICIAL
COMMITTEE-0CA1C11CC478A0E7,UNVALIDATED_PART_CLUSTER::IS 18596 (Part 7/Sec 4):2024,DERIVED_FROM_IDENTIFIER_PART,INFERRED_NOT_OFFICIAL
COMMITTEE-8D3AF76F91FF8011,UNVALIDATED_PART_CLUSTER::IS 18596 (Part 9/Sec 2):2024,DERIVED_FROM_IDENTIFIER_PART,INFERRED_NOT_OFFICIAL
COMMITTEE-8F4B35F0C55DD10C,UNVALIDATED_PART_CLUSTER::IS 18596 (Part 6):2024,DERIVED_FROM_IDENTIFIER_PART,INFERRED_NOT_OFFICIAL
COMMITTEE-3063379507552210,UNVALIDATED_PART_CLUSTER::IS 18596 (Part 9/Sec 3):2024,DERIVED_FROM_IDENTIFIER_PART,INFERRED_NOT_OFFICIAL
COMMITTEE-EF25DA17A087C5D3,UNVALIDATED_PART_CLUSTER::IS/IEC 61557 (Part 4):2019,DERIVED_FROM_IDENTIFIER_PART,INFERRED_NOT_OFFICIAL
COMMITTEE-F79C64F7FEFD0EB3,UNVALIDATED_PART_CLUSTER::IS 18596 (Part 9/Sec 4):2024,DERIVED_FROM_IDENTIFIER_PART,INFERRED_NOT_OFFICIAL
COMMITTEE-1908C0BD86234072,UNVALIDATED_PART_CLUSTER::IS/IEC/TR 63363 (Part 1):2022,DERIVED_FROM_IDENTIFIER_PART,INFERRED_NOT_OFFICIAL
COMMITTEE-FD6C929925D2C09C,UNVALIDATED_PART_CLUSTER::IS 13450 (Part 2/Sec 43):2024,DERIVED_FROM_IDENTIFIER_PART,INFERRED_NOT_OFFICIAL
COMMITTEE-4242FE2E831C0E43,UNVALIDATED_PART_CLUSTER::IS 13450 (Part 2/Sec 45):2024,DERIVED_FROM_IDENTIFIER_PART,INFERRED_NOT_OFFICIAL
COMMITTEE-1F7C72561A06B987,UNVALIDATED_PART_CLUSTER::IS 13450 (Part 2/Sec 54):2024,DERIVED_FROM_IDENTIFIER_PART,INFERRED_NOT_OFFICIAL
COMMITTEE-354610172C93C3CE,UNVALIDATED_PART_CLUSTER::IS 13450 (Part 2/Sec 65):2024,DERIVED_FROM_IDENTIFIER_PART,INFERRED_NOT_OFFICIAL
COMMITTEE-02F9C7722594BDD1,UNVALIDATED_PART_CLUSTER::IS 18261 (Part 9):2024,DERIVED_FROM_IDENTIFIER_PART,INFERRED_NOT_OFFICIAL
COMMITTEE-ACAEB81F3485192D,UNVALIDATED_PART_CLUSTER::IS 18530 (Part 2):2024,DERIVED_FROM_IDENTIFIER_PART,INFERRED_NOT_OFFICIAL
COMMITTEE-FDCC6EE987910605,UNVALIDATED_PART_CLUSTER::IS 2993 (Part 2):2024,DERIVED_FROM_IDENTIFIER_PART,INFERRED_NOT_OFFICIAL
COMMITTEE-AE50CF4678F94DD0,UNVALIDATED_PART_CLUSTER::IS 3109 (Part 1):2024,DERIVED_FROM_IDENTIFIER_PART,INFERRED_NOT_OFFICIAL
COMMITTEE-6679749931A291F5,UNVALIDATED_PART_CLUSTER::IS 7754 (Part 3):2024,DERIVED_FROM_IDENTIFIER_PART,INFERRED_NOT_OFFICIAL
COMMITTEE-DEF3FF3ED2319B48,UNVALIDATED_PART_CLUSTER::IS 10052 (Part 1/Sec 4):2024,DERIVED_FROM_IDENTIFIER_PART,INFERRED_NOT_OFFICIAL
COMMITTEE-B7A6A04184FE4607,UNVALIDATED_PART_CLUSTER::IS/ISO 2834 (Part 3):2008,DERIVED_FROM_IDENTIFIER_PART,INFERRED_NOT_OFFICIAL
COMMITTEE-A64B0B371E0F1075,UNVALIDATED_PART_CLUSTER::IS 18657 (Part 1):2024,DERIVED_FROM_IDENTIFIER_PART,INFERRED_NOT_OFFICIAL
COMMITTEE-BCC3EB03D757629B,UNVALIDATED_PART_CLUSTER::IS 18657 (Part 2):2024,DERIVED_FROM_IDENTIFIER_PART,INFERRED_NOT_OFFICIAL
COMMITTEE-03032046AB57CBBD,UNVALIDATED_PART_CLUSTER::IS 18657 (Part 3):2024,DERIVED_FROM_IDENTIFIER_PART,INFERRED_NOT_OFFICIAL
COMMITTEE-4A6D1BDB9398926D,UNVALIDATED_PART_CLUSTER::IS 18657 (Part 4):2024,DERIVED_FROM_IDENTIFIER_PART,INFERRED_NOT_OFFICIAL
COMMITTEE-54E8A8E9963F833B,UNVALIDATED_PART_CLUSTER::IS 18657 (Part 5):2024,DERIVED_FROM_IDENTIFIER_PART,INFERRED_NOT_OFFICIAL
COMMITTEE-31C178C57700DC96,UNVALIDATED_PART_CLUSTER::IS 18657 (Part 6):2024,DERIVED_FROM_IDENTIFIER_PART,INFERRED_NOT_OFFICIAL
COMMITTEE-240CB30F25C33590,UNVALIDATED_PART_CLUSTER::IS 3025 (Part 81):2024,DERIVED_FROM_IDENTIFIER_PART,INFERRED_NOT_OFFICIAL
COMMITTEE-9E9F967FA453EDFD,UNVALIDATED_PART_CLUSTER::IS/ISO/TS 8000 (Part 82):2022,DERIVED_FROM_IDENTIFIER_PART,INFERRED_NOT_OFFICIAL
COMMITTEE-1A809AD1FB0A153A,UNVALIDATED_PART_CLUSTER::IS 8085 (Part 21):2024,DERIVED_FROM_IDENTIFIER_PART,INFERRED_NOT_OFFICIAL
COMMITTEE-1143F84DE630427F,UNVALIDATED_PART_CLUSTER::IS 8085 (Part 22):2024,DERIVED_FROM_IDENTIFIER_PART,INFERRED_NOT_OFFICIAL
COMMITTEE-809618DF7D47395C,UNVALIDATED_PART_CLUSTER::IS 8085 (Part 23):2024,DERIVED_FROM_IDENTIFIER_PART,INFERRED_NOT_OFFICIAL
COMMITTEE-23ECD12215ED72F7,UNVALIDATED_PART_CLUSTER::IS 8085 (Part 24):2024,DERIVED_FROM_IDENTIFIER_PART,INFERRED_NOT_OFFICIAL
COMMITTEE-89996CF05D0772AC,UNVALIDATED_PART_CLUSTER::IS 8085 (Part 25):2024,DERIVED_FROM_IDENTIFIER_PART,INFERRED_NOT_OFFICIAL
COMMITTEE-D6F01475C4DB7614,UNVALIDATED_PART_CLUSTER::IS 8085 (Part 26):2024,DERIVED_FROM_IDENTIFIER_PART,INFERRED_NOT_OFFICIAL
COMMITTEE-07FA5BE314844DE3,UNVALIDATED_PART_CLUSTER::IS 8085 (Part 27):2024,DERIVED_FROM_IDENTIFIER_PART,INFERRED_NOT_OFFICIAL
COMMITTEE-2C761B3B62173B36,UNVALIDATED_PART_CLUSTER::IS 8085 (Part 28):2024,DERIVED_FROM_IDENTIFIER_PART,INFERRED_NOT_OFFICIAL
COMMITTEE-FD346BB6240E9B6C,UNVALIDATED_PART_CLUSTER::IS 18493 (Part 4):2024,DERIVED_FROM_IDENTIFIER_PART,INFERRED_NOT_OFFICIAL
COMMITTEE-ACA582172EA63F9F,UNVALIDATED_PART_CLUSTER::IS 18493 (Part 5):2024,DERIVED_FROM_IDENTIFIER_PART,INFERRED_NOT_OFFICIAL
COMMITTEE-D0154CB82AB910C2,UNVALIDATED_PART_CLUSTER::IS 18638 (Part 1):2024,DERIVED_FROM_IDENTIFIER_PART,INFERRED_NOT_OFFICIAL
COMMITTEE-BFE1BEB484959306,UNVALIDATED_PART_CLUSTER::IS 582 (Part 2):2024,DERIVED_FROM_IDENTIFIER_PART,INFERRED_NOT_OFFICIAL
COMMITTEE-289305232B06036F,UNVALIDATED_PART_CLUSTER::IS 582 (Part 5/Sec 1):2024,DERIVED_FROM_IDENTIFIER_PART,INFERRED_NOT_OFFICIAL
COMMITTEE-4D2EFBFDA15B16D5,UNVALIDATED_PART_CLUSTER::IS 6191 (Part 4):2024,DERIVED_FROM_IDENTIFIER_PART,INFERRED_NOT_OFFICIAL
COMMITTEE-F6D823843D665216,UNVALIDATED_PART_CLUSTER::IS 6191 (Part 5):2024,DERIVED_FROM_IDENTIFIER_PART,INFERRED_NOT_OFFICIAL
COMMITTEE-7032DEF7AE5EA20C,UNVALIDATED_PART_CLUSTER::IS 14872 (Part 2):2024,DERIVED_FROM_IDENTIFIER_PART,INFERRED_NOT_OFFICIAL
COMMITTEE-7C67379898CC2003,UNVALIDATED_PART_CLUSTER::IS 15250 (Part 2):2024,DERIVED_FROM_IDENTIFIER_PART,INFERRED_NOT_OFFICIAL
COMMITTEE-E670ECCF0BE2CF31,UNVALIDATED_PART_CLUSTER::IS 15250 (Part 10):2024,DERIVED_FROM_IDENTIFIER_PART,INFERRED_NOT_OFFICIAL
COMMITTEE-31A98ACF62EE941E,UNVALIDATED_PART_CLUSTER::IS 18003 (Part 3/Sec 1):2024,DERIVED_FROM_IDENTIFIER_PART,INFERRED_NOT_OFFICIAL
COMMITTEE-B64EB9FABD4C815A,UNVALIDATED_PART_CLUSTER::IS 17724 (Part 3):2024,DERIVED_FROM_IDENTIFIER_PART,INFERRED_NOT_OFFICIAL
COMMITTEE-FB5ABC60F7201C9D,UNVALIDATED_PART_CLUSTER::IS 17932 (Part 2):2024,DERIVED_FROM_IDENTIFIER_PART,INFERRED_NOT_OFFICIAL
COMMITTEE-19EE4523BE5CE633,UNVALIDATED_PART_CLUSTER::IS 17932 (Part 3):2024,DERIVED_FROM_IDENTIFIER_PART,INFERRED_NOT_OFFICIAL
COMMITTEE-A3A88824B0F17D9D,UNVALIDATED_PART_CLUSTER::IS 17932 (Part 4):2024,DERIVED_FROM_IDENTIFIER_PART,INFERRED_NOT_OFFICIAL
COMMITTEE-DE7477900015BA35,UNVALIDATED_PART_CLUSTER::IS 12375 (Part 13):2024,DERIVED_FROM_IDENTIFIER_PART,INFERRED_NOT_OFFICIAL
COMMITTEE-0E2AF3D137D44B2F,UNVALIDATED_PART_CLUSTER::IS 18592 (Part 2):2024,DERIVED_FROM_IDENTIFIER_PART,INFERRED_NOT_OFFICIAL
COMMITTEE-B8AA93F97670C2D0,UNVALIDATED_PART_CLUSTER::IS 18659 (Part 1):2024,DERIVED_FROM_IDENTIFIER_PART,INFERRED_NOT_OFFICIAL
COMMITTEE-86AF5028447B5F1B,UNVALIDATED_PART_CLUSTER::IS 18659 (Part 2):2024,DERIVED_FROM_IDENTIFIER_PART,INFERRED_NOT_OFFICIAL
COMMITTEE-A577521A781857DA,UNVALIDATED_PART_CLUSTER::IS 18659 (Part 3):2024,DERIVED_FROM_IDENTIFIER_PART,INFERRED_NOT_OFFICIAL
COMMITTEE-4C0414E68307A3CE,UNVALIDATED_PART_CLUSTER::IS 12375 (Part 12):2024,DERIVED_FROM_IDENTIFIER_PART,INFERRED_NOT_OFFICIAL
COMMITTEE-D8A1C5F0C8CF1336,UNVALIDATED_PART_CLUSTER::IS 18074 (Part 3):2024,DERIVED_FROM_IDENTIFIER_PART,INFERRED_NOT_OFFICIAL
COMMITTEE-05A4CFDF2983CCBE,UNVALIDATED_PART_CLUSTER::IS 18074 (Part 5):2024,DERIVED_FROM_IDENTIFIER_PART,INFERRED_NOT_OFFICIAL
COMMITTEE-79E6D787F230907E,UNVALIDATED_PART_CLUSTER::IS 16753 (Part 5):2024,DERIVED_FROM_IDENTIFIER_PART,INFERRED_NOT_OFFICIAL
COMMITTEE-7C266ED93541D64A,UNVALIDATED_PART_CLUSTER::IS/IEC/TS 63042 (Part 302):2021,DERIVED_FROM_IDENTIFIER_PART,INFERRED_NOT_OFFICIAL
COMMITTEE-7DD7416E744F76C2,UNVALIDATED_PART_CLUSTER::IS/IEC/TR 63042 (Part 303):2021,DERIVED_FROM_IDENTIFIER_PART,INFERRED_NOT_OFFICIAL
COMMITTEE-11E4F35791316A9D,UNVALIDATED_PART_CLUSTER::IS 1885 (Part 17):2024,DERIVED_FROM_IDENTIFIER_PART,INFERRED_NOT_OFFICIAL
COMMITTEE-46F491530A4881E9,UNVALIDATED_PART_CLUSTER::IS 14911 (Part 2):2024,DERIVED_FROM_IDENTIFIER_PART,INFERRED_NOT_OFFICIAL
COMMITTEE-B2DF361A3BA7B227,UNVALIDATED_PART_CLUSTER::IS 18483 (Part 1):2024,DERIVED_FROM_IDENTIFIER_PART,INFERRED_NOT_OFFICIAL
COMMITTEE-1146300BFDEB7894,UNVALIDATED_PART_CLUSTER::IS 18597 (Part 3):2024,DERIVED_FROM_IDENTIFIER_PART,INFERRED_NOT_OFFICIAL
COMMITTEE-5886C36D2A3D0605,UNVALIDATED_PART_CLUSTER::IS/IEC 61557 (Part 3):2019,DERIVED_FROM_IDENTIFIER_PART,INFERRED_NOT_OFFICIAL
COMMITTEE-E5D1E2A36F14C736,UNVALIDATED_PART_CLUSTER::IS 3025 (Part 82):2024,DERIVED_FROM_IDENTIFIER_PART,INFERRED_NOT_OFFICIAL
COMMITTEE-290790EC9D356BF5,UNVALIDATED_PART_CLUSTER::IS/ISO 8000 (Part 65):2020,DERIVED_FROM_IDENTIFIER_PART,INFERRED_NOT_OFFICIAL
COMMITTEE-94A5CB472BC45A34,UNVALIDATED_PART_CLUSTER::IS/ISO 8000 (Part 100):2016,DERIVED_FROM_IDENTIFIER_PART,INFERRED_NOT_OFFICIAL
COMMITTEE-C93AE82753178C09,UNVALIDATED_PART_CLUSTER::IS/ISO 12297 (Part 2):2018,DERIVED_FROM_IDENTIFIER_PART,INFERRED_NOT_OFFICIAL
COMMITTEE-5086D6DBFE5C6EEA,UNVALIDATED_PART_CLUSTER::IS 13450 (Part 1/Sec 9):2024,DERIVED_FROM_IDENTIFIER_PART,INFERRED_NOT_OFFICIAL
COMMITTEE-E2A7AE6057415E6A,UNVALIDATED_PART_CLUSTER::IS 18493 (Part 2):2024,DERIVED_FROM_IDENTIFIER_PART,INFERRED_NOT_OFFICIAL
COMMITTEE-E0175CF12D13542C,UNVALIDATED_PART_CLUSTER::IS 18581 (Part 2):2024,DERIVED_FROM_IDENTIFIER_PART,INFERRED_NOT_OFFICIAL
COMMITTEE-B152215C668037CB,UNVALIDATED_PART_CLUSTER::IS 18681 (Part 6):2024,DERIVED_FROM_IDENTIFIER_PART,INFERRED_NOT_OFFICIAL
COMMITTEE-CDBF66D73025F766,UNVALIDATED_PART_CLUSTER::IS 18682 (Part 2):2024,DERIVED_FROM_IDENTIFIER_PART,INFERRED_NOT_OFFICIAL
COMMITTEE-0AF25C05A6EDCDF5,UNVALIDATED_PART_CLUSTER::IS 18682 (Part 3):2024,DERIVED_FROM_IDENTIFIER_PART,INFERRED_NOT_OFFICIAL
COMMITTEE-FCCC24C00DABDB80,UNVALIDATED_PART_CLUSTER::IS/IEC 61675 (Part 1):2022,DERIVED_FROM_IDENTIFIER_PART,INFERRED_NOT_OFFICIAL
COMMITTEE-29F5B96DCBD18385,UNVALIDATED_PART_CLUSTER::IS 14802 (Part 2):2024,DERIVED_FROM_IDENTIFIER_PART,INFERRED_NOT_OFFICIAL
COMMITTEE-ACF341F48A862F82,UNVALIDATED_PART_CLUSTER::IS 2556 (Part 15):2024,DERIVED_FROM_IDENTIFIER_PART,INFERRED_NOT_OFFICIAL
COMMITTEE-0ECFA1E81DE949F4,UNVALIDATED_PART_CLUSTER::IS 2556 (Part 16):2024,DERIVED_FROM_IDENTIFIER_PART,INFERRED_NOT_OFFICIAL
COMMITTEE-26861E25A6ED9749,UNVALIDATED_PART_CLUSTER::IS 2556 (Part 2):2024,DERIVED_FROM_IDENTIFIER_PART,INFERRED_NOT_OFFICIAL
COMMITTEE-892F7EE299FE6E7C,UNVALIDATED_PART_CLUSTER::IS 17984 (Part 3):2024,DERIVED_FROM_IDENTIFIER_PART,INFERRED_NOT_OFFICIAL
COMMITTEE-81536020902AF167,UNVALIDATED_PART_CLUSTER::IS 18630 (Part 2):2024,DERIVED_FROM_IDENTIFIER_PART,INFERRED_NOT_OFFICIAL
COMMITTEE-1D4A3B2B0CA0B456,UNVALIDATED_PART_CLUSTER::IS 8198 (Part 11):2024,DERIVED_FROM_IDENTIFIER_PART,INFERRED_NOT_OFFICIAL
COMMITTEE-37A47C48EA1B9BA1,UNVALIDATED_PART_CLUSTER::IS 13558 (Part 5):2024,DERIVED_FROM_IDENTIFIER_PART,INFERRED_NOT_OFFICIAL
COMMITTEE-3027BBD26F816357,UNVALIDATED_PART_CLUSTER::IS 16593 (Part 14):2024,DERIVED_FROM_IDENTIFIER_PART,INFERRED_NOT_OFFICIAL
COMMITTEE-3D3DB294DCD5D1A8,UNVALIDATED_PART_CLUSTER::IS/ISO 11119 (Part 1):2020,DERIVED_FROM_IDENTIFIER_PART,INFERRED_NOT_OFFICIAL
COMMITTEE-6C782BFF9B83BDCF,UNVALIDATED_PART_CLUSTER::IS/ISO 11119 (Part 2):2020,DERIVED_FROM_IDENTIFIER_PART,INFERRED_NOT_OFFICIAL
COMMITTEE-B891EF1B1EEE5141,UNVALIDATED_PART_CLUSTER::IS/ISO 11119 (Part 3):2020,DERIVED_FROM_IDENTIFIER_PART,INFERRED_NOT_OFFICIAL
COMMITTEE-BD54622CCC7714E3,UNVALIDATED_PART_CLUSTER::IS 18719 (Part 1):2024,DERIVED_FROM_IDENTIFIER_PART,INFERRED_NOT_OFFICIAL
COMMITTEE-58C3EE8E62F37D84,UNVALIDATED_PART_CLUSTER::IS 18719 (Part 2):2024,DERIVED_FROM_IDENTIFIER_PART,INFERRED_NOT_OFFICIAL
COMMITTEE-AE3CDAD1EFF8452A,UNVALIDATED_PART_CLUSTER::IS 11298 (Part 2):2024,DERIVED_FROM_IDENTIFIER_PART,INFERRED_NOT_OFFICIAL
COMMITTEE-87ED524D00A1E06B,UNVALIDATED_PART_CLUSTER::IS 17900 (Part 20):2024,DERIVED_FROM_IDENTIFIER_PART,INFERRED_NOT_OFFICIAL
COMMITTEE-3AB5B0B586925AEF,UNVALIDATED_PART_CLUSTER::IS 6053 (Part 1):2024,DERIVED_FROM_IDENTIFIER_PART,INFERRED_NOT_OFFICIAL
COMMITTEE-132AC2CF4B49E031,UNVALIDATED_PART_CLUSTER::IS 2480 (Part 1):2024,DERIVED_FROM_IDENTIFIER_PART,INFERRED_NOT_OFFICIAL
COMMITTEE-9AB1E829687134AC,UNVALIDATED_PART_CLUSTER::IS 18074 (Part 4):2024,DERIVED_FROM_IDENTIFIER_PART,INFERRED_NOT_OFFICIAL
COMMITTEE-70080F77A63CCA85,UNVALIDATED_PART_CLUSTER::IS/ISO 8000 (Part 140):2016,DERIVED_FROM_IDENTIFIER_PART,INFERRED_NOT_OFFICIAL
COMMITTEE-F8C1296462A95A12,UNVALIDATED_PART_CLUSTER::IS 18722 (Part 1):2024,DERIVED_FROM_IDENTIFIER_PART,INFERRED_NOT_OFFICIAL
COMMITTEE-2A6BDD30AEBA27B4,UNVALIDATED_PART_CLUSTER::IS 5785 (Part 2):2024,DERIVED_FROM_IDENTIFIER_PART,INFERRED_NOT_OFFICIAL
COMMITTEE-352F9FFB275A6D7B,UNVALIDATED_PART_CLUSTER::IS/ISO 12297 (Part 1):2021,DERIVED_FROM_IDENTIFIER_PART,INFERRED_NOT_OFFICIAL
COMMITTEE-15BC2D01E5951E46,UNVALIDATED_PART_CLUSTER::IS 16478 (Part 2):2024,DERIVED_FROM_IDENTIFIER_PART,INFERRED_NOT_OFFICIAL
COMMITTEE-73A1654342E4DB25,UNVALIDATED_PART_CLUSTER::IS/ISO 8000 (Part 130):2016,DERIVED_FROM_IDENTIFIER_PART,INFERRED_NOT_OFFICIAL
COMMITTEE-1426646E18F276FA,UNVALIDATED_PART_CLUSTER::IS 18493 (Part 1):2024,DERIVED_FROM_IDENTIFIER_PART,INFERRED_NOT_OFFICIAL
COMMITTEE-7155DA9AA464C8D0,UNVALIDATED_PART_CLUSTER::IS 354 (Part 3):2024,DERIVED_FROM_IDENTIFIER_PART,INFERRED_NOT_OFFICIAL
COMMITTEE-A9BF4E4694C52110,UNVALIDATED_PART_CLUSTER::IS 18502 (Part 1):2024,DERIVED_FROM_IDENTIFIER_PART,INFERRED_NOT_OFFICIAL
COMMITTEE-C4D960B77A6CC65F,UNVALIDATED_PART_CLUSTER::IS 14194 (Part 3/Sec 2):2024,DERIVED_FROM_IDENTIFIER_PART,INFERRED_NOT_OFFICIAL
COMMITTEE-BC646AE0D2124549,UNVALIDATED_PART_CLUSTER::IS 18489 (Part 1):2024,DERIVED_FROM_IDENTIFIER_PART,INFERRED_NOT_OFFICIAL
COMMITTEE-9DAC7D2037427B1B,UNVALIDATED_PART_CLUSTER::IS 18492 (Part 2):2024,DERIVED_FROM_IDENTIFIER_PART,INFERRED_NOT_OFFICIAL
COMMITTEE-46D43DCF47D32BCB,UNVALIDATED_PART_CLUSTER::IS 18493 (Part 3):2024,DERIVED_FROM_IDENTIFIER_PART,INFERRED_NOT_OFFICIAL
COMMITTEE-8C1C35494639322D,UNVALIDATED_PART_CLUSTER::IS 18533 (Part 2):2024,DERIVED_FROM_IDENTIFIER_PART,INFERRED_NOT_OFFICIAL
COMMITTEE-F89272A527FD24E2,UNVALIDATED_PART_CLUSTER::IS 18534 (Part 1):2024,DERIVED_FROM_IDENTIFIER_PART,INFERRED_NOT_OFFICIAL
COMMITTEE-3421CD0153876734,UNVALIDATED_PART_CLUSTER::IS 18534 (Part 2):2024,DERIVED_FROM_IDENTIFIER_PART,INFERRED_NOT_OFFICIAL
COMMITTEE-B18A501C7FC06194,UNVALIDATED_PART_CLUSTER::IS 18612 (Part 1):2024,DERIVED_FROM_IDENTIFIER_PART,INFERRED_NOT_OFFICIAL
COMMITTEE-2A9C9A658D969538,UNVALIDATED_PART_CLUSTER::IS 18638 (Part 2):2024,DERIVED_FROM_IDENTIFIER_PART,INFERRED_NOT_OFFICIAL
COMMITTEE-C8A81C8FC8939F04,UNVALIDATED_PART_CLUSTER::IS 18620 (Part 1):2024,DERIVED_FROM_IDENTIFIER_PART,INFERRED_NOT_OFFICIAL
COMMITTEE-71C1C4FB5519CF8E,UNVALIDATED_PART_CLUSTER::IS 13450 (Part 1):2024,DERIVED_FROM_IDENTIFIER_PART,INFERRED_NOT_OFFICIAL
COMMITTEE-146A300F6D9CBA30,UNVALIDATED_PART_CLUSTER::IS 13450 (Part 1/Sec 2):2024,DERIVED_FROM_IDENTIFIER_PART,INFERRED_NOT_OFFICIAL
COMMITTEE-3E87D9228096AC56,UNVALIDATED_PART_CLUSTER::IS 13450 (Part 1/Sec 3):2024,DERIVED_FROM_IDENTIFIER_PART,INFERRED_NOT_OFFICIAL
COMMITTEE-90CEE317D58A5835,UNVALIDATED_PART_CLUSTER::IS 13450 (Part 1/Sec 6):2024,DERIVED_FROM_IDENTIFIER_PART,INFERRED_NOT_OFFICIAL
COMMITTEE-D82CC48A6899A42C,UNVALIDATED_PART_CLUSTER::IS 13450 (Part 1/Sec 8):2024,DERIVED_FROM_IDENTIFIER_PART,INFERRED_NOT_OFFICIAL
COMMITTEE-97CDCEEF42D27607,UNVALIDATED_PART_CLUSTER::IS 13450 (Part 1/Sec 10):2024,DERIVED_FROM_IDENTIFIER_PART,INFERRED_NOT_OFFICIAL
COMMITTEE-CDCDBA33DDFE5984,UNVALIDATED_PART_CLUSTER::IS 13450 (Part 1/Sec 11):2024,DERIVED_FROM_IDENTIFIER_PART,INFERRED_NOT_OFFICIAL
COMMITTEE-BC43CA6C2EF69602,UNVALIDATED_PART_CLUSTER::IS 12580 (Part 1):2024,DERIVED_FROM_IDENTIFIER_PART,INFERRED_NOT_OFFICIAL
COMMITTEE-92BC4E2F44D29361,UNVALIDATED_PART_CLUSTER::IS 3025 (Part 28):2024,DERIVED_FROM_IDENTIFIER_PART,INFERRED_NOT_OFFICIAL
COMMITTEE-EE7F2B2814D9E718,UNVALIDATED_PART_CLUSTER::IS 3025 (Part 30):2024,DERIVED_FROM_IDENTIFIER_PART,INFERRED_NOT_OFFICIAL
COMMITTEE-FE913C7B48E9A965,UNVALIDATED_PART_CLUSTER::IS 3025 (Part 35):2024,DERIVED_FROM_IDENTIFIER_PART,INFERRED_NOT_OFFICIAL
COMMITTEE-EE3CF18ED6EBE687,UNVALIDATED_PART_CLUSTER::IS 3025 (Part 47):2024,DERIVED_FROM_IDENTIFIER_PART,INFERRED_NOT_OFFICIAL
COMMITTEE-15C345D0442745B5,UNVALIDATED_PART_CLUSTER::IS 12369 (Part 1):2024,DERIVED_FROM_IDENTIFIER_PART,INFERRED_NOT_OFFICIAL
COMMITTEE-CE8D3FB96F8CF18F,UNVALIDATED_PART_CLUSTER::IS 12369 (Part 2):2024,DERIVED_FROM_IDENTIFIER_PART,INFERRED_NOT_OFFICIAL
COMMITTEE-9836DD98AAD0878B,UNVALIDATED_PART_CLUSTER::IS 12369 (Part 3):2024,DERIVED_FROM_IDENTIFIER_PART,INFERRED_NOT_OFFICIAL
COMMITTEE-976B7FD7C5185339,UNVALIDATED_PART_CLUSTER::IS 6873 (Part 2/Sec 2):2024,DERIVED_FROM_IDENTIFIER_PART,INFERRED_NOT_OFFICIAL
COMMITTEE-DB47DC18AE1DCDCB,UNVALIDATED_PART_CLUSTER::IS 18658 (Part 5):2024,DERIVED_FROM_IDENTIFIER_PART,INFERRED_NOT_OFFICIAL
COMMITTEE-003E3B46FFD19CC3,UNVALIDATED_PART_CLUSTER::IS 13407 (Part 2):2024,DERIVED_FROM_IDENTIFIER_PART,INFERRED_NOT_OFFICIAL
COMMITTEE-B69D170A4A0ED109,UNVALIDATED_PART_CLUSTER::IS/ISO 12640 (Part 2):2011,DERIVED_FROM_IDENTIFIER_PART,INFERRED_NOT_OFFICIAL
COMMITTEE-68DBDA07CEEB19A8,UNVALIDATED_PART_CLUSTER::IS 4931 (Part 2):2024,DERIVED_FROM_IDENTIFIER_PART,INFERRED_NOT_OFFICIAL
COMMITTEE-84A261CC25A8D92A,UNVALIDATED_PART_CLUSTER::IS 354 (Part 4):2024,DERIVED_FROM_IDENTIFIER_PART,INFERRED_NOT_OFFICIAL
COMMITTEE-A94BA2337FD00EE0,UNVALIDATED_PART_CLUSTER::IS 354 (Part 5):2024,DERIVED_FROM_IDENTIFIER_PART,INFERRED_NOT_OFFICIAL
COMMITTEE-ABEA110C8E9FCB52,UNVALIDATED_PART_CLUSTER::IS 5785 (Part 1):2024,DERIVED_FROM_IDENTIFIER_PART,INFERRED_NOT_OFFICIAL
COMMITTEE-08470AD42B191A16,UNVALIDATED_PART_CLUSTER::IS 13360 (Part 6/Sec 24):2024,DERIVED_FROM_IDENTIFIER_PART,INFERRED_NOT_OFFICIAL
COMMITTEE-65908719E6B921F6,UNVALIDATED_PART_CLUSTER::IS 2267 (Part 1):2024,DERIVED_FROM_IDENTIFIER_PART,INFERRED_NOT_OFFICIAL
COMMITTEE-333D42D71DEF1BF8,UNVALIDATED_PART_CLUSTER::IS/ISO/IEC 11801 (Part 3):2021,DERIVED_FROM_IDENTIFIER_PART,INFERRED_NOT_OFFICIAL
COMMITTEE-9E566536AC5CC55C,UNVALIDATED_PART_CLUSTER::IS/ISO/IEC 11801 (Part 5):2017,DERIVED_FROM_IDENTIFIER_PART,INFERRED_NOT_OFFICIAL
COMMITTEE-7B225F7697FF3F34,UNVALIDATED_PART_CLUSTER::IS 18565 (Part 2):2024,DERIVED_FROM_IDENTIFIER_PART,INFERRED_NOT_OFFICIAL
COMMITTEE-56D238112ECBC0D7,UNVALIDATED_PART_CLUSTER::IS 18583 (Part 1):2024,DERIVED_FROM_IDENTIFIER_PART,INFERRED_NOT_OFFICIAL
COMMITTEE-55DC7C469E306F0B,UNVALIDATED_PART_CLUSTER::IS 18583 (Part 2):2024,DERIVED_FROM_IDENTIFIER_PART,INFERRED_NOT_OFFICIAL
COMMITTEE-2AD3D5A2AB0F3B4F,UNVALIDATED_PART_CLUSTER::IS/ISO 20391 (Part 1):2018,DERIVED_FROM_IDENTIFIER_PART,INFERRED_NOT_OFFICIAL
COMMITTEE-467F4C8C3882A772,UNVALIDATED_PART_CLUSTER::IS/ISO 20391 (Part 2):2019,DERIVED_FROM_IDENTIFIER_PART,INFERRED_NOT_OFFICIAL
COMMITTEE-5D01F5FF0D7305E9,UNVALIDATED_PART_CLUSTER::IS/ISO 20397 (Part 1):2022,DERIVED_FROM_IDENTIFIER_PART,INFERRED_NOT_OFFICIAL
COMMITTEE-34F965EC6CD3DFE2,UNVALIDATED_PART_CLUSTER::IS/ISO 20397 (Part 2):2021,DERIVED_FROM_IDENTIFIER_PART,INFERRED_NOT_OFFICIAL
COMMITTEE-5A1C002515276D33,UNVALIDATED_PART_CLUSTER::IS/ISO/TS 23367 (Part 1):2022,DERIVED_FROM_IDENTIFIER_PART,INFERRED_NOT_OFFICIAL
COMMITTEE-18ED29BFD6E29279,UNVALIDATED_PART_CLUSTER::IS/ISO/IEC 24029 (Part 2):2023,DERIVED_FROM_IDENTIFIER_PART,INFERRED_NOT_OFFICIAL
COMMITTEE-39340269BEF689D5,UNVALIDATED_PART_CLUSTER::IS/IEC 60667 (Part 2):2020,DERIVED_FROM_IDENTIFIER_PART,INFERRED_NOT_OFFICIAL
COMMITTEE-087A9F117D7B5737,UNVALIDATED_PART_CLUSTER::IS/IEC 60519 (Part 8):2020,DERIVED_FROM_IDENTIFIER_PART,INFERRED_NOT_OFFICIAL
COMMITTEE-8F29B2532A77CFAD,UNVALIDATED_PART_CLUSTER::IS/IEC 61400 (Part 21/Sec 1):2019,DERIVED_FROM_IDENTIFIER_PART,INFERRED_NOT_OFFICIAL
COMMITTEE-CF1C6295B869A034,UNVALIDATED_PART_CLUSTER::IS 18468 (Part 5):2024,DERIVED_FROM_IDENTIFIER_PART,INFERRED_NOT_OFFICIAL
COMMITTEE-95F5A2126D7168F4,UNVALIDATED_PART_CLUSTER::IS 6053 (Part 2):2024,DERIVED_FROM_IDENTIFIER_PART,INFERRED_NOT_OFFICIAL
COMMITTEE-F25320D169A5D3F8,UNVALIDATED_PART_CLUSTER::IS 6053 (Part 3):2024,DERIVED_FROM_IDENTIFIER_PART,INFERRED_NOT_OFFICIAL
COMMITTEE-4DDCAB395DA48120,UNVALIDATED_PART_CLUSTER::IS 14138 (Part 1):2024,DERIVED_FROM_IDENTIFIER_PART,INFERRED_NOT_OFFICIAL
COMMITTEE-46CE18A8D271F0E0,UNVALIDATED_PART_CLUSTER::IS 14138 (Part 2):2024,DERIVED_FROM_IDENTIFIER_PART,INFERRED_NOT_OFFICIAL
COMMITTEE-8D53B3734949F031,UNVALIDATED_PART_CLUSTER::IS 9335 (Part 1):2024,DERIVED_FROM_IDENTIFIER_PART,INFERRED_NOT_OFFICIAL
COMMITTEE-87BD56E5454CB293,UNVALIDATED_PART_CLUSTER::IS 9335 (Part 2):2024,DERIVED_FROM_IDENTIFIER_PART,INFERRED_NOT_OFFICIAL
COMMITTEE-7B0A882E715D4C65,UNVALIDATED_PART_CLUSTER::IS 10189 (Part 2/Sec 1):2024,DERIVED_FROM_IDENTIFIER_PART,INFERRED_NOT_OFFICIAL
COMMITTEE-5FA488FD9D864BDE,UNVALIDATED_PART_CLUSTER::IS 11654 (Part 1):2024,DERIVED_FROM_IDENTIFIER_PART,INFERRED_NOT_OFFICIAL
COMMITTEE-C180A23B4891B088,UNVALIDATED_PART_CLUSTER::IS 11654 (Part 2):2024,DERIVED_FROM_IDENTIFIER_PART,INFERRED_NOT_OFFICIAL
COMMITTEE-4F4F0A40D3FB9E30,UNVALIDATED_PART_CLUSTER::IS 13673 (Part 4):2024,DERIVED_FROM_IDENTIFIER_PART,INFERRED_NOT_OFFICIAL
COMMITTEE-D17D825CC2F144E1,UNVALIDATED_PART_CLUSTER::IS/ISO 2834 (Part 1):2020,DERIVED_FROM_IDENTIFIER_PART,INFERRED_NOT_OFFICIAL
COMMITTEE-5203A42A4E0F43ED,UNVALIDATED_PART_CLUSTER::IS/ISO 8000 (Part 2):2022,DERIVED_FROM_IDENTIFIER_PART,INFERRED_NOT_OFFICIAL
COMMITTEE-13F68AE6D03496D3,UNVALIDATED_PART_CLUSTER::IS/ISO 8000 (Part 62):2018,DERIVED_FROM_IDENTIFIER_PART,INFERRED_NOT_OFFICIAL
COMMITTEE-B3991D39C085873A,UNVALIDATED_PART_CLUSTER::IS/ISO 8000 (Part 66):2021,DERIVED_FROM_IDENTIFIER_PART,INFERRED_NOT_OFFICIAL
COMMITTEE-5C37285C02CFA6D9,UNVALIDATED_PART_CLUSTER::IS/ISO 8000 (Part 120):2016,DERIVED_FROM_IDENTIFIER_PART,INFERRED_NOT_OFFICIAL
COMMITTEE-E900383F2CD0ED6E,UNVALIDATED_PART_CLUSTER::IS 14980 (Part 3):2024,DERIVED_FROM_IDENTIFIER_PART,INFERRED_NOT_OFFICIAL
COMMITTEE-5830F8A651ADB10A,UNVALIDATED_PART_CLUSTER::IS 14980 (Part 4):2024,DERIVED_FROM_IDENTIFIER_PART,INFERRED_NOT_OFFICIAL
COMMITTEE-F5A8470E95B1BFEB,UNVALIDATED_PART_CLUSTER::IS/ISO/TS 15311 (Part 2):2018,DERIVED_FROM_IDENTIFIER_PART,INFERRED_NOT_OFFICIAL
COMMITTEE-4562AC6AB71D401F,UNVALIDATED_PART_CLUSTER::IS/ISO/TS 18621 (Part 11):2022,DERIVED_FROM_IDENTIFIER_PART,INFERRED_NOT_OFFICIAL
COMMITTEE-21FAD98CAE2ADE6D,UNVALIDATED_PART_CLUSTER::IS 6273 (Part 1):2024,DERIVED_FROM_IDENTIFIER_PART,INFERRED_NOT_OFFICIAL
COMMITTEE-D09C6B9D671957D8,UNVALIDATED_PART_CLUSTER::IS 1060 (Part 5/Sec 8):2024,DERIVED_FROM_IDENTIFIER_PART,INFERRED_NOT_OFFICIAL
COMMITTEE-5CAB12804D799B04,UNVALIDATED_PART_CLUSTER::IS 18680 (Part 3):2024,DERIVED_FROM_IDENTIFIER_PART,INFERRED_NOT_OFFICIAL
COMMITTEE-EC7DBAD1614D09DC,UNVALIDATED_PART_CLUSTER::IS 18680 (Part 5):2024,DERIVED_FROM_IDENTIFIER_PART,INFERRED_NOT_OFFICIAL
COMMITTEE-58B4BF5CF1686EEC,UNVALIDATED_PART_CLUSTER::IS 1448 (Part 131):2024,DERIVED_FROM_IDENTIFIER_PART,INFERRED_NOT_OFFICIAL
COMMITTEE-D8562F8AB81566E0,UNVALIDATED_PART_CLUSTER::IS/IEC 62351 (Part 9):2023,DERIVED_FROM_IDENTIFIER_PART,INFERRED_NOT_OFFICIAL
COMMITTEE-1A4F0F9D3074E809,UNVALIDATED_PART_CLUSTER::IS 18565 (Part 1):2024,DERIVED_FROM_IDENTIFIER_PART,INFERRED_NOT_OFFICIAL
COMMITTEE-2C3EB7CE63B6921D,UNVALIDATED_PART_CLUSTER::IS 1448 (Part 127):2024,DERIVED_FROM_IDENTIFIER_PART,INFERRED_NOT_OFFICIAL
COMMITTEE-D553F6EE9B492103,UNVALIDATED_PART_CLUSTER::IS 5062 (Part 7):2024,DERIVED_FROM_IDENTIFIER_PART,INFERRED_NOT_OFFICIAL
COMMITTEE-17AFD73D35A71508,UNVALIDATED_PART_CLUSTER::IS 7190 (Part 1):2024,DERIVED_FROM_IDENTIFIER_PART,INFERRED_NOT_OFFICIAL
COMMITTEE-3633EB84AE1A6A1C,UNVALIDATED_PART_CLUSTER::IS 14990 (Part 1):2024,DERIVED_FROM_IDENTIFIER_PART,INFERRED_NOT_OFFICIAL
COMMITTEE-6AE8E22BA9891AA9,UNVALIDATED_PART_CLUSTER::IS 14990 (Part 2):2024,DERIVED_FROM_IDENTIFIER_PART,INFERRED_NOT_OFFICIAL
COMMITTEE-741F5BBE0C6EAEBE,UNVALIDATED_PART_CLUSTER::IS 14990 (Part 3):2024,DERIVED_FROM_IDENTIFIER_PART,INFERRED_NOT_OFFICIAL
COMMITTEE-6C6B71F24F1FFC59,UNVALIDATED_PART_CLUSTER::IS/IEC 60068 (Part 3/Sec 1):2023,DERIVED_FROM_IDENTIFIER_PART,INFERRED_NOT_OFFICIAL
COMMITTEE-163CABC0077355C9,UNVALIDATED_PART_CLUSTER::IS/IEC 60068 (Part 3/Sec 4):2023,DERIVED_FROM_IDENTIFIER_PART,INFERRED_NOT_OFFICIAL
COMMITTEE-E52F4EB2F11E7044,UNVALIDATED_PART_CLUSTER::IS/IEC 61850 (Part 5):2022,DERIVED_FROM_IDENTIFIER_PART,INFERRED_NOT_OFFICIAL
COMMITTEE-D57A428852053EAE,UNVALIDATED_PART_CLUSTER::IS/IEC/TS 61970 (Part 401):2022,DERIVED_FROM_IDENTIFIER_PART,INFERRED_NOT_OFFICIAL
COMMITTEE-E1580A159D100CBE,UNVALIDATED_PART_CLUSTER::IS/IEC 62351 (Part 3):2023,DERIVED_FROM_IDENTIFIER_PART,INFERRED_NOT_OFFICIAL
COMMITTEE-B1CA3BC6BF81E0E8,UNVALIDATED_PART_CLUSTER::IS/IEC/TS 62351 (Part 5):2023,DERIVED_FROM_IDENTIFIER_PART,INFERRED_NOT_OFFICIAL
COMMITTEE-54C410BFA9CAEF5F,UNVALIDATED_PART_CLUSTER::IS/IEC/TR 62351 (Part 90/Sec 3):2021,DERIVED_FROM_IDENTIFIER_PART,INFERRED_NOT_OFFICIAL
COMMITTEE-890D5819465CD0F0,UNVALIDATED_PART_CLUSTER::IS/IEC/TS 62351 (Part 100/Sec 6):2022,DERIVED_FROM_IDENTIFIER_PART,INFERRED_NOT_OFFICIAL
COMMITTEE-663BE880B06E2360,UNVALIDATED_PART_CLUSTER::IS 14990 (Part 4):2024,DERIVED_FROM_IDENTIFIER_PART,INFERRED_NOT_OFFICIAL
COMMITTEE-C80EF4D2C9B528B3,UNVALIDATED_PART_CLUSTER::IS 14990 (Part 5):2024,DERIVED_FROM_IDENTIFIER_PART,INFERRED_NOT_OFFICIAL
COMMITTEE-20ED0712C75BA04E,UNVALIDATED_PART_CLUSTER::IS 18557 (Part 1):2024,DERIVED_FROM_IDENTIFIER_PART,INFERRED_NOT_OFFICIAL
COMMITTEE-081123D65D02DB74,UNVALIDATED_PART_CLUSTER::IS 18557 (Part 2):2024,DERIVED_FROM_IDENTIFIER_PART,INFERRED_NOT_OFFICIAL
COMMITTEE-7AEEB8C82E538DBC,UNVALIDATED_PART_CLUSTER::IS 17003 (Part 6):2024,DERIVED_FROM_IDENTIFIER_PART,INFERRED_NOT_OFFICIAL
COMMITTEE-A593EED0E76465DC,UNVALIDATED_PART_CLUSTER::IS/ISO 8000 (Part 1):2022,DERIVED_FROM_IDENTIFIER_PART,INFERRED_NOT_OFFICIAL
COMMITTEE-A94D037CB7E96A06,UNVALIDATED_PART_CLUSTER::IS 1060 (Part 5/Sec 17):2024,DERIVED_FROM_IDENTIFIER_PART,INFERRED_NOT_OFFICIAL
COMMITTEE-F048FC1FDBBE7EE5,UNVALIDATED_PART_CLUSTER::IS 1060 (Part 5/Sec 19):2024,DERIVED_FROM_IDENTIFIER_PART,INFERRED_NOT_OFFICIAL
COMMITTEE-D6553F3271CD8F33,UNVALIDATED_PART_CLUSTER::IS 1060 (Part 6/Sec 2):2024,DERIVED_FROM_IDENTIFIER_PART,INFERRED_NOT_OFFICIAL
COMMITTEE-91B82D239A2AD528,UNVALIDATED_PART_CLUSTER::IS 1350 (Part 4/Sec 1):2024,DERIVED_FROM_IDENTIFIER_PART,INFERRED_NOT_OFFICIAL
COMMITTEE-9A41D41EC90B2A7C,UNVALIDATED_PART_CLUSTER::IS 3025 (Part 3):2024,DERIVED_FROM_IDENTIFIER_PART,INFERRED_NOT_OFFICIAL
COMMITTEE-C40D708F81680EF1,UNVALIDATED_PART_CLUSTER::IS 3025 (Part 53):2024,DERIVED_FROM_IDENTIFIER_PART,INFERRED_NOT_OFFICIAL
COMMITTEE-0C522C3F66F45870,UNVALIDATED_PART_CLUSTER::IS 4910 (Part 12):2024,DERIVED_FROM_IDENTIFIER_PART,INFERRED_NOT_OFFICIAL
COMMITTEE-C0A3FA12DC2F045D,UNVALIDATED_PART_CLUSTER::IS 5508 (Part 23):2024,DERIVED_FROM_IDENTIFIER_PART,INFERRED_NOT_OFFICIAL
COMMITTEE-02E2414431C80B81,UNVALIDATED_PART_CLUSTER::IS 14194 (Part 3):2024,DERIVED_FROM_IDENTIFIER_PART,INFERRED_NOT_OFFICIAL
COMMITTEE-C9B3599A3C59792A,UNVALIDATED_PART_CLUSTER::IS 4931 (Part 1):2024,DERIVED_FROM_IDENTIFIER_PART,INFERRED_NOT_OFFICIAL
COMMITTEE-89D7647D38397011,UNVALIDATED_PART_CLUSTER::IS 8198 (Part 7):2024,DERIVED_FROM_IDENTIFIER_PART,INFERRED_NOT_OFFICIAL
COMMITTEE-A0BB1B3EAFB31206,UNVALIDATED_PART_CLUSTER::IS 8198 (Part 9):2024,DERIVED_FROM_IDENTIFIER_PART,INFERRED_NOT_OFFICIAL
COMMITTEE-74B125AFB8AD554A,UNVALIDATED_PART_CLUSTER::IS 8198 (Part 12):2024,DERIVED_FROM_IDENTIFIER_PART,INFERRED_NOT_OFFICIAL
COMMITTEE-14A7C98DB631149A,UNVALIDATED_PART_CLUSTER::IS 4410 (Part 17):2024,DERIVED_FROM_IDENTIFIER_PART,INFERRED_NOT_OFFICIAL
COMMITTEE-325F01CD96E08844,UNVALIDATED_PART_CLUSTER::IS 10386 (Part 8):2024,DERIVED_FROM_IDENTIFIER_PART,INFERRED_NOT_OFFICIAL
COMMITTEE-A249DBB8D16BD347,UNVALIDATED_PART_CLUSTER::IS 13218 (Part 2):2024,DERIVED_FROM_IDENTIFIER_PART,INFERRED_NOT_OFFICIAL
COMMITTEE-06A1620E4F1A8723,UNVALIDATED_PART_CLUSTER::IS 14615 (Part 3):2024,DERIVED_FROM_IDENTIFIER_PART,INFERRED_NOT_OFFICIAL
COMMITTEE-F3C96CEAC48EC1F9,UNVALIDATED_PART_CLUSTER::IS 1889 (Part 1):2024,DERIVED_FROM_IDENTIFIER_PART,INFERRED_NOT_OFFICIAL
COMMITTEE-AD7FC3D0C8EECCD2,UNVALIDATED_PART_CLUSTER::IS 4681 (Part 1):2024,DERIVED_FROM_IDENTIFIER_PART,INFERRED_NOT_OFFICIAL
COMMITTEE-AEA1673417F50495,UNVALIDATED_PART_CLUSTER::IS 4910 (Part 11):2024,DERIVED_FROM_IDENTIFIER_PART,INFERRED_NOT_OFFICIAL
COMMITTEE-ACB382E4F7D8E699,UNVALIDATED_PART_CLUSTER::IS 5508 (Part 22):2023,DERIVED_FROM_IDENTIFIER_PART,INFERRED_NOT_OFFICIAL
COMMITTEE-130A3CAF87873F27,UNVALIDATED_PART_CLUSTER::IS 5508 (Part 24):2024,DERIVED_FROM_IDENTIFIER_PART,INFERRED_NOT_OFFICIAL
COMMITTEE-A0DF0AA84D3C6C8C,UNVALIDATED_PART_CLUSTER::IS 5815 (Part 8):2024,DERIVED_FROM_IDENTIFIER_PART,INFERRED_NOT_OFFICIAL
COMMITTEE-F432EFEC2A3C311E,UNVALIDATED_PART_CLUSTER::IS 5815 (Part 9):2024,DERIVED_FROM_IDENTIFIER_PART,INFERRED_NOT_OFFICIAL
COMMITTEE-E933BB1825E4F62E,UNVALIDATED_PART_CLUSTER::IS 1893 (Part 4):2024,DERIVED_FROM_IDENTIFIER_PART,INFERRED_NOT_OFFICIAL
COMMITTEE-D197BAB3C8215563,UNVALIDATED_PART_CLUSTER::IS 15635 (Part 5):2024,DERIVED_FROM_IDENTIFIER_PART,INFERRED_NOT_OFFICIAL
COMMITTEE-923C35EEDBD0AC28,UNVALIDATED_PART_CLUSTER::IS/ISO 8000 (Part 8):2015,DERIVED_FROM_IDENTIFIER_PART,INFERRED_NOT_OFFICIAL
COMMITTEE-9423676F8B2D24A0,UNVALIDATED_PART_CLUSTER::IS/ISO 8000 (Part 61):2016,DERIVED_FROM_IDENTIFIER_PART,INFERRED_NOT_OFFICIAL
COMMITTEE-B721AB7185AB53A7,UNVALIDATED_PART_CLUSTER::IS/ISO 8000 (Part 63):2019,DERIVED_FROM_IDENTIFIER_PART,INFERRED_NOT_OFFICIAL
COMMITTEE-B1C4809A0A220EB6,UNVALIDATED_PART_CLUSTER::IS/ISO 8000 (Part 64):2022,DERIVED_FROM_IDENTIFIER_PART,INFERRED_NOT_OFFICIAL
COMMITTEE-3FF86B9D0A7E4888,UNVALIDATED_PART_CLUSTER::IS/ISO 8000 (Part 110):2021,DERIVED_FROM_IDENTIFIER_PART,INFERRED_NOT_OFFICIAL
COMMITTEE-12504733E1A13E7F,UNVALIDATED_PART_CLUSTER::IS 12180 (Part 1):2024,DERIVED_FROM_IDENTIFIER_PART,INFERRED_NOT_OFFICIAL
COMMITTEE-A1988C3E58116D3D,UNVALIDATED_PART_CLUSTER::IS 12180 (Part 2):2024,DERIVED_FROM_IDENTIFIER_PART,INFERRED_NOT_OFFICIAL
COMMITTEE-6B9A8AC5B8F56B26,UNVALIDATED_PART_CLUSTER::IS 18625 (Part 2):2024,DERIVED_FROM_IDENTIFIER_PART,INFERRED_NOT_OFFICIAL
COMMITTEE-9251FAC817C79E96,UNVALIDATED_PART_CLUSTER::IS 4931 (Part 3):2024,DERIVED_FROM_IDENTIFIER_PART,INFERRED_NOT_OFFICIAL
COMMITTEE-4F8EADDFC58364F9,UNVALIDATED_PART_CLUSTER::IS 14980 (Part 1):2024,DERIVED_FROM_IDENTIFIER_PART,INFERRED_NOT_OFFICIAL
COMMITTEE-78DB9E1817803F77,UNVALIDATED_PART_CLUSTER::IS 18625 (Part 1):2024,DERIVED_FROM_IDENTIFIER_PART,INFERRED_NOT_OFFICIAL
COMMITTEE-ACFD0F1F6B9056CC,UNVALIDATED_PART_CLUSTER::IS 4681 (Part 2):2024,DERIVED_FROM_IDENTIFIER_PART,INFERRED_NOT_OFFICIAL
COMMITTEE-C2E0462BA9A86EF0,UNVALIDATED_PART_CLUSTER::IS 10386 (Part 6):2020,DERIVED_FROM_IDENTIFIER_PART,INFERRED_NOT_OFFICIAL
COMMITTEE-57039E7A628E0EEE,UNVALIDATED_PART_CLUSTER::IS 6273 (Part 3/Sec 2):2023,DERIVED_FROM_IDENTIFIER_PART,INFERRED_NOT_OFFICIAL
COMMITTEE-674BF7E3F77D6A88,UNVALIDATED_PART_CLUSTER::IS 13450 (Part 1/Sec 12):2024,DERIVED_FROM_IDENTIFIER_PART,INFERRED_NOT_OFFICIAL
COMMITTEE-BDD483FE933AD5E1,UNVALIDATED_PART_CLUSTER::IS 17984 (Part 1):2024,DERIVED_FROM_IDENTIFIER_PART,INFERRED_NOT_OFFICIAL
COMMITTEE-0CAA285DB205A14C,UNVALIDATED_PART_CLUSTER::IS 18200 (Part 1):2024,DERIVED_FROM_IDENTIFIER_PART,INFERRED_NOT_OFFICIAL
COMMITTEE-75BB754A6D1F2798,UNVALIDATED_PART_CLUSTER::IS 17017 (Part 31):2024,DERIVED_FROM_IDENTIFIER_PART,INFERRED_NOT_OFFICIAL
COMMITTEE-5CD36A0788C92C6C,UNVALIDATED_PART_CLUSTER::IS 18448 (Part 1):2024,DERIVED_FROM_IDENTIFIER_PART,INFERRED_NOT_OFFICIAL
COMMITTEE-8A899A2DC6E2DD79,UNVALIDATED_PART_CLUSTER::IS 18448 (Part 2):2024,DERIVED_FROM_IDENTIFIER_PART,INFERRED_NOT_OFFICIAL
COMMITTEE-5FE061A19AF7AAA5,UNVALIDATED_PART_CLUSTER::IS 18555 (Part 12):2024,DERIVED_FROM_IDENTIFIER_PART,INFERRED_NOT_OFFICIAL
COMMITTEE-76FC839B9A922613,UNVALIDATED_PART_CLUSTER::IS 18555 (Part 14):2024,DERIVED_FROM_IDENTIFIER_PART,INFERRED_NOT_OFFICIAL
COMMITTEE-EB561B025187CAF0,UNVALIDATED_PART_CLUSTER::IS 18582 (Part 6):2024,DERIVED_FROM_IDENTIFIER_PART,INFERRED_NOT_OFFICIAL
COMMITTEE-8BCDBB68658AEF20,UNVALIDATED_PART_CLUSTER::IS 18589 (Part 6):2024,DERIVED_FROM_IDENTIFIER_PART,INFERRED_NOT_OFFICIAL
COMMITTEE-33526F0A4589A9F9,UNVALIDATED_PART_CLUSTER::IS 1321 (Part 2):2024,DERIVED_FROM_IDENTIFIER_PART,INFERRED_NOT_OFFICIAL
COMMITTEE-28EBE642B6FCF38F,UNVALIDATED_PART_CLUSTER::IS 8539 (Part 1):2023,DERIVED_FROM_IDENTIFIER_PART,INFERRED_NOT_OFFICIAL
COMMITTEE-6AFC6139BCB5E650,UNVALIDATED_PART_CLUSTER::IS 15844 (Part 3):2024,DERIVED_FROM_IDENTIFIER_PART,INFERRED_NOT_OFFICIAL
COMMITTEE-2CE19FD35049372D,UNVALIDATED_PART_CLUSTER::IS 10242 (Part 2/Sec 1):2023,DERIVED_FROM_IDENTIFIER_PART,INFERRED_NOT_OFFICIAL
COMMITTEE-C3FDC0BBA6463533,UNVALIDATED_PART_CLUSTER::IS/ISO 8000 (Part 115):2018,DERIVED_FROM_IDENTIFIER_PART,INFERRED_NOT_OFFICIAL
COMMITTEE-6EEDBB3406169002,UNVALIDATED_PART_CLUSTER::IS/ISO 8000 (Part 116):2019,DERIVED_FROM_IDENTIFIER_PART,INFERRED_NOT_OFFICIAL
COMMITTEE-4D91B6C9C3B688BC,UNVALIDATED_PART_CLUSTER::IS/ISO 8000 (Part 150):2022,DERIVED_FROM_IDENTIFIER_PART,INFERRED_NOT_OFFICIAL
COMMITTEE-A4EE9F3461606D96,UNVALIDATED_PART_CLUSTER::IS 9609 (Part 0):2024,DERIVED_FROM_IDENTIFIER_PART,INFERRED_NOT_OFFICIAL
COMMITTEE-30BD1ED90FF19589,UNVALIDATED_PART_CLUSTER::IS 18533 (Part 1):2024,DERIVED_FROM_IDENTIFIER_PART,INFERRED_NOT_OFFICIAL
COMMITTEE-10A21DCAF76AE3DC,UNVALIDATED_PART_CLUSTER::IS 101 (Part 1/Sec 5):2024,DERIVED_FROM_IDENTIFIER_PART,INFERRED_NOT_OFFICIAL
COMMITTEE-EFD343A192E08616,UNVALIDATED_PART_CLUSTER::IS 5613 (Part 3/Sec 1):2024,DERIVED_FROM_IDENTIFIER_PART,INFERRED_NOT_OFFICIAL
COMMITTEE-6545CC05C8AEF5FE,UNVALIDATED_PART_CLUSTER::IS 18877 (Part 2):2024,DERIVED_FROM_IDENTIFIER_PART,INFERRED_NOT_OFFICIAL
COMMITTEE-9E23994F2E82F029,UNVALIDATED_PART_CLUSTER::IS 10494 (Part 2):2023,DERIVED_FROM_IDENTIFIER_PART,INFERRED_NOT_OFFICIAL
COMMITTEE-1FF2860EAAAAB3F6,UNVALIDATED_PART_CLUSTER::IS 13834 (Part 2):2023,DERIVED_FROM_IDENTIFIER_PART,INFERRED_NOT_OFFICIAL
COMMITTEE-1355454181347DDF,UNVALIDATED_PART_CLUSTER::IS 19026 (Part 19):2023,DERIVED_FROM_IDENTIFIER_PART,INFERRED_NOT_OFFICIAL
COMMITTEE-0FD1C0EC7045DAB6,UNVALIDATED_PART_CLUSTER::IS 19026 (Part 5):2023,DERIVED_FROM_IDENTIFIER_PART,INFERRED_NOT_OFFICIAL
COMMITTEE-0DEC1BC56E590A97,UNVALIDATED_PART_CLUSTER::IS 19026 (Part 1):2023,DERIVED_FROM_IDENTIFIER_PART,INFERRED_NOT_OFFICIAL
COMMITTEE-C11377E10953B6C3,UNVALIDATED_PART_CLUSTER::IS 302 (Part 2/Sec 7):2024,DERIVED_FROM_IDENTIFIER_PART,INFERRED_NOT_OFFICIAL
COMMITTEE-4201D3D548606A4B,UNVALIDATED_PART_CLUSTER::IS 13450 (Part 2/Sec 13):2024,DERIVED_FROM_IDENTIFIER_PART,INFERRED_NOT_OFFICIAL
COMMITTEE-26C1B964C2CE993F,UNVALIDATED_PART_CLUSTER::IS 12901 (Part 1):2024,DERIVED_FROM_IDENTIFIER_PART,INFERRED_NOT_OFFICIAL
COMMITTEE-34BECE6A1FB0DE5D,UNVALIDATED_PART_CLUSTER::IS 12901 (Part 2):2024,DERIVED_FROM_IDENTIFIER_PART,INFERRED_NOT_OFFICIAL
COMMITTEE-68137490E86A9FF7,UNVALIDATED_PART_CLUSTER::IS 17043 (Part 1):2024,DERIVED_FROM_IDENTIFIER_PART,INFERRED_NOT_OFFICIAL
COMMITTEE-07D11FB97FD3FC7E,UNVALIDATED_PART_CLUSTER::IS 17043 (Part 2):2024,DERIVED_FROM_IDENTIFIER_PART,INFERRED_NOT_OFFICIAL
COMMITTEE-22700A7959BA0DDA,UNVALIDATED_PART_CLUSTER::IS 15181 (Part 1):2024,DERIVED_FROM_IDENTIFIER_PART,INFERRED_NOT_OFFICIAL
COMMITTEE-64ED7CEEF89C7B7B,UNVALIDATED_PART_CLUSTER::IS 15181 (Part 2):2024,DERIVED_FROM_IDENTIFIER_PART,INFERRED_NOT_OFFICIAL
COMMITTEE-A00F9DE94245A221,UNVALIDATED_PART_CLUSTER::IS/ISO 7425 (Part 1):2021,DERIVED_FROM_IDENTIFIER_PART,INFERRED_NOT_OFFICIAL
COMMITTEE-AC05C5FAE5A49905,UNVALIDATED_PART_CLUSTER::IS 5960 (Part 1):2023,DERIVED_FROM_IDENTIFIER_PART,INFERRED_NOT_OFFICIAL
COMMITTEE-B0297AE92D076A32,UNVALIDATED_PART_CLUSTER::IS 8295 (Part 1):2023,DERIVED_FROM_IDENTIFIER_PART,INFERRED_NOT_OFFICIAL
COMMITTEE-05D0A650DF5944F0,UNVALIDATED_PART_CLUSTER::IS 16005 (Part 2):2023,DERIVED_FROM_IDENTIFIER_PART,INFERRED_NOT_OFFICIAL
COMMITTEE-C07EAB0A91F8C09C,UNVALIDATED_PART_CLUSTER::IS 18469 (Part 7):2023,DERIVED_FROM_IDENTIFIER_PART,INFERRED_NOT_OFFICIAL
COMMITTEE-DAA7A45D456516D7,UNVALIDATED_PART_CLUSTER::IS 10242 (Part 3/Sec 5):2023,DERIVED_FROM_IDENTIFIER_PART,INFERRED_NOT_OFFICIAL
COMMITTEE-FFAFDA7C11E00724,UNVALIDATED_PART_CLUSTER::IS 10242 (Part 3/Sec 12):2023,DERIVED_FROM_IDENTIFIER_PART,INFERRED_NOT_OFFICIAL
COMMITTEE-4309256FC09A05AF,UNVALIDATED_PART_CLUSTER::IS 10242 (Part 4):2023,DERIVED_FROM_IDENTIFIER_PART,INFERRED_NOT_OFFICIAL
COMMITTEE-C8E2C13FC4E2C11A,UNVALIDATED_PART_CLUSTER::IS 10242 (Part 5/Sec 1):2023,DERIVED_FROM_IDENTIFIER_PART,INFERRED_NOT_OFFICIAL
COMMITTEE-05621C98D383F29A,UNVALIDATED_PART_CLUSTER::IS 10242 (Part 5/Sec 2):2023,DERIVED_FROM_IDENTIFIER_PART,INFERRED_NOT_OFFICIAL
COMMITTEE-DE29936C83CDD9AB,UNVALIDATED_PART_CLUSTER::IS 10242 (Part 5/Sec 4):2023,DERIVED_FROM_IDENTIFIER_PART,INFERRED_NOT_OFFICIAL
COMMITTEE-2DEC2FF7AC19D961,UNVALIDATED_PART_CLUSTER::IS 10242 (Part 360):2023,DERIVED_FROM_IDENTIFIER_PART,INFERRED_NOT_OFFICIAL
COMMITTEE-4CA7CB198BCAC4EC,UNVALIDATED_PART_CLUSTER::IS 18293 (Part 3):2023,DERIVED_FROM_IDENTIFIER_PART,INFERRED_NOT_OFFICIAL
COMMITTEE-8E4C059E399340D5,UNVALIDATED_PART_CLUSTER::IS 10242 (Part 1/Sec 1):2023,DERIVED_FROM_IDENTIFIER_PART,INFERRED_NOT_OFFICIAL
COMMITTEE-7D14EC29C58026D5,UNVALIDATED_PART_CLUSTER::IS 10242 (Part 3/Sec 10):2023,DERIVED_FROM_IDENTIFIER_PART,INFERRED_NOT_OFFICIAL
COMMITTEE-77762A6C747F8E6C,UNVALIDATED_PART_CLUSTER::IS 10242 (Part 3/Sec 13):2023,DERIVED_FROM_IDENTIFIER_PART,INFERRED_NOT_OFFICIAL
COMMITTEE-0A48DF8F3EC0D8D3,UNVALIDATED_PART_CLUSTER::IS 8295 (Part 2):2023,DERIVED_FROM_IDENTIFIER_PART,INFERRED_NOT_OFFICIAL
COMMITTEE-6B5413D88D3720FF,UNVALIDATED_PART_CLUSTER::IS/IEC 61400 (Part 24):2019,DERIVED_FROM_IDENTIFIER_PART,INFERRED_NOT_OFFICIAL
COMMITTEE-15C56A32BEBA5C32,UNVALIDATED_PART_CLUSTER::IS 14194 (Part 1):2023,DERIVED_FROM_IDENTIFIER_PART,INFERRED_NOT_OFFICIAL
COMMITTEE-4F1EC6A509521B64,UNVALIDATED_PART_CLUSTER::IS 15638 (Part 1):2023,DERIVED_FROM_IDENTIFIER_PART,INFERRED_NOT_OFFICIAL
COMMITTEE-9C9818B462F60227,UNVALIDATED_PART_CLUSTER::IS 15537 (Part 2):2023,DERIVED_FROM_IDENTIFIER_PART,INFERRED_NOT_OFFICIAL
COMMITTEE-1D9D13C1EC780558,UNVALIDATED_PART_CLUSTER::IS 10242 (Part 370):2023,DERIVED_FROM_IDENTIFIER_PART,INFERRED_NOT_OFFICIAL
COMMITTEE-CEAF2B548CD0CB0A,UNVALIDATED_PART_CLUSTER::IS 17784 (Part 2):2023,DERIVED_FROM_IDENTIFIER_PART,INFERRED_NOT_OFFICIAL
COMMITTEE-9EAB45D732D8993D,UNVALIDATED_PART_CLUSTER::IS 18432 (Part 3):2023,DERIVED_FROM_IDENTIFIER_PART,INFERRED_NOT_OFFICIAL
COMMITTEE-0C443B6BB9FCA4E8,UNVALIDATED_PART_CLUSTER::IS/ISO 9809 (Part 2):2019,DERIVED_FROM_IDENTIFIER_PART,INFERRED_NOT_OFFICIAL
COMMITTEE-3BC46688CC568E69,UNVALIDATED_PART_CLUSTER::IS 18538 (Part 1):2023,DERIVED_FROM_IDENTIFIER_PART,INFERRED_NOT_OFFICIAL
COMMITTEE-1FCFFF94E3A67EE1,UNVALIDATED_PART_CLUSTER::IS 17717 (Part 1):2023,DERIVED_FROM_IDENTIFIER_PART,INFERRED_NOT_OFFICIAL
COMMITTEE-AC8C2407AD88BF4E,UNVALIDATED_PART_CLUSTER::IS 17717 (Part 2):2023,DERIVED_FROM_IDENTIFIER_PART,INFERRED_NOT_OFFICIAL
COMMITTEE-AF8419E9929139BA,UNVALIDATED_PART_CLUSTER::IS 2026 (Part 16):2023,DERIVED_FROM_IDENTIFIER_PART,INFERRED_NOT_OFFICIAL
COMMITTEE-3A4F177CFBD4C4DB,UNVALIDATED_PART_CLUSTER::IS/IEC 61558 (Part 2/Sec 4):2021,DERIVED_FROM_IDENTIFIER_PART,INFERRED_NOT_OFFICIAL
COMMITTEE-FF5A133A97458F80,UNVALIDATED_PART_CLUSTER::IS 18446 (Part 1):2023,DERIVED_FROM_IDENTIFIER_PART,INFERRED_NOT_OFFICIAL
COMMITTEE-2BC1C58884C00A0E,UNVALIDATED_PART_CLUSTER::IS/ISO/IEC 14543 (Part 2/Sec 1):2006,DERIVED_FROM_IDENTIFIER_PART,INFERRED_NOT_OFFICIAL
COMMITTEE-F519C1F4635DC8D1,UNVALIDATED_PART_CLUSTER::IS 18538 (Part 5):2023,DERIVED_FROM_IDENTIFIER_PART,INFERRED_NOT_OFFICIAL
COMMITTEE-5410029A4D7712A0,UNVALIDATED_PART_CLUSTER::IS 18538 (Part 8):2023,DERIVED_FROM_IDENTIFIER_PART,INFERRED_NOT_OFFICIAL
COMMITTEE-1EBD8E42C80F0FBE,UNVALIDATED_PART_CLUSTER::IS 18428 (Part 1):2023,DERIVED_FROM_IDENTIFIER_PART,INFERRED_NOT_OFFICIAL
COMMITTEE-AA30448BF0386980,UNVALIDATED_PART_CLUSTER::IS 18428 (Part 2):2023,DERIVED_FROM_IDENTIFIER_PART,INFERRED_NOT_OFFICIAL
COMMITTEE-5EEEDC8C96BBF7FB,UNVALIDATED_PART_CLUSTER::IS/IEC 61400 (Part 12/Sec 4):2020,DERIVED_FROM_IDENTIFIER_PART,INFERRED_NOT_OFFICIAL
COMMITTEE-AFDF22454BC8B9CC,UNVALIDATED_PART_CLUSTER::IS/IEC 61400 (Part 27/Sec 1):2020,DERIVED_FROM_IDENTIFIER_PART,INFERRED_NOT_OFFICIAL
