recommendation_id,confidence_score,confidence_level,evidence_count,source_quality,retrieval_score,validation_status,abstention_flag
REC-F7C67955488902CC,1.0,SYNTHETIC_LABEL_ONLY,1,SOURCE_TITLE_GROUNDED,1.0,NOT_REAL_MODEL_CONFIDENCE,False
REC-3FEA04B8C9C52C79,1.0,SYNTHETIC_LABEL_ONLY,1,SOURCE_TITLE_GROUNDED,1.0,NOT_REAL_MODEL_CONFIDENCE,False
REC-6B21541E2D3B63E7,1.0,SYNTHETIC_LABEL_ONLY,1,SOURCE_TITLE_GROUNDED,1.0,NOT_REAL_MODEL_CONFIDENCE,False
REC-BF58B629415F824F,1.0,SYNTHETIC_LABEL_ONLY,1,SOURCE_TITLE_GROUNDED,1.0,NOT_REAL_MODEL_CONFIDENCE,False
REC-8B4BB7B513DEBD78,1.0,SYNTHETIC_LABEL_ONLY,1,SOURCE_TITLE_GROUNDED,1.0,NOT_REAL_MODEL_CONFIDENCE,False
REC-B3CA2D86CD9D6200,1.0,SYNTHETIC_LABEL_ONLY,1,SOURCE_TITLE_GROUNDED,1.0,NOT_REAL_MODEL_CONFIDENCE,False
REC-8B0FE1149140ECB9,1.0,SYNTHETIC_LABEL_ONLY,1,SOURCE_TITLE_GROUNDED,1.0,NOT_REAL_MODEL_CONFIDENCE,False
REC-DBF06B0127C16760,1.0,SYNTHETIC_LABEL_ONLY,1,SOURCE_TITLE_GROUNDED,1.0,NOT_REAL_MODEL_CONFIDENCE,False
REC-D2563A90E3CAEC1F,1.0,SYNTHETIC_LABEL_ONLY,1,SOURCE_TITLE_GROUNDED,1.0,NOT_REAL_MODEL_CONFIDENCE,False
REC-E9C0A8D5756F96A3,1.0,SYNTHETIC_LABEL_ONLY,1,SOURCE_TITLE_GROUNDED,1.0,NOT_REAL_MODEL_CONFIDENCE,False
REC-0CB28EFBD56807DA,1.0,SYNTHETIC_LABEL_ONLY,1,SOURCE_TITLE_GROUNDED,1.0,NOT_REAL_MODEL_CONFIDENCE,False
REC-7513A45CF1C94206,1.0,SYNTHETIC_LABEL_ONLY,1,SOURCE_TITLE_GROUNDED,1.0,NOT_REAL_MODEL_CONFIDENCE,False
REC-E5C8C82620FED7A2,1.0,SYNTHETIC_LABEL_ONLY,1,SOURCE_TITLE_GROUNDED,1.0,NOT_REAL_MODEL_CONFIDENCE,False
REC-2B1967170ECDE63E,1.0,SYNTHETIC_LABEL_ONLY,1,SOURCE_TITLE_GROUNDED,1.0,NOT_REAL_MODEL_CONFIDENCE,False
REC-0876714843D04D85,1.0,SYNTHETIC_LABEL_ONLY,1,SOURCE_TITLE_GROUNDED,1.0,NOT_REAL_MODEL_CONFIDENCE,False
REC-9F60BD0D86DB5447,1.0,SYNTHETIC_LABEL_ONLY,1,SOURCE_TITLE_GROUNDED,1.0,NOT_REAL_MODEL_CONFIDENCE,False
REC-B65207314C3CC7BC,1.0,SYNTHETIC_LABEL_ONLY,1,SOURCE_TITLE_GROUNDED,1.0,NOT_REAL_MODEL_CONFIDENCE,False
REC-64A2B475BB5489DF,1.0,SYNTHETIC_LABEL_ONLY,1,SOURCE_TITLE_GROUNDED,1.0,NOT_REAL_MODEL_CONFIDENCE,False
REC-5D12123872DB0ED9,1.0,SYNTHETIC_LABEL_ONLY,1,SOURCE_TITLE_GROUNDED,1.0,NOT_REAL_MODEL_CONFIDENCE,False
REC-654867C538E6C9DF,1.0,SYNTHETIC_LABEL_ONLY,1,SOURCE_TITLE_GROUNDED,1.0,NOT_REAL_MODEL_CONFIDENCE,False
REC-F47E850192A5F510,1.0,SYNTHETIC_LABEL_ONLY,1,SOURCE_TITLE_GROUNDED,1.0,NOT_REAL_MODEL_CONFIDENCE,False
REC-F742575E1627EBE4,1.0,SYNTHETIC_LABEL_ONLY,1,SOURCE_TITLE_GROUNDED,1.0,NOT_REAL_MODEL_CONFIDENCE,False
REC-E619BB42EF8A7F75,1.0,SYNTHETIC_LABEL_ONLY,1,SOURCE_TITLE_GROUNDED,1.0,NOT_REAL_MODEL_CONFIDENCE,False
REC-34F870EA7F163DE3,1.0,SYNTHETIC_LABEL_ONLY,1,SOURCE_TITLE_GROUNDED,1.0,NOT_REAL_MODEL_CONFIDENCE,False
REC-E6BE01AFB67889E2,1.0,SYNTHETIC_LABEL_ONLY,1,SOURCE_TITLE_GROUNDED,1.0,NOT_REAL_MODEL_CONFIDENCE,False
REC-F618EB9E32AE6B70,1.0,SYNTHETIC_LABEL_ONLY,1,SOURCE_TITLE_GROUNDED,1.0,NOT_REAL_MODEL_CONFIDENCE,False
REC-B225E5405F995C6D,1.0,SYNTHETIC_LABEL_ONLY,1,SOURCE_TITLE_GROUNDED,1.0,NOT_REAL_MODEL_CONFIDENCE,False
REC-3DED748C4C882B4E,1.0,SYNTHETIC_LABEL_ONLY,1,SOURCE_TITLE_GROUNDED,1.0,NOT_REAL_MODEL_CONFIDENCE,False
REC-E0BA01FE41851C28,1.0,SYNTHETIC_LABEL_ONLY,1,SOURCE_TITLE_GROUNDED,1.0,NOT_REAL_MODEL_CONFIDENCE,False
REC-972675CAD2C56272,1.0,SYNTHETIC_LABEL_ONLY,1,SOURCE_TITLE_GROUNDED,1.0,NOT_REAL_MODEL_CONFIDENCE,False
REC-C23788D3285FD02C,1.0,SYNTHETIC_LABEL_ONLY,1,SOURCE_TITLE_GROUNDED,1.0,NOT_REAL_MODEL_CONFIDENCE,False
REC-A003B846E7C58454,1.0,SYNTHETIC_LABEL_ONLY,1,SOURCE_TITLE_GROUNDED,1.0,NOT_REAL_MODEL_CONFIDENCE,False
REC-026AC794C5974345,1.0,SYNTHETIC_LABEL_ONLY,1,SOURCE_TITLE_GROUNDED,1.0,NOT_REAL_MODEL_CONFIDENCE,False
REC-2D35E76564BF5BAA,1.0,SYNTHETIC_LABEL_ONLY,1,SOURCE_TITLE_GROUNDED,1.0,NOT_REAL_MODEL_CONFIDENCE,False
REC-AB2D388F93FE7080,1.0,SYNTHETIC_LABEL_ONLY,1,SOURCE_TITLE_GROUNDED,1.0,NOT_REAL_MODEL_CONFIDENCE,False
REC-FAC468FDD12589D7,1.0,SYNTHETIC_LABEL_ONLY,1,SOURCE_TITLE_GROUNDED,1.0,NOT_REAL_MODEL_CONFIDENCE,False
REC-2FE0F6ACA8DBBE4F,1.0,SYNTHETIC_LABEL_ONLY,1,SOURCE_TITLE_GROUNDED,1.0,NOT_REAL_MODEL_CONFIDENCE,False
REC-7BA716ADF85D34F2,1.0,SYNTHETIC_LABEL_ONLY,1,SOURCE_TITLE_GROUNDED,1.0,NOT_REAL_MODEL_CONFIDENCE,False
REC-3B1676A5770068AA,1.0,SYNTHETIC_LABEL_ONLY,1,SOURCE_TITLE_GROUNDED,1.0,NOT_REAL_MODEL_CONFIDENCE,False
REC-4B1010A0626FB662,1.0,SYNTHETIC_LABEL_ONLY,1,SOURCE_TITLE_GROUNDED,1.0,NOT_REAL_MODEL_CONFIDENCE,False
REC-BBFDAC74FF347847,1.0,SYNTHETIC_LABEL_ONLY,1,SOURCE_TITLE_GROUNDED,1.0,NOT_REAL_MODEL_CONFIDENCE,False
REC-B833B715EF8997D3,1.0,SYNTHETIC_LABEL_ONLY,1,SOURCE_TITLE_GROUNDED,1.0,NOT_REAL_MODEL_CONFIDENCE,False
REC-1DBE88E90451F78C,1.0,SYNTHETIC_LABEL_ONLY,1,SOURCE_TITLE_GROUNDED,1.0,NOT_REAL_MODEL_CONFIDENCE,False
REC-356AECAE2A3E52E9,1.0,SYNTHETIC_LABEL_ONLY,1,SOURCE_TITLE_GROUNDED,1.0,NOT_REAL_MODEL_CONFIDENCE,False
REC-5B5E5FE9139E8A38,1.0,SYNTHETIC_LABEL_ONLY,1,SOURCE_TITLE_GROUNDED,1.0,NOT_REAL_MODEL_CONFIDENCE,False
REC-5B3C9DCA1CFEDC00,1.0,SYNTHETIC_LABEL_ONLY,1,SOURCE_TITLE_GROUNDED,1.0,NOT_REAL_MODEL_CONFIDENCE,False
REC-DBF0FB4D6CE1BC11,1.0,SYNTHETIC_LABEL_ONLY,1,SOURCE_TITLE_GROUNDED,1.0,NOT_REAL_MODEL_CONFIDENCE,False
REC-98B36D16E5E3A9C3,1.0,SYNTHETIC_LABEL_ONLY,1,SOURCE_TITLE_GROUNDED,1.0,NOT_REAL_MODEL_CONFIDENCE,False
REC-3B9FCE51DAE32792,1.0,SYNTHETIC_LABEL_ONLY,1,SOURCE_TITLE_GROUNDED,1.0,NOT_REAL_MODEL_CONFIDENCE,False
REC-A574B20B8FC30859,1.0,SYNTHETIC_LABEL_ONLY,1,SOURCE_TITLE_GROUNDED,1.0,NOT_REAL_MODEL_CONFIDENCE,False
REC-F152E256CA27DCAE,1.0,SYNTHETIC_LABEL_ONLY,1,SOURCE_TITLE_GROUNDED,1.0,NOT_REAL_MODEL_CONFIDENCE,False
REC-8A4810D0E23E92A6,1.0,SYNTHETIC_LABEL_ONLY,1,SOURCE_TITLE_GROUNDED,1.0,NOT_REAL_MODEL_CONFIDENCE,False
REC-B173ACCBCB71811D,1.0,SYNTHETIC_LABEL_ONLY,1,SOURCE_TITLE_GROUNDED,1.0,NOT_REAL_MODEL_CONFIDENCE,False
REC-4FC3A51C88CD91F0,1.0,SYNTHETIC_LABEL_ONLY,1,SOURCE_TITLE_GROUNDED,1.0,NOT_REAL_MODEL_CONFIDENCE,False
REC-EEA210E113124B97,1.0,SYNTHETIC_LABEL_ONLY,1,SOURCE_TITLE_GROUNDED,1.0,NOT_REAL_MODEL_CONFIDENCE,False
REC-9CF164611E26711F,1.0,SYNTHETIC_LABEL_ONLY,1,SOURCE_TITLE_GROUNDED,1.0,NOT_REAL_MODEL_CONFIDENCE,False
REC-850CC5A39BEC308B,1.0,SYNTHETIC_LABEL_ONLY,1,SOURCE_TITLE_GROUNDED,1.0,NOT_REAL_MODEL_CONFIDENCE,False
REC-9147B8C5F654EB2C,1.0,SYNTHETIC_LABEL_ONLY,1,SOURCE_TITLE_GROUNDED,1.0,NOT_REAL_MODEL_CONFIDENCE,False
REC-321734828A41622B,1.0,SYNTHETIC_LABEL_ONLY,1,SOURCE_TITLE_GROUNDED,1.0,NOT_REAL_MODEL_CONFIDENCE,False
REC-79EAF68BF3AE2605,1.0,SYNTHETIC_LABEL_ONLY,1,SOURCE_TITLE_GROUNDED,1.0,NOT_REAL_MODEL_CONFIDENCE,False
REC-DA20383AFE96212F,1.0,SYNTHETIC_LABEL_ONLY,1,SOURCE_TITLE_GROUNDED,1.0,NOT_REAL_MODEL_CONFIDENCE,False
REC-53D0047BAF3CDD99,1.0,SYNTHETIC_LABEL_ONLY,1,SOURCE_TITLE_GROUNDED,1.0,NOT_REAL_MODEL_CONFIDENCE,False
REC-B73031DE7A41BA47,1.0,SYNTHETIC_LABEL_ONLY,1,SOURCE_TITLE_GROUNDED,1.0,NOT_REAL_MODEL_CONFIDENCE,False
REC-42DB8B544FD39623,1.0,SYNTHETIC_LABEL_ONLY,1,SOURCE_TITLE_GROUNDED,1.0,NOT_REAL_MODEL_CONFIDENCE,False
REC-BBF123F05096F889,1.0,SYNTHETIC_LABEL_ONLY,1,SOURCE_TITLE_GROUNDED,1.0,NOT_REAL_MODEL_CONFIDENCE,False
REC-E88494F69AAD52EF,1.0,SYNTHETIC_LABEL_ONLY,1,SOURCE_TITLE_GROUNDED,1.0,NOT_REAL_MODEL_CONFIDENCE,False
REC-3B5A87290A265A44,1.0,SYNTHETIC_LABEL_ONLY,1,SOURCE_TITLE_GROUNDED,1.0,NOT_REAL_MODEL_CONFIDENCE,False
REC-D47D476CDA752C28,1.0,SYNTHETIC_LABEL_ONLY,1,SOURCE_TITLE_GROUNDED,1.0,NOT_REAL_MODEL_CONFIDENCE,False
REC-9B4F9A7660D68832,1.0,SYNTHETIC_LABEL_ONLY,1,SOURCE_TITLE_GROUNDED,1.0,NOT_REAL_MODEL_CONFIDENCE,False
REC-801C5F0E6C5221B3,1.0,SYNTHETIC_LABEL_ONLY,1,SOURCE_TITLE_GROUNDED,1.0,NOT_REAL_MODEL_CONFIDENCE,False
REC-D07FCBABFE0725B7,1.0,SYNTHETIC_LABEL_ONLY,1,SOURCE_TITLE_GROUNDED,1.0,NOT_REAL_MODEL_CONFIDENCE,False
REC-DBA6A3ECF177BB5E,1.0,SYNTHETIC_LABEL_ONLY,1,SOURCE_TITLE_GROUNDED,1.0,NOT_REAL_MODEL_CONFIDENCE,False
REC-D99B0689AFA56E65,1.0,SYNTHETIC_LABEL_ONLY,1,SOURCE_TITLE_GROUNDED,1.0,NOT_REAL_MODEL_CONFIDENCE,False
REC-7177E9ED050B23DE,1.0,SYNTHETIC_LABEL_ONLY,1,SOURCE_TITLE_GROUNDED,1.0,NOT_REAL_MODEL_CONFIDENCE,False
REC-FE87BF0FE5DA405A,1.0,SYNTHETIC_LABEL_ONLY,1,SOURCE_TITLE_GROUNDED,1.0,NOT_REAL_MODEL_CONFIDENCE,False
REC-25FE1BE1EB5DB04E,1.0,SYNTHETIC_LABEL_ONLY,1,SOURCE_TITLE_GROUNDED,1.0,NOT_REAL_MODEL_CONFIDENCE,False
REC-F8310B75121731CE,1.0,SYNTHETIC_LABEL_ONLY,1,SOURCE_TITLE_GROUNDED,1.0,NOT_REAL_MODEL_CONFIDENCE,False
REC-C5060DD26E1F0F02,1.0,SYNTHETIC_LABEL_ONLY,1,SOURCE_TITLE_GROUNDED,1.0,NOT_REAL_MODEL_CONFIDENCE,False
REC-BC7D9151D7320AEA,1.0,SYNTHETIC_LABEL_ONLY,1,SOURCE_TITLE_GROUNDED,1.0,NOT_REAL_MODEL_CONFIDENCE,False
REC-2054DD4823BE53AC,1.0,SYNTHETIC_LABEL_ONLY,1,SOURCE_TITLE_GROUNDED,1.0,NOT_REAL_MODEL_CONFIDENCE,False
REC-2BFB271A88EB54A7,1.0,SYNTHETIC_LABEL_ONLY,1,SOURCE_TITLE_GROUNDED,1.0,NOT_REAL_MODEL_CONFIDENCE,False
REC-6683D1FC9892BFEC,1.0,SYNTHETIC_LABEL_ONLY,1,SOURCE_TITLE_GROUNDED,1.0,NOT_REAL_MODEL_CONFIDENCE,False
REC-89D609F2E83068F6,1.0,SYNTHETIC_LABEL_ONLY,1,SOURCE_TITLE_GROUNDED,1.0,NOT_REAL_MODEL_CONFIDENCE,False
REC-B65608063BA4D289,1.0,SYNTHETIC_LABEL_ONLY,1,SOURCE_TITLE_GROUNDED,1.0,NOT_REAL_MODEL_CONFIDENCE,False
REC-398EF2DD861897F2,1.0,SYNTHETIC_LABEL_ONLY,1,SOURCE_TITLE_GROUNDED,1.0,NOT_REAL_MODEL_CONFIDENCE,False
REC-B6F473BB2043A172,1.0,SYNTHETIC_LABEL_ONLY,1,SOURCE_TITLE_GROUNDED,1.0,NOT_REAL_MODEL_CONFIDENCE,False
REC-0A08B0B8C54C7C98,1.0,SYNTHETIC_LABEL_ONLY,1,SOURCE_TITLE_GROUNDED,1.0,NOT_REAL_MODEL_CONFIDENCE,False
REC-C4DDC0901381BB97,1.0,SYNTHETIC_LABEL_ONLY,1,SOURCE_TITLE_GROUNDED,1.0,NOT_REAL_MODEL_CONFIDENCE,False
REC-3040A3A6899BC3FD,1.0,SYNTHETIC_LABEL_ONLY,1,SOURCE_TITLE_GROUNDED,1.0,NOT_REAL_MODEL_CONFIDENCE,False
REC-AA59623F25D39637,1.0,SYNTHETIC_LABEL_ONLY,1,SOURCE_TITLE_GROUNDED,1.0,NOT_REAL_MODEL_CONFIDENCE,False
REC-AA6C57B0EADA2004,1.0,SYNTHETIC_LABEL_ONLY,1,SOURCE_TITLE_GROUNDED,1.0,NOT_REAL_MODEL_CONFIDENCE,False
REC-7E23944488AE5542,1.0,SYNTHETIC_LABEL_ONLY,1,SOURCE_TITLE_GROUNDED,1.0,NOT_REAL_MODEL_CONFIDENCE,False
REC-DCF115B426C81BA6,1.0,SYNTHETIC_LABEL_ONLY,1,SOURCE_TITLE_GROUNDED,1.0,NOT_REAL_MODEL_CONFIDENCE,False
REC-2B9C49065B5787F8,1.0,SYNTHETIC_LABEL_ONLY,1,SOURCE_TITLE_GROUNDED,1.0,NOT_REAL_MODEL_CONFIDENCE,False
REC-9DE189E3A6B2A3B3,1.0,SYNTHETIC_LABEL_ONLY,1,SOURCE_TITLE_GROUNDED,1.0,NOT_REAL_MODEL_CONFIDENCE,False
REC-D139B9AE260DF5A1,1.0,SYNTHETIC_LABEL_ONLY,1,SOURCE_TITLE_GROUNDED,1.0,NOT_REAL_MODEL_CONFIDENCE,False
REC-BF20AFA4082E3AA4,1.0,SYNTHETIC_LABEL_ONLY,1,SOURCE_TITLE_GROUNDED,1.0,NOT_REAL_MODEL_CONFIDENCE,False
REC-94094FD34948A963,1.0,SYNTHETIC_LABEL_ONLY,1,SOURCE_TITLE_GROUNDED,1.0,NOT_REAL_MODEL_CONFIDENCE,False
REC-31C5CC3287F46868,1.0,SYNTHETIC_LABEL_ONLY,1,SOURCE_TITLE_GROUNDED,1.0,NOT_REAL_MODEL_CONFIDENCE,False
REC-425C0BAF2B3F3062,1.0,SYNTHETIC_LABEL_ONLY,1,SOURCE_TITLE_GROUNDED,1.0,NOT_REAL_MODEL_CONFIDENCE,False
REC-EC92D4AAB67462EE,1.0,SYNTHETIC_LABEL_ONLY,1,SOURCE_TITLE_GROUNDED,1.0,NOT_REAL_MODEL_CONFIDENCE,False
REC-1C89DAD018D08925,1.0,SYNTHETIC_LABEL_ONLY,1,SOURCE_TITLE_GROUNDED,1.0,NOT_REAL_MODEL_CONFIDENCE,False
REC-A0A2D2BC6323E9B0,1.0,SYNTHETIC_LABEL_ONLY,1,SOURCE_TITLE_GROUNDED,1.0,NOT_REAL_MODEL_CONFIDENCE,False
REC-C00C15A0B65C38D8,1.0,SYNTHETIC_LABEL_ONLY,1,SOURCE_TITLE_GROUNDED,1.0,NOT_REAL_MODEL_CONFIDENCE,False
REC-A4F224CF24D5A6DA,1.0,SYNTHETIC_LABEL_ONLY,1,SOURCE_TITLE_GROUNDED,1.0,NOT_REAL_MODEL_CONFIDENCE,False
REC-A83EEE4F15853A40,1.0,SYNTHETIC_LABEL_ONLY,1,SOURCE_TITLE_GROUNDED,1.0,NOT_REAL_MODEL_CONFIDENCE,False
REC-EAD6723F1940E9C0,1.0,SYNTHETIC_LABEL_ONLY,1,SOURCE_TITLE_GROUNDED,1.0,NOT_REAL_MODEL_CONFIDENCE,False
REC-3F067B845BB933D8,1.0,SYNTHETIC_LABEL_ONLY,1,SOURCE_TITLE_GROUNDED,1.0,NOT_REAL_MODEL_CONFIDENCE,False
REC-0AB3904CB69A73BB,1.0,SYNTHETIC_LABEL_ONLY,1,SOURCE_TITLE_GROUNDED,1.0,NOT_REAL_MODEL_CONFIDENCE,False
REC-CF4091778487B9D0,1.0,SYNTHETIC_LABEL_ONLY,1,SOURCE_TITLE_GROUNDED,1.0,NOT_REAL_MODEL_CONFIDENCE,False
REC-69D575121ECA58CE,1.0,SYNTHETIC_LABEL_ONLY,1,SOURCE_TITLE_GROUNDED,1.0,NOT_REAL_MODEL_CONFIDENCE,False
REC-4D0B98DB967FD16E,1.0,SYNTHETIC_LABEL_ONLY,1,SOURCE_TITLE_GROUNDED,1.0,NOT_REAL_MODEL_CONFIDENCE,False
REC-E09537C1CF08B453,1.0,SYNTHETIC_LABEL_ONLY,1,SOURCE_TITLE_GROUNDED,1.0,NOT_REAL_MODEL_CONFIDENCE,False
REC-38722EFFDEB46D4B,1.0,SYNTHETIC_LABEL_ONLY,1,SOURCE_TITLE_GROUNDED,1.0,NOT_REAL_MODEL_CONFIDENCE,False
REC-0F18DE84EA3B9FAB,1.0,SYNTHETIC_LABEL_ONLY,1,SOURCE_TITLE_GROUNDED,1.0,NOT_REAL_MODEL_CONFIDENCE,False
REC-1302158DDD4C5E39,1.0,SYNTHETIC_LABEL_ONLY,1,SOURCE_TITLE_GROUNDED,1.0,NOT_REAL_MODEL_CONFIDENCE,False
REC-D55DC7B263C2E640,1.0,SYNTHETIC_LABEL_ONLY,1,SOURCE_TITLE_GROUNDED,1.0,NOT_REAL_MODEL_CONFIDENCE,False
REC-CDDFF68E186E065B,1.0,SYNTHETIC_LABEL_ONLY,1,SOURCE_TITLE_GROUNDED,1.0,NOT_REAL_MODEL_CONFIDENCE,False
REC-7773A507FA65107A,1.0,SYNTHETIC_LABEL_ONLY,1,SOURCE_TITLE_GROUNDED,1.0,NOT_REAL_MODEL_CONFIDENCE,False
REC-27D670698C374C84,1.0,SYNTHETIC_LABEL_ONLY,1,SOURCE_TITLE_GROUNDED,1.0,NOT_REAL_MODEL_CONFIDENCE,False
REC-FFA91897F447DB8F,1.0,SYNTHETIC_LABEL_ONLY,1,SOURCE_TITLE_GROUNDED,1.0,NOT_REAL_MODEL_CONFIDENCE,False
REC-941E84313629ECBD,1.0,SYNTHETIC_LABEL_ONLY,1,SOURCE_TITLE_GROUNDED,1.0,NOT_REAL_MODEL_CONFIDENCE,False
REC-9F3555BDB2237E56,1.0,SYNTHETIC_LABEL_ONLY,1,SOURCE_TITLE_GROUNDED,1.0,NOT_REAL_MODEL_CONFIDENCE,False
REC-B29D078088AFE671,1.0,SYNTHETIC_LABEL_ONLY,1,SOURCE_TITLE_GROUNDED,1.0,NOT_REAL_MODEL_CONFIDENCE,False
REC-DA5CC3DF545FC28A,1.0,SYNTHETIC_LABEL_ONLY,1,SOURCE_TITLE_GROUNDED,1.0,NOT_REAL_MODEL_CONFIDENCE,False
REC-AACDCE11965041BE,1.0,SYNTHETIC_LABEL_ONLY,1,SOURCE_TITLE_GROUNDED,1.0,NOT_REAL_MODEL_CONFIDENCE,False
REC-87301AD9E73CE0D6,1.0,SYNTHETIC_LABEL_ONLY,1,SOURCE_TITLE_GROUNDED,1.0,NOT_REAL_MODEL_CONFIDENCE,False
REC-CF9464C654E08289,1.0,SYNTHETIC_LABEL_ONLY,1,SOURCE_TITLE_GROUNDED,1.0,NOT_REAL_MODEL_CONFIDENCE,False
REC-24B25C8946B08B58,1.0,SYNTHETIC_LABEL_ONLY,1,SOURCE_TITLE_GROUNDED,1.0,NOT_REAL_MODEL_CONFIDENCE,False
REC-C6F14CB00557B646,1.0,SYNTHETIC_LABEL_ONLY,1,SOURCE_TITLE_GROUNDED,1.0,NOT_REAL_MODEL_CONFIDENCE,False
REC-092967D46F4F843F,1.0,SYNTHETIC_LABEL_ONLY,1,SOURCE_TITLE_GROUNDED,1.0,NOT_REAL_MODEL_CONFIDENCE,False
REC-CCF13264B765DA62,1.0,SYNTHETIC_LABEL_ONLY,1,SOURCE_TITLE_GROUNDED,1.0,NOT_REAL_MODEL_CONFIDENCE,False
REC-CC0BA5BB1796A910,1.0,SYNTHETIC_LABEL_ONLY,1,SOURCE_TITLE_GROUNDED,1.0,NOT_REAL_MODEL_CONFIDENCE,False
REC-DA444A093A2DF3CC,1.0,SYNTHETIC_LABEL_ONLY,1,SOURCE_TITLE_GROUNDED,1.0,NOT_REAL_MODEL_CONFIDENCE,False
REC-21CF991C2F4D018C,1.0,SYNTHETIC_LABEL_ONLY,1,SOURCE_TITLE_GROUNDED,1.0,NOT_REAL_MODEL_CONFIDENCE,False
REC-2403B6DA9E0B6B26,1.0,SYNTHETIC_LABEL_ONLY,1,SOURCE_TITLE_GROUNDED,1.0,NOT_REAL_MODEL_CONFIDENCE,False
REC-4C0D18490E92A130,1.0,SYNTHETIC_LABEL_ONLY,1,SOURCE_TITLE_GROUNDED,1.0,NOT_REAL_MODEL_CONFIDENCE,False
REC-A2375CAA68EE50FC,1.0,SYNTHETIC_LABEL_ONLY,1,SOURCE_TITLE_GROUNDED,1.0,NOT_REAL_MODEL_CONFIDENCE,False
REC-D794239F262F071B,1.0,SYNTHETIC_LABEL_ONLY,1,SOURCE_TITLE_GROUNDED,1.0,NOT_REAL_MODEL_CONFIDENCE,False
REC-D33556BACD80B746,1.0,SYNTHETIC_LABEL_ONLY,1,SOURCE_TITLE_GROUNDED,1.0,NOT_REAL_MODEL_CONFIDENCE,False
REC-91C5F845092B6215,1.0,SYNTHETIC_LABEL_ONLY,1,SOURCE_TITLE_GROUNDED,1.0,NOT_REAL_MODEL_CONFIDENCE,False
REC-ED871A646C9263C1,1.0,SYNTHETIC_LABEL_ONLY,1,SOURCE_TITLE_GROUNDED,1.0,NOT_REAL_MODEL_CONFIDENCE,False
REC-A55164BFE8B091F0,1.0,SYNTHETIC_LABEL_ONLY,1,SOURCE_TITLE_GROUNDED,1.0,NOT_REAL_MODEL_CONFIDENCE,False
REC-D8BF555A0138B18C,1.0,SYNTHETIC_LABEL_ONLY,1,SOURCE_TITLE_GROUNDED,1.0,NOT_REAL_MODEL_CONFIDENCE,False
REC-2E4268741CB1276B,1.0,SYNTHETIC_LABEL_ONLY,1,SOURCE_TITLE_GROUNDED,1.0,NOT_REAL_MODEL_CONFIDENCE,False
REC-41BB002CEDE51141,1.0,SYNTHETIC_LABEL_ONLY,1,SOURCE_TITLE_GROUNDED,1.0,NOT_REAL_MODEL_CONFIDENCE,False
REC-A421A8F1DE0C838D,1.0,SYNTHETIC_LABEL_ONLY,1,SOURCE_TITLE_GROUNDED,1.0,NOT_REAL_MODEL_CONFIDENCE,False
REC-1CAFF9FA3FC5CAFF,1.0,SYNTHETIC_LABEL_ONLY,1,SOURCE_TITLE_GROUNDED,1.0,NOT_REAL_MODEL_CONFIDENCE,False
REC-4D4E993659CD27C4,1.0,SYNTHETIC_LABEL_ONLY,1,SOURCE_TITLE_GROUNDED,1.0,NOT_REAL_MODEL_CONFIDENCE,False
REC-1E6AC7E4BCD59349,1.0,SYNTHETIC_LABEL_ONLY,1,SOURCE_TITLE_GROUNDED,1.0,NOT_REAL_MODEL_CONFIDENCE,False
REC-2F52BA05BE206E21,1.0,SYNTHETIC_LABEL_ONLY,1,SOURCE_TITLE_GROUNDED,1.0,NOT_REAL_MODEL_CONFIDENCE,False
REC-095F5C8317E8B4C1,1.0,SYNTHETIC_LABEL_ONLY,1,SOURCE_TITLE_GROUNDED,1.0,NOT_REAL_MODEL_CONFIDENCE,False
REC-1CD6462433F20A38,1.0,SYNTHETIC_LABEL_ONLY,1,SOURCE_TITLE_GROUNDED,1.0,NOT_REAL_MODEL_CONFIDENCE,False
REC-E8919E65AE51F8F2,1.0,SYNTHETIC_LABEL_ONLY,1,SOURCE_TITLE_GROUNDED,1.0,NOT_REAL_MODEL_CONFIDENCE,False
REC-A02E008AFE3160BD,1.0,SYNTHETIC_LABEL_ONLY,1,SOURCE_TITLE_GROUNDED,1.0,NOT_REAL_MODEL_CONFIDENCE,False
REC-F3167F57DEA4BE50,1.0,SYNTHETIC_LABEL_ONLY,1,SOURCE_TITLE_GROUNDED,1.0,NOT_REAL_MODEL_CONFIDENCE,False
REC-5BC0C9F3CF1DBB69,1.0,SYNTHETIC_LABEL_ONLY,1,SOURCE_TITLE_GROUNDED,1.0,NOT_REAL_MODEL_CONFIDENCE,False
REC-59630D4A3E9A9C9B,1.0,SYNTHETIC_LABEL_ONLY,1,SOURCE_TITLE_GROUNDED,1.0,NOT_REAL_MODEL_CONFIDENCE,False
REC-4EAEEDB3E835470C,1.0,SYNTHETIC_LABEL_ONLY,1,SOURCE_TITLE_GROUNDED,1.0,NOT_REAL_MODEL_CONFIDENCE,False
REC-A24D658445F8F52F,1.0,SYNTHETIC_LABEL_ONLY,1,SOURCE_TITLE_GROUNDED,1.0,NOT_REAL_MODEL_CONFIDENCE,False
REC-F97AE160663B0E62,1.0,SYNTHETIC_LABEL_ONLY,1,SOURCE_TITLE_GROUNDED,1.0,NOT_REAL_MODEL_CONFIDENCE,False
REC-377040A2CD8A8F11,1.0,SYNTHETIC_LABEL_ONLY,1,SOURCE_TITLE_GROUNDED,1.0,NOT_REAL_MODEL_CONFIDENCE,False
REC-E7C563A666374D12,1.0,SYNTHETIC_LABEL_ONLY,1,SOURCE_TITLE_GROUNDED,1.0,NOT_REAL_MODEL_CONFIDENCE,False
REC-A0C3D0517191F9F2,1.0,SYNTHETIC_LABEL_ONLY,1,SOURCE_TITLE_GROUNDED,1.0,NOT_REAL_MODEL_CONFIDENCE,False
REC-55C7E504CCCD396F,1.0,SYNTHETIC_LABEL_ONLY,1,SOURCE_TITLE_GROUNDED,1.0,NOT_REAL_MODEL_CONFIDENCE,False
REC-959D322A1F1BF090,1.0,SYNTHETIC_LABEL_ONLY,1,SOURCE_TITLE_GROUNDED,1.0,NOT_REAL_MODEL_CONFIDENCE,False
REC-BE47F8AE0580E955,1.0,SYNTHETIC_LABEL_ONLY,1,SOURCE_TITLE_GROUNDED,1.0,NOT_REAL_MODEL_CONFIDENCE,False
REC-D6F5E24517BA3D1D,1.0,SYNTHETIC_LABEL_ONLY,1,SOURCE_TITLE_GROUNDED,1.0,NOT_REAL_MODEL_CONFIDENCE,False
REC-AFE7A8B8521A250A,1.0,SYNTHETIC_LABEL_ONLY,1,SOURCE_TITLE_GROUNDED,1.0,NOT_REAL_MODEL_CONFIDENCE,False
REC-4DAB00955E15D33D,1.0,SYNTHETIC_LABEL_ONLY,1,SOURCE_TITLE_GROUNDED,1.0,NOT_REAL_MODEL_CONFIDENCE,False
REC-3736D2ED15FF9062,1.0,SYNTHETIC_LABEL_ONLY,1,SOURCE_TITLE_GROUNDED,1.0,NOT_REAL_MODEL_CONFIDENCE,False
REC-7BCBC4231C4DD031,1.0,SYNTHETIC_LABEL_ONLY,1,SOURCE_TITLE_GROUNDED,1.0,NOT_REAL_MODEL_CONFIDENCE,False
REC-1ADDA9946CD73CAF,1.0,SYNTHETIC_LABEL_ONLY,1,SOURCE_TITLE_GROUNDED,1.0,NOT_REAL_MODEL_CONFIDENCE,False
REC-402FCE75DCF61402,1.0,SYNTHETIC_LABEL_ONLY,1,SOURCE_TITLE_GROUNDED,1.0,NOT_REAL_MODEL_CONFIDENCE,False
REC-B9E7FBE9C11AE5A6,1.0,SYNTHETIC_LABEL_ONLY,1,SOURCE_TITLE_GROUNDED,1.0,NOT_REAL_MODEL_CONFIDENCE,False
REC-30139EF2263F53B9,1.0,SYNTHETIC_LABEL_ONLY,1,SOURCE_TITLE_GROUNDED,1.0,NOT_REAL_MODEL_CONFIDENCE,False
REC-1D0BDABAFD975F4B,1.0,SYNTHETIC_LABEL_ONLY,1,SOURCE_TITLE_GROUNDED,1.0,NOT_REAL_MODEL_CONFIDENCE,False
REC-3ABBAC71E854E7C1,1.0,SYNTHETIC_LABEL_ONLY,1,SOURCE_TITLE_GROUNDED,1.0,NOT_REAL_MODEL_CONFIDENCE,False
REC-ED2B2D09F3983756,1.0,SYNTHETIC_LABEL_ONLY,1,SOURCE_TITLE_GROUNDED,1.0,NOT_REAL_MODEL_CONFIDENCE,False
REC-7EB912A93BB12C26,1.0,SYNTHETIC_LABEL_ONLY,1,SOURCE_TITLE_GROUNDED,1.0,NOT_REAL_MODEL_CONFIDENCE,False
REC-A2761519A49707DC,1.0,SYNTHETIC_LABEL_ONLY,1,SOURCE_TITLE_GROUNDED,1.0,NOT_REAL_MODEL_CONFIDENCE,False
REC-39C93F19D72BC52D,1.0,SYNTHETIC_LABEL_ONLY,1,SOURCE_TITLE_GROUNDED,1.0,NOT_REAL_MODEL_CONFIDENCE,False
REC-B7034C268C1720E8,1.0,SYNTHETIC_LABEL_ONLY,1,SOURCE_TITLE_GROUNDED,1.0,NOT_REAL_MODEL_CONFIDENCE,False
REC-B96EB4A2B0063AA0,1.0,SYNTHETIC_LABEL_ONLY,1,SOURCE_TITLE_GROUNDED,1.0,NOT_REAL_MODEL_CONFIDENCE,False
REC-C2F1084DFF7F1731,1.0,SYNTHETIC_LABEL_ONLY,1,SOURCE_TITLE_GROUNDED,1.0,NOT_REAL_MODEL_CONFIDENCE,False
REC-08475C798C47BBFC,1.0,SYNTHETIC_LABEL_ONLY,1,SOURCE_TITLE_GROUNDED,1.0,NOT_REAL_MODEL_CONFIDENCE,False
REC-0EBE553D99556099,1.0,SYNTHETIC_LABEL_ONLY,1,SOURCE_TITLE_GROUNDED,1.0,NOT_REAL_MODEL_CONFIDENCE,False
REC-365B4BEA400230A5,1.0,SYNTHETIC_LABEL_ONLY,1,SOURCE_TITLE_GROUNDED,1.0,NOT_REAL_MODEL_CONFIDENCE,False
REC-3CBB6984C0993AAB,1.0,SYNTHETIC_LABEL_ONLY,1,SOURCE_TITLE_GROUNDED,1.0,NOT_REAL_MODEL_CONFIDENCE,False
REC-3D5036309F791A41,1.0,SYNTHETIC_LABEL_ONLY,1,SOURCE_TITLE_GROUNDED,1.0,NOT_REAL_MODEL_CONFIDENCE,False
REC-7734FBD8B511B46D,1.0,SYNTHETIC_LABEL_ONLY,1,SOURCE_TITLE_GROUNDED,1.0,NOT_REAL_MODEL_CONFIDENCE,False
REC-B71C8ED34213E2FF,1.0,SYNTHETIC_LABEL_ONLY,1,SOURCE_TITLE_GROUNDED,1.0,NOT_REAL_MODEL_CONFIDENCE,False
REC-2924DEFDE9694B3E,1.0,SYNTHETIC_LABEL_ONLY,1,SOURCE_TITLE_GROUNDED,1.0,NOT_REAL_MODEL_CONFIDENCE,False
REC-842EFD97B9986BDA,1.0,SYNTHETIC_LABEL_ONLY,1,SOURCE_TITLE_GROUNDED,1.0,NOT_REAL_MODEL_CONFIDENCE,False
REC-4E10739A83F3D097,1.0,SYNTHETIC_LABEL_ONLY,1,SOURCE_TITLE_GROUNDED,1.0,NOT_REAL_MODEL_CONFIDENCE,False
REC-3036629352FFFF54,1.0,SYNTHETIC_LABEL_ONLY,1,SOURCE_TITLE_GROUNDED,1.0,NOT_REAL_MODEL_CONFIDENCE,False
REC-0417C2E831A3162E,1.0,SYNTHETIC_LABEL_ONLY,1,SOURCE_TITLE_GROUNDED,1.0,NOT_REAL_MODEL_CONFIDENCE,False
REC-B21DF607F6F0D8A7,1.0,SYNTHETIC_LABEL_ONLY,1,SOURCE_TITLE_GROUNDED,1.0,NOT_REAL_MODEL_CONFIDENCE,False
REC-443BB18A6F1CF446,1.0,SYNTHETIC_LABEL_ONLY,1,SOURCE_TITLE_GROUNDED,1.0,NOT_REAL_MODEL_CONFIDENCE,False
REC-592ED01ABFA5E232,1.0,SYNTHETIC_LABEL_ONLY,1,SOURCE_TITLE_GROUNDED,1.0,NOT_REAL_MODEL_CONFIDENCE,False
REC-ED668C985489449F,1.0,SYNTHETIC_LABEL_ONLY,1,SOURCE_TITLE_GROUNDED,1.0,NOT_REAL_MODEL_CONFIDENCE,False
REC-05643EA525855737,1.0,SYNTHETIC_LABEL_ONLY,1,SOURCE_TITLE_GROUNDED,1.0,NOT_REAL_MODEL_CONFIDENCE,False
REC-722FC539DB3D5D23,1.0,SYNTHETIC_LABEL_ONLY,1,SOURCE_TITLE_GROUNDED,1.0,NOT_REAL_MODEL_CONFIDENCE,False
REC-736EF7384F11A5A5,1.0,SYNTHETIC_LABEL_ONLY,1,SOURCE_TITLE_GROUNDED,1.0,NOT_REAL_MODEL_CONFIDENCE,False
REC-3CBC366B8BB473DD,1.0,SYNTHETIC_LABEL_ONLY,1,SOURCE_TITLE_GROUNDED,1.0,NOT_REAL_MODEL_CONFIDENCE,False
REC-4BD9A9E4F057C663,1.0,SYNTHETIC_LABEL_ONLY,1,SOURCE_TITLE_GROUNDED,1.0,NOT_REAL_MODEL_CONFIDENCE,False
REC-7AB2D9DE49726C65,1.0,SYNTHETIC_LABEL_ONLY,1,SOURCE_TITLE_GROUNDED,1.0,NOT_REAL_MODEL_CONFIDENCE,False
REC-235F07F56C23BDC5,1.0,SYNTHETIC_LABEL_ONLY,1,SOURCE_TITLE_GROUNDED,1.0,NOT_REAL_MODEL_CONFIDENCE,False
REC-93F4E1B52FEA4A61,1.0,SYNTHETIC_LABEL_ONLY,1,SOURCE_TITLE_GROUNDED,1.0,NOT_REAL_MODEL_CONFIDENCE,False
REC-D1E44A474364A7FB,1.0,SYNTHETIC_LABEL_ONLY,1,SOURCE_TITLE_GROUNDED,1.0,NOT_REAL_MODEL_CONFIDENCE,False
REC-645C54075C3A088A,1.0,SYNTHETIC_LABEL_ONLY,1,SOURCE_TITLE_GROUNDED,1.0,NOT_REAL_MODEL_CONFIDENCE,False
REC-141CC0013D5A151A,1.0,SYNTHETIC_LABEL_ONLY,1,SOURCE_TITLE_GROUNDED,1.0,NOT_REAL_MODEL_CONFIDENCE,False
REC-4BDC3B31D5508497,1.0,SYNTHETIC_LABEL_ONLY,1,SOURCE_TITLE_GROUNDED,1.0,NOT_REAL_MODEL_CONFIDENCE,False
REC-1C51F8842369D22D,1.0,SYNTHETIC_LABEL_ONLY,1,SOURCE_TITLE_GROUNDED,1.0,NOT_REAL_MODEL_CONFIDENCE,False
REC-890507568F961BE6,1.0,SYNTHETIC_LABEL_ONLY,1,SOURCE_TITLE_GROUNDED,1.0,NOT_REAL_MODEL_CONFIDENCE,False
REC-BACD175E2A811E61,1.0,SYNTHETIC_LABEL_ONLY,1,SOURCE_TITLE_GROUNDED,1.0,NOT_REAL_MODEL_CONFIDENCE,False
REC-BF2368BFC2544088,1.0,SYNTHETIC_LABEL_ONLY,1,SOURCE_TITLE_GROUNDED,1.0,NOT_REAL_MODEL_CONFIDENCE,False
REC-AA3F71BDD63ED8A0,1.0,SYNTHETIC_LABEL_ONLY,1,SOURCE_TITLE_GROUNDED,1.0,NOT_REAL_MODEL_CONFIDENCE,False
REC-47C046703908D88B,1.0,SYNTHETIC_LABEL_ONLY,1,SOURCE_TITLE_GROUNDED,1.0,NOT_REAL_MODEL_CONFIDENCE,False
REC-79AD83C017BF212C,1.0,SYNTHETIC_LABEL_ONLY,1,SOURCE_TITLE_GROUNDED,1.0,NOT_REAL_MODEL_CONFIDENCE,False
REC-11F8D81B42EF697B,1.0,SYNTHETIC_LABEL_ONLY,1,SOURCE_TITLE_GROUNDED,1.0,NOT_REAL_MODEL_CONFIDENCE,False
REC-52E38513E95A16AF,1.0,SYNTHETIC_LABEL_ONLY,1,SOURCE_TITLE_GROUNDED,1.0,NOT_REAL_MODEL_CONFIDENCE,False
REC-E964254BB6CFBC1C,1.0,SYNTHETIC_LABEL_ONLY,1,SOURCE_TITLE_GROUNDED,1.0,NOT_REAL_MODEL_CONFIDENCE,False
REC-0CC44F98BFC04563,1.0,SYNTHETIC_LABEL_ONLY,1,SOURCE_TITLE_GROUNDED,1.0,NOT_REAL_MODEL_CONFIDENCE,False
REC-2F274BA0F01E6194,1.0,SYNTHETIC_LABEL_ONLY,1,SOURCE_TITLE_GROUNDED,1.0,NOT_REAL_MODEL_CONFIDENCE,False
REC-D6A8BF96B55E87C6,1.0,SYNTHETIC_LABEL_ONLY,1,SOURCE_TITLE_GROUNDED,1.0,NOT_REAL_MODEL_CONFIDENCE,False
REC-4C8D14E279B727B9,1.0,SYNTHETIC_LABEL_ONLY,1,SOURCE_TITLE_GROUNDED,1.0,NOT_REAL_MODEL_CONFIDENCE,False
REC-C063CF998E4E0428,1.0,SYNTHETIC_LABEL_ONLY,1,SOURCE_TITLE_GROUNDED,1.0,NOT_REAL_MODEL_CONFIDENCE,False
REC-01DCAA52568A429A,1.0,SYNTHETIC_LABEL_ONLY,1,SOURCE_TITLE_GROUNDED,1.0,NOT_REAL_MODEL_CONFIDENCE,False
REC-975DCBC08AC3FC03,1.0,SYNTHETIC_LABEL_ONLY,1,SOURCE_TITLE_GROUNDED,1.0,NOT_REAL_MODEL_CONFIDENCE,False
REC-B8AB0D1E774200EF,1.0,SYNTHETIC_LABEL_ONLY,1,SOURCE_TITLE_GROUNDED,1.0,NOT_REAL_MODEL_CONFIDENCE,False
REC-C1F2AA9C5CE8785E,1.0,SYNTHETIC_LABEL_ONLY,1,SOURCE_TITLE_GROUNDED,1.0,NOT_REAL_MODEL_CONFIDENCE,False
REC-5953FDD0B7869030,1.0,SYNTHETIC_LABEL_ONLY,1,SOURCE_TITLE_GROUNDED,1.0,NOT_REAL_MODEL_CONFIDENCE,False
REC-235CEC5222279318,1.0,SYNTHETIC_LABEL_ONLY,1,SOURCE_TITLE_GROUNDED,1.0,NOT_REAL_MODEL_CONFIDENCE,False
REC-07C0416C27235796,1.0,SYNTHETIC_LABEL_ONLY,1,SOURCE_TITLE_GROUNDED,1.0,NOT_REAL_MODEL_CONFIDENCE,False
REC-2211487460328C2A,1.0,SYNTHETIC_LABEL_ONLY,1,SOURCE_TITLE_GROUNDED,1.0,NOT_REAL_MODEL_CONFIDENCE,False
REC-CB9BFCDC8D5A11A8,1.0,SYNTHETIC_LABEL_ONLY,1,SOURCE_TITLE_GROUNDED,1.0,NOT_REAL_MODEL_CONFIDENCE,False
REC-0F0E6BFA3BD0ADC6,1.0,SYNTHETIC_LABEL_ONLY,1,SOURCE_TITLE_GROUNDED,1.0,NOT_REAL_MODEL_CONFIDENCE,False
REC-E1BC0CEC541C766A,1.0,SYNTHETIC_LABEL_ONLY,1,SOURCE_TITLE_GROUNDED,1.0,NOT_REAL_MODEL_CONFIDENCE,False
REC-92A2ED0868BE0E8B,1.0,SYNTHETIC_LABEL_ONLY,1,SOURCE_TITLE_GROUNDED,1.0,NOT_REAL_MODEL_CONFIDENCE,False
REC-48C3B83B14B1EE39,1.0,SYNTHETIC_LABEL_ONLY,1,SOURCE_TITLE_GROUNDED,1.0,NOT_REAL_MODEL_CONFIDENCE,False
REC-5CFB5B4CF54987AD,1.0,SYNTHETIC_LABEL_ONLY,1,SOURCE_TITLE_GROUNDED,1.0,NOT_REAL_MODEL_CONFIDENCE,False
REC-9A19AC7F9853DB86,1.0,SYNTHETIC_LABEL_ONLY,1,SOURCE_TITLE_GROUNDED,1.0,NOT_REAL_MODEL_CONFIDENCE,False
REC-3DB9D14B4F997A17,1.0,SYNTHETIC_LABEL_ONLY,1,SOURCE_TITLE_GROUNDED,1.0,NOT_REAL_MODEL_CONFIDENCE,False
REC-5119161D1E1345A1,1.0,SYNTHETIC_LABEL_ONLY,1,SOURCE_TITLE_GROUNDED,1.0,NOT_REAL_MODEL_CONFIDENCE,False
REC-1BC73B13ADCAD603,1.0,SYNTHETIC_LABEL_ONLY,1,SOURCE_TITLE_GROUNDED,1.0,NOT_REAL_MODEL_CONFIDENCE,False
REC-4D223A31C927FB48,1.0,SYNTHETIC_LABEL_ONLY,1,SOURCE_TITLE_GROUNDED,1.0,NOT_REAL_MODEL_CONFIDENCE,False
REC-C624B615408E1D77,1.0,SYNTHETIC_LABEL_ONLY,1,SOURCE_TITLE_GROUNDED,1.0,NOT_REAL_MODEL_CONFIDENCE,False
REC-2E031CC800000996,1.0,SYNTHETIC_LABEL_ONLY,1,SOURCE_TITLE_GROUNDED,1.0,NOT_REAL_MODEL_CONFIDENCE,False
REC-939A05026B79D157,1.0,SYNTHETIC_LABEL_ONLY,1,SOURCE_TITLE_GROUNDED,1.0,NOT_REAL_MODEL_CONFIDENCE,False
REC-DA46F0ED0E2487AE,1.0,SYNTHETIC_LABEL_ONLY,1,SOURCE_TITLE_GROUNDED,1.0,NOT_REAL_MODEL_CONFIDENCE,False
REC-1E566AF2BEB40C2F,1.0,SYNTHETIC_LABEL_ONLY,1,SOURCE_TITLE_GROUNDED,1.0,NOT_REAL_MODEL_CONFIDENCE,False
REC-9AE39D439FA5E3AF,1.0,SYNTHETIC_LABEL_ONLY,1,SOURCE_TITLE_GROUNDED,1.0,NOT_REAL_MODEL_CONFIDENCE,False
REC-662AFB4851D0F82B,1.0,SYNTHETIC_LABEL_ONLY,1,SOURCE_TITLE_GROUNDED,1.0,NOT_REAL_MODEL_CONFIDENCE,False
REC-F2C2856425CBD0B8,1.0,SYNTHETIC_LABEL_ONLY,1,SOURCE_TITLE_GROUNDED,1.0,NOT_REAL_MODEL_CONFIDENCE,False
REC-D57DFABE8E835AC2,1.0,SYNTHETIC_LABEL_ONLY,1,SOURCE_TITLE_GROUNDED,1.0,NOT_REAL_MODEL_CONFIDENCE,False
REC-8898A35596B3D460,1.0,SYNTHETIC_LABEL_ONLY,1,SOURCE_TITLE_GROUNDED,1.0,NOT_REAL_MODEL_CONFIDENCE,False
REC-69E26FF4FD83FB56,1.0,SYNTHETIC_LABEL_ONLY,1,SOURCE_TITLE_GROUNDED,1.0,NOT_REAL_MODEL_CONFIDENCE,False
REC-52F96C7E05CC8DC7,1.0,SYNTHETIC_LABEL_ONLY,1,SOURCE_TITLE_GROUNDED,1.0,NOT_REAL_MODEL_CONFIDENCE,False
REC-C95FA270A5E22AFA,1.0,SYNTHETIC_LABEL_ONLY,1,SOURCE_TITLE_GROUNDED,1.0,NOT_REAL_MODEL_CONFIDENCE,False
REC-4F6A796E3BEED33E,1.0,SYNTHETIC_LABEL_ONLY,1,SOURCE_TITLE_GROUNDED,1.0,NOT_REAL_MODEL_CONFIDENCE,False
REC-55C868FB061B7162,1.0,SYNTHETIC_LABEL_ONLY,1,SOURCE_TITLE_GROUNDED,1.0,NOT_REAL_MODEL_CONFIDENCE,False
REC-FDAA88EF8AA64C21,1.0,SYNTHETIC_LABEL_ONLY,1,SOURCE_TITLE_GROUNDED,1.0,NOT_REAL_MODEL_CONFIDENCE,False
REC-27F987E86209B597,1.0,SYNTHETIC_LABEL_ONLY,1,SOURCE_TITLE_GROUNDED,1.0,NOT_REAL_MODEL_CONFIDENCE,False
REC-7037253C700D342E,1.0,SYNTHETIC_LABEL_ONLY,1,SOURCE_TITLE_GROUNDED,1.0,NOT_REAL_MODEL_CONFIDENCE,False
REC-8927BE6573244C04,1.0,SYNTHETIC_LABEL_ONLY,1,SOURCE_TITLE_GROUNDED,1.0,NOT_REAL_MODEL_CONFIDENCE,False
REC-9358E7606B25FBAB,1.0,SYNTHETIC_LABEL_ONLY,1,SOURCE_TITLE_GROUNDED,1.0,NOT_REAL_MODEL_CONFIDENCE,False
REC-269C374483846B68,1.0,SYNTHETIC_LABEL_ONLY,1,SOURCE_TITLE_GROUNDED,1.0,NOT_REAL_MODEL_CONFIDENCE,False
REC-DD3B420EDD466518,1.0,SYNTHETIC_LABEL_ONLY,1,SOURCE_TITLE_GROUNDED,1.0,NOT_REAL_MODEL_CONFIDENCE,False
REC-3B6F0D409CCFCB2B,1.0,SYNTHETIC_LABEL_ONLY,1,SOURCE_TITLE_GROUNDED,1.0,NOT_REAL_MODEL_CONFIDENCE,False
REC-FF8A7C2370A0C612,1.0,SYNTHETIC_LABEL_ONLY,1,SOURCE_TITLE_GROUNDED,1.0,NOT_REAL_MODEL_CONFIDENCE,False
REC-182AA21BA902F14D,1.0,SYNTHETIC_LABEL_ONLY,1,SOURCE_TITLE_GROUNDED,1.0,NOT_REAL_MODEL_CONFIDENCE,False
REC-BBDD2BB69090D203,1.0,SYNTHETIC_LABEL_ONLY,1,SOURCE_TITLE_GROUNDED,1.0,NOT_REAL_MODEL_CONFIDENCE,False
REC-6470FD784B54AA75,1.0,SYNTHETIC_LABEL_ONLY,1,SOURCE_TITLE_GROUNDED,1.0,NOT_REAL_MODEL_CONFIDENCE,False
REC-758EAC83EA220D0E,1.0,SYNTHETIC_LABEL_ONLY,1,SOURCE_TITLE_GROUNDED,1.0,NOT_REAL_MODEL_CONFIDENCE,False
REC-2BB6EF004E001E1B,1.0,SYNTHETIC_LABEL_ONLY,1,SOURCE_TITLE_GROUNDED,1.0,NOT_REAL_MODEL_CONFIDENCE,False
REC-0C4AF967FA48287C,1.0,SYNTHETIC_LABEL_ONLY,1,SOURCE_TITLE_GROUNDED,1.0,NOT_REAL_MODEL_CONFIDENCE,False
REC-8526D0670ACF6930,1.0,SYNTHETIC_LABEL_ONLY,1,SOURCE_TITLE_GROUNDED,1.0,NOT_REAL_MODEL_CONFIDENCE,False
REC-DFB23316A3F1F173,1.0,SYNTHETIC_LABEL_ONLY,1,SOURCE_TITLE_GROUNDED,1.0,NOT_REAL_MODEL_CONFIDENCE,False
REC-40C2300E31F3B3D4,1.0,SYNTHETIC_LABEL_ONLY,1,SOURCE_TITLE_GROUNDED,1.0,NOT_REAL_MODEL_CONFIDENCE,False
REC-C9109E301A592D21,1.0,SYNTHETIC_LABEL_ONLY,1,SOURCE_TITLE_GROUNDED,1.0,NOT_REAL_MODEL_CONFIDENCE,False
REC-F637A29193B8819E,1.0,SYNTHETIC_LABEL_ONLY,1,SOURCE_TITLE_GROUNDED,1.0,NOT_REAL_MODEL_CONFIDENCE,False
REC-B54F11BE1C0521A6,1.0,SYNTHETIC_LABEL_ONLY,1,SOURCE_TITLE_GROUNDED,1.0,NOT_REAL_MODEL_CONFIDENCE,False
REC-8CBC6E83B197370F,1.0,SYNTHETIC_LABEL_ONLY,1,SOURCE_TITLE_GROUNDED,1.0,NOT_REAL_MODEL_CONFIDENCE,False
REC-F6BC63F042444EA1,1.0,SYNTHETIC_LABEL_ONLY,1,SOURCE_TITLE_GROUNDED,1.0,NOT_REAL_MODEL_CONFIDENCE,False
REC-963D8957AA619DE5,1.0,SYNTHETIC_LABEL_ONLY,1,SOURCE_TITLE_GROUNDED,1.0,NOT_REAL_MODEL_CONFIDENCE,False
REC-75EBBCDE9A90E351,1.0,SYNTHETIC_LABEL_ONLY,1,SOURCE_TITLE_GROUNDED,1.0,NOT_REAL_MODEL_CONFIDENCE,False
REC-12219F79DA4DE006,1.0,SYNTHETIC_LABEL_ONLY,1,SOURCE_TITLE_GROUNDED,1.0,NOT_REAL_MODEL_CONFIDENCE,False
REC-FD35EA876B20DAAD,1.0,SYNTHETIC_LABEL_ONLY,1,SOURCE_TITLE_GROUNDED,1.0,NOT_REAL_MODEL_CONFIDENCE,False
REC-329F210C2464BA8A,1.0,SYNTHETIC_LABEL_ONLY,1,SOURCE_TITLE_GROUNDED,1.0,NOT_REAL_MODEL_CONFIDENCE,False
REC-662B2157AB9EF9AE,1.0,SYNTHETIC_LABEL_ONLY,1,SOURCE_TITLE_GROUNDED,1.0,NOT_REAL_MODEL_CONFIDENCE,False
REC-EC79210D508046E7,1.0,SYNTHETIC_LABEL_ONLY,1,SOURCE_TITLE_GROUNDED,1.0,NOT_REAL_MODEL_CONFIDENCE,False
REC-D6F33AC5A00CF4B4,1.0,SYNTHETIC_LABEL_ONLY,1,SOURCE_TITLE_GROUNDED,1.0,NOT_REAL_MODEL_CONFIDENCE,False
REC-A1F4E6A670CD865A,1.0,SYNTHETIC_LABEL_ONLY,1,SOURCE_TITLE_GROUNDED,1.0,NOT_REAL_MODEL_CONFIDENCE,False
REC-43533368D5E57104,1.0,SYNTHETIC_LABEL_ONLY,1,SOURCE_TITLE_GROUNDED,1.0,NOT_REAL_MODEL_CONFIDENCE,False
REC-968F6337329EADF9,1.0,SYNTHETIC_LABEL_ONLY,1,SOURCE_TITLE_GROUNDED,1.0,NOT_REAL_MODEL_CONFIDENCE,False
REC-AF1A725AA76D5311,1.0,SYNTHETIC_LABEL_ONLY,1,SOURCE_TITLE_GROUNDED,1.0,NOT_REAL_MODEL_CONFIDENCE,False
REC-A169798379A695EC,1.0,SYNTHETIC_LABEL_ONLY,1,SOURCE_TITLE_GROUNDED,1.0,NOT_REAL_MODEL_CONFIDENCE,False
REC-9A3D21C7B71F63FB,1.0,SYNTHETIC_LABEL_ONLY,1,SOURCE_TITLE_GROUNDED,1.0,NOT_REAL_MODEL_CONFIDENCE,False
REC-1408E3072D0CA4E2,1.0,SYNTHETIC_LABEL_ONLY,1,SOURCE_TITLE_GROUNDED,1.0,NOT_REAL_MODEL_CONFIDENCE,False
REC-7E8BA7A1743CD06E,1.0,SYNTHETIC_LABEL_ONLY,1,SOURCE_TITLE_GROUNDED,1.0,NOT_REAL_MODEL_CONFIDENCE,False
REC-72FCD3ECF22BE896,1.0,SYNTHETIC_LABEL_ONLY,1,SOURCE_TITLE_GROUNDED,1.0,NOT_REAL_MODEL_CONFIDENCE,False
REC-5A6CE5B823AAAE09,1.0,SYNTHETIC_LABEL_ONLY,1,SOURCE_TITLE_GROUNDED,1.0,NOT_REAL_MODEL_CONFIDENCE,False
REC-9BC51D7009B6487E,1.0,SYNTHETIC_LABEL_ONLY,1,SOURCE_TITLE_GROUNDED,1.0,NOT_REAL_MODEL_CONFIDENCE,False
REC-76B386C7149466D8,1.0,SYNTHETIC_LABEL_ONLY,1,SOURCE_TITLE_GROUNDED,1.0,NOT_REAL_MODEL_CONFIDENCE,False
REC-CB466DA48C0EDA46,1.0,SYNTHETIC_LABEL_ONLY,1,SOURCE_TITLE_GROUNDED,1.0,NOT_REAL_MODEL_CONFIDENCE,False
REC-080115E2BEFDCE89,1.0,SYNTHETIC_LABEL_ONLY,1,SOURCE_TITLE_GROUNDED,1.0,NOT_REAL_MODEL_CONFIDENCE,False
REC-E5E733A3D7A18DF2,1.0,SYNTHETIC_LABEL_ONLY,1,SOURCE_TITLE_GROUNDED,1.0,NOT_REAL_MODEL_CONFIDENCE,False
REC-ADEA6180E0B98048,1.0,SYNTHETIC_LABEL_ONLY,1,SOURCE_TITLE_GROUNDED,1.0,NOT_REAL_MODEL_CONFIDENCE,False
REC-396C6A26928C0F11,1.0,SYNTHETIC_LABEL_ONLY,1,SOURCE_TITLE_GROUNDED,1.0,NOT_REAL_MODEL_CONFIDENCE,False
REC-72A7D9C2D24F7F26,1.0,SYNTHETIC_LABEL_ONLY,1,SOURCE_TITLE_GROUNDED,1.0,NOT_REAL_MODEL_CONFIDENCE,False
REC-CE11532CF13CDEF9,1.0,SYNTHETIC_LABEL_ONLY,1,SOURCE_TITLE_GROUNDED,1.0,NOT_REAL_MODEL_CONFIDENCE,False
REC-83C1AA6555ED823F,1.0,SYNTHETIC_LABEL_ONLY,1,SOURCE_TITLE_GROUNDED,1.0,NOT_REAL_MODEL_CONFIDENCE,False
REC-62DFE468B5A3CCEB,1.0,SYNTHETIC_LABEL_ONLY,1,SOURCE_TITLE_GROUNDED,1.0,NOT_REAL_MODEL_CONFIDENCE,False
REC-1DBEE761254E5794,1.0,SYNTHETIC_LABEL_ONLY,1,SOURCE_TITLE_GROUNDED,1.0,NOT_REAL_MODEL_CONFIDENCE,False
REC-AF2324A927A59A3F,1.0,SYNTHETIC_LABEL_ONLY,1,SOURCE_TITLE_GROUNDED,1.0,NOT_REAL_MODEL_CONFIDENCE,False
REC-D39679F79153113C,1.0,SYNTHETIC_LABEL_ONLY,1,SOURCE_TITLE_GROUNDED,1.0,NOT_REAL_MODEL_CONFIDENCE,False
REC-7E3C4ED3240F59BF,1.0,SYNTHETIC_LABEL_ONLY,1,SOURCE_TITLE_GROUNDED,1.0,NOT_REAL_MODEL_CONFIDENCE,False
REC-4B3B022B0500AB96,1.0,SYNTHETIC_LABEL_ONLY,1,SOURCE_TITLE_GROUNDED,1.0,NOT_REAL_MODEL_CONFIDENCE,False
REC-5705B067C317AEE2,1.0,SYNTHETIC_LABEL_ONLY,1,SOURCE_TITLE_GROUNDED,1.0,NOT_REAL_MODEL_CONFIDENCE,False
REC-0A83A21962D98C49,1.0,SYNTHETIC_LABEL_ONLY,1,SOURCE_TITLE_GROUNDED,1.0,NOT_REAL_MODEL_CONFIDENCE,False
REC-48B2177D1CE75BD0,1.0,SYNTHETIC_LABEL_ONLY,1,SOURCE_TITLE_GROUNDED,1.0,NOT_REAL_MODEL_CONFIDENCE,False
REC-457F5C8CEADDC7BC,1.0,SYNTHETIC_LABEL_ONLY,1,SOURCE_TITLE_GROUNDED,1.0,NOT_REAL_MODEL_CONFIDENCE,False
REC-A316BF3FBC8A3ED3,1.0,SYNTHETIC_LABEL_ONLY,1,SOURCE_TITLE_GROUNDED,1.0,NOT_REAL_MODEL_CONFIDENCE,False
REC-B0B18B15775E7059,1.0,SYNTHETIC_LABEL_ONLY,1,SOURCE_TITLE_GROUNDED,1.0,NOT_REAL_MODEL_CONFIDENCE,False
REC-909D727675CFEE07,1.0,SYNTHETIC_LABEL_ONLY,1,SOURCE_TITLE_GROUNDED,1.0,NOT_REAL_MODEL_CONFIDENCE,False
REC-43E4D95DB7B6F30F,1.0,SYNTHETIC_LABEL_ONLY,1,SOURCE_TITLE_GROUNDED,1.0,NOT_REAL_MODEL_CONFIDENCE,False
REC-8FCD6EE691D5FF76,1.0,SYNTHETIC_LABEL_ONLY,1,SOURCE_TITLE_GROUNDED,1.0,NOT_REAL_MODEL_CONFIDENCE,False
REC-6016936EA46A80C2,1.0,SYNTHETIC_LABEL_ONLY,1,SOURCE_TITLE_GROUNDED,1.0,NOT_REAL_MODEL_CONFIDENCE,False
REC-2D9E03C95572E396,1.0,SYNTHETIC_LABEL_ONLY,1,SOURCE_TITLE_GROUNDED,1.0,NOT_REAL_MODEL_CONFIDENCE,False
REC-C9C747B83048F3E7,1.0,SYNTHETIC_LABEL_ONLY,1,SOURCE_TITLE_GROUNDED,1.0,NOT_REAL_MODEL_CONFIDENCE,False
REC-DB67877C83B863A1,1.0,SYNTHETIC_LABEL_ONLY,1,SOURCE_TITLE_GROUNDED,1.0,NOT_REAL_MODEL_CONFIDENCE,False
REC-1ACF3BFC139A5C36,1.0,SYNTHETIC_LABEL_ONLY,1,SOURCE_TITLE_GROUNDED,1.0,NOT_REAL_MODEL_CONFIDENCE,False
REC-069B00CD929549D5,1.0,SYNTHETIC_LABEL_ONLY,1,SOURCE_TITLE_GROUNDED,1.0,NOT_REAL_MODEL_CONFIDENCE,False
REC-7C2E5581863E321B,1.0,SYNTHETIC_LABEL_ONLY,1,SOURCE_TITLE_GROUNDED,1.0,NOT_REAL_MODEL_CONFIDENCE,False
REC-CBA02A3924F04BDF,1.0,SYNTHETIC_LABEL_ONLY,1,SOURCE_TITLE_GROUNDED,1.0,NOT_REAL_MODEL_CONFIDENCE,False
REC-14708036CC73E38B,1.0,SYNTHETIC_LABEL_ONLY,1,SOURCE_TITLE_GROUNDED,1.0,NOT_REAL_MODEL_CONFIDENCE,False
REC-3FED307A353574BE,1.0,SYNTHETIC_LABEL_ONLY,1,SOURCE_TITLE_GROUNDED,1.0,NOT_REAL_MODEL_CONFIDENCE,False
REC-2820022648BDC63C,1.0,SYNTHETIC_LABEL_ONLY,1,SOURCE_TITLE_GROUNDED,1.0,NOT_REAL_MODEL_CONFIDENCE,False
REC-F7B7B9B1A6925F06,1.0,SYNTHETIC_LABEL_ONLY,1,SOURCE_TITLE_GROUNDED,1.0,NOT_REAL_MODEL_CONFIDENCE,False
REC-976C8AA742D15E3F,1.0,SYNTHETIC_LABEL_ONLY,1,SOURCE_TITLE_GROUNDED,1.0,NOT_REAL_MODEL_CONFIDENCE,False
REC-B6FDF06052D6CFA3,1.0,SYNTHETIC_LABEL_ONLY,1,SOURCE_TITLE_GROUNDED,1.0,NOT_REAL_MODEL_CONFIDENCE,False
REC-BDCC51095E086309,1.0,SYNTHETIC_LABEL_ONLY,1,SOURCE_TITLE_GROUNDED,1.0,NOT_REAL_MODEL_CONFIDENCE,False
REC-103675F6691E625C,1.0,SYNTHETIC_LABEL_ONLY,1,SOURCE_TITLE_GROUNDED,1.0,NOT_REAL_MODEL_CONFIDENCE,False
REC-CC605787E042F99F,1.0,SYNTHETIC_LABEL_ONLY,1,SOURCE_TITLE_GROUNDED,1.0,NOT_REAL_MODEL_CONFIDENCE,False
REC-973111FB87CBD68F,1.0,SYNTHETIC_LABEL_ONLY,1,SOURCE_TITLE_GROUNDED,1.0,NOT_REAL_MODEL_CONFIDENCE,False
REC-2985A25F1C2F7FF0,1.0,SYNTHETIC_LABEL_ONLY,1,SOURCE_TITLE_GROUNDED,1.0,NOT_REAL_MODEL_CONFIDENCE,False
REC-330EF19F9AB8D274,1.0,SYNTHETIC_LABEL_ONLY,1,SOURCE_TITLE_GROUNDED,1.0,NOT_REAL_MODEL_CONFIDENCE,False
REC-149590B9F3494049,1.0,SYNTHETIC_LABEL_ONLY,1,SOURCE_TITLE_GROUNDED,1.0,NOT_REAL_MODEL_CONFIDENCE,False
REC-9811E68250615F0E,1.0,SYNTHETIC_LABEL_ONLY,1,SOURCE_TITLE_GROUNDED,1.0,NOT_REAL_MODEL_CONFIDENCE,False
REC-D29A9A7F9AF809FA,1.0,SYNTHETIC_LABEL_ONLY,1,SOURCE_TITLE_GROUNDED,1.0,NOT_REAL_MODEL_CONFIDENCE,False
REC-F94F9E57BA4AF743,1.0,SYNTHETIC_LABEL_ONLY,1,SOURCE_TITLE_GROUNDED,1.0,NOT_REAL_MODEL_CONFIDENCE,False
REC-8FBCD5DF74016BEE,1.0,SYNTHETIC_LABEL_ONLY,1,SOURCE_TITLE_GROUNDED,1.0,NOT_REAL_MODEL_CONFIDENCE,False
REC-AF790DE0FFC85AE0,1.0,SYNTHETIC_LABEL_ONLY,1,SOURCE_TITLE_GROUNDED,1.0,NOT_REAL_MODEL_CONFIDENCE,False
REC-C5A00C98145CA2AC,1.0,SYNTHETIC_LABEL_ONLY,1,SOURCE_TITLE_GROUNDED,1.0,NOT_REAL_MODEL_CONFIDENCE,False
REC-6075ABF5CAA250F5,1.0,SYNTHETIC_LABEL_ONLY,1,SOURCE_TITLE_GROUNDED,1.0,NOT_REAL_MODEL_CONFIDENCE,False
REC-605198C52B548B2D,1.0,SYNTHETIC_LABEL_ONLY,1,SOURCE_TITLE_GROUNDED,1.0,NOT_REAL_MODEL_CONFIDENCE,False
REC-DA3C8E70C2605410,1.0,SYNTHETIC_LABEL_ONLY,1,SOURCE_TITLE_GROUNDED,1.0,NOT_REAL_MODEL_CONFIDENCE,False
REC-F61ED36C6B5894E9,1.0,SYNTHETIC_LABEL_ONLY,1,SOURCE_TITLE_GROUNDED,1.0,NOT_REAL_MODEL_CONFIDENCE,False
REC-D3C23574D92F1942,1.0,SYNTHETIC_LABEL_ONLY,1,SOURCE_TITLE_GROUNDED,1.0,NOT_REAL_MODEL_CONFIDENCE,False
REC-6F45E7E3DBD91729,1.0,SYNTHETIC_LABEL_ONLY,1,SOURCE_TITLE_GROUNDED,1.0,NOT_REAL_MODEL_CONFIDENCE,False
REC-8A72A308F04C2757,1.0,SYNTHETIC_LABEL_ONLY,1,SOURCE_TITLE_GROUNDED,1.0,NOT_REAL_MODEL_CONFIDENCE,False
REC-288B41E397E39049,1.0,SYNTHETIC_LABEL_ONLY,1,SOURCE_TITLE_GROUNDED,1.0,NOT_REAL_MODEL_CONFIDENCE,False
REC-17F87487AD2D99A4,1.0,SYNTHETIC_LABEL_ONLY,1,SOURCE_TITLE_GROUNDED,1.0,NOT_REAL_MODEL_CONFIDENCE,False
REC-89D36165F1A1ABEC,1.0,SYNTHETIC_LABEL_ONLY,1,SOURCE_TITLE_GROUNDED,1.0,NOT_REAL_MODEL_CONFIDENCE,False
REC-D6C15CC73CE80FD2,1.0,SYNTHETIC_LABEL_ONLY,1,SOURCE_TITLE_GROUNDED,1.0,NOT_REAL_MODEL_CONFIDENCE,False
REC-C195C68795DCDB86,1.0,SYNTHETIC_LABEL_ONLY,1,SOURCE_TITLE_GROUNDED,1.0,NOT_REAL_MODEL_CONFIDENCE,False
REC-910133F33D81F4B1,1.0,SYNTHETIC_LABEL_ONLY,1,SOURCE_TITLE_GROUNDED,1.0,NOT_REAL_MODEL_CONFIDENCE,False
REC-6068FDAECD974D44,1.0,SYNTHETIC_LABEL_ONLY,1,SOURCE_TITLE_GROUNDED,1.0,NOT_REAL_MODEL_CONFIDENCE,False
REC-0FC69F65BE8F0E19,1.0,SYNTHETIC_LABEL_ONLY,1,SOURCE_TITLE_GROUNDED,1.0,NOT_REAL_MODEL_CONFIDENCE,False
REC-3BAF7CFD17EFD331,1.0,SYNTHETIC_LABEL_ONLY,1,SOURCE_TITLE_GROUNDED,1.0,NOT_REAL_MODEL_CONFIDENCE,False
REC-BB87D5D93EB0A9B4,1.0,SYNTHETIC_LABEL_ONLY,1,SOURCE_TITLE_GROUNDED,1.0,NOT_REAL_MODEL_CONFIDENCE,False
REC-838A6484E394653B,1.0,SYNTHETIC_LABEL_ONLY,1,SOURCE_TITLE_GROUNDED,1.0,NOT_REAL_MODEL_CONFIDENCE,False
REC-83727129826DE945,1.0,SYNTHETIC_LABEL_ONLY,1,SOURCE_TITLE_GROUNDED,1.0,NOT_REAL_MODEL_CONFIDENCE,False
REC-9F024CB1547A3DB9,1.0,SYNTHETIC_LABEL_ONLY,1,SOURCE_TITLE_GROUNDED,1.0,NOT_REAL_MODEL_CONFIDENCE,False
REC-054A24AD56130A1D,1.0,SYNTHETIC_LABEL_ONLY,1,SOURCE_TITLE_GROUNDED,1.0,NOT_REAL_MODEL_CONFIDENCE,False
REC-88AC0E41D3A2B88C,1.0,SYNTHETIC_LABEL_ONLY,1,SOURCE_TITLE_GROUNDED,1.0,NOT_REAL_MODEL_CONFIDENCE,False
REC-EE468EF004C8D5D3,1.0,SYNTHETIC_LABEL_ONLY,1,SOURCE_TITLE_GROUNDED,1.0,NOT_REAL_MODEL_CONFIDENCE,False
REC-D6AEDBFAED2BD445,1.0,SYNTHETIC_LABEL_ONLY,1,SOURCE_TITLE_GROUNDED,1.0,NOT_REAL_MODEL_CONFIDENCE,False
REC-F761332C8A7DFB7A,1.0,SYNTHETIC_LABEL_ONLY,1,SOURCE_TITLE_GROUNDED,1.0,NOT_REAL_MODEL_CONFIDENCE,False
REC-EBF78FCEBF193CF1,1.0,SYNTHETIC_LABEL_ONLY,1,SOURCE_TITLE_GROUNDED,1.0,NOT_REAL_MODEL_CONFIDENCE,False
REC-ED383942D6D7B1DA,1.0,SYNTHETIC_LABEL_ONLY,1,SOURCE_TITLE_GROUNDED,1.0,NOT_REAL_MODEL_CONFIDENCE,False
REC-0EE007E5CE2FE7CA,1.0,SYNTHETIC_LABEL_ONLY,1,SOURCE_TITLE_GROUNDED,1.0,NOT_REAL_MODEL_CONFIDENCE,False
REC-A7C9404AEA23D9B7,1.0,SYNTHETIC_LABEL_ONLY,1,SOURCE_TITLE_GROUNDED,1.0,NOT_REAL_MODEL_CONFIDENCE,False
REC-F7331566C1635834,1.0,SYNTHETIC_LABEL_ONLY,1,SOURCE_TITLE_GROUNDED,1.0,NOT_REAL_MODEL_CONFIDENCE,False
REC-EE8001BDAF743838,1.0,SYNTHETIC_LABEL_ONLY,1,SOURCE_TITLE_GROUNDED,1.0,NOT_REAL_MODEL_CONFIDENCE,False
REC-8E58191F11C40274,1.0,SYNTHETIC_LABEL_ONLY,1,SOURCE_TITLE_GROUNDED,1.0,NOT_REAL_MODEL_CONFIDENCE,False
REC-E827D4EB5BC2C9DF,1.0,SYNTHETIC_LABEL_ONLY,1,SOURCE_TITLE_GROUNDED,1.0,NOT_REAL_MODEL_CONFIDENCE,False
REC-1D67289BA34EDF7C,1.0,SYNTHETIC_LABEL_ONLY,1,SOURCE_TITLE_GROUNDED,1.0,NOT_REAL_MODEL_CONFIDENCE,False
REC-0D0D565A84A298E9,1.0,SYNTHETIC_LABEL_ONLY,1,SOURCE_TITLE_GROUNDED,1.0,NOT_REAL_MODEL_CONFIDENCE,False
REC-1058B26DBE6DBCB1,1.0,SYNTHETIC_LABEL_ONLY,1,SOURCE_TITLE_GROUNDED,1.0,NOT_REAL_MODEL_CONFIDENCE,False
REC-45A73A8EBBDD2C28,1.0,SYNTHETIC_LABEL_ONLY,1,SOURCE_TITLE_GROUNDED,1.0,NOT_REAL_MODEL_CONFIDENCE,False
REC-1A84485D62B1F661,1.0,SYNTHETIC_LABEL_ONLY,1,SOURCE_TITLE_GROUNDED,1.0,NOT_REAL_MODEL_CONFIDENCE,False
REC-E6BA28198EF3AB9E,1.0,SYNTHETIC_LABEL_ONLY,1,SOURCE_TITLE_GROUNDED,1.0,NOT_REAL_MODEL_CONFIDENCE,False
REC-93E31F19E1390F82,1.0,SYNTHETIC_LABEL_ONLY,1,SOURCE_TITLE_GROUNDED,1.0,NOT_REAL_MODEL_CONFIDENCE,False
REC-7F422EB4F591B55B,1.0,SYNTHETIC_LABEL_ONLY,1,SOURCE_TITLE_GROUNDED,1.0,NOT_REAL_MODEL_CONFIDENCE,False
REC-5D3A3DD0B8620E8B,1.0,SYNTHETIC_LABEL_ONLY,1,SOURCE_TITLE_GROUNDED,1.0,NOT_REAL_MODEL_CONFIDENCE,False
REC-4D0D3CFF8518E7B3,1.0,SYNTHETIC_LABEL_ONLY,1,SOURCE_TITLE_GROUNDED,1.0,NOT_REAL_MODEL_CONFIDENCE,False
REC-D0A51F4997F0DFE4,1.0,SYNTHETIC_LABEL_ONLY,1,SOURCE_TITLE_GROUNDED,1.0,NOT_REAL_MODEL_CONFIDENCE,False
REC-945DD308EA7C5065,1.0,SYNTHETIC_LABEL_ONLY,1,SOURCE_TITLE_GROUNDED,1.0,NOT_REAL_MODEL_CONFIDENCE,False
REC-86C4443066164417,1.0,SYNTHETIC_LABEL_ONLY,1,SOURCE_TITLE_GROUNDED,1.0,NOT_REAL_MODEL_CONFIDENCE,False
REC-F8E9A71F186E4497,1.0,SYNTHETIC_LABEL_ONLY,1,SOURCE_TITLE_GROUNDED,1.0,NOT_REAL_MODEL_CONFIDENCE,False
REC-43D8B988C0B5D14D,1.0,SYNTHETIC_LABEL_ONLY,1,SOURCE_TITLE_GROUNDED,1.0,NOT_REAL_MODEL_CONFIDENCE,False
REC-F9362454CA3DC258,1.0,SYNTHETIC_LABEL_ONLY,1,SOURCE_TITLE_GROUNDED,1.0,NOT_REAL_MODEL_CONFIDENCE,False
REC-36C0990E0A942A9A,1.0,SYNTHETIC_LABEL_ONLY,1,SOURCE_TITLE_GROUNDED,1.0,NOT_REAL_MODEL_CONFIDENCE,False
REC-DD0F3FA2222718EF,1.0,SYNTHETIC_LABEL_ONLY,1,SOURCE_TITLE_GROUNDED,1.0,NOT_REAL_MODEL_CONFIDENCE,False
REC-E398E6322E62A8F5,1.0,SYNTHETIC_LABEL_ONLY,1,SOURCE_TITLE_GROUNDED,1.0,NOT_REAL_MODEL_CONFIDENCE,False
REC-B1326E45706679AE,1.0,SYNTHETIC_LABEL_ONLY,1,SOURCE_TITLE_GROUNDED,1.0,NOT_REAL_MODEL_CONFIDENCE,False
REC-4C67B930029FD8F1,1.0,SYNTHETIC_LABEL_ONLY,1,SOURCE_TITLE_GROUNDED,1.0,NOT_REAL_MODEL_CONFIDENCE,False
REC-9A84EED9181BBCD4,1.0,SYNTHETIC_LABEL_ONLY,1,SOURCE_TITLE_GROUNDED,1.0,NOT_REAL_MODEL_CONFIDENCE,False
REC-EEF23F1DFFE6BEBE,1.0,SYNTHETIC_LABEL_ONLY,1,SOURCE_TITLE_GROUNDED,1.0,NOT_REAL_MODEL_CONFIDENCE,False
REC-3EA8D266FA5CE280,1.0,SYNTHETIC_LABEL_ONLY,1,SOURCE_TITLE_GROUNDED,1.0,NOT_REAL_MODEL_CONFIDENCE,False
REC-96BEC57BAEBCE2ED,1.0,SYNTHETIC_LABEL_ONLY,1,SOURCE_TITLE_GROUNDED,1.0,NOT_REAL_MODEL_CONFIDENCE,False
REC-E29BFB5D9430E755,1.0,SYNTHETIC_LABEL_ONLY,1,SOURCE_TITLE_GROUNDED,1.0,NOT_REAL_MODEL_CONFIDENCE,False
REC-4B72B3C8DB8C91A9,1.0,SYNTHETIC_LABEL_ONLY,1,SOURCE_TITLE_GROUNDED,1.0,NOT_REAL_MODEL_CONFIDENCE,False
REC-AB6D8EF18C4E5431,1.0,SYNTHETIC_LABEL_ONLY,1,SOURCE_TITLE_GROUNDED,1.0,NOT_REAL_MODEL_CONFIDENCE,False
REC-2394DBF56C3A2703,1.0,SYNTHETIC_LABEL_ONLY,1,SOURCE_TITLE_GROUNDED,1.0,NOT_REAL_MODEL_CONFIDENCE,False
REC-88731119B76265F2,1.0,SYNTHETIC_LABEL_ONLY,1,SOURCE_TITLE_GROUNDED,1.0,NOT_REAL_MODEL_CONFIDENCE,False
REC-1D0FE6F7F9C1EA83,1.0,SYNTHETIC_LABEL_ONLY,1,SOURCE_TITLE_GROUNDED,1.0,NOT_REAL_MODEL_CONFIDENCE,False
REC-207223E347C4127F,1.0,SYNTHETIC_LABEL_ONLY,1,SOURCE_TITLE_GROUNDED,1.0,NOT_REAL_MODEL_CONFIDENCE,False
REC-8915158A0FA316CC,1.0,SYNTHETIC_LABEL_ONLY,1,SOURCE_TITLE_GROUNDED,1.0,NOT_REAL_MODEL_CONFIDENCE,False
REC-7DDA559A08F40D5B,1.0,SYNTHETIC_LABEL_ONLY,1,SOURCE_TITLE_GROUNDED,1.0,NOT_REAL_MODEL_CONFIDENCE,False
REC-15CD11CCC1C607C3,1.0,SYNTHETIC_LABEL_ONLY,1,SOURCE_TITLE_GROUNDED,1.0,NOT_REAL_MODEL_CONFIDENCE,False
REC-02C7F189D26DC7A8,1.0,SYNTHETIC_LABEL_ONLY,1,SOURCE_TITLE_GROUNDED,1.0,NOT_REAL_MODEL_CONFIDENCE,False
REC-50F967E84BDC327C,1.0,SYNTHETIC_LABEL_ONLY,1,SOURCE_TITLE_GROUNDED,1.0,NOT_REAL_MODEL_CONFIDENCE,False
REC-AB7CAEB08B84B3C4,1.0,SYNTHETIC_LABEL_ONLY,1,SOURCE_TITLE_GROUNDED,1.0,NOT_REAL_MODEL_CONFIDENCE,False
REC-FB57CE5524CEA8A1,1.0,SYNTHETIC_LABEL_ONLY,1,SOURCE_TITLE_GROUNDED,1.0,NOT_REAL_MODEL_CONFIDENCE,False
REC-580C0795F5115D9F,1.0,SYNTHETIC_LABEL_ONLY,1,SOURCE_TITLE_GROUNDED,1.0,NOT_REAL_MODEL_CONFIDENCE,False
REC-B851F6B3BAFF3EDC,1.0,SYNTHETIC_LABEL_ONLY,1,SOURCE_TITLE_GROUNDED,1.0,NOT_REAL_MODEL_CONFIDENCE,False
REC-D71493980AF8B9DD,1.0,SYNTHETIC_LABEL_ONLY,1,SOURCE_TITLE_GROUNDED,1.0,NOT_REAL_MODEL_CONFIDENCE,False
REC-78951E4393E4FCBE,1.0,SYNTHETIC_LABEL_ONLY,1,SOURCE_TITLE_GROUNDED,1.0,NOT_REAL_MODEL_CONFIDENCE,False
REC-D3F6709BDB4B4E54,1.0,SYNTHETIC_LABEL_ONLY,1,SOURCE_TITLE_GROUNDED,1.0,NOT_REAL_MODEL_CONFIDENCE,False
REC-FDECBC8C36E9CD9C,1.0,SYNTHETIC_LABEL_ONLY,1,SOURCE_TITLE_GROUNDED,1.0,NOT_REAL_MODEL_CONFIDENCE,False
REC-317712B6953149C0,1.0,SYNTHETIC_LABEL_ONLY,1,SOURCE_TITLE_GROUNDED,1.0,NOT_REAL_MODEL_CONFIDENCE,False
REC-E465936CB5CEE341,1.0,SYNTHETIC_LABEL_ONLY,1,SOURCE_TITLE_GROUNDED,1.0,NOT_REAL_MODEL_CONFIDENCE,False
REC-EC4FC5D1F719ECAC,1.0,SYNTHETIC_LABEL_ONLY,1,SOURCE_TITLE_GROUNDED,1.0,NOT_REAL_MODEL_CONFIDENCE,False
REC-0238B6A7FC0DF797,1.0,SYNTHETIC_LABEL_ONLY,1,SOURCE_TITLE_GROUNDED,1.0,NOT_REAL_MODEL_CONFIDENCE,False
REC-EE46667E70224DC8,1.0,SYNTHETIC_LABEL_ONLY,1,SOURCE_TITLE_GROUNDED,1.0,NOT_REAL_MODEL_CONFIDENCE,False
REC-FC34B742130A7A36,1.0,SYNTHETIC_LABEL_ONLY,1,SOURCE_TITLE_GROUNDED,1.0,NOT_REAL_MODEL_CONFIDENCE,False
REC-39874DBFF88A31C6,1.0,SYNTHETIC_LABEL_ONLY,1,SOURCE_TITLE_GROUNDED,1.0,NOT_REAL_MODEL_CONFIDENCE,False
REC-CA03B31D81416510,1.0,SYNTHETIC_LABEL_ONLY,1,SOURCE_TITLE_GROUNDED,1.0,NOT_REAL_MODEL_CONFIDENCE,False
REC-BFF817AA3EB4B83D,1.0,SYNTHETIC_LABEL_ONLY,1,SOURCE_TITLE_GROUNDED,1.0,NOT_REAL_MODEL_CONFIDENCE,False
REC-6F6E939B660B91AF,1.0,SYNTHETIC_LABEL_ONLY,1,SOURCE_TITLE_GROUNDED,1.0,NOT_REAL_MODEL_CONFIDENCE,False
REC-641D4C1F4960B7BF,1.0,SYNTHETIC_LABEL_ONLY,1,SOURCE_TITLE_GROUNDED,1.0,NOT_REAL_MODEL_CONFIDENCE,False
REC-543BB30D00C6376E,1.0,SYNTHETIC_LABEL_ONLY,1,SOURCE_TITLE_GROUNDED,1.0,NOT_REAL_MODEL_CONFIDENCE,False
REC-24317F2AC14BB38A,1.0,SYNTHETIC_LABEL_ONLY,1,SOURCE_TITLE_GROUNDED,1.0,NOT_REAL_MODEL_CONFIDENCE,False
REC-328CD21CF35CDB9A,1.0,SYNTHETIC_LABEL_ONLY,1,SOURCE_TITLE_GROUNDED,1.0,NOT_REAL_MODEL_CONFIDENCE,False
REC-E502A1C033291A70,1.0,SYNTHETIC_LABEL_ONLY,1,SOURCE_TITLE_GROUNDED,1.0,NOT_REAL_MODEL_CONFIDENCE,False
REC-7958BB72055ED596,1.0,SYNTHETIC_LABEL_ONLY,1,SOURCE_TITLE_GROUNDED,1.0,NOT_REAL_MODEL_CONFIDENCE,False
REC-2614DDE24CD274FC,1.0,SYNTHETIC_LABEL_ONLY,1,SOURCE_TITLE_GROUNDED,1.0,NOT_REAL_MODEL_CONFIDENCE,False
REC-7423D852331F7192,1.0,SYNTHETIC_LABEL_ONLY,1,SOURCE_TITLE_GROUNDED,1.0,NOT_REAL_MODEL_CONFIDENCE,False
REC-086206B4FD3DFEE2,1.0,SYNTHETIC_LABEL_ONLY,1,SOURCE_TITLE_GROUNDED,1.0,NOT_REAL_MODEL_CONFIDENCE,False
REC-17D862E893CD0C7D,1.0,SYNTHETIC_LABEL_ONLY,1,SOURCE_TITLE_GROUNDED,1.0,NOT_REAL_MODEL_CONFIDENCE,False
REC-70A08DB572604ADE,1.0,SYNTHETIC_LABEL_ONLY,1,SOURCE_TITLE_GROUNDED,1.0,NOT_REAL_MODEL_CONFIDENCE,False
REC-B3FCE714188395F0,1.0,SYNTHETIC_LABEL_ONLY,1,SOURCE_TITLE_GROUNDED,1.0,NOT_REAL_MODEL_CONFIDENCE,False
REC-CBDB96DAE1343E95,1.0,SYNTHETIC_LABEL_ONLY,1,SOURCE_TITLE_GROUNDED,1.0,NOT_REAL_MODEL_CONFIDENCE,False
REC-77C270D11135CE70,1.0,SYNTHETIC_LABEL_ONLY,1,SOURCE_TITLE_GROUNDED,1.0,NOT_REAL_MODEL_CONFIDENCE,False
REC-E24889D643ED0ED8,1.0,SYNTHETIC_LABEL_ONLY,1,SOURCE_TITLE_GROUNDED,1.0,NOT_REAL_MODEL_CONFIDENCE,False
REC-13E5ADC181046684,1.0,SYNTHETIC_LABEL_ONLY,1,SOURCE_TITLE_GROUNDED,1.0,NOT_REAL_MODEL_CONFIDENCE,False
REC-CC46BBB3C6250C5F,1.0,SYNTHETIC_LABEL_ONLY,1,SOURCE_TITLE_GROUNDED,1.0,NOT_REAL_MODEL_CONFIDENCE,False
REC-A9F2F61DA8DB735C,1.0,SYNTHETIC_LABEL_ONLY,1,SOURCE_TITLE_GROUNDED,1.0,NOT_REAL_MODEL_CONFIDENCE,False
REC-C73F7AFBA80D625B,1.0,SYNTHETIC_LABEL_ONLY,1,SOURCE_TITLE_GROUNDED,1.0,NOT_REAL_MODEL_CONFIDENCE,False
REC-BC70820E146CA538,1.0,SYNTHETIC_LABEL_ONLY,1,SOURCE_TITLE_GROUNDED,1.0,NOT_REAL_MODEL_CONFIDENCE,False
REC-957143348BF1045F,1.0,SYNTHETIC_LABEL_ONLY,1,SOURCE_TITLE_GROUNDED,1.0,NOT_REAL_MODEL_CONFIDENCE,False
REC-3CCF7C44B490937C,1.0,SYNTHETIC_LABEL_ONLY,1,SOURCE_TITLE_GROUNDED,1.0,NOT_REAL_MODEL_CONFIDENCE,False
REC-73855EDA4DE9D0E7,1.0,SYNTHETIC_LABEL_ONLY,1,SOURCE_TITLE_GROUNDED,1.0,NOT_REAL_MODEL_CONFIDENCE,False
REC-05A38BEB7828F24A,1.0,SYNTHETIC_LABEL_ONLY,1,SOURCE_TITLE_GROUNDED,1.0,NOT_REAL_MODEL_CONFIDENCE,False
REC-714A9E8933DF3661,1.0,SYNTHETIC_LABEL_ONLY,1,SOURCE_TITLE_GROUNDED,1.0,NOT_REAL_MODEL_CONFIDENCE,False
REC-C252DBEFBA7C5F4F,1.0,SYNTHETIC_LABEL_ONLY,1,SOURCE_TITLE_GROUNDED,1.0,NOT_REAL_MODEL_CONFIDENCE,False
REC-7E02803413119DDB,1.0,SYNTHETIC_LABEL_ONLY,1,SOURCE_TITLE_GROUNDED,1.0,NOT_REAL_MODEL_CONFIDENCE,False
REC-DEDDB9FD451E813B,1.0,SYNTHETIC_LABEL_ONLY,1,SOURCE_TITLE_GROUNDED,1.0,NOT_REAL_MODEL_CONFIDENCE,False
REC-7EAEF1991FC650C2,1.0,SYNTHETIC_LABEL_ONLY,1,SOURCE_TITLE_GROUNDED,1.0,NOT_REAL_MODEL_CONFIDENCE,False
REC-34D6B83041F5F5DA,1.0,SYNTHETIC_LABEL_ONLY,1,SOURCE_TITLE_GROUNDED,1.0,NOT_REAL_MODEL_CONFIDENCE,False
REC-DF4E6D2D47A65569,1.0,SYNTHETIC_LABEL_ONLY,1,SOURCE_TITLE_GROUNDED,1.0,NOT_REAL_MODEL_CONFIDENCE,False
REC-37978B56BBC9FF49,1.0,SYNTHETIC_LABEL_ONLY,1,SOURCE_TITLE_GROUNDED,1.0,NOT_REAL_MODEL_CONFIDENCE,False
REC-54F768B670ADA722,1.0,SYNTHETIC_LABEL_ONLY,1,SOURCE_TITLE_GROUNDED,1.0,NOT_REAL_MODEL_CONFIDENCE,False
REC-2C6F8A4640B47333,1.0,SYNTHETIC_LABEL_ONLY,1,SOURCE_TITLE_GROUNDED,1.0,NOT_REAL_MODEL_CONFIDENCE,False
REC-3F190F7E6EBAF58C,1.0,SYNTHETIC_LABEL_ONLY,1,SOURCE_TITLE_GROUNDED,1.0,NOT_REAL_MODEL_CONFIDENCE,False
REC-41FB1CFAAD1C0992,1.0,SYNTHETIC_LABEL_ONLY,1,SOURCE_TITLE_GROUNDED,1.0,NOT_REAL_MODEL_CONFIDENCE,False
REC-3B10BF56B55FD833,1.0,SYNTHETIC_LABEL_ONLY,1,SOURCE_TITLE_GROUNDED,1.0,NOT_REAL_MODEL_CONFIDENCE,False
REC-B9762291D3CAE69B,1.0,SYNTHETIC_LABEL_ONLY,1,SOURCE_TITLE_GROUNDED,1.0,NOT_REAL_MODEL_CONFIDENCE,False
REC-499CEB22FA8E8B0B,1.0,SYNTHETIC_LABEL_ONLY,1,SOURCE_TITLE_GROUNDED,1.0,NOT_REAL_MODEL_CONFIDENCE,False
REC-6CB0441222E68C50,1.0,SYNTHETIC_LABEL_ONLY,1,SOURCE_TITLE_GROUNDED,1.0,NOT_REAL_MODEL_CONFIDENCE,False
REC-7556467EA996290E,1.0,SYNTHETIC_LABEL_ONLY,1,SOURCE_TITLE_GROUNDED,1.0,NOT_REAL_MODEL_CONFIDENCE,False
REC-55A8BF81C4614770,1.0,SYNTHETIC_LABEL_ONLY,1,SOURCE_TITLE_GROUNDED,1.0,NOT_REAL_MODEL_CONFIDENCE,False
REC-1EBF19F9591610B7,1.0,SYNTHETIC_LABEL_ONLY,1,SOURCE_TITLE_GROUNDED,1.0,NOT_REAL_MODEL_CONFIDENCE,False
REC-5DEDD184F63B4E8F,1.0,SYNTHETIC_LABEL_ONLY,1,SOURCE_TITLE_GROUNDED,1.0,NOT_REAL_MODEL_CONFIDENCE,False
REC-63A92F36B980EAC9,1.0,SYNTHETIC_LABEL_ONLY,1,SOURCE_TITLE_GROUNDED,1.0,NOT_REAL_MODEL_CONFIDENCE,False
REC-2C372F2B15BBF6BD,1.0,SYNTHETIC_LABEL_ONLY,1,SOURCE_TITLE_GROUNDED,1.0,NOT_REAL_MODEL_CONFIDENCE,False
REC-8E8085FB5B56D50C,1.0,SYNTHETIC_LABEL_ONLY,1,SOURCE_TITLE_GROUNDED,1.0,NOT_REAL_MODEL_CONFIDENCE,False
REC-3A023C5564781A23,1.0,SYNTHETIC_LABEL_ONLY,1,SOURCE_TITLE_GROUNDED,1.0,NOT_REAL_MODEL_CONFIDENCE,False
REC-69F74AD316C4B5BE,1.0,SYNTHETIC_LABEL_ONLY,1,SOURCE_TITLE_GROUNDED,1.0,NOT_REAL_MODEL_CONFIDENCE,False
REC-EEEC345E1FBAD39B,1.0,SYNTHETIC_LABEL_ONLY,1,SOURCE_TITLE_GROUNDED,1.0,NOT_REAL_MODEL_CONFIDENCE,False
REC-5499B4BE474339CE,1.0,SYNTHETIC_LABEL_ONLY,1,SOURCE_TITLE_GROUNDED,1.0,NOT_REAL_MODEL_CONFIDENCE,False
REC-5776B75C8630189D,1.0,SYNTHETIC_LABEL_ONLY,1,SOURCE_TITLE_GROUNDED,1.0,NOT_REAL_MODEL_CONFIDENCE,False
REC-65BE6027C3E36004,1.0,SYNTHETIC_LABEL_ONLY,1,SOURCE_TITLE_GROUNDED,1.0,NOT_REAL_MODEL_CONFIDENCE,False
REC-D509C36E292D045E,1.0,SYNTHETIC_LABEL_ONLY,1,SOURCE_TITLE_GROUNDED,1.0,NOT_REAL_MODEL_CONFIDENCE,False
REC-DAE70C93254D2305,1.0,SYNTHETIC_LABEL_ONLY,1,SOURCE_TITLE_GROUNDED,1.0,NOT_REAL_MODEL_CONFIDENCE,False
REC-E41AFBC3D2322830,1.0,SYNTHETIC_LABEL_ONLY,1,SOURCE_TITLE_GROUNDED,1.0,NOT_REAL_MODEL_CONFIDENCE,False
REC-4C771C5A5F0D4337,1.0,SYNTHETIC_LABEL_ONLY,1,SOURCE_TITLE_GROUNDED,1.0,NOT_REAL_MODEL_CONFIDENCE,False
REC-5126566AA599C072,1.0,SYNTHETIC_LABEL_ONLY,1,SOURCE_TITLE_GROUNDED,1.0,NOT_REAL_MODEL_CONFIDENCE,False
REC-EC373C180D07BC53,1.0,SYNTHETIC_LABEL_ONLY,1,SOURCE_TITLE_GROUNDED,1.0,NOT_REAL_MODEL_CONFIDENCE,False
REC-35709A8C2245D04D,1.0,SYNTHETIC_LABEL_ONLY,1,SOURCE_TITLE_GROUNDED,1.0,NOT_REAL_MODEL_CONFIDENCE,False
REC-6589F01DA0174D00,1.0,SYNTHETIC_LABEL_ONLY,1,SOURCE_TITLE_GROUNDED,1.0,NOT_REAL_MODEL_CONFIDENCE,False
REC-F6653444EF520903,1.0,SYNTHETIC_LABEL_ONLY,1,SOURCE_TITLE_GROUNDED,1.0,NOT_REAL_MODEL_CONFIDENCE,False
REC-0CF34B9D1CD6A5E3,1.0,SYNTHETIC_LABEL_ONLY,1,SOURCE_TITLE_GROUNDED,1.0,NOT_REAL_MODEL_CONFIDENCE,False
REC-1F5AE290ECA1487C,1.0,SYNTHETIC_LABEL_ONLY,1,SOURCE_TITLE_GROUNDED,1.0,NOT_REAL_MODEL_CONFIDENCE,False
REC-C3D8A6912CD4B179,1.0,SYNTHETIC_LABEL_ONLY,1,SOURCE_TITLE_GROUNDED,1.0,NOT_REAL_MODEL_CONFIDENCE,False
REC-6BD6CBBC13D4212C,1.0,SYNTHETIC_LABEL_ONLY,1,SOURCE_TITLE_GROUNDED,1.0,NOT_REAL_MODEL_CONFIDENCE,False
REC-882F8D2BAD1F42CB,1.0,SYNTHETIC_LABEL_ONLY,1,SOURCE_TITLE_GROUNDED,1.0,NOT_REAL_MODEL_CONFIDENCE,False
REC-66754CAD1698F344,1.0,SYNTHETIC_LABEL_ONLY,1,SOURCE_TITLE_GROUNDED,1.0,NOT_REAL_MODEL_CONFIDENCE,False
REC-53B3E4DAB69FFEB7,1.0,SYNTHETIC_LABEL_ONLY,1,SOURCE_TITLE_GROUNDED,1.0,NOT_REAL_MODEL_CONFIDENCE,False
REC-EF5D8C14FC6FAD47,1.0,SYNTHETIC_LABEL_ONLY,1,SOURCE_TITLE_GROUNDED,1.0,NOT_REAL_MODEL_CONFIDENCE,False
REC-6E4B1AFE8A427996,1.0,SYNTHETIC_LABEL_ONLY,1,SOURCE_TITLE_GROUNDED,1.0,NOT_REAL_MODEL_CONFIDENCE,False
REC-7E9BB0FA4BE8E993,1.0,SYNTHETIC_LABEL_ONLY,1,SOURCE_TITLE_GROUNDED,1.0,NOT_REAL_MODEL_CONFIDENCE,False
REC-84DC902CEF1DA541,1.0,SYNTHETIC_LABEL_ONLY,1,SOURCE_TITLE_GROUNDED,1.0,NOT_REAL_MODEL_CONFIDENCE,False
REC-1864FBCB8BA6B4F6,1.0,SYNTHETIC_LABEL_ONLY,1,SOURCE_TITLE_GROUNDED,1.0,NOT_REAL_MODEL_CONFIDENCE,False
REC-46CE8A28CB488BBB,1.0,SYNTHETIC_LABEL_ONLY,1,SOURCE_TITLE_GROUNDED,1.0,NOT_REAL_MODEL_CONFIDENCE,False
REC-801C40D78EB0E7FB,1.0,SYNTHETIC_LABEL_ONLY,1,SOURCE_TITLE_GROUNDED,1.0,NOT_REAL_MODEL_CONFIDENCE,False
REC-01BC271943E09C09,1.0,SYNTHETIC_LABEL_ONLY,1,SOURCE_TITLE_GROUNDED,1.0,NOT_REAL_MODEL_CONFIDENCE,False
REC-1CB57DDFC4E18C79,1.0,SYNTHETIC_LABEL_ONLY,1,SOURCE_TITLE_GROUNDED,1.0,NOT_REAL_MODEL_CONFIDENCE,False
REC-AB9F0EE5FC98DB5D,1.0,SYNTHETIC_LABEL_ONLY,1,SOURCE_TITLE_GROUNDED,1.0,NOT_REAL_MODEL_CONFIDENCE,False
REC-3C0D354CB07998F1,1.0,SYNTHETIC_LABEL_ONLY,1,SOURCE_TITLE_GROUNDED,1.0,NOT_REAL_MODEL_CONFIDENCE,False
REC-BD855C1FE6402BA1,1.0,SYNTHETIC_LABEL_ONLY,1,SOURCE_TITLE_GROUNDED,1.0,NOT_REAL_MODEL_CONFIDENCE,False
REC-7A24993531087063,1.0,SYNTHETIC_LABEL_ONLY,1,SOURCE_TITLE_GROUNDED,1.0,NOT_REAL_MODEL_CONFIDENCE,False
REC-0C388C4C21F806A6,1.0,SYNTHETIC_LABEL_ONLY,1,SOURCE_TITLE_GROUNDED,1.0,NOT_REAL_MODEL_CONFIDENCE,False
REC-A29EED4AA1553788,1.0,SYNTHETIC_LABEL_ONLY,1,SOURCE_TITLE_GROUNDED,1.0,NOT_REAL_MODEL_CONFIDENCE,False
REC-435C563DE98CA160,1.0,SYNTHETIC_LABEL_ONLY,1,SOURCE_TITLE_GROUNDED,1.0,NOT_REAL_MODEL_CONFIDENCE,False
REC-9971A62063C4CFC8,1.0,SYNTHETIC_LABEL_ONLY,1,SOURCE_TITLE_GROUNDED,1.0,NOT_REAL_MODEL_CONFIDENCE,False
REC-1944D3A20647F7D2,1.0,SYNTHETIC_LABEL_ONLY,1,SOURCE_TITLE_GROUNDED,1.0,NOT_REAL_MODEL_CONFIDENCE,False
REC-2E3755D7C0F57B95,1.0,SYNTHETIC_LABEL_ONLY,1,SOURCE_TITLE_GROUNDED,1.0,NOT_REAL_MODEL_CONFIDENCE,False
REC-B0D7F6935A114E1E,1.0,SYNTHETIC_LABEL_ONLY,1,SOURCE_TITLE_GROUNDED,1.0,NOT_REAL_MODEL_CONFIDENCE,False
REC-6E938A2C15581D86,1.0,SYNTHETIC_LABEL_ONLY,1,SOURCE_TITLE_GROUNDED,1.0,NOT_REAL_MODEL_CONFIDENCE,False
REC-1E38696A49304553,1.0,SYNTHETIC_LABEL_ONLY,1,SOURCE_TITLE_GROUNDED,1.0,NOT_REAL_MODEL_CONFIDENCE,False
REC-880332F513D9442A,1.0,SYNTHETIC_LABEL_ONLY,1,SOURCE_TITLE_GROUNDED,1.0,NOT_REAL_MODEL_CONFIDENCE,False
REC-434E07EBCE0F9EAA,1.0,SYNTHETIC_LABEL_ONLY,1,SOURCE_TITLE_GROUNDED,1.0,NOT_REAL_MODEL_CONFIDENCE,False
REC-C41F568FBE5D87CA,1.0,SYNTHETIC_LABEL_ONLY,1,SOURCE_TITLE_GROUNDED,1.0,NOT_REAL_MODEL_CONFIDENCE,False
REC-054E9662CB98C7AF,1.0,SYNTHETIC_LABEL_ONLY,1,SOURCE_TITLE_GROUNDED,1.0,NOT_REAL_MODEL_CONFIDENCE,False
REC-40E131E07A6C46AC,1.0,SYNTHETIC_LABEL_ONLY,1,SOURCE_TITLE_GROUNDED,1.0,NOT_REAL_MODEL_CONFIDENCE,False
REC-C5BD488B91F34ADB,1.0,SYNTHETIC_LABEL_ONLY,1,SOURCE_TITLE_GROUNDED,1.0,NOT_REAL_MODEL_CONFIDENCE,False
REC-9255AD955A4925C1,1.0,SYNTHETIC_LABEL_ONLY,1,SOURCE_TITLE_GROUNDED,1.0,NOT_REAL_MODEL_CONFIDENCE,False
REC-AFD8C19C08BD68E1,1.0,SYNTHETIC_LABEL_ONLY,1,SOURCE_TITLE_GROUNDED,1.0,NOT_REAL_MODEL_CONFIDENCE,False
REC-F5DDB5D1D5F4FCED,1.0,SYNTHETIC_LABEL_ONLY,1,SOURCE_TITLE_GROUNDED,1.0,NOT_REAL_MODEL_CONFIDENCE,False
REC-3DCC6B3CC565E897,1.0,SYNTHETIC_LABEL_ONLY,1,SOURCE_TITLE_GROUNDED,1.0,NOT_REAL_MODEL_CONFIDENCE,False
REC-60C63A902C5DD3F3,1.0,SYNTHETIC_LABEL_ONLY,1,SOURCE_TITLE_GROUNDED,1.0,NOT_REAL_MODEL_CONFIDENCE,False
REC-85982E9F0F600239,1.0,SYNTHETIC_LABEL_ONLY,1,SOURCE_TITLE_GROUNDED,1.0,NOT_REAL_MODEL_CONFIDENCE,False
REC-8849889008512F02,1.0,SYNTHETIC_LABEL_ONLY,1,SOURCE_TITLE_GROUNDED,1.0,NOT_REAL_MODEL_CONFIDENCE,False
REC-EA307669111FA0E0,1.0,SYNTHETIC_LABEL_ONLY,1,SOURCE_TITLE_GROUNDED,1.0,NOT_REAL_MODEL_CONFIDENCE,False
REC-8CADCAD5AE6D5513,1.0,SYNTHETIC_LABEL_ONLY,1,SOURCE_TITLE_GROUNDED,1.0,NOT_REAL_MODEL_CONFIDENCE,False
REC-8E1EDCB6EA1A8EF8,1.0,SYNTHETIC_LABEL_ONLY,1,SOURCE_TITLE_GROUNDED,1.0,NOT_REAL_MODEL_CONFIDENCE,False
REC-265C5F628D3D6466,1.0,SYNTHETIC_LABEL_ONLY,1,SOURCE_TITLE_GROUNDED,1.0,NOT_REAL_MODEL_CONFIDENCE,False
REC-57874C2B58EB2E76,1.0,SYNTHETIC_LABEL_ONLY,1,SOURCE_TITLE_GROUNDED,1.0,NOT_REAL_MODEL_CONFIDENCE,False
REC-5ED0374141FD6CEA,1.0,SYNTHETIC_LABEL_ONLY,1,SOURCE_TITLE_GROUNDED,1.0,NOT_REAL_MODEL_CONFIDENCE,False
REC-5B7624C081833B94,1.0,SYNTHETIC_LABEL_ONLY,1,SOURCE_TITLE_GROUNDED,1.0,NOT_REAL_MODEL_CONFIDENCE,False
REC-CCF79585426E1816,1.0,SYNTHETIC_LABEL_ONLY,1,SOURCE_TITLE_GROUNDED,1.0,NOT_REAL_MODEL_CONFIDENCE,False
REC-6A1B30742B80A24B,1.0,SYNTHETIC_LABEL_ONLY,1,SOURCE_TITLE_GROUNDED,1.0,NOT_REAL_MODEL_CONFIDENCE,False
REC-9C65E7A4989FAC95,1.0,SYNTHETIC_LABEL_ONLY,1,SOURCE_TITLE_GROUNDED,1.0,NOT_REAL_MODEL_CONFIDENCE,False
REC-7C4DC9F43577A7F0,1.0,SYNTHETIC_LABEL_ONLY,1,SOURCE_TITLE_GROUNDED,1.0,NOT_REAL_MODEL_CONFIDENCE,False
REC-B912C7BB78EBDFAC,1.0,SYNTHETIC_LABEL_ONLY,1,SOURCE_TITLE_GROUNDED,1.0,NOT_REAL_MODEL_CONFIDENCE,False
REC-E706F448A461F129,1.0,SYNTHETIC_LABEL_ONLY,1,SOURCE_TITLE_GROUNDED,1.0,NOT_REAL_MODEL_CONFIDENCE,False
REC-F6D24AA95EFE02AF,1.0,SYNTHETIC_LABEL_ONLY,1,SOURCE_TITLE_GROUNDED,1.0,NOT_REAL_MODEL_CONFIDENCE,False
REC-1F0D85F6727FA6B7,1.0,SYNTHETIC_LABEL_ONLY,1,SOURCE_TITLE_GROUNDED,1.0,NOT_REAL_MODEL_CONFIDENCE,False
REC-4E36C4BDA1C56BC6,1.0,SYNTHETIC_LABEL_ONLY,1,SOURCE_TITLE_GROUNDED,1.0,NOT_REAL_MODEL_CONFIDENCE,False
REC-345D8BB5F54B1CA0,1.0,SYNTHETIC_LABEL_ONLY,1,SOURCE_TITLE_GROUNDED,1.0,NOT_REAL_MODEL_CONFIDENCE,False
REC-55756061DA90C430,1.0,SYNTHETIC_LABEL_ONLY,1,SOURCE_TITLE_GROUNDED,1.0,NOT_REAL_MODEL_CONFIDENCE,False
REC-5397589819DB550A,1.0,SYNTHETIC_LABEL_ONLY,1,SOURCE_TITLE_GROUNDED,1.0,NOT_REAL_MODEL_CONFIDENCE,False
REC-5E3414AC1122A67A,1.0,SYNTHETIC_LABEL_ONLY,1,SOURCE_TITLE_GROUNDED,1.0,NOT_REAL_MODEL_CONFIDENCE,False
REC-711A430AD966492B,1.0,SYNTHETIC_LABEL_ONLY,1,SOURCE_TITLE_GROUNDED,1.0,NOT_REAL_MODEL_CONFIDENCE,False
REC-A1851F0B8DAA6BA6,1.0,SYNTHETIC_LABEL_ONLY,1,SOURCE_TITLE_GROUNDED,1.0,NOT_REAL_MODEL_CONFIDENCE,False
REC-E5FC573476BB6304,1.0,SYNTHETIC_LABEL_ONLY,1,SOURCE_TITLE_GROUNDED,1.0,NOT_REAL_MODEL_CONFIDENCE,False
REC-F64E07E316DCECC3,1.0,SYNTHETIC_LABEL_ONLY,1,SOURCE_TITLE_GROUNDED,1.0,NOT_REAL_MODEL_CONFIDENCE,False
REC-0B38EDAB435D1C55,1.0,SYNTHETIC_LABEL_ONLY,1,SOURCE_TITLE_GROUNDED,1.0,NOT_REAL_MODEL_CONFIDENCE,False
REC-081A65218D35BB47,1.0,SYNTHETIC_LABEL_ONLY,1,SOURCE_TITLE_GROUNDED,1.0,NOT_REAL_MODEL_CONFIDENCE,False
REC-62730ACC7D00844A,1.0,SYNTHETIC_LABEL_ONLY,1,SOURCE_TITLE_GROUNDED,1.0,NOT_REAL_MODEL_CONFIDENCE,False
REC-806C05F6B3A5D6B1,1.0,SYNTHETIC_LABEL_ONLY,1,SOURCE_TITLE_GROUNDED,1.0,NOT_REAL_MODEL_CONFIDENCE,False
REC-3753D7AE7F7C1A3E,1.0,SYNTHETIC_LABEL_ONLY,1,SOURCE_TITLE_GROUNDED,1.0,NOT_REAL_MODEL_CONFIDENCE,False
REC-E04358D4820DE9BE,1.0,SYNTHETIC_LABEL_ONLY,1,SOURCE_TITLE_GROUNDED,1.0,NOT_REAL_MODEL_CONFIDENCE,False
REC-D5A744ED0DDA937B,1.0,SYNTHETIC_LABEL_ONLY,1,SOURCE_TITLE_GROUNDED,1.0,NOT_REAL_MODEL_CONFIDENCE,False
REC-C37B31C2DA744C0D,1.0,SYNTHETIC_LABEL_ONLY,1,SOURCE_TITLE_GROUNDED,1.0,NOT_REAL_MODEL_CONFIDENCE,False
REC-9F7C4665AF50F73D,1.0,SYNTHETIC_LABEL_ONLY,1,SOURCE_TITLE_GROUNDED,1.0,NOT_REAL_MODEL_CONFIDENCE,False
REC-A48FD866FE41F240,1.0,SYNTHETIC_LABEL_ONLY,1,SOURCE_TITLE_GROUNDED,1.0,NOT_REAL_MODEL_CONFIDENCE,False
REC-495A15DD1FFA3773,1.0,SYNTHETIC_LABEL_ONLY,1,SOURCE_TITLE_GROUNDED,1.0,NOT_REAL_MODEL_CONFIDENCE,False
REC-A67A88C661492803,1.0,SYNTHETIC_LABEL_ONLY,1,SOURCE_TITLE_GROUNDED,1.0,NOT_REAL_MODEL_CONFIDENCE,False
REC-241414F2A2100C91,1.0,SYNTHETIC_LABEL_ONLY,1,SOURCE_TITLE_GROUNDED,1.0,NOT_REAL_MODEL_CONFIDENCE,False
REC-B0849EB12185EF16,1.0,SYNTHETIC_LABEL_ONLY,1,SOURCE_TITLE_GROUNDED,1.0,NOT_REAL_MODEL_CONFIDENCE,False
REC-DFAAC21CDB56BF87,1.0,SYNTHETIC_LABEL_ONLY,1,SOURCE_TITLE_GROUNDED,1.0,NOT_REAL_MODEL_CONFIDENCE,False
REC-F1E43CD1D039D7EF,1.0,SYNTHETIC_LABEL_ONLY,1,SOURCE_TITLE_GROUNDED,1.0,NOT_REAL_MODEL_CONFIDENCE,False
REC-8F679BC78C2DE10C,1.0,SYNTHETIC_LABEL_ONLY,1,SOURCE_TITLE_GROUNDED,1.0,NOT_REAL_MODEL_CONFIDENCE,False
REC-EC65991B3A6E9DAF,1.0,SYNTHETIC_LABEL_ONLY,1,SOURCE_TITLE_GROUNDED,1.0,NOT_REAL_MODEL_CONFIDENCE,False
REC-571273EB59D85800,1.0,SYNTHETIC_LABEL_ONLY,1,SOURCE_TITLE_GROUNDED,1.0,NOT_REAL_MODEL_CONFIDENCE,False
REC-DAAD167717066311,1.0,SYNTHETIC_LABEL_ONLY,1,SOURCE_TITLE_GROUNDED,1.0,NOT_REAL_MODEL_CONFIDENCE,False
REC-A65484E2D5FF6B00,1.0,SYNTHETIC_LABEL_ONLY,1,SOURCE_TITLE_GROUNDED,1.0,NOT_REAL_MODEL_CONFIDENCE,False
REC-54D87B5A3A15D054,1.0,SYNTHETIC_LABEL_ONLY,1,SOURCE_TITLE_GROUNDED,1.0,NOT_REAL_MODEL_CONFIDENCE,False
REC-C7523063E10BB9A3,1.0,SYNTHETIC_LABEL_ONLY,1,SOURCE_TITLE_GROUNDED,1.0,NOT_REAL_MODEL_CONFIDENCE,False
REC-20D2ED24720B7B62,1.0,SYNTHETIC_LABEL_ONLY,1,SOURCE_TITLE_GROUNDED,1.0,NOT_REAL_MODEL_CONFIDENCE,False
REC-A029E5123C9E7F76,1.0,SYNTHETIC_LABEL_ONLY,1,SOURCE_TITLE_GROUNDED,1.0,NOT_REAL_MODEL_CONFIDENCE,False
REC-3DA3998D3195FD24,1.0,SYNTHETIC_LABEL_ONLY,1,SOURCE_TITLE_GROUNDED,1.0,NOT_REAL_MODEL_CONFIDENCE,False
REC-DBD8A7A576149CA5,1.0,SYNTHETIC_LABEL_ONLY,1,SOURCE_TITLE_GROUNDED,1.0,NOT_REAL_MODEL_CONFIDENCE,False
REC-E051A549A3A7BA68,1.0,SYNTHETIC_LABEL_ONLY,1,SOURCE_TITLE_GROUNDED,1.0,NOT_REAL_MODEL_CONFIDENCE,False
REC-943CA2CD2A1828DF,1.0,SYNTHETIC_LABEL_ONLY,1,SOURCE_TITLE_GROUNDED,1.0,NOT_REAL_MODEL_CONFIDENCE,False
REC-BCBA471D3ABC6412,1.0,SYNTHETIC_LABEL_ONLY,1,SOURCE_TITLE_GROUNDED,1.0,NOT_REAL_MODEL_CONFIDENCE,False
REC-56310FB61BDF4B7F,1.0,SYNTHETIC_LABEL_ONLY,1,SOURCE_TITLE_GROUNDED,1.0,NOT_REAL_MODEL_CONFIDENCE,False
REC-E62CA6416AF262AC,1.0,SYNTHETIC_LABEL_ONLY,1,SOURCE_TITLE_GROUNDED,1.0,NOT_REAL_MODEL_CONFIDENCE,False
REC-7CA3FB074C910B67,1.0,SYNTHETIC_LABEL_ONLY,1,SOURCE_TITLE_GROUNDED,1.0,NOT_REAL_MODEL_CONFIDENCE,False
REC-5359C398A9D904CF,1.0,SYNTHETIC_LABEL_ONLY,1,SOURCE_TITLE_GROUNDED,1.0,NOT_REAL_MODEL_CONFIDENCE,False
REC-B3919CA5AD708605,1.0,SYNTHETIC_LABEL_ONLY,1,SOURCE_TITLE_GROUNDED,1.0,NOT_REAL_MODEL_CONFIDENCE,False
REC-C8A03F6869168091,1.0,SYNTHETIC_LABEL_ONLY,1,SOURCE_TITLE_GROUNDED,1.0,NOT_REAL_MODEL_CONFIDENCE,False
REC-494CA4FF18B8D76E,1.0,SYNTHETIC_LABEL_ONLY,1,SOURCE_TITLE_GROUNDED,1.0,NOT_REAL_MODEL_CONFIDENCE,False
REC-38CF95F15D6BF969,1.0,SYNTHETIC_LABEL_ONLY,1,SOURCE_TITLE_GROUNDED,1.0,NOT_REAL_MODEL_CONFIDENCE,False
REC-077F806706A26370,1.0,SYNTHETIC_LABEL_ONLY,1,SOURCE_TITLE_GROUNDED,1.0,NOT_REAL_MODEL_CONFIDENCE,False
REC-34EE2F61D4C2801C,1.0,SYNTHETIC_LABEL_ONLY,1,SOURCE_TITLE_GROUNDED,1.0,NOT_REAL_MODEL_CONFIDENCE,False
REC-281C7967A470B34D,1.0,SYNTHETIC_LABEL_ONLY,1,SOURCE_TITLE_GROUNDED,1.0,NOT_REAL_MODEL_CONFIDENCE,False
REC-9D01D24E516E4EE0,1.0,SYNTHETIC_LABEL_ONLY,1,SOURCE_TITLE_GROUNDED,1.0,NOT_REAL_MODEL_CONFIDENCE,False
REC-F588555BC846FE32,1.0,SYNTHETIC_LABEL_ONLY,1,SOURCE_TITLE_GROUNDED,1.0,NOT_REAL_MODEL_CONFIDENCE,False
REC-00A95E9AFBF9D535,1.0,SYNTHETIC_LABEL_ONLY,1,SOURCE_TITLE_GROUNDED,1.0,NOT_REAL_MODEL_CONFIDENCE,False
REC-9A6F02D351809D37,1.0,SYNTHETIC_LABEL_ONLY,1,SOURCE_TITLE_GROUNDED,1.0,NOT_REAL_MODEL_CONFIDENCE,False
REC-415D202656F4B68F,1.0,SYNTHETIC_LABEL_ONLY,1,SOURCE_TITLE_GROUNDED,1.0,NOT_REAL_MODEL_CONFIDENCE,False
REC-3EE7CBBB3A0C6CDB,1.0,SYNTHETIC_LABEL_ONLY,1,SOURCE_TITLE_GROUNDED,1.0,NOT_REAL_MODEL_CONFIDENCE,False
REC-0567A6C6918FBCDF,1.0,SYNTHETIC_LABEL_ONLY,1,SOURCE_TITLE_GROUNDED,1.0,NOT_REAL_MODEL_CONFIDENCE,False
REC-6CDD2717A9B4C012,1.0,SYNTHETIC_LABEL_ONLY,1,SOURCE_TITLE_GROUNDED,1.0,NOT_REAL_MODEL_CONFIDENCE,False
REC-36A647432B394962,1.0,SYNTHETIC_LABEL_ONLY,1,SOURCE_TITLE_GROUNDED,1.0,NOT_REAL_MODEL_CONFIDENCE,False
REC-4967959893472851,1.0,SYNTHETIC_LABEL_ONLY,1,SOURCE_TITLE_GROUNDED,1.0,NOT_REAL_MODEL_CONFIDENCE,False
REC-6DA1C42D87BA7229,1.0,SYNTHETIC_LABEL_ONLY,1,SOURCE_TITLE_GROUNDED,1.0,NOT_REAL_MODEL_CONFIDENCE,False
REC-8837181ADD4D7F23,1.0,SYNTHETIC_LABEL_ONLY,1,SOURCE_TITLE_GROUNDED,1.0,NOT_REAL_MODEL_CONFIDENCE,False
REC-818620F66A0E17C8,1.0,SYNTHETIC_LABEL_ONLY,1,SOURCE_TITLE_GROUNDED,1.0,NOT_REAL_MODEL_CONFIDENCE,False
REC-8B2AB38BD53BE1CE,1.0,SYNTHETIC_LABEL_ONLY,1,SOURCE_TITLE_GROUNDED,1.0,NOT_REAL_MODEL_CONFIDENCE,False
REC-FEC0450D9ADAC765,1.0,SYNTHETIC_LABEL_ONLY,1,SOURCE_TITLE_GROUNDED,1.0,NOT_REAL_MODEL_CONFIDENCE,False
REC-E3876E7D38896371,1.0,SYNTHETIC_LABEL_ONLY,1,SOURCE_TITLE_GROUNDED,1.0,NOT_REAL_MODEL_CONFIDENCE,False
REC-CF34F760014078B5,1.0,SYNTHETIC_LABEL_ONLY,1,SOURCE_TITLE_GROUNDED,1.0,NOT_REAL_MODEL_CONFIDENCE,False
REC-D3BA53ADEC91A2C3,1.0,SYNTHETIC_LABEL_ONLY,1,SOURCE_TITLE_GROUNDED,1.0,NOT_REAL_MODEL_CONFIDENCE,False
REC-A2F91C45D3323BE1,1.0,SYNTHETIC_LABEL_ONLY,1,SOURCE_TITLE_GROUNDED,1.0,NOT_REAL_MODEL_CONFIDENCE,False
REC-6D86CA7E6D1A3F56,1.0,SYNTHETIC_LABEL_ONLY,1,SOURCE_TITLE_GROUNDED,1.0,NOT_REAL_MODEL_CONFIDENCE,False
REC-DF4D10054576866D,1.0,SYNTHETIC_LABEL_ONLY,1,SOURCE_TITLE_GROUNDED,1.0,NOT_REAL_MODEL_CONFIDENCE,False
REC-8762CF61ED3DF62B,1.0,SYNTHETIC_LABEL_ONLY,1,SOURCE_TITLE_GROUNDED,1.0,NOT_REAL_MODEL_CONFIDENCE,False
REC-797C89B0DB6C3D67,1.0,SYNTHETIC_LABEL_ONLY,1,SOURCE_TITLE_GROUNDED,1.0,NOT_REAL_MODEL_CONFIDENCE,False
REC-3C61C44B975FC1D8,1.0,SYNTHETIC_LABEL_ONLY,1,SOURCE_TITLE_GROUNDED,1.0,NOT_REAL_MODEL_CONFIDENCE,False
REC-63801AEE71CF33A3,1.0,SYNTHETIC_LABEL_ONLY,1,SOURCE_TITLE_GROUNDED,1.0,NOT_REAL_MODEL_CONFIDENCE,False
REC-9E1FC0F6321D62F3,1.0,SYNTHETIC_LABEL_ONLY,1,SOURCE_TITLE_GROUNDED,1.0,NOT_REAL_MODEL_CONFIDENCE,False
REC-E2C803CAD9925B1A,1.0,SYNTHETIC_LABEL_ONLY,1,SOURCE_TITLE_GROUNDED,1.0,NOT_REAL_MODEL_CONFIDENCE,False
REC-D978818D2E017BC5,1.0,SYNTHETIC_LABEL_ONLY,1,SOURCE_TITLE_GROUNDED,1.0,NOT_REAL_MODEL_CONFIDENCE,False
REC-38ACDBAFBE027FD7,1.0,SYNTHETIC_LABEL_ONLY,1,SOURCE_TITLE_GROUNDED,1.0,NOT_REAL_MODEL_CONFIDENCE,False
REC-6104C6BA2B33F622,1.0,SYNTHETIC_LABEL_ONLY,1,SOURCE_TITLE_GROUNDED,1.0,NOT_REAL_MODEL_CONFIDENCE,False
REC-AEE986BD1604582B,1.0,SYNTHETIC_LABEL_ONLY,1,SOURCE_TITLE_GROUNDED,1.0,NOT_REAL_MODEL_CONFIDENCE,False
REC-9A9267C684F63DFB,1.0,SYNTHETIC_LABEL_ONLY,1,SOURCE_TITLE_GROUNDED,1.0,NOT_REAL_MODEL_CONFIDENCE,False
REC-D09AACBE78B87347,1.0,SYNTHETIC_LABEL_ONLY,1,SOURCE_TITLE_GROUNDED,1.0,NOT_REAL_MODEL_CONFIDENCE,False
REC-1512018AB7228D3A,1.0,SYNTHETIC_LABEL_ONLY,1,SOURCE_TITLE_GROUNDED,1.0,NOT_REAL_MODEL_CONFIDENCE,False
REC-DA18C3BB54251BA8,1.0,SYNTHETIC_LABEL_ONLY,1,SOURCE_TITLE_GROUNDED,1.0,NOT_REAL_MODEL_CONFIDENCE,False
REC-3767C94AB45E96FF,1.0,SYNTHETIC_LABEL_ONLY,1,SOURCE_TITLE_GROUNDED,1.0,NOT_REAL_MODEL_CONFIDENCE,False
REC-E0F037E79EF4CE12,1.0,SYNTHETIC_LABEL_ONLY,1,SOURCE_TITLE_GROUNDED,1.0,NOT_REAL_MODEL_CONFIDENCE,False
REC-0EFFA766546EE1D4,1.0,SYNTHETIC_LABEL_ONLY,1,SOURCE_TITLE_GROUNDED,1.0,NOT_REAL_MODEL_CONFIDENCE,False
REC-A6EA8596683FFE08,1.0,SYNTHETIC_LABEL_ONLY,1,SOURCE_TITLE_GROUNDED,1.0,NOT_REAL_MODEL_CONFIDENCE,False
REC-EE2B7B6A97071466,1.0,SYNTHETIC_LABEL_ONLY,1,SOURCE_TITLE_GROUNDED,1.0,NOT_REAL_MODEL_CONFIDENCE,False
REC-25375B26D0570162,1.0,SYNTHETIC_LABEL_ONLY,1,SOURCE_TITLE_GROUNDED,1.0,NOT_REAL_MODEL_CONFIDENCE,False
REC-531B4281C1CBEFEC,1.0,SYNTHETIC_LABEL_ONLY,1,SOURCE_TITLE_GROUNDED,1.0,NOT_REAL_MODEL_CONFIDENCE,False
REC-5F6C56CDE2A6397C,1.0,SYNTHETIC_LABEL_ONLY,1,SOURCE_TITLE_GROUNDED,1.0,NOT_REAL_MODEL_CONFIDENCE,False
REC-4EA511DFC2F442EF,1.0,SYNTHETIC_LABEL_ONLY,1,SOURCE_TITLE_GROUNDED,1.0,NOT_REAL_MODEL_CONFIDENCE,False
REC-98A2F5AAABBFDB3E,1.0,SYNTHETIC_LABEL_ONLY,1,SOURCE_TITLE_GROUNDED,1.0,NOT_REAL_MODEL_CONFIDENCE,False
REC-5FD1F9CDFEA0C380,1.0,SYNTHETIC_LABEL_ONLY,1,SOURCE_TITLE_GROUNDED,1.0,NOT_REAL_MODEL_CONFIDENCE,False
REC-BF5F132E6B32559B,1.0,SYNTHETIC_LABEL_ONLY,1,SOURCE_TITLE_GROUNDED,1.0,NOT_REAL_MODEL_CONFIDENCE,False
REC-44B6D7276D3C1879,1.0,SYNTHETIC_LABEL_ONLY,1,SOURCE_TITLE_GROUNDED,1.0,NOT_REAL_MODEL_CONFIDENCE,False
REC-5CDD0D098087F481,1.0,SYNTHETIC_LABEL_ONLY,1,SOURCE_TITLE_GROUNDED,1.0,NOT_REAL_MODEL_CONFIDENCE,False
REC-7DE1D67ABF63DF27,1.0,SYNTHETIC_LABEL_ONLY,1,SOURCE_TITLE_GROUNDED,1.0,NOT_REAL_MODEL_CONFIDENCE,False
REC-24883A1BC5738017,1.0,SYNTHETIC_LABEL_ONLY,1,SOURCE_TITLE_GROUNDED,1.0,NOT_REAL_MODEL_CONFIDENCE,False
REC-05AEE1B6EC8FBFE2,1.0,SYNTHETIC_LABEL_ONLY,1,SOURCE_TITLE_GROUNDED,1.0,NOT_REAL_MODEL_CONFIDENCE,False
REC-C6D793C9B2D48F44,1.0,SYNTHETIC_LABEL_ONLY,1,SOURCE_TITLE_GROUNDED,1.0,NOT_REAL_MODEL_CONFIDENCE,False
REC-C70C8AC129847100,1.0,SYNTHETIC_LABEL_ONLY,1,SOURCE_TITLE_GROUNDED,1.0,NOT_REAL_MODEL_CONFIDENCE,False
REC-F0E1ED0FD9C56F27,1.0,SYNTHETIC_LABEL_ONLY,1,SOURCE_TITLE_GROUNDED,1.0,NOT_REAL_MODEL_CONFIDENCE,False
REC-2A5EEF4A79035BD7,1.0,SYNTHETIC_LABEL_ONLY,1,SOURCE_TITLE_GROUNDED,1.0,NOT_REAL_MODEL_CONFIDENCE,False
REC-7EC5736C1719E888,1.0,SYNTHETIC_LABEL_ONLY,1,SOURCE_TITLE_GROUNDED,1.0,NOT_REAL_MODEL_CONFIDENCE,False
REC-9572D8287384C298,1.0,SYNTHETIC_LABEL_ONLY,1,SOURCE_TITLE_GROUNDED,1.0,NOT_REAL_MODEL_CONFIDENCE,False
REC-85ECD2AD7BD0275E,1.0,SYNTHETIC_LABEL_ONLY,1,SOURCE_TITLE_GROUNDED,1.0,NOT_REAL_MODEL_CONFIDENCE,False
REC-4F1B62572CD9B907,1.0,SYNTHETIC_LABEL_ONLY,1,SOURCE_TITLE_GROUNDED,1.0,NOT_REAL_MODEL_CONFIDENCE,False
REC-A7F3B276E45F38F9,1.0,SYNTHETIC_LABEL_ONLY,1,SOURCE_TITLE_GROUNDED,1.0,NOT_REAL_MODEL_CONFIDENCE,False
REC-B180C8AA0CC91DDB,1.0,SYNTHETIC_LABEL_ONLY,1,SOURCE_TITLE_GROUNDED,1.0,NOT_REAL_MODEL_CONFIDENCE,False
REC-D12066B5A56E0BF1,1.0,SYNTHETIC_LABEL_ONLY,1,SOURCE_TITLE_GROUNDED,1.0,NOT_REAL_MODEL_CONFIDENCE,False
REC-2DAA07D44D6C1C81,1.0,SYNTHETIC_LABEL_ONLY,1,SOURCE_TITLE_GROUNDED,1.0,NOT_REAL_MODEL_CONFIDENCE,False
REC-952AA1D9B6C0D97E,1.0,SYNTHETIC_LABEL_ONLY,1,SOURCE_TITLE_GROUNDED,1.0,NOT_REAL_MODEL_CONFIDENCE,False
REC-38DE46235532A573,1.0,SYNTHETIC_LABEL_ONLY,1,SOURCE_TITLE_GROUNDED,1.0,NOT_REAL_MODEL_CONFIDENCE,False
REC-5CD8DDD04672F2C0,1.0,SYNTHETIC_LABEL_ONLY,1,SOURCE_TITLE_GROUNDED,1.0,NOT_REAL_MODEL_CONFIDENCE,False
REC-504812027A30FC8E,1.0,SYNTHETIC_LABEL_ONLY,1,SOURCE_TITLE_GROUNDED,1.0,NOT_REAL_MODEL_CONFIDENCE,False
REC-0EF1986C4EE8E951,1.0,SYNTHETIC_LABEL_ONLY,1,SOURCE_TITLE_GROUNDED,1.0,NOT_REAL_MODEL_CONFIDENCE,False
REC-E65FCBB91E223567,1.0,SYNTHETIC_LABEL_ONLY,1,SOURCE_TITLE_GROUNDED,1.0,NOT_REAL_MODEL_CONFIDENCE,False
REC-A65FE6EAC8F81BF5,1.0,SYNTHETIC_LABEL_ONLY,1,SOURCE_TITLE_GROUNDED,1.0,NOT_REAL_MODEL_CONFIDENCE,False
REC-2FCE703EA7D60FEE,1.0,SYNTHETIC_LABEL_ONLY,1,SOURCE_TITLE_GROUNDED,1.0,NOT_REAL_MODEL_CONFIDENCE,False
REC-9B0127862FC57B78,1.0,SYNTHETIC_LABEL_ONLY,1,SOURCE_TITLE_GROUNDED,1.0,NOT_REAL_MODEL_CONFIDENCE,False
REC-F68A58B8E9D82FA3,1.0,SYNTHETIC_LABEL_ONLY,1,SOURCE_TITLE_GROUNDED,1.0,NOT_REAL_MODEL_CONFIDENCE,False
REC-035A38D379DD2C9F,1.0,SYNTHETIC_LABEL_ONLY,1,SOURCE_TITLE_GROUNDED,1.0,NOT_REAL_MODEL_CONFIDENCE,False
REC-F0D1F76781A27AB3,1.0,SYNTHETIC_LABEL_ONLY,1,SOURCE_TITLE_GROUNDED,1.0,NOT_REAL_MODEL_CONFIDENCE,False
REC-591C191168C4E92E,1.0,SYNTHETIC_LABEL_ONLY,1,SOURCE_TITLE_GROUNDED,1.0,NOT_REAL_MODEL_CONFIDENCE,False
REC-09EEE717903F4357,1.0,SYNTHETIC_LABEL_ONLY,1,SOURCE_TITLE_GROUNDED,1.0,NOT_REAL_MODEL_CONFIDENCE,False
REC-1FFBBDDCBA085BE3,1.0,SYNTHETIC_LABEL_ONLY,1,SOURCE_TITLE_GROUNDED,1.0,NOT_REAL_MODEL_CONFIDENCE,False
REC-4EAAE54CC8696E4A,1.0,SYNTHETIC_LABEL_ONLY,1,SOURCE_TITLE_GROUNDED,1.0,NOT_REAL_MODEL_CONFIDENCE,False
REC-38C9C22A5FB38C63,1.0,SYNTHETIC_LABEL_ONLY,1,SOURCE_TITLE_GROUNDED,1.0,NOT_REAL_MODEL_CONFIDENCE,False
REC-1DE6CB7B65E5D6FB,1.0,SYNTHETIC_LABEL_ONLY,1,SOURCE_TITLE_GROUNDED,1.0,NOT_REAL_MODEL_CONFIDENCE,False
REC-978DAE2B5E7DCD6C,1.0,SYNTHETIC_LABEL_ONLY,1,SOURCE_TITLE_GROUNDED,1.0,NOT_REAL_MODEL_CONFIDENCE,False
REC-90FBF418F3B28BCF,1.0,SYNTHETIC_LABEL_ONLY,1,SOURCE_TITLE_GROUNDED,1.0,NOT_REAL_MODEL_CONFIDENCE,False
REC-C881D646C6823829,1.0,SYNTHETIC_LABEL_ONLY,1,SOURCE_TITLE_GROUNDED,1.0,NOT_REAL_MODEL_CONFIDENCE,False
REC-AC5A10990EBEBAAC,1.0,SYNTHETIC_LABEL_ONLY,1,SOURCE_TITLE_GROUNDED,1.0,NOT_REAL_MODEL_CONFIDENCE,False
REC-D2C8DA21CC829C2A,1.0,SYNTHETIC_LABEL_ONLY,1,SOURCE_TITLE_GROUNDED,1.0,NOT_REAL_MODEL_CONFIDENCE,False
REC-D9F0625C66850DC5,1.0,SYNTHETIC_LABEL_ONLY,1,SOURCE_TITLE_GROUNDED,1.0,NOT_REAL_MODEL_CONFIDENCE,False
REC-682A0F6D7338999F,1.0,SYNTHETIC_LABEL_ONLY,1,SOURCE_TITLE_GROUNDED,1.0,NOT_REAL_MODEL_CONFIDENCE,False
REC-E172ED3F984A4199,1.0,SYNTHETIC_LABEL_ONLY,1,SOURCE_TITLE_GROUNDED,1.0,NOT_REAL_MODEL_CONFIDENCE,False
REC-814FA46396938B55,1.0,SYNTHETIC_LABEL_ONLY,1,SOURCE_TITLE_GROUNDED,1.0,NOT_REAL_MODEL_CONFIDENCE,False
REC-971A75CAAE217BA9,1.0,SYNTHETIC_LABEL_ONLY,1,SOURCE_TITLE_GROUNDED,1.0,NOT_REAL_MODEL_CONFIDENCE,False
REC-526B881490C46175,1.0,SYNTHETIC_LABEL_ONLY,1,SOURCE_TITLE_GROUNDED,1.0,NOT_REAL_MODEL_CONFIDENCE,False
REC-0D482FE675762143,1.0,SYNTHETIC_LABEL_ONLY,1,SOURCE_TITLE_GROUNDED,1.0,NOT_REAL_MODEL_CONFIDENCE,False
REC-CDFC3D4C5B9B887D,1.0,SYNTHETIC_LABEL_ONLY,1,SOURCE_TITLE_GROUNDED,1.0,NOT_REAL_MODEL_CONFIDENCE,False
REC-74C952E4280ECCD0,1.0,SYNTHETIC_LABEL_ONLY,1,SOURCE_TITLE_GROUNDED,1.0,NOT_REAL_MODEL_CONFIDENCE,False
REC-7644F4ECECF45D58,1.0,SYNTHETIC_LABEL_ONLY,1,SOURCE_TITLE_GROUNDED,1.0,NOT_REAL_MODEL_CONFIDENCE,False
REC-8B1F8E7CB8D6DD73,1.0,SYNTHETIC_LABEL_ONLY,1,SOURCE_TITLE_GROUNDED,1.0,NOT_REAL_MODEL_CONFIDENCE,False
REC-061A31205BFB1A55,1.0,SYNTHETIC_LABEL_ONLY,1,SOURCE_TITLE_GROUNDED,1.0,NOT_REAL_MODEL_CONFIDENCE,False
REC-006D831679786645,1.0,SYNTHETIC_LABEL_ONLY,1,SOURCE_TITLE_GROUNDED,1.0,NOT_REAL_MODEL_CONFIDENCE,False
REC-37BE51EF45AC5105,1.0,SYNTHETIC_LABEL_ONLY,1,SOURCE_TITLE_GROUNDED,1.0,NOT_REAL_MODEL_CONFIDENCE,False
REC-AE42BA6DF80C41DA,1.0,SYNTHETIC_LABEL_ONLY,1,SOURCE_TITLE_GROUNDED,1.0,NOT_REAL_MODEL_CONFIDENCE,False
REC-DB14A2E1D5EA3918,1.0,SYNTHETIC_LABEL_ONLY,1,SOURCE_TITLE_GROUNDED,1.0,NOT_REAL_MODEL_CONFIDENCE,False
REC-36822358E874CF85,1.0,SYNTHETIC_LABEL_ONLY,1,SOURCE_TITLE_GROUNDED,1.0,NOT_REAL_MODEL_CONFIDENCE,False
REC-32CF78E72AB172E8,1.0,SYNTHETIC_LABEL_ONLY,1,SOURCE_TITLE_GROUNDED,1.0,NOT_REAL_MODEL_CONFIDENCE,False
REC-ECBBA07B74B4D114,1.0,SYNTHETIC_LABEL_ONLY,1,SOURCE_TITLE_GROUNDED,1.0,NOT_REAL_MODEL_CONFIDENCE,False
REC-3D69AEA24C27E2A8,1.0,SYNTHETIC_LABEL_ONLY,1,SOURCE_TITLE_GROUNDED,1.0,NOT_REAL_MODEL_CONFIDENCE,False
REC-1EF72626E38A91D9,1.0,SYNTHETIC_LABEL_ONLY,1,SOURCE_TITLE_GROUNDED,1.0,NOT_REAL_MODEL_CONFIDENCE,False
REC-E8929C4BF85DB0A3,1.0,SYNTHETIC_LABEL_ONLY,1,SOURCE_TITLE_GROUNDED,1.0,NOT_REAL_MODEL_CONFIDENCE,False
REC-6444C64177B220CD,1.0,SYNTHETIC_LABEL_ONLY,1,SOURCE_TITLE_GROUNDED,1.0,NOT_REAL_MODEL_CONFIDENCE,False
REC-A801D318482458FD,1.0,SYNTHETIC_LABEL_ONLY,1,SOURCE_TITLE_GROUNDED,1.0,NOT_REAL_MODEL_CONFIDENCE,False
REC-8A8CC902DC991923,1.0,SYNTHETIC_LABEL_ONLY,1,SOURCE_TITLE_GROUNDED,1.0,NOT_REAL_MODEL_CONFIDENCE,False
REC-064EE1C9DFAAA023,1.0,SYNTHETIC_LABEL_ONLY,1,SOURCE_TITLE_GROUNDED,1.0,NOT_REAL_MODEL_CONFIDENCE,False
REC-DDBA75D16D60F011,1.0,SYNTHETIC_LABEL_ONLY,1,SOURCE_TITLE_GROUNDED,1.0,NOT_REAL_MODEL_CONFIDENCE,False
REC-31083F4E10101D01,1.0,SYNTHETIC_LABEL_ONLY,1,SOURCE_TITLE_GROUNDED,1.0,NOT_REAL_MODEL_CONFIDENCE,False
REC-4F752E3B919F8DE3,1.0,SYNTHETIC_LABEL_ONLY,1,SOURCE_TITLE_GROUNDED,1.0,NOT_REAL_MODEL_CONFIDENCE,False
REC-A3A7CEE476F42EE9,1.0,SYNTHETIC_LABEL_ONLY,1,SOURCE_TITLE_GROUNDED,1.0,NOT_REAL_MODEL_CONFIDENCE,False
REC-123333F3F9468490,1.0,SYNTHETIC_LABEL_ONLY,1,SOURCE_TITLE_GROUNDED,1.0,NOT_REAL_MODEL_CONFIDENCE,False
REC-1A3408158DE6E1C3,1.0,SYNTHETIC_LABEL_ONLY,1,SOURCE_TITLE_GROUNDED,1.0,NOT_REAL_MODEL_CONFIDENCE,False
REC-5C5B0E024F50B0D9,1.0,SYNTHETIC_LABEL_ONLY,1,SOURCE_TITLE_GROUNDED,1.0,NOT_REAL_MODEL_CONFIDENCE,False
REC-E6D20A9D23342DA0,1.0,SYNTHETIC_LABEL_ONLY,1,SOURCE_TITLE_GROUNDED,1.0,NOT_REAL_MODEL_CONFIDENCE,False
REC-358008810920B6B9,1.0,SYNTHETIC_LABEL_ONLY,1,SOURCE_TITLE_GROUNDED,1.0,NOT_REAL_MODEL_CONFIDENCE,False
REC-6816AE90C414CA5D,1.0,SYNTHETIC_LABEL_ONLY,1,SOURCE_TITLE_GROUNDED,1.0,NOT_REAL_MODEL_CONFIDENCE,False
REC-8119715B950F8F3A,1.0,SYNTHETIC_LABEL_ONLY,1,SOURCE_TITLE_GROUNDED,1.0,NOT_REAL_MODEL_CONFIDENCE,False
REC-F1203776C396D4D2,1.0,SYNTHETIC_LABEL_ONLY,1,SOURCE_TITLE_GROUNDED,1.0,NOT_REAL_MODEL_CONFIDENCE,False
REC-6747A2AE55450CAE,1.0,SYNTHETIC_LABEL_ONLY,1,SOURCE_TITLE_GROUNDED,1.0,NOT_REAL_MODEL_CONFIDENCE,False
REC-D1B7887CEE8EF818,1.0,SYNTHETIC_LABEL_ONLY,1,SOURCE_TITLE_GROUNDED,1.0,NOT_REAL_MODEL_CONFIDENCE,False
REC-45A37DD75C601995,1.0,SYNTHETIC_LABEL_ONLY,1,SOURCE_TITLE_GROUNDED,1.0,NOT_REAL_MODEL_CONFIDENCE,False
REC-52FEA288A8B27139,1.0,SYNTHETIC_LABEL_ONLY,1,SOURCE_TITLE_GROUNDED,1.0,NOT_REAL_MODEL_CONFIDENCE,False
REC-FE317858CCDB6B10,1.0,SYNTHETIC_LABEL_ONLY,1,SOURCE_TITLE_GROUNDED,1.0,NOT_REAL_MODEL_CONFIDENCE,False
REC-D8D77B3AED07FA9E,1.0,SYNTHETIC_LABEL_ONLY,1,SOURCE_TITLE_GROUNDED,1.0,NOT_REAL_MODEL_CONFIDENCE,False
REC-065F1E7F283CCBF6,1.0,SYNTHETIC_LABEL_ONLY,1,SOURCE_TITLE_GROUNDED,1.0,NOT_REAL_MODEL_CONFIDENCE,False
REC-2A363CBC444B8FF7,1.0,SYNTHETIC_LABEL_ONLY,1,SOURCE_TITLE_GROUNDED,1.0,NOT_REAL_MODEL_CONFIDENCE,False
REC-B9B0BE8027955C0F,1.0,SYNTHETIC_LABEL_ONLY,1,SOURCE_TITLE_GROUNDED,1.0,NOT_REAL_MODEL_CONFIDENCE,False
REC-649D4FDDC3D920B1,1.0,SYNTHETIC_LABEL_ONLY,1,SOURCE_TITLE_GROUNDED,1.0,NOT_REAL_MODEL_CONFIDENCE,False
REC-150413C485B15739,1.0,SYNTHETIC_LABEL_ONLY,1,SOURCE_TITLE_GROUNDED,1.0,NOT_REAL_MODEL_CONFIDENCE,False
REC-F50C21480746CCB2,1.0,SYNTHETIC_LABEL_ONLY,1,SOURCE_TITLE_GROUNDED,1.0,NOT_REAL_MODEL_CONFIDENCE,False
REC-CF94D03407315C0B,1.0,SYNTHETIC_LABEL_ONLY,1,SOURCE_TITLE_GROUNDED,1.0,NOT_REAL_MODEL_CONFIDENCE,False
REC-F2C215BE1F9E1274,1.0,SYNTHETIC_LABEL_ONLY,1,SOURCE_TITLE_GROUNDED,1.0,NOT_REAL_MODEL_CONFIDENCE,False
REC-9C5B8D98BDD0B8A9,1.0,SYNTHETIC_LABEL_ONLY,1,SOURCE_TITLE_GROUNDED,1.0,NOT_REAL_MODEL_CONFIDENCE,False
REC-2E07A2B40A248782,1.0,SYNTHETIC_LABEL_ONLY,1,SOURCE_TITLE_GROUNDED,1.0,NOT_REAL_MODEL_CONFIDENCE,False
REC-86BE7E234D69A500,1.0,SYNTHETIC_LABEL_ONLY,1,SOURCE_TITLE_GROUNDED,1.0,NOT_REAL_MODEL_CONFIDENCE,False
REC-8F49251FD17EA913,1.0,SYNTHETIC_LABEL_ONLY,1,SOURCE_TITLE_GROUNDED,1.0,NOT_REAL_MODEL_CONFIDENCE,False
REC-ACFB8E0EA814E274,1.0,SYNTHETIC_LABEL_ONLY,1,SOURCE_TITLE_GROUNDED,1.0,NOT_REAL_MODEL_CONFIDENCE,False
REC-ADAB822909B6B33A,1.0,SYNTHETIC_LABEL_ONLY,1,SOURCE_TITLE_GROUNDED,1.0,NOT_REAL_MODEL_CONFIDENCE,False
REC-15A556B8CB562763,1.0,SYNTHETIC_LABEL_ONLY,1,SOURCE_TITLE_GROUNDED,1.0,NOT_REAL_MODEL_CONFIDENCE,False
REC-B3968BF457974646,1.0,SYNTHETIC_LABEL_ONLY,1,SOURCE_TITLE_GROUNDED,1.0,NOT_REAL_MODEL_CONFIDENCE,False
REC-4F2641570A082832,1.0,SYNTHETIC_LABEL_ONLY,1,SOURCE_TITLE_GROUNDED,1.0,NOT_REAL_MODEL_CONFIDENCE,False
REC-AF6F67A76058F174,1.0,SYNTHETIC_LABEL_ONLY,1,SOURCE_TITLE_GROUNDED,1.0,NOT_REAL_MODEL_CONFIDENCE,False
REC-7AA72D4FDBA8EC63,1.0,SYNTHETIC_LABEL_ONLY,1,SOURCE_TITLE_GROUNDED,1.0,NOT_REAL_MODEL_CONFIDENCE,False
REC-75476E4FBA4B1EA3,1.0,SYNTHETIC_LABEL_ONLY,1,SOURCE_TITLE_GROUNDED,1.0,NOT_REAL_MODEL_CONFIDENCE,False
REC-D27BD0C8CC5C94D2,1.0,SYNTHETIC_LABEL_ONLY,1,SOURCE_TITLE_GROUNDED,1.0,NOT_REAL_MODEL_CONFIDENCE,False
REC-2984C2920F183268,1.0,SYNTHETIC_LABEL_ONLY,1,SOURCE_TITLE_GROUNDED,1.0,NOT_REAL_MODEL_CONFIDENCE,False
REC-141C03E8C9FD8ADC,1.0,SYNTHETIC_LABEL_ONLY,1,SOURCE_TITLE_GROUNDED,1.0,NOT_REAL_MODEL_CONFIDENCE,False
REC-1E611855E475BCEC,1.0,SYNTHETIC_LABEL_ONLY,1,SOURCE_TITLE_GROUNDED,1.0,NOT_REAL_MODEL_CONFIDENCE,False
REC-0CB4C3DA82FC1D84,1.0,SYNTHETIC_LABEL_ONLY,1,SOURCE_TITLE_GROUNDED,1.0,NOT_REAL_MODEL_CONFIDENCE,False
REC-0BB7199F4F4F207E,1.0,SYNTHETIC_LABEL_ONLY,1,SOURCE_TITLE_GROUNDED,1.0,NOT_REAL_MODEL_CONFIDENCE,False
REC-9CBD0A0B2206ACB4,1.0,SYNTHETIC_LABEL_ONLY,1,SOURCE_TITLE_GROUNDED,1.0,NOT_REAL_MODEL_CONFIDENCE,False
REC-7AC9EBFB1C61757B,1.0,SYNTHETIC_LABEL_ONLY,1,SOURCE_TITLE_GROUNDED,1.0,NOT_REAL_MODEL_CONFIDENCE,False
REC-9FEB52A9CA19CC4F,1.0,SYNTHETIC_LABEL_ONLY,1,SOURCE_TITLE_GROUNDED,1.0,NOT_REAL_MODEL_CONFIDENCE,False
REC-0A16C8942B55297E,1.0,SYNTHETIC_LABEL_ONLY,1,SOURCE_TITLE_GROUNDED,1.0,NOT_REAL_MODEL_CONFIDENCE,False
REC-D8DA0E4E1E05430E,1.0,SYNTHETIC_LABEL_ONLY,1,SOURCE_TITLE_GROUNDED,1.0,NOT_REAL_MODEL_CONFIDENCE,False
REC-41AA27E70192F0F6,1.0,SYNTHETIC_LABEL_ONLY,1,SOURCE_TITLE_GROUNDED,1.0,NOT_REAL_MODEL_CONFIDENCE,False
REC-688305218FD82BF9,1.0,SYNTHETIC_LABEL_ONLY,1,SOURCE_TITLE_GROUNDED,1.0,NOT_REAL_MODEL_CONFIDENCE,False
REC-E7ACEC0108F9AE8A,1.0,SYNTHETIC_LABEL_ONLY,1,SOURCE_TITLE_GROUNDED,1.0,NOT_REAL_MODEL_CONFIDENCE,False
REC-FC55B2605AFF0C8A,1.0,SYNTHETIC_LABEL_ONLY,1,SOURCE_TITLE_GROUNDED,1.0,NOT_REAL_MODEL_CONFIDENCE,False
REC-E875F713E1F6EAE1,1.0,SYNTHETIC_LABEL_ONLY,1,SOURCE_TITLE_GROUNDED,1.0,NOT_REAL_MODEL_CONFIDENCE,False
REC-D09FB48F0F80F563,1.0,SYNTHETIC_LABEL_ONLY,1,SOURCE_TITLE_GROUNDED,1.0,NOT_REAL_MODEL_CONFIDENCE,False
REC-9A11556065734954,1.0,SYNTHETIC_LABEL_ONLY,1,SOURCE_TITLE_GROUNDED,1.0,NOT_REAL_MODEL_CONFIDENCE,False
REC-B619CEF9D5119328,1.0,SYNTHETIC_LABEL_ONLY,1,SOURCE_TITLE_GROUNDED,1.0,NOT_REAL_MODEL_CONFIDENCE,False
REC-678CBA185307367F,1.0,SYNTHETIC_LABEL_ONLY,1,SOURCE_TITLE_GROUNDED,1.0,NOT_REAL_MODEL_CONFIDENCE,False
REC-21FEC53A30C6E4A9,1.0,SYNTHETIC_LABEL_ONLY,1,SOURCE_TITLE_GROUNDED,1.0,NOT_REAL_MODEL_CONFIDENCE,False
REC-5142B96E73432930,1.0,SYNTHETIC_LABEL_ONLY,1,SOURCE_TITLE_GROUNDED,1.0,NOT_REAL_MODEL_CONFIDENCE,False
REC-67038CDAECC4517D,1.0,SYNTHETIC_LABEL_ONLY,1,SOURCE_TITLE_GROUNDED,1.0,NOT_REAL_MODEL_CONFIDENCE,False
REC-FA3BA384BE813E12,1.0,SYNTHETIC_LABEL_ONLY,1,SOURCE_TITLE_GROUNDED,1.0,NOT_REAL_MODEL_CONFIDENCE,False
REC-DD808F0B2E894362,1.0,SYNTHETIC_LABEL_ONLY,1,SOURCE_TITLE_GROUNDED,1.0,NOT_REAL_MODEL_CONFIDENCE,False
REC-5218FC7DBC94F982,1.0,SYNTHETIC_LABEL_ONLY,1,SOURCE_TITLE_GROUNDED,1.0,NOT_REAL_MODEL_CONFIDENCE,False
REC-9F89B40BDF958851,1.0,SYNTHETIC_LABEL_ONLY,1,SOURCE_TITLE_GROUNDED,1.0,NOT_REAL_MODEL_CONFIDENCE,False
REC-90B26F391F51B572,1.0,SYNTHETIC_LABEL_ONLY,1,SOURCE_TITLE_GROUNDED,1.0,NOT_REAL_MODEL_CONFIDENCE,False
REC-4E8DE0D5C8FFB346,1.0,SYNTHETIC_LABEL_ONLY,1,SOURCE_TITLE_GROUNDED,1.0,NOT_REAL_MODEL_CONFIDENCE,False
REC-EFDB9F31736EF333,1.0,SYNTHETIC_LABEL_ONLY,1,SOURCE_TITLE_GROUNDED,1.0,NOT_REAL_MODEL_CONFIDENCE,False
REC-9D217D959D06C947,1.0,SYNTHETIC_LABEL_ONLY,1,SOURCE_TITLE_GROUNDED,1.0,NOT_REAL_MODEL_CONFIDENCE,False
REC-A5EB7D38BD4DA193,1.0,SYNTHETIC_LABEL_ONLY,1,SOURCE_TITLE_GROUNDED,1.0,NOT_REAL_MODEL_CONFIDENCE,False
REC-ED9FC2BA2B3CA9D7,1.0,SYNTHETIC_LABEL_ONLY,1,SOURCE_TITLE_GROUNDED,1.0,NOT_REAL_MODEL_CONFIDENCE,False
REC-0AC9E02F013C0E12,1.0,SYNTHETIC_LABEL_ONLY,1,SOURCE_TITLE_GROUNDED,1.0,NOT_REAL_MODEL_CONFIDENCE,False
REC-77953B9BAEBB0CFD,1.0,SYNTHETIC_LABEL_ONLY,1,SOURCE_TITLE_GROUNDED,1.0,NOT_REAL_MODEL_CONFIDENCE,False
REC-95278DC7428E1749,1.0,SYNTHETIC_LABEL_ONLY,1,SOURCE_TITLE_GROUNDED,1.0,NOT_REAL_MODEL_CONFIDENCE,False
REC-4D539C70958ACC22,1.0,SYNTHETIC_LABEL_ONLY,1,SOURCE_TITLE_GROUNDED,1.0,NOT_REAL_MODEL_CONFIDENCE,False
REC-13E60CA08229529B,1.0,SYNTHETIC_LABEL_ONLY,1,SOURCE_TITLE_GROUNDED,1.0,NOT_REAL_MODEL_CONFIDENCE,False
REC-046639447824730A,1.0,SYNTHETIC_LABEL_ONLY,1,SOURCE_TITLE_GROUNDED,1.0,NOT_REAL_MODEL_CONFIDENCE,False
REC-8224A6DA13D752E4,1.0,SYNTHETIC_LABEL_ONLY,1,SOURCE_TITLE_GROUNDED,1.0,NOT_REAL_MODEL_CONFIDENCE,False
REC-615C7A4A14EA25F0,1.0,SYNTHETIC_LABEL_ONLY,1,SOURCE_TITLE_GROUNDED,1.0,NOT_REAL_MODEL_CONFIDENCE,False
REC-9694DB7636AE5AD9,1.0,SYNTHETIC_LABEL_ONLY,1,SOURCE_TITLE_GROUNDED,1.0,NOT_REAL_MODEL_CONFIDENCE,False
REC-36A40EA435E8521B,1.0,SYNTHETIC_LABEL_ONLY,1,SOURCE_TITLE_GROUNDED,1.0,NOT_REAL_MODEL_CONFIDENCE,False
REC-D1F9D28BC9C36039,1.0,SYNTHETIC_LABEL_ONLY,1,SOURCE_TITLE_GROUNDED,1.0,NOT_REAL_MODEL_CONFIDENCE,False
REC-AA5E9E8E5999C473,1.0,SYNTHETIC_LABEL_ONLY,1,SOURCE_TITLE_GROUNDED,1.0,NOT_REAL_MODEL_CONFIDENCE,False
REC-DC96EC17669E612A,1.0,SYNTHETIC_LABEL_ONLY,1,SOURCE_TITLE_GROUNDED,1.0,NOT_REAL_MODEL_CONFIDENCE,False
REC-B6AA070D339C8DEA,1.0,SYNTHETIC_LABEL_ONLY,1,SOURCE_TITLE_GROUNDED,1.0,NOT_REAL_MODEL_CONFIDENCE,False
REC-75AA30BC68A492FF,1.0,SYNTHETIC_LABEL_ONLY,1,SOURCE_TITLE_GROUNDED,1.0,NOT_REAL_MODEL_CONFIDENCE,False
REC-853AFF170D88B653,1.0,SYNTHETIC_LABEL_ONLY,1,SOURCE_TITLE_GROUNDED,1.0,NOT_REAL_MODEL_CONFIDENCE,False
REC-3FAFC1ECD51567CA,1.0,SYNTHETIC_LABEL_ONLY,1,SOURCE_TITLE_GROUNDED,1.0,NOT_REAL_MODEL_CONFIDENCE,False
REC-CE4FD1C2A6B3504D,1.0,SYNTHETIC_LABEL_ONLY,1,SOURCE_TITLE_GROUNDED,1.0,NOT_REAL_MODEL_CONFIDENCE,False
REC-10CD3CCE3577AA16,1.0,SYNTHETIC_LABEL_ONLY,1,SOURCE_TITLE_GROUNDED,1.0,NOT_REAL_MODEL_CONFIDENCE,False
REC-E5533CD34842D4AA,1.0,SYNTHETIC_LABEL_ONLY,1,SOURCE_TITLE_GROUNDED,1.0,NOT_REAL_MODEL_CONFIDENCE,False
REC-BE840EAB92CEB72F,1.0,SYNTHETIC_LABEL_ONLY,1,SOURCE_TITLE_GROUNDED,1.0,NOT_REAL_MODEL_CONFIDENCE,False
REC-3C00D3C1A952DD5F,1.0,SYNTHETIC_LABEL_ONLY,1,SOURCE_TITLE_GROUNDED,1.0,NOT_REAL_MODEL_CONFIDENCE,False
REC-EED33BEA48D63B52,1.0,SYNTHETIC_LABEL_ONLY,1,SOURCE_TITLE_GROUNDED,1.0,NOT_REAL_MODEL_CONFIDENCE,False
REC-DC613A3BD9A17D4A,1.0,SYNTHETIC_LABEL_ONLY,1,SOURCE_TITLE_GROUNDED,1.0,NOT_REAL_MODEL_CONFIDENCE,False
REC-CC1960AC64D74CA1,1.0,SYNTHETIC_LABEL_ONLY,1,SOURCE_TITLE_GROUNDED,1.0,NOT_REAL_MODEL_CONFIDENCE,False
REC-9CC88CD392E8D634,1.0,SYNTHETIC_LABEL_ONLY,1,SOURCE_TITLE_GROUNDED,1.0,NOT_REAL_MODEL_CONFIDENCE,False
REC-6E9A93D3D46626F4,1.0,SYNTHETIC_LABEL_ONLY,1,SOURCE_TITLE_GROUNDED,1.0,NOT_REAL_MODEL_CONFIDENCE,False
REC-02E5EC5180E0AA2F,1.0,SYNTHETIC_LABEL_ONLY,1,SOURCE_TITLE_GROUNDED,1.0,NOT_REAL_MODEL_CONFIDENCE,False
REC-3CF5E85F4C5C502A,1.0,SYNTHETIC_LABEL_ONLY,1,SOURCE_TITLE_GROUNDED,1.0,NOT_REAL_MODEL_CONFIDENCE,False
REC-BD757469004CF6C9,1.0,SYNTHETIC_LABEL_ONLY,1,SOURCE_TITLE_GROUNDED,1.0,NOT_REAL_MODEL_CONFIDENCE,False
REC-174284867FDC1788,1.0,SYNTHETIC_LABEL_ONLY,1,SOURCE_TITLE_GROUNDED,1.0,NOT_REAL_MODEL_CONFIDENCE,False
REC-B09D5AE2AB30E428,1.0,SYNTHETIC_LABEL_ONLY,1,SOURCE_TITLE_GROUNDED,1.0,NOT_REAL_MODEL_CONFIDENCE,False
REC-501319A83441310B,1.0,SYNTHETIC_LABEL_ONLY,1,SOURCE_TITLE_GROUNDED,1.0,NOT_REAL_MODEL_CONFIDENCE,False
REC-9DFCD750CB85932B,1.0,SYNTHETIC_LABEL_ONLY,1,SOURCE_TITLE_GROUNDED,1.0,NOT_REAL_MODEL_CONFIDENCE,False
REC-922987E5694C0F2C,1.0,SYNTHETIC_LABEL_ONLY,1,SOURCE_TITLE_GROUNDED,1.0,NOT_REAL_MODEL_CONFIDENCE,False
REC-375CFB5781A5698D,1.0,SYNTHETIC_LABEL_ONLY,1,SOURCE_TITLE_GROUNDED,1.0,NOT_REAL_MODEL_CONFIDENCE,False
REC-39C53EFEC01DBFC9,1.0,SYNTHETIC_LABEL_ONLY,1,SOURCE_TITLE_GROUNDED,1.0,NOT_REAL_MODEL_CONFIDENCE,False
REC-47091276E017A04F,1.0,SYNTHETIC_LABEL_ONLY,1,SOURCE_TITLE_GROUNDED,1.0,NOT_REAL_MODEL_CONFIDENCE,False
REC-A209570F1DF8FF1D,1.0,SYNTHETIC_LABEL_ONLY,1,SOURCE_TITLE_GROUNDED,1.0,NOT_REAL_MODEL_CONFIDENCE,False
REC-B53B30C848416014,1.0,SYNTHETIC_LABEL_ONLY,1,SOURCE_TITLE_GROUNDED,1.0,NOT_REAL_MODEL_CONFIDENCE,False
REC-9FF9E57A8FA10429,1.0,SYNTHETIC_LABEL_ONLY,1,SOURCE_TITLE_GROUNDED,1.0,NOT_REAL_MODEL_CONFIDENCE,False
REC-DDF72A9003600AD2,1.0,SYNTHETIC_LABEL_ONLY,1,SOURCE_TITLE_GROUNDED,1.0,NOT_REAL_MODEL_CONFIDENCE,False
REC-DD943C66353FCAB0,1.0,SYNTHETIC_LABEL_ONLY,1,SOURCE_TITLE_GROUNDED,1.0,NOT_REAL_MODEL_CONFIDENCE,False
REC-E5C702C38EC25104,1.0,SYNTHETIC_LABEL_ONLY,1,SOURCE_TITLE_GROUNDED,1.0,NOT_REAL_MODEL_CONFIDENCE,False
REC-C363CC5B25C3EAE7,1.0,SYNTHETIC_LABEL_ONLY,1,SOURCE_TITLE_GROUNDED,1.0,NOT_REAL_MODEL_CONFIDENCE,False
REC-73DB04B883F0677A,1.0,SYNTHETIC_LABEL_ONLY,1,SOURCE_TITLE_GROUNDED,1.0,NOT_REAL_MODEL_CONFIDENCE,False
REC-F1978EB809FBB8C4,1.0,SYNTHETIC_LABEL_ONLY,1,SOURCE_TITLE_GROUNDED,1.0,NOT_REAL_MODEL_CONFIDENCE,False
REC-26973D26C31385DB,1.0,SYNTHETIC_LABEL_ONLY,1,SOURCE_TITLE_GROUNDED,1.0,NOT_REAL_MODEL_CONFIDENCE,False
REC-20B6B2D40F7C278D,1.0,SYNTHETIC_LABEL_ONLY,1,SOURCE_TITLE_GROUNDED,1.0,NOT_REAL_MODEL_CONFIDENCE,False
REC-1AB8FDEB043DF495,1.0,SYNTHETIC_LABEL_ONLY,1,SOURCE_TITLE_GROUNDED,1.0,NOT_REAL_MODEL_CONFIDENCE,False
REC-7D885B75EA0E5B40,1.0,SYNTHETIC_LABEL_ONLY,1,SOURCE_TITLE_GROUNDED,1.0,NOT_REAL_MODEL_CONFIDENCE,False
REC-E67CA88077208D87,1.0,SYNTHETIC_LABEL_ONLY,1,SOURCE_TITLE_GROUNDED,1.0,NOT_REAL_MODEL_CONFIDENCE,False
REC-C87C2AB163656F32,1.0,SYNTHETIC_LABEL_ONLY,1,SOURCE_TITLE_GROUNDED,1.0,NOT_REAL_MODEL_CONFIDENCE,False
REC-C83CB31377E1A41A,1.0,SYNTHETIC_LABEL_ONLY,1,SOURCE_TITLE_GROUNDED,1.0,NOT_REAL_MODEL_CONFIDENCE,False
REC-7D800807F49BCADD,1.0,SYNTHETIC_LABEL_ONLY,1,SOURCE_TITLE_GROUNDED,1.0,NOT_REAL_MODEL_CONFIDENCE,False
REC-76831B1EBA948A5E,1.0,SYNTHETIC_LABEL_ONLY,1,SOURCE_TITLE_GROUNDED,1.0,NOT_REAL_MODEL_CONFIDENCE,False
REC-E5CF19C4AC901A6F,1.0,SYNTHETIC_LABEL_ONLY,1,SOURCE_TITLE_GROUNDED,1.0,NOT_REAL_MODEL_CONFIDENCE,False
REC-20AA63FBE1D9A2EE,1.0,SYNTHETIC_LABEL_ONLY,1,SOURCE_TITLE_GROUNDED,1.0,NOT_REAL_MODEL_CONFIDENCE,False
REC-06CB1E0C7FD9C091,1.0,SYNTHETIC_LABEL_ONLY,1,SOURCE_TITLE_GROUNDED,1.0,NOT_REAL_MODEL_CONFIDENCE,False
REC-1ABC8283DAA52C58,1.0,SYNTHETIC_LABEL_ONLY,1,SOURCE_TITLE_GROUNDED,1.0,NOT_REAL_MODEL_CONFIDENCE,False
REC-182204B8521D4487,1.0,SYNTHETIC_LABEL_ONLY,1,SOURCE_TITLE_GROUNDED,1.0,NOT_REAL_MODEL_CONFIDENCE,False
REC-B0AA025E74D49106,1.0,SYNTHETIC_LABEL_ONLY,1,SOURCE_TITLE_GROUNDED,1.0,NOT_REAL_MODEL_CONFIDENCE,False
REC-AAB9B85E5E87EAEA,1.0,SYNTHETIC_LABEL_ONLY,1,SOURCE_TITLE_GROUNDED,1.0,NOT_REAL_MODEL_CONFIDENCE,False
REC-BF5F56C5492F9053,1.0,SYNTHETIC_LABEL_ONLY,1,SOURCE_TITLE_GROUNDED,1.0,NOT_REAL_MODEL_CONFIDENCE,False
REC-BA876371C7E0CD7A,1.0,SYNTHETIC_LABEL_ONLY,1,SOURCE_TITLE_GROUNDED,1.0,NOT_REAL_MODEL_CONFIDENCE,False
REC-F6CB0472FDA39C1E,1.0,SYNTHETIC_LABEL_ONLY,1,SOURCE_TITLE_GROUNDED,1.0,NOT_REAL_MODEL_CONFIDENCE,False
REC-2A587D5A36A207C6,1.0,SYNTHETIC_LABEL_ONLY,1,SOURCE_TITLE_GROUNDED,1.0,NOT_REAL_MODEL_CONFIDENCE,False
REC-06BB4024A85984EC,1.0,SYNTHETIC_LABEL_ONLY,1,SOURCE_TITLE_GROUNDED,1.0,NOT_REAL_MODEL_CONFIDENCE,False
REC-35632445009752B6,1.0,SYNTHETIC_LABEL_ONLY,1,SOURCE_TITLE_GROUNDED,1.0,NOT_REAL_MODEL_CONFIDENCE,False
REC-F52DEF3B8A0107F6,1.0,SYNTHETIC_LABEL_ONLY,1,SOURCE_TITLE_GROUNDED,1.0,NOT_REAL_MODEL_CONFIDENCE,False
REC-CCB74960CE246A36,1.0,SYNTHETIC_LABEL_ONLY,1,SOURCE_TITLE_GROUNDED,1.0,NOT_REAL_MODEL_CONFIDENCE,False
REC-CFEDEE3865087055,1.0,SYNTHETIC_LABEL_ONLY,1,SOURCE_TITLE_GROUNDED,1.0,NOT_REAL_MODEL_CONFIDENCE,False
REC-C8699DC5B8B96981,1.0,SYNTHETIC_LABEL_ONLY,1,SOURCE_TITLE_GROUNDED,1.0,NOT_REAL_MODEL_CONFIDENCE,False
REC-2E5E7F33D3E2A85B,1.0,SYNTHETIC_LABEL_ONLY,1,SOURCE_TITLE_GROUNDED,1.0,NOT_REAL_MODEL_CONFIDENCE,False
REC-8C699A48C003CAF7,1.0,SYNTHETIC_LABEL_ONLY,1,SOURCE_TITLE_GROUNDED,1.0,NOT_REAL_MODEL_CONFIDENCE,False
REC-9B870E4563800855,1.0,SYNTHETIC_LABEL_ONLY,1,SOURCE_TITLE_GROUNDED,1.0,NOT_REAL_MODEL_CONFIDENCE,False
REC-85C39F123528E144,1.0,SYNTHETIC_LABEL_ONLY,1,SOURCE_TITLE_GROUNDED,1.0,NOT_REAL_MODEL_CONFIDENCE,False
REC-47DC15FFCFB5A1C1,1.0,SYNTHETIC_LABEL_ONLY,1,SOURCE_TITLE_GROUNDED,1.0,NOT_REAL_MODEL_CONFIDENCE,False
REC-DC8C4801A4C66D23,1.0,SYNTHETIC_LABEL_ONLY,1,SOURCE_TITLE_GROUNDED,1.0,NOT_REAL_MODEL_CONFIDENCE,False
REC-1F6C6376CCEF0109,1.0,SYNTHETIC_LABEL_ONLY,1,SOURCE_TITLE_GROUNDED,1.0,NOT_REAL_MODEL_CONFIDENCE,False
REC-2D26487748425F20,1.0,SYNTHETIC_LABEL_ONLY,1,SOURCE_TITLE_GROUNDED,1.0,NOT_REAL_MODEL_CONFIDENCE,False
REC-063C451ACA4455DC,1.0,SYNTHETIC_LABEL_ONLY,1,SOURCE_TITLE_GROUNDED,1.0,NOT_REAL_MODEL_CONFIDENCE,False
REC-136DD53A6C0C453F,1.0,SYNTHETIC_LABEL_ONLY,1,SOURCE_TITLE_GROUNDED,1.0,NOT_REAL_MODEL_CONFIDENCE,False
REC-4F341D82B4B9E7A2,1.0,SYNTHETIC_LABEL_ONLY,1,SOURCE_TITLE_GROUNDED,1.0,NOT_REAL_MODEL_CONFIDENCE,False
REC-BBF2A25756777773,1.0,SYNTHETIC_LABEL_ONLY,1,SOURCE_TITLE_GROUNDED,1.0,NOT_REAL_MODEL_CONFIDENCE,False
REC-C8F42D04F587DE81,1.0,SYNTHETIC_LABEL_ONLY,1,SOURCE_TITLE_GROUNDED,1.0,NOT_REAL_MODEL_CONFIDENCE,False
REC-79FDB794308A746B,1.0,SYNTHETIC_LABEL_ONLY,1,SOURCE_TITLE_GROUNDED,1.0,NOT_REAL_MODEL_CONFIDENCE,False
REC-DD81FB51618EDCD1,1.0,SYNTHETIC_LABEL_ONLY,1,SOURCE_TITLE_GROUNDED,1.0,NOT_REAL_MODEL_CONFIDENCE,False
REC-2C50327D63F49B59,1.0,SYNTHETIC_LABEL_ONLY,1,SOURCE_TITLE_GROUNDED,1.0,NOT_REAL_MODEL_CONFIDENCE,False
REC-DCE929D5DEC4940D,1.0,SYNTHETIC_LABEL_ONLY,1,SOURCE_TITLE_GROUNDED,1.0,NOT_REAL_MODEL_CONFIDENCE,False
REC-90C40B9ECBEF4AE7,1.0,SYNTHETIC_LABEL_ONLY,1,SOURCE_TITLE_GROUNDED,1.0,NOT_REAL_MODEL_CONFIDENCE,False
REC-798B173182F85B1A,1.0,SYNTHETIC_LABEL_ONLY,1,SOURCE_TITLE_GROUNDED,1.0,NOT_REAL_MODEL_CONFIDENCE,False
REC-A5CD8762FE0540A3,1.0,SYNTHETIC_LABEL_ONLY,1,SOURCE_TITLE_GROUNDED,1.0,NOT_REAL_MODEL_CONFIDENCE,False
REC-6DD9D778D84B3A48,1.0,SYNTHETIC_LABEL_ONLY,1,SOURCE_TITLE_GROUNDED,1.0,NOT_REAL_MODEL_CONFIDENCE,False
REC-27E36A75B4BD5249,1.0,SYNTHETIC_LABEL_ONLY,1,SOURCE_TITLE_GROUNDED,1.0,NOT_REAL_MODEL_CONFIDENCE,False
REC-E8E608CE5BFAD90D,1.0,SYNTHETIC_LABEL_ONLY,1,SOURCE_TITLE_GROUNDED,1.0,NOT_REAL_MODEL_CONFIDENCE,False
REC-15BAB17FDD853B3B,1.0,SYNTHETIC_LABEL_ONLY,1,SOURCE_TITLE_GROUNDED,1.0,NOT_REAL_MODEL_CONFIDENCE,False
REC-9A34CFA1A81E467C,1.0,SYNTHETIC_LABEL_ONLY,1,SOURCE_TITLE_GROUNDED,1.0,NOT_REAL_MODEL_CONFIDENCE,False
REC-08227178A4C3AD7C,1.0,SYNTHETIC_LABEL_ONLY,1,SOURCE_TITLE_GROUNDED,1.0,NOT_REAL_MODEL_CONFIDENCE,False
REC-BB441D0D015E7E80,1.0,SYNTHETIC_LABEL_ONLY,1,SOURCE_TITLE_GROUNDED,1.0,NOT_REAL_MODEL_CONFIDENCE,False
REC-943DB70C26DBA410,1.0,SYNTHETIC_LABEL_ONLY,1,SOURCE_TITLE_GROUNDED,1.0,NOT_REAL_MODEL_CONFIDENCE,False
REC-0C760C1555ADFDC9,1.0,SYNTHETIC_LABEL_ONLY,1,SOURCE_TITLE_GROUNDED,1.0,NOT_REAL_MODEL_CONFIDENCE,False
REC-131123051E268F15,1.0,SYNTHETIC_LABEL_ONLY,1,SOURCE_TITLE_GROUNDED,1.0,NOT_REAL_MODEL_CONFIDENCE,False
REC-C0A95DA0640CD42E,1.0,SYNTHETIC_LABEL_ONLY,1,SOURCE_TITLE_GROUNDED,1.0,NOT_REAL_MODEL_CONFIDENCE,False
REC-A3217CAC179A2420,1.0,SYNTHETIC_LABEL_ONLY,1,SOURCE_TITLE_GROUNDED,1.0,NOT_REAL_MODEL_CONFIDENCE,False
REC-AB01A7D37C811D3B,1.0,SYNTHETIC_LABEL_ONLY,1,SOURCE_TITLE_GROUNDED,1.0,NOT_REAL_MODEL_CONFIDENCE,False
REC-1520995421AF26E8,1.0,SYNTHETIC_LABEL_ONLY,1,SOURCE_TITLE_GROUNDED,1.0,NOT_REAL_MODEL_CONFIDENCE,False
REC-FC0AEE2AB8B69CB1,1.0,SYNTHETIC_LABEL_ONLY,1,SOURCE_TITLE_GROUNDED,1.0,NOT_REAL_MODEL_CONFIDENCE,False
REC-D05A68AE9821163B,1.0,SYNTHETIC_LABEL_ONLY,1,SOURCE_TITLE_GROUNDED,1.0,NOT_REAL_MODEL_CONFIDENCE,False
REC-014E6001586C5B60,1.0,SYNTHETIC_LABEL_ONLY,1,SOURCE_TITLE_GROUNDED,1.0,NOT_REAL_MODEL_CONFIDENCE,False
REC-9DE639708C5F54D2,1.0,SYNTHETIC_LABEL_ONLY,1,SOURCE_TITLE_GROUNDED,1.0,NOT_REAL_MODEL_CONFIDENCE,False
REC-59E1706BB1EDC643,1.0,SYNTHETIC_LABEL_ONLY,1,SOURCE_TITLE_GROUNDED,1.0,NOT_REAL_MODEL_CONFIDENCE,False
REC-55A92B118C7E4A7A,1.0,SYNTHETIC_LABEL_ONLY,1,SOURCE_TITLE_GROUNDED,1.0,NOT_REAL_MODEL_CONFIDENCE,False
REC-D3C98F98CF169022,1.0,SYNTHETIC_LABEL_ONLY,1,SOURCE_TITLE_GROUNDED,1.0,NOT_REAL_MODEL_CONFIDENCE,False
REC-A99B8FD0056EE845,1.0,SYNTHETIC_LABEL_ONLY,1,SOURCE_TITLE_GROUNDED,1.0,NOT_REAL_MODEL_CONFIDENCE,False
REC-5CE29ED9F4761CB5,1.0,SYNTHETIC_LABEL_ONLY,1,SOURCE_TITLE_GROUNDED,1.0,NOT_REAL_MODEL_CONFIDENCE,False
REC-B69492B9BE180E7E,1.0,SYNTHETIC_LABEL_ONLY,1,SOURCE_TITLE_GROUNDED,1.0,NOT_REAL_MODEL_CONFIDENCE,False
REC-93C8E0967402280A,1.0,SYNTHETIC_LABEL_ONLY,1,SOURCE_TITLE_GROUNDED,1.0,NOT_REAL_MODEL_CONFIDENCE,False
REC-384F0F11F2CA5532,1.0,SYNTHETIC_LABEL_ONLY,1,SOURCE_TITLE_GROUNDED,1.0,NOT_REAL_MODEL_CONFIDENCE,False
REC-16B4539A47E3C3C9,1.0,SYNTHETIC_LABEL_ONLY,1,SOURCE_TITLE_GROUNDED,1.0,NOT_REAL_MODEL_CONFIDENCE,False
REC-0E49080761A4A2BC,1.0,SYNTHETIC_LABEL_ONLY,1,SOURCE_TITLE_GROUNDED,1.0,NOT_REAL_MODEL_CONFIDENCE,False
REC-CCA65C4E818478FF,1.0,SYNTHETIC_LABEL_ONLY,1,SOURCE_TITLE_GROUNDED,1.0,NOT_REAL_MODEL_CONFIDENCE,False
REC-17045A6117A29E80,1.0,SYNTHETIC_LABEL_ONLY,1,SOURCE_TITLE_GROUNDED,1.0,NOT_REAL_MODEL_CONFIDENCE,False
REC-DF4C6797D27E3E0F,1.0,SYNTHETIC_LABEL_ONLY,1,SOURCE_TITLE_GROUNDED,1.0,NOT_REAL_MODEL_CONFIDENCE,False
REC-5CFFEDF3C621BABD,1.0,SYNTHETIC_LABEL_ONLY,1,SOURCE_TITLE_GROUNDED,1.0,NOT_REAL_MODEL_CONFIDENCE,False
REC-B481BF70C76B58E6,1.0,SYNTHETIC_LABEL_ONLY,1,SOURCE_TITLE_GROUNDED,1.0,NOT_REAL_MODEL_CONFIDENCE,False
REC-3A5722142B0BA39B,1.0,SYNTHETIC_LABEL_ONLY,1,SOURCE_TITLE_GROUNDED,1.0,NOT_REAL_MODEL_CONFIDENCE,False
REC-9C9A015EC4704DAA,1.0,SYNTHETIC_LABEL_ONLY,1,SOURCE_TITLE_GROUNDED,1.0,NOT_REAL_MODEL_CONFIDENCE,False
REC-CF3E7F63D74BF4CA,1.0,SYNTHETIC_LABEL_ONLY,1,SOURCE_TITLE_GROUNDED,1.0,NOT_REAL_MODEL_CONFIDENCE,False
REC-52F735827DDB949A,1.0,SYNTHETIC_LABEL_ONLY,1,SOURCE_TITLE_GROUNDED,1.0,NOT_REAL_MODEL_CONFIDENCE,False
REC-1D6E913545F3CA43,1.0,SYNTHETIC_LABEL_ONLY,1,SOURCE_TITLE_GROUNDED,1.0,NOT_REAL_MODEL_CONFIDENCE,False
REC-42368712FEA3B625,1.0,SYNTHETIC_LABEL_ONLY,1,SOURCE_TITLE_GROUNDED,1.0,NOT_REAL_MODEL_CONFIDENCE,False
REC-BB06EFE36909BABE,1.0,SYNTHETIC_LABEL_ONLY,1,SOURCE_TITLE_GROUNDED,1.0,NOT_REAL_MODEL_CONFIDENCE,False
REC-8632A83582A97BD1,1.0,SYNTHETIC_LABEL_ONLY,1,SOURCE_TITLE_GROUNDED,1.0,NOT_REAL_MODEL_CONFIDENCE,False
REC-8AF0E31931BB23F7,1.0,SYNTHETIC_LABEL_ONLY,1,SOURCE_TITLE_GROUNDED,1.0,NOT_REAL_MODEL_CONFIDENCE,False
REC-DC0899EA85C45DBB,1.0,SYNTHETIC_LABEL_ONLY,1,SOURCE_TITLE_GROUNDED,1.0,NOT_REAL_MODEL_CONFIDENCE,False
REC-F7F08001FC9B56C0,1.0,SYNTHETIC_LABEL_ONLY,1,SOURCE_TITLE_GROUNDED,1.0,NOT_REAL_MODEL_CONFIDENCE,False
REC-52878ACBC2F317EF,1.0,SYNTHETIC_LABEL_ONLY,1,SOURCE_TITLE_GROUNDED,1.0,NOT_REAL_MODEL_CONFIDENCE,False
REC-F151CA3E9030FB0F,1.0,SYNTHETIC_LABEL_ONLY,1,SOURCE_TITLE_GROUNDED,1.0,NOT_REAL_MODEL_CONFIDENCE,False
REC-6EC12C1C29BAE520,1.0,SYNTHETIC_LABEL_ONLY,1,SOURCE_TITLE_GROUNDED,1.0,NOT_REAL_MODEL_CONFIDENCE,False
REC-7D4CF1BADCDEDE3D,1.0,SYNTHETIC_LABEL_ONLY,1,SOURCE_TITLE_GROUNDED,1.0,NOT_REAL_MODEL_CONFIDENCE,False
REC-FA2981116F8BC26B,1.0,SYNTHETIC_LABEL_ONLY,1,SOURCE_TITLE_GROUNDED,1.0,NOT_REAL_MODEL_CONFIDENCE,False
REC-691C40D8EB452EFA,1.0,SYNTHETIC_LABEL_ONLY,1,SOURCE_TITLE_GROUNDED,1.0,NOT_REAL_MODEL_CONFIDENCE,False
REC-0B026AFF521D73E9,1.0,SYNTHETIC_LABEL_ONLY,1,SOURCE_TITLE_GROUNDED,1.0,NOT_REAL_MODEL_CONFIDENCE,False
REC-F76AFD5754172A8D,1.0,SYNTHETIC_LABEL_ONLY,1,SOURCE_TITLE_GROUNDED,1.0,NOT_REAL_MODEL_CONFIDENCE,False
REC-67B08A1F58D9E236,1.0,SYNTHETIC_LABEL_ONLY,1,SOURCE_TITLE_GROUNDED,1.0,NOT_REAL_MODEL_CONFIDENCE,False
REC-C5FD12CDD73C5ABA,1.0,SYNTHETIC_LABEL_ONLY,1,SOURCE_TITLE_GROUNDED,1.0,NOT_REAL_MODEL_CONFIDENCE,False
REC-A570121C54EEE0FE,1.0,SYNTHETIC_LABEL_ONLY,1,SOURCE_TITLE_GROUNDED,1.0,NOT_REAL_MODEL_CONFIDENCE,False
REC-615AE09150C773EE,1.0,SYNTHETIC_LABEL_ONLY,1,SOURCE_TITLE_GROUNDED,1.0,NOT_REAL_MODEL_CONFIDENCE,False
REC-A080820891FD1B53,1.0,SYNTHETIC_LABEL_ONLY,1,SOURCE_TITLE_GROUNDED,1.0,NOT_REAL_MODEL_CONFIDENCE,False
REC-EA2E438B08A435B6,1.0,SYNTHETIC_LABEL_ONLY,1,SOURCE_TITLE_GROUNDED,1.0,NOT_REAL_MODEL_CONFIDENCE,False
REC-4B591EB5CD231EE5,1.0,SYNTHETIC_LABEL_ONLY,1,SOURCE_TITLE_GROUNDED,1.0,NOT_REAL_MODEL_CONFIDENCE,False
REC-9AA87EFE16497963,1.0,SYNTHETIC_LABEL_ONLY,1,SOURCE_TITLE_GROUNDED,1.0,NOT_REAL_MODEL_CONFIDENCE,False
REC-65D243F73E6DC592,1.0,SYNTHETIC_LABEL_ONLY,1,SOURCE_TITLE_GROUNDED,1.0,NOT_REAL_MODEL_CONFIDENCE,False
REC-9EF028A74D0A43D8,1.0,SYNTHETIC_LABEL_ONLY,1,SOURCE_TITLE_GROUNDED,1.0,NOT_REAL_MODEL_CONFIDENCE,False
REC-E39C5BA06DBD06F4,1.0,SYNTHETIC_LABEL_ONLY,1,SOURCE_TITLE_GROUNDED,1.0,NOT_REAL_MODEL_CONFIDENCE,False
REC-06D3BC6744F1D4B1,1.0,SYNTHETIC_LABEL_ONLY,1,SOURCE_TITLE_GROUNDED,1.0,NOT_REAL_MODEL_CONFIDENCE,False
REC-C51C2E1B1CADBBFF,1.0,SYNTHETIC_LABEL_ONLY,1,SOURCE_TITLE_GROUNDED,1.0,NOT_REAL_MODEL_CONFIDENCE,False
REC-8E56E395CF11FA31,1.0,SYNTHETIC_LABEL_ONLY,1,SOURCE_TITLE_GROUNDED,1.0,NOT_REAL_MODEL_CONFIDENCE,False
REC-FB3C9CF1159B2E90,1.0,SYNTHETIC_LABEL_ONLY,1,SOURCE_TITLE_GROUNDED,1.0,NOT_REAL_MODEL_CONFIDENCE,False
REC-D6C33E09EE732171,1.0,SYNTHETIC_LABEL_ONLY,1,SOURCE_TITLE_GROUNDED,1.0,NOT_REAL_MODEL_CONFIDENCE,False
REC-87570AE2A444C2B2,1.0,SYNTHETIC_LABEL_ONLY,1,SOURCE_TITLE_GROUNDED,1.0,NOT_REAL_MODEL_CONFIDENCE,False
REC-5C62F07F9A57FFD6,1.0,SYNTHETIC_LABEL_ONLY,1,SOURCE_TITLE_GROUNDED,1.0,NOT_REAL_MODEL_CONFIDENCE,False
REC-CCD38AE17E3810EF,1.0,SYNTHETIC_LABEL_ONLY,1,SOURCE_TITLE_GROUNDED,1.0,NOT_REAL_MODEL_CONFIDENCE,False
REC-C6E269516C58A3B6,1.0,SYNTHETIC_LABEL_ONLY,1,SOURCE_TITLE_GROUNDED,1.0,NOT_REAL_MODEL_CONFIDENCE,False
REC-2B2AE00C6AE32B1B,1.0,SYNTHETIC_LABEL_ONLY,1,SOURCE_TITLE_GROUNDED,1.0,NOT_REAL_MODEL_CONFIDENCE,False
REC-3A09810CD36CC239,1.0,SYNTHETIC_LABEL_ONLY,1,SOURCE_TITLE_GROUNDED,1.0,NOT_REAL_MODEL_CONFIDENCE,False
REC-0AFC0E442BF1146E,1.0,SYNTHETIC_LABEL_ONLY,1,SOURCE_TITLE_GROUNDED,1.0,NOT_REAL_MODEL_CONFIDENCE,False
REC-E7CF7F19B88809BA,1.0,SYNTHETIC_LABEL_ONLY,1,SOURCE_TITLE_GROUNDED,1.0,NOT_REAL_MODEL_CONFIDENCE,False
REC-F4B5B3F01264DC42,1.0,SYNTHETIC_LABEL_ONLY,1,SOURCE_TITLE_GROUNDED,1.0,NOT_REAL_MODEL_CONFIDENCE,False
REC-B6F88B7A149384B3,1.0,SYNTHETIC_LABEL_ONLY,1,SOURCE_TITLE_GROUNDED,1.0,NOT_REAL_MODEL_CONFIDENCE,False
REC-1A8BEF5568D1A8A1,1.0,SYNTHETIC_LABEL_ONLY,1,SOURCE_TITLE_GROUNDED,1.0,NOT_REAL_MODEL_CONFIDENCE,False
REC-6908CA8B91525F3F,1.0,SYNTHETIC_LABEL_ONLY,1,SOURCE_TITLE_GROUNDED,1.0,NOT_REAL_MODEL_CONFIDENCE,False
REC-3618429FC00F4B00,1.0,SYNTHETIC_LABEL_ONLY,1,SOURCE_TITLE_GROUNDED,1.0,NOT_REAL_MODEL_CONFIDENCE,False
REC-40BEDC397554F9CD,1.0,SYNTHETIC_LABEL_ONLY,1,SOURCE_TITLE_GROUNDED,1.0,NOT_REAL_MODEL_CONFIDENCE,False
REC-7527440E2416092A,1.0,SYNTHETIC_LABEL_ONLY,1,SOURCE_TITLE_GROUNDED,1.0,NOT_REAL_MODEL_CONFIDENCE,False
REC-3670FBB12211C617,1.0,SYNTHETIC_LABEL_ONLY,1,SOURCE_TITLE_GROUNDED,1.0,NOT_REAL_MODEL_CONFIDENCE,False
REC-EF97FB5C12F9534F,1.0,SYNTHETIC_LABEL_ONLY,1,SOURCE_TITLE_GROUNDED,1.0,NOT_REAL_MODEL_CONFIDENCE,False
REC-0F96584D66E07544,1.0,SYNTHETIC_LABEL_ONLY,1,SOURCE_TITLE_GROUNDED,1.0,NOT_REAL_MODEL_CONFIDENCE,False
REC-79509674CEF2E016,1.0,SYNTHETIC_LABEL_ONLY,1,SOURCE_TITLE_GROUNDED,1.0,NOT_REAL_MODEL_CONFIDENCE,False
REC-6EF110E45C2A01ED,1.0,SYNTHETIC_LABEL_ONLY,1,SOURCE_TITLE_GROUNDED,1.0,NOT_REAL_MODEL_CONFIDENCE,False
REC-7710B850D8F59DB2,1.0,SYNTHETIC_LABEL_ONLY,1,SOURCE_TITLE_GROUNDED,1.0,NOT_REAL_MODEL_CONFIDENCE,False
REC-559649D26B3D6048,1.0,SYNTHETIC_LABEL_ONLY,1,SOURCE_TITLE_GROUNDED,1.0,NOT_REAL_MODEL_CONFIDENCE,False
REC-44776FB1468B7FFC,1.0,SYNTHETIC_LABEL_ONLY,1,SOURCE_TITLE_GROUNDED,1.0,NOT_REAL_MODEL_CONFIDENCE,False
REC-2EB0B32EFD0ED484,1.0,SYNTHETIC_LABEL_ONLY,1,SOURCE_TITLE_GROUNDED,1.0,NOT_REAL_MODEL_CONFIDENCE,False
REC-4D19E6202E578D5E,1.0,SYNTHETIC_LABEL_ONLY,1,SOURCE_TITLE_GROUNDED,1.0,NOT_REAL_MODEL_CONFIDENCE,False
REC-87DD424EF593AA0A,1.0,SYNTHETIC_LABEL_ONLY,1,SOURCE_TITLE_GROUNDED,1.0,NOT_REAL_MODEL_CONFIDENCE,False
REC-4C0EEF23ABD927F3,1.0,SYNTHETIC_LABEL_ONLY,1,SOURCE_TITLE_GROUNDED,1.0,NOT_REAL_MODEL_CONFIDENCE,False
REC-B54F13D99AE4C2EF,1.0,SYNTHETIC_LABEL_ONLY,1,SOURCE_TITLE_GROUNDED,1.0,NOT_REAL_MODEL_CONFIDENCE,False
REC-6B118EE47B7A0BA8,1.0,SYNTHETIC_LABEL_ONLY,1,SOURCE_TITLE_GROUNDED,1.0,NOT_REAL_MODEL_CONFIDENCE,False
REC-E6775D71EEBCBD05,1.0,SYNTHETIC_LABEL_ONLY,1,SOURCE_TITLE_GROUNDED,1.0,NOT_REAL_MODEL_CONFIDENCE,False
REC-4779D7FA2ABF64AA,1.0,SYNTHETIC_LABEL_ONLY,1,SOURCE_TITLE_GROUNDED,1.0,NOT_REAL_MODEL_CONFIDENCE,False
REC-8E2314D6CBE65B51,1.0,SYNTHETIC_LABEL_ONLY,1,SOURCE_TITLE_GROUNDED,1.0,NOT_REAL_MODEL_CONFIDENCE,False
REC-945BB067EDB4F12D,1.0,SYNTHETIC_LABEL_ONLY,1,SOURCE_TITLE_GROUNDED,1.0,NOT_REAL_MODEL_CONFIDENCE,False
REC-848A7B27B88D873E,1.0,SYNTHETIC_LABEL_ONLY,1,SOURCE_TITLE_GROUNDED,1.0,NOT_REAL_MODEL_CONFIDENCE,False
REC-1A4B57FFE2ECA18B,1.0,SYNTHETIC_LABEL_ONLY,1,SOURCE_TITLE_GROUNDED,1.0,NOT_REAL_MODEL_CONFIDENCE,False
REC-9F718D859CA4491D,1.0,SYNTHETIC_LABEL_ONLY,1,SOURCE_TITLE_GROUNDED,1.0,NOT_REAL_MODEL_CONFIDENCE,False
REC-9AAAFA4FE6942404,1.0,SYNTHETIC_LABEL_ONLY,1,SOURCE_TITLE_GROUNDED,1.0,NOT_REAL_MODEL_CONFIDENCE,False
REC-59E939C8DC22B237,1.0,SYNTHETIC_LABEL_ONLY,1,SOURCE_TITLE_GROUNDED,1.0,NOT_REAL_MODEL_CONFIDENCE,False
REC-0934341D5B4F08F4,1.0,SYNTHETIC_LABEL_ONLY,1,SOURCE_TITLE_GROUNDED,1.0,NOT_REAL_MODEL_CONFIDENCE,False
REC-9561996B368BE63F,1.0,SYNTHETIC_LABEL_ONLY,1,SOURCE_TITLE_GROUNDED,1.0,NOT_REAL_MODEL_CONFIDENCE,False
REC-3372E6B885FCD2BD,1.0,SYNTHETIC_LABEL_ONLY,1,SOURCE_TITLE_GROUNDED,1.0,NOT_REAL_MODEL_CONFIDENCE,False
REC-D4315F373B6B8573,1.0,SYNTHETIC_LABEL_ONLY,1,SOURCE_TITLE_GROUNDED,1.0,NOT_REAL_MODEL_CONFIDENCE,False
REC-93149E1A8446C937,1.0,SYNTHETIC_LABEL_ONLY,1,SOURCE_TITLE_GROUNDED,1.0,NOT_REAL_MODEL_CONFIDENCE,False
REC-E09E6C3A96906E98,1.0,SYNTHETIC_LABEL_ONLY,1,SOURCE_TITLE_GROUNDED,1.0,NOT_REAL_MODEL_CONFIDENCE,False
REC-17B61077E98F2612,1.0,SYNTHETIC_LABEL_ONLY,1,SOURCE_TITLE_GROUNDED,1.0,NOT_REAL_MODEL_CONFIDENCE,False
REC-0102482CE93050DF,1.0,SYNTHETIC_LABEL_ONLY,1,SOURCE_TITLE_GROUNDED,1.0,NOT_REAL_MODEL_CONFIDENCE,False
REC-EF379AA8A582AC8A,1.0,SYNTHETIC_LABEL_ONLY,1,SOURCE_TITLE_GROUNDED,1.0,NOT_REAL_MODEL_CONFIDENCE,False
REC-AC5C88C12F5B2B5F,1.0,SYNTHETIC_LABEL_ONLY,1,SOURCE_TITLE_GROUNDED,1.0,NOT_REAL_MODEL_CONFIDENCE,False
REC-F3CAC4F93D5E0251,1.0,SYNTHETIC_LABEL_ONLY,1,SOURCE_TITLE_GROUNDED,1.0,NOT_REAL_MODEL_CONFIDENCE,False
REC-1DA21148B5CD484F,1.0,SYNTHETIC_LABEL_ONLY,1,SOURCE_TITLE_GROUNDED,1.0,NOT_REAL_MODEL_CONFIDENCE,False
REC-D45A4CC82B619B53,1.0,SYNTHETIC_LABEL_ONLY,1,SOURCE_TITLE_GROUNDED,1.0,NOT_REAL_MODEL_CONFIDENCE,False
REC-3EC166C7C34AFBBD,1.0,SYNTHETIC_LABEL_ONLY,1,SOURCE_TITLE_GROUNDED,1.0,NOT_REAL_MODEL_CONFIDENCE,False
REC-E2BC8C8A8C9BC8FE,1.0,SYNTHETIC_LABEL_ONLY,1,SOURCE_TITLE_GROUNDED,1.0,NOT_REAL_MODEL_CONFIDENCE,False
REC-853A7D92EAB1A066,1.0,SYNTHETIC_LABEL_ONLY,1,SOURCE_TITLE_GROUNDED,1.0,NOT_REAL_MODEL_CONFIDENCE,False
REC-6968D1702C9A6454,1.0,SYNTHETIC_LABEL_ONLY,1,SOURCE_TITLE_GROUNDED,1.0,NOT_REAL_MODEL_CONFIDENCE,False
REC-06603CC6A95DEF9D,1.0,SYNTHETIC_LABEL_ONLY,1,SOURCE_TITLE_GROUNDED,1.0,NOT_REAL_MODEL_CONFIDENCE,False
REC-DE1EF8684324645E,1.0,SYNTHETIC_LABEL_ONLY,1,SOURCE_TITLE_GROUNDED,1.0,NOT_REAL_MODEL_CONFIDENCE,False
REC-78518F43B294E59C,1.0,SYNTHETIC_LABEL_ONLY,1,SOURCE_TITLE_GROUNDED,1.0,NOT_REAL_MODEL_CONFIDENCE,False
REC-7365B5E99681ADCC,1.0,SYNTHETIC_LABEL_ONLY,1,SOURCE_TITLE_GROUNDED,1.0,NOT_REAL_MODEL_CONFIDENCE,False
REC-3CD27AD3C8FC1013,1.0,SYNTHETIC_LABEL_ONLY,1,SOURCE_TITLE_GROUNDED,1.0,NOT_REAL_MODEL_CONFIDENCE,False
REC-E411B89CD8D7ADE8,1.0,SYNTHETIC_LABEL_ONLY,1,SOURCE_TITLE_GROUNDED,1.0,NOT_REAL_MODEL_CONFIDENCE,False
REC-B85471378BCF61D9,1.0,SYNTHETIC_LABEL_ONLY,1,SOURCE_TITLE_GROUNDED,1.0,NOT_REAL_MODEL_CONFIDENCE,False
REC-032D46CBBC85DD30,1.0,SYNTHETIC_LABEL_ONLY,1,SOURCE_TITLE_GROUNDED,1.0,NOT_REAL_MODEL_CONFIDENCE,False
REC-FF97CCB468AFB3D6,1.0,SYNTHETIC_LABEL_ONLY,1,SOURCE_TITLE_GROUNDED,1.0,NOT_REAL_MODEL_CONFIDENCE,False
REC-C0ED2C24F7B395B1,1.0,SYNTHETIC_LABEL_ONLY,1,SOURCE_TITLE_GROUNDED,1.0,NOT_REAL_MODEL_CONFIDENCE,False
REC-115CACD09B0D1F41,1.0,SYNTHETIC_LABEL_ONLY,1,SOURCE_TITLE_GROUNDED,1.0,NOT_REAL_MODEL_CONFIDENCE,False
REC-0DBAE245049786F0,1.0,SYNTHETIC_LABEL_ONLY,1,SOURCE_TITLE_GROUNDED,1.0,NOT_REAL_MODEL_CONFIDENCE,False
REC-7E80A9B20F5BEB86,1.0,SYNTHETIC_LABEL_ONLY,1,SOURCE_TITLE_GROUNDED,1.0,NOT_REAL_MODEL_CONFIDENCE,False
REC-68ABF60F20AF1021,1.0,SYNTHETIC_LABEL_ONLY,1,SOURCE_TITLE_GROUNDED,1.0,NOT_REAL_MODEL_CONFIDENCE,False
REC-AEC46D4857928246,1.0,SYNTHETIC_LABEL_ONLY,1,SOURCE_TITLE_GROUNDED,1.0,NOT_REAL_MODEL_CONFIDENCE,False
REC-A96709B3841573B0,1.0,SYNTHETIC_LABEL_ONLY,1,SOURCE_TITLE_GROUNDED,1.0,NOT_REAL_MODEL_CONFIDENCE,False
REC-418191C890CA7E1D,1.0,SYNTHETIC_LABEL_ONLY,1,SOURCE_TITLE_GROUNDED,1.0,NOT_REAL_MODEL_CONFIDENCE,False
REC-3189FC7A26DE5597,1.0,SYNTHETIC_LABEL_ONLY,1,SOURCE_TITLE_GROUNDED,1.0,NOT_REAL_MODEL_CONFIDENCE,False
REC-400AAB31B5677815,1.0,SYNTHETIC_LABEL_ONLY,1,SOURCE_TITLE_GROUNDED,1.0,NOT_REAL_MODEL_CONFIDENCE,False
REC-A4ACCF3913CAD539,1.0,SYNTHETIC_LABEL_ONLY,1,SOURCE_TITLE_GROUNDED,1.0,NOT_REAL_MODEL_CONFIDENCE,False
REC-CB0822FFDDE159CE,1.0,SYNTHETIC_LABEL_ONLY,1,SOURCE_TITLE_GROUNDED,1.0,NOT_REAL_MODEL_CONFIDENCE,False
REC-11A1F47FF9B9BEE1,1.0,SYNTHETIC_LABEL_ONLY,1,SOURCE_TITLE_GROUNDED,1.0,NOT_REAL_MODEL_CONFIDENCE,False
REC-0AE9B21B260B4A67,1.0,SYNTHETIC_LABEL_ONLY,1,SOURCE_TITLE_GROUNDED,1.0,NOT_REAL_MODEL_CONFIDENCE,False
REC-83607044C9E39BD2,1.0,SYNTHETIC_LABEL_ONLY,1,SOURCE_TITLE_GROUNDED,1.0,NOT_REAL_MODEL_CONFIDENCE,False
REC-2407F706E8FE09E5,1.0,SYNTHETIC_LABEL_ONLY,1,SOURCE_TITLE_GROUNDED,1.0,NOT_REAL_MODEL_CONFIDENCE,False
REC-5A5955E66B168617,1.0,SYNTHETIC_LABEL_ONLY,1,SOURCE_TITLE_GROUNDED,1.0,NOT_REAL_MODEL_CONFIDENCE,False
REC-5F9F2B77AFF17ED4,1.0,SYNTHETIC_LABEL_ONLY,1,SOURCE_TITLE_GROUNDED,1.0,NOT_REAL_MODEL_CONFIDENCE,False
REC-C978D6AD16B207B7,1.0,SYNTHETIC_LABEL_ONLY,1,SOURCE_TITLE_GROUNDED,1.0,NOT_REAL_MODEL_CONFIDENCE,False
REC-21DD9CD518B16BF9,1.0,SYNTHETIC_LABEL_ONLY,1,SOURCE_TITLE_GROUNDED,1.0,NOT_REAL_MODEL_CONFIDENCE,False
REC-F72F89A2188F31EF,1.0,SYNTHETIC_LABEL_ONLY,1,SOURCE_TITLE_GROUNDED,1.0,NOT_REAL_MODEL_CONFIDENCE,False
REC-DC20CEC5C6AEA885,1.0,SYNTHETIC_LABEL_ONLY,1,SOURCE_TITLE_GROUNDED,1.0,NOT_REAL_MODEL_CONFIDENCE,False
REC-724F2B0602DDF74B,1.0,SYNTHETIC_LABEL_ONLY,1,SOURCE_TITLE_GROUNDED,1.0,NOT_REAL_MODEL_CONFIDENCE,False
REC-9A1157AE7E2E1D85,1.0,SYNTHETIC_LABEL_ONLY,1,SOURCE_TITLE_GROUNDED,1.0,NOT_REAL_MODEL_CONFIDENCE,False
REC-43E032A46A10D232,1.0,SYNTHETIC_LABEL_ONLY,1,SOURCE_TITLE_GROUNDED,1.0,NOT_REAL_MODEL_CONFIDENCE,False
REC-59523F2CE059E484,1.0,SYNTHETIC_LABEL_ONLY,1,SOURCE_TITLE_GROUNDED,1.0,NOT_REAL_MODEL_CONFIDENCE,False
REC-5A458FFE34F4B873,1.0,SYNTHETIC_LABEL_ONLY,1,SOURCE_TITLE_GROUNDED,1.0,NOT_REAL_MODEL_CONFIDENCE,False
REC-0BD5CD2279B19FFA,1.0,SYNTHETIC_LABEL_ONLY,1,SOURCE_TITLE_GROUNDED,1.0,NOT_REAL_MODEL_CONFIDENCE,False
REC-D98B7C8A8A0E9ECC,1.0,SYNTHETIC_LABEL_ONLY,1,SOURCE_TITLE_GROUNDED,1.0,NOT_REAL_MODEL_CONFIDENCE,False
REC-5321DBB11B4954A6,1.0,SYNTHETIC_LABEL_ONLY,1,SOURCE_TITLE_GROUNDED,1.0,NOT_REAL_MODEL_CONFIDENCE,False
REC-5828B02ADF53FD8F,1.0,SYNTHETIC_LABEL_ONLY,1,SOURCE_TITLE_GROUNDED,1.0,NOT_REAL_MODEL_CONFIDENCE,False
REC-CBCBF9DC53F11E21,1.0,SYNTHETIC_LABEL_ONLY,1,SOURCE_TITLE_GROUNDED,1.0,NOT_REAL_MODEL_CONFIDENCE,False
REC-C5A72AC4BB47F0F4,1.0,SYNTHETIC_LABEL_ONLY,1,SOURCE_TITLE_GROUNDED,1.0,NOT_REAL_MODEL_CONFIDENCE,False
REC-081E041FF5268C40,1.0,SYNTHETIC_LABEL_ONLY,1,SOURCE_TITLE_GROUNDED,1.0,NOT_REAL_MODEL_CONFIDENCE,False
REC-3F5D795C3BBEDEC7,1.0,SYNTHETIC_LABEL_ONLY,1,SOURCE_TITLE_GROUNDED,1.0,NOT_REAL_MODEL_CONFIDENCE,False
REC-433A49B11DB4CCA3,1.0,SYNTHETIC_LABEL_ONLY,1,SOURCE_TITLE_GROUNDED,1.0,NOT_REAL_MODEL_CONFIDENCE,False
REC-F8ADA23618925079,1.0,SYNTHETIC_LABEL_ONLY,1,SOURCE_TITLE_GROUNDED,1.0,NOT_REAL_MODEL_CONFIDENCE,False
REC-411C2919833A5F65,1.0,SYNTHETIC_LABEL_ONLY,1,SOURCE_TITLE_GROUNDED,1.0,NOT_REAL_MODEL_CONFIDENCE,False
REC-B1308D298D7B5DA2,1.0,SYNTHETIC_LABEL_ONLY,1,SOURCE_TITLE_GROUNDED,1.0,NOT_REAL_MODEL_CONFIDENCE,False
REC-8D2CD8077B76083A,1.0,SYNTHETIC_LABEL_ONLY,1,SOURCE_TITLE_GROUNDED,1.0,NOT_REAL_MODEL_CONFIDENCE,False
REC-83A8A742DF88ABDA,1.0,SYNTHETIC_LABEL_ONLY,1,SOURCE_TITLE_GROUNDED,1.0,NOT_REAL_MODEL_CONFIDENCE,False
REC-E6F13FDD2A16ADB8,1.0,SYNTHETIC_LABEL_ONLY,1,SOURCE_TITLE_GROUNDED,1.0,NOT_REAL_MODEL_CONFIDENCE,False
REC-5A97DD652405EF13,1.0,SYNTHETIC_LABEL_ONLY,1,SOURCE_TITLE_GROUNDED,1.0,NOT_REAL_MODEL_CONFIDENCE,False
REC-C13A11DB16981B1A,1.0,SYNTHETIC_LABEL_ONLY,1,SOURCE_TITLE_GROUNDED,1.0,NOT_REAL_MODEL_CONFIDENCE,False
REC-90933502B9B1445F,1.0,SYNTHETIC_LABEL_ONLY,1,SOURCE_TITLE_GROUNDED,1.0,NOT_REAL_MODEL_CONFIDENCE,False
REC-C0128F7FA08168C4,1.0,SYNTHETIC_LABEL_ONLY,1,SOURCE_TITLE_GROUNDED,1.0,NOT_REAL_MODEL_CONFIDENCE,False
REC-23E54B69838968F8,1.0,SYNTHETIC_LABEL_ONLY,1,SOURCE_TITLE_GROUNDED,1.0,NOT_REAL_MODEL_CONFIDENCE,False
REC-B54B1C88AD0F01E2,1.0,SYNTHETIC_LABEL_ONLY,1,SOURCE_TITLE_GROUNDED,1.0,NOT_REAL_MODEL_CONFIDENCE,False
REC-CB5B0BD0D1224BF2,1.0,SYNTHETIC_LABEL_ONLY,1,SOURCE_TITLE_GROUNDED,1.0,NOT_REAL_MODEL_CONFIDENCE,False
REC-C7906DBD682365AB,1.0,SYNTHETIC_LABEL_ONLY,1,SOURCE_TITLE_GROUNDED,1.0,NOT_REAL_MODEL_CONFIDENCE,False
REC-6E220EEF6DC2735D,1.0,SYNTHETIC_LABEL_ONLY,1,SOURCE_TITLE_GROUNDED,1.0,NOT_REAL_MODEL_CONFIDENCE,False
REC-49BA2D917B02804C,1.0,SYNTHETIC_LABEL_ONLY,1,SOURCE_TITLE_GROUNDED,1.0,NOT_REAL_MODEL_CONFIDENCE,False
REC-AE56A42526CA3835,1.0,SYNTHETIC_LABEL_ONLY,1,SOURCE_TITLE_GROUNDED,1.0,NOT_REAL_MODEL_CONFIDENCE,False
REC-A40F0D12E500D328,1.0,SYNTHETIC_LABEL_ONLY,1,SOURCE_TITLE_GROUNDED,1.0,NOT_REAL_MODEL_CONFIDENCE,False
REC-DB9E188E6C3CDD0F,1.0,SYNTHETIC_LABEL_ONLY,1,SOURCE_TITLE_GROUNDED,1.0,NOT_REAL_MODEL_CONFIDENCE,False
REC-7EF3D00B32274D21,1.0,SYNTHETIC_LABEL_ONLY,1,SOURCE_TITLE_GROUNDED,1.0,NOT_REAL_MODEL_CONFIDENCE,False
REC-E3B94C37191D7AED,1.0,SYNTHETIC_LABEL_ONLY,1,SOURCE_TITLE_GROUNDED,1.0,NOT_REAL_MODEL_CONFIDENCE,False
REC-89BB15C27195F3E9,1.0,SYNTHETIC_LABEL_ONLY,1,SOURCE_TITLE_GROUNDED,1.0,NOT_REAL_MODEL_CONFIDENCE,False
REC-6E5CB95891E60981,1.0,SYNTHETIC_LABEL_ONLY,1,SOURCE_TITLE_GROUNDED,1.0,NOT_REAL_MODEL_CONFIDENCE,False
REC-6455CF789D09EEBC,1.0,SYNTHETIC_LABEL_ONLY,1,SOURCE_TITLE_GROUNDED,1.0,NOT_REAL_MODEL_CONFIDENCE,False
REC-24F7AA65D98A321D,1.0,SYNTHETIC_LABEL_ONLY,1,SOURCE_TITLE_GROUNDED,1.0,NOT_REAL_MODEL_CONFIDENCE,False
REC-7BA8CBC3B3D1EB72,1.0,SYNTHETIC_LABEL_ONLY,1,SOURCE_TITLE_GROUNDED,1.0,NOT_REAL_MODEL_CONFIDENCE,False
REC-4B88F813D648A93D,1.0,SYNTHETIC_LABEL_ONLY,1,SOURCE_TITLE_GROUNDED,1.0,NOT_REAL_MODEL_CONFIDENCE,False
REC-557A06A70D824348,1.0,SYNTHETIC_LABEL_ONLY,1,SOURCE_TITLE_GROUNDED,1.0,NOT_REAL_MODEL_CONFIDENCE,False
REC-F6A4D479B73E415A,1.0,SYNTHETIC_LABEL_ONLY,1,SOURCE_TITLE_GROUNDED,1.0,NOT_REAL_MODEL_CONFIDENCE,False
REC-AC75416B2AE4FF74,1.0,SYNTHETIC_LABEL_ONLY,1,SOURCE_TITLE_GROUNDED,1.0,NOT_REAL_MODEL_CONFIDENCE,False
REC-EF99785AA5774F3D,1.0,SYNTHETIC_LABEL_ONLY,1,SOURCE_TITLE_GROUNDED,1.0,NOT_REAL_MODEL_CONFIDENCE,False
REC-876975CABD889821,1.0,SYNTHETIC_LABEL_ONLY,1,SOURCE_TITLE_GROUNDED,1.0,NOT_REAL_MODEL_CONFIDENCE,False
REC-7CB83C067452E7F1,1.0,SYNTHETIC_LABEL_ONLY,1,SOURCE_TITLE_GROUNDED,1.0,NOT_REAL_MODEL_CONFIDENCE,False
REC-C136F91EC5C5FB7D,1.0,SYNTHETIC_LABEL_ONLY,1,SOURCE_TITLE_GROUNDED,1.0,NOT_REAL_MODEL_CONFIDENCE,False
REC-34569BEA4AA99433,1.0,SYNTHETIC_LABEL_ONLY,1,SOURCE_TITLE_GROUNDED,1.0,NOT_REAL_MODEL_CONFIDENCE,False
REC-1A67D670E726FE64,1.0,SYNTHETIC_LABEL_ONLY,1,SOURCE_TITLE_GROUNDED,1.0,NOT_REAL_MODEL_CONFIDENCE,False
REC-2995F36064ECB73E,1.0,SYNTHETIC_LABEL_ONLY,1,SOURCE_TITLE_GROUNDED,1.0,NOT_REAL_MODEL_CONFIDENCE,False
REC-6AD8F758B09AAFFF,1.0,SYNTHETIC_LABEL_ONLY,1,SOURCE_TITLE_GROUNDED,1.0,NOT_REAL_MODEL_CONFIDENCE,False
REC-D823A625DAC1D637,1.0,SYNTHETIC_LABEL_ONLY,1,SOURCE_TITLE_GROUNDED,1.0,NOT_REAL_MODEL_CONFIDENCE,False
REC-7BF34A2FF5A26BA8,1.0,SYNTHETIC_LABEL_ONLY,1,SOURCE_TITLE_GROUNDED,1.0,NOT_REAL_MODEL_CONFIDENCE,False
REC-EAA4D501998CA8B9,1.0,SYNTHETIC_LABEL_ONLY,1,SOURCE_TITLE_GROUNDED,1.0,NOT_REAL_MODEL_CONFIDENCE,False
REC-F8FB29CF4D1CB3F4,1.0,SYNTHETIC_LABEL_ONLY,1,SOURCE_TITLE_GROUNDED,1.0,NOT_REAL_MODEL_CONFIDENCE,False
REC-FE5DC26CEC7CD9FE,1.0,SYNTHETIC_LABEL_ONLY,1,SOURCE_TITLE_GROUNDED,1.0,NOT_REAL_MODEL_CONFIDENCE,False
REC-07252A40AFDDBB7F,1.0,SYNTHETIC_LABEL_ONLY,1,SOURCE_TITLE_GROUNDED,1.0,NOT_REAL_MODEL_CONFIDENCE,False
REC-0C8FAF786410C90C,1.0,SYNTHETIC_LABEL_ONLY,1,SOURCE_TITLE_GROUNDED,1.0,NOT_REAL_MODEL_CONFIDENCE,False
REC-D15183B401656E23,1.0,SYNTHETIC_LABEL_ONLY,1,SOURCE_TITLE_GROUNDED,1.0,NOT_REAL_MODEL_CONFIDENCE,False
REC-EAE692AF40910149,1.0,SYNTHETIC_LABEL_ONLY,1,SOURCE_TITLE_GROUNDED,1.0,NOT_REAL_MODEL_CONFIDENCE,False
REC-5EA89F8BF9BFC409,1.0,SYNTHETIC_LABEL_ONLY,1,SOURCE_TITLE_GROUNDED,1.0,NOT_REAL_MODEL_CONFIDENCE,False
REC-3F9159C98FFD1943,1.0,SYNTHETIC_LABEL_ONLY,1,SOURCE_TITLE_GROUNDED,1.0,NOT_REAL_MODEL_CONFIDENCE,False
REC-36A9DF82BE582A74,1.0,SYNTHETIC_LABEL_ONLY,1,SOURCE_TITLE_GROUNDED,1.0,NOT_REAL_MODEL_CONFIDENCE,False
REC-443E916AFF75ABE6,1.0,SYNTHETIC_LABEL_ONLY,1,SOURCE_TITLE_GROUNDED,1.0,NOT_REAL_MODEL_CONFIDENCE,False
REC-B8999B329ECAAB75,1.0,SYNTHETIC_LABEL_ONLY,1,SOURCE_TITLE_GROUNDED,1.0,NOT_REAL_MODEL_CONFIDENCE,False
REC-150A50894BD2D1B4,1.0,SYNTHETIC_LABEL_ONLY,1,SOURCE_TITLE_GROUNDED,1.0,NOT_REAL_MODEL_CONFIDENCE,False
REC-F9A1F8928B2BB2F3,1.0,SYNTHETIC_LABEL_ONLY,1,SOURCE_TITLE_GROUNDED,1.0,NOT_REAL_MODEL_CONFIDENCE,False
REC-A241928685FA9332,1.0,SYNTHETIC_LABEL_ONLY,1,SOURCE_TITLE_GROUNDED,1.0,NOT_REAL_MODEL_CONFIDENCE,False
REC-BA398AF856084277,1.0,SYNTHETIC_LABEL_ONLY,1,SOURCE_TITLE_GROUNDED,1.0,NOT_REAL_MODEL_CONFIDENCE,False
REC-0110CB8E1B2AB053,1.0,SYNTHETIC_LABEL_ONLY,1,SOURCE_TITLE_GROUNDED,1.0,NOT_REAL_MODEL_CONFIDENCE,False
REC-1D07D47F5588818A,1.0,SYNTHETIC_LABEL_ONLY,1,SOURCE_TITLE_GROUNDED,1.0,NOT_REAL_MODEL_CONFIDENCE,False
REC-C615F85BF751BFCF,1.0,SYNTHETIC_LABEL_ONLY,1,SOURCE_TITLE_GROUNDED,1.0,NOT_REAL_MODEL_CONFIDENCE,False
REC-5799BA2689ECB96F,1.0,SYNTHETIC_LABEL_ONLY,1,SOURCE_TITLE_GROUNDED,1.0,NOT_REAL_MODEL_CONFIDENCE,False
REC-802FE43DD0CD1CAE,1.0,SYNTHETIC_LABEL_ONLY,1,SOURCE_TITLE_GROUNDED,1.0,NOT_REAL_MODEL_CONFIDENCE,False
REC-A5B37F75A5F5276F,1.0,SYNTHETIC_LABEL_ONLY,1,SOURCE_TITLE_GROUNDED,1.0,NOT_REAL_MODEL_CONFIDENCE,False
REC-535732075B6475F2,1.0,SYNTHETIC_LABEL_ONLY,1,SOURCE_TITLE_GROUNDED,1.0,NOT_REAL_MODEL_CONFIDENCE,False
REC-1635D791755EB6AC,1.0,SYNTHETIC_LABEL_ONLY,1,SOURCE_TITLE_GROUNDED,1.0,NOT_REAL_MODEL_CONFIDENCE,False
REC-F9E9E8FB22382FA8,1.0,SYNTHETIC_LABEL_ONLY,1,SOURCE_TITLE_GROUNDED,1.0,NOT_REAL_MODEL_CONFIDENCE,False
REC-3F747B4CBCEAD9A0,1.0,SYNTHETIC_LABEL_ONLY,1,SOURCE_TITLE_GROUNDED,1.0,NOT_REAL_MODEL_CONFIDENCE,False
REC-110DB0EC101C0A75,1.0,SYNTHETIC_LABEL_ONLY,1,SOURCE_TITLE_GROUNDED,1.0,NOT_REAL_MODEL_CONFIDENCE,False
REC-885680EF402BEC9A,1.0,SYNTHETIC_LABEL_ONLY,1,SOURCE_TITLE_GROUNDED,1.0,NOT_REAL_MODEL_CONFIDENCE,False
REC-BC2308E9338E63FB,1.0,SYNTHETIC_LABEL_ONLY,1,SOURCE_TITLE_GROUNDED,1.0,NOT_REAL_MODEL_CONFIDENCE,False
REC-386D372509ABAED3,1.0,SYNTHETIC_LABEL_ONLY,1,SOURCE_TITLE_GROUNDED,1.0,NOT_REAL_MODEL_CONFIDENCE,False
REC-2E66BCB3E8815708,1.0,SYNTHETIC_LABEL_ONLY,1,SOURCE_TITLE_GROUNDED,1.0,NOT_REAL_MODEL_CONFIDENCE,False
REC-397BC83E9883DDEA,1.0,SYNTHETIC_LABEL_ONLY,1,SOURCE_TITLE_GROUNDED,1.0,NOT_REAL_MODEL_CONFIDENCE,False
REC-AC5C4A955843DABC,1.0,SYNTHETIC_LABEL_ONLY,1,SOURCE_TITLE_GROUNDED,1.0,NOT_REAL_MODEL_CONFIDENCE,False
REC-370EBD6241907D8D,1.0,SYNTHETIC_LABEL_ONLY,1,SOURCE_TITLE_GROUNDED,1.0,NOT_REAL_MODEL_CONFIDENCE,False
REC-712FC2929204197D,1.0,SYNTHETIC_LABEL_ONLY,1,SOURCE_TITLE_GROUNDED,1.0,NOT_REAL_MODEL_CONFIDENCE,False
REC-4E9D96D27337BDDE,1.0,SYNTHETIC_LABEL_ONLY,1,SOURCE_TITLE_GROUNDED,1.0,NOT_REAL_MODEL_CONFIDENCE,False
REC-49B897DD818E7DEA,1.0,SYNTHETIC_LABEL_ONLY,1,SOURCE_TITLE_GROUNDED,1.0,NOT_REAL_MODEL_CONFIDENCE,False
REC-07F4BD99AE94EA21,1.0,SYNTHETIC_LABEL_ONLY,1,SOURCE_TITLE_GROUNDED,1.0,NOT_REAL_MODEL_CONFIDENCE,False
REC-5B687A7025774483,1.0,SYNTHETIC_LABEL_ONLY,1,SOURCE_TITLE_GROUNDED,1.0,NOT_REAL_MODEL_CONFIDENCE,False
REC-F31298098383B03E,1.0,SYNTHETIC_LABEL_ONLY,1,SOURCE_TITLE_GROUNDED,1.0,NOT_REAL_MODEL_CONFIDENCE,False
REC-0B926BD2E3DBC8A0,1.0,SYNTHETIC_LABEL_ONLY,1,SOURCE_TITLE_GROUNDED,1.0,NOT_REAL_MODEL_CONFIDENCE,False
REC-414191C91756E313,1.0,SYNTHETIC_LABEL_ONLY,1,SOURCE_TITLE_GROUNDED,1.0,NOT_REAL_MODEL_CONFIDENCE,False
REC-D50EA934B8EC09F5,1.0,SYNTHETIC_LABEL_ONLY,1,SOURCE_TITLE_GROUNDED,1.0,NOT_REAL_MODEL_CONFIDENCE,False
REC-9918DDA8350AB16A,1.0,SYNTHETIC_LABEL_ONLY,1,SOURCE_TITLE_GROUNDED,1.0,NOT_REAL_MODEL_CONFIDENCE,False
REC-09893A93E387141B,1.0,SYNTHETIC_LABEL_ONLY,1,SOURCE_TITLE_GROUNDED,1.0,NOT_REAL_MODEL_CONFIDENCE,False
REC-24B108BBE5C45AC8,1.0,SYNTHETIC_LABEL_ONLY,1,SOURCE_TITLE_GROUNDED,1.0,NOT_REAL_MODEL_CONFIDENCE,False
REC-981957E94E9FCEEB,1.0,SYNTHETIC_LABEL_ONLY,1,SOURCE_TITLE_GROUNDED,1.0,NOT_REAL_MODEL_CONFIDENCE,False
REC-4BA445E8F0D19E92,1.0,SYNTHETIC_LABEL_ONLY,1,SOURCE_TITLE_GROUNDED,1.0,NOT_REAL_MODEL_CONFIDENCE,False
REC-0B2A45EB9E8CC491,1.0,SYNTHETIC_LABEL_ONLY,1,SOURCE_TITLE_GROUNDED,1.0,NOT_REAL_MODEL_CONFIDENCE,False
REC-E2CF69A68B683388,1.0,SYNTHETIC_LABEL_ONLY,1,SOURCE_TITLE_GROUNDED,1.0,NOT_REAL_MODEL_CONFIDENCE,False
REC-881F187344F3F95D,1.0,SYNTHETIC_LABEL_ONLY,1,SOURCE_TITLE_GROUNDED,1.0,NOT_REAL_MODEL_CONFIDENCE,False
REC-87CF6B02BD3E91D6,1.0,SYNTHETIC_LABEL_ONLY,1,SOURCE_TITLE_GROUNDED,1.0,NOT_REAL_MODEL_CONFIDENCE,False
REC-F90B9E6A40D7B800,1.0,SYNTHETIC_LABEL_ONLY,1,SOURCE_TITLE_GROUNDED,1.0,NOT_REAL_MODEL_CONFIDENCE,False
REC-75B23A954BF6A97F,1.0,SYNTHETIC_LABEL_ONLY,1,SOURCE_TITLE_GROUNDED,1.0,NOT_REAL_MODEL_CONFIDENCE,False
REC-C25383B8F3F02DDF,1.0,SYNTHETIC_LABEL_ONLY,1,SOURCE_TITLE_GROUNDED,1.0,NOT_REAL_MODEL_CONFIDENCE,False
REC-24ABA2EFC90CCB55,1.0,SYNTHETIC_LABEL_ONLY,1,SOURCE_TITLE_GROUNDED,1.0,NOT_REAL_MODEL_CONFIDENCE,False
REC-7569744D2B54CE0C,1.0,SYNTHETIC_LABEL_ONLY,1,SOURCE_TITLE_GROUNDED,1.0,NOT_REAL_MODEL_CONFIDENCE,False
REC-32914F6BC40F042B,1.0,SYNTHETIC_LABEL_ONLY,1,SOURCE_TITLE_GROUNDED,1.0,NOT_REAL_MODEL_CONFIDENCE,False
REC-5E36D5938F0C14AA,1.0,SYNTHETIC_LABEL_ONLY,1,SOURCE_TITLE_GROUNDED,1.0,NOT_REAL_MODEL_CONFIDENCE,False
REC-2C512EE055A25820,1.0,SYNTHETIC_LABEL_ONLY,1,SOURCE_TITLE_GROUNDED,1.0,NOT_REAL_MODEL_CONFIDENCE,False
REC-F7392703DB1E3FBF,1.0,SYNTHETIC_LABEL_ONLY,1,SOURCE_TITLE_GROUNDED,1.0,NOT_REAL_MODEL_CONFIDENCE,False
REC-619341FD0299ACAF,1.0,SYNTHETIC_LABEL_ONLY,1,SOURCE_TITLE_GROUNDED,1.0,NOT_REAL_MODEL_CONFIDENCE,False
REC-1CF800F6A62888E1,1.0,SYNTHETIC_LABEL_ONLY,1,SOURCE_TITLE_GROUNDED,1.0,NOT_REAL_MODEL_CONFIDENCE,False
REC-F951D1F55F3C8239,1.0,SYNTHETIC_LABEL_ONLY,1,SOURCE_TITLE_GROUNDED,1.0,NOT_REAL_MODEL_CONFIDENCE,False
REC-73ABE65A693C212C,1.0,SYNTHETIC_LABEL_ONLY,1,SOURCE_TITLE_GROUNDED,1.0,NOT_REAL_MODEL_CONFIDENCE,False
REC-105D0DED201673FF,1.0,SYNTHETIC_LABEL_ONLY,1,SOURCE_TITLE_GROUNDED,1.0,NOT_REAL_MODEL_CONFIDENCE,False
REC-2E2A1F86EC13CB0D,1.0,SYNTHETIC_LABEL_ONLY,1,SOURCE_TITLE_GROUNDED,1.0,NOT_REAL_MODEL_CONFIDENCE,False
REC-280EA75023563250,1.0,SYNTHETIC_LABEL_ONLY,1,SOURCE_TITLE_GROUNDED,1.0,NOT_REAL_MODEL_CONFIDENCE,False
REC-A600F5B14DD186D3,1.0,SYNTHETIC_LABEL_ONLY,1,SOURCE_TITLE_GROUNDED,1.0,NOT_REAL_MODEL_CONFIDENCE,False
REC-C8CAC3C75676DCB7,1.0,SYNTHETIC_LABEL_ONLY,1,SOURCE_TITLE_GROUNDED,1.0,NOT_REAL_MODEL_CONFIDENCE,False
REC-1DFF22ADB98423BB,1.0,SYNTHETIC_LABEL_ONLY,1,SOURCE_TITLE_GROUNDED,1.0,NOT_REAL_MODEL_CONFIDENCE,False
REC-441DD638C8EA7817,1.0,SYNTHETIC_LABEL_ONLY,1,SOURCE_TITLE_GROUNDED,1.0,NOT_REAL_MODEL_CONFIDENCE,False
REC-219A6CA707579C85,1.0,SYNTHETIC_LABEL_ONLY,1,SOURCE_TITLE_GROUNDED,1.0,NOT_REAL_MODEL_CONFIDENCE,False
REC-901C6E7D6FF69D95,1.0,SYNTHETIC_LABEL_ONLY,1,SOURCE_TITLE_GROUNDED,1.0,NOT_REAL_MODEL_CONFIDENCE,False
REC-618637B3D3BEB116,1.0,SYNTHETIC_LABEL_ONLY,1,SOURCE_TITLE_GROUNDED,1.0,NOT_REAL_MODEL_CONFIDENCE,False
REC-AE7B12DA71053017,1.0,SYNTHETIC_LABEL_ONLY,1,SOURCE_TITLE_GROUNDED,1.0,NOT_REAL_MODEL_CONFIDENCE,False
REC-95DECD3472ED884E,1.0,SYNTHETIC_LABEL_ONLY,1,SOURCE_TITLE_GROUNDED,1.0,NOT_REAL_MODEL_CONFIDENCE,False
REC-5E56C9E86B3E40DD,1.0,SYNTHETIC_LABEL_ONLY,1,SOURCE_TITLE_GROUNDED,1.0,NOT_REAL_MODEL_CONFIDENCE,False
REC-D756EA3701C6FA47,1.0,SYNTHETIC_LABEL_ONLY,1,SOURCE_TITLE_GROUNDED,1.0,NOT_REAL_MODEL_CONFIDENCE,False
REC-F966906A75579943,1.0,SYNTHETIC_LABEL_ONLY,1,SOURCE_TITLE_GROUNDED,1.0,NOT_REAL_MODEL_CONFIDENCE,False
REC-72CA44BE66A7C6D8,1.0,SYNTHETIC_LABEL_ONLY,1,SOURCE_TITLE_GROUNDED,1.0,NOT_REAL_MODEL_CONFIDENCE,False
REC-2E1BDAF1DB4A4C0F,1.0,SYNTHETIC_LABEL_ONLY,1,SOURCE_TITLE_GROUNDED,1.0,NOT_REAL_MODEL_CONFIDENCE,False
REC-0CAA74CF16F3240D,1.0,SYNTHETIC_LABEL_ONLY,1,SOURCE_TITLE_GROUNDED,1.0,NOT_REAL_MODEL_CONFIDENCE,False
REC-CB73750EC6513292,1.0,SYNTHETIC_LABEL_ONLY,1,SOURCE_TITLE_GROUNDED,1.0,NOT_REAL_MODEL_CONFIDENCE,False
REC-148EF5A9A3361E6C,1.0,SYNTHETIC_LABEL_ONLY,1,SOURCE_TITLE_GROUNDED,1.0,NOT_REAL_MODEL_CONFIDENCE,False
REC-8AE57EE04AB62ADF,1.0,SYNTHETIC_LABEL_ONLY,1,SOURCE_TITLE_GROUNDED,1.0,NOT_REAL_MODEL_CONFIDENCE,False
REC-42D8C03FFB39DBE1,1.0,SYNTHETIC_LABEL_ONLY,1,SOURCE_TITLE_GROUNDED,1.0,NOT_REAL_MODEL_CONFIDENCE,False
REC-05D3B39AA876E673,1.0,SYNTHETIC_LABEL_ONLY,1,SOURCE_TITLE_GROUNDED,1.0,NOT_REAL_MODEL_CONFIDENCE,False
REC-9133572CE3450684,1.0,SYNTHETIC_LABEL_ONLY,1,SOURCE_TITLE_GROUNDED,1.0,NOT_REAL_MODEL_CONFIDENCE,False
REC-E1A33B903DBC26FD,1.0,SYNTHETIC_LABEL_ONLY,1,SOURCE_TITLE_GROUNDED,1.0,NOT_REAL_MODEL_CONFIDENCE,False
REC-2B10A48C37307D91,1.0,SYNTHETIC_LABEL_ONLY,1,SOURCE_TITLE_GROUNDED,1.0,NOT_REAL_MODEL_CONFIDENCE,False
REC-DBBB7A4D9F6C7748,1.0,SYNTHETIC_LABEL_ONLY,1,SOURCE_TITLE_GROUNDED,1.0,NOT_REAL_MODEL_CONFIDENCE,False
REC-C6CF3DE6A6F6625C,1.0,SYNTHETIC_LABEL_ONLY,1,SOURCE_TITLE_GROUNDED,1.0,NOT_REAL_MODEL_CONFIDENCE,False
REC-90EE6B73AC35FD08,1.0,SYNTHETIC_LABEL_ONLY,1,SOURCE_TITLE_GROUNDED,1.0,NOT_REAL_MODEL_CONFIDENCE,False
REC-31DF89E0FA7B20F0,1.0,SYNTHETIC_LABEL_ONLY,1,SOURCE_TITLE_GROUNDED,1.0,NOT_REAL_MODEL_CONFIDENCE,False
REC-FD0E8A2FFC6CBC3D,1.0,SYNTHETIC_LABEL_ONLY,1,SOURCE_TITLE_GROUNDED,1.0,NOT_REAL_MODEL_CONFIDENCE,False
REC-E802850A3208788F,1.0,SYNTHETIC_LABEL_ONLY,1,SOURCE_TITLE_GROUNDED,1.0,NOT_REAL_MODEL_CONFIDENCE,False
REC-9209595A2D0C9115,1.0,SYNTHETIC_LABEL_ONLY,1,SOURCE_TITLE_GROUNDED,1.0,NOT_REAL_MODEL_CONFIDENCE,False
REC-5EF06C54A44FF629,1.0,SYNTHETIC_LABEL_ONLY,1,SOURCE_TITLE_GROUNDED,1.0,NOT_REAL_MODEL_CONFIDENCE,False
REC-0CD149A66A1D4224,1.0,SYNTHETIC_LABEL_ONLY,1,SOURCE_TITLE_GROUNDED,1.0,NOT_REAL_MODEL_CONFIDENCE,False
REC-686F908971238C92,1.0,SYNTHETIC_LABEL_ONLY,1,SOURCE_TITLE_GROUNDED,1.0,NOT_REAL_MODEL_CONFIDENCE,False
REC-F3DF5F8F011FF789,1.0,SYNTHETIC_LABEL_ONLY,1,SOURCE_TITLE_GROUNDED,1.0,NOT_REAL_MODEL_CONFIDENCE,False
REC-FA4D2C02506E2646,1.0,SYNTHETIC_LABEL_ONLY,1,SOURCE_TITLE_GROUNDED,1.0,NOT_REAL_MODEL_CONFIDENCE,False
REC-BCBF338E6BCDF2AE,1.0,SYNTHETIC_LABEL_ONLY,1,SOURCE_TITLE_GROUNDED,1.0,NOT_REAL_MODEL_CONFIDENCE,False
REC-451CFA61C8F6AEEA,1.0,SYNTHETIC_LABEL_ONLY,1,SOURCE_TITLE_GROUNDED,1.0,NOT_REAL_MODEL_CONFIDENCE,False
REC-82814DA3428905D9,1.0,SYNTHETIC_LABEL_ONLY,1,SOURCE_TITLE_GROUNDED,1.0,NOT_REAL_MODEL_CONFIDENCE,False
REC-A33EEBF22A3CB5D0,1.0,SYNTHETIC_LABEL_ONLY,1,SOURCE_TITLE_GROUNDED,1.0,NOT_REAL_MODEL_CONFIDENCE,False
REC-6106E2DA5C668163,1.0,SYNTHETIC_LABEL_ONLY,1,SOURCE_TITLE_GROUNDED,1.0,NOT_REAL_MODEL_CONFIDENCE,False
REC-380752D67B085704,1.0,SYNTHETIC_LABEL_ONLY,1,SOURCE_TITLE_GROUNDED,1.0,NOT_REAL_MODEL_CONFIDENCE,False
REC-596CC9555F5AF391,1.0,SYNTHETIC_LABEL_ONLY,1,SOURCE_TITLE_GROUNDED,1.0,NOT_REAL_MODEL_CONFIDENCE,False
REC-7A60B723C1D3AE12,1.0,SYNTHETIC_LABEL_ONLY,1,SOURCE_TITLE_GROUNDED,1.0,NOT_REAL_MODEL_CONFIDENCE,False
REC-AC90B9136FABC15E,1.0,SYNTHETIC_LABEL_ONLY,1,SOURCE_TITLE_GROUNDED,1.0,NOT_REAL_MODEL_CONFIDENCE,False
REC-6AD32C46F733E32E,1.0,SYNTHETIC_LABEL_ONLY,1,SOURCE_TITLE_GROUNDED,1.0,NOT_REAL_MODEL_CONFIDENCE,False
REC-F362BBF47EBD71CA,1.0,SYNTHETIC_LABEL_ONLY,1,SOURCE_TITLE_GROUNDED,1.0,NOT_REAL_MODEL_CONFIDENCE,False
REC-1A793C2171D85DCC,1.0,SYNTHETIC_LABEL_ONLY,1,SOURCE_TITLE_GROUNDED,1.0,NOT_REAL_MODEL_CONFIDENCE,False
REC-4CE5387B2B668B49,1.0,SYNTHETIC_LABEL_ONLY,1,SOURCE_TITLE_GROUNDED,1.0,NOT_REAL_MODEL_CONFIDENCE,False
REC-3545CB6F195D4ABA,1.0,SYNTHETIC_LABEL_ONLY,1,SOURCE_TITLE_GROUNDED,1.0,NOT_REAL_MODEL_CONFIDENCE,False
REC-F91A2BE95E601C37,1.0,SYNTHETIC_LABEL_ONLY,1,SOURCE_TITLE_GROUNDED,1.0,NOT_REAL_MODEL_CONFIDENCE,False
REC-CA4AE2F56FA79A1D,1.0,SYNTHETIC_LABEL_ONLY,1,SOURCE_TITLE_GROUNDED,1.0,NOT_REAL_MODEL_CONFIDENCE,False
REC-448B0ED3A0D540C2,1.0,SYNTHETIC_LABEL_ONLY,1,SOURCE_TITLE_GROUNDED,1.0,NOT_REAL_MODEL_CONFIDENCE,False
REC-E169308A425D734E,1.0,SYNTHETIC_LABEL_ONLY,1,SOURCE_TITLE_GROUNDED,1.0,NOT_REAL_MODEL_CONFIDENCE,False
REC-E39C3D9A6B71F4C7,1.0,SYNTHETIC_LABEL_ONLY,1,SOURCE_TITLE_GROUNDED,1.0,NOT_REAL_MODEL_CONFIDENCE,False
REC-B481E0611CB4DA70,1.0,SYNTHETIC_LABEL_ONLY,1,SOURCE_TITLE_GROUNDED,1.0,NOT_REAL_MODEL_CONFIDENCE,False
REC-5B0FB87CBDEDE421,1.0,SYNTHETIC_LABEL_ONLY,1,SOURCE_TITLE_GROUNDED,1.0,NOT_REAL_MODEL_CONFIDENCE,False
REC-353A9FE1D24B4CF8,1.0,SYNTHETIC_LABEL_ONLY,1,SOURCE_TITLE_GROUNDED,1.0,NOT_REAL_MODEL_CONFIDENCE,False
REC-06894401905A22C0,1.0,SYNTHETIC_LABEL_ONLY,1,SOURCE_TITLE_GROUNDED,1.0,NOT_REAL_MODEL_CONFIDENCE,False
REC-CFB66B5728300749,1.0,SYNTHETIC_LABEL_ONLY,1,SOURCE_TITLE_GROUNDED,1.0,NOT_REAL_MODEL_CONFIDENCE,False
REC-1437BA9DF74A45E1,1.0,SYNTHETIC_LABEL_ONLY,1,SOURCE_TITLE_GROUNDED,1.0,NOT_REAL_MODEL_CONFIDENCE,False
REC-59BC7E2A0F77864B,1.0,SYNTHETIC_LABEL_ONLY,1,SOURCE_TITLE_GROUNDED,1.0,NOT_REAL_MODEL_CONFIDENCE,False
REC-7C729BE643ECCBDB,1.0,SYNTHETIC_LABEL_ONLY,1,SOURCE_TITLE_GROUNDED,1.0,NOT_REAL_MODEL_CONFIDENCE,False
REC-2155B1A45FC01D40,1.0,SYNTHETIC_LABEL_ONLY,1,SOURCE_TITLE_GROUNDED,1.0,NOT_REAL_MODEL_CONFIDENCE,False
REC-9BC845DB38FBA665,1.0,SYNTHETIC_LABEL_ONLY,1,SOURCE_TITLE_GROUNDED,1.0,NOT_REAL_MODEL_CONFIDENCE,False
REC-DF95B2D74FE7E57A,1.0,SYNTHETIC_LABEL_ONLY,1,SOURCE_TITLE_GROUNDED,1.0,NOT_REAL_MODEL_CONFIDENCE,False
REC-84C26CF96C8AC977,1.0,SYNTHETIC_LABEL_ONLY,1,SOURCE_TITLE_GROUNDED,1.0,NOT_REAL_MODEL_CONFIDENCE,False
REC-5B986E5099535EBE,1.0,SYNTHETIC_LABEL_ONLY,1,SOURCE_TITLE_GROUNDED,1.0,NOT_REAL_MODEL_CONFIDENCE,False
REC-125ED631B85E0054,1.0,SYNTHETIC_LABEL_ONLY,1,SOURCE_TITLE_GROUNDED,1.0,NOT_REAL_MODEL_CONFIDENCE,False
REC-300FA6C3A5C69399,1.0,SYNTHETIC_LABEL_ONLY,1,SOURCE_TITLE_GROUNDED,1.0,NOT_REAL_MODEL_CONFIDENCE,False
REC-0CB811B50C744B4F,1.0,SYNTHETIC_LABEL_ONLY,1,SOURCE_TITLE_GROUNDED,1.0,NOT_REAL_MODEL_CONFIDENCE,False
REC-D9CDFA29B3D4D640,1.0,SYNTHETIC_LABEL_ONLY,1,SOURCE_TITLE_GROUNDED,1.0,NOT_REAL_MODEL_CONFIDENCE,False
REC-E97C2D5026FF4F6C,1.0,SYNTHETIC_LABEL_ONLY,1,SOURCE_TITLE_GROUNDED,1.0,NOT_REAL_MODEL_CONFIDENCE,False
REC-F81A7EB6D0575981,1.0,SYNTHETIC_LABEL_ONLY,1,SOURCE_TITLE_GROUNDED,1.0,NOT_REAL_MODEL_CONFIDENCE,False
REC-A83C8A99E5224353,1.0,SYNTHETIC_LABEL_ONLY,1,SOURCE_TITLE_GROUNDED,1.0,NOT_REAL_MODEL_CONFIDENCE,False
REC-3184982B07DBC607,1.0,SYNTHETIC_LABEL_ONLY,1,SOURCE_TITLE_GROUNDED,1.0,NOT_REAL_MODEL_CONFIDENCE,False
REC-231674EF4B228555,1.0,SYNTHETIC_LABEL_ONLY,1,SOURCE_TITLE_GROUNDED,1.0,NOT_REAL_MODEL_CONFIDENCE,False
REC-E9B6A284CEE1D823,1.0,SYNTHETIC_LABEL_ONLY,1,SOURCE_TITLE_GROUNDED,1.0,NOT_REAL_MODEL_CONFIDENCE,False
REC-0E6C3138EC98EC60,1.0,SYNTHETIC_LABEL_ONLY,1,SOURCE_TITLE_GROUNDED,1.0,NOT_REAL_MODEL_CONFIDENCE,False
REC-635718F1694A4883,1.0,SYNTHETIC_LABEL_ONLY,1,SOURCE_TITLE_GROUNDED,1.0,NOT_REAL_MODEL_CONFIDENCE,False
REC-0297CED1CABC2925,1.0,SYNTHETIC_LABEL_ONLY,1,SOURCE_TITLE_GROUNDED,1.0,NOT_REAL_MODEL_CONFIDENCE,False
REC-553B6E63DCBDD3F6,1.0,SYNTHETIC_LABEL_ONLY,1,SOURCE_TITLE_GROUNDED,1.0,NOT_REAL_MODEL_CONFIDENCE,False
REC-07CDE9E884960813,1.0,SYNTHETIC_LABEL_ONLY,1,SOURCE_TITLE_GROUNDED,1.0,NOT_REAL_MODEL_CONFIDENCE,False
REC-CF6C43457E4964CE,1.0,SYNTHETIC_LABEL_ONLY,1,SOURCE_TITLE_GROUNDED,1.0,NOT_REAL_MODEL_CONFIDENCE,False
REC-3E1BBDE26BFA88D1,1.0,SYNTHETIC_LABEL_ONLY,1,SOURCE_TITLE_GROUNDED,1.0,NOT_REAL_MODEL_CONFIDENCE,False
REC-187A34E2E95887CA,1.0,SYNTHETIC_LABEL_ONLY,1,SOURCE_TITLE_GROUNDED,1.0,NOT_REAL_MODEL_CONFIDENCE,False
REC-51EA75914EFD0083,1.0,SYNTHETIC_LABEL_ONLY,1,SOURCE_TITLE_GROUNDED,1.0,NOT_REAL_MODEL_CONFIDENCE,False
REC-A73E9885587C8A65,1.0,SYNTHETIC_LABEL_ONLY,1,SOURCE_TITLE_GROUNDED,1.0,NOT_REAL_MODEL_CONFIDENCE,False
REC-AD218DC737DE23B3,1.0,SYNTHETIC_LABEL_ONLY,1,SOURCE_TITLE_GROUNDED,1.0,NOT_REAL_MODEL_CONFIDENCE,False
REC-BBDD02ED3C53A932,1.0,SYNTHETIC_LABEL_ONLY,1,SOURCE_TITLE_GROUNDED,1.0,NOT_REAL_MODEL_CONFIDENCE,False
REC-878DB62BBC6BA8A0,1.0,SYNTHETIC_LABEL_ONLY,1,SOURCE_TITLE_GROUNDED,1.0,NOT_REAL_MODEL_CONFIDENCE,False
REC-086E547ED148F7A6,1.0,SYNTHETIC_LABEL_ONLY,1,SOURCE_TITLE_GROUNDED,1.0,NOT_REAL_MODEL_CONFIDENCE,False
REC-AF151B1B86A717AB,1.0,SYNTHETIC_LABEL_ONLY,1,SOURCE_TITLE_GROUNDED,1.0,NOT_REAL_MODEL_CONFIDENCE,False
REC-F494910408D74E39,1.0,SYNTHETIC_LABEL_ONLY,1,SOURCE_TITLE_GROUNDED,1.0,NOT_REAL_MODEL_CONFIDENCE,False
REC-49B668BF7215864C,1.0,SYNTHETIC_LABEL_ONLY,1,SOURCE_TITLE_GROUNDED,1.0,NOT_REAL_MODEL_CONFIDENCE,False
REC-921A8522216E9625,1.0,SYNTHETIC_LABEL_ONLY,1,SOURCE_TITLE_GROUNDED,1.0,NOT_REAL_MODEL_CONFIDENCE,False
REC-6BCD9323C7DD70F6,1.0,SYNTHETIC_LABEL_ONLY,1,SOURCE_TITLE_GROUNDED,1.0,NOT_REAL_MODEL_CONFIDENCE,False
REC-C641A3B5A0504B9C,1.0,SYNTHETIC_LABEL_ONLY,1,SOURCE_TITLE_GROUNDED,1.0,NOT_REAL_MODEL_CONFIDENCE,False
REC-B1D735EF908025EF,1.0,SYNTHETIC_LABEL_ONLY,1,SOURCE_TITLE_GROUNDED,1.0,NOT_REAL_MODEL_CONFIDENCE,False
REC-AD55067FF06BF0A4,1.0,SYNTHETIC_LABEL_ONLY,1,SOURCE_TITLE_GROUNDED,1.0,NOT_REAL_MODEL_CONFIDENCE,False
REC-7943D3473CBE130C,1.0,SYNTHETIC_LABEL_ONLY,1,SOURCE_TITLE_GROUNDED,1.0,NOT_REAL_MODEL_CONFIDENCE,False
REC-0CBB6EE515CF06D2,1.0,SYNTHETIC_LABEL_ONLY,1,SOURCE_TITLE_GROUNDED,1.0,NOT_REAL_MODEL_CONFIDENCE,False
REC-A14AF14D7463004D,1.0,SYNTHETIC_LABEL_ONLY,1,SOURCE_TITLE_GROUNDED,1.0,NOT_REAL_MODEL_CONFIDENCE,False
REC-CF15A9604F86C047,1.0,SYNTHETIC_LABEL_ONLY,1,SOURCE_TITLE_GROUNDED,1.0,NOT_REAL_MODEL_CONFIDENCE,False
REC-5E39C9E590D34175,1.0,SYNTHETIC_LABEL_ONLY,1,SOURCE_TITLE_GROUNDED,1.0,NOT_REAL_MODEL_CONFIDENCE,False
REC-105BAE4AFC136FDE,1.0,SYNTHETIC_LABEL_ONLY,1,SOURCE_TITLE_GROUNDED,1.0,NOT_REAL_MODEL_CONFIDENCE,False
REC-695D847D26965CC4,1.0,SYNTHETIC_LABEL_ONLY,1,SOURCE_TITLE_GROUNDED,1.0,NOT_REAL_MODEL_CONFIDENCE,False
REC-5F9114BFA084C72D,1.0,SYNTHETIC_LABEL_ONLY,1,SOURCE_TITLE_GROUNDED,1.0,NOT_REAL_MODEL_CONFIDENCE,False
REC-73846583066D3A72,1.0,SYNTHETIC_LABEL_ONLY,1,SOURCE_TITLE_GROUNDED,1.0,NOT_REAL_MODEL_CONFIDENCE,False
REC-6CD8384DFDB6B3BC,1.0,SYNTHETIC_LABEL_ONLY,1,SOURCE_TITLE_GROUNDED,1.0,NOT_REAL_MODEL_CONFIDENCE,False
REC-9EAFA19E4AFF2AA9,1.0,SYNTHETIC_LABEL_ONLY,1,SOURCE_TITLE_GROUNDED,1.0,NOT_REAL_MODEL_CONFIDENCE,False
REC-F5D17C6F47385E74,1.0,SYNTHETIC_LABEL_ONLY,1,SOURCE_TITLE_GROUNDED,1.0,NOT_REAL_MODEL_CONFIDENCE,False
REC-701ABD45D7D5439F,1.0,SYNTHETIC_LABEL_ONLY,1,SOURCE_TITLE_GROUNDED,1.0,NOT_REAL_MODEL_CONFIDENCE,False
REC-DAEBE05D2F82C65D,1.0,SYNTHETIC_LABEL_ONLY,1,SOURCE_TITLE_GROUNDED,1.0,NOT_REAL_MODEL_CONFIDENCE,False
REC-BF6FEDB1DCAA285F,1.0,SYNTHETIC_LABEL_ONLY,1,SOURCE_TITLE_GROUNDED,1.0,NOT_REAL_MODEL_CONFIDENCE,False
REC-E16F3F4EA115727D,1.0,SYNTHETIC_LABEL_ONLY,1,SOURCE_TITLE_GROUNDED,1.0,NOT_REAL_MODEL_CONFIDENCE,False
REC-3E9AF9AE0BA188A6,1.0,SYNTHETIC_LABEL_ONLY,1,SOURCE_TITLE_GROUNDED,1.0,NOT_REAL_MODEL_CONFIDENCE,False
REC-322CFC7CE94128BF,1.0,SYNTHETIC_LABEL_ONLY,1,SOURCE_TITLE_GROUNDED,1.0,NOT_REAL_MODEL_CONFIDENCE,False
REC-5472E8F8951DAA7C,1.0,SYNTHETIC_LABEL_ONLY,1,SOURCE_TITLE_GROUNDED,1.0,NOT_REAL_MODEL_CONFIDENCE,False
REC-78EC0BF03DD74611,1.0,SYNTHETIC_LABEL_ONLY,1,SOURCE_TITLE_GROUNDED,1.0,NOT_REAL_MODEL_CONFIDENCE,False
REC-016AA0D7E548C0FA,1.0,SYNTHETIC_LABEL_ONLY,1,SOURCE_TITLE_GROUNDED,1.0,NOT_REAL_MODEL_CONFIDENCE,False
REC-56BAED1231CAF43E,1.0,SYNTHETIC_LABEL_ONLY,1,SOURCE_TITLE_GROUNDED,1.0,NOT_REAL_MODEL_CONFIDENCE,False
REC-67546CF46827C92A,1.0,SYNTHETIC_LABEL_ONLY,1,SOURCE_TITLE_GROUNDED,1.0,NOT_REAL_MODEL_CONFIDENCE,False
REC-2143C3AB1AFECEAB,1.0,SYNTHETIC_LABEL_ONLY,1,SOURCE_TITLE_GROUNDED,1.0,NOT_REAL_MODEL_CONFIDENCE,False
REC-5252F81E5DB0B934,1.0,SYNTHETIC_LABEL_ONLY,1,SOURCE_TITLE_GROUNDED,1.0,NOT_REAL_MODEL_CONFIDENCE,False
REC-3BB853F9100C6859,1.0,SYNTHETIC_LABEL_ONLY,1,SOURCE_TITLE_GROUNDED,1.0,NOT_REAL_MODEL_CONFIDENCE,False
REC-A85897309E9EBA8A,1.0,SYNTHETIC_LABEL_ONLY,1,SOURCE_TITLE_GROUNDED,1.0,NOT_REAL_MODEL_CONFIDENCE,False
REC-C459227ACAD00CAB,1.0,SYNTHETIC_LABEL_ONLY,1,SOURCE_TITLE_GROUNDED,1.0,NOT_REAL_MODEL_CONFIDENCE,False
REC-A24CDBE1A9766AE9,1.0,SYNTHETIC_LABEL_ONLY,1,SOURCE_TITLE_GROUNDED,1.0,NOT_REAL_MODEL_CONFIDENCE,False
REC-D68B0C946B55A203,1.0,SYNTHETIC_LABEL_ONLY,1,SOURCE_TITLE_GROUNDED,1.0,NOT_REAL_MODEL_CONFIDENCE,False
REC-0762A47186653DAD,1.0,SYNTHETIC_LABEL_ONLY,1,SOURCE_TITLE_GROUNDED,1.0,NOT_REAL_MODEL_CONFIDENCE,False
REC-6227CBB8EAD18D5E,1.0,SYNTHETIC_LABEL_ONLY,1,SOURCE_TITLE_GROUNDED,1.0,NOT_REAL_MODEL_CONFIDENCE,False
REC-EA7B96DAD64DFA43,1.0,SYNTHETIC_LABEL_ONLY,1,SOURCE_TITLE_GROUNDED,1.0,NOT_REAL_MODEL_CONFIDENCE,False
REC-612DF05FED94A638,1.0,SYNTHETIC_LABEL_ONLY,1,SOURCE_TITLE_GROUNDED,1.0,NOT_REAL_MODEL_CONFIDENCE,False
REC-3312C7F906293646,1.0,SYNTHETIC_LABEL_ONLY,1,SOURCE_TITLE_GROUNDED,1.0,NOT_REAL_MODEL_CONFIDENCE,False
REC-F44B9ABC551B3F18,1.0,SYNTHETIC_LABEL_ONLY,1,SOURCE_TITLE_GROUNDED,1.0,NOT_REAL_MODEL_CONFIDENCE,False
REC-ED752E32D9710C57,1.0,SYNTHETIC_LABEL_ONLY,1,SOURCE_TITLE_GROUNDED,1.0,NOT_REAL_MODEL_CONFIDENCE,False
REC-2CBE9550242C7D99,1.0,SYNTHETIC_LABEL_ONLY,1,SOURCE_TITLE_GROUNDED,1.0,NOT_REAL_MODEL_CONFIDENCE,False
REC-2EF24C9809F05921,1.0,SYNTHETIC_LABEL_ONLY,1,SOURCE_TITLE_GROUNDED,1.0,NOT_REAL_MODEL_CONFIDENCE,False
REC-06FDAFE8313DB7B0,1.0,SYNTHETIC_LABEL_ONLY,1,SOURCE_TITLE_GROUNDED,1.0,NOT_REAL_MODEL_CONFIDENCE,False
REC-061A56F504B574DC,1.0,SYNTHETIC_LABEL_ONLY,1,SOURCE_TITLE_GROUNDED,1.0,NOT_REAL_MODEL_CONFIDENCE,False
REC-692F2B5C3E356ED4,1.0,SYNTHETIC_LABEL_ONLY,1,SOURCE_TITLE_GROUNDED,1.0,NOT_REAL_MODEL_CONFIDENCE,False
REC-EF930FF2B0B53AFD,1.0,SYNTHETIC_LABEL_ONLY,1,SOURCE_TITLE_GROUNDED,1.0,NOT_REAL_MODEL_CONFIDENCE,False
REC-B71D36D30E9EA4F5,1.0,SYNTHETIC_LABEL_ONLY,1,SOURCE_TITLE_GROUNDED,1.0,NOT_REAL_MODEL_CONFIDENCE,False
REC-9158DC19569B5F22,1.0,SYNTHETIC_LABEL_ONLY,1,SOURCE_TITLE_GROUNDED,1.0,NOT_REAL_MODEL_CONFIDENCE,False
REC-99C10AD518CE8C33,1.0,SYNTHETIC_LABEL_ONLY,1,SOURCE_TITLE_GROUNDED,1.0,NOT_REAL_MODEL_CONFIDENCE,False
REC-92AAACCB2513FB3B,1.0,SYNTHETIC_LABEL_ONLY,1,SOURCE_TITLE_GROUNDED,1.0,NOT_REAL_MODEL_CONFIDENCE,False
REC-1BCB15A423516BA4,1.0,SYNTHETIC_LABEL_ONLY,1,SOURCE_TITLE_GROUNDED,1.0,NOT_REAL_MODEL_CONFIDENCE,False
REC-1796A09145B12C29,1.0,SYNTHETIC_LABEL_ONLY,1,SOURCE_TITLE_GROUNDED,1.0,NOT_REAL_MODEL_CONFIDENCE,False
REC-56790D98F0EA5106,1.0,SYNTHETIC_LABEL_ONLY,1,SOURCE_TITLE_GROUNDED,1.0,NOT_REAL_MODEL_CONFIDENCE,False
REC-CCAA345316CC377B,1.0,SYNTHETIC_LABEL_ONLY,1,SOURCE_TITLE_GROUNDED,1.0,NOT_REAL_MODEL_CONFIDENCE,False
REC-858EB1197A09F833,1.0,SYNTHETIC_LABEL_ONLY,1,SOURCE_TITLE_GROUNDED,1.0,NOT_REAL_MODEL_CONFIDENCE,False
REC-A758A47B4BC26240,1.0,SYNTHETIC_LABEL_ONLY,1,SOURCE_TITLE_GROUNDED,1.0,NOT_REAL_MODEL_CONFIDENCE,False
REC-53E07ED3F0AF62B7,1.0,SYNTHETIC_LABEL_ONLY,1,SOURCE_TITLE_GROUNDED,1.0,NOT_REAL_MODEL_CONFIDENCE,False
REC-6B4481FA9BADF635,1.0,SYNTHETIC_LABEL_ONLY,1,SOURCE_TITLE_GROUNDED,1.0,NOT_REAL_MODEL_CONFIDENCE,False
REC-E9D159963F59E76B,1.0,SYNTHETIC_LABEL_ONLY,1,SOURCE_TITLE_GROUNDED,1.0,NOT_REAL_MODEL_CONFIDENCE,False
REC-D22351171A2B3F4E,1.0,SYNTHETIC_LABEL_ONLY,1,SOURCE_TITLE_GROUNDED,1.0,NOT_REAL_MODEL_CONFIDENCE,False
REC-661F0872BE868D78,1.0,SYNTHETIC_LABEL_ONLY,1,SOURCE_TITLE_GROUNDED,1.0,NOT_REAL_MODEL_CONFIDENCE,False
REC-CB8B04AC428A8B54,1.0,SYNTHETIC_LABEL_ONLY,1,SOURCE_TITLE_GROUNDED,1.0,NOT_REAL_MODEL_CONFIDENCE,False
REC-07E08329392B7733,1.0,SYNTHETIC_LABEL_ONLY,1,SOURCE_TITLE_GROUNDED,1.0,NOT_REAL_MODEL_CONFIDENCE,False
REC-EEBE1296225C0114,1.0,SYNTHETIC_LABEL_ONLY,1,SOURCE_TITLE_GROUNDED,1.0,NOT_REAL_MODEL_CONFIDENCE,False
REC-CCE6D8854860A882,1.0,SYNTHETIC_LABEL_ONLY,1,SOURCE_TITLE_GROUNDED,1.0,NOT_REAL_MODEL_CONFIDENCE,False
REC-6D10BB527671E344,1.0,SYNTHETIC_LABEL_ONLY,1,SOURCE_TITLE_GROUNDED,1.0,NOT_REAL_MODEL_CONFIDENCE,False
REC-5E7656DC983BA87E,1.0,SYNTHETIC_LABEL_ONLY,1,SOURCE_TITLE_GROUNDED,1.0,NOT_REAL_MODEL_CONFIDENCE,False
REC-70216C37B66BB298,1.0,SYNTHETIC_LABEL_ONLY,1,SOURCE_TITLE_GROUNDED,1.0,NOT_REAL_MODEL_CONFIDENCE,False
REC-6C352047318172F4,1.0,SYNTHETIC_LABEL_ONLY,1,SOURCE_TITLE_GROUNDED,1.0,NOT_REAL_MODEL_CONFIDENCE,False
REC-EE1E39B4B57A496C,1.0,SYNTHETIC_LABEL_ONLY,1,SOURCE_TITLE_GROUNDED,1.0,NOT_REAL_MODEL_CONFIDENCE,False
REC-2DB4E3D2D6B216E7,1.0,SYNTHETIC_LABEL_ONLY,1,SOURCE_TITLE_GROUNDED,1.0,NOT_REAL_MODEL_CONFIDENCE,False
REC-C11C52506842D062,1.0,SYNTHETIC_LABEL_ONLY,1,SOURCE_TITLE_GROUNDED,1.0,NOT_REAL_MODEL_CONFIDENCE,False
REC-CFE298A1889E8FEA,1.0,SYNTHETIC_LABEL_ONLY,1,SOURCE_TITLE_GROUNDED,1.0,NOT_REAL_MODEL_CONFIDENCE,False
REC-F9506FEC16F9413A,1.0,SYNTHETIC_LABEL_ONLY,1,SOURCE_TITLE_GROUNDED,1.0,NOT_REAL_MODEL_CONFIDENCE,False
REC-6D2CD753B3C666DE,1.0,SYNTHETIC_LABEL_ONLY,1,SOURCE_TITLE_GROUNDED,1.0,NOT_REAL_MODEL_CONFIDENCE,False
REC-D6A1FE9114115FE8,1.0,SYNTHETIC_LABEL_ONLY,1,SOURCE_TITLE_GROUNDED,1.0,NOT_REAL_MODEL_CONFIDENCE,False
REC-81EA22D05B7D1E57,1.0,SYNTHETIC_LABEL_ONLY,1,SOURCE_TITLE_GROUNDED,1.0,NOT_REAL_MODEL_CONFIDENCE,False
REC-4209318734AA5535,1.0,SYNTHETIC_LABEL_ONLY,1,SOURCE_TITLE_GROUNDED,1.0,NOT_REAL_MODEL_CONFIDENCE,False
REC-9C4045CB7CA6C48F,1.0,SYNTHETIC_LABEL_ONLY,1,SOURCE_TITLE_GROUNDED,1.0,NOT_REAL_MODEL_CONFIDENCE,False
REC-4DA616E881BD6DF7,1.0,SYNTHETIC_LABEL_ONLY,1,SOURCE_TITLE_GROUNDED,1.0,NOT_REAL_MODEL_CONFIDENCE,False
REC-5B2623D8863053C6,1.0,SYNTHETIC_LABEL_ONLY,1,SOURCE_TITLE_GROUNDED,1.0,NOT_REAL_MODEL_CONFIDENCE,False
REC-09BE54B02152FA9A,1.0,SYNTHETIC_LABEL_ONLY,1,SOURCE_TITLE_GROUNDED,1.0,NOT_REAL_MODEL_CONFIDENCE,False
REC-42095FBD83A07C5D,1.0,SYNTHETIC_LABEL_ONLY,1,SOURCE_TITLE_GROUNDED,1.0,NOT_REAL_MODEL_CONFIDENCE,False
REC-DB8C78136D054D7C,1.0,SYNTHETIC_LABEL_ONLY,1,SOURCE_TITLE_GROUNDED,1.0,NOT_REAL_MODEL_CONFIDENCE,False
REC-3BEF79598934609C,1.0,SYNTHETIC_LABEL_ONLY,1,SOURCE_TITLE_GROUNDED,1.0,NOT_REAL_MODEL_CONFIDENCE,False
REC-2CB71EDCF8A86FCA,1.0,SYNTHETIC_LABEL_ONLY,1,SOURCE_TITLE_GROUNDED,1.0,NOT_REAL_MODEL_CONFIDENCE,False
REC-CB0E0AB6BBD8DD83,1.0,SYNTHETIC_LABEL_ONLY,1,SOURCE_TITLE_GROUNDED,1.0,NOT_REAL_MODEL_CONFIDENCE,False
REC-CA6BB98FED8AAA7D,1.0,SYNTHETIC_LABEL_ONLY,1,SOURCE_TITLE_GROUNDED,1.0,NOT_REAL_MODEL_CONFIDENCE,False
REC-3701D11D23C37620,1.0,SYNTHETIC_LABEL_ONLY,1,SOURCE_TITLE_GROUNDED,1.0,NOT_REAL_MODEL_CONFIDENCE,False
REC-C7EA58CD6981CBA3,1.0,SYNTHETIC_LABEL_ONLY,1,SOURCE_TITLE_GROUNDED,1.0,NOT_REAL_MODEL_CONFIDENCE,False
REC-9B6F244843B8E1F6,1.0,SYNTHETIC_LABEL_ONLY,1,SOURCE_TITLE_GROUNDED,1.0,NOT_REAL_MODEL_CONFIDENCE,False
REC-FC95C3CD83B0D019,1.0,SYNTHETIC_LABEL_ONLY,1,SOURCE_TITLE_GROUNDED,1.0,NOT_REAL_MODEL_CONFIDENCE,False
REC-FD24B77CE9174F2E,1.0,SYNTHETIC_LABEL_ONLY,1,SOURCE_TITLE_GROUNDED,1.0,NOT_REAL_MODEL_CONFIDENCE,False
REC-3E96923100755287,1.0,SYNTHETIC_LABEL_ONLY,1,SOURCE_TITLE_GROUNDED,1.0,NOT_REAL_MODEL_CONFIDENCE,False
REC-E0DB73769CB30938,1.0,SYNTHETIC_LABEL_ONLY,1,SOURCE_TITLE_GROUNDED,1.0,NOT_REAL_MODEL_CONFIDENCE,False
REC-C012A14B341367E5,1.0,SYNTHETIC_LABEL_ONLY,1,SOURCE_TITLE_GROUNDED,1.0,NOT_REAL_MODEL_CONFIDENCE,False
REC-BF9DDD4122245EDE,1.0,SYNTHETIC_LABEL_ONLY,1,SOURCE_TITLE_GROUNDED,1.0,NOT_REAL_MODEL_CONFIDENCE,False
REC-6A369B1595657D9B,1.0,SYNTHETIC_LABEL_ONLY,1,SOURCE_TITLE_GROUNDED,1.0,NOT_REAL_MODEL_CONFIDENCE,False
REC-066EA97CFD2766F7,1.0,SYNTHETIC_LABEL_ONLY,1,SOURCE_TITLE_GROUNDED,1.0,NOT_REAL_MODEL_CONFIDENCE,False
REC-BDFD462150E3FFB4,1.0,SYNTHETIC_LABEL_ONLY,1,SOURCE_TITLE_GROUNDED,1.0,NOT_REAL_MODEL_CONFIDENCE,False
REC-50AF2E12A84D8F97,1.0,SYNTHETIC_LABEL_ONLY,1,SOURCE_TITLE_GROUNDED,1.0,NOT_REAL_MODEL_CONFIDENCE,False
REC-FFDAA3F77FCE759F,1.0,SYNTHETIC_LABEL_ONLY,1,SOURCE_TITLE_GROUNDED,1.0,NOT_REAL_MODEL_CONFIDENCE,False
REC-F849A34E3D1C8805,1.0,SYNTHETIC_LABEL_ONLY,1,SOURCE_TITLE_GROUNDED,1.0,NOT_REAL_MODEL_CONFIDENCE,False
REC-FCABC0408494E0C3,1.0,SYNTHETIC_LABEL_ONLY,1,SOURCE_TITLE_GROUNDED,1.0,NOT_REAL_MODEL_CONFIDENCE,False
REC-8184816C20E219DB,1.0,SYNTHETIC_LABEL_ONLY,1,SOURCE_TITLE_GROUNDED,1.0,NOT_REAL_MODEL_CONFIDENCE,False
REC-D61781FD54E94CDA,1.0,SYNTHETIC_LABEL_ONLY,1,SOURCE_TITLE_GROUNDED,1.0,NOT_REAL_MODEL_CONFIDENCE,False
REC-E63BDAF6D8046711,1.0,SYNTHETIC_LABEL_ONLY,1,SOURCE_TITLE_GROUNDED,1.0,NOT_REAL_MODEL_CONFIDENCE,False
REC-C527886D1929765A,1.0,SYNTHETIC_LABEL_ONLY,1,SOURCE_TITLE_GROUNDED,1.0,NOT_REAL_MODEL_CONFIDENCE,False
REC-BBD66111FCC0F1BE,1.0,SYNTHETIC_LABEL_ONLY,1,SOURCE_TITLE_GROUNDED,1.0,NOT_REAL_MODEL_CONFIDENCE,False
REC-53A940C1995BEDF4,1.0,SYNTHETIC_LABEL_ONLY,1,SOURCE_TITLE_GROUNDED,1.0,NOT_REAL_MODEL_CONFIDENCE,False
REC-E35D7A8E2F4B267D,1.0,SYNTHETIC_LABEL_ONLY,1,SOURCE_TITLE_GROUNDED,1.0,NOT_REAL_MODEL_CONFIDENCE,False
REC-889F9E72D609F63E,1.0,SYNTHETIC_LABEL_ONLY,1,SOURCE_TITLE_GROUNDED,1.0,NOT_REAL_MODEL_CONFIDENCE,False
REC-BEA953FD2FAF3D0C,1.0,SYNTHETIC_LABEL_ONLY,1,SOURCE_TITLE_GROUNDED,1.0,NOT_REAL_MODEL_CONFIDENCE,False
REC-74B2663C46775DAF,1.0,SYNTHETIC_LABEL_ONLY,1,SOURCE_TITLE_GROUNDED,1.0,NOT_REAL_MODEL_CONFIDENCE,False
REC-15ACCA64CA3B565D,1.0,SYNTHETIC_LABEL_ONLY,1,SOURCE_TITLE_GROUNDED,1.0,NOT_REAL_MODEL_CONFIDENCE,False
REC-750D89BB5EDEC784,1.0,SYNTHETIC_LABEL_ONLY,1,SOURCE_TITLE_GROUNDED,1.0,NOT_REAL_MODEL_CONFIDENCE,False
REC-0510EE6D15502A53,1.0,SYNTHETIC_LABEL_ONLY,1,SOURCE_TITLE_GROUNDED,1.0,NOT_REAL_MODEL_CONFIDENCE,False
REC-0375E830525ADFF4,1.0,SYNTHETIC_LABEL_ONLY,1,SOURCE_TITLE_GROUNDED,1.0,NOT_REAL_MODEL_CONFIDENCE,False
REC-1CADD840A236FD20,1.0,SYNTHETIC_LABEL_ONLY,1,SOURCE_TITLE_GROUNDED,1.0,NOT_REAL_MODEL_CONFIDENCE,False
REC-6C9B81561EC8E63C,1.0,SYNTHETIC_LABEL_ONLY,1,SOURCE_TITLE_GROUNDED,1.0,NOT_REAL_MODEL_CONFIDENCE,False
REC-BB6A3DC5594853C0,1.0,SYNTHETIC_LABEL_ONLY,1,SOURCE_TITLE_GROUNDED,1.0,NOT_REAL_MODEL_CONFIDENCE,False
REC-77C6AEA821CC6859,1.0,SYNTHETIC_LABEL_ONLY,1,SOURCE_TITLE_GROUNDED,1.0,NOT_REAL_MODEL_CONFIDENCE,False
REC-B0E2739F67FA62FB,1.0,SYNTHETIC_LABEL_ONLY,1,SOURCE_TITLE_GROUNDED,1.0,NOT_REAL_MODEL_CONFIDENCE,False
REC-484A4F494D779C73,1.0,SYNTHETIC_LABEL_ONLY,1,SOURCE_TITLE_GROUNDED,1.0,NOT_REAL_MODEL_CONFIDENCE,False
REC-4B35C721F6401C34,1.0,SYNTHETIC_LABEL_ONLY,1,SOURCE_TITLE_GROUNDED,1.0,NOT_REAL_MODEL_CONFIDENCE,False
REC-FD96606CD7917784,1.0,SYNTHETIC_LABEL_ONLY,1,SOURCE_TITLE_GROUNDED,1.0,NOT_REAL_MODEL_CONFIDENCE,False
REC-A44F6D0CE25079F4,1.0,SYNTHETIC_LABEL_ONLY,1,SOURCE_TITLE_GROUNDED,1.0,NOT_REAL_MODEL_CONFIDENCE,False
REC-815C321DEC5CDFDA,1.0,SYNTHETIC_LABEL_ONLY,1,SOURCE_TITLE_GROUNDED,1.0,NOT_REAL_MODEL_CONFIDENCE,False
REC-602F1863FF321380,1.0,SYNTHETIC_LABEL_ONLY,1,SOURCE_TITLE_GROUNDED,1.0,NOT_REAL_MODEL_CONFIDENCE,False
REC-AE1D9298AC12C76A,1.0,SYNTHETIC_LABEL_ONLY,1,SOURCE_TITLE_GROUNDED,1.0,NOT_REAL_MODEL_CONFIDENCE,False
REC-3C255966294B86B7,1.0,SYNTHETIC_LABEL_ONLY,1,SOURCE_TITLE_GROUNDED,1.0,NOT_REAL_MODEL_CONFIDENCE,False
REC-78B69970264FD10B,1.0,SYNTHETIC_LABEL_ONLY,1,SOURCE_TITLE_GROUNDED,1.0,NOT_REAL_MODEL_CONFIDENCE,False
REC-902EA771EA4813E4,1.0,SYNTHETIC_LABEL_ONLY,1,SOURCE_TITLE_GROUNDED,1.0,NOT_REAL_MODEL_CONFIDENCE,False
REC-C31A9DC70D411ED8,1.0,SYNTHETIC_LABEL_ONLY,1,SOURCE_TITLE_GROUNDED,1.0,NOT_REAL_MODEL_CONFIDENCE,False
REC-CEDFCF290B475BFB,1.0,SYNTHETIC_LABEL_ONLY,1,SOURCE_TITLE_GROUNDED,1.0,NOT_REAL_MODEL_CONFIDENCE,False
REC-B6BB109E394EF3FA,1.0,SYNTHETIC_LABEL_ONLY,1,SOURCE_TITLE_GROUNDED,1.0,NOT_REAL_MODEL_CONFIDENCE,False
REC-334F8AB5F5CC4275,1.0,SYNTHETIC_LABEL_ONLY,1,SOURCE_TITLE_GROUNDED,1.0,NOT_REAL_MODEL_CONFIDENCE,False
REC-5F8A6186FD92DB6D,1.0,SYNTHETIC_LABEL_ONLY,1,SOURCE_TITLE_GROUNDED,1.0,NOT_REAL_MODEL_CONFIDENCE,False
REC-26D0A535B95CFAFB,1.0,SYNTHETIC_LABEL_ONLY,1,SOURCE_TITLE_GROUNDED,1.0,NOT_REAL_MODEL_CONFIDENCE,False
REC-4CD4DEE2AF795665,1.0,SYNTHETIC_LABEL_ONLY,1,SOURCE_TITLE_GROUNDED,1.0,NOT_REAL_MODEL_CONFIDENCE,False
REC-637CB396AD8F051B,1.0,SYNTHETIC_LABEL_ONLY,1,SOURCE_TITLE_GROUNDED,1.0,NOT_REAL_MODEL_CONFIDENCE,False
REC-F511455290C5C40D,1.0,SYNTHETIC_LABEL_ONLY,1,SOURCE_TITLE_GROUNDED,1.0,NOT_REAL_MODEL_CONFIDENCE,False
REC-FFD3F86E34AEBF11,1.0,SYNTHETIC_LABEL_ONLY,1,SOURCE_TITLE_GROUNDED,1.0,NOT_REAL_MODEL_CONFIDENCE,False
REC-6E1A13F1F80CF57E,1.0,SYNTHETIC_LABEL_ONLY,1,SOURCE_TITLE_GROUNDED,1.0,NOT_REAL_MODEL_CONFIDENCE,False
REC-091A2F24DB3E9D61,1.0,SYNTHETIC_LABEL_ONLY,1,SOURCE_TITLE_GROUNDED,1.0,NOT_REAL_MODEL_CONFIDENCE,False
REC-AE0371C715B819DC,1.0,SYNTHETIC_LABEL_ONLY,1,SOURCE_TITLE_GROUNDED,1.0,NOT_REAL_MODEL_CONFIDENCE,False
REC-59F1BE542225A8D2,1.0,SYNTHETIC_LABEL_ONLY,1,SOURCE_TITLE_GROUNDED,1.0,NOT_REAL_MODEL_CONFIDENCE,False
REC-C356D3242D8B6405,1.0,SYNTHETIC_LABEL_ONLY,1,SOURCE_TITLE_GROUNDED,1.0,NOT_REAL_MODEL_CONFIDENCE,False
REC-28F83D3ED5A06632,1.0,SYNTHETIC_LABEL_ONLY,1,SOURCE_TITLE_GROUNDED,1.0,NOT_REAL_MODEL_CONFIDENCE,False
REC-AFD43BF9509EB9E4,1.0,SYNTHETIC_LABEL_ONLY,1,SOURCE_TITLE_GROUNDED,1.0,NOT_REAL_MODEL_CONFIDENCE,False
REC-5F1F06DD78959857,1.0,SYNTHETIC_LABEL_ONLY,1,SOURCE_TITLE_GROUNDED,1.0,NOT_REAL_MODEL_CONFIDENCE,False
REC-48A58E171B0DEDF6,1.0,SYNTHETIC_LABEL_ONLY,1,SOURCE_TITLE_GROUNDED,1.0,NOT_REAL_MODEL_CONFIDENCE,False
REC-E22E110CB9DE30D7,1.0,SYNTHETIC_LABEL_ONLY,1,SOURCE_TITLE_GROUNDED,1.0,NOT_REAL_MODEL_CONFIDENCE,False
REC-EC53FDD55DEED170,1.0,SYNTHETIC_LABEL_ONLY,1,SOURCE_TITLE_GROUNDED,1.0,NOT_REAL_MODEL_CONFIDENCE,False
REC-C964100EF817E2FE,1.0,SYNTHETIC_LABEL_ONLY,1,SOURCE_TITLE_GROUNDED,1.0,NOT_REAL_MODEL_CONFIDENCE,False
REC-2BC7284C64664719,1.0,SYNTHETIC_LABEL_ONLY,1,SOURCE_TITLE_GROUNDED,1.0,NOT_REAL_MODEL_CONFIDENCE,False
REC-54112DA65EB6F1FF,1.0,SYNTHETIC_LABEL_ONLY,1,SOURCE_TITLE_GROUNDED,1.0,NOT_REAL_MODEL_CONFIDENCE,False
REC-B154FA852DDA5F8C,1.0,SYNTHETIC_LABEL_ONLY,1,SOURCE_TITLE_GROUNDED,1.0,NOT_REAL_MODEL_CONFIDENCE,False
REC-04ED987B485503AE,1.0,SYNTHETIC_LABEL_ONLY,1,SOURCE_TITLE_GROUNDED,1.0,NOT_REAL_MODEL_CONFIDENCE,False
REC-28AA7CFAB1C97C1A,1.0,SYNTHETIC_LABEL_ONLY,1,SOURCE_TITLE_GROUNDED,1.0,NOT_REAL_MODEL_CONFIDENCE,False
REC-7A0F4A5A9B9C20BE,1.0,SYNTHETIC_LABEL_ONLY,1,SOURCE_TITLE_GROUNDED,1.0,NOT_REAL_MODEL_CONFIDENCE,False
REC-F50717315346AA5D,1.0,SYNTHETIC_LABEL_ONLY,1,SOURCE_TITLE_GROUNDED,1.0,NOT_REAL_MODEL_CONFIDENCE,False
REC-C82F463E6DF1BF34,1.0,SYNTHETIC_LABEL_ONLY,1,SOURCE_TITLE_GROUNDED,1.0,NOT_REAL_MODEL_CONFIDENCE,False
REC-209685106B021A29,1.0,SYNTHETIC_LABEL_ONLY,1,SOURCE_TITLE_GROUNDED,1.0,NOT_REAL_MODEL_CONFIDENCE,False
REC-0997EF9CBD1C1AA9,1.0,SYNTHETIC_LABEL_ONLY,1,SOURCE_TITLE_GROUNDED,1.0,NOT_REAL_MODEL_CONFIDENCE,False
REC-282EE6C12FB60DE3,1.0,SYNTHETIC_LABEL_ONLY,1,SOURCE_TITLE_GROUNDED,1.0,NOT_REAL_MODEL_CONFIDENCE,False
REC-BD389EB70A15E835,1.0,SYNTHETIC_LABEL_ONLY,1,SOURCE_TITLE_GROUNDED,1.0,NOT_REAL_MODEL_CONFIDENCE,False
REC-20D7CEF788BDE211,1.0,SYNTHETIC_LABEL_ONLY,1,SOURCE_TITLE_GROUNDED,1.0,NOT_REAL_MODEL_CONFIDENCE,False
REC-ABD59BCDBE7BD93D,1.0,SYNTHETIC_LABEL_ONLY,1,SOURCE_TITLE_GROUNDED,1.0,NOT_REAL_MODEL_CONFIDENCE,False
REC-640C713B511CD119,1.0,SYNTHETIC_LABEL_ONLY,1,SOURCE_TITLE_GROUNDED,1.0,NOT_REAL_MODEL_CONFIDENCE,False
REC-79F108D605FB646A,1.0,SYNTHETIC_LABEL_ONLY,1,SOURCE_TITLE_GROUNDED,1.0,NOT_REAL_MODEL_CONFIDENCE,False
REC-2029A41367C06A86,1.0,SYNTHETIC_LABEL_ONLY,1,SOURCE_TITLE_GROUNDED,1.0,NOT_REAL_MODEL_CONFIDENCE,False
REC-F244E9FAEA653BCB,1.0,SYNTHETIC_LABEL_ONLY,1,SOURCE_TITLE_GROUNDED,1.0,NOT_REAL_MODEL_CONFIDENCE,False
REC-3FD19E1405EF051F,1.0,SYNTHETIC_LABEL_ONLY,1,SOURCE_TITLE_GROUNDED,1.0,NOT_REAL_MODEL_CONFIDENCE,False
REC-A6DD44DEEEB3470D,1.0,SYNTHETIC_LABEL_ONLY,1,SOURCE_TITLE_GROUNDED,1.0,NOT_REAL_MODEL_CONFIDENCE,False
REC-4EA759CAD89CD29C,1.0,SYNTHETIC_LABEL_ONLY,1,SOURCE_TITLE_GROUNDED,1.0,NOT_REAL_MODEL_CONFIDENCE,False
REC-87347563007A2391,1.0,SYNTHETIC_LABEL_ONLY,1,SOURCE_TITLE_GROUNDED,1.0,NOT_REAL_MODEL_CONFIDENCE,False
REC-F9664DEFB5B1F035,1.0,SYNTHETIC_LABEL_ONLY,1,SOURCE_TITLE_GROUNDED,1.0,NOT_REAL_MODEL_CONFIDENCE,False
REC-34BBFF9526C3D309,1.0,SYNTHETIC_LABEL_ONLY,1,SOURCE_TITLE_GROUNDED,1.0,NOT_REAL_MODEL_CONFIDENCE,False
REC-B6B75A4C337750A1,1.0,SYNTHETIC_LABEL_ONLY,1,SOURCE_TITLE_GROUNDED,1.0,NOT_REAL_MODEL_CONFIDENCE,False
REC-24BCF1E43957A7EF,1.0,SYNTHETIC_LABEL_ONLY,1,SOURCE_TITLE_GROUNDED,1.0,NOT_REAL_MODEL_CONFIDENCE,False
REC-C16AE65055410749,1.0,SYNTHETIC_LABEL_ONLY,1,SOURCE_TITLE_GROUNDED,1.0,NOT_REAL_MODEL_CONFIDENCE,False
REC-CC00C6C462285B70,1.0,SYNTHETIC_LABEL_ONLY,1,SOURCE_TITLE_GROUNDED,1.0,NOT_REAL_MODEL_CONFIDENCE,False
REC-C875EE6C4E1D92A6,1.0,SYNTHETIC_LABEL_ONLY,1,SOURCE_TITLE_GROUNDED,1.0,NOT_REAL_MODEL_CONFIDENCE,False
REC-75304693767ECE83,1.0,SYNTHETIC_LABEL_ONLY,1,SOURCE_TITLE_GROUNDED,1.0,NOT_REAL_MODEL_CONFIDENCE,False
REC-8F7761D41DC6084B,1.0,SYNTHETIC_LABEL_ONLY,1,SOURCE_TITLE_GROUNDED,1.0,NOT_REAL_MODEL_CONFIDENCE,False
REC-3576269E4DEC50A7,1.0,SYNTHETIC_LABEL_ONLY,1,SOURCE_TITLE_GROUNDED,1.0,NOT_REAL_MODEL_CONFIDENCE,False
REC-FA7ADBDCB6171812,1.0,SYNTHETIC_LABEL_ONLY,1,SOURCE_TITLE_GROUNDED,1.0,NOT_REAL_MODEL_CONFIDENCE,False
REC-50F9937BDE5681C8,1.0,SYNTHETIC_LABEL_ONLY,1,SOURCE_TITLE_GROUNDED,1.0,NOT_REAL_MODEL_CONFIDENCE,False
REC-57741C3322DA8C34,1.0,SYNTHETIC_LABEL_ONLY,1,SOURCE_TITLE_GROUNDED,1.0,NOT_REAL_MODEL_CONFIDENCE,False
REC-13F06FFFBF063E59,1.0,SYNTHETIC_LABEL_ONLY,1,SOURCE_TITLE_GROUNDED,1.0,NOT_REAL_MODEL_CONFIDENCE,False
REC-244B60DDA257A9D6,1.0,SYNTHETIC_LABEL_ONLY,1,SOURCE_TITLE_GROUNDED,1.0,NOT_REAL_MODEL_CONFIDENCE,False
REC-354F00FB2E16D806,1.0,SYNTHETIC_LABEL_ONLY,1,SOURCE_TITLE_GROUNDED,1.0,NOT_REAL_MODEL_CONFIDENCE,False
REC-D4911E832AB74915,1.0,SYNTHETIC_LABEL_ONLY,1,SOURCE_TITLE_GROUNDED,1.0,NOT_REAL_MODEL_CONFIDENCE,False
REC-FC9BA4BD7930395A,1.0,SYNTHETIC_LABEL_ONLY,1,SOURCE_TITLE_GROUNDED,1.0,NOT_REAL_MODEL_CONFIDENCE,False
REC-FD56934327411CB5,1.0,SYNTHETIC_LABEL_ONLY,1,SOURCE_TITLE_GROUNDED,1.0,NOT_REAL_MODEL_CONFIDENCE,False
REC-784324D59C717DD1,1.0,SYNTHETIC_LABEL_ONLY,1,SOURCE_TITLE_GROUNDED,1.0,NOT_REAL_MODEL_CONFIDENCE,False
REC-D3E409E7B6F3E201,1.0,SYNTHETIC_LABEL_ONLY,1,SOURCE_TITLE_GROUNDED,1.0,NOT_REAL_MODEL_CONFIDENCE,False
REC-07AB23EDC7C3AD84,1.0,SYNTHETIC_LABEL_ONLY,1,SOURCE_TITLE_GROUNDED,1.0,NOT_REAL_MODEL_CONFIDENCE,False
REC-BF3ECD7D8E69AE6D,1.0,SYNTHETIC_LABEL_ONLY,1,SOURCE_TITLE_GROUNDED,1.0,NOT_REAL_MODEL_CONFIDENCE,False
REC-1A132C6A1FB76D1C,1.0,SYNTHETIC_LABEL_ONLY,1,SOURCE_TITLE_GROUNDED,1.0,NOT_REAL_MODEL_CONFIDENCE,False
REC-83272A8B29871FC6,1.0,SYNTHETIC_LABEL_ONLY,1,SOURCE_TITLE_GROUNDED,1.0,NOT_REAL_MODEL_CONFIDENCE,False
REC-7A29EDA5DCD9494A,1.0,SYNTHETIC_LABEL_ONLY,1,SOURCE_TITLE_GROUNDED,1.0,NOT_REAL_MODEL_CONFIDENCE,False
REC-FB257C3666ECB93E,1.0,SYNTHETIC_LABEL_ONLY,1,SOURCE_TITLE_GROUNDED,1.0,NOT_REAL_MODEL_CONFIDENCE,False
REC-E1558C6B1A9FC5C0,1.0,SYNTHETIC_LABEL_ONLY,1,SOURCE_TITLE_GROUNDED,1.0,NOT_REAL_MODEL_CONFIDENCE,False
REC-E20912AEBA07F2E3,1.0,SYNTHETIC_LABEL_ONLY,1,SOURCE_TITLE_GROUNDED,1.0,NOT_REAL_MODEL_CONFIDENCE,False
REC-F10ACDBE81410740,1.0,SYNTHETIC_LABEL_ONLY,1,SOURCE_TITLE_GROUNDED,1.0,NOT_REAL_MODEL_CONFIDENCE,False
REC-395931CA3A75F7BB,1.0,SYNTHETIC_LABEL_ONLY,1,SOURCE_TITLE_GROUNDED,1.0,NOT_REAL_MODEL_CONFIDENCE,False
REC-7CB37516EC050907,1.0,SYNTHETIC_LABEL_ONLY,1,SOURCE_TITLE_GROUNDED,1.0,NOT_REAL_MODEL_CONFIDENCE,False
REC-E931241AEF39AF57,1.0,SYNTHETIC_LABEL_ONLY,1,SOURCE_TITLE_GROUNDED,1.0,NOT_REAL_MODEL_CONFIDENCE,False
REC-CE6FD6FF977456B2,1.0,SYNTHETIC_LABEL_ONLY,1,SOURCE_TITLE_GROUNDED,1.0,NOT_REAL_MODEL_CONFIDENCE,False
REC-FE60A997ADD80490,1.0,SYNTHETIC_LABEL_ONLY,1,SOURCE_TITLE_GROUNDED,1.0,NOT_REAL_MODEL_CONFIDENCE,False
REC-5F47D58AFF8BE9CC,1.0,SYNTHETIC_LABEL_ONLY,1,SOURCE_TITLE_GROUNDED,1.0,NOT_REAL_MODEL_CONFIDENCE,False
REC-A6D18C828A9B9FE5,1.0,SYNTHETIC_LABEL_ONLY,1,SOURCE_TITLE_GROUNDED,1.0,NOT_REAL_MODEL_CONFIDENCE,False
REC-095A486698A77FF9,1.0,SYNTHETIC_LABEL_ONLY,1,SOURCE_TITLE_GROUNDED,1.0,NOT_REAL_MODEL_CONFIDENCE,False
REC-1CCB3DB7C395B688,1.0,SYNTHETIC_LABEL_ONLY,1,SOURCE_TITLE_GROUNDED,1.0,NOT_REAL_MODEL_CONFIDENCE,False
REC-ECE86D2E1F18C237,1.0,SYNTHETIC_LABEL_ONLY,1,SOURCE_TITLE_GROUNDED,1.0,NOT_REAL_MODEL_CONFIDENCE,False
REC-D9B92D699B2DC948,1.0,SYNTHETIC_LABEL_ONLY,1,SOURCE_TITLE_GROUNDED,1.0,NOT_REAL_MODEL_CONFIDENCE,False
REC-CB9E3959C62B5965,1.0,SYNTHETIC_LABEL_ONLY,1,SOURCE_TITLE_GROUNDED,1.0,NOT_REAL_MODEL_CONFIDENCE,False
REC-79B1499409986634,1.0,SYNTHETIC_LABEL_ONLY,1,SOURCE_TITLE_GROUNDED,1.0,NOT_REAL_MODEL_CONFIDENCE,False
REC-56405BF6DF1BB966,1.0,SYNTHETIC_LABEL_ONLY,1,SOURCE_TITLE_GROUNDED,1.0,NOT_REAL_MODEL_CONFIDENCE,False
REC-B54D85FA3539102D,1.0,SYNTHETIC_LABEL_ONLY,1,SOURCE_TITLE_GROUNDED,1.0,NOT_REAL_MODEL_CONFIDENCE,False
REC-64F64DF642020B25,1.0,SYNTHETIC_LABEL_ONLY,1,SOURCE_TITLE_GROUNDED,1.0,NOT_REAL_MODEL_CONFIDENCE,False
REC-C408D472BC535BC7,1.0,SYNTHETIC_LABEL_ONLY,1,SOURCE_TITLE_GROUNDED,1.0,NOT_REAL_MODEL_CONFIDENCE,False
REC-873322E3ED2ECF1F,1.0,SYNTHETIC_LABEL_ONLY,1,SOURCE_TITLE_GROUNDED,1.0,NOT_REAL_MODEL_CONFIDENCE,False
REC-2F1C1CB09DD2D21A,1.0,SYNTHETIC_LABEL_ONLY,1,SOURCE_TITLE_GROUNDED,1.0,NOT_REAL_MODEL_CONFIDENCE,False
REC-509D7CC7F89CFA3D,1.0,SYNTHETIC_LABEL_ONLY,1,SOURCE_TITLE_GROUNDED,1.0,NOT_REAL_MODEL_CONFIDENCE,False
REC-D5E75F52E273912D,1.0,SYNTHETIC_LABEL_ONLY,1,SOURCE_TITLE_GROUNDED,1.0,NOT_REAL_MODEL_CONFIDENCE,False
REC-65183808A4CB198C,1.0,SYNTHETIC_LABEL_ONLY,1,SOURCE_TITLE_GROUNDED,1.0,NOT_REAL_MODEL_CONFIDENCE,False
REC-CC6FF36A4C8F227B,1.0,SYNTHETIC_LABEL_ONLY,1,SOURCE_TITLE_GROUNDED,1.0,NOT_REAL_MODEL_CONFIDENCE,False
REC-4AEC41990159C8A4,1.0,SYNTHETIC_LABEL_ONLY,1,SOURCE_TITLE_GROUNDED,1.0,NOT_REAL_MODEL_CONFIDENCE,False
REC-67D6D679270D69FB,1.0,SYNTHETIC_LABEL_ONLY,1,SOURCE_TITLE_GROUNDED,1.0,NOT_REAL_MODEL_CONFIDENCE,False
REC-0C53997A0D288BEC,1.0,SYNTHETIC_LABEL_ONLY,1,SOURCE_TITLE_GROUNDED,1.0,NOT_REAL_MODEL_CONFIDENCE,False
REC-0DDEEF05AC15BB34,1.0,SYNTHETIC_LABEL_ONLY,1,SOURCE_TITLE_GROUNDED,1.0,NOT_REAL_MODEL_CONFIDENCE,False
REC-BCF2752640BCD0FB,1.0,SYNTHETIC_LABEL_ONLY,1,SOURCE_TITLE_GROUNDED,1.0,NOT_REAL_MODEL_CONFIDENCE,False
REC-055FDBEBC5D49043,1.0,SYNTHETIC_LABEL_ONLY,1,SOURCE_TITLE_GROUNDED,1.0,NOT_REAL_MODEL_CONFIDENCE,False
REC-BC6E723DEB77FCA8,1.0,SYNTHETIC_LABEL_ONLY,1,SOURCE_TITLE_GROUNDED,1.0,NOT_REAL_MODEL_CONFIDENCE,False
REC-8669F969F7461F0E,1.0,SYNTHETIC_LABEL_ONLY,1,SOURCE_TITLE_GROUNDED,1.0,NOT_REAL_MODEL_CONFIDENCE,False
REC-37A70ADA34D690D7,1.0,SYNTHETIC_LABEL_ONLY,1,SOURCE_TITLE_GROUNDED,1.0,NOT_REAL_MODEL_CONFIDENCE,False
REC-334ECD0ADEE026AD,1.0,SYNTHETIC_LABEL_ONLY,1,SOURCE_TITLE_GROUNDED,1.0,NOT_REAL_MODEL_CONFIDENCE,False
REC-3A5F0F2E443E37C1,1.0,SYNTHETIC_LABEL_ONLY,1,SOURCE_TITLE_GROUNDED,1.0,NOT_REAL_MODEL_CONFIDENCE,False
REC-DF281CCB24A217BE,1.0,SYNTHETIC_LABEL_ONLY,1,SOURCE_TITLE_GROUNDED,1.0,NOT_REAL_MODEL_CONFIDENCE,False
REC-320970F8158223F1,1.0,SYNTHETIC_LABEL_ONLY,1,SOURCE_TITLE_GROUNDED,1.0,NOT_REAL_MODEL_CONFIDENCE,False
REC-6C961D99ACEF36F7,1.0,SYNTHETIC_LABEL_ONLY,1,SOURCE_TITLE_GROUNDED,1.0,NOT_REAL_MODEL_CONFIDENCE,False
REC-580899C129CD3D47,1.0,SYNTHETIC_LABEL_ONLY,1,SOURCE_TITLE_GROUNDED,1.0,NOT_REAL_MODEL_CONFIDENCE,False
REC-7DE91590B65ABCB6,1.0,SYNTHETIC_LABEL_ONLY,1,SOURCE_TITLE_GROUNDED,1.0,NOT_REAL_MODEL_CONFIDENCE,False
REC-A1A701386372D7EF,1.0,SYNTHETIC_LABEL_ONLY,1,SOURCE_TITLE_GROUNDED,1.0,NOT_REAL_MODEL_CONFIDENCE,False
REC-89D607B66B53CA12,1.0,SYNTHETIC_LABEL_ONLY,1,SOURCE_TITLE_GROUNDED,1.0,NOT_REAL_MODEL_CONFIDENCE,False
REC-13D9A49F2DD0CD2A,1.0,SYNTHETIC_LABEL_ONLY,1,SOURCE_TITLE_GROUNDED,1.0,NOT_REAL_MODEL_CONFIDENCE,False
REC-6EF168502BA8E6FF,1.0,SYNTHETIC_LABEL_ONLY,1,SOURCE_TITLE_GROUNDED,1.0,NOT_REAL_MODEL_CONFIDENCE,False
REC-28BE39BA10DBD8D7,1.0,SYNTHETIC_LABEL_ONLY,1,SOURCE_TITLE_GROUNDED,1.0,NOT_REAL_MODEL_CONFIDENCE,False
REC-F9DB109EAC6B6208,1.0,SYNTHETIC_LABEL_ONLY,1,SOURCE_TITLE_GROUNDED,1.0,NOT_REAL_MODEL_CONFIDENCE,False
REC-DD4BEFA2EDEB19EA,1.0,SYNTHETIC_LABEL_ONLY,1,SOURCE_TITLE_GROUNDED,1.0,NOT_REAL_MODEL_CONFIDENCE,False
REC-35B4187AC3F52A44,1.0,SYNTHETIC_LABEL_ONLY,1,SOURCE_TITLE_GROUNDED,1.0,NOT_REAL_MODEL_CONFIDENCE,False
REC-11FD108A00BF1167,1.0,SYNTHETIC_LABEL_ONLY,1,SOURCE_TITLE_GROUNDED,1.0,NOT_REAL_MODEL_CONFIDENCE,False
REC-3F1DE97AC03E6DF1,1.0,SYNTHETIC_LABEL_ONLY,1,SOURCE_TITLE_GROUNDED,1.0,NOT_REAL_MODEL_CONFIDENCE,False
REC-03DEFF52A3FF4FB9,1.0,SYNTHETIC_LABEL_ONLY,1,SOURCE_TITLE_GROUNDED,1.0,NOT_REAL_MODEL_CONFIDENCE,False
REC-07FB98CB53F77789,1.0,SYNTHETIC_LABEL_ONLY,1,SOURCE_TITLE_GROUNDED,1.0,NOT_REAL_MODEL_CONFIDENCE,False
REC-CA4D2DD781CD990A,1.0,SYNTHETIC_LABEL_ONLY,1,SOURCE_TITLE_GROUNDED,1.0,NOT_REAL_MODEL_CONFIDENCE,False
REC-C3C4281891DD05CF,1.0,SYNTHETIC_LABEL_ONLY,1,SOURCE_TITLE_GROUNDED,1.0,NOT_REAL_MODEL_CONFIDENCE,False
REC-8C70B22EEB2B3AF2,1.0,SYNTHETIC_LABEL_ONLY,1,SOURCE_TITLE_GROUNDED,1.0,NOT_REAL_MODEL_CONFIDENCE,False
REC-A75B6776ACFF140C,1.0,SYNTHETIC_LABEL_ONLY,1,SOURCE_TITLE_GROUNDED,1.0,NOT_REAL_MODEL_CONFIDENCE,False
REC-355CC891C43619D0,1.0,SYNTHETIC_LABEL_ONLY,1,SOURCE_TITLE_GROUNDED,1.0,NOT_REAL_MODEL_CONFIDENCE,False
REC-475C00C60D3FFA8D,1.0,SYNTHETIC_LABEL_ONLY,1,SOURCE_TITLE_GROUNDED,1.0,NOT_REAL_MODEL_CONFIDENCE,False
REC-A3937EFF35FB5D62,1.0,SYNTHETIC_LABEL_ONLY,1,SOURCE_TITLE_GROUNDED,1.0,NOT_REAL_MODEL_CONFIDENCE,False
REC-F9479EFC7B26C0EE,1.0,SYNTHETIC_LABEL_ONLY,1,SOURCE_TITLE_GROUNDED,1.0,NOT_REAL_MODEL_CONFIDENCE,False
REC-A76AEED0318D14BD,1.0,SYNTHETIC_LABEL_ONLY,1,SOURCE_TITLE_GROUNDED,1.0,NOT_REAL_MODEL_CONFIDENCE,False
REC-0A7780A1BDF858D6,1.0,SYNTHETIC_LABEL_ONLY,1,SOURCE_TITLE_GROUNDED,1.0,NOT_REAL_MODEL_CONFIDENCE,False
REC-1F124B47CA839728,1.0,SYNTHETIC_LABEL_ONLY,1,SOURCE_TITLE_GROUNDED,1.0,NOT_REAL_MODEL_CONFIDENCE,False
REC-535730883849B1D3,1.0,SYNTHETIC_LABEL_ONLY,1,SOURCE_TITLE_GROUNDED,1.0,NOT_REAL_MODEL_CONFIDENCE,False
REC-47E65F4CE1307B34,1.0,SYNTHETIC_LABEL_ONLY,1,SOURCE_TITLE_GROUNDED,1.0,NOT_REAL_MODEL_CONFIDENCE,False
REC-38B9D19A9FA732AA,1.0,SYNTHETIC_LABEL_ONLY,1,SOURCE_TITLE_GROUNDED,1.0,NOT_REAL_MODEL_CONFIDENCE,False
REC-983741CC70464997,1.0,SYNTHETIC_LABEL_ONLY,1,SOURCE_TITLE_GROUNDED,1.0,NOT_REAL_MODEL_CONFIDENCE,False
REC-1D33CC2871A6366C,1.0,SYNTHETIC_LABEL_ONLY,1,SOURCE_TITLE_GROUNDED,1.0,NOT_REAL_MODEL_CONFIDENCE,False
REC-E096F9E4723DBF6B,1.0,SYNTHETIC_LABEL_ONLY,1,SOURCE_TITLE_GROUNDED,1.0,NOT_REAL_MODEL_CONFIDENCE,False
REC-F2AF66B5D97E4C71,1.0,SYNTHETIC_LABEL_ONLY,1,SOURCE_TITLE_GROUNDED,1.0,NOT_REAL_MODEL_CONFIDENCE,False
REC-95A41DF7DC0ADC84,1.0,SYNTHETIC_LABEL_ONLY,1,SOURCE_TITLE_GROUNDED,1.0,NOT_REAL_MODEL_CONFIDENCE,False
REC-9074ACC18AA4B532,1.0,SYNTHETIC_LABEL_ONLY,1,SOURCE_TITLE_GROUNDED,1.0,NOT_REAL_MODEL_CONFIDENCE,False
REC-A24ABC4083AEA756,1.0,SYNTHETIC_LABEL_ONLY,1,SOURCE_TITLE_GROUNDED,1.0,NOT_REAL_MODEL_CONFIDENCE,False
REC-7C96F820291F7F1E,1.0,SYNTHETIC_LABEL_ONLY,1,SOURCE_TITLE_GROUNDED,1.0,NOT_REAL_MODEL_CONFIDENCE,False
REC-8A4DD2D39EBEBBC3,1.0,SYNTHETIC_LABEL_ONLY,1,SOURCE_TITLE_GROUNDED,1.0,NOT_REAL_MODEL_CONFIDENCE,False
REC-942AFEC2A06D2259,1.0,SYNTHETIC_LABEL_ONLY,1,SOURCE_TITLE_GROUNDED,1.0,NOT_REAL_MODEL_CONFIDENCE,False
REC-11C5111127D63D69,1.0,SYNTHETIC_LABEL_ONLY,1,SOURCE_TITLE_GROUNDED,1.0,NOT_REAL_MODEL_CONFIDENCE,False
REC-5209DD413E3FBE2E,1.0,SYNTHETIC_LABEL_ONLY,1,SOURCE_TITLE_GROUNDED,1.0,NOT_REAL_MODEL_CONFIDENCE,False
REC-C532780F3BF99341,1.0,SYNTHETIC_LABEL_ONLY,1,SOURCE_TITLE_GROUNDED,1.0,NOT_REAL_MODEL_CONFIDENCE,False
REC-F5F1720CB65DFC4A,1.0,SYNTHETIC_LABEL_ONLY,1,SOURCE_TITLE_GROUNDED,1.0,NOT_REAL_MODEL_CONFIDENCE,False
REC-FCDDA9FE1795EE07,1.0,SYNTHETIC_LABEL_ONLY,1,SOURCE_TITLE_GROUNDED,1.0,NOT_REAL_MODEL_CONFIDENCE,False
REC-97484E237AD6D301,1.0,SYNTHETIC_LABEL_ONLY,1,SOURCE_TITLE_GROUNDED,1.0,NOT_REAL_MODEL_CONFIDENCE,False
REC-D9D7992C0DC963FB,1.0,SYNTHETIC_LABEL_ONLY,1,SOURCE_TITLE_GROUNDED,1.0,NOT_REAL_MODEL_CONFIDENCE,False
REC-46B5A139736EB081,1.0,SYNTHETIC_LABEL_ONLY,1,SOURCE_TITLE_GROUNDED,1.0,NOT_REAL_MODEL_CONFIDENCE,False
REC-1729306F3636E590,1.0,SYNTHETIC_LABEL_ONLY,1,SOURCE_TITLE_GROUNDED,1.0,NOT_REAL_MODEL_CONFIDENCE,False
REC-2045D6E4C210F676,1.0,SYNTHETIC_LABEL_ONLY,1,SOURCE_TITLE_GROUNDED,1.0,NOT_REAL_MODEL_CONFIDENCE,False
REC-890C5A12ED4EF3B8,1.0,SYNTHETIC_LABEL_ONLY,1,SOURCE_TITLE_GROUNDED,1.0,NOT_REAL_MODEL_CONFIDENCE,False
REC-1A91BD00B07FA665,1.0,SYNTHETIC_LABEL_ONLY,1,SOURCE_TITLE_GROUNDED,1.0,NOT_REAL_MODEL_CONFIDENCE,False
REC-4C5F21DF03375FAE,1.0,SYNTHETIC_LABEL_ONLY,1,SOURCE_TITLE_GROUNDED,1.0,NOT_REAL_MODEL_CONFIDENCE,False
REC-39C2A6BC620FBB6E,1.0,SYNTHETIC_LABEL_ONLY,1,SOURCE_TITLE_GROUNDED,1.0,NOT_REAL_MODEL_CONFIDENCE,False
REC-81601381C8BE986D,1.0,SYNTHETIC_LABEL_ONLY,1,SOURCE_TITLE_GROUNDED,1.0,NOT_REAL_MODEL_CONFIDENCE,False
REC-DEC5C909DE739B97,1.0,SYNTHETIC_LABEL_ONLY,1,SOURCE_TITLE_GROUNDED,1.0,NOT_REAL_MODEL_CONFIDENCE,False
REC-481B249EB3F5CED4,1.0,SYNTHETIC_LABEL_ONLY,1,SOURCE_TITLE_GROUNDED,1.0,NOT_REAL_MODEL_CONFIDENCE,False
REC-04497FD811A225A2,1.0,SYNTHETIC_LABEL_ONLY,1,SOURCE_TITLE_GROUNDED,1.0,NOT_REAL_MODEL_CONFIDENCE,False
REC-8BF5F5832C916FB9,1.0,SYNTHETIC_LABEL_ONLY,1,SOURCE_TITLE_GROUNDED,1.0,NOT_REAL_MODEL_CONFIDENCE,False
REC-C55974788454A0B8,1.0,SYNTHETIC_LABEL_ONLY,1,SOURCE_TITLE_GROUNDED,1.0,NOT_REAL_MODEL_CONFIDENCE,False
REC-91C0D2CDAFD3D1FC,1.0,SYNTHETIC_LABEL_ONLY,1,SOURCE_TITLE_GROUNDED,1.0,NOT_REAL_MODEL_CONFIDENCE,False
REC-220E849211AD1ABE,1.0,SYNTHETIC_LABEL_ONLY,1,SOURCE_TITLE_GROUNDED,1.0,NOT_REAL_MODEL_CONFIDENCE,False
REC-9D2E23D63B56802A,1.0,SYNTHETIC_LABEL_ONLY,1,SOURCE_TITLE_GROUNDED,1.0,NOT_REAL_MODEL_CONFIDENCE,False
REC-EC9B46C64EECC534,1.0,SYNTHETIC_LABEL_ONLY,1,SOURCE_TITLE_GROUNDED,1.0,NOT_REAL_MODEL_CONFIDENCE,False
REC-8F2D84F33CE06E34,1.0,SYNTHETIC_LABEL_ONLY,1,SOURCE_TITLE_GROUNDED,1.0,NOT_REAL_MODEL_CONFIDENCE,False
REC-D5EAF4A65C279446,1.0,SYNTHETIC_LABEL_ONLY,1,SOURCE_TITLE_GROUNDED,1.0,NOT_REAL_MODEL_CONFIDENCE,False
REC-F61B075F3BDAF9D1,1.0,SYNTHETIC_LABEL_ONLY,1,SOURCE_TITLE_GROUNDED,1.0,NOT_REAL_MODEL_CONFIDENCE,False
REC-4E00C5B189B44AE1,1.0,SYNTHETIC_LABEL_ONLY,1,SOURCE_TITLE_GROUNDED,1.0,NOT_REAL_MODEL_CONFIDENCE,False
REC-63004C163171FFD1,1.0,SYNTHETIC_LABEL_ONLY,1,SOURCE_TITLE_GROUNDED,1.0,NOT_REAL_MODEL_CONFIDENCE,False
REC-7578355171BF3E3D,1.0,SYNTHETIC_LABEL_ONLY,1,SOURCE_TITLE_GROUNDED,1.0,NOT_REAL_MODEL_CONFIDENCE,False
REC-6DE281BA68FE1A7B,1.0,SYNTHETIC_LABEL_ONLY,1,SOURCE_TITLE_GROUNDED,1.0,NOT_REAL_MODEL_CONFIDENCE,False
REC-F45C61E1A2FF4AD4,1.0,SYNTHETIC_LABEL_ONLY,1,SOURCE_TITLE_GROUNDED,1.0,NOT_REAL_MODEL_CONFIDENCE,False
REC-F1FA2C417584588F,1.0,SYNTHETIC_LABEL_ONLY,1,SOURCE_TITLE_GROUNDED,1.0,NOT_REAL_MODEL_CONFIDENCE,False
REC-92BA4B763277C150,1.0,SYNTHETIC_LABEL_ONLY,1,SOURCE_TITLE_GROUNDED,1.0,NOT_REAL_MODEL_CONFIDENCE,False
REC-DEB9ABBDB9E33A94,1.0,SYNTHETIC_LABEL_ONLY,1,SOURCE_TITLE_GROUNDED,1.0,NOT_REAL_MODEL_CONFIDENCE,False
REC-8FFBEF12D2FE1F92,1.0,SYNTHETIC_LABEL_ONLY,1,SOURCE_TITLE_GROUNDED,1.0,NOT_REAL_MODEL_CONFIDENCE,False
REC-07CDB0C0D20CB8CF,1.0,SYNTHETIC_LABEL_ONLY,1,SOURCE_TITLE_GROUNDED,1.0,NOT_REAL_MODEL_CONFIDENCE,False
REC-BB4B64D646013CCF,1.0,SYNTHETIC_LABEL_ONLY,1,SOURCE_TITLE_GROUNDED,1.0,NOT_REAL_MODEL_CONFIDENCE,False
REC-9489870E2C9B66AD,1.0,SYNTHETIC_LABEL_ONLY,1,SOURCE_TITLE_GROUNDED,1.0,NOT_REAL_MODEL_CONFIDENCE,False
REC-21CB7E77433E37A2,1.0,SYNTHETIC_LABEL_ONLY,1,SOURCE_TITLE_GROUNDED,1.0,NOT_REAL_MODEL_CONFIDENCE,False
REC-808516E9328AC3C4,1.0,SYNTHETIC_LABEL_ONLY,1,SOURCE_TITLE_GROUNDED,1.0,NOT_REAL_MODEL_CONFIDENCE,False
REC-CA7F2BB3A19B174D,1.0,SYNTHETIC_LABEL_ONLY,1,SOURCE_TITLE_GROUNDED,1.0,NOT_REAL_MODEL_CONFIDENCE,False
REC-C215C5F895F823B6,1.0,SYNTHETIC_LABEL_ONLY,1,SOURCE_TITLE_GROUNDED,1.0,NOT_REAL_MODEL_CONFIDENCE,False
REC-6A0C0ED2E39C5D7A,1.0,SYNTHETIC_LABEL_ONLY,1,SOURCE_TITLE_GROUNDED,1.0,NOT_REAL_MODEL_CONFIDENCE,False
REC-950EA74E49E26F9F,1.0,SYNTHETIC_LABEL_ONLY,1,SOURCE_TITLE_GROUNDED,1.0,NOT_REAL_MODEL_CONFIDENCE,False
REC-A02B473BDA179C56,1.0,SYNTHETIC_LABEL_ONLY,1,SOURCE_TITLE_GROUNDED,1.0,NOT_REAL_MODEL_CONFIDENCE,False
REC-60A92B09A995E30C,1.0,SYNTHETIC_LABEL_ONLY,1,SOURCE_TITLE_GROUNDED,1.0,NOT_REAL_MODEL_CONFIDENCE,False
REC-C32F1A7129E79DDA,1.0,SYNTHETIC_LABEL_ONLY,1,SOURCE_TITLE_GROUNDED,1.0,NOT_REAL_MODEL_CONFIDENCE,False
REC-3C71F37469B05BB1,1.0,SYNTHETIC_LABEL_ONLY,1,SOURCE_TITLE_GROUNDED,1.0,NOT_REAL_MODEL_CONFIDENCE,False
REC-5E25E738E13F7909,1.0,SYNTHETIC_LABEL_ONLY,1,SOURCE_TITLE_GROUNDED,1.0,NOT_REAL_MODEL_CONFIDENCE,False
REC-23BFEFBAEBAB5341,1.0,SYNTHETIC_LABEL_ONLY,1,SOURCE_TITLE_GROUNDED,1.0,NOT_REAL_MODEL_CONFIDENCE,False
REC-02774B8E39E5F911,1.0,SYNTHETIC_LABEL_ONLY,1,SOURCE_TITLE_GROUNDED,1.0,NOT_REAL_MODEL_CONFIDENCE,False
REC-FD57101D203AE5E7,1.0,SYNTHETIC_LABEL_ONLY,1,SOURCE_TITLE_GROUNDED,1.0,NOT_REAL_MODEL_CONFIDENCE,False
REC-0D5331D8BF50C0C1,1.0,SYNTHETIC_LABEL_ONLY,1,SOURCE_TITLE_GROUNDED,1.0,NOT_REAL_MODEL_CONFIDENCE,False
REC-A376B12D85DC40BF,1.0,SYNTHETIC_LABEL_ONLY,1,SOURCE_TITLE_GROUNDED,1.0,NOT_REAL_MODEL_CONFIDENCE,False
REC-32EB10A3174213F0,1.0,SYNTHETIC_LABEL_ONLY,1,SOURCE_TITLE_GROUNDED,1.0,NOT_REAL_MODEL_CONFIDENCE,False
REC-39AACBF99CC1E51A,1.0,SYNTHETIC_LABEL_ONLY,1,SOURCE_TITLE_GROUNDED,1.0,NOT_REAL_MODEL_CONFIDENCE,False
REC-3C9DC8B982711382,1.0,SYNTHETIC_LABEL_ONLY,1,SOURCE_TITLE_GROUNDED,1.0,NOT_REAL_MODEL_CONFIDENCE,False
REC-49AF43BF39ED7644,1.0,SYNTHETIC_LABEL_ONLY,1,SOURCE_TITLE_GROUNDED,1.0,NOT_REAL_MODEL_CONFIDENCE,False
REC-FC43B3E36ED3B6D8,1.0,SYNTHETIC_LABEL_ONLY,1,SOURCE_TITLE_GROUNDED,1.0,NOT_REAL_MODEL_CONFIDENCE,False
REC-E9D94B2DB09B5F8C,1.0,SYNTHETIC_LABEL_ONLY,1,SOURCE_TITLE_GROUNDED,1.0,NOT_REAL_MODEL_CONFIDENCE,False
REC-E7CF68D70448BDF7,1.0,SYNTHETIC_LABEL_ONLY,1,SOURCE_TITLE_GROUNDED,1.0,NOT_REAL_MODEL_CONFIDENCE,False
REC-ADA16FDF9FAFD2E5,1.0,SYNTHETIC_LABEL_ONLY,1,SOURCE_TITLE_GROUNDED,1.0,NOT_REAL_MODEL_CONFIDENCE,False
REC-BD8013543F33BB5C,1.0,SYNTHETIC_LABEL_ONLY,1,SOURCE_TITLE_GROUNDED,1.0,NOT_REAL_MODEL_CONFIDENCE,False
REC-B6C9E325C0758E0B,1.0,SYNTHETIC_LABEL_ONLY,1,SOURCE_TITLE_GROUNDED,1.0,NOT_REAL_MODEL_CONFIDENCE,False
REC-304FFD2E8F5F6010,1.0,SYNTHETIC_LABEL_ONLY,1,SOURCE_TITLE_GROUNDED,1.0,NOT_REAL_MODEL_CONFIDENCE,False
REC-EFE18E191863B013,1.0,SYNTHETIC_LABEL_ONLY,1,SOURCE_TITLE_GROUNDED,1.0,NOT_REAL_MODEL_CONFIDENCE,False
REC-E42512D954C51DCE,1.0,SYNTHETIC_LABEL_ONLY,1,SOURCE_TITLE_GROUNDED,1.0,NOT_REAL_MODEL_CONFIDENCE,False
REC-25903C1198CF7D6D,1.0,SYNTHETIC_LABEL_ONLY,1,SOURCE_TITLE_GROUNDED,1.0,NOT_REAL_MODEL_CONFIDENCE,False
REC-D1336BFDD38F3437,1.0,SYNTHETIC_LABEL_ONLY,1,SOURCE_TITLE_GROUNDED,1.0,NOT_REAL_MODEL_CONFIDENCE,False
REC-314E53DAC0BE351C,1.0,SYNTHETIC_LABEL_ONLY,1,SOURCE_TITLE_GROUNDED,1.0,NOT_REAL_MODEL_CONFIDENCE,False
REC-4A64AE5376BC6307,1.0,SYNTHETIC_LABEL_ONLY,1,SOURCE_TITLE_GROUNDED,1.0,NOT_REAL_MODEL_CONFIDENCE,False
REC-018B9F6FA05B036E,1.0,SYNTHETIC_LABEL_ONLY,1,SOURCE_TITLE_GROUNDED,1.0,NOT_REAL_MODEL_CONFIDENCE,False
REC-1F2F0FDD880284F6,1.0,SYNTHETIC_LABEL_ONLY,1,SOURCE_TITLE_GROUNDED,1.0,NOT_REAL_MODEL_CONFIDENCE,False
REC-B46F95C094973318,1.0,SYNTHETIC_LABEL_ONLY,1,SOURCE_TITLE_GROUNDED,1.0,NOT_REAL_MODEL_CONFIDENCE,False
REC-925BBA55D51CC34F,1.0,SYNTHETIC_LABEL_ONLY,1,SOURCE_TITLE_GROUNDED,1.0,NOT_REAL_MODEL_CONFIDENCE,False
REC-6ED15933A475F5DE,1.0,SYNTHETIC_LABEL_ONLY,1,SOURCE_TITLE_GROUNDED,1.0,NOT_REAL_MODEL_CONFIDENCE,False
REC-E700AA1BD20E972E,1.0,SYNTHETIC_LABEL_ONLY,1,SOURCE_TITLE_GROUNDED,1.0,NOT_REAL_MODEL_CONFIDENCE,False
REC-00A77DBE140AC47C,1.0,SYNTHETIC_LABEL_ONLY,1,SOURCE_TITLE_GROUNDED,1.0,NOT_REAL_MODEL_CONFIDENCE,False
REC-178007E15CDAD72B,1.0,SYNTHETIC_LABEL_ONLY,1,SOURCE_TITLE_GROUNDED,1.0,NOT_REAL_MODEL_CONFIDENCE,False
REC-D416A9ABE33DBDC3,1.0,SYNTHETIC_LABEL_ONLY,1,SOURCE_TITLE_GROUNDED,1.0,NOT_REAL_MODEL_CONFIDENCE,False
REC-49C8A03F75AD7586,1.0,SYNTHETIC_LABEL_ONLY,1,SOURCE_TITLE_GROUNDED,1.0,NOT_REAL_MODEL_CONFIDENCE,False
REC-36D3E0A0FB00C81C,1.0,SYNTHETIC_LABEL_ONLY,1,SOURCE_TITLE_GROUNDED,1.0,NOT_REAL_MODEL_CONFIDENCE,False
REC-6B9BD5A279541D73,1.0,SYNTHETIC_LABEL_ONLY,1,SOURCE_TITLE_GROUNDED,1.0,NOT_REAL_MODEL_CONFIDENCE,False
REC-7CF27CBA7494F35F,1.0,SYNTHETIC_LABEL_ONLY,1,SOURCE_TITLE_GROUNDED,1.0,NOT_REAL_MODEL_CONFIDENCE,False
REC-0495FA5D3102C3CB,1.0,SYNTHETIC_LABEL_ONLY,1,SOURCE_TITLE_GROUNDED,1.0,NOT_REAL_MODEL_CONFIDENCE,False
REC-A2FF3B9F4A6EECFA,1.0,SYNTHETIC_LABEL_ONLY,1,SOURCE_TITLE_GROUNDED,1.0,NOT_REAL_MODEL_CONFIDENCE,False
REC-31ABB617ED296120,1.0,SYNTHETIC_LABEL_ONLY,1,SOURCE_TITLE_GROUNDED,1.0,NOT_REAL_MODEL_CONFIDENCE,False
REC-8A44DE7D6EDEC4E2,1.0,SYNTHETIC_LABEL_ONLY,1,SOURCE_TITLE_GROUNDED,1.0,NOT_REAL_MODEL_CONFIDENCE,False
REC-D5FBF3E714760BA2,1.0,SYNTHETIC_LABEL_ONLY,1,SOURCE_TITLE_GROUNDED,1.0,NOT_REAL_MODEL_CONFIDENCE,False
REC-93B78CABC63A6A27,1.0,SYNTHETIC_LABEL_ONLY,1,SOURCE_TITLE_GROUNDED,1.0,NOT_REAL_MODEL_CONFIDENCE,False
REC-041280F6388E1351,1.0,SYNTHETIC_LABEL_ONLY,1,SOURCE_TITLE_GROUNDED,1.0,NOT_REAL_MODEL_CONFIDENCE,False
REC-29A2FE2ED0D7C7BF,1.0,SYNTHETIC_LABEL_ONLY,1,SOURCE_TITLE_GROUNDED,1.0,NOT_REAL_MODEL_CONFIDENCE,False
REC-B69A6708A255E88E,1.0,SYNTHETIC_LABEL_ONLY,1,SOURCE_TITLE_GROUNDED,1.0,NOT_REAL_MODEL_CONFIDENCE,False
REC-EA3B52E6B89F3906,1.0,SYNTHETIC_LABEL_ONLY,1,SOURCE_TITLE_GROUNDED,1.0,NOT_REAL_MODEL_CONFIDENCE,False
REC-CB374BDF13CB39EA,1.0,SYNTHETIC_LABEL_ONLY,1,SOURCE_TITLE_GROUNDED,1.0,NOT_REAL_MODEL_CONFIDENCE,False
REC-00760534BAF43EA2,1.0,SYNTHETIC_LABEL_ONLY,1,SOURCE_TITLE_GROUNDED,1.0,NOT_REAL_MODEL_CONFIDENCE,False
REC-37ECDBDB728A2DAC,1.0,SYNTHETIC_LABEL_ONLY,1,SOURCE_TITLE_GROUNDED,1.0,NOT_REAL_MODEL_CONFIDENCE,False
REC-3FD0B52E48539C5A,1.0,SYNTHETIC_LABEL_ONLY,1,SOURCE_TITLE_GROUNDED,1.0,NOT_REAL_MODEL_CONFIDENCE,False
REC-8625334E69F03D1E,1.0,SYNTHETIC_LABEL_ONLY,1,SOURCE_TITLE_GROUNDED,1.0,NOT_REAL_MODEL_CONFIDENCE,False
REC-2E6C0294E0189F10,1.0,SYNTHETIC_LABEL_ONLY,1,SOURCE_TITLE_GROUNDED,1.0,NOT_REAL_MODEL_CONFIDENCE,False
REC-C1FECECEC58C605B,1.0,SYNTHETIC_LABEL_ONLY,1,SOURCE_TITLE_GROUNDED,1.0,NOT_REAL_MODEL_CONFIDENCE,False
REC-68E07DA69734033C,1.0,SYNTHETIC_LABEL_ONLY,1,SOURCE_TITLE_GROUNDED,1.0,NOT_REAL_MODEL_CONFIDENCE,False
REC-470DF043501D94F4,1.0,SYNTHETIC_LABEL_ONLY,1,SOURCE_TITLE_GROUNDED,1.0,NOT_REAL_MODEL_CONFIDENCE,False
REC-FA709A7DC130F8DD,1.0,SYNTHETIC_LABEL_ONLY,1,SOURCE_TITLE_GROUNDED,1.0,NOT_REAL_MODEL_CONFIDENCE,False
REC-37975F20462BDCFC,1.0,SYNTHETIC_LABEL_ONLY,1,SOURCE_TITLE_GROUNDED,1.0,NOT_REAL_MODEL_CONFIDENCE,False
REC-0EB98B859701AF42,1.0,SYNTHETIC_LABEL_ONLY,1,SOURCE_TITLE_GROUNDED,1.0,NOT_REAL_MODEL_CONFIDENCE,False
REC-07CA7A8680250D96,1.0,SYNTHETIC_LABEL_ONLY,1,SOURCE_TITLE_GROUNDED,1.0,NOT_REAL_MODEL_CONFIDENCE,False
REC-744CE24ECED66300,1.0,SYNTHETIC_LABEL_ONLY,1,SOURCE_TITLE_GROUNDED,1.0,NOT_REAL_MODEL_CONFIDENCE,False
REC-31BE4387F32ACF74,1.0,SYNTHETIC_LABEL_ONLY,1,SOURCE_TITLE_GROUNDED,1.0,NOT_REAL_MODEL_CONFIDENCE,False
REC-565961A56A3C4B0B,1.0,SYNTHETIC_LABEL_ONLY,1,SOURCE_TITLE_GROUNDED,1.0,NOT_REAL_MODEL_CONFIDENCE,False
REC-CFE13BEB02A21D25,1.0,SYNTHETIC_LABEL_ONLY,1,SOURCE_TITLE_GROUNDED,1.0,NOT_REAL_MODEL_CONFIDENCE,False
REC-39415F505D5FA3C1,1.0,SYNTHETIC_LABEL_ONLY,1,SOURCE_TITLE_GROUNDED,1.0,NOT_REAL_MODEL_CONFIDENCE,False
REC-683723FC67D2BC81,1.0,SYNTHETIC_LABEL_ONLY,1,SOURCE_TITLE_GROUNDED,1.0,NOT_REAL_MODEL_CONFIDENCE,False
REC-4C6581FD09AED5FA,1.0,SYNTHETIC_LABEL_ONLY,1,SOURCE_TITLE_GROUNDED,1.0,NOT_REAL_MODEL_CONFIDENCE,False
REC-AF1C501D219AEBC9,1.0,SYNTHETIC_LABEL_ONLY,1,SOURCE_TITLE_GROUNDED,1.0,NOT_REAL_MODEL_CONFIDENCE,False
REC-F7AC133CBDF5D4E3,1.0,SYNTHETIC_LABEL_ONLY,1,SOURCE_TITLE_GROUNDED,1.0,NOT_REAL_MODEL_CONFIDENCE,False
REC-A5F1DF73B5A11ACB,1.0,SYNTHETIC_LABEL_ONLY,1,SOURCE_TITLE_GROUNDED,1.0,NOT_REAL_MODEL_CONFIDENCE,False
REC-D210126C3D63C306,1.0,SYNTHETIC_LABEL_ONLY,1,SOURCE_TITLE_GROUNDED,1.0,NOT_REAL_MODEL_CONFIDENCE,False
REC-3E0C0D4D529AA157,1.0,SYNTHETIC_LABEL_ONLY,1,SOURCE_TITLE_GROUNDED,1.0,NOT_REAL_MODEL_CONFIDENCE,False
REC-E12CCF2BB910A1BE,1.0,SYNTHETIC_LABEL_ONLY,1,SOURCE_TITLE_GROUNDED,1.0,NOT_REAL_MODEL_CONFIDENCE,False
REC-51601A296503EF8D,1.0,SYNTHETIC_LABEL_ONLY,1,SOURCE_TITLE_GROUNDED,1.0,NOT_REAL_MODEL_CONFIDENCE,False
REC-C81F3DB1D1F84491,1.0,SYNTHETIC_LABEL_ONLY,1,SOURCE_TITLE_GROUNDED,1.0,NOT_REAL_MODEL_CONFIDENCE,False
REC-CEF19179CC9C8938,1.0,SYNTHETIC_LABEL_ONLY,1,SOURCE_TITLE_GROUNDED,1.0,NOT_REAL_MODEL_CONFIDENCE,False
REC-62EC7C0760878DB8,1.0,SYNTHETIC_LABEL_ONLY,1,SOURCE_TITLE_GROUNDED,1.0,NOT_REAL_MODEL_CONFIDENCE,False
REC-A72672059BEC43C4,1.0,SYNTHETIC_LABEL_ONLY,1,SOURCE_TITLE_GROUNDED,1.0,NOT_REAL_MODEL_CONFIDENCE,False
REC-A2773EB1AB97810D,1.0,SYNTHETIC_LABEL_ONLY,1,SOURCE_TITLE_GROUNDED,1.0,NOT_REAL_MODEL_CONFIDENCE,False
REC-4EE46DB49E1C76B9,1.0,SYNTHETIC_LABEL_ONLY,1,SOURCE_TITLE_GROUNDED,1.0,NOT_REAL_MODEL_CONFIDENCE,False
REC-352DB43F296C9023,1.0,SYNTHETIC_LABEL_ONLY,1,SOURCE_TITLE_GROUNDED,1.0,NOT_REAL_MODEL_CONFIDENCE,False
REC-06698ACDA709B6D9,1.0,SYNTHETIC_LABEL_ONLY,1,SOURCE_TITLE_GROUNDED,1.0,NOT_REAL_MODEL_CONFIDENCE,False
REC-69D2EE0FFACF4025,1.0,SYNTHETIC_LABEL_ONLY,1,SOURCE_TITLE_GROUNDED,1.0,NOT_REAL_MODEL_CONFIDENCE,False
REC-A2BDB1B8C08E2A96,1.0,SYNTHETIC_LABEL_ONLY,1,SOURCE_TITLE_GROUNDED,1.0,NOT_REAL_MODEL_CONFIDENCE,False
REC-CE93F175D527E0C8,1.0,SYNTHETIC_LABEL_ONLY,1,SOURCE_TITLE_GROUNDED,1.0,NOT_REAL_MODEL_CONFIDENCE,False
REC-16008A27668C0A09,1.0,SYNTHETIC_LABEL_ONLY,1,SOURCE_TITLE_GROUNDED,1.0,NOT_REAL_MODEL_CONFIDENCE,False
REC-CC61234DF2EB66CC,1.0,SYNTHETIC_LABEL_ONLY,1,SOURCE_TITLE_GROUNDED,1.0,NOT_REAL_MODEL_CONFIDENCE,False
REC-90457D01FC9511DE,1.0,SYNTHETIC_LABEL_ONLY,1,SOURCE_TITLE_GROUNDED,1.0,NOT_REAL_MODEL_CONFIDENCE,False
REC-7EEE9C9EF9B70D9C,1.0,SYNTHETIC_LABEL_ONLY,1,SOURCE_TITLE_GROUNDED,1.0,NOT_REAL_MODEL_CONFIDENCE,False
REC-FB2665840EFDF1FE,1.0,SYNTHETIC_LABEL_ONLY,1,SOURCE_TITLE_GROUNDED,1.0,NOT_REAL_MODEL_CONFIDENCE,False
REC-6FCA21E8C6F690DB,1.0,SYNTHETIC_LABEL_ONLY,1,SOURCE_TITLE_GROUNDED,1.0,NOT_REAL_MODEL_CONFIDENCE,False
REC-7D5E2E06F87F0F66,1.0,SYNTHETIC_LABEL_ONLY,1,SOURCE_TITLE_GROUNDED,1.0,NOT_REAL_MODEL_CONFIDENCE,False
REC-39492B49004D500A,1.0,SYNTHETIC_LABEL_ONLY,1,SOURCE_TITLE_GROUNDED,1.0,NOT_REAL_MODEL_CONFIDENCE,False
REC-2444C18E1A54768D,1.0,SYNTHETIC_LABEL_ONLY,1,SOURCE_TITLE_GROUNDED,1.0,NOT_REAL_MODEL_CONFIDENCE,False
REC-C1F3028379A83BE5,1.0,SYNTHETIC_LABEL_ONLY,1,SOURCE_TITLE_GROUNDED,1.0,NOT_REAL_MODEL_CONFIDENCE,False
REC-AB7E38626CEA8E0C,1.0,SYNTHETIC_LABEL_ONLY,1,SOURCE_TITLE_GROUNDED,1.0,NOT_REAL_MODEL_CONFIDENCE,False
REC-7D4FB17E9251F1B0,1.0,SYNTHETIC_LABEL_ONLY,1,SOURCE_TITLE_GROUNDED,1.0,NOT_REAL_MODEL_CONFIDENCE,False
REC-7928D8FEAF8BF217,1.0,SYNTHETIC_LABEL_ONLY,1,SOURCE_TITLE_GROUNDED,1.0,NOT_REAL_MODEL_CONFIDENCE,False
REC-FB41CEE7DD96F2D9,1.0,SYNTHETIC_LABEL_ONLY,1,SOURCE_TITLE_GROUNDED,1.0,NOT_REAL_MODEL_CONFIDENCE,False
REC-898EF2F088F9B04D,1.0,SYNTHETIC_LABEL_ONLY,1,SOURCE_TITLE_GROUNDED,1.0,NOT_REAL_MODEL_CONFIDENCE,False
REC-B7054FCEF659373A,1.0,SYNTHETIC_LABEL_ONLY,1,SOURCE_TITLE_GROUNDED,1.0,NOT_REAL_MODEL_CONFIDENCE,False
REC-4C0E823F075828A0,1.0,SYNTHETIC_LABEL_ONLY,1,SOURCE_TITLE_GROUNDED,1.0,NOT_REAL_MODEL_CONFIDENCE,False
REC-933BEE700416E2DB,1.0,SYNTHETIC_LABEL_ONLY,1,SOURCE_TITLE_GROUNDED,1.0,NOT_REAL_MODEL_CONFIDENCE,False
REC-912C76F75DF6591C,1.0,SYNTHETIC_LABEL_ONLY,1,SOURCE_TITLE_GROUNDED,1.0,NOT_REAL_MODEL_CONFIDENCE,False
REC-DE50F1DBBAC02816,1.0,SYNTHETIC_LABEL_ONLY,1,SOURCE_TITLE_GROUNDED,1.0,NOT_REAL_MODEL_CONFIDENCE,False
REC-BBD722EAC7C591D6,1.0,SYNTHETIC_LABEL_ONLY,1,SOURCE_TITLE_GROUNDED,1.0,NOT_REAL_MODEL_CONFIDENCE,False
REC-5024432D4C8BD306,1.0,SYNTHETIC_LABEL_ONLY,1,SOURCE_TITLE_GROUNDED,1.0,NOT_REAL_MODEL_CONFIDENCE,False
REC-AC707F131CB65806,1.0,SYNTHETIC_LABEL_ONLY,1,SOURCE_TITLE_GROUNDED,1.0,NOT_REAL_MODEL_CONFIDENCE,False
REC-772D1A26602065BC,1.0,SYNTHETIC_LABEL_ONLY,1,SOURCE_TITLE_GROUNDED,1.0,NOT_REAL_MODEL_CONFIDENCE,False
REC-361E10FDC6644601,1.0,SYNTHETIC_LABEL_ONLY,1,SOURCE_TITLE_GROUNDED,1.0,NOT_REAL_MODEL_CONFIDENCE,False
REC-8E8A4256A41B6DAA,1.0,SYNTHETIC_LABEL_ONLY,1,SOURCE_TITLE_GROUNDED,1.0,NOT_REAL_MODEL_CONFIDENCE,False
REC-0B779F6D32D21DA9,1.0,SYNTHETIC_LABEL_ONLY,1,SOURCE_TITLE_GROUNDED,1.0,NOT_REAL_MODEL_CONFIDENCE,False
REC-D19D301A1D0695B2,1.0,SYNTHETIC_LABEL_ONLY,1,SOURCE_TITLE_GROUNDED,1.0,NOT_REAL_MODEL_CONFIDENCE,False
REC-AAD81E9551F3AD1B,1.0,SYNTHETIC_LABEL_ONLY,1,SOURCE_TITLE_GROUNDED,1.0,NOT_REAL_MODEL_CONFIDENCE,False
REC-1B372DB522EEC0A7,1.0,SYNTHETIC_LABEL_ONLY,1,SOURCE_TITLE_GROUNDED,1.0,NOT_REAL_MODEL_CONFIDENCE,False
REC-F7096DDF2210A8F0,1.0,SYNTHETIC_LABEL_ONLY,1,SOURCE_TITLE_GROUNDED,1.0,NOT_REAL_MODEL_CONFIDENCE,False
REC-225772004EE906EE,1.0,SYNTHETIC_LABEL_ONLY,1,SOURCE_TITLE_GROUNDED,1.0,NOT_REAL_MODEL_CONFIDENCE,False
REC-3D13D8134399DE62,1.0,SYNTHETIC_LABEL_ONLY,1,SOURCE_TITLE_GROUNDED,1.0,NOT_REAL_MODEL_CONFIDENCE,False
REC-AACFDE95F1E41D49,1.0,SYNTHETIC_LABEL_ONLY,1,SOURCE_TITLE_GROUNDED,1.0,NOT_REAL_MODEL_CONFIDENCE,False
REC-3A7210C63A727855,1.0,SYNTHETIC_LABEL_ONLY,1,SOURCE_TITLE_GROUNDED,1.0,NOT_REAL_MODEL_CONFIDENCE,False
REC-B16E6EF14A55B624,1.0,SYNTHETIC_LABEL_ONLY,1,SOURCE_TITLE_GROUNDED,1.0,NOT_REAL_MODEL_CONFIDENCE,False
REC-CDD65BD5E931E00C,1.0,SYNTHETIC_LABEL_ONLY,1,SOURCE_TITLE_GROUNDED,1.0,NOT_REAL_MODEL_CONFIDENCE,False
REC-7B1B2E9638E49F82,1.0,SYNTHETIC_LABEL_ONLY,1,SOURCE_TITLE_GROUNDED,1.0,NOT_REAL_MODEL_CONFIDENCE,False
REC-1EDECD75473DF0EF,1.0,SYNTHETIC_LABEL_ONLY,1,SOURCE_TITLE_GROUNDED,1.0,NOT_REAL_MODEL_CONFIDENCE,False
REC-29886675D793107C,1.0,SYNTHETIC_LABEL_ONLY,1,SOURCE_TITLE_GROUNDED,1.0,NOT_REAL_MODEL_CONFIDENCE,False
REC-E4665863401D6A02,1.0,SYNTHETIC_LABEL_ONLY,1,SOURCE_TITLE_GROUNDED,1.0,NOT_REAL_MODEL_CONFIDENCE,False
REC-AB3931F744F3C344,1.0,SYNTHETIC_LABEL_ONLY,1,SOURCE_TITLE_GROUNDED,1.0,NOT_REAL_MODEL_CONFIDENCE,False
REC-BD6722E5B66C7A77,1.0,SYNTHETIC_LABEL_ONLY,1,SOURCE_TITLE_GROUNDED,1.0,NOT_REAL_MODEL_CONFIDENCE,False
REC-416806FA096FF096,1.0,SYNTHETIC_LABEL_ONLY,1,SOURCE_TITLE_GROUNDED,1.0,NOT_REAL_MODEL_CONFIDENCE,False
REC-95FB5877DA0CA3BC,1.0,SYNTHETIC_LABEL_ONLY,1,SOURCE_TITLE_GROUNDED,1.0,NOT_REAL_MODEL_CONFIDENCE,False
REC-76E81D87DD2D11E4,1.0,SYNTHETIC_LABEL_ONLY,1,SOURCE_TITLE_GROUNDED,1.0,NOT_REAL_MODEL_CONFIDENCE,False
REC-CCAC7683BECD2A3C,1.0,SYNTHETIC_LABEL_ONLY,1,SOURCE_TITLE_GROUNDED,1.0,NOT_REAL_MODEL_CONFIDENCE,False
REC-42140392457DB879,1.0,SYNTHETIC_LABEL_ONLY,1,SOURCE_TITLE_GROUNDED,1.0,NOT_REAL_MODEL_CONFIDENCE,False
REC-3550500326012FEA,1.0,SYNTHETIC_LABEL_ONLY,1,SOURCE_TITLE_GROUNDED,1.0,NOT_REAL_MODEL_CONFIDENCE,False
REC-4FC6A5C0D92164EE,1.0,SYNTHETIC_LABEL_ONLY,1,SOURCE_TITLE_GROUNDED,1.0,NOT_REAL_MODEL_CONFIDENCE,False
REC-06C943EC962DBAFC,1.0,SYNTHETIC_LABEL_ONLY,1,SOURCE_TITLE_GROUNDED,1.0,NOT_REAL_MODEL_CONFIDENCE,False
REC-3A84066BCA739F25,1.0,SYNTHETIC_LABEL_ONLY,1,SOURCE_TITLE_GROUNDED,1.0,NOT_REAL_MODEL_CONFIDENCE,False
REC-00C04EA54999AE3A,1.0,SYNTHETIC_LABEL_ONLY,1,SOURCE_TITLE_GROUNDED,1.0,NOT_REAL_MODEL_CONFIDENCE,False
REC-41989037BCC66ACC,1.0,SYNTHETIC_LABEL_ONLY,1,SOURCE_TITLE_GROUNDED,1.0,NOT_REAL_MODEL_CONFIDENCE,False
REC-45A65133EFA32D7A,1.0,SYNTHETIC_LABEL_ONLY,1,SOURCE_TITLE_GROUNDED,1.0,NOT_REAL_MODEL_CONFIDENCE,False
REC-A6FF11AE671E7DF4,1.0,SYNTHETIC_LABEL_ONLY,1,SOURCE_TITLE_GROUNDED,1.0,NOT_REAL_MODEL_CONFIDENCE,False
REC-1DBF30FB53F9E8F3,1.0,SYNTHETIC_LABEL_ONLY,1,SOURCE_TITLE_GROUNDED,1.0,NOT_REAL_MODEL_CONFIDENCE,False
REC-53B0E40AAACDF00D,1.0,SYNTHETIC_LABEL_ONLY,1,SOURCE_TITLE_GROUNDED,1.0,NOT_REAL_MODEL_CONFIDENCE,False
REC-BA0CC35374FD1871,1.0,SYNTHETIC_LABEL_ONLY,1,SOURCE_TITLE_GROUNDED,1.0,NOT_REAL_MODEL_CONFIDENCE,False
REC-965757D02D00DFCA,1.0,SYNTHETIC_LABEL_ONLY,1,SOURCE_TITLE_GROUNDED,1.0,NOT_REAL_MODEL_CONFIDENCE,False
REC-B08D2C139F227A3C,1.0,SYNTHETIC_LABEL_ONLY,1,SOURCE_TITLE_GROUNDED,1.0,NOT_REAL_MODEL_CONFIDENCE,False
REC-C4A71B19B9A5806B,1.0,SYNTHETIC_LABEL_ONLY,1,SOURCE_TITLE_GROUNDED,1.0,NOT_REAL_MODEL_CONFIDENCE,False
REC-33CF0B1A6E0F1915,1.0,SYNTHETIC_LABEL_ONLY,1,SOURCE_TITLE_GROUNDED,1.0,NOT_REAL_MODEL_CONFIDENCE,False
REC-145D8F5432AEC264,1.0,SYNTHETIC_LABEL_ONLY,1,SOURCE_TITLE_GROUNDED,1.0,NOT_REAL_MODEL_CONFIDENCE,False
REC-9A57367418578D80,1.0,SYNTHETIC_LABEL_ONLY,1,SOURCE_TITLE_GROUNDED,1.0,NOT_REAL_MODEL_CONFIDENCE,False
REC-E82FEB2B90A6E59E,1.0,SYNTHETIC_LABEL_ONLY,1,SOURCE_TITLE_GROUNDED,1.0,NOT_REAL_MODEL_CONFIDENCE,False
REC-60BC524D16BAC4A5,1.0,SYNTHETIC_LABEL_ONLY,1,SOURCE_TITLE_GROUNDED,1.0,NOT_REAL_MODEL_CONFIDENCE,False
REC-200792BE8F03FDBA,1.0,SYNTHETIC_LABEL_ONLY,1,SOURCE_TITLE_GROUNDED,1.0,NOT_REAL_MODEL_CONFIDENCE,False
REC-DC21C78C06B28C7B,1.0,SYNTHETIC_LABEL_ONLY,1,SOURCE_TITLE_GROUNDED,1.0,NOT_REAL_MODEL_CONFIDENCE,False
REC-D7C999B93D250F97,1.0,SYNTHETIC_LABEL_ONLY,1,SOURCE_TITLE_GROUNDED,1.0,NOT_REAL_MODEL_CONFIDENCE,False
REC-A5FE867C858E01F2,1.0,SYNTHETIC_LABEL_ONLY,1,SOURCE_TITLE_GROUNDED,1.0,NOT_REAL_MODEL_CONFIDENCE,False
REC-6F325D558B8473E5,1.0,SYNTHETIC_LABEL_ONLY,1,SOURCE_TITLE_GROUNDED,1.0,NOT_REAL_MODEL_CONFIDENCE,False
REC-AFC84292F5FBC4AE,1.0,SYNTHETIC_LABEL_ONLY,1,SOURCE_TITLE_GROUNDED,1.0,NOT_REAL_MODEL_CONFIDENCE,False
REC-1F92B38A02A2EDA6,1.0,SYNTHETIC_LABEL_ONLY,1,SOURCE_TITLE_GROUNDED,1.0,NOT_REAL_MODEL_CONFIDENCE,False
REC-68B661037746B3AE,1.0,SYNTHETIC_LABEL_ONLY,1,SOURCE_TITLE_GROUNDED,1.0,NOT_REAL_MODEL_CONFIDENCE,False
REC-289326ED1312F8B4,1.0,SYNTHETIC_LABEL_ONLY,1,SOURCE_TITLE_GROUNDED,1.0,NOT_REAL_MODEL_CONFIDENCE,False
REC-3EA6EE4153E65FBC,1.0,SYNTHETIC_LABEL_ONLY,1,SOURCE_TITLE_GROUNDED,1.0,NOT_REAL_MODEL_CONFIDENCE,False
REC-93F70DA44C6B5775,1.0,SYNTHETIC_LABEL_ONLY,1,SOURCE_TITLE_GROUNDED,1.0,NOT_REAL_MODEL_CONFIDENCE,False
REC-9ACE107034ED55A9,1.0,SYNTHETIC_LABEL_ONLY,1,SOURCE_TITLE_GROUNDED,1.0,NOT_REAL_MODEL_CONFIDENCE,False
REC-1DE051418617ED5C,1.0,SYNTHETIC_LABEL_ONLY,1,SOURCE_TITLE_GROUNDED,1.0,NOT_REAL_MODEL_CONFIDENCE,False
REC-F4EE0251181B547F,1.0,SYNTHETIC_LABEL_ONLY,1,SOURCE_TITLE_GROUNDED,1.0,NOT_REAL_MODEL_CONFIDENCE,False
REC-6E0BFCCD58EB4FFA,1.0,SYNTHETIC_LABEL_ONLY,1,SOURCE_TITLE_GROUNDED,1.0,NOT_REAL_MODEL_CONFIDENCE,False
REC-49B9670B0F7993EE,1.0,SYNTHETIC_LABEL_ONLY,1,SOURCE_TITLE_GROUNDED,1.0,NOT_REAL_MODEL_CONFIDENCE,False
REC-2A9592EE91552110,1.0,SYNTHETIC_LABEL_ONLY,1,SOURCE_TITLE_GROUNDED,1.0,NOT_REAL_MODEL_CONFIDENCE,False
REC-E4753CA50ADF581E,1.0,SYNTHETIC_LABEL_ONLY,1,SOURCE_TITLE_GROUNDED,1.0,NOT_REAL_MODEL_CONFIDENCE,False
REC-88AE829B25B8B36D,1.0,SYNTHETIC_LABEL_ONLY,1,SOURCE_TITLE_GROUNDED,1.0,NOT_REAL_MODEL_CONFIDENCE,False
REC-D124E71AAFDF908C,1.0,SYNTHETIC_LABEL_ONLY,1,SOURCE_TITLE_GROUNDED,1.0,NOT_REAL_MODEL_CONFIDENCE,False
REC-EF179C6A88672CD6,1.0,SYNTHETIC_LABEL_ONLY,1,SOURCE_TITLE_GROUNDED,1.0,NOT_REAL_MODEL_CONFIDENCE,False
REC-AE949F86A030199A,1.0,SYNTHETIC_LABEL_ONLY,1,SOURCE_TITLE_GROUNDED,1.0,NOT_REAL_MODEL_CONFIDENCE,False
REC-A823FF7D3AB29EB0,1.0,SYNTHETIC_LABEL_ONLY,1,SOURCE_TITLE_GROUNDED,1.0,NOT_REAL_MODEL_CONFIDENCE,False
REC-8E784A33C5D20242,1.0,SYNTHETIC_LABEL_ONLY,1,SOURCE_TITLE_GROUNDED,1.0,NOT_REAL_MODEL_CONFIDENCE,False
REC-AC47D1DC48CE17DD,1.0,SYNTHETIC_LABEL_ONLY,1,SOURCE_TITLE_GROUNDED,1.0,NOT_REAL_MODEL_CONFIDENCE,False
REC-D90F11CC4EC00CB5,1.0,SYNTHETIC_LABEL_ONLY,1,SOURCE_TITLE_GROUNDED,1.0,NOT_REAL_MODEL_CONFIDENCE,False
REC-5683B29B519EB62C,1.0,SYNTHETIC_LABEL_ONLY,1,SOURCE_TITLE_GROUNDED,1.0,NOT_REAL_MODEL_CONFIDENCE,False
REC-80A0390126F7F216,1.0,SYNTHETIC_LABEL_ONLY,1,SOURCE_TITLE_GROUNDED,1.0,NOT_REAL_MODEL_CONFIDENCE,False
REC-4E539820EA27497A,1.0,SYNTHETIC_LABEL_ONLY,1,SOURCE_TITLE_GROUNDED,1.0,NOT_REAL_MODEL_CONFIDENCE,False
REC-CE645824FEB3B363,1.0,SYNTHETIC_LABEL_ONLY,1,SOURCE_TITLE_GROUNDED,1.0,NOT_REAL_MODEL_CONFIDENCE,False
REC-0166BB081BBF0E26,1.0,SYNTHETIC_LABEL_ONLY,1,SOURCE_TITLE_GROUNDED,1.0,NOT_REAL_MODEL_CONFIDENCE,False
REC-4DC7CE3F8492C3E7,1.0,SYNTHETIC_LABEL_ONLY,1,SOURCE_TITLE_GROUNDED,1.0,NOT_REAL_MODEL_CONFIDENCE,False
REC-8F2C3F873742BE3E,1.0,SYNTHETIC_LABEL_ONLY,1,SOURCE_TITLE_GROUNDED,1.0,NOT_REAL_MODEL_CONFIDENCE,False
REC-AC967A1602712955,1.0,SYNTHETIC_LABEL_ONLY,1,SOURCE_TITLE_GROUNDED,1.0,NOT_REAL_MODEL_CONFIDENCE,False
REC-16706AB580EFBC74,1.0,SYNTHETIC_LABEL_ONLY,1,SOURCE_TITLE_GROUNDED,1.0,NOT_REAL_MODEL_CONFIDENCE,False
REC-F6A8CED829FD1A5E,1.0,SYNTHETIC_LABEL_ONLY,1,SOURCE_TITLE_GROUNDED,1.0,NOT_REAL_MODEL_CONFIDENCE,False
REC-B15BCAE8870ACE98,1.0,SYNTHETIC_LABEL_ONLY,1,SOURCE_TITLE_GROUNDED,1.0,NOT_REAL_MODEL_CONFIDENCE,False
REC-F160A73CA7A6F260,1.0,SYNTHETIC_LABEL_ONLY,1,SOURCE_TITLE_GROUNDED,1.0,NOT_REAL_MODEL_CONFIDENCE,False
REC-F8D8245C61A0200C,1.0,SYNTHETIC_LABEL_ONLY,1,SOURCE_TITLE_GROUNDED,1.0,NOT_REAL_MODEL_CONFIDENCE,False
REC-0C41C4505126AAA7,1.0,SYNTHETIC_LABEL_ONLY,1,SOURCE_TITLE_GROUNDED,1.0,NOT_REAL_MODEL_CONFIDENCE,False
REC-F6CFA92954C10BD7,1.0,SYNTHETIC_LABEL_ONLY,1,SOURCE_TITLE_GROUNDED,1.0,NOT_REAL_MODEL_CONFIDENCE,False
REC-0E4E94AFFCEE2CBF,1.0,SYNTHETIC_LABEL_ONLY,1,SOURCE_TITLE_GROUNDED,1.0,NOT_REAL_MODEL_CONFIDENCE,False
REC-7E92FA2E17482236,1.0,SYNTHETIC_LABEL_ONLY,1,SOURCE_TITLE_GROUNDED,1.0,NOT_REAL_MODEL_CONFIDENCE,False
REC-D1309004DA578826,1.0,SYNTHETIC_LABEL_ONLY,1,SOURCE_TITLE_GROUNDED,1.0,NOT_REAL_MODEL_CONFIDENCE,False
REC-D02AFD57282EB092,1.0,SYNTHETIC_LABEL_ONLY,1,SOURCE_TITLE_GROUNDED,1.0,NOT_REAL_MODEL_CONFIDENCE,False
REC-600461B421C2F670,1.0,SYNTHETIC_LABEL_ONLY,1,SOURCE_TITLE_GROUNDED,1.0,NOT_REAL_MODEL_CONFIDENCE,False
REC-135526B3E8F0A512,1.0,SYNTHETIC_LABEL_ONLY,1,SOURCE_TITLE_GROUNDED,1.0,NOT_REAL_MODEL_CONFIDENCE,False
REC-BB66C1BE0C1D021D,1.0,SYNTHETIC_LABEL_ONLY,1,SOURCE_TITLE_GROUNDED,1.0,NOT_REAL_MODEL_CONFIDENCE,False
REC-881F388F656E74EE,1.0,SYNTHETIC_LABEL_ONLY,1,SOURCE_TITLE_GROUNDED,1.0,NOT_REAL_MODEL_CONFIDENCE,False
REC-ABAD41DB1CBE80FC,1.0,SYNTHETIC_LABEL_ONLY,1,SOURCE_TITLE_GROUNDED,1.0,NOT_REAL_MODEL_CONFIDENCE,False
REC-6137EC9CB0787E91,1.0,SYNTHETIC_LABEL_ONLY,1,SOURCE_TITLE_GROUNDED,1.0,NOT_REAL_MODEL_CONFIDENCE,False
REC-961DA4C283EBE6D5,1.0,SYNTHETIC_LABEL_ONLY,1,SOURCE_TITLE_GROUNDED,1.0,NOT_REAL_MODEL_CONFIDENCE,False
REC-576814059A151A54,1.0,SYNTHETIC_LABEL_ONLY,1,SOURCE_TITLE_GROUNDED,1.0,NOT_REAL_MODEL_CONFIDENCE,False
REC-0F84534427A766CA,1.0,SYNTHETIC_LABEL_ONLY,1,SOURCE_TITLE_GROUNDED,1.0,NOT_REAL_MODEL_CONFIDENCE,False
REC-161F2705EF04F550,1.0,SYNTHETIC_LABEL_ONLY,1,SOURCE_TITLE_GROUNDED,1.0,NOT_REAL_MODEL_CONFIDENCE,False
REC-BD3262DC417164D9,1.0,SYNTHETIC_LABEL_ONLY,1,SOURCE_TITLE_GROUNDED,1.0,NOT_REAL_MODEL_CONFIDENCE,False
REC-D65C35878E51BD01,1.0,SYNTHETIC_LABEL_ONLY,1,SOURCE_TITLE_GROUNDED,1.0,NOT_REAL_MODEL_CONFIDENCE,False
REC-B32D82E18D70FD79,1.0,SYNTHETIC_LABEL_ONLY,1,SOURCE_TITLE_GROUNDED,1.0,NOT_REAL_MODEL_CONFIDENCE,False
REC-42C0EE49E1B08182,1.0,SYNTHETIC_LABEL_ONLY,1,SOURCE_TITLE_GROUNDED,1.0,NOT_REAL_MODEL_CONFIDENCE,False
REC-A982F63DFCD9316A,1.0,SYNTHETIC_LABEL_ONLY,1,SOURCE_TITLE_GROUNDED,1.0,NOT_REAL_MODEL_CONFIDENCE,False
REC-557F4E4F87A3F0FE,1.0,SYNTHETIC_LABEL_ONLY,1,SOURCE_TITLE_GROUNDED,1.0,NOT_REAL_MODEL_CONFIDENCE,False
REC-5E911BB14E0419F9,1.0,SYNTHETIC_LABEL_ONLY,1,SOURCE_TITLE_GROUNDED,1.0,NOT_REAL_MODEL_CONFIDENCE,False
REC-8F61C137FADEB4B4,1.0,SYNTHETIC_LABEL_ONLY,1,SOURCE_TITLE_GROUNDED,1.0,NOT_REAL_MODEL_CONFIDENCE,False
REC-F961057B78DBCF09,1.0,SYNTHETIC_LABEL_ONLY,1,SOURCE_TITLE_GROUNDED,1.0,NOT_REAL_MODEL_CONFIDENCE,False
REC-4341B172FED55543,1.0,SYNTHETIC_LABEL_ONLY,1,SOURCE_TITLE_GROUNDED,1.0,NOT_REAL_MODEL_CONFIDENCE,False
REC-1DD9573066D0E8A6,1.0,SYNTHETIC_LABEL_ONLY,1,SOURCE_TITLE_GROUNDED,1.0,NOT_REAL_MODEL_CONFIDENCE,False
REC-6362632D34AE85D4,1.0,SYNTHETIC_LABEL_ONLY,1,SOURCE_TITLE_GROUNDED,1.0,NOT_REAL_MODEL_CONFIDENCE,False
REC-33EF53C07B1CB240,1.0,SYNTHETIC_LABEL_ONLY,1,SOURCE_TITLE_GROUNDED,1.0,NOT_REAL_MODEL_CONFIDENCE,False
REC-2155686F2705F62B,1.0,SYNTHETIC_LABEL_ONLY,1,SOURCE_TITLE_GROUNDED,1.0,NOT_REAL_MODEL_CONFIDENCE,False
REC-E1A1B902C818C4CF,1.0,SYNTHETIC_LABEL_ONLY,1,SOURCE_TITLE_GROUNDED,1.0,NOT_REAL_MODEL_CONFIDENCE,False
REC-E8C35CB33D68FDE3,1.0,SYNTHETIC_LABEL_ONLY,1,SOURCE_TITLE_GROUNDED,1.0,NOT_REAL_MODEL_CONFIDENCE,False
REC-6953CCC07CA6AF09,1.0,SYNTHETIC_LABEL_ONLY,1,SOURCE_TITLE_GROUNDED,1.0,NOT_REAL_MODEL_CONFIDENCE,False
REC-6EFE439E497588AA,1.0,SYNTHETIC_LABEL_ONLY,1,SOURCE_TITLE_GROUNDED,1.0,NOT_REAL_MODEL_CONFIDENCE,False
REC-B76C3DC04F07A435,1.0,SYNTHETIC_LABEL_ONLY,1,SOURCE_TITLE_GROUNDED,1.0,NOT_REAL_MODEL_CONFIDENCE,False
REC-F0789D114FBBA5EE,1.0,SYNTHETIC_LABEL_ONLY,1,SOURCE_TITLE_GROUNDED,1.0,NOT_REAL_MODEL_CONFIDENCE,False
REC-F9DCFAB9478E2D4E,1.0,SYNTHETIC_LABEL_ONLY,1,SOURCE_TITLE_GROUNDED,1.0,NOT_REAL_MODEL_CONFIDENCE,False
REC-232AE137F8A9E387,1.0,SYNTHETIC_LABEL_ONLY,1,SOURCE_TITLE_GROUNDED,1.0,NOT_REAL_MODEL_CONFIDENCE,False
REC-3A870F461798F9B9,1.0,SYNTHETIC_LABEL_ONLY,1,SOURCE_TITLE_GROUNDED,1.0,NOT_REAL_MODEL_CONFIDENCE,False
REC-9574AC07EECDE8F3,1.0,SYNTHETIC_LABEL_ONLY,1,SOURCE_TITLE_GROUNDED,1.0,NOT_REAL_MODEL_CONFIDENCE,False
REC-52D24E389F0E378E,1.0,SYNTHETIC_LABEL_ONLY,1,SOURCE_TITLE_GROUNDED,1.0,NOT_REAL_MODEL_CONFIDENCE,False
REC-100AE5F6484861F4,1.0,SYNTHETIC_LABEL_ONLY,1,SOURCE_TITLE_GROUNDED,1.0,NOT_REAL_MODEL_CONFIDENCE,False
REC-FDC6611F338D6D84,1.0,SYNTHETIC_LABEL_ONLY,1,SOURCE_TITLE_GROUNDED,1.0,NOT_REAL_MODEL_CONFIDENCE,False
REC-78617B89DDE0BC2F,1.0,SYNTHETIC_LABEL_ONLY,1,SOURCE_TITLE_GROUNDED,1.0,NOT_REAL_MODEL_CONFIDENCE,False
REC-D394B972A692CD8A,1.0,SYNTHETIC_LABEL_ONLY,1,SOURCE_TITLE_GROUNDED,1.0,NOT_REAL_MODEL_CONFIDENCE,False
REC-0632EFB5C0DE1917,1.0,SYNTHETIC_LABEL_ONLY,1,SOURCE_TITLE_GROUNDED,1.0,NOT_REAL_MODEL_CONFIDENCE,False
REC-52D7442102C15578,1.0,SYNTHETIC_LABEL_ONLY,1,SOURCE_TITLE_GROUNDED,1.0,NOT_REAL_MODEL_CONFIDENCE,False
REC-40ACB770EB615DE4,1.0,SYNTHETIC_LABEL_ONLY,1,SOURCE_TITLE_GROUNDED,1.0,NOT_REAL_MODEL_CONFIDENCE,False
REC-561117710BE9C9C6,1.0,SYNTHETIC_LABEL_ONLY,1,SOURCE_TITLE_GROUNDED,1.0,NOT_REAL_MODEL_CONFIDENCE,False
REC-1FD5CEE43A72F41E,1.0,SYNTHETIC_LABEL_ONLY,1,SOURCE_TITLE_GROUNDED,1.0,NOT_REAL_MODEL_CONFIDENCE,False
REC-35A901A076F361B9,1.0,SYNTHETIC_LABEL_ONLY,1,SOURCE_TITLE_GROUNDED,1.0,NOT_REAL_MODEL_CONFIDENCE,False
REC-3DE3EE5F2320302D,1.0,SYNTHETIC_LABEL_ONLY,1,SOURCE_TITLE_GROUNDED,1.0,NOT_REAL_MODEL_CONFIDENCE,False
REC-4107C3D2F603A558,1.0,SYNTHETIC_LABEL_ONLY,1,SOURCE_TITLE_GROUNDED,1.0,NOT_REAL_MODEL_CONFIDENCE,False
REC-7B033CD011C8D082,1.0,SYNTHETIC_LABEL_ONLY,1,SOURCE_TITLE_GROUNDED,1.0,NOT_REAL_MODEL_CONFIDENCE,False
REC-EB0AF1E06E9259D4,1.0,SYNTHETIC_LABEL_ONLY,1,SOURCE_TITLE_GROUNDED,1.0,NOT_REAL_MODEL_CONFIDENCE,False
REC-8F18B162C2B43E39,1.0,SYNTHETIC_LABEL_ONLY,1,SOURCE_TITLE_GROUNDED,1.0,NOT_REAL_MODEL_CONFIDENCE,False
REC-6E0A7C3BDED48C6A,1.0,SYNTHETIC_LABEL_ONLY,1,SOURCE_TITLE_GROUNDED,1.0,NOT_REAL_MODEL_CONFIDENCE,False
REC-B6B0FF98DE9B99E0,1.0,SYNTHETIC_LABEL_ONLY,1,SOURCE_TITLE_GROUNDED,1.0,NOT_REAL_MODEL_CONFIDENCE,False
REC-92AADD904FCFD168,1.0,SYNTHETIC_LABEL_ONLY,1,SOURCE_TITLE_GROUNDED,1.0,NOT_REAL_MODEL_CONFIDENCE,False
REC-1B53AEBCD4144711,1.0,SYNTHETIC_LABEL_ONLY,1,SOURCE_TITLE_GROUNDED,1.0,NOT_REAL_MODEL_CONFIDENCE,False
REC-7FDE92090E2A8160,1.0,SYNTHETIC_LABEL_ONLY,1,SOURCE_TITLE_GROUNDED,1.0,NOT_REAL_MODEL_CONFIDENCE,False
REC-83CEA73E95AE66DB,1.0,SYNTHETIC_LABEL_ONLY,1,SOURCE_TITLE_GROUNDED,1.0,NOT_REAL_MODEL_CONFIDENCE,False
REC-4C32CC01256CDCD2,1.0,SYNTHETIC_LABEL_ONLY,1,SOURCE_TITLE_GROUNDED,1.0,NOT_REAL_MODEL_CONFIDENCE,False
REC-D7AC6014CDF5FAA8,1.0,SYNTHETIC_LABEL_ONLY,1,SOURCE_TITLE_GROUNDED,1.0,NOT_REAL_MODEL_CONFIDENCE,False
REC-0287B7CCCE3E2C2F,1.0,SYNTHETIC_LABEL_ONLY,1,SOURCE_TITLE_GROUNDED,1.0,NOT_REAL_MODEL_CONFIDENCE,False
REC-ED0FFBF188DE0688,1.0,SYNTHETIC_LABEL_ONLY,1,SOURCE_TITLE_GROUNDED,1.0,NOT_REAL_MODEL_CONFIDENCE,False
REC-C39D8535B67DF093,1.0,SYNTHETIC_LABEL_ONLY,1,SOURCE_TITLE_GROUNDED,1.0,NOT_REAL_MODEL_CONFIDENCE,False
REC-764CBB70BC6D338B,1.0,SYNTHETIC_LABEL_ONLY,1,SOURCE_TITLE_GROUNDED,1.0,NOT_REAL_MODEL_CONFIDENCE,False
REC-A5A5BB9C53664807,1.0,SYNTHETIC_LABEL_ONLY,1,SOURCE_TITLE_GROUNDED,1.0,NOT_REAL_MODEL_CONFIDENCE,False
REC-745BD5BA166FE4A2,1.0,SYNTHETIC_LABEL_ONLY,1,SOURCE_TITLE_GROUNDED,1.0,NOT_REAL_MODEL_CONFIDENCE,False
REC-BE6D90B85358484A,1.0,SYNTHETIC_LABEL_ONLY,1,SOURCE_TITLE_GROUNDED,1.0,NOT_REAL_MODEL_CONFIDENCE,False
REC-B966F1CB07EB9BEE,1.0,SYNTHETIC_LABEL_ONLY,1,SOURCE_TITLE_GROUNDED,1.0,NOT_REAL_MODEL_CONFIDENCE,False
REC-41A604C33158D201,1.0,SYNTHETIC_LABEL_ONLY,1,SOURCE_TITLE_GROUNDED,1.0,NOT_REAL_MODEL_CONFIDENCE,False
REC-BBFA3F17EEEC5D3A,1.0,SYNTHETIC_LABEL_ONLY,1,SOURCE_TITLE_GROUNDED,1.0,NOT_REAL_MODEL_CONFIDENCE,False
REC-84B694B81BA75ADB,1.0,SYNTHETIC_LABEL_ONLY,1,SOURCE_TITLE_GROUNDED,1.0,NOT_REAL_MODEL_CONFIDENCE,False
REC-2780C77272888FB1,1.0,SYNTHETIC_LABEL_ONLY,1,SOURCE_TITLE_GROUNDED,1.0,NOT_REAL_MODEL_CONFIDENCE,False
REC-3F8D68ECCF4FECE9,1.0,SYNTHETIC_LABEL_ONLY,1,SOURCE_TITLE_GROUNDED,1.0,NOT_REAL_MODEL_CONFIDENCE,False
REC-6E391A94EB403BF4,1.0,SYNTHETIC_LABEL_ONLY,1,SOURCE_TITLE_GROUNDED,1.0,NOT_REAL_MODEL_CONFIDENCE,False
REC-3E1F1E032B0AB8F5,1.0,SYNTHETIC_LABEL_ONLY,1,SOURCE_TITLE_GROUNDED,1.0,NOT_REAL_MODEL_CONFIDENCE,False
REC-8004C660BF72A759,1.0,SYNTHETIC_LABEL_ONLY,1,SOURCE_TITLE_GROUNDED,1.0,NOT_REAL_MODEL_CONFIDENCE,False
REC-7407FCA79FDF52BF,1.0,SYNTHETIC_LABEL_ONLY,1,SOURCE_TITLE_GROUNDED,1.0,NOT_REAL_MODEL_CONFIDENCE,False
REC-AFE40FB65156E34A,1.0,SYNTHETIC_LABEL_ONLY,1,SOURCE_TITLE_GROUNDED,1.0,NOT_REAL_MODEL_CONFIDENCE,False
REC-066706507DF9FC48,1.0,SYNTHETIC_LABEL_ONLY,1,SOURCE_TITLE_GROUNDED,1.0,NOT_REAL_MODEL_CONFIDENCE,False
REC-AF38355B62426977,1.0,SYNTHETIC_LABEL_ONLY,1,SOURCE_TITLE_GROUNDED,1.0,NOT_REAL_MODEL_CONFIDENCE,False
REC-4E62E5FAFA912943,1.0,SYNTHETIC_LABEL_ONLY,1,SOURCE_TITLE_GROUNDED,1.0,NOT_REAL_MODEL_CONFIDENCE,False
REC-98722CE6F58AA7B0,1.0,SYNTHETIC_LABEL_ONLY,1,SOURCE_TITLE_GROUNDED,1.0,NOT_REAL_MODEL_CONFIDENCE,False
REC-706D196DEB9F0295,1.0,SYNTHETIC_LABEL_ONLY,1,SOURCE_TITLE_GROUNDED,1.0,NOT_REAL_MODEL_CONFIDENCE,False
REC-A0495BC1C5CEA9E4,1.0,SYNTHETIC_LABEL_ONLY,1,SOURCE_TITLE_GROUNDED,1.0,NOT_REAL_MODEL_CONFIDENCE,False
REC-314E694C78C193DD,1.0,SYNTHETIC_LABEL_ONLY,1,SOURCE_TITLE_GROUNDED,1.0,NOT_REAL_MODEL_CONFIDENCE,False
REC-6201F9B965D3DCA7,1.0,SYNTHETIC_LABEL_ONLY,1,SOURCE_TITLE_GROUNDED,1.0,NOT_REAL_MODEL_CONFIDENCE,False
REC-F91BCE8C6DC4BC36,1.0,SYNTHETIC_LABEL_ONLY,1,SOURCE_TITLE_GROUNDED,1.0,NOT_REAL_MODEL_CONFIDENCE,False
REC-219FBCEDDFE73E03,1.0,SYNTHETIC_LABEL_ONLY,1,SOURCE_TITLE_GROUNDED,1.0,NOT_REAL_MODEL_CONFIDENCE,False
REC-8F0638A907845A3A,1.0,SYNTHETIC_LABEL_ONLY,1,SOURCE_TITLE_GROUNDED,1.0,NOT_REAL_MODEL_CONFIDENCE,False
REC-19008E7CD46DC06C,1.0,SYNTHETIC_LABEL_ONLY,1,SOURCE_TITLE_GROUNDED,1.0,NOT_REAL_MODEL_CONFIDENCE,False
REC-FE2C93667CB33A30,1.0,SYNTHETIC_LABEL_ONLY,1,SOURCE_TITLE_GROUNDED,1.0,NOT_REAL_MODEL_CONFIDENCE,False
REC-C767E0FD784D90FB,1.0,SYNTHETIC_LABEL_ONLY,1,SOURCE_TITLE_GROUNDED,1.0,NOT_REAL_MODEL_CONFIDENCE,False
REC-BB4486A1308727C1,1.0,SYNTHETIC_LABEL_ONLY,1,SOURCE_TITLE_GROUNDED,1.0,NOT_REAL_MODEL_CONFIDENCE,False
REC-D5F25B9FCBBEE849,1.0,SYNTHETIC_LABEL_ONLY,1,SOURCE_TITLE_GROUNDED,1.0,NOT_REAL_MODEL_CONFIDENCE,False
REC-D320F5368A23A419,1.0,SYNTHETIC_LABEL_ONLY,1,SOURCE_TITLE_GROUNDED,1.0,NOT_REAL_MODEL_CONFIDENCE,False
REC-A96B2B10A20CB229,1.0,SYNTHETIC_LABEL_ONLY,1,SOURCE_TITLE_GROUNDED,1.0,NOT_REAL_MODEL_CONFIDENCE,False
REC-B1305B632767BAC9,1.0,SYNTHETIC_LABEL_ONLY,1,SOURCE_TITLE_GROUNDED,1.0,NOT_REAL_MODEL_CONFIDENCE,False
REC-5DC62307281797F6,1.0,SYNTHETIC_LABEL_ONLY,1,SOURCE_TITLE_GROUNDED,1.0,NOT_REAL_MODEL_CONFIDENCE,False
REC-2BFB1FADC313401A,1.0,SYNTHETIC_LABEL_ONLY,1,SOURCE_TITLE_GROUNDED,1.0,NOT_REAL_MODEL_CONFIDENCE,False
REC-47A242C66219F089,1.0,SYNTHETIC_LABEL_ONLY,1,SOURCE_TITLE_GROUNDED,1.0,NOT_REAL_MODEL_CONFIDENCE,False
REC-A1A4A1B8C0CFABDB,1.0,SYNTHETIC_LABEL_ONLY,1,SOURCE_TITLE_GROUNDED,1.0,NOT_REAL_MODEL_CONFIDENCE,False
REC-14C61AD59024370A,1.0,SYNTHETIC_LABEL_ONLY,1,SOURCE_TITLE_GROUNDED,1.0,NOT_REAL_MODEL_CONFIDENCE,False
REC-7060F45BE8BC5348,1.0,SYNTHETIC_LABEL_ONLY,1,SOURCE_TITLE_GROUNDED,1.0,NOT_REAL_MODEL_CONFIDENCE,False
REC-1D370F1E327974A7,1.0,SYNTHETIC_LABEL_ONLY,1,SOURCE_TITLE_GROUNDED,1.0,NOT_REAL_MODEL_CONFIDENCE,False
REC-46720D55EEE54C85,1.0,SYNTHETIC_LABEL_ONLY,1,SOURCE_TITLE_GROUNDED,1.0,NOT_REAL_MODEL_CONFIDENCE,False
REC-B23DBA4BC65E1FE8,1.0,SYNTHETIC_LABEL_ONLY,1,SOURCE_TITLE_GROUNDED,1.0,NOT_REAL_MODEL_CONFIDENCE,False
REC-12F03FCCD1DF983A,1.0,SYNTHETIC_LABEL_ONLY,1,SOURCE_TITLE_GROUNDED,1.0,NOT_REAL_MODEL_CONFIDENCE,False
REC-B6C892778BBD88F8,1.0,SYNTHETIC_LABEL_ONLY,1,SOURCE_TITLE_GROUNDED,1.0,NOT_REAL_MODEL_CONFIDENCE,False
REC-0870E8256BCCC34D,1.0,SYNTHETIC_LABEL_ONLY,1,SOURCE_TITLE_GROUNDED,1.0,NOT_REAL_MODEL_CONFIDENCE,False
REC-5A59F58ECC58D898,1.0,SYNTHETIC_LABEL_ONLY,1,SOURCE_TITLE_GROUNDED,1.0,NOT_REAL_MODEL_CONFIDENCE,False
REC-99FDFF9CE9D79D40,1.0,SYNTHETIC_LABEL_ONLY,1,SOURCE_TITLE_GROUNDED,1.0,NOT_REAL_MODEL_CONFIDENCE,False
REC-77E6AB09955A1B67,1.0,SYNTHETIC_LABEL_ONLY,1,SOURCE_TITLE_GROUNDED,1.0,NOT_REAL_MODEL_CONFIDENCE,False
REC-0210359DB2A4226E,1.0,SYNTHETIC_LABEL_ONLY,1,SOURCE_TITLE_GROUNDED,1.0,NOT_REAL_MODEL_CONFIDENCE,False
REC-7AECF7C1CCA23A33,1.0,SYNTHETIC_LABEL_ONLY,1,SOURCE_TITLE_GROUNDED,1.0,NOT_REAL_MODEL_CONFIDENCE,False
REC-EE0975BAE82F45FD,1.0,SYNTHETIC_LABEL_ONLY,1,SOURCE_TITLE_GROUNDED,1.0,NOT_REAL_MODEL_CONFIDENCE,False
REC-5721B66E886ECAE5,1.0,SYNTHETIC_LABEL_ONLY,1,SOURCE_TITLE_GROUNDED,1.0,NOT_REAL_MODEL_CONFIDENCE,False
REC-867B82E634A0FB33,1.0,SYNTHETIC_LABEL_ONLY,1,SOURCE_TITLE_GROUNDED,1.0,NOT_REAL_MODEL_CONFIDENCE,False
REC-D7C3D99D150C9F80,1.0,SYNTHETIC_LABEL_ONLY,1,SOURCE_TITLE_GROUNDED,1.0,NOT_REAL_MODEL_CONFIDENCE,False
REC-CA0A0ACD8ADC3AFD,1.0,SYNTHETIC_LABEL_ONLY,1,SOURCE_TITLE_GROUNDED,1.0,NOT_REAL_MODEL_CONFIDENCE,False
REC-20D68B4E9AC9B64C,1.0,SYNTHETIC_LABEL_ONLY,1,SOURCE_TITLE_GROUNDED,1.0,NOT_REAL_MODEL_CONFIDENCE,False
REC-18EF05A188CC8C3F,1.0,SYNTHETIC_LABEL_ONLY,1,SOURCE_TITLE_GROUNDED,1.0,NOT_REAL_MODEL_CONFIDENCE,False
REC-8DED28C14B022B3C,1.0,SYNTHETIC_LABEL_ONLY,1,SOURCE_TITLE_GROUNDED,1.0,NOT_REAL_MODEL_CONFIDENCE,False
REC-CA4A383AAF862322,1.0,SYNTHETIC_LABEL_ONLY,1,SOURCE_TITLE_GROUNDED,1.0,NOT_REAL_MODEL_CONFIDENCE,False
REC-D1AAEC603E848408,1.0,SYNTHETIC_LABEL_ONLY,1,SOURCE_TITLE_GROUNDED,1.0,NOT_REAL_MODEL_CONFIDENCE,False
REC-5F851EB7418667A7,1.0,SYNTHETIC_LABEL_ONLY,1,SOURCE_TITLE_GROUNDED,1.0,NOT_REAL_MODEL_CONFIDENCE,False
REC-4CDCDE954B63EF8B,1.0,SYNTHETIC_LABEL_ONLY,1,SOURCE_TITLE_GROUNDED,1.0,NOT_REAL_MODEL_CONFIDENCE,False
REC-EA89984C6215DA02,1.0,SYNTHETIC_LABEL_ONLY,1,SOURCE_TITLE_GROUNDED,1.0,NOT_REAL_MODEL_CONFIDENCE,False
REC-A0A6AEF15B685741,1.0,SYNTHETIC_LABEL_ONLY,1,SOURCE_TITLE_GROUNDED,1.0,NOT_REAL_MODEL_CONFIDENCE,False
REC-C3685AA5251F6A07,1.0,SYNTHETIC_LABEL_ONLY,1,SOURCE_TITLE_GROUNDED,1.0,NOT_REAL_MODEL_CONFIDENCE,False
REC-5AD8469D0FAE2996,1.0,SYNTHETIC_LABEL_ONLY,1,SOURCE_TITLE_GROUNDED,1.0,NOT_REAL_MODEL_CONFIDENCE,False
REC-A4C51BC0CFE08807,1.0,SYNTHETIC_LABEL_ONLY,1,SOURCE_TITLE_GROUNDED,1.0,NOT_REAL_MODEL_CONFIDENCE,False
REC-08051256B972C240,1.0,SYNTHETIC_LABEL_ONLY,1,SOURCE_TITLE_GROUNDED,1.0,NOT_REAL_MODEL_CONFIDENCE,False
REC-5929DBE2B7A4D637,1.0,SYNTHETIC_LABEL_ONLY,1,SOURCE_TITLE_GROUNDED,1.0,NOT_REAL_MODEL_CONFIDENCE,False
REC-7D85F95788DB0230,1.0,SYNTHETIC_LABEL_ONLY,1,SOURCE_TITLE_GROUNDED,1.0,NOT_REAL_MODEL_CONFIDENCE,False
REC-AF562B97C494C6C8,1.0,SYNTHETIC_LABEL_ONLY,1,SOURCE_TITLE_GROUNDED,1.0,NOT_REAL_MODEL_CONFIDENCE,False
REC-30511E7F2CF2A6AB,1.0,SYNTHETIC_LABEL_ONLY,1,SOURCE_TITLE_GROUNDED,1.0,NOT_REAL_MODEL_CONFIDENCE,False
REC-7B506EAD55F7239F,1.0,SYNTHETIC_LABEL_ONLY,1,SOURCE_TITLE_GROUNDED,1.0,NOT_REAL_MODEL_CONFIDENCE,False
REC-D09952D7B1099BF9,1.0,SYNTHETIC_LABEL_ONLY,1,SOURCE_TITLE_GROUNDED,1.0,NOT_REAL_MODEL_CONFIDENCE,False
REC-CFAD142F3D7E10C0,1.0,SYNTHETIC_LABEL_ONLY,1,SOURCE_TITLE_GROUNDED,1.0,NOT_REAL_MODEL_CONFIDENCE,False
REC-C48FC6BD14C7D0BB,1.0,SYNTHETIC_LABEL_ONLY,1,SOURCE_TITLE_GROUNDED,1.0,NOT_REAL_MODEL_CONFIDENCE,False
REC-A4E5BF33B85C135A,1.0,SYNTHETIC_LABEL_ONLY,1,SOURCE_TITLE_GROUNDED,1.0,NOT_REAL_MODEL_CONFIDENCE,False
REC-F731B68345BD2ED7,1.0,SYNTHETIC_LABEL_ONLY,1,SOURCE_TITLE_GROUNDED,1.0,NOT_REAL_MODEL_CONFIDENCE,False
REC-D768FEE82A416613,1.0,SYNTHETIC_LABEL_ONLY,1,SOURCE_TITLE_GROUNDED,1.0,NOT_REAL_MODEL_CONFIDENCE,False
REC-72BAE34FA2ABDA91,1.0,SYNTHETIC_LABEL_ONLY,1,SOURCE_TITLE_GROUNDED,1.0,NOT_REAL_MODEL_CONFIDENCE,False
REC-64A4AAF60AA2AF81,1.0,SYNTHETIC_LABEL_ONLY,1,SOURCE_TITLE_GROUNDED,1.0,NOT_REAL_MODEL_CONFIDENCE,False
REC-212C89778E7971BB,1.0,SYNTHETIC_LABEL_ONLY,1,SOURCE_TITLE_GROUNDED,1.0,NOT_REAL_MODEL_CONFIDENCE,False
REC-09D06ED3D5FEFB03,1.0,SYNTHETIC_LABEL_ONLY,1,SOURCE_TITLE_GROUNDED,1.0,NOT_REAL_MODEL_CONFIDENCE,False
REC-2853B7340711DE50,1.0,SYNTHETIC_LABEL_ONLY,1,SOURCE_TITLE_GROUNDED,1.0,NOT_REAL_MODEL_CONFIDENCE,False
REC-C7D6FA1F043A31CE,1.0,SYNTHETIC_LABEL_ONLY,1,SOURCE_TITLE_GROUNDED,1.0,NOT_REAL_MODEL_CONFIDENCE,False
REC-2677E3F918A59E47,1.0,SYNTHETIC_LABEL_ONLY,1,SOURCE_TITLE_GROUNDED,1.0,NOT_REAL_MODEL_CONFIDENCE,False
REC-B8F162E85AB6EDFD,1.0,SYNTHETIC_LABEL_ONLY,1,SOURCE_TITLE_GROUNDED,1.0,NOT_REAL_MODEL_CONFIDENCE,False
REC-C51A72A2309799B4,1.0,SYNTHETIC_LABEL_ONLY,1,SOURCE_TITLE_GROUNDED,1.0,NOT_REAL_MODEL_CONFIDENCE,False
REC-977ACF4D78EC33EF,1.0,SYNTHETIC_LABEL_ONLY,1,SOURCE_TITLE_GROUNDED,1.0,NOT_REAL_MODEL_CONFIDENCE,False
REC-DD66A93EA09BA2AF,1.0,SYNTHETIC_LABEL_ONLY,1,SOURCE_TITLE_GROUNDED,1.0,NOT_REAL_MODEL_CONFIDENCE,False
REC-391B720B24654A05,1.0,SYNTHETIC_LABEL_ONLY,1,SOURCE_TITLE_GROUNDED,1.0,NOT_REAL_MODEL_CONFIDENCE,False
REC-BF68F37DDF2796F9,1.0,SYNTHETIC_LABEL_ONLY,1,SOURCE_TITLE_GROUNDED,1.0,NOT_REAL_MODEL_CONFIDENCE,False
REC-838A755B97B052AF,1.0,SYNTHETIC_LABEL_ONLY,1,SOURCE_TITLE_GROUNDED,1.0,NOT_REAL_MODEL_CONFIDENCE,False
REC-CB782E86C6FC6BAC,1.0,SYNTHETIC_LABEL_ONLY,1,SOURCE_TITLE_GROUNDED,1.0,NOT_REAL_MODEL_CONFIDENCE,False
REC-7AF48AA785104720,1.0,SYNTHETIC_LABEL_ONLY,1,SOURCE_TITLE_GROUNDED,1.0,NOT_REAL_MODEL_CONFIDENCE,False
REC-9695E6EA3B81E955,1.0,SYNTHETIC_LABEL_ONLY,1,SOURCE_TITLE_GROUNDED,1.0,NOT_REAL_MODEL_CONFIDENCE,False
REC-5FD222E64A6BCBBB,1.0,SYNTHETIC_LABEL_ONLY,1,SOURCE_TITLE_GROUNDED,1.0,NOT_REAL_MODEL_CONFIDENCE,False
REC-64BC35633C0C26EC,1.0,SYNTHETIC_LABEL_ONLY,1,SOURCE_TITLE_GROUNDED,1.0,NOT_REAL_MODEL_CONFIDENCE,False
REC-536D7D24F9DF0911,1.0,SYNTHETIC_LABEL_ONLY,1,SOURCE_TITLE_GROUNDED,1.0,NOT_REAL_MODEL_CONFIDENCE,False
REC-F6B4EE3FE7DC0DEF,1.0,SYNTHETIC_LABEL_ONLY,1,SOURCE_TITLE_GROUNDED,1.0,NOT_REAL_MODEL_CONFIDENCE,False
REC-CC9A5DFB505FD299,1.0,SYNTHETIC_LABEL_ONLY,1,SOURCE_TITLE_GROUNDED,1.0,NOT_REAL_MODEL_CONFIDENCE,False
REC-1E0E5080EE2B06B5,1.0,SYNTHETIC_LABEL_ONLY,1,SOURCE_TITLE_GROUNDED,1.0,NOT_REAL_MODEL_CONFIDENCE,False
REC-3ACBC840B669C69E,1.0,SYNTHETIC_LABEL_ONLY,1,SOURCE_TITLE_GROUNDED,1.0,NOT_REAL_MODEL_CONFIDENCE,False
REC-C4BA24C8E40AF2BD,1.0,SYNTHETIC_LABEL_ONLY,1,SOURCE_TITLE_GROUNDED,1.0,NOT_REAL_MODEL_CONFIDENCE,False
REC-CB2612127C355758,1.0,SYNTHETIC_LABEL_ONLY,1,SOURCE_TITLE_GROUNDED,1.0,NOT_REAL_MODEL_CONFIDENCE,False
REC-CA2CC666A05BB1CB,1.0,SYNTHETIC_LABEL_ONLY,1,SOURCE_TITLE_GROUNDED,1.0,NOT_REAL_MODEL_CONFIDENCE,False
REC-A1BDED3CD7C0DF06,1.0,SYNTHETIC_LABEL_ONLY,1,SOURCE_TITLE_GROUNDED,1.0,NOT_REAL_MODEL_CONFIDENCE,False
REC-1F21F6A5832EC808,1.0,SYNTHETIC_LABEL_ONLY,1,SOURCE_TITLE_GROUNDED,1.0,NOT_REAL_MODEL_CONFIDENCE,False
REC-383B480E79574CCC,1.0,SYNTHETIC_LABEL_ONLY,1,SOURCE_TITLE_GROUNDED,1.0,NOT_REAL_MODEL_CONFIDENCE,False
REC-A30D7990EA483074,1.0,SYNTHETIC_LABEL_ONLY,1,SOURCE_TITLE_GROUNDED,1.0,NOT_REAL_MODEL_CONFIDENCE,False
REC-94D12F1F9918C7EA,1.0,SYNTHETIC_LABEL_ONLY,1,SOURCE_TITLE_GROUNDED,1.0,NOT_REAL_MODEL_CONFIDENCE,False
REC-4D6F1467030C910D,1.0,SYNTHETIC_LABEL_ONLY,1,SOURCE_TITLE_GROUNDED,1.0,NOT_REAL_MODEL_CONFIDENCE,False
REC-F307EC6A74C865D6,1.0,SYNTHETIC_LABEL_ONLY,1,SOURCE_TITLE_GROUNDED,1.0,NOT_REAL_MODEL_CONFIDENCE,False
REC-9B93533E1E8B6C2D,1.0,SYNTHETIC_LABEL_ONLY,1,SOURCE_TITLE_GROUNDED,1.0,NOT_REAL_MODEL_CONFIDENCE,False
REC-5DB4CC89AE9C01E1,1.0,SYNTHETIC_LABEL_ONLY,1,SOURCE_TITLE_GROUNDED,1.0,NOT_REAL_MODEL_CONFIDENCE,False
REC-F9AFE126D19E1013,1.0,SYNTHETIC_LABEL_ONLY,1,SOURCE_TITLE_GROUNDED,1.0,NOT_REAL_MODEL_CONFIDENCE,False
REC-9A625A774D170A37,1.0,SYNTHETIC_LABEL_ONLY,1,SOURCE_TITLE_GROUNDED,1.0,NOT_REAL_MODEL_CONFIDENCE,False
REC-B0C0B0430BD5B5E1,1.0,SYNTHETIC_LABEL_ONLY,1,SOURCE_TITLE_GROUNDED,1.0,NOT_REAL_MODEL_CONFIDENCE,False
REC-6A7C817056BA0AFF,1.0,SYNTHETIC_LABEL_ONLY,1,SOURCE_TITLE_GROUNDED,1.0,NOT_REAL_MODEL_CONFIDENCE,False
REC-EEFDCA24F49236A7,1.0,SYNTHETIC_LABEL_ONLY,1,SOURCE_TITLE_GROUNDED,1.0,NOT_REAL_MODEL_CONFIDENCE,False
REC-BD0A7A0E4269CC46,1.0,SYNTHETIC_LABEL_ONLY,1,SOURCE_TITLE_GROUNDED,1.0,NOT_REAL_MODEL_CONFIDENCE,False
REC-9B698DC0B01C9C71,1.0,SYNTHETIC_LABEL_ONLY,1,SOURCE_TITLE_GROUNDED,1.0,NOT_REAL_MODEL_CONFIDENCE,False
REC-1CFEE10BE3CE2CF4,1.0,SYNTHETIC_LABEL_ONLY,1,SOURCE_TITLE_GROUNDED,1.0,NOT_REAL_MODEL_CONFIDENCE,False
REC-3F42DE34A3C6BA7A,1.0,SYNTHETIC_LABEL_ONLY,1,SOURCE_TITLE_GROUNDED,1.0,NOT_REAL_MODEL_CONFIDENCE,False
REC-E2FB1608C7211956,1.0,SYNTHETIC_LABEL_ONLY,1,SOURCE_TITLE_GROUNDED,1.0,NOT_REAL_MODEL_CONFIDENCE,False
REC-5A57ED1C669DB40C,1.0,SYNTHETIC_LABEL_ONLY,1,SOURCE_TITLE_GROUNDED,1.0,NOT_REAL_MODEL_CONFIDENCE,False
REC-BA3A9B90D781B494,1.0,SYNTHETIC_LABEL_ONLY,1,SOURCE_TITLE_GROUNDED,1.0,NOT_REAL_MODEL_CONFIDENCE,False
REC-7E6564BFC2B1932A,1.0,SYNTHETIC_LABEL_ONLY,1,SOURCE_TITLE_GROUNDED,1.0,NOT_REAL_MODEL_CONFIDENCE,False
REC-E9D42D5EFF1FABF1,1.0,SYNTHETIC_LABEL_ONLY,1,SOURCE_TITLE_GROUNDED,1.0,NOT_REAL_MODEL_CONFIDENCE,False
REC-8DF5092079600FCE,1.0,SYNTHETIC_LABEL_ONLY,1,SOURCE_TITLE_GROUNDED,1.0,NOT_REAL_MODEL_CONFIDENCE,False
REC-BB628A4FB5402B3B,1.0,SYNTHETIC_LABEL_ONLY,1,SOURCE_TITLE_GROUNDED,1.0,NOT_REAL_MODEL_CONFIDENCE,False
REC-5FE4E1C737347F2A,1.0,SYNTHETIC_LABEL_ONLY,1,SOURCE_TITLE_GROUNDED,1.0,NOT_REAL_MODEL_CONFIDENCE,False
REC-F73706E27D96C0C4,1.0,SYNTHETIC_LABEL_ONLY,1,SOURCE_TITLE_GROUNDED,1.0,NOT_REAL_MODEL_CONFIDENCE,False
REC-D714B149A2B33326,1.0,SYNTHETIC_LABEL_ONLY,1,SOURCE_TITLE_GROUNDED,1.0,NOT_REAL_MODEL_CONFIDENCE,False
REC-79C12272BD1DFCDC,1.0,SYNTHETIC_LABEL_ONLY,1,SOURCE_TITLE_GROUNDED,1.0,NOT_REAL_MODEL_CONFIDENCE,False
REC-FAFECFD1A80B6813,1.0,SYNTHETIC_LABEL_ONLY,1,SOURCE_TITLE_GROUNDED,1.0,NOT_REAL_MODEL_CONFIDENCE,False
REC-BD4B17CD3FBE572E,1.0,SYNTHETIC_LABEL_ONLY,1,SOURCE_TITLE_GROUNDED,1.0,NOT_REAL_MODEL_CONFIDENCE,False
REC-D5C8FA6B3E3BCF60,1.0,SYNTHETIC_LABEL_ONLY,1,SOURCE_TITLE_GROUNDED,1.0,NOT_REAL_MODEL_CONFIDENCE,False
REC-072B81BEF65A2300,1.0,SYNTHETIC_LABEL_ONLY,1,SOURCE_TITLE_GROUNDED,1.0,NOT_REAL_MODEL_CONFIDENCE,False
REC-E6EA4368E63B8130,1.0,SYNTHETIC_LABEL_ONLY,1,SOURCE_TITLE_GROUNDED,1.0,NOT_REAL_MODEL_CONFIDENCE,False
REC-D5EF41417D252372,1.0,SYNTHETIC_LABEL_ONLY,1,SOURCE_TITLE_GROUNDED,1.0,NOT_REAL_MODEL_CONFIDENCE,False
REC-3C608F756933E1D6,1.0,SYNTHETIC_LABEL_ONLY,1,SOURCE_TITLE_GROUNDED,1.0,NOT_REAL_MODEL_CONFIDENCE,False
REC-A0068BAED575AB30,1.0,SYNTHETIC_LABEL_ONLY,1,SOURCE_TITLE_GROUNDED,1.0,NOT_REAL_MODEL_CONFIDENCE,False
REC-D3920F3A6F3523BD,1.0,SYNTHETIC_LABEL_ONLY,1,SOURCE_TITLE_GROUNDED,1.0,NOT_REAL_MODEL_CONFIDENCE,False
REC-C5048909C566DC1F,1.0,SYNTHETIC_LABEL_ONLY,1,SOURCE_TITLE_GROUNDED,1.0,NOT_REAL_MODEL_CONFIDENCE,False
REC-0FF914BD35B62B88,1.0,SYNTHETIC_LABEL_ONLY,1,SOURCE_TITLE_GROUNDED,1.0,NOT_REAL_MODEL_CONFIDENCE,False
REC-3C33C193660CF4E7,1.0,SYNTHETIC_LABEL_ONLY,1,SOURCE_TITLE_GROUNDED,1.0,NOT_REAL_MODEL_CONFIDENCE,False
REC-BCD5BEEC3D153904,1.0,SYNTHETIC_LABEL_ONLY,1,SOURCE_TITLE_GROUNDED,1.0,NOT_REAL_MODEL_CONFIDENCE,False
REC-0EE97B4850569831,1.0,SYNTHETIC_LABEL_ONLY,1,SOURCE_TITLE_GROUNDED,1.0,NOT_REAL_MODEL_CONFIDENCE,False
REC-CA21043E434D4215,1.0,SYNTHETIC_LABEL_ONLY,1,SOURCE_TITLE_GROUNDED,1.0,NOT_REAL_MODEL_CONFIDENCE,False
REC-B586DF823F03BDDB,1.0,SYNTHETIC_LABEL_ONLY,1,SOURCE_TITLE_GROUNDED,1.0,NOT_REAL_MODEL_CONFIDENCE,False
REC-26975FF1E966E9AA,1.0,SYNTHETIC_LABEL_ONLY,1,SOURCE_TITLE_GROUNDED,1.0,NOT_REAL_MODEL_CONFIDENCE,False
REC-A2AFA0FA8BB3030F,1.0,SYNTHETIC_LABEL_ONLY,1,SOURCE_TITLE_GROUNDED,1.0,NOT_REAL_MODEL_CONFIDENCE,False
REC-C6159D000DF4D33C,1.0,SYNTHETIC_LABEL_ONLY,1,SOURCE_TITLE_GROUNDED,1.0,NOT_REAL_MODEL_CONFIDENCE,False
REC-1BEFFAC23310D900,1.0,SYNTHETIC_LABEL_ONLY,1,SOURCE_TITLE_GROUNDED,1.0,NOT_REAL_MODEL_CONFIDENCE,False
REC-6896B42F210D2842,1.0,SYNTHETIC_LABEL_ONLY,1,SOURCE_TITLE_GROUNDED,1.0,NOT_REAL_MODEL_CONFIDENCE,False
REC-56DB51C86AB6CBD3,1.0,SYNTHETIC_LABEL_ONLY,1,SOURCE_TITLE_GROUNDED,1.0,NOT_REAL_MODEL_CONFIDENCE,False
REC-67E61ECD4215F458,1.0,SYNTHETIC_LABEL_ONLY,1,SOURCE_TITLE_GROUNDED,1.0,NOT_REAL_MODEL_CONFIDENCE,False
REC-CFB263C6A533F118,1.0,SYNTHETIC_LABEL_ONLY,1,SOURCE_TITLE_GROUNDED,1.0,NOT_REAL_MODEL_CONFIDENCE,False
REC-2914196D58814BFF,1.0,SYNTHETIC_LABEL_ONLY,1,SOURCE_TITLE_GROUNDED,1.0,NOT_REAL_MODEL_CONFIDENCE,False
REC-967093CD66A9D1D2,1.0,SYNTHETIC_LABEL_ONLY,1,SOURCE_TITLE_GROUNDED,1.0,NOT_REAL_MODEL_CONFIDENCE,False
REC-4013D1260C2E468A,1.0,SYNTHETIC_LABEL_ONLY,1,SOURCE_TITLE_GROUNDED,1.0,NOT_REAL_MODEL_CONFIDENCE,False
REC-467CADA948EC47B0,1.0,SYNTHETIC_LABEL_ONLY,1,SOURCE_TITLE_GROUNDED,1.0,NOT_REAL_MODEL_CONFIDENCE,False
REC-5325493D1B5DE73D,1.0,SYNTHETIC_LABEL_ONLY,1,SOURCE_TITLE_GROUNDED,1.0,NOT_REAL_MODEL_CONFIDENCE,False
REC-1182ECF137FECBEA,1.0,SYNTHETIC_LABEL_ONLY,1,SOURCE_TITLE_GROUNDED,1.0,NOT_REAL_MODEL_CONFIDENCE,False
REC-BDB3A2B34D6D52A5,1.0,SYNTHETIC_LABEL_ONLY,1,SOURCE_TITLE_GROUNDED,1.0,NOT_REAL_MODEL_CONFIDENCE,False
REC-D3F2AAB753C04408,1.0,SYNTHETIC_LABEL_ONLY,1,SOURCE_TITLE_GROUNDED,1.0,NOT_REAL_MODEL_CONFIDENCE,False
REC-770F56BA0BD20589,1.0,SYNTHETIC_LABEL_ONLY,1,SOURCE_TITLE_GROUNDED,1.0,NOT_REAL_MODEL_CONFIDENCE,False
REC-110499A02DACA13E,1.0,SYNTHETIC_LABEL_ONLY,1,SOURCE_TITLE_GROUNDED,1.0,NOT_REAL_MODEL_CONFIDENCE,False
REC-5E34B517291B446B,1.0,SYNTHETIC_LABEL_ONLY,1,SOURCE_TITLE_GROUNDED,1.0,NOT_REAL_MODEL_CONFIDENCE,False
REC-46027C078F67C161,1.0,SYNTHETIC_LABEL_ONLY,1,SOURCE_TITLE_GROUNDED,1.0,NOT_REAL_MODEL_CONFIDENCE,False
REC-338643EA5E7D7DD5,1.0,SYNTHETIC_LABEL_ONLY,1,SOURCE_TITLE_GROUNDED,1.0,NOT_REAL_MODEL_CONFIDENCE,False
REC-C338801B790BA07D,1.0,SYNTHETIC_LABEL_ONLY,1,SOURCE_TITLE_GROUNDED,1.0,NOT_REAL_MODEL_CONFIDENCE,False
REC-176B4246426CE91A,1.0,SYNTHETIC_LABEL_ONLY,1,SOURCE_TITLE_GROUNDED,1.0,NOT_REAL_MODEL_CONFIDENCE,False
REC-2F1E6E610ECD1C5A,1.0,SYNTHETIC_LABEL_ONLY,1,SOURCE_TITLE_GROUNDED,1.0,NOT_REAL_MODEL_CONFIDENCE,False
REC-EBFD2C21CB98D72D,1.0,SYNTHETIC_LABEL_ONLY,1,SOURCE_TITLE_GROUNDED,1.0,NOT_REAL_MODEL_CONFIDENCE,False
REC-82D9D5DBD9EC56A3,1.0,SYNTHETIC_LABEL_ONLY,1,SOURCE_TITLE_GROUNDED,1.0,NOT_REAL_MODEL_CONFIDENCE,False
REC-EFD9E2C425F2CFED,1.0,SYNTHETIC_LABEL_ONLY,1,SOURCE_TITLE_GROUNDED,1.0,NOT_REAL_MODEL_CONFIDENCE,False
REC-C72D0C2D202FEDB0,1.0,SYNTHETIC_LABEL_ONLY,1,SOURCE_TITLE_GROUNDED,1.0,NOT_REAL_MODEL_CONFIDENCE,False
REC-5633CB45DF1F6841,1.0,SYNTHETIC_LABEL_ONLY,1,SOURCE_TITLE_GROUNDED,1.0,NOT_REAL_MODEL_CONFIDENCE,False
REC-30011F5684EDE33E,1.0,SYNTHETIC_LABEL_ONLY,1,SOURCE_TITLE_GROUNDED,1.0,NOT_REAL_MODEL_CONFIDENCE,False
REC-925FDBE0FD86ACAF,1.0,SYNTHETIC_LABEL_ONLY,1,SOURCE_TITLE_GROUNDED,1.0,NOT_REAL_MODEL_CONFIDENCE,False
REC-7E2984662BCAE6A9,1.0,SYNTHETIC_LABEL_ONLY,1,SOURCE_TITLE_GROUNDED,1.0,NOT_REAL_MODEL_CONFIDENCE,False
REC-44236F0A9DD5673A,1.0,SYNTHETIC_LABEL_ONLY,1,SOURCE_TITLE_GROUNDED,1.0,NOT_REAL_MODEL_CONFIDENCE,False
REC-7C4441BC174D0A70,1.0,SYNTHETIC_LABEL_ONLY,1,SOURCE_TITLE_GROUNDED,1.0,NOT_REAL_MODEL_CONFIDENCE,False
REC-E3F1176422D2B62F,1.0,SYNTHETIC_LABEL_ONLY,1,SOURCE_TITLE_GROUNDED,1.0,NOT_REAL_MODEL_CONFIDENCE,False
REC-3AE763D9430C363A,1.0,SYNTHETIC_LABEL_ONLY,1,SOURCE_TITLE_GROUNDED,1.0,NOT_REAL_MODEL_CONFIDENCE,False
REC-61AFB52EAD610422,1.0,SYNTHETIC_LABEL_ONLY,1,SOURCE_TITLE_GROUNDED,1.0,NOT_REAL_MODEL_CONFIDENCE,False
REC-1880EC354165949F,1.0,SYNTHETIC_LABEL_ONLY,1,SOURCE_TITLE_GROUNDED,1.0,NOT_REAL_MODEL_CONFIDENCE,False
REC-846BC0DC4A4D4085,1.0,SYNTHETIC_LABEL_ONLY,1,SOURCE_TITLE_GROUNDED,1.0,NOT_REAL_MODEL_CONFIDENCE,False
REC-AC0D6FA256622EFF,1.0,SYNTHETIC_LABEL_ONLY,1,SOURCE_TITLE_GROUNDED,1.0,NOT_REAL_MODEL_CONFIDENCE,False
REC-7E0E7AAAD69C2944,1.0,SYNTHETIC_LABEL_ONLY,1,SOURCE_TITLE_GROUNDED,1.0,NOT_REAL_MODEL_CONFIDENCE,False
REC-5B23BE78CBC0355A,1.0,SYNTHETIC_LABEL_ONLY,1,SOURCE_TITLE_GROUNDED,1.0,NOT_REAL_MODEL_CONFIDENCE,False
REC-76B67C1124A35EF5,1.0,SYNTHETIC_LABEL_ONLY,1,SOURCE_TITLE_GROUNDED,1.0,NOT_REAL_MODEL_CONFIDENCE,False
REC-177601B823460CFD,1.0,SYNTHETIC_LABEL_ONLY,1,SOURCE_TITLE_GROUNDED,1.0,NOT_REAL_MODEL_CONFIDENCE,False
REC-BE1FE1EC5A3FB03F,1.0,SYNTHETIC_LABEL_ONLY,1,SOURCE_TITLE_GROUNDED,1.0,NOT_REAL_MODEL_CONFIDENCE,False
REC-EA273664CD70CDCB,1.0,SYNTHETIC_LABEL_ONLY,1,SOURCE_TITLE_GROUNDED,1.0,NOT_REAL_MODEL_CONFIDENCE,False
REC-9313E2FC040D719B,1.0,SYNTHETIC_LABEL_ONLY,1,SOURCE_TITLE_GROUNDED,1.0,NOT_REAL_MODEL_CONFIDENCE,False
REC-54F9E0339CDAB1EC,1.0,SYNTHETIC_LABEL_ONLY,1,SOURCE_TITLE_GROUNDED,1.0,NOT_REAL_MODEL_CONFIDENCE,False
REC-EFEFA5B819C44CC2,1.0,SYNTHETIC_LABEL_ONLY,1,SOURCE_TITLE_GROUNDED,1.0,NOT_REAL_MODEL_CONFIDENCE,False
REC-10F4BB52D493A30D,1.0,SYNTHETIC_LABEL_ONLY,1,SOURCE_TITLE_GROUNDED,1.0,NOT_REAL_MODEL_CONFIDENCE,False
REC-5CB32FC82922A082,1.0,SYNTHETIC_LABEL_ONLY,1,SOURCE_TITLE_GROUNDED,1.0,NOT_REAL_MODEL_CONFIDENCE,False
REC-DF89D17B56C1DB4E,1.0,SYNTHETIC_LABEL_ONLY,1,SOURCE_TITLE_GROUNDED,1.0,NOT_REAL_MODEL_CONFIDENCE,False
REC-001FB67E91DCCA6A,1.0,SYNTHETIC_LABEL_ONLY,1,SOURCE_TITLE_GROUNDED,1.0,NOT_REAL_MODEL_CONFIDENCE,False
REC-5D86EC9A56E69859,1.0,SYNTHETIC_LABEL_ONLY,1,SOURCE_TITLE_GROUNDED,1.0,NOT_REAL_MODEL_CONFIDENCE,False
REC-08F47F9ECC33BDBC,1.0,SYNTHETIC_LABEL_ONLY,1,SOURCE_TITLE_GROUNDED,1.0,NOT_REAL_MODEL_CONFIDENCE,False
REC-27BCF3EC3A328465,1.0,SYNTHETIC_LABEL_ONLY,1,SOURCE_TITLE_GROUNDED,1.0,NOT_REAL_MODEL_CONFIDENCE,False
REC-ED56B9EA1C928D8F,1.0,SYNTHETIC_LABEL_ONLY,1,SOURCE_TITLE_GROUNDED,1.0,NOT_REAL_MODEL_CONFIDENCE,False
REC-7329EECA72E1C104,1.0,SYNTHETIC_LABEL_ONLY,1,SOURCE_TITLE_GROUNDED,1.0,NOT_REAL_MODEL_CONFIDENCE,False
REC-362BA2E04153DAA3,1.0,SYNTHETIC_LABEL_ONLY,1,SOURCE_TITLE_GROUNDED,1.0,NOT_REAL_MODEL_CONFIDENCE,False
REC-3AF72ADF5890D22C,1.0,SYNTHETIC_LABEL_ONLY,1,SOURCE_TITLE_GROUNDED,1.0,NOT_REAL_MODEL_CONFIDENCE,False
REC-27CAA1EC65929380,1.0,SYNTHETIC_LABEL_ONLY,1,SOURCE_TITLE_GROUNDED,1.0,NOT_REAL_MODEL_CONFIDENCE,False
REC-CCEC728BDDA25F68,1.0,SYNTHETIC_LABEL_ONLY,1,SOURCE_TITLE_GROUNDED,1.0,NOT_REAL_MODEL_CONFIDENCE,False
REC-D97F58218EC9C045,1.0,SYNTHETIC_LABEL_ONLY,1,SOURCE_TITLE_GROUNDED,1.0,NOT_REAL_MODEL_CONFIDENCE,False
REC-E6FCB431D7DD7BBC,1.0,SYNTHETIC_LABEL_ONLY,1,SOURCE_TITLE_GROUNDED,1.0,NOT_REAL_MODEL_CONFIDENCE,False
REC-8A257AFE07836B98,1.0,SYNTHETIC_LABEL_ONLY,1,SOURCE_TITLE_GROUNDED,1.0,NOT_REAL_MODEL_CONFIDENCE,False
REC-847F72FA1B95355F,1.0,SYNTHETIC_LABEL_ONLY,1,SOURCE_TITLE_GROUNDED,1.0,NOT_REAL_MODEL_CONFIDENCE,False
REC-8AFA9A224BD2046D,1.0,SYNTHETIC_LABEL_ONLY,1,SOURCE_TITLE_GROUNDED,1.0,NOT_REAL_MODEL_CONFIDENCE,False
REC-05F59797DE7C2980,1.0,SYNTHETIC_LABEL_ONLY,1,SOURCE_TITLE_GROUNDED,1.0,NOT_REAL_MODEL_CONFIDENCE,False
REC-80B46B2C1ED69B6A,1.0,SYNTHETIC_LABEL_ONLY,1,SOURCE_TITLE_GROUNDED,1.0,NOT_REAL_MODEL_CONFIDENCE,False
REC-6A5100FFEBC054E1,1.0,SYNTHETIC_LABEL_ONLY,1,SOURCE_TITLE_GROUNDED,1.0,NOT_REAL_MODEL_CONFIDENCE,False
REC-91F01F054A2D2A70,1.0,SYNTHETIC_LABEL_ONLY,1,SOURCE_TITLE_GROUNDED,1.0,NOT_REAL_MODEL_CONFIDENCE,False
REC-6AACF6FEC5FE8891,1.0,SYNTHETIC_LABEL_ONLY,1,SOURCE_TITLE_GROUNDED,1.0,NOT_REAL_MODEL_CONFIDENCE,False
REC-9A15C64B6069D95F,1.0,SYNTHETIC_LABEL_ONLY,1,SOURCE_TITLE_GROUNDED,1.0,NOT_REAL_MODEL_CONFIDENCE,False
REC-A92BC9A3E20B71F4,1.0,SYNTHETIC_LABEL_ONLY,1,SOURCE_TITLE_GROUNDED,1.0,NOT_REAL_MODEL_CONFIDENCE,False
REC-6BBAA0E00717EB93,1.0,SYNTHETIC_LABEL_ONLY,1,SOURCE_TITLE_GROUNDED,1.0,NOT_REAL_MODEL_CONFIDENCE,False
REC-49EFAAABD410A4B6,1.0,SYNTHETIC_LABEL_ONLY,1,SOURCE_TITLE_GROUNDED,1.0,NOT_REAL_MODEL_CONFIDENCE,False
REC-B125BF5CD49AB2AF,1.0,SYNTHETIC_LABEL_ONLY,1,SOURCE_TITLE_GROUNDED,1.0,NOT_REAL_MODEL_CONFIDENCE,False
REC-29C74835846243E6,1.0,SYNTHETIC_LABEL_ONLY,1,SOURCE_TITLE_GROUNDED,1.0,NOT_REAL_MODEL_CONFIDENCE,False
REC-1C438D56D20B911C,1.0,SYNTHETIC_LABEL_ONLY,1,SOURCE_TITLE_GROUNDED,1.0,NOT_REAL_MODEL_CONFIDENCE,False
REC-DD06ACD5168F85AB,1.0,SYNTHETIC_LABEL_ONLY,1,SOURCE_TITLE_GROUNDED,1.0,NOT_REAL_MODEL_CONFIDENCE,False
REC-696839F248D2B504,1.0,SYNTHETIC_LABEL_ONLY,1,SOURCE_TITLE_GROUNDED,1.0,NOT_REAL_MODEL_CONFIDENCE,False
REC-0EEE43FB3B5AA815,1.0,SYNTHETIC_LABEL_ONLY,1,SOURCE_TITLE_GROUNDED,1.0,NOT_REAL_MODEL_CONFIDENCE,False
REC-E0F2BC0B1D63EE04,1.0,SYNTHETIC_LABEL_ONLY,1,SOURCE_TITLE_GROUNDED,1.0,NOT_REAL_MODEL_CONFIDENCE,False
REC-BB577C28E60B5663,1.0,SYNTHETIC_LABEL_ONLY,1,SOURCE_TITLE_GROUNDED,1.0,NOT_REAL_MODEL_CONFIDENCE,False
REC-8064DE11B037A69A,1.0,SYNTHETIC_LABEL_ONLY,1,SOURCE_TITLE_GROUNDED,1.0,NOT_REAL_MODEL_CONFIDENCE,False
REC-0F9066F85DF409CF,1.0,SYNTHETIC_LABEL_ONLY,1,SOURCE_TITLE_GROUNDED,1.0,NOT_REAL_MODEL_CONFIDENCE,False
REC-6096447969C63B32,1.0,SYNTHETIC_LABEL_ONLY,1,SOURCE_TITLE_GROUNDED,1.0,NOT_REAL_MODEL_CONFIDENCE,False
REC-BE6087F5715092C3,1.0,SYNTHETIC_LABEL_ONLY,1,SOURCE_TITLE_GROUNDED,1.0,NOT_REAL_MODEL_CONFIDENCE,False
REC-331FD2E589158CE1,1.0,SYNTHETIC_LABEL_ONLY,1,SOURCE_TITLE_GROUNDED,1.0,NOT_REAL_MODEL_CONFIDENCE,False
REC-5A58AF958DDFA57B,1.0,SYNTHETIC_LABEL_ONLY,1,SOURCE_TITLE_GROUNDED,1.0,NOT_REAL_MODEL_CONFIDENCE,False
REC-16820996ADB4F2F7,1.0,SYNTHETIC_LABEL_ONLY,1,SOURCE_TITLE_GROUNDED,1.0,NOT_REAL_MODEL_CONFIDENCE,False
REC-753391110B74CECD,1.0,SYNTHETIC_LABEL_ONLY,1,SOURCE_TITLE_GROUNDED,1.0,NOT_REAL_MODEL_CONFIDENCE,False
REC-077D7E3C842998CD,1.0,SYNTHETIC_LABEL_ONLY,1,SOURCE_TITLE_GROUNDED,1.0,NOT_REAL_MODEL_CONFIDENCE,False
REC-D91BB2BABC5773A8,1.0,SYNTHETIC_LABEL_ONLY,1,SOURCE_TITLE_GROUNDED,1.0,NOT_REAL_MODEL_CONFIDENCE,False
REC-F60E40A3CFB6CF48,1.0,SYNTHETIC_LABEL_ONLY,1,SOURCE_TITLE_GROUNDED,1.0,NOT_REAL_MODEL_CONFIDENCE,False
REC-460ED0B545972803,1.0,SYNTHETIC_LABEL_ONLY,1,SOURCE_TITLE_GROUNDED,1.0,NOT_REAL_MODEL_CONFIDENCE,False
REC-22C29FDCBD64156D,1.0,SYNTHETIC_LABEL_ONLY,1,SOURCE_TITLE_GROUNDED,1.0,NOT_REAL_MODEL_CONFIDENCE,False
REC-777FC6DAC5A98623,1.0,SYNTHETIC_LABEL_ONLY,1,SOURCE_TITLE_GROUNDED,1.0,NOT_REAL_MODEL_CONFIDENCE,False
REC-7F8A72E761D2D76B,1.0,SYNTHETIC_LABEL_ONLY,1,SOURCE_TITLE_GROUNDED,1.0,NOT_REAL_MODEL_CONFIDENCE,False
REC-5B3A5F8F25D78359,1.0,SYNTHETIC_LABEL_ONLY,1,SOURCE_TITLE_GROUNDED,1.0,NOT_REAL_MODEL_CONFIDENCE,False
REC-4650C268BF1B3E8B,1.0,SYNTHETIC_LABEL_ONLY,1,SOURCE_TITLE_GROUNDED,1.0,NOT_REAL_MODEL_CONFIDENCE,False
REC-7F61B3EA96893738,1.0,SYNTHETIC_LABEL_ONLY,1,SOURCE_TITLE_GROUNDED,1.0,NOT_REAL_MODEL_CONFIDENCE,False
REC-4E0EE27FB0AB66D1,1.0,SYNTHETIC_LABEL_ONLY,1,SOURCE_TITLE_GROUNDED,1.0,NOT_REAL_MODEL_CONFIDENCE,False
REC-B93973158A7908E5,1.0,SYNTHETIC_LABEL_ONLY,1,SOURCE_TITLE_GROUNDED,1.0,NOT_REAL_MODEL_CONFIDENCE,False
REC-6C87968F7502D0D4,1.0,SYNTHETIC_LABEL_ONLY,1,SOURCE_TITLE_GROUNDED,1.0,NOT_REAL_MODEL_CONFIDENCE,False
REC-AEA33AAFB7FF7C79,1.0,SYNTHETIC_LABEL_ONLY,1,SOURCE_TITLE_GROUNDED,1.0,NOT_REAL_MODEL_CONFIDENCE,False
REC-119CB5872F253308,1.0,SYNTHETIC_LABEL_ONLY,1,SOURCE_TITLE_GROUNDED,1.0,NOT_REAL_MODEL_CONFIDENCE,False
REC-E9AEAC86FA6541A1,1.0,SYNTHETIC_LABEL_ONLY,1,SOURCE_TITLE_GROUNDED,1.0,NOT_REAL_MODEL_CONFIDENCE,False
REC-A4E69DAB590F7868,1.0,SYNTHETIC_LABEL_ONLY,1,SOURCE_TITLE_GROUNDED,1.0,NOT_REAL_MODEL_CONFIDENCE,False
REC-8B08BFC164458ED5,1.0,SYNTHETIC_LABEL_ONLY,1,SOURCE_TITLE_GROUNDED,1.0,NOT_REAL_MODEL_CONFIDENCE,False
REC-ABA9BEB79235AA82,1.0,SYNTHETIC_LABEL_ONLY,1,SOURCE_TITLE_GROUNDED,1.0,NOT_REAL_MODEL_CONFIDENCE,False
REC-BD141A201FED62E5,1.0,SYNTHETIC_LABEL_ONLY,1,SOURCE_TITLE_GROUNDED,1.0,NOT_REAL_MODEL_CONFIDENCE,False
REC-E8095C519B6EA94A,1.0,SYNTHETIC_LABEL_ONLY,1,SOURCE_TITLE_GROUNDED,1.0,NOT_REAL_MODEL_CONFIDENCE,False
REC-1C497DC753EBF47D,1.0,SYNTHETIC_LABEL_ONLY,1,SOURCE_TITLE_GROUNDED,1.0,NOT_REAL_MODEL_CONFIDENCE,False
REC-ED452E5340A64F7A,1.0,SYNTHETIC_LABEL_ONLY,1,SOURCE_TITLE_GROUNDED,1.0,NOT_REAL_MODEL_CONFIDENCE,False
REC-C378CFC7562574CD,1.0,SYNTHETIC_LABEL_ONLY,1,SOURCE_TITLE_GROUNDED,1.0,NOT_REAL_MODEL_CONFIDENCE,False
REC-58FB103DD3802A22,1.0,SYNTHETIC_LABEL_ONLY,1,SOURCE_TITLE_GROUNDED,1.0,NOT_REAL_MODEL_CONFIDENCE,False
REC-FBCD820363712420,1.0,SYNTHETIC_LABEL_ONLY,1,SOURCE_TITLE_GROUNDED,1.0,NOT_REAL_MODEL_CONFIDENCE,False
REC-D97704E0EF67B727,1.0,SYNTHETIC_LABEL_ONLY,1,SOURCE_TITLE_GROUNDED,1.0,NOT_REAL_MODEL_CONFIDENCE,False
REC-CAA5C1ECF0644EB8,1.0,SYNTHETIC_LABEL_ONLY,1,SOURCE_TITLE_GROUNDED,1.0,NOT_REAL_MODEL_CONFIDENCE,False
REC-7342D27BDF3212A7,1.0,SYNTHETIC_LABEL_ONLY,1,SOURCE_TITLE_GROUNDED,1.0,NOT_REAL_MODEL_CONFIDENCE,False
REC-26BE2FCEFBC2894F,1.0,SYNTHETIC_LABEL_ONLY,1,SOURCE_TITLE_GROUNDED,1.0,NOT_REAL_MODEL_CONFIDENCE,False
REC-1A8C83B586F32794,1.0,SYNTHETIC_LABEL_ONLY,1,SOURCE_TITLE_GROUNDED,1.0,NOT_REAL_MODEL_CONFIDENCE,False
REC-6EF524CF73B81F78,1.0,SYNTHETIC_LABEL_ONLY,1,SOURCE_TITLE_GROUNDED,1.0,NOT_REAL_MODEL_CONFIDENCE,False
REC-9BED895C0EAE964D,1.0,SYNTHETIC_LABEL_ONLY,1,SOURCE_TITLE_GROUNDED,1.0,NOT_REAL_MODEL_CONFIDENCE,False
REC-0FBE2A57A43DFE40,1.0,SYNTHETIC_LABEL_ONLY,1,SOURCE_TITLE_GROUNDED,1.0,NOT_REAL_MODEL_CONFIDENCE,False
REC-A6528EA2D38EB81B,1.0,SYNTHETIC_LABEL_ONLY,1,SOURCE_TITLE_GROUNDED,1.0,NOT_REAL_MODEL_CONFIDENCE,False
REC-6431469514FA8A6B,1.0,SYNTHETIC_LABEL_ONLY,1,SOURCE_TITLE_GROUNDED,1.0,NOT_REAL_MODEL_CONFIDENCE,False
REC-574B42D43B1AB280,1.0,SYNTHETIC_LABEL_ONLY,1,SOURCE_TITLE_GROUNDED,1.0,NOT_REAL_MODEL_CONFIDENCE,False
REC-5826C5C895261B75,1.0,SYNTHETIC_LABEL_ONLY,1,SOURCE_TITLE_GROUNDED,1.0,NOT_REAL_MODEL_CONFIDENCE,False
REC-B3EBCC308F475B51,1.0,SYNTHETIC_LABEL_ONLY,1,SOURCE_TITLE_GROUNDED,1.0,NOT_REAL_MODEL_CONFIDENCE,False
REC-02A297C51FA41290,1.0,SYNTHETIC_LABEL_ONLY,1,SOURCE_TITLE_GROUNDED,1.0,NOT_REAL_MODEL_CONFIDENCE,False
REC-B62F9C93DD187DBC,1.0,SYNTHETIC_LABEL_ONLY,1,SOURCE_TITLE_GROUNDED,1.0,NOT_REAL_MODEL_CONFIDENCE,False
REC-398158CFB49A4C94,1.0,SYNTHETIC_LABEL_ONLY,1,SOURCE_TITLE_GROUNDED,1.0,NOT_REAL_MODEL_CONFIDENCE,False
REC-C9E26382CCB0BDA9,1.0,SYNTHETIC_LABEL_ONLY,1,SOURCE_TITLE_GROUNDED,1.0,NOT_REAL_MODEL_CONFIDENCE,False
REC-8F51E8AB580EB5FD,1.0,SYNTHETIC_LABEL_ONLY,1,SOURCE_TITLE_GROUNDED,1.0,NOT_REAL_MODEL_CONFIDENCE,False
REC-FB8F10BE790E2CAF,1.0,SYNTHETIC_LABEL_ONLY,1,SOURCE_TITLE_GROUNDED,1.0,NOT_REAL_MODEL_CONFIDENCE,False
REC-B5C9F4CF566CEF4B,1.0,SYNTHETIC_LABEL_ONLY,1,SOURCE_TITLE_GROUNDED,1.0,NOT_REAL_MODEL_CONFIDENCE,False
REC-3BF09030C29CD08B,1.0,SYNTHETIC_LABEL_ONLY,1,SOURCE_TITLE_GROUNDED,1.0,NOT_REAL_MODEL_CONFIDENCE,False
REC-91AFC4867BB8CB22,1.0,SYNTHETIC_LABEL_ONLY,1,SOURCE_TITLE_GROUNDED,1.0,NOT_REAL_MODEL_CONFIDENCE,False
REC-87B9586A87620C42,1.0,SYNTHETIC_LABEL_ONLY,1,SOURCE_TITLE_GROUNDED,1.0,NOT_REAL_MODEL_CONFIDENCE,False
REC-1ABFA8D2EFA7BD62,1.0,SYNTHETIC_LABEL_ONLY,1,SOURCE_TITLE_GROUNDED,1.0,NOT_REAL_MODEL_CONFIDENCE,False
REC-4EC2E8F664FB5E34,1.0,SYNTHETIC_LABEL_ONLY,1,SOURCE_TITLE_GROUNDED,1.0,NOT_REAL_MODEL_CONFIDENCE,False
REC-07DB254089E98373,1.0,SYNTHETIC_LABEL_ONLY,1,SOURCE_TITLE_GROUNDED,1.0,NOT_REAL_MODEL_CONFIDENCE,False
REC-9CA0A3F6297984BB,1.0,SYNTHETIC_LABEL_ONLY,1,SOURCE_TITLE_GROUNDED,1.0,NOT_REAL_MODEL_CONFIDENCE,False
REC-1150F67F728258D9,1.0,SYNTHETIC_LABEL_ONLY,1,SOURCE_TITLE_GROUNDED,1.0,NOT_REAL_MODEL_CONFIDENCE,False
REC-4085019A22AD0CBC,1.0,SYNTHETIC_LABEL_ONLY,1,SOURCE_TITLE_GROUNDED,1.0,NOT_REAL_MODEL_CONFIDENCE,False
REC-67C1547B6EF03089,1.0,SYNTHETIC_LABEL_ONLY,1,SOURCE_TITLE_GROUNDED,1.0,NOT_REAL_MODEL_CONFIDENCE,False
REC-368DFE9181DB525F,1.0,SYNTHETIC_LABEL_ONLY,1,SOURCE_TITLE_GROUNDED,1.0,NOT_REAL_MODEL_CONFIDENCE,False
REC-8C792B509D248A8B,1.0,SYNTHETIC_LABEL_ONLY,1,SOURCE_TITLE_GROUNDED,1.0,NOT_REAL_MODEL_CONFIDENCE,False
REC-3FF4EC9E534887C4,1.0,SYNTHETIC_LABEL_ONLY,1,SOURCE_TITLE_GROUNDED,1.0,NOT_REAL_MODEL_CONFIDENCE,False
REC-EB4E4DCCDC7DDC7F,1.0,SYNTHETIC_LABEL_ONLY,1,SOURCE_TITLE_GROUNDED,1.0,NOT_REAL_MODEL_CONFIDENCE,False
REC-19BEDB2304109F8D,1.0,SYNTHETIC_LABEL_ONLY,1,SOURCE_TITLE_GROUNDED,1.0,NOT_REAL_MODEL_CONFIDENCE,False
REC-F9A20B10E6955743,1.0,SYNTHETIC_LABEL_ONLY,1,SOURCE_TITLE_GROUNDED,1.0,NOT_REAL_MODEL_CONFIDENCE,False
REC-6994592C8C8F35D9,1.0,SYNTHETIC_LABEL_ONLY,1,SOURCE_TITLE_GROUNDED,1.0,NOT_REAL_MODEL_CONFIDENCE,False
REC-49D5870216010042,1.0,SYNTHETIC_LABEL_ONLY,1,SOURCE_TITLE_GROUNDED,1.0,NOT_REAL_MODEL_CONFIDENCE,False
REC-6F4927BF947FA221,1.0,SYNTHETIC_LABEL_ONLY,1,SOURCE_TITLE_GROUNDED,1.0,NOT_REAL_MODEL_CONFIDENCE,False
REC-C47170EBD0D10C40,1.0,SYNTHETIC_LABEL_ONLY,1,SOURCE_TITLE_GROUNDED,1.0,NOT_REAL_MODEL_CONFIDENCE,False
REC-CFB7ADDF33E18199,1.0,SYNTHETIC_LABEL_ONLY,1,SOURCE_TITLE_GROUNDED,1.0,NOT_REAL_MODEL_CONFIDENCE,False
REC-892A9FC2DE4B97FD,1.0,SYNTHETIC_LABEL_ONLY,1,SOURCE_TITLE_GROUNDED,1.0,NOT_REAL_MODEL_CONFIDENCE,False
REC-F97D67E237AD142B,1.0,SYNTHETIC_LABEL_ONLY,1,SOURCE_TITLE_GROUNDED,1.0,NOT_REAL_MODEL_CONFIDENCE,False
REC-C72EF5112D59EBE1,1.0,SYNTHETIC_LABEL_ONLY,1,SOURCE_TITLE_GROUNDED,1.0,NOT_REAL_MODEL_CONFIDENCE,False
REC-576C886F4B4B912A,1.0,SYNTHETIC_LABEL_ONLY,1,SOURCE_TITLE_GROUNDED,1.0,NOT_REAL_MODEL_CONFIDENCE,False
REC-A31DB4BAFF084933,1.0,SYNTHETIC_LABEL_ONLY,1,SOURCE_TITLE_GROUNDED,1.0,NOT_REAL_MODEL_CONFIDENCE,False
REC-E981510DDE6C12AF,1.0,SYNTHETIC_LABEL_ONLY,1,SOURCE_TITLE_GROUNDED,1.0,NOT_REAL_MODEL_CONFIDENCE,False
REC-7CCAD63D40E4D10B,1.0,SYNTHETIC_LABEL_ONLY,1,SOURCE_TITLE_GROUNDED,1.0,NOT_REAL_MODEL_CONFIDENCE,False
REC-58CFE704B859A90C,1.0,SYNTHETIC_LABEL_ONLY,1,SOURCE_TITLE_GROUNDED,1.0,NOT_REAL_MODEL_CONFIDENCE,False
REC-D672DAE07A565A7A,1.0,SYNTHETIC_LABEL_ONLY,1,SOURCE_TITLE_GROUNDED,1.0,NOT_REAL_MODEL_CONFIDENCE,False
REC-CE01FA42D1FD930C,1.0,SYNTHETIC_LABEL_ONLY,1,SOURCE_TITLE_GROUNDED,1.0,NOT_REAL_MODEL_CONFIDENCE,False
REC-3B4B78340CEAB4EC,1.0,SYNTHETIC_LABEL_ONLY,1,SOURCE_TITLE_GROUNDED,1.0,NOT_REAL_MODEL_CONFIDENCE,False
REC-0410F1EC1A136D25,1.0,SYNTHETIC_LABEL_ONLY,1,SOURCE_TITLE_GROUNDED,1.0,NOT_REAL_MODEL_CONFIDENCE,False
REC-3F0D47BD764774D0,1.0,SYNTHETIC_LABEL_ONLY,1,SOURCE_TITLE_GROUNDED,1.0,NOT_REAL_MODEL_CONFIDENCE,False
REC-B8652E994B09C922,1.0,SYNTHETIC_LABEL_ONLY,1,SOURCE_TITLE_GROUNDED,1.0,NOT_REAL_MODEL_CONFIDENCE,False
REC-E681A5A913EEA0B6,1.0,SYNTHETIC_LABEL_ONLY,1,SOURCE_TITLE_GROUNDED,1.0,NOT_REAL_MODEL_CONFIDENCE,False
REC-7248E320F600367A,1.0,SYNTHETIC_LABEL_ONLY,1,SOURCE_TITLE_GROUNDED,1.0,NOT_REAL_MODEL_CONFIDENCE,False
REC-2231F8931C9D903A,1.0,SYNTHETIC_LABEL_ONLY,1,SOURCE_TITLE_GROUNDED,1.0,NOT_REAL_MODEL_CONFIDENCE,False
REC-33AE2B540B7E2062,1.0,SYNTHETIC_LABEL_ONLY,1,SOURCE_TITLE_GROUNDED,1.0,NOT_REAL_MODEL_CONFIDENCE,False
REC-596859E692A26CD3,1.0,SYNTHETIC_LABEL_ONLY,1,SOURCE_TITLE_GROUNDED,1.0,NOT_REAL_MODEL_CONFIDENCE,False
REC-400A738BCDF2FD05,1.0,SYNTHETIC_LABEL_ONLY,1,SOURCE_TITLE_GROUNDED,1.0,NOT_REAL_MODEL_CONFIDENCE,False
REC-C82321DED2B7FB9E,1.0,SYNTHETIC_LABEL_ONLY,1,SOURCE_TITLE_GROUNDED,1.0,NOT_REAL_MODEL_CONFIDENCE,False
REC-23EBC55DD6087B79,1.0,SYNTHETIC_LABEL_ONLY,1,SOURCE_TITLE_GROUNDED,1.0,NOT_REAL_MODEL_CONFIDENCE,False
REC-32005F0C57B784CF,1.0,SYNTHETIC_LABEL_ONLY,1,SOURCE_TITLE_GROUNDED,1.0,NOT_REAL_MODEL_CONFIDENCE,False
REC-70CA6E62E3F37901,1.0,SYNTHETIC_LABEL_ONLY,1,SOURCE_TITLE_GROUNDED,1.0,NOT_REAL_MODEL_CONFIDENCE,False
REC-35A200FF24813BCC,1.0,SYNTHETIC_LABEL_ONLY,1,SOURCE_TITLE_GROUNDED,1.0,NOT_REAL_MODEL_CONFIDENCE,False
REC-C1D97403F54F56ED,1.0,SYNTHETIC_LABEL_ONLY,1,SOURCE_TITLE_GROUNDED,1.0,NOT_REAL_MODEL_CONFIDENCE,False
REC-CA72EBC206398335,1.0,SYNTHETIC_LABEL_ONLY,1,SOURCE_TITLE_GROUNDED,1.0,NOT_REAL_MODEL_CONFIDENCE,False
REC-C93692ACEE02A7C5,1.0,SYNTHETIC_LABEL_ONLY,1,SOURCE_TITLE_GROUNDED,1.0,NOT_REAL_MODEL_CONFIDENCE,False
REC-800C68719ED06279,1.0,SYNTHETIC_LABEL_ONLY,1,SOURCE_TITLE_GROUNDED,1.0,NOT_REAL_MODEL_CONFIDENCE,False
REC-D139F59BE6C9690E,1.0,SYNTHETIC_LABEL_ONLY,1,SOURCE_TITLE_GROUNDED,1.0,NOT_REAL_MODEL_CONFIDENCE,False
REC-BBC33A8BE9BB65E9,1.0,SYNTHETIC_LABEL_ONLY,1,SOURCE_TITLE_GROUNDED,1.0,NOT_REAL_MODEL_CONFIDENCE,False
REC-723464632DA3CE51,1.0,SYNTHETIC_LABEL_ONLY,1,SOURCE_TITLE_GROUNDED,1.0,NOT_REAL_MODEL_CONFIDENCE,False
REC-691C47F1D4389596,1.0,SYNTHETIC_LABEL_ONLY,1,SOURCE_TITLE_GROUNDED,1.0,NOT_REAL_MODEL_CONFIDENCE,False
REC-6225B0F1AD6D0BBE,1.0,SYNTHETIC_LABEL_ONLY,1,SOURCE_TITLE_GROUNDED,1.0,NOT_REAL_MODEL_CONFIDENCE,False
REC-68CD4876EB75E263,1.0,SYNTHETIC_LABEL_ONLY,1,SOURCE_TITLE_GROUNDED,1.0,NOT_REAL_MODEL_CONFIDENCE,False
REC-204A3D48E4F9EFA2,1.0,SYNTHETIC_LABEL_ONLY,1,SOURCE_TITLE_GROUNDED,1.0,NOT_REAL_MODEL_CONFIDENCE,False
REC-34B0C8197D60629F,1.0,SYNTHETIC_LABEL_ONLY,1,SOURCE_TITLE_GROUNDED,1.0,NOT_REAL_MODEL_CONFIDENCE,False
REC-4C2C1AE578AC8C5E,1.0,SYNTHETIC_LABEL_ONLY,1,SOURCE_TITLE_GROUNDED,1.0,NOT_REAL_MODEL_CONFIDENCE,False
REC-8E414C62612E950E,1.0,SYNTHETIC_LABEL_ONLY,1,SOURCE_TITLE_GROUNDED,1.0,NOT_REAL_MODEL_CONFIDENCE,False
REC-850AEC9587F287BD,1.0,SYNTHETIC_LABEL_ONLY,1,SOURCE_TITLE_GROUNDED,1.0,NOT_REAL_MODEL_CONFIDENCE,False
REC-58D4A11119D4CDC8,1.0,SYNTHETIC_LABEL_ONLY,1,SOURCE_TITLE_GROUNDED,1.0,NOT_REAL_MODEL_CONFIDENCE,False
REC-D22057389CAD4AE9,1.0,SYNTHETIC_LABEL_ONLY,1,SOURCE_TITLE_GROUNDED,1.0,NOT_REAL_MODEL_CONFIDENCE,False
REC-3C560401C4FB4219,1.0,SYNTHETIC_LABEL_ONLY,1,SOURCE_TITLE_GROUNDED,1.0,NOT_REAL_MODEL_CONFIDENCE,False
REC-315E57A727C85E56,1.0,SYNTHETIC_LABEL_ONLY,1,SOURCE_TITLE_GROUNDED,1.0,NOT_REAL_MODEL_CONFIDENCE,False
REC-40FA8254A65DD548,1.0,SYNTHETIC_LABEL_ONLY,1,SOURCE_TITLE_GROUNDED,1.0,NOT_REAL_MODEL_CONFIDENCE,False
REC-0C3F8527A9C6F85D,1.0,SYNTHETIC_LABEL_ONLY,1,SOURCE_TITLE_GROUNDED,1.0,NOT_REAL_MODEL_CONFIDENCE,False
REC-8F522F238D8AB79A,1.0,SYNTHETIC_LABEL_ONLY,1,SOURCE_TITLE_GROUNDED,1.0,NOT_REAL_MODEL_CONFIDENCE,False
REC-D3F98AE6B301A1A3,1.0,SYNTHETIC_LABEL_ONLY,1,SOURCE_TITLE_GROUNDED,1.0,NOT_REAL_MODEL_CONFIDENCE,False
REC-105399E74382919E,1.0,SYNTHETIC_LABEL_ONLY,1,SOURCE_TITLE_GROUNDED,1.0,NOT_REAL_MODEL_CONFIDENCE,False
REC-DD98B9ED15D2623B,1.0,SYNTHETIC_LABEL_ONLY,1,SOURCE_TITLE_GROUNDED,1.0,NOT_REAL_MODEL_CONFIDENCE,False
REC-48D369EF7C5B5D87,1.0,SYNTHETIC_LABEL_ONLY,1,SOURCE_TITLE_GROUNDED,1.0,NOT_REAL_MODEL_CONFIDENCE,False
REC-A1EC090E06AB05A4,1.0,SYNTHETIC_LABEL_ONLY,1,SOURCE_TITLE_GROUNDED,1.0,NOT_REAL_MODEL_CONFIDENCE,False
REC-9F0DBE22CB0F8C36,1.0,SYNTHETIC_LABEL_ONLY,1,SOURCE_TITLE_GROUNDED,1.0,NOT_REAL_MODEL_CONFIDENCE,False
REC-71A4108C88525201,1.0,SYNTHETIC_LABEL_ONLY,1,SOURCE_TITLE_GROUNDED,1.0,NOT_REAL_MODEL_CONFIDENCE,False
REC-DFA45B37FED40603,1.0,SYNTHETIC_LABEL_ONLY,1,SOURCE_TITLE_GROUNDED,1.0,NOT_REAL_MODEL_CONFIDENCE,False
REC-B8E872338E038F3F,1.0,SYNTHETIC_LABEL_ONLY,1,SOURCE_TITLE_GROUNDED,1.0,NOT_REAL_MODEL_CONFIDENCE,False
REC-857B24363EBAE665,1.0,SYNTHETIC_LABEL_ONLY,1,SOURCE_TITLE_GROUNDED,1.0,NOT_REAL_MODEL_CONFIDENCE,False
REC-E6C33613D6B335EA,1.0,SYNTHETIC_LABEL_ONLY,1,SOURCE_TITLE_GROUNDED,1.0,NOT_REAL_MODEL_CONFIDENCE,False
REC-7332BBBB63B92267,1.0,SYNTHETIC_LABEL_ONLY,1,SOURCE_TITLE_GROUNDED,1.0,NOT_REAL_MODEL_CONFIDENCE,False
REC-FEEE4F30FCB279AE,1.0,SYNTHETIC_LABEL_ONLY,1,SOURCE_TITLE_GROUNDED,1.0,NOT_REAL_MODEL_CONFIDENCE,False
REC-A7848588766FE9AC,1.0,SYNTHETIC_LABEL_ONLY,1,SOURCE_TITLE_GROUNDED,1.0,NOT_REAL_MODEL_CONFIDENCE,False
REC-662304B9DAE08FF5,1.0,SYNTHETIC_LABEL_ONLY,1,SOURCE_TITLE_GROUNDED,1.0,NOT_REAL_MODEL_CONFIDENCE,False
REC-D2881C5C0759D812,1.0,SYNTHETIC_LABEL_ONLY,1,SOURCE_TITLE_GROUNDED,1.0,NOT_REAL_MODEL_CONFIDENCE,False
REC-EBAFA948D2653D20,1.0,SYNTHETIC_LABEL_ONLY,1,SOURCE_TITLE_GROUNDED,1.0,NOT_REAL_MODEL_CONFIDENCE,False
REC-4379DCC91102C9E3,1.0,SYNTHETIC_LABEL_ONLY,1,SOURCE_TITLE_GROUNDED,1.0,NOT_REAL_MODEL_CONFIDENCE,False
REC-9F12CC0D8F8F88A4,1.0,SYNTHETIC_LABEL_ONLY,1,SOURCE_TITLE_GROUNDED,1.0,NOT_REAL_MODEL_CONFIDENCE,False
REC-F7BBD3F890F6FA51,1.0,SYNTHETIC_LABEL_ONLY,1,SOURCE_TITLE_GROUNDED,1.0,NOT_REAL_MODEL_CONFIDENCE,False
REC-4558786891BB88BE,1.0,SYNTHETIC_LABEL_ONLY,1,SOURCE_TITLE_GROUNDED,1.0,NOT_REAL_MODEL_CONFIDENCE,False
REC-39A868379A9187DC,1.0,SYNTHETIC_LABEL_ONLY,1,SOURCE_TITLE_GROUNDED,1.0,NOT_REAL_MODEL_CONFIDENCE,False
REC-488204C320E10CD5,1.0,SYNTHETIC_LABEL_ONLY,1,SOURCE_TITLE_GROUNDED,1.0,NOT_REAL_MODEL_CONFIDENCE,False
REC-9C3C24B150C14845,1.0,SYNTHETIC_LABEL_ONLY,1,SOURCE_TITLE_GROUNDED,1.0,NOT_REAL_MODEL_CONFIDENCE,False
REC-A386DB8D4D41C7FC,1.0,SYNTHETIC_LABEL_ONLY,1,SOURCE_TITLE_GROUNDED,1.0,NOT_REAL_MODEL_CONFIDENCE,False
REC-8B7F210DB4CB2B96,1.0,SYNTHETIC_LABEL_ONLY,1,SOURCE_TITLE_GROUNDED,1.0,NOT_REAL_MODEL_CONFIDENCE,False
REC-1919BCFE7EF8537E,1.0,SYNTHETIC_LABEL_ONLY,1,SOURCE_TITLE_GROUNDED,1.0,NOT_REAL_MODEL_CONFIDENCE,False
REC-21B4B4A2EC47B1C7,1.0,SYNTHETIC_LABEL_ONLY,1,SOURCE_TITLE_GROUNDED,1.0,NOT_REAL_MODEL_CONFIDENCE,False
REC-0FB34952F8516DB6,1.0,SYNTHETIC_LABEL_ONLY,1,SOURCE_TITLE_GROUNDED,1.0,NOT_REAL_MODEL_CONFIDENCE,False
REC-3CAAEDFAAA912C7E,1.0,SYNTHETIC_LABEL_ONLY,1,SOURCE_TITLE_GROUNDED,1.0,NOT_REAL_MODEL_CONFIDENCE,False
REC-F4FCB2B6174FEEFE,1.0,SYNTHETIC_LABEL_ONLY,1,SOURCE_TITLE_GROUNDED,1.0,NOT_REAL_MODEL_CONFIDENCE,False
REC-D92449B0E1702545,1.0,SYNTHETIC_LABEL_ONLY,1,SOURCE_TITLE_GROUNDED,1.0,NOT_REAL_MODEL_CONFIDENCE,False
REC-9F122BBF7053DDE1,1.0,SYNTHETIC_LABEL_ONLY,1,SOURCE_TITLE_GROUNDED,1.0,NOT_REAL_MODEL_CONFIDENCE,False
REC-3D0C603091741BF7,1.0,SYNTHETIC_LABEL_ONLY,1,SOURCE_TITLE_GROUNDED,1.0,NOT_REAL_MODEL_CONFIDENCE,False
REC-570C20A879171CBB,1.0,SYNTHETIC_LABEL_ONLY,1,SOURCE_TITLE_GROUNDED,1.0,NOT_REAL_MODEL_CONFIDENCE,False
REC-BA272B9AB98DE0AE,1.0,SYNTHETIC_LABEL_ONLY,1,SOURCE_TITLE_GROUNDED,1.0,NOT_REAL_MODEL_CONFIDENCE,False
REC-2C478AF9270FCC0D,1.0,SYNTHETIC_LABEL_ONLY,1,SOURCE_TITLE_GROUNDED,1.0,NOT_REAL_MODEL_CONFIDENCE,False
REC-DE01009807579B37,1.0,SYNTHETIC_LABEL_ONLY,1,SOURCE_TITLE_GROUNDED,1.0,NOT_REAL_MODEL_CONFIDENCE,False
REC-3BE978C405408F32,1.0,SYNTHETIC_LABEL_ONLY,1,SOURCE_TITLE_GROUNDED,1.0,NOT_REAL_MODEL_CONFIDENCE,False
REC-45A139D15E70D45A,1.0,SYNTHETIC_LABEL_ONLY,1,SOURCE_TITLE_GROUNDED,1.0,NOT_REAL_MODEL_CONFIDENCE,False
REC-C001455D7A837117,1.0,SYNTHETIC_LABEL_ONLY,1,SOURCE_TITLE_GROUNDED,1.0,NOT_REAL_MODEL_CONFIDENCE,False
REC-E50A04B5C7927348,1.0,SYNTHETIC_LABEL_ONLY,1,SOURCE_TITLE_GROUNDED,1.0,NOT_REAL_MODEL_CONFIDENCE,False
REC-3EAA22325A21ED30,1.0,SYNTHETIC_LABEL_ONLY,1,SOURCE_TITLE_GROUNDED,1.0,NOT_REAL_MODEL_CONFIDENCE,False
REC-B9B26661ED25E8BB,1.0,SYNTHETIC_LABEL_ONLY,1,SOURCE_TITLE_GROUNDED,1.0,NOT_REAL_MODEL_CONFIDENCE,False
REC-542190A138C57E10,1.0,SYNTHETIC_LABEL_ONLY,1,SOURCE_TITLE_GROUNDED,1.0,NOT_REAL_MODEL_CONFIDENCE,False
REC-CB2726638F4B20B8,1.0,SYNTHETIC_LABEL_ONLY,1,SOURCE_TITLE_GROUNDED,1.0,NOT_REAL_MODEL_CONFIDENCE,False
REC-49214541619F8C4C,1.0,SYNTHETIC_LABEL_ONLY,1,SOURCE_TITLE_GROUNDED,1.0,NOT_REAL_MODEL_CONFIDENCE,False
REC-213D118F96A00AE3,1.0,SYNTHETIC_LABEL_ONLY,1,SOURCE_TITLE_GROUNDED,1.0,NOT_REAL_MODEL_CONFIDENCE,False
REC-A9AAF51E1712195D,1.0,SYNTHETIC_LABEL_ONLY,1,SOURCE_TITLE_GROUNDED,1.0,NOT_REAL_MODEL_CONFIDENCE,False
REC-EF7D4A0B51C227F7,1.0,SYNTHETIC_LABEL_ONLY,1,SOURCE_TITLE_GROUNDED,1.0,NOT_REAL_MODEL_CONFIDENCE,False
REC-C1A339D1189A2808,1.0,SYNTHETIC_LABEL_ONLY,1,SOURCE_TITLE_GROUNDED,1.0,NOT_REAL_MODEL_CONFIDENCE,False
REC-8C7217A969EB1780,1.0,SYNTHETIC_LABEL_ONLY,1,SOURCE_TITLE_GROUNDED,1.0,NOT_REAL_MODEL_CONFIDENCE,False
REC-CFCBF7F17B7B5689,1.0,SYNTHETIC_LABEL_ONLY,1,SOURCE_TITLE_GROUNDED,1.0,NOT_REAL_MODEL_CONFIDENCE,False
REC-E150EE57605973C4,1.0,SYNTHETIC_LABEL_ONLY,1,SOURCE_TITLE_GROUNDED,1.0,NOT_REAL_MODEL_CONFIDENCE,False
REC-BA4CE36EE76CB39F,1.0,SYNTHETIC_LABEL_ONLY,1,SOURCE_TITLE_GROUNDED,1.0,NOT_REAL_MODEL_CONFIDENCE,False
REC-57EFF1936489DB4D,1.0,SYNTHETIC_LABEL_ONLY,1,SOURCE_TITLE_GROUNDED,1.0,NOT_REAL_MODEL_CONFIDENCE,False
REC-AC66BC0F0692C081,1.0,SYNTHETIC_LABEL_ONLY,1,SOURCE_TITLE_GROUNDED,1.0,NOT_REAL_MODEL_CONFIDENCE,False
REC-FA97921019168912,1.0,SYNTHETIC_LABEL_ONLY,1,SOURCE_TITLE_GROUNDED,1.0,NOT_REAL_MODEL_CONFIDENCE,False
REC-BB1CFB1976CD2FF0,1.0,SYNTHETIC_LABEL_ONLY,1,SOURCE_TITLE_GROUNDED,1.0,NOT_REAL_MODEL_CONFIDENCE,False
REC-8BCD806DB7596416,1.0,SYNTHETIC_LABEL_ONLY,1,SOURCE_TITLE_GROUNDED,1.0,NOT_REAL_MODEL_CONFIDENCE,False
REC-0573271062BD917C,1.0,SYNTHETIC_LABEL_ONLY,1,SOURCE_TITLE_GROUNDED,1.0,NOT_REAL_MODEL_CONFIDENCE,False
REC-779350A4B40C1EB6,1.0,SYNTHETIC_LABEL_ONLY,1,SOURCE_TITLE_GROUNDED,1.0,NOT_REAL_MODEL_CONFIDENCE,False
REC-A8E664D736C6235F,1.0,SYNTHETIC_LABEL_ONLY,1,SOURCE_TITLE_GROUNDED,1.0,NOT_REAL_MODEL_CONFIDENCE,False
REC-CB6CB3ACBFCE5456,1.0,SYNTHETIC_LABEL_ONLY,1,SOURCE_TITLE_GROUNDED,1.0,NOT_REAL_MODEL_CONFIDENCE,False
REC-B908654F79D96280,1.0,SYNTHETIC_LABEL_ONLY,1,SOURCE_TITLE_GROUNDED,1.0,NOT_REAL_MODEL_CONFIDENCE,False
REC-A2E8B0B4C0E3D8CE,1.0,SYNTHETIC_LABEL_ONLY,1,SOURCE_TITLE_GROUNDED,1.0,NOT_REAL_MODEL_CONFIDENCE,False
REC-2AFB06DACE6D09B2,1.0,SYNTHETIC_LABEL_ONLY,1,SOURCE_TITLE_GROUNDED,1.0,NOT_REAL_MODEL_CONFIDENCE,False
REC-A70AD38C742A2DC3,1.0,SYNTHETIC_LABEL_ONLY,1,SOURCE_TITLE_GROUNDED,1.0,NOT_REAL_MODEL_CONFIDENCE,False
REC-E5DC1FDF52CB3578,1.0,SYNTHETIC_LABEL_ONLY,1,SOURCE_TITLE_GROUNDED,1.0,NOT_REAL_MODEL_CONFIDENCE,False
REC-6EE859DDD8DD7966,1.0,SYNTHETIC_LABEL_ONLY,1,SOURCE_TITLE_GROUNDED,1.0,NOT_REAL_MODEL_CONFIDENCE,False
REC-1847C711B8E6F678,1.0,SYNTHETIC_LABEL_ONLY,1,SOURCE_TITLE_GROUNDED,1.0,NOT_REAL_MODEL_CONFIDENCE,False
REC-6CAF34229DA0AFAD,1.0,SYNTHETIC_LABEL_ONLY,1,SOURCE_TITLE_GROUNDED,1.0,NOT_REAL_MODEL_CONFIDENCE,False
REC-CE15248914B5169E,1.0,SYNTHETIC_LABEL_ONLY,1,SOURCE_TITLE_GROUNDED,1.0,NOT_REAL_MODEL_CONFIDENCE,False
REC-5FE18EBDDA8F9FFA,1.0,SYNTHETIC_LABEL_ONLY,1,SOURCE_TITLE_GROUNDED,1.0,NOT_REAL_MODEL_CONFIDENCE,False
REC-4C090646E2E597C0,1.0,SYNTHETIC_LABEL_ONLY,1,SOURCE_TITLE_GROUNDED,1.0,NOT_REAL_MODEL_CONFIDENCE,False
REC-67E6764E1270454B,1.0,SYNTHETIC_LABEL_ONLY,1,SOURCE_TITLE_GROUNDED,1.0,NOT_REAL_MODEL_CONFIDENCE,False
REC-CEADD4FE0F2332C2,1.0,SYNTHETIC_LABEL_ONLY,1,SOURCE_TITLE_GROUNDED,1.0,NOT_REAL_MODEL_CONFIDENCE,False
REC-393FE66D5A6E1FC6,1.0,SYNTHETIC_LABEL_ONLY,1,SOURCE_TITLE_GROUNDED,1.0,NOT_REAL_MODEL_CONFIDENCE,False
REC-7E90101A995640A1,1.0,SYNTHETIC_LABEL_ONLY,1,SOURCE_TITLE_GROUNDED,1.0,NOT_REAL_MODEL_CONFIDENCE,False
REC-1D7556BF1316A5F4,1.0,SYNTHETIC_LABEL_ONLY,1,SOURCE_TITLE_GROUNDED,1.0,NOT_REAL_MODEL_CONFIDENCE,False
REC-63464294A13BAD7F,1.0,SYNTHETIC_LABEL_ONLY,1,SOURCE_TITLE_GROUNDED,1.0,NOT_REAL_MODEL_CONFIDENCE,False
REC-ECBDF4F1352532E6,1.0,SYNTHETIC_LABEL_ONLY,1,SOURCE_TITLE_GROUNDED,1.0,NOT_REAL_MODEL_CONFIDENCE,False
REC-439A6B9ACB978EEF,1.0,SYNTHETIC_LABEL_ONLY,1,SOURCE_TITLE_GROUNDED,1.0,NOT_REAL_MODEL_CONFIDENCE,False
REC-A3746C2D659770BF,1.0,SYNTHETIC_LABEL_ONLY,1,SOURCE_TITLE_GROUNDED,1.0,NOT_REAL_MODEL_CONFIDENCE,False
REC-810C7215B8596D38,1.0,SYNTHETIC_LABEL_ONLY,1,SOURCE_TITLE_GROUNDED,1.0,NOT_REAL_MODEL_CONFIDENCE,False
REC-540B24C60E9E40FA,1.0,SYNTHETIC_LABEL_ONLY,1,SOURCE_TITLE_GROUNDED,1.0,NOT_REAL_MODEL_CONFIDENCE,False
REC-CAC96677E36C55E8,1.0,SYNTHETIC_LABEL_ONLY,1,SOURCE_TITLE_GROUNDED,1.0,NOT_REAL_MODEL_CONFIDENCE,False
REC-07DA0EBE1FED49EF,1.0,SYNTHETIC_LABEL_ONLY,1,SOURCE_TITLE_GROUNDED,1.0,NOT_REAL_MODEL_CONFIDENCE,False
REC-7652CF785B388A17,1.0,SYNTHETIC_LABEL_ONLY,1,SOURCE_TITLE_GROUNDED,1.0,NOT_REAL_MODEL_CONFIDENCE,False
REC-BD9C6802E7B46426,1.0,SYNTHETIC_LABEL_ONLY,1,SOURCE_TITLE_GROUNDED,1.0,NOT_REAL_MODEL_CONFIDENCE,False
REC-1024EE269A1D885A,1.0,SYNTHETIC_LABEL_ONLY,1,SOURCE_TITLE_GROUNDED,1.0,NOT_REAL_MODEL_CONFIDENCE,False
REC-A87A30AE59F3896D,1.0,SYNTHETIC_LABEL_ONLY,1,SOURCE_TITLE_GROUNDED,1.0,NOT_REAL_MODEL_CONFIDENCE,False
REC-0B0A768BF3AC4AA7,1.0,SYNTHETIC_LABEL_ONLY,1,SOURCE_TITLE_GROUNDED,1.0,NOT_REAL_MODEL_CONFIDENCE,False
REC-27D459EE2553FC51,1.0,SYNTHETIC_LABEL_ONLY,1,SOURCE_TITLE_GROUNDED,1.0,NOT_REAL_MODEL_CONFIDENCE,False
REC-37FDBC2287C4C63E,1.0,SYNTHETIC_LABEL_ONLY,1,SOURCE_TITLE_GROUNDED,1.0,NOT_REAL_MODEL_CONFIDENCE,False
REC-4F34087FD79F96BE,1.0,SYNTHETIC_LABEL_ONLY,1,SOURCE_TITLE_GROUNDED,1.0,NOT_REAL_MODEL_CONFIDENCE,False
REC-B6FED3D2CFDAFAFA,1.0,SYNTHETIC_LABEL_ONLY,1,SOURCE_TITLE_GROUNDED,1.0,NOT_REAL_MODEL_CONFIDENCE,False
REC-8647063D13859D04,1.0,SYNTHETIC_LABEL_ONLY,1,SOURCE_TITLE_GROUNDED,1.0,NOT_REAL_MODEL_CONFIDENCE,False
REC-3BE848A8C6874A82,1.0,SYNTHETIC_LABEL_ONLY,1,SOURCE_TITLE_GROUNDED,1.0,NOT_REAL_MODEL_CONFIDENCE,False
REC-5D1094F1A7E1C797,1.0,SYNTHETIC_LABEL_ONLY,1,SOURCE_TITLE_GROUNDED,1.0,NOT_REAL_MODEL_CONFIDENCE,False
REC-DD5B12B4871AB987,1.0,SYNTHETIC_LABEL_ONLY,1,SOURCE_TITLE_GROUNDED,1.0,NOT_REAL_MODEL_CONFIDENCE,False
REC-7F980CF05B106FC4,1.0,SYNTHETIC_LABEL_ONLY,1,SOURCE_TITLE_GROUNDED,1.0,NOT_REAL_MODEL_CONFIDENCE,False
REC-5B7CC8322403D755,1.0,SYNTHETIC_LABEL_ONLY,1,SOURCE_TITLE_GROUNDED,1.0,NOT_REAL_MODEL_CONFIDENCE,False
REC-81A0AE68824086F4,1.0,SYNTHETIC_LABEL_ONLY,1,SOURCE_TITLE_GROUNDED,1.0,NOT_REAL_MODEL_CONFIDENCE,False
REC-1D5DF70F66697668,1.0,SYNTHETIC_LABEL_ONLY,1,SOURCE_TITLE_GROUNDED,1.0,NOT_REAL_MODEL_CONFIDENCE,False
REC-03FF6D1BB1A9A170,1.0,SYNTHETIC_LABEL_ONLY,1,SOURCE_TITLE_GROUNDED,1.0,NOT_REAL_MODEL_CONFIDENCE,False
REC-AAAEA53D9E81A421,1.0,SYNTHETIC_LABEL_ONLY,1,SOURCE_TITLE_GROUNDED,1.0,NOT_REAL_MODEL_CONFIDENCE,False
REC-A97F7D70E22708B9,1.0,SYNTHETIC_LABEL_ONLY,1,SOURCE_TITLE_GROUNDED,1.0,NOT_REAL_MODEL_CONFIDENCE,False
REC-18F7A2F55E9C21E8,1.0,SYNTHETIC_LABEL_ONLY,1,SOURCE_TITLE_GROUNDED,1.0,NOT_REAL_MODEL_CONFIDENCE,False
REC-BF6319271E2B4A85,1.0,SYNTHETIC_LABEL_ONLY,1,SOURCE_TITLE_GROUNDED,1.0,NOT_REAL_MODEL_CONFIDENCE,False
REC-A341AD927F28C48C,1.0,SYNTHETIC_LABEL_ONLY,1,SOURCE_TITLE_GROUNDED,1.0,NOT_REAL_MODEL_CONFIDENCE,False
REC-143ED72F4596F527,1.0,SYNTHETIC_LABEL_ONLY,1,SOURCE_TITLE_GROUNDED,1.0,NOT_REAL_MODEL_CONFIDENCE,False
REC-D5473915A741A550,1.0,SYNTHETIC_LABEL_ONLY,1,SOURCE_TITLE_GROUNDED,1.0,NOT_REAL_MODEL_CONFIDENCE,False
REC-0015D25A9CDF646D,1.0,SYNTHETIC_LABEL_ONLY,1,SOURCE_TITLE_GROUNDED,1.0,NOT_REAL_MODEL_CONFIDENCE,False
REC-8F780C25929B674C,1.0,SYNTHETIC_LABEL_ONLY,1,SOURCE_TITLE_GROUNDED,1.0,NOT_REAL_MODEL_CONFIDENCE,False
REC-C02AB8A49344C4A9,1.0,SYNTHETIC_LABEL_ONLY,1,SOURCE_TITLE_GROUNDED,1.0,NOT_REAL_MODEL_CONFIDENCE,False
REC-9AA84EC14754136E,1.0,SYNTHETIC_LABEL_ONLY,1,SOURCE_TITLE_GROUNDED,1.0,NOT_REAL_MODEL_CONFIDENCE,False
REC-F19433E6207F5946,1.0,SYNTHETIC_LABEL_ONLY,1,SOURCE_TITLE_GROUNDED,1.0,NOT_REAL_MODEL_CONFIDENCE,False
REC-2420AF3F705AF13C,1.0,SYNTHETIC_LABEL_ONLY,1,SOURCE_TITLE_GROUNDED,1.0,NOT_REAL_MODEL_CONFIDENCE,False
REC-4D9141E71AC8ABF3,1.0,SYNTHETIC_LABEL_ONLY,1,SOURCE_TITLE_GROUNDED,1.0,NOT_REAL_MODEL_CONFIDENCE,False
REC-34459CD70D0F42FE,1.0,SYNTHETIC_LABEL_ONLY,1,SOURCE_TITLE_GROUNDED,1.0,NOT_REAL_MODEL_CONFIDENCE,False
REC-BF38332B324EFBEC,1.0,SYNTHETIC_LABEL_ONLY,1,SOURCE_TITLE_GROUNDED,1.0,NOT_REAL_MODEL_CONFIDENCE,False
REC-A0E1410FAF2FFF2B,1.0,SYNTHETIC_LABEL_ONLY,1,SOURCE_TITLE_GROUNDED,1.0,NOT_REAL_MODEL_CONFIDENCE,False
REC-D04972ABC38B7535,1.0,SYNTHETIC_LABEL_ONLY,1,SOURCE_TITLE_GROUNDED,1.0,NOT_REAL_MODEL_CONFIDENCE,False
REC-B3E39A4B741EADF6,1.0,SYNTHETIC_LABEL_ONLY,1,SOURCE_TITLE_GROUNDED,1.0,NOT_REAL_MODEL_CONFIDENCE,False
REC-33DAFDE1A1AA00ED,1.0,SYNTHETIC_LABEL_ONLY,1,SOURCE_TITLE_GROUNDED,1.0,NOT_REAL_MODEL_CONFIDENCE,False
REC-A29B001551D76BA2,1.0,SYNTHETIC_LABEL_ONLY,1,SOURCE_TITLE_GROUNDED,1.0,NOT_REAL_MODEL_CONFIDENCE,False
REC-DE0DAF9FDF759840,1.0,SYNTHETIC_LABEL_ONLY,1,SOURCE_TITLE_GROUNDED,1.0,NOT_REAL_MODEL_CONFIDENCE,False
REC-2208741109A29E7D,1.0,SYNTHETIC_LABEL_ONLY,1,SOURCE_TITLE_GROUNDED,1.0,NOT_REAL_MODEL_CONFIDENCE,False
REC-2950C43E0645393F,1.0,SYNTHETIC_LABEL_ONLY,1,SOURCE_TITLE_GROUNDED,1.0,NOT_REAL_MODEL_CONFIDENCE,False
REC-47BAE8BFDCC0ADE4,1.0,SYNTHETIC_LABEL_ONLY,1,SOURCE_TITLE_GROUNDED,1.0,NOT_REAL_MODEL_CONFIDENCE,False
REC-D80E99B2BE5CD7AB,1.0,SYNTHETIC_LABEL_ONLY,1,SOURCE_TITLE_GROUNDED,1.0,NOT_REAL_MODEL_CONFIDENCE,False
REC-87ED0F848A11D453,1.0,SYNTHETIC_LABEL_ONLY,1,SOURCE_TITLE_GROUNDED,1.0,NOT_REAL_MODEL_CONFIDENCE,False
REC-D724BD69D03CD52A,1.0,SYNTHETIC_LABEL_ONLY,1,SOURCE_TITLE_GROUNDED,1.0,NOT_REAL_MODEL_CONFIDENCE,False
REC-C56F1AD89D89F31E,1.0,SYNTHETIC_LABEL_ONLY,1,SOURCE_TITLE_GROUNDED,1.0,NOT_REAL_MODEL_CONFIDENCE,False
REC-A3A7216ACF21E691,1.0,SYNTHETIC_LABEL_ONLY,1,SOURCE_TITLE_GROUNDED,1.0,NOT_REAL_MODEL_CONFIDENCE,False
REC-424DC04510628C26,1.0,SYNTHETIC_LABEL_ONLY,1,SOURCE_TITLE_GROUNDED,1.0,NOT_REAL_MODEL_CONFIDENCE,False
REC-D7A0331379C952E9,1.0,SYNTHETIC_LABEL_ONLY,1,SOURCE_TITLE_GROUNDED,1.0,NOT_REAL_MODEL_CONFIDENCE,False
REC-EE8A6595CDC2FB2C,1.0,SYNTHETIC_LABEL_ONLY,1,SOURCE_TITLE_GROUNDED,1.0,NOT_REAL_MODEL_CONFIDENCE,False
REC-2323A0DFC2AABDF6,1.0,SYNTHETIC_LABEL_ONLY,1,SOURCE_TITLE_GROUNDED,1.0,NOT_REAL_MODEL_CONFIDENCE,False
REC-09430B615FD9FBA1,1.0,SYNTHETIC_LABEL_ONLY,1,SOURCE_TITLE_GROUNDED,1.0,NOT_REAL_MODEL_CONFIDENCE,False
REC-7C82149484A6B264,1.0,SYNTHETIC_LABEL_ONLY,1,SOURCE_TITLE_GROUNDED,1.0,NOT_REAL_MODEL_CONFIDENCE,False
REC-F4955C5D7C373A3F,1.0,SYNTHETIC_LABEL_ONLY,1,SOURCE_TITLE_GROUNDED,1.0,NOT_REAL_MODEL_CONFIDENCE,False
REC-16F915193D963481,1.0,SYNTHETIC_LABEL_ONLY,1,SOURCE_TITLE_GROUNDED,1.0,NOT_REAL_MODEL_CONFIDENCE,False
REC-51CAAE9E2E6AE3B4,1.0,SYNTHETIC_LABEL_ONLY,1,SOURCE_TITLE_GROUNDED,1.0,NOT_REAL_MODEL_CONFIDENCE,False
REC-FF841E2E9A9203A8,1.0,SYNTHETIC_LABEL_ONLY,1,SOURCE_TITLE_GROUNDED,1.0,NOT_REAL_MODEL_CONFIDENCE,False
REC-B4D549E109AC0DBF,1.0,SYNTHETIC_LABEL_ONLY,1,SOURCE_TITLE_GROUNDED,1.0,NOT_REAL_MODEL_CONFIDENCE,False
REC-FBAC68A0E7A8664F,1.0,SYNTHETIC_LABEL_ONLY,1,SOURCE_TITLE_GROUNDED,1.0,NOT_REAL_MODEL_CONFIDENCE,False
REC-3A03C936F26E5AE5,1.0,SYNTHETIC_LABEL_ONLY,1,SOURCE_TITLE_GROUNDED,1.0,NOT_REAL_MODEL_CONFIDENCE,False
REC-114EBE0799C321C8,1.0,SYNTHETIC_LABEL_ONLY,1,SOURCE_TITLE_GROUNDED,1.0,NOT_REAL_MODEL_CONFIDENCE,False
REC-353B5A4A6FD828D8,1.0,SYNTHETIC_LABEL_ONLY,1,SOURCE_TITLE_GROUNDED,1.0,NOT_REAL_MODEL_CONFIDENCE,False
REC-77CE02FF02F632E3,1.0,SYNTHETIC_LABEL_ONLY,1,SOURCE_TITLE_GROUNDED,1.0,NOT_REAL_MODEL_CONFIDENCE,False
REC-E1D8061D1C04146A,1.0,SYNTHETIC_LABEL_ONLY,1,SOURCE_TITLE_GROUNDED,1.0,NOT_REAL_MODEL_CONFIDENCE,False
REC-CD7AE8A1ABF14343,1.0,SYNTHETIC_LABEL_ONLY,1,SOURCE_TITLE_GROUNDED,1.0,NOT_REAL_MODEL_CONFIDENCE,False
REC-8A1BCF978325DEE9,1.0,SYNTHETIC_LABEL_ONLY,1,SOURCE_TITLE_GROUNDED,1.0,NOT_REAL_MODEL_CONFIDENCE,False
REC-F808F9F499420D79,1.0,SYNTHETIC_LABEL_ONLY,1,SOURCE_TITLE_GROUNDED,1.0,NOT_REAL_MODEL_CONFIDENCE,False
REC-34D86C4235857B05,1.0,SYNTHETIC_LABEL_ONLY,1,SOURCE_TITLE_GROUNDED,1.0,NOT_REAL_MODEL_CONFIDENCE,False
REC-4FF954F90D4E5EE8,1.0,SYNTHETIC_LABEL_ONLY,1,SOURCE_TITLE_GROUNDED,1.0,NOT_REAL_MODEL_CONFIDENCE,False
REC-FAA4E348A6F1AA87,1.0,SYNTHETIC_LABEL_ONLY,1,SOURCE_TITLE_GROUNDED,1.0,NOT_REAL_MODEL_CONFIDENCE,False
REC-52551D52CCB93892,1.0,SYNTHETIC_LABEL_ONLY,1,SOURCE_TITLE_GROUNDED,1.0,NOT_REAL_MODEL_CONFIDENCE,False
REC-F384B02074B6FCE8,1.0,SYNTHETIC_LABEL_ONLY,1,SOURCE_TITLE_GROUNDED,1.0,NOT_REAL_MODEL_CONFIDENCE,False
REC-AE75DDC01AF93234,1.0,SYNTHETIC_LABEL_ONLY,1,SOURCE_TITLE_GROUNDED,1.0,NOT_REAL_MODEL_CONFIDENCE,False
REC-85C0EE438D44F528,1.0,SYNTHETIC_LABEL_ONLY,1,SOURCE_TITLE_GROUNDED,1.0,NOT_REAL_MODEL_CONFIDENCE,False
REC-84FB99B630834622,1.0,SYNTHETIC_LABEL_ONLY,1,SOURCE_TITLE_GROUNDED,1.0,NOT_REAL_MODEL_CONFIDENCE,False
REC-81159972954DAAD9,1.0,SYNTHETIC_LABEL_ONLY,1,SOURCE_TITLE_GROUNDED,1.0,NOT_REAL_MODEL_CONFIDENCE,False
REC-6752D81D818EE060,1.0,SYNTHETIC_LABEL_ONLY,1,SOURCE_TITLE_GROUNDED,1.0,NOT_REAL_MODEL_CONFIDENCE,False
REC-96B67F43C4C9EF13,1.0,SYNTHETIC_LABEL_ONLY,1,SOURCE_TITLE_GROUNDED,1.0,NOT_REAL_MODEL_CONFIDENCE,False
REC-E54AA796B4A6F7A7,1.0,SYNTHETIC_LABEL_ONLY,1,SOURCE_TITLE_GROUNDED,1.0,NOT_REAL_MODEL_CONFIDENCE,False
REC-63B6AF035AC47DFC,1.0,SYNTHETIC_LABEL_ONLY,1,SOURCE_TITLE_GROUNDED,1.0,NOT_REAL_MODEL_CONFIDENCE,False
REC-6D6D12CF568115FD,1.0,SYNTHETIC_LABEL_ONLY,1,SOURCE_TITLE_GROUNDED,1.0,NOT_REAL_MODEL_CONFIDENCE,False
REC-C66DACDE821ED14B,1.0,SYNTHETIC_LABEL_ONLY,1,SOURCE_TITLE_GROUNDED,1.0,NOT_REAL_MODEL_CONFIDENCE,False
REC-4DA1A2EC137BD245,1.0,SYNTHETIC_LABEL_ONLY,1,SOURCE_TITLE_GROUNDED,1.0,NOT_REAL_MODEL_CONFIDENCE,False
REC-848775BF3BF11712,1.0,SYNTHETIC_LABEL_ONLY,1,SOURCE_TITLE_GROUNDED,1.0,NOT_REAL_MODEL_CONFIDENCE,False
REC-AD9A96042CE92750,1.0,SYNTHETIC_LABEL_ONLY,1,SOURCE_TITLE_GROUNDED,1.0,NOT_REAL_MODEL_CONFIDENCE,False
REC-6FF4C9DEC62604B1,1.0,SYNTHETIC_LABEL_ONLY,1,SOURCE_TITLE_GROUNDED,1.0,NOT_REAL_MODEL_CONFIDENCE,False
REC-7B4D46C7B4378A38,1.0,SYNTHETIC_LABEL_ONLY,1,SOURCE_TITLE_GROUNDED,1.0,NOT_REAL_MODEL_CONFIDENCE,False
REC-A15D1EEDE7C77668,1.0,SYNTHETIC_LABEL_ONLY,1,SOURCE_TITLE_GROUNDED,1.0,NOT_REAL_MODEL_CONFIDENCE,False
REC-9C251E7553748864,1.0,SYNTHETIC_LABEL_ONLY,1,SOURCE_TITLE_GROUNDED,1.0,NOT_REAL_MODEL_CONFIDENCE,False
REC-F6A9D6C8E079F217,1.0,SYNTHETIC_LABEL_ONLY,1,SOURCE_TITLE_GROUNDED,1.0,NOT_REAL_MODEL_CONFIDENCE,False
REC-0E7A1DE966EC8A43,1.0,SYNTHETIC_LABEL_ONLY,1,SOURCE_TITLE_GROUNDED,1.0,NOT_REAL_MODEL_CONFIDENCE,False
REC-B1772DC450A682B4,1.0,SYNTHETIC_LABEL_ONLY,1,SOURCE_TITLE_GROUNDED,1.0,NOT_REAL_MODEL_CONFIDENCE,False
REC-556C9C4ED73DAC5A,1.0,SYNTHETIC_LABEL_ONLY,1,SOURCE_TITLE_GROUNDED,1.0,NOT_REAL_MODEL_CONFIDENCE,False
REC-3E4FC721E50EF531,1.0,SYNTHETIC_LABEL_ONLY,1,SOURCE_TITLE_GROUNDED,1.0,NOT_REAL_MODEL_CONFIDENCE,False
REC-FDF436245AD83277,1.0,SYNTHETIC_LABEL_ONLY,1,SOURCE_TITLE_GROUNDED,1.0,NOT_REAL_MODEL_CONFIDENCE,False
REC-01CACA09970F1CC9,1.0,SYNTHETIC_LABEL_ONLY,1,SOURCE_TITLE_GROUNDED,1.0,NOT_REAL_MODEL_CONFIDENCE,False
REC-913896186C720B6C,1.0,SYNTHETIC_LABEL_ONLY,1,SOURCE_TITLE_GROUNDED,1.0,NOT_REAL_MODEL_CONFIDENCE,False
REC-4BC5A48D519A4AFB,1.0,SYNTHETIC_LABEL_ONLY,1,SOURCE_TITLE_GROUNDED,1.0,NOT_REAL_MODEL_CONFIDENCE,False
REC-A5800CAA7CC16BB0,1.0,SYNTHETIC_LABEL_ONLY,1,SOURCE_TITLE_GROUNDED,1.0,NOT_REAL_MODEL_CONFIDENCE,False
REC-9D7C61A240BCB41D,1.0,SYNTHETIC_LABEL_ONLY,1,SOURCE_TITLE_GROUNDED,1.0,NOT_REAL_MODEL_CONFIDENCE,False
REC-98177965058C8A0C,1.0,SYNTHETIC_LABEL_ONLY,1,SOURCE_TITLE_GROUNDED,1.0,NOT_REAL_MODEL_CONFIDENCE,False
REC-797A5B700EC50FEE,1.0,SYNTHETIC_LABEL_ONLY,1,SOURCE_TITLE_GROUNDED,1.0,NOT_REAL_MODEL_CONFIDENCE,False
REC-5F35150E25945B2C,1.0,SYNTHETIC_LABEL_ONLY,1,SOURCE_TITLE_GROUNDED,1.0,NOT_REAL_MODEL_CONFIDENCE,False
REC-63F146949CE697F8,1.0,SYNTHETIC_LABEL_ONLY,1,SOURCE_TITLE_GROUNDED,1.0,NOT_REAL_MODEL_CONFIDENCE,False
REC-741BEA82B1CAD1B5,1.0,SYNTHETIC_LABEL_ONLY,1,SOURCE_TITLE_GROUNDED,1.0,NOT_REAL_MODEL_CONFIDENCE,False
REC-675FA1D30C004332,1.0,SYNTHETIC_LABEL_ONLY,1,SOURCE_TITLE_GROUNDED,1.0,NOT_REAL_MODEL_CONFIDENCE,False
REC-74E4FBF4A460E7AB,1.0,SYNTHETIC_LABEL_ONLY,1,SOURCE_TITLE_GROUNDED,1.0,NOT_REAL_MODEL_CONFIDENCE,False
REC-4355EA5CF0893B38,1.0,SYNTHETIC_LABEL_ONLY,1,SOURCE_TITLE_GROUNDED,1.0,NOT_REAL_MODEL_CONFIDENCE,False
REC-286D60EE4A280E5A,1.0,SYNTHETIC_LABEL_ONLY,1,SOURCE_TITLE_GROUNDED,1.0,NOT_REAL_MODEL_CONFIDENCE,False
REC-E302EB2F201DD791,1.0,SYNTHETIC_LABEL_ONLY,1,SOURCE_TITLE_GROUNDED,1.0,NOT_REAL_MODEL_CONFIDENCE,False
REC-9DF6E6268349BF9D,1.0,SYNTHETIC_LABEL_ONLY,1,SOURCE_TITLE_GROUNDED,1.0,NOT_REAL_MODEL_CONFIDENCE,False
REC-34D2599B93EC66A1,1.0,SYNTHETIC_LABEL_ONLY,1,SOURCE_TITLE_GROUNDED,1.0,NOT_REAL_MODEL_CONFIDENCE,False
REC-B3B5CE89FD34030B,1.0,SYNTHETIC_LABEL_ONLY,1,SOURCE_TITLE_GROUNDED,1.0,NOT_REAL_MODEL_CONFIDENCE,False
REC-B05DDFB9DBEC735C,1.0,SYNTHETIC_LABEL_ONLY,1,SOURCE_TITLE_GROUNDED,1.0,NOT_REAL_MODEL_CONFIDENCE,False
REC-0F1876AB47AC4EB6,1.0,SYNTHETIC_LABEL_ONLY,1,SOURCE_TITLE_GROUNDED,1.0,NOT_REAL_MODEL_CONFIDENCE,False
REC-8968E0C4040ADC28,1.0,SYNTHETIC_LABEL_ONLY,1,SOURCE_TITLE_GROUNDED,1.0,NOT_REAL_MODEL_CONFIDENCE,False
REC-5458E2A749ABDD57,1.0,SYNTHETIC_LABEL_ONLY,1,SOURCE_TITLE_GROUNDED,1.0,NOT_REAL_MODEL_CONFIDENCE,False
REC-198296BC3F6324A6,1.0,SYNTHETIC_LABEL_ONLY,1,SOURCE_TITLE_GROUNDED,1.0,NOT_REAL_MODEL_CONFIDENCE,False
REC-D5DE510582C11C6D,1.0,SYNTHETIC_LABEL_ONLY,1,SOURCE_TITLE_GROUNDED,1.0,NOT_REAL_MODEL_CONFIDENCE,False
REC-AF93657D31F9D1F3,1.0,SYNTHETIC_LABEL_ONLY,1,SOURCE_TITLE_GROUNDED,1.0,NOT_REAL_MODEL_CONFIDENCE,False
REC-1483CC3A3A2489E1,1.0,SYNTHETIC_LABEL_ONLY,1,SOURCE_TITLE_GROUNDED,1.0,NOT_REAL_MODEL_CONFIDENCE,False
REC-E38E23D52AA1F70D,1.0,SYNTHETIC_LABEL_ONLY,1,SOURCE_TITLE_GROUNDED,1.0,NOT_REAL_MODEL_CONFIDENCE,False
REC-1EFAB2A937F20C0C,1.0,SYNTHETIC_LABEL_ONLY,1,SOURCE_TITLE_GROUNDED,1.0,NOT_REAL_MODEL_CONFIDENCE,False
REC-E1FCDF02856B32E5,1.0,SYNTHETIC_LABEL_ONLY,1,SOURCE_TITLE_GROUNDED,1.0,NOT_REAL_MODEL_CONFIDENCE,False
REC-6E6651FB756B3212,1.0,SYNTHETIC_LABEL_ONLY,1,SOURCE_TITLE_GROUNDED,1.0,NOT_REAL_MODEL_CONFIDENCE,False
REC-231121D1A3FFA114,1.0,SYNTHETIC_LABEL_ONLY,1,SOURCE_TITLE_GROUNDED,1.0,NOT_REAL_MODEL_CONFIDENCE,False
REC-C59563E0A69285C6,1.0,SYNTHETIC_LABEL_ONLY,1,SOURCE_TITLE_GROUNDED,1.0,NOT_REAL_MODEL_CONFIDENCE,False
REC-C7EDEEB733FC1D3C,1.0,SYNTHETIC_LABEL_ONLY,1,SOURCE_TITLE_GROUNDED,1.0,NOT_REAL_MODEL_CONFIDENCE,False
REC-0759B5313315E963,1.0,SYNTHETIC_LABEL_ONLY,1,SOURCE_TITLE_GROUNDED,1.0,NOT_REAL_MODEL_CONFIDENCE,False
REC-6D1E04FB71398A2B,1.0,SYNTHETIC_LABEL_ONLY,1,SOURCE_TITLE_GROUNDED,1.0,NOT_REAL_MODEL_CONFIDENCE,False
REC-450FF57A3AD22F8C,1.0,SYNTHETIC_LABEL_ONLY,1,SOURCE_TITLE_GROUNDED,1.0,NOT_REAL_MODEL_CONFIDENCE,False
REC-676AD8D8098BF0B0,1.0,SYNTHETIC_LABEL_ONLY,1,SOURCE_TITLE_GROUNDED,1.0,NOT_REAL_MODEL_CONFIDENCE,False
REC-C540910A68D58E1E,1.0,SYNTHETIC_LABEL_ONLY,1,SOURCE_TITLE_GROUNDED,1.0,NOT_REAL_MODEL_CONFIDENCE,False
REC-DD6E17C2A59B06D2,1.0,SYNTHETIC_LABEL_ONLY,1,SOURCE_TITLE_GROUNDED,1.0,NOT_REAL_MODEL_CONFIDENCE,False
REC-D6771D73D8DB723D,1.0,SYNTHETIC_LABEL_ONLY,1,SOURCE_TITLE_GROUNDED,1.0,NOT_REAL_MODEL_CONFIDENCE,False
REC-6378868680A37C47,1.0,SYNTHETIC_LABEL_ONLY,1,SOURCE_TITLE_GROUNDED,1.0,NOT_REAL_MODEL_CONFIDENCE,False
REC-586D8432F6AF6F7F,1.0,SYNTHETIC_LABEL_ONLY,1,SOURCE_TITLE_GROUNDED,1.0,NOT_REAL_MODEL_CONFIDENCE,False
REC-1291EEF387E6873D,1.0,SYNTHETIC_LABEL_ONLY,1,SOURCE_TITLE_GROUNDED,1.0,NOT_REAL_MODEL_CONFIDENCE,False
REC-4DC5014D0BEC486C,1.0,SYNTHETIC_LABEL_ONLY,1,SOURCE_TITLE_GROUNDED,1.0,NOT_REAL_MODEL_CONFIDENCE,False
REC-A10F4D3393ADFCF6,1.0,SYNTHETIC_LABEL_ONLY,1,SOURCE_TITLE_GROUNDED,1.0,NOT_REAL_MODEL_CONFIDENCE,False
REC-6648758B4EA45BCA,1.0,SYNTHETIC_LABEL_ONLY,1,SOURCE_TITLE_GROUNDED,1.0,NOT_REAL_MODEL_CONFIDENCE,False
REC-2B719B07C25917FE,1.0,SYNTHETIC_LABEL_ONLY,1,SOURCE_TITLE_GROUNDED,1.0,NOT_REAL_MODEL_CONFIDENCE,False
REC-D3AFD3D1A3487F62,1.0,SYNTHETIC_LABEL_ONLY,1,SOURCE_TITLE_GROUNDED,1.0,NOT_REAL_MODEL_CONFIDENCE,False
REC-2033033457F14F9C,1.0,SYNTHETIC_LABEL_ONLY,1,SOURCE_TITLE_GROUNDED,1.0,NOT_REAL_MODEL_CONFIDENCE,False
REC-731025C02CBEF86A,1.0,SYNTHETIC_LABEL_ONLY,1,SOURCE_TITLE_GROUNDED,1.0,NOT_REAL_MODEL_CONFIDENCE,False
REC-D87EC4224BD99E4A,1.0,SYNTHETIC_LABEL_ONLY,1,SOURCE_TITLE_GROUNDED,1.0,NOT_REAL_MODEL_CONFIDENCE,False
REC-2BC0E299B41FB332,1.0,SYNTHETIC_LABEL_ONLY,1,SOURCE_TITLE_GROUNDED,1.0,NOT_REAL_MODEL_CONFIDENCE,False
REC-266505ACADE6C89D,1.0,SYNTHETIC_LABEL_ONLY,1,SOURCE_TITLE_GROUNDED,1.0,NOT_REAL_MODEL_CONFIDENCE,False
REC-D9AA306CA237291A,1.0,SYNTHETIC_LABEL_ONLY,1,SOURCE_TITLE_GROUNDED,1.0,NOT_REAL_MODEL_CONFIDENCE,False
REC-E18538C25E4B11D4,1.0,SYNTHETIC_LABEL_ONLY,1,SOURCE_TITLE_GROUNDED,1.0,NOT_REAL_MODEL_CONFIDENCE,False
REC-9243A5B61FF84BD0,1.0,SYNTHETIC_LABEL_ONLY,1,SOURCE_TITLE_GROUNDED,1.0,NOT_REAL_MODEL_CONFIDENCE,False
REC-0CCDA3381178C00B,1.0,SYNTHETIC_LABEL_ONLY,1,SOURCE_TITLE_GROUNDED,1.0,NOT_REAL_MODEL_CONFIDENCE,False
REC-29EE397BB151DB74,1.0,SYNTHETIC_LABEL_ONLY,1,SOURCE_TITLE_GROUNDED,1.0,NOT_REAL_MODEL_CONFIDENCE,False
REC-453FF54C93C853C1,1.0,SYNTHETIC_LABEL_ONLY,1,SOURCE_TITLE_GROUNDED,1.0,NOT_REAL_MODEL_CONFIDENCE,False
REC-2EA5BDB7A938CC40,1.0,SYNTHETIC_LABEL_ONLY,1,SOURCE_TITLE_GROUNDED,1.0,NOT_REAL_MODEL_CONFIDENCE,False
REC-04B6E1980BF6F840,1.0,SYNTHETIC_LABEL_ONLY,1,SOURCE_TITLE_GROUNDED,1.0,NOT_REAL_MODEL_CONFIDENCE,False
REC-3F613CEEB3FBD601,1.0,SYNTHETIC_LABEL_ONLY,1,SOURCE_TITLE_GROUNDED,1.0,NOT_REAL_MODEL_CONFIDENCE,False
REC-20B1C43C61C6C918,1.0,SYNTHETIC_LABEL_ONLY,1,SOURCE_TITLE_GROUNDED,1.0,NOT_REAL_MODEL_CONFIDENCE,False
REC-79E2ADCFDC7DC743,1.0,SYNTHETIC_LABEL_ONLY,1,SOURCE_TITLE_GROUNDED,1.0,NOT_REAL_MODEL_CONFIDENCE,False
REC-657BEBCD94FF0A84,1.0,SYNTHETIC_LABEL_ONLY,1,SOURCE_TITLE_GROUNDED,1.0,NOT_REAL_MODEL_CONFIDENCE,False
REC-BF90D5329D11EB43,1.0,SYNTHETIC_LABEL_ONLY,1,SOURCE_TITLE_GROUNDED,1.0,NOT_REAL_MODEL_CONFIDENCE,False
REC-C426BB91F507398F,1.0,SYNTHETIC_LABEL_ONLY,1,SOURCE_TITLE_GROUNDED,1.0,NOT_REAL_MODEL_CONFIDENCE,False
REC-03C35C6360942D41,1.0,SYNTHETIC_LABEL_ONLY,1,SOURCE_TITLE_GROUNDED,1.0,NOT_REAL_MODEL_CONFIDENCE,False
REC-E7BD94F47F8A4403,1.0,SYNTHETIC_LABEL_ONLY,1,SOURCE_TITLE_GROUNDED,1.0,NOT_REAL_MODEL_CONFIDENCE,False
REC-757933C52354001E,1.0,SYNTHETIC_LABEL_ONLY,1,SOURCE_TITLE_GROUNDED,1.0,NOT_REAL_MODEL_CONFIDENCE,False
REC-1FD070E692CAAFA2,1.0,SYNTHETIC_LABEL_ONLY,1,SOURCE_TITLE_GROUNDED,1.0,NOT_REAL_MODEL_CONFIDENCE,False
REC-80C44A520771DDC9,1.0,SYNTHETIC_LABEL_ONLY,1,SOURCE_TITLE_GROUNDED,1.0,NOT_REAL_MODEL_CONFIDENCE,False
REC-6AF113C84F94C3BB,1.0,SYNTHETIC_LABEL_ONLY,1,SOURCE_TITLE_GROUNDED,1.0,NOT_REAL_MODEL_CONFIDENCE,False
REC-6874B108FAB707D7,1.0,SYNTHETIC_LABEL_ONLY,1,SOURCE_TITLE_GROUNDED,1.0,NOT_REAL_MODEL_CONFIDENCE,False
REC-891C9848E068E0C9,1.0,SYNTHETIC_LABEL_ONLY,1,SOURCE_TITLE_GROUNDED,1.0,NOT_REAL_MODEL_CONFIDENCE,False
REC-DCCFD8DF45B54138,1.0,SYNTHETIC_LABEL_ONLY,1,SOURCE_TITLE_GROUNDED,1.0,NOT_REAL_MODEL_CONFIDENCE,False
REC-9F89DFEFA92B5374,1.0,SYNTHETIC_LABEL_ONLY,1,SOURCE_TITLE_GROUNDED,1.0,NOT_REAL_MODEL_CONFIDENCE,False
REC-C5209D70885CF0CF,1.0,SYNTHETIC_LABEL_ONLY,1,SOURCE_TITLE_GROUNDED,1.0,NOT_REAL_MODEL_CONFIDENCE,False
REC-C1880B555A8B558C,1.0,SYNTHETIC_LABEL_ONLY,1,SOURCE_TITLE_GROUNDED,1.0,NOT_REAL_MODEL_CONFIDENCE,False
REC-BD650DE3E0CF1F62,1.0,SYNTHETIC_LABEL_ONLY,1,SOURCE_TITLE_GROUNDED,1.0,NOT_REAL_MODEL_CONFIDENCE,False
REC-E17831F4AAAD4D4E,1.0,SYNTHETIC_LABEL_ONLY,1,SOURCE_TITLE_GROUNDED,1.0,NOT_REAL_MODEL_CONFIDENCE,False
REC-77B2A0BD5FE688B6,1.0,SYNTHETIC_LABEL_ONLY,1,SOURCE_TITLE_GROUNDED,1.0,NOT_REAL_MODEL_CONFIDENCE,False
REC-75D077FA9A53B914,1.0,SYNTHETIC_LABEL_ONLY,1,SOURCE_TITLE_GROUNDED,1.0,NOT_REAL_MODEL_CONFIDENCE,False
REC-5CE54B46441E8472,1.0,SYNTHETIC_LABEL_ONLY,1,SOURCE_TITLE_GROUNDED,1.0,NOT_REAL_MODEL_CONFIDENCE,False
REC-02B55FD30E71F917,1.0,SYNTHETIC_LABEL_ONLY,1,SOURCE_TITLE_GROUNDED,1.0,NOT_REAL_MODEL_CONFIDENCE,False
REC-A62DED06B744F96D,1.0,SYNTHETIC_LABEL_ONLY,1,SOURCE_TITLE_GROUNDED,1.0,NOT_REAL_MODEL_CONFIDENCE,False
REC-0376795990503E4A,1.0,SYNTHETIC_LABEL_ONLY,1,SOURCE_TITLE_GROUNDED,1.0,NOT_REAL_MODEL_CONFIDENCE,False
REC-516495BB1981571F,1.0,SYNTHETIC_LABEL_ONLY,1,SOURCE_TITLE_GROUNDED,1.0,NOT_REAL_MODEL_CONFIDENCE,False
REC-5C3DCA1B9C21A90B,1.0,SYNTHETIC_LABEL_ONLY,1,SOURCE_TITLE_GROUNDED,1.0,NOT_REAL_MODEL_CONFIDENCE,False
REC-500C853CAD31950E,1.0,SYNTHETIC_LABEL_ONLY,1,SOURCE_TITLE_GROUNDED,1.0,NOT_REAL_MODEL_CONFIDENCE,False
REC-6E1B952D26DF82B3,1.0,SYNTHETIC_LABEL_ONLY,1,SOURCE_TITLE_GROUNDED,1.0,NOT_REAL_MODEL_CONFIDENCE,False
REC-C7C1C4D1A29AB01B,1.0,SYNTHETIC_LABEL_ONLY,1,SOURCE_TITLE_GROUNDED,1.0,NOT_REAL_MODEL_CONFIDENCE,False
REC-4282AEA0CC661EC3,1.0,SYNTHETIC_LABEL_ONLY,1,SOURCE_TITLE_GROUNDED,1.0,NOT_REAL_MODEL_CONFIDENCE,False
REC-1107AE973DF66DCD,1.0,SYNTHETIC_LABEL_ONLY,1,SOURCE_TITLE_GROUNDED,1.0,NOT_REAL_MODEL_CONFIDENCE,False
REC-4B69FC7FF7E7FE3D,1.0,SYNTHETIC_LABEL_ONLY,1,SOURCE_TITLE_GROUNDED,1.0,NOT_REAL_MODEL_CONFIDENCE,False
REC-D7ADB0ADA278BE24,1.0,SYNTHETIC_LABEL_ONLY,1,SOURCE_TITLE_GROUNDED,1.0,NOT_REAL_MODEL_CONFIDENCE,False
REC-BEF51F43C3197DAF,1.0,SYNTHETIC_LABEL_ONLY,1,SOURCE_TITLE_GROUNDED,1.0,NOT_REAL_MODEL_CONFIDENCE,False
REC-DFB0E2CAFEF8FE06,1.0,SYNTHETIC_LABEL_ONLY,1,SOURCE_TITLE_GROUNDED,1.0,NOT_REAL_MODEL_CONFIDENCE,False
REC-37E05296FF512D8D,1.0,SYNTHETIC_LABEL_ONLY,1,SOURCE_TITLE_GROUNDED,1.0,NOT_REAL_MODEL_CONFIDENCE,False
REC-5F5C6ADC9AB18FC8,1.0,SYNTHETIC_LABEL_ONLY,1,SOURCE_TITLE_GROUNDED,1.0,NOT_REAL_MODEL_CONFIDENCE,False
REC-6DEDAFB83ECE93C7,1.0,SYNTHETIC_LABEL_ONLY,1,SOURCE_TITLE_GROUNDED,1.0,NOT_REAL_MODEL_CONFIDENCE,False
REC-832256351384D4E3,1.0,SYNTHETIC_LABEL_ONLY,1,SOURCE_TITLE_GROUNDED,1.0,NOT_REAL_MODEL_CONFIDENCE,False
REC-E869FDB052F42CC1,1.0,SYNTHETIC_LABEL_ONLY,1,SOURCE_TITLE_GROUNDED,1.0,NOT_REAL_MODEL_CONFIDENCE,False
REC-3AB9AEE393BFA8E7,1.0,SYNTHETIC_LABEL_ONLY,1,SOURCE_TITLE_GROUNDED,1.0,NOT_REAL_MODEL_CONFIDENCE,False
REC-7C5234DCD9787612,1.0,SYNTHETIC_LABEL_ONLY,1,SOURCE_TITLE_GROUNDED,1.0,NOT_REAL_MODEL_CONFIDENCE,False
REC-5682B5A08366132F,1.0,SYNTHETIC_LABEL_ONLY,1,SOURCE_TITLE_GROUNDED,1.0,NOT_REAL_MODEL_CONFIDENCE,False
REC-CE4493F6747BE353,1.0,SYNTHETIC_LABEL_ONLY,1,SOURCE_TITLE_GROUNDED,1.0,NOT_REAL_MODEL_CONFIDENCE,False
REC-90E1068043AED44B,1.0,SYNTHETIC_LABEL_ONLY,1,SOURCE_TITLE_GROUNDED,1.0,NOT_REAL_MODEL_CONFIDENCE,False
REC-E3C2B12089256EF1,1.0,SYNTHETIC_LABEL_ONLY,1,SOURCE_TITLE_GROUNDED,1.0,NOT_REAL_MODEL_CONFIDENCE,False
REC-B29B2EE78FC95276,1.0,SYNTHETIC_LABEL_ONLY,1,SOURCE_TITLE_GROUNDED,1.0,NOT_REAL_MODEL_CONFIDENCE,False
REC-4FEA728D69F80FF9,1.0,SYNTHETIC_LABEL_ONLY,1,SOURCE_TITLE_GROUNDED,1.0,NOT_REAL_MODEL_CONFIDENCE,False
REC-F50A86D09D5206FC,1.0,SYNTHETIC_LABEL_ONLY,1,SOURCE_TITLE_GROUNDED,1.0,NOT_REAL_MODEL_CONFIDENCE,False
REC-903148ED50FC5436,1.0,SYNTHETIC_LABEL_ONLY,1,SOURCE_TITLE_GROUNDED,1.0,NOT_REAL_MODEL_CONFIDENCE,False
REC-2D35CBE5B6996E7D,1.0,SYNTHETIC_LABEL_ONLY,1,SOURCE_TITLE_GROUNDED,1.0,NOT_REAL_MODEL_CONFIDENCE,False
REC-9ED44A6D030EE598,1.0,SYNTHETIC_LABEL_ONLY,1,SOURCE_TITLE_GROUNDED,1.0,NOT_REAL_MODEL_CONFIDENCE,False
REC-15024437F9B044F2,1.0,SYNTHETIC_LABEL_ONLY,1,SOURCE_TITLE_GROUNDED,1.0,NOT_REAL_MODEL_CONFIDENCE,False
REC-867C2DBEF0B4FA78,1.0,SYNTHETIC_LABEL_ONLY,1,SOURCE_TITLE_GROUNDED,1.0,NOT_REAL_MODEL_CONFIDENCE,False
REC-1A6C18944C201829,1.0,SYNTHETIC_LABEL_ONLY,1,SOURCE_TITLE_GROUNDED,1.0,NOT_REAL_MODEL_CONFIDENCE,False
REC-8340EE07E7D5176C,1.0,SYNTHETIC_LABEL_ONLY,1,SOURCE_TITLE_GROUNDED,1.0,NOT_REAL_MODEL_CONFIDENCE,False
REC-8024948059B2F747,1.0,SYNTHETIC_LABEL_ONLY,1,SOURCE_TITLE_GROUNDED,1.0,NOT_REAL_MODEL_CONFIDENCE,False
REC-4B07C628D2D05F15,1.0,SYNTHETIC_LABEL_ONLY,1,SOURCE_TITLE_GROUNDED,1.0,NOT_REAL_MODEL_CONFIDENCE,False
REC-EE333D1CCA8A0147,1.0,SYNTHETIC_LABEL_ONLY,1,SOURCE_TITLE_GROUNDED,1.0,NOT_REAL_MODEL_CONFIDENCE,False
REC-98C9AFFC6EB5C172,1.0,SYNTHETIC_LABEL_ONLY,1,SOURCE_TITLE_GROUNDED,1.0,NOT_REAL_MODEL_CONFIDENCE,False
REC-EBF410BCC18CE651,1.0,SYNTHETIC_LABEL_ONLY,1,SOURCE_TITLE_GROUNDED,1.0,NOT_REAL_MODEL_CONFIDENCE,False
REC-E1157502AADB40C4,1.0,SYNTHETIC_LABEL_ONLY,1,SOURCE_TITLE_GROUNDED,1.0,NOT_REAL_MODEL_CONFIDENCE,False
REC-64FA71137E214ED3,1.0,SYNTHETIC_LABEL_ONLY,1,SOURCE_TITLE_GROUNDED,1.0,NOT_REAL_MODEL_CONFIDENCE,False
REC-90521EAA859617BC,1.0,SYNTHETIC_LABEL_ONLY,1,SOURCE_TITLE_GROUNDED,1.0,NOT_REAL_MODEL_CONFIDENCE,False
REC-BAA9B4D7D981C087,1.0,SYNTHETIC_LABEL_ONLY,1,SOURCE_TITLE_GROUNDED,1.0,NOT_REAL_MODEL_CONFIDENCE,False
REC-623ABC7BA3D1ABDF,1.0,SYNTHETIC_LABEL_ONLY,1,SOURCE_TITLE_GROUNDED,1.0,NOT_REAL_MODEL_CONFIDENCE,False
REC-013C1B6488AD1038,1.0,SYNTHETIC_LABEL_ONLY,1,SOURCE_TITLE_GROUNDED,1.0,NOT_REAL_MODEL_CONFIDENCE,False
REC-87EDB8EF1146C7C4,1.0,SYNTHETIC_LABEL_ONLY,1,SOURCE_TITLE_GROUNDED,1.0,NOT_REAL_MODEL_CONFIDENCE,False
REC-2EC98BF9E73D2EF8,1.0,SYNTHETIC_LABEL_ONLY,1,SOURCE_TITLE_GROUNDED,1.0,NOT_REAL_MODEL_CONFIDENCE,False
REC-B5F3AE41387697EE,1.0,SYNTHETIC_LABEL_ONLY,1,SOURCE_TITLE_GROUNDED,1.0,NOT_REAL_MODEL_CONFIDENCE,False
REC-16287C8BB887DE37,1.0,SYNTHETIC_LABEL_ONLY,1,SOURCE_TITLE_GROUNDED,1.0,NOT_REAL_MODEL_CONFIDENCE,False
REC-D244AA8F1DFEA8DC,1.0,SYNTHETIC_LABEL_ONLY,1,SOURCE_TITLE_GROUNDED,1.0,NOT_REAL_MODEL_CONFIDENCE,False
REC-238AF90CC0B32693,1.0,SYNTHETIC_LABEL_ONLY,1,SOURCE_TITLE_GROUNDED,1.0,NOT_REAL_MODEL_CONFIDENCE,False
REC-F8110FFE6324D33F,1.0,SYNTHETIC_LABEL_ONLY,1,SOURCE_TITLE_GROUNDED,1.0,NOT_REAL_MODEL_CONFIDENCE,False
REC-34A3768A6496CF70,1.0,SYNTHETIC_LABEL_ONLY,1,SOURCE_TITLE_GROUNDED,1.0,NOT_REAL_MODEL_CONFIDENCE,False
REC-2A254AD826E5A47B,1.0,SYNTHETIC_LABEL_ONLY,1,SOURCE_TITLE_GROUNDED,1.0,NOT_REAL_MODEL_CONFIDENCE,False
REC-6D98F22CB01ECCD8,1.0,SYNTHETIC_LABEL_ONLY,1,SOURCE_TITLE_GROUNDED,1.0,NOT_REAL_MODEL_CONFIDENCE,False
REC-C83A12AF2C4BC9FE,1.0,SYNTHETIC_LABEL_ONLY,1,SOURCE_TITLE_GROUNDED,1.0,NOT_REAL_MODEL_CONFIDENCE,False
REC-989CF4D73CB22E9F,1.0,SYNTHETIC_LABEL_ONLY,1,SOURCE_TITLE_GROUNDED,1.0,NOT_REAL_MODEL_CONFIDENCE,False
REC-D970F6C8DAED9F62,1.0,SYNTHETIC_LABEL_ONLY,1,SOURCE_TITLE_GROUNDED,1.0,NOT_REAL_MODEL_CONFIDENCE,False
REC-4F2A15A683070FFA,1.0,SYNTHETIC_LABEL_ONLY,1,SOURCE_TITLE_GROUNDED,1.0,NOT_REAL_MODEL_CONFIDENCE,False
REC-EB47A5F1F7DAAF64,1.0,SYNTHETIC_LABEL_ONLY,1,SOURCE_TITLE_GROUNDED,1.0,NOT_REAL_MODEL_CONFIDENCE,False
REC-A144DA4605EFC711,1.0,SYNTHETIC_LABEL_ONLY,1,SOURCE_TITLE_GROUNDED,1.0,NOT_REAL_MODEL_CONFIDENCE,False
REC-79BB0605AA7338B3,1.0,SYNTHETIC_LABEL_ONLY,1,SOURCE_TITLE_GROUNDED,1.0,NOT_REAL_MODEL_CONFIDENCE,False
REC-9320CC9F75B4BE91,1.0,SYNTHETIC_LABEL_ONLY,1,SOURCE_TITLE_GROUNDED,1.0,NOT_REAL_MODEL_CONFIDENCE,False
REC-A786811C4F82ECCE,1.0,SYNTHETIC_LABEL_ONLY,1,SOURCE_TITLE_GROUNDED,1.0,NOT_REAL_MODEL_CONFIDENCE,False
REC-138197A3DE4B8E68,1.0,SYNTHETIC_LABEL_ONLY,1,SOURCE_TITLE_GROUNDED,1.0,NOT_REAL_MODEL_CONFIDENCE,False
REC-CCDBF472ECD4CA05,1.0,SYNTHETIC_LABEL_ONLY,1,SOURCE_TITLE_GROUNDED,1.0,NOT_REAL_MODEL_CONFIDENCE,False
REC-5EFAFFF825BC9666,1.0,SYNTHETIC_LABEL_ONLY,1,SOURCE_TITLE_GROUNDED,1.0,NOT_REAL_MODEL_CONFIDENCE,False
REC-77C7DED138F171B3,1.0,SYNTHETIC_LABEL_ONLY,1,SOURCE_TITLE_GROUNDED,1.0,NOT_REAL_MODEL_CONFIDENCE,False
REC-1465C94B7AF98DF1,1.0,SYNTHETIC_LABEL_ONLY,1,SOURCE_TITLE_GROUNDED,1.0,NOT_REAL_MODEL_CONFIDENCE,False
REC-53FB3C1BD8B2B68A,1.0,SYNTHETIC_LABEL_ONLY,1,SOURCE_TITLE_GROUNDED,1.0,NOT_REAL_MODEL_CONFIDENCE,False
REC-3C80AD593B430200,1.0,SYNTHETIC_LABEL_ONLY,1,SOURCE_TITLE_GROUNDED,1.0,NOT_REAL_MODEL_CONFIDENCE,False
REC-A894374099275F89,1.0,SYNTHETIC_LABEL_ONLY,1,SOURCE_TITLE_GROUNDED,1.0,NOT_REAL_MODEL_CONFIDENCE,False
REC-FBDFD50E1A2B3C80,1.0,SYNTHETIC_LABEL_ONLY,1,SOURCE_TITLE_GROUNDED,1.0,NOT_REAL_MODEL_CONFIDENCE,False
REC-FB953E737A4427DC,1.0,SYNTHETIC_LABEL_ONLY,1,SOURCE_TITLE_GROUNDED,1.0,NOT_REAL_MODEL_CONFIDENCE,False
REC-A715326C6D54DFE2,1.0,SYNTHETIC_LABEL_ONLY,1,SOURCE_TITLE_GROUNDED,1.0,NOT_REAL_MODEL_CONFIDENCE,False
REC-E15C4E671A7311D6,1.0,SYNTHETIC_LABEL_ONLY,1,SOURCE_TITLE_GROUNDED,1.0,NOT_REAL_MODEL_CONFIDENCE,False
REC-E780B10D90AD6E06,1.0,SYNTHETIC_LABEL_ONLY,1,SOURCE_TITLE_GROUNDED,1.0,NOT_REAL_MODEL_CONFIDENCE,False
REC-1388899FAB2AE132,1.0,SYNTHETIC_LABEL_ONLY,1,SOURCE_TITLE_GROUNDED,1.0,NOT_REAL_MODEL_CONFIDENCE,False
REC-D80B1B8DD8C6EB48,1.0,SYNTHETIC_LABEL_ONLY,1,SOURCE_TITLE_GROUNDED,1.0,NOT_REAL_MODEL_CONFIDENCE,False
REC-32F92A49D4636CDF,1.0,SYNTHETIC_LABEL_ONLY,1,SOURCE_TITLE_GROUNDED,1.0,NOT_REAL_MODEL_CONFIDENCE,False
REC-4BB5EE2C8EB72BF0,1.0,SYNTHETIC_LABEL_ONLY,1,SOURCE_TITLE_GROUNDED,1.0,NOT_REAL_MODEL_CONFIDENCE,False
REC-4569EC22C5BE853D,1.0,SYNTHETIC_LABEL_ONLY,1,SOURCE_TITLE_GROUNDED,1.0,NOT_REAL_MODEL_CONFIDENCE,False
REC-0CBAB3031EE5C874,1.0,SYNTHETIC_LABEL_ONLY,1,SOURCE_TITLE_GROUNDED,1.0,NOT_REAL_MODEL_CONFIDENCE,False
REC-024BE81203C9762E,1.0,SYNTHETIC_LABEL_ONLY,1,SOURCE_TITLE_GROUNDED,1.0,NOT_REAL_MODEL_CONFIDENCE,False
REC-05C5FBEF9E174A28,1.0,SYNTHETIC_LABEL_ONLY,1,SOURCE_TITLE_GROUNDED,1.0,NOT_REAL_MODEL_CONFIDENCE,False
REC-819C65EA64247FD0,1.0,SYNTHETIC_LABEL_ONLY,1,SOURCE_TITLE_GROUNDED,1.0,NOT_REAL_MODEL_CONFIDENCE,False
REC-C9CF63141739A416,1.0,SYNTHETIC_LABEL_ONLY,1,SOURCE_TITLE_GROUNDED,1.0,NOT_REAL_MODEL_CONFIDENCE,False
REC-FA8FEDBEBD784926,1.0,SYNTHETIC_LABEL_ONLY,1,SOURCE_TITLE_GROUNDED,1.0,NOT_REAL_MODEL_CONFIDENCE,False
REC-102A090080E8A9D7,1.0,SYNTHETIC_LABEL_ONLY,1,SOURCE_TITLE_GROUNDED,1.0,NOT_REAL_MODEL_CONFIDENCE,False
REC-CE3653AB1785714E,1.0,SYNTHETIC_LABEL_ONLY,1,SOURCE_TITLE_GROUNDED,1.0,NOT_REAL_MODEL_CONFIDENCE,False
REC-20F3533F67BDB82A,1.0,SYNTHETIC_LABEL_ONLY,1,SOURCE_TITLE_GROUNDED,1.0,NOT_REAL_MODEL_CONFIDENCE,False
REC-FD2A058ED76B69C1,1.0,SYNTHETIC_LABEL_ONLY,1,SOURCE_TITLE_GROUNDED,1.0,NOT_REAL_MODEL_CONFIDENCE,False
REC-C1B73FC41C9295FB,1.0,SYNTHETIC_LABEL_ONLY,1,SOURCE_TITLE_GROUNDED,1.0,NOT_REAL_MODEL_CONFIDENCE,False
REC-44B2F90CA852E9AF,1.0,SYNTHETIC_LABEL_ONLY,1,SOURCE_TITLE_GROUNDED,1.0,NOT_REAL_MODEL_CONFIDENCE,False
REC-14EADC93982B9C58,1.0,SYNTHETIC_LABEL_ONLY,1,SOURCE_TITLE_GROUNDED,1.0,NOT_REAL_MODEL_CONFIDENCE,False
REC-4E7CA1DCD8974E7C,1.0,SYNTHETIC_LABEL_ONLY,1,SOURCE_TITLE_GROUNDED,1.0,NOT_REAL_MODEL_CONFIDENCE,False
REC-0E06916E45A042AC,1.0,SYNTHETIC_LABEL_ONLY,1,SOURCE_TITLE_GROUNDED,1.0,NOT_REAL_MODEL_CONFIDENCE,False
REC-D921D109AD415D8E,1.0,SYNTHETIC_LABEL_ONLY,1,SOURCE_TITLE_GROUNDED,1.0,NOT_REAL_MODEL_CONFIDENCE,False
REC-EABB56641FE0B97C,1.0,SYNTHETIC_LABEL_ONLY,1,SOURCE_TITLE_GROUNDED,1.0,NOT_REAL_MODEL_CONFIDENCE,False
REC-6D4249425F70708C,1.0,SYNTHETIC_LABEL_ONLY,1,SOURCE_TITLE_GROUNDED,1.0,NOT_REAL_MODEL_CONFIDENCE,False
REC-5CDDE83710CA73D7,1.0,SYNTHETIC_LABEL_ONLY,1,SOURCE_TITLE_GROUNDED,1.0,NOT_REAL_MODEL_CONFIDENCE,False
REC-BE2EE5A2C7E0AA3F,1.0,SYNTHETIC_LABEL_ONLY,1,SOURCE_TITLE_GROUNDED,1.0,NOT_REAL_MODEL_CONFIDENCE,False
REC-E3E495807796AA61,1.0,SYNTHETIC_LABEL_ONLY,1,SOURCE_TITLE_GROUNDED,1.0,NOT_REAL_MODEL_CONFIDENCE,False
REC-53CE9B271F974FC0,1.0,SYNTHETIC_LABEL_ONLY,1,SOURCE_TITLE_GROUNDED,1.0,NOT_REAL_MODEL_CONFIDENCE,False
REC-25502F1B491C38F0,1.0,SYNTHETIC_LABEL_ONLY,1,SOURCE_TITLE_GROUNDED,1.0,NOT_REAL_MODEL_CONFIDENCE,False
REC-4AF09FB3D2293050,1.0,SYNTHETIC_LABEL_ONLY,1,SOURCE_TITLE_GROUNDED,1.0,NOT_REAL_MODEL_CONFIDENCE,False
REC-29E5B06A82724C43,1.0,SYNTHETIC_LABEL_ONLY,1,SOURCE_TITLE_GROUNDED,1.0,NOT_REAL_MODEL_CONFIDENCE,False
REC-09CA152B5658DCDD,1.0,SYNTHETIC_LABEL_ONLY,1,SOURCE_TITLE_GROUNDED,1.0,NOT_REAL_MODEL_CONFIDENCE,False
REC-48827BFFC682EECB,1.0,SYNTHETIC_LABEL_ONLY,1,SOURCE_TITLE_GROUNDED,1.0,NOT_REAL_MODEL_CONFIDENCE,False
REC-679A39759E2B8863,1.0,SYNTHETIC_LABEL_ONLY,1,SOURCE_TITLE_GROUNDED,1.0,NOT_REAL_MODEL_CONFIDENCE,False
REC-04D6B514E385FFAC,1.0,SYNTHETIC_LABEL_ONLY,1,SOURCE_TITLE_GROUNDED,1.0,NOT_REAL_MODEL_CONFIDENCE,False
REC-5502BD3174D89951,1.0,SYNTHETIC_LABEL_ONLY,1,SOURCE_TITLE_GROUNDED,1.0,NOT_REAL_MODEL_CONFIDENCE,False
REC-C34036375FC99BC3,1.0,SYNTHETIC_LABEL_ONLY,1,SOURCE_TITLE_GROUNDED,1.0,NOT_REAL_MODEL_CONFIDENCE,False
REC-017068DB9E11E0AF,1.0,SYNTHETIC_LABEL_ONLY,1,SOURCE_TITLE_GROUNDED,1.0,NOT_REAL_MODEL_CONFIDENCE,False
REC-16D9D9E0D3D672C1,1.0,SYNTHETIC_LABEL_ONLY,1,SOURCE_TITLE_GROUNDED,1.0,NOT_REAL_MODEL_CONFIDENCE,False
REC-05F951EFADDA8E40,1.0,SYNTHETIC_LABEL_ONLY,1,SOURCE_TITLE_GROUNDED,1.0,NOT_REAL_MODEL_CONFIDENCE,False
REC-7F8302B3CBA3F3D5,1.0,SYNTHETIC_LABEL_ONLY,1,SOURCE_TITLE_GROUNDED,1.0,NOT_REAL_MODEL_CONFIDENCE,False
REC-C6914A498852A0A2,1.0,SYNTHETIC_LABEL_ONLY,1,SOURCE_TITLE_GROUNDED,1.0,NOT_REAL_MODEL_CONFIDENCE,False
REC-6C783D560D6EEF9C,1.0,SYNTHETIC_LABEL_ONLY,1,SOURCE_TITLE_GROUNDED,1.0,NOT_REAL_MODEL_CONFIDENCE,False
REC-6AA612519C492F33,1.0,SYNTHETIC_LABEL_ONLY,1,SOURCE_TITLE_GROUNDED,1.0,NOT_REAL_MODEL_CONFIDENCE,False
REC-F6357A5F23F28BE6,1.0,SYNTHETIC_LABEL_ONLY,1,SOURCE_TITLE_GROUNDED,1.0,NOT_REAL_MODEL_CONFIDENCE,False
REC-169196164C932D54,1.0,SYNTHETIC_LABEL_ONLY,1,SOURCE_TITLE_GROUNDED,1.0,NOT_REAL_MODEL_CONFIDENCE,False
REC-6519EF8DC957DDC9,1.0,SYNTHETIC_LABEL_ONLY,1,SOURCE_TITLE_GROUNDED,1.0,NOT_REAL_MODEL_CONFIDENCE,False
REC-477FC1193FEF022E,1.0,SYNTHETIC_LABEL_ONLY,1,SOURCE_TITLE_GROUNDED,1.0,NOT_REAL_MODEL_CONFIDENCE,False
REC-AECC3B6A6F22EA16,1.0,SYNTHETIC_LABEL_ONLY,1,SOURCE_TITLE_GROUNDED,1.0,NOT_REAL_MODEL_CONFIDENCE,False
REC-9CA353EED68CB84C,1.0,SYNTHETIC_LABEL_ONLY,1,SOURCE_TITLE_GROUNDED,1.0,NOT_REAL_MODEL_CONFIDENCE,False
REC-7F2CFC09AC542D23,1.0,SYNTHETIC_LABEL_ONLY,1,SOURCE_TITLE_GROUNDED,1.0,NOT_REAL_MODEL_CONFIDENCE,False
REC-86008F9199FD0CAD,1.0,SYNTHETIC_LABEL_ONLY,1,SOURCE_TITLE_GROUNDED,1.0,NOT_REAL_MODEL_CONFIDENCE,False
REC-528FCA7F5BF33059,1.0,SYNTHETIC_LABEL_ONLY,1,SOURCE_TITLE_GROUNDED,1.0,NOT_REAL_MODEL_CONFIDENCE,False
REC-47D8D9B5C2CB524F,1.0,SYNTHETIC_LABEL_ONLY,1,SOURCE_TITLE_GROUNDED,1.0,NOT_REAL_MODEL_CONFIDENCE,False
REC-ACC8DB6B87D530F4,1.0,SYNTHETIC_LABEL_ONLY,1,SOURCE_TITLE_GROUNDED,1.0,NOT_REAL_MODEL_CONFIDENCE,False
REC-A2DF9AC5CE848DEE,1.0,SYNTHETIC_LABEL_ONLY,1,SOURCE_TITLE_GROUNDED,1.0,NOT_REAL_MODEL_CONFIDENCE,False
REC-AD3C8F0CAD277D36,1.0,SYNTHETIC_LABEL_ONLY,1,SOURCE_TITLE_GROUNDED,1.0,NOT_REAL_MODEL_CONFIDENCE,False
REC-E2DF767D7F8BCCBE,1.0,SYNTHETIC_LABEL_ONLY,1,SOURCE_TITLE_GROUNDED,1.0,NOT_REAL_MODEL_CONFIDENCE,False
REC-915794376C52B682,1.0,SYNTHETIC_LABEL_ONLY,1,SOURCE_TITLE_GROUNDED,1.0,NOT_REAL_MODEL_CONFIDENCE,False
REC-7094AF751986C575,1.0,SYNTHETIC_LABEL_ONLY,1,SOURCE_TITLE_GROUNDED,1.0,NOT_REAL_MODEL_CONFIDENCE,False
REC-158FDF81A20A075D,1.0,SYNTHETIC_LABEL_ONLY,1,SOURCE_TITLE_GROUNDED,1.0,NOT_REAL_MODEL_CONFIDENCE,False
REC-51AC395CF660271A,1.0,SYNTHETIC_LABEL_ONLY,1,SOURCE_TITLE_GROUNDED,1.0,NOT_REAL_MODEL_CONFIDENCE,False
REC-6F213FCF17E9E199,1.0,SYNTHETIC_LABEL_ONLY,1,SOURCE_TITLE_GROUNDED,1.0,NOT_REAL_MODEL_CONFIDENCE,False
REC-048C0B95B1B8F03F,1.0,SYNTHETIC_LABEL_ONLY,1,SOURCE_TITLE_GROUNDED,1.0,NOT_REAL_MODEL_CONFIDENCE,False
REC-D725EF55B4CE4F9E,1.0,SYNTHETIC_LABEL_ONLY,1,SOURCE_TITLE_GROUNDED,1.0,NOT_REAL_MODEL_CONFIDENCE,False
REC-1E3EBAB71A5DB787,1.0,SYNTHETIC_LABEL_ONLY,1,SOURCE_TITLE_GROUNDED,1.0,NOT_REAL_MODEL_CONFIDENCE,False
REC-F6245DF39B1AA0E0,1.0,SYNTHETIC_LABEL_ONLY,1,SOURCE_TITLE_GROUNDED,1.0,NOT_REAL_MODEL_CONFIDENCE,False
REC-D81DEF9CD9C4E443,1.0,SYNTHETIC_LABEL_ONLY,1,SOURCE_TITLE_GROUNDED,1.0,NOT_REAL_MODEL_CONFIDENCE,False
REC-308B3A3825B4CE41,1.0,SYNTHETIC_LABEL_ONLY,1,SOURCE_TITLE_GROUNDED,1.0,NOT_REAL_MODEL_CONFIDENCE,False
REC-01ED140B2EA5F508,1.0,SYNTHETIC_LABEL_ONLY,1,SOURCE_TITLE_GROUNDED,1.0,NOT_REAL_MODEL_CONFIDENCE,False
REC-C93A40818643A386,1.0,SYNTHETIC_LABEL_ONLY,1,SOURCE_TITLE_GROUNDED,1.0,NOT_REAL_MODEL_CONFIDENCE,False
REC-87177B205DB3E590,1.0,SYNTHETIC_LABEL_ONLY,1,SOURCE_TITLE_GROUNDED,1.0,NOT_REAL_MODEL_CONFIDENCE,False
REC-5C677B3ADE6EBF4A,1.0,SYNTHETIC_LABEL_ONLY,1,SOURCE_TITLE_GROUNDED,1.0,NOT_REAL_MODEL_CONFIDENCE,False
REC-F34C078752C9BB00,1.0,SYNTHETIC_LABEL_ONLY,1,SOURCE_TITLE_GROUNDED,1.0,NOT_REAL_MODEL_CONFIDENCE,False
REC-31EA0E4FFBE3E270,1.0,SYNTHETIC_LABEL_ONLY,1,SOURCE_TITLE_GROUNDED,1.0,NOT_REAL_MODEL_CONFIDENCE,False
REC-832A645FC8198A94,1.0,SYNTHETIC_LABEL_ONLY,1,SOURCE_TITLE_GROUNDED,1.0,NOT_REAL_MODEL_CONFIDENCE,False
REC-F9DC0D3125C19DC9,1.0,SYNTHETIC_LABEL_ONLY,1,SOURCE_TITLE_GROUNDED,1.0,NOT_REAL_MODEL_CONFIDENCE,False
REC-CB8DBC8DAC94CC72,1.0,SYNTHETIC_LABEL_ONLY,1,SOURCE_TITLE_GROUNDED,1.0,NOT_REAL_MODEL_CONFIDENCE,False
REC-352AF6C0C4182B36,1.0,SYNTHETIC_LABEL_ONLY,1,SOURCE_TITLE_GROUNDED,1.0,NOT_REAL_MODEL_CONFIDENCE,False
REC-6D00527AC0463BB1,1.0,SYNTHETIC_LABEL_ONLY,1,SOURCE_TITLE_GROUNDED,1.0,NOT_REAL_MODEL_CONFIDENCE,False
REC-DDB606E2E0D24FA0,1.0,SYNTHETIC_LABEL_ONLY,1,SOURCE_TITLE_GROUNDED,1.0,NOT_REAL_MODEL_CONFIDENCE,False
REC-FF5A4EA8AFF91828,1.0,SYNTHETIC_LABEL_ONLY,1,SOURCE_TITLE_GROUNDED,1.0,NOT_REAL_MODEL_CONFIDENCE,False
REC-705457DB949C7AE6,1.0,SYNTHETIC_LABEL_ONLY,1,SOURCE_TITLE_GROUNDED,1.0,NOT_REAL_MODEL_CONFIDENCE,False
REC-CF7C9AA730112524,1.0,SYNTHETIC_LABEL_ONLY,1,SOURCE_TITLE_GROUNDED,1.0,NOT_REAL_MODEL_CONFIDENCE,False
REC-CA12B368B62C0350,1.0,SYNTHETIC_LABEL_ONLY,1,SOURCE_TITLE_GROUNDED,1.0,NOT_REAL_MODEL_CONFIDENCE,False
REC-5C7A93EFD0ED6C30,1.0,SYNTHETIC_LABEL_ONLY,1,SOURCE_TITLE_GROUNDED,1.0,NOT_REAL_MODEL_CONFIDENCE,False
REC-8BB55DC7CF060DD0,1.0,SYNTHETIC_LABEL_ONLY,1,SOURCE_TITLE_GROUNDED,1.0,NOT_REAL_MODEL_CONFIDENCE,False
REC-31A05D51E5746491,1.0,SYNTHETIC_LABEL_ONLY,1,SOURCE_TITLE_GROUNDED,1.0,NOT_REAL_MODEL_CONFIDENCE,False
REC-AB2F224CEDB3E23F,1.0,SYNTHETIC_LABEL_ONLY,1,SOURCE_TITLE_GROUNDED,1.0,NOT_REAL_MODEL_CONFIDENCE,False
REC-52BB2AC06D7474EC,1.0,SYNTHETIC_LABEL_ONLY,1,SOURCE_TITLE_GROUNDED,1.0,NOT_REAL_MODEL_CONFIDENCE,False
REC-1D86909A010F8560,1.0,SYNTHETIC_LABEL_ONLY,1,SOURCE_TITLE_GROUNDED,1.0,NOT_REAL_MODEL_CONFIDENCE,False
REC-4FB21CED96262F69,1.0,SYNTHETIC_LABEL_ONLY,1,SOURCE_TITLE_GROUNDED,1.0,NOT_REAL_MODEL_CONFIDENCE,False
REC-0DBC3BC6FD805725,1.0,SYNTHETIC_LABEL_ONLY,1,SOURCE_TITLE_GROUNDED,1.0,NOT_REAL_MODEL_CONFIDENCE,False
REC-F0787BF56B172671,1.0,SYNTHETIC_LABEL_ONLY,1,SOURCE_TITLE_GROUNDED,1.0,NOT_REAL_MODEL_CONFIDENCE,False
REC-22B32DA7CB3EFA98,1.0,SYNTHETIC_LABEL_ONLY,1,SOURCE_TITLE_GROUNDED,1.0,NOT_REAL_MODEL_CONFIDENCE,False
REC-37E72898684F2045,1.0,SYNTHETIC_LABEL_ONLY,1,SOURCE_TITLE_GROUNDED,1.0,NOT_REAL_MODEL_CONFIDENCE,False
REC-110CDFF988285CF8,1.0,SYNTHETIC_LABEL_ONLY,1,SOURCE_TITLE_GROUNDED,1.0,NOT_REAL_MODEL_CONFIDENCE,False
REC-09D483375E9B41BC,1.0,SYNTHETIC_LABEL_ONLY,1,SOURCE_TITLE_GROUNDED,1.0,NOT_REAL_MODEL_CONFIDENCE,False
REC-2189A8C438471FAD,1.0,SYNTHETIC_LABEL_ONLY,1,SOURCE_TITLE_GROUNDED,1.0,NOT_REAL_MODEL_CONFIDENCE,False
REC-47BAA42F91A64F3A,1.0,SYNTHETIC_LABEL_ONLY,1,SOURCE_TITLE_GROUNDED,1.0,NOT_REAL_MODEL_CONFIDENCE,False
REC-AB83C4F682F3147A,1.0,SYNTHETIC_LABEL_ONLY,1,SOURCE_TITLE_GROUNDED,1.0,NOT_REAL_MODEL_CONFIDENCE,False
REC-CCB4F76101EACAC0,1.0,SYNTHETIC_LABEL_ONLY,1,SOURCE_TITLE_GROUNDED,1.0,NOT_REAL_MODEL_CONFIDENCE,False
REC-A62F561172FC52B2,1.0,SYNTHETIC_LABEL_ONLY,1,SOURCE_TITLE_GROUNDED,1.0,NOT_REAL_MODEL_CONFIDENCE,False
REC-DC42B1F522CA28F9,1.0,SYNTHETIC_LABEL_ONLY,1,SOURCE_TITLE_GROUNDED,1.0,NOT_REAL_MODEL_CONFIDENCE,False
REC-2C2BF12B685A7D37,1.0,SYNTHETIC_LABEL_ONLY,1,SOURCE_TITLE_GROUNDED,1.0,NOT_REAL_MODEL_CONFIDENCE,False
REC-36146E834CD2A363,1.0,SYNTHETIC_LABEL_ONLY,1,SOURCE_TITLE_GROUNDED,1.0,NOT_REAL_MODEL_CONFIDENCE,False
REC-14D5F6D30FEFA4AF,1.0,SYNTHETIC_LABEL_ONLY,1,SOURCE_TITLE_GROUNDED,1.0,NOT_REAL_MODEL_CONFIDENCE,False
REC-97E890D4CAF258BC,1.0,SYNTHETIC_LABEL_ONLY,1,SOURCE_TITLE_GROUNDED,1.0,NOT_REAL_MODEL_CONFIDENCE,False
REC-BADCA0F467014DF7,1.0,SYNTHETIC_LABEL_ONLY,1,SOURCE_TITLE_GROUNDED,1.0,NOT_REAL_MODEL_CONFIDENCE,False
REC-84512DE3C0676522,1.0,SYNTHETIC_LABEL_ONLY,1,SOURCE_TITLE_GROUNDED,1.0,NOT_REAL_MODEL_CONFIDENCE,False
REC-8F696C03B1192117,1.0,SYNTHETIC_LABEL_ONLY,1,SOURCE_TITLE_GROUNDED,1.0,NOT_REAL_MODEL_CONFIDENCE,False
REC-9B05FD5510D03D42,1.0,SYNTHETIC_LABEL_ONLY,1,SOURCE_TITLE_GROUNDED,1.0,NOT_REAL_MODEL_CONFIDENCE,False
REC-B16B3F25B5E30E61,1.0,SYNTHETIC_LABEL_ONLY,1,SOURCE_TITLE_GROUNDED,1.0,NOT_REAL_MODEL_CONFIDENCE,False
REC-55364566CC17DC7A,1.0,SYNTHETIC_LABEL_ONLY,1,SOURCE_TITLE_GROUNDED,1.0,NOT_REAL_MODEL_CONFIDENCE,False
REC-7A56D2B03A0E9F6F,1.0,SYNTHETIC_LABEL_ONLY,1,SOURCE_TITLE_GROUNDED,1.0,NOT_REAL_MODEL_CONFIDENCE,False
REC-5F6DFC9601EEBCE6,1.0,SYNTHETIC_LABEL_ONLY,1,SOURCE_TITLE_GROUNDED,1.0,NOT_REAL_MODEL_CONFIDENCE,False
REC-803090E8BAE350FE,1.0,SYNTHETIC_LABEL_ONLY,1,SOURCE_TITLE_GROUNDED,1.0,NOT_REAL_MODEL_CONFIDENCE,False
REC-204DD12BF2411072,1.0,SYNTHETIC_LABEL_ONLY,1,SOURCE_TITLE_GROUNDED,1.0,NOT_REAL_MODEL_CONFIDENCE,False
REC-1C22C62F7CEEF46F,1.0,SYNTHETIC_LABEL_ONLY,1,SOURCE_TITLE_GROUNDED,1.0,NOT_REAL_MODEL_CONFIDENCE,False
REC-249DC507BB4C570F,1.0,SYNTHETIC_LABEL_ONLY,1,SOURCE_TITLE_GROUNDED,1.0,NOT_REAL_MODEL_CONFIDENCE,False
REC-A837354579AE9F62,1.0,SYNTHETIC_LABEL_ONLY,1,SOURCE_TITLE_GROUNDED,1.0,NOT_REAL_MODEL_CONFIDENCE,False
REC-65BE588D10F1DB91,1.0,SYNTHETIC_LABEL_ONLY,1,SOURCE_TITLE_GROUNDED,1.0,NOT_REAL_MODEL_CONFIDENCE,False
REC-D04A2BB399357C84,1.0,SYNTHETIC_LABEL_ONLY,1,SOURCE_TITLE_GROUNDED,1.0,NOT_REAL_MODEL_CONFIDENCE,False
REC-79D3C47E5399618D,1.0,SYNTHETIC_LABEL_ONLY,1,SOURCE_TITLE_GROUNDED,1.0,NOT_REAL_MODEL_CONFIDENCE,False
REC-AA52B489C3CBE202,1.0,SYNTHETIC_LABEL_ONLY,1,SOURCE_TITLE_GROUNDED,1.0,NOT_REAL_MODEL_CONFIDENCE,False
REC-B253BA602C1B07CE,1.0,SYNTHETIC_LABEL_ONLY,1,SOURCE_TITLE_GROUNDED,1.0,NOT_REAL_MODEL_CONFIDENCE,False
REC-33F502A814FB22F9,1.0,SYNTHETIC_LABEL_ONLY,1,SOURCE_TITLE_GROUNDED,1.0,NOT_REAL_MODEL_CONFIDENCE,False
REC-C792AC963B8D78EC,1.0,SYNTHETIC_LABEL_ONLY,1,SOURCE_TITLE_GROUNDED,1.0,NOT_REAL_MODEL_CONFIDENCE,False
REC-54C1FBCCCB619E0D,1.0,SYNTHETIC_LABEL_ONLY,1,SOURCE_TITLE_GROUNDED,1.0,NOT_REAL_MODEL_CONFIDENCE,False
REC-122B5123F33ABECD,1.0,SYNTHETIC_LABEL_ONLY,1,SOURCE_TITLE_GROUNDED,1.0,NOT_REAL_MODEL_CONFIDENCE,False
REC-B0F02821B712FF23,1.0,SYNTHETIC_LABEL_ONLY,1,SOURCE_TITLE_GROUNDED,1.0,NOT_REAL_MODEL_CONFIDENCE,False
REC-3D578117F434512D,1.0,SYNTHETIC_LABEL_ONLY,1,SOURCE_TITLE_GROUNDED,1.0,NOT_REAL_MODEL_CONFIDENCE,False
REC-66E5482C8CB63B91,1.0,SYNTHETIC_LABEL_ONLY,1,SOURCE_TITLE_GROUNDED,1.0,NOT_REAL_MODEL_CONFIDENCE,False
REC-87F8EF17D2A0C8AF,1.0,SYNTHETIC_LABEL_ONLY,1,SOURCE_TITLE_GROUNDED,1.0,NOT_REAL_MODEL_CONFIDENCE,False
REC-2FF8C351CB62BAF4,1.0,SYNTHETIC_LABEL_ONLY,1,SOURCE_TITLE_GROUNDED,1.0,NOT_REAL_MODEL_CONFIDENCE,False
REC-BC9ACF3A64F82FD7,1.0,SYNTHETIC_LABEL_ONLY,1,SOURCE_TITLE_GROUNDED,1.0,NOT_REAL_MODEL_CONFIDENCE,False
REC-4CFADBC2378F653D,1.0,SYNTHETIC_LABEL_ONLY,1,SOURCE_TITLE_GROUNDED,1.0,NOT_REAL_MODEL_CONFIDENCE,False
REC-B01B9FD5AFE4A317,1.0,SYNTHETIC_LABEL_ONLY,1,SOURCE_TITLE_GROUNDED,1.0,NOT_REAL_MODEL_CONFIDENCE,False
REC-CD6160B29DD191E0,1.0,SYNTHETIC_LABEL_ONLY,1,SOURCE_TITLE_GROUNDED,1.0,NOT_REAL_MODEL_CONFIDENCE,False
REC-EEDADB6AEC303410,1.0,SYNTHETIC_LABEL_ONLY,1,SOURCE_TITLE_GROUNDED,1.0,NOT_REAL_MODEL_CONFIDENCE,False
REC-B048F1EC9495CF2E,1.0,SYNTHETIC_LABEL_ONLY,1,SOURCE_TITLE_GROUNDED,1.0,NOT_REAL_MODEL_CONFIDENCE,False
REC-D551215CDDDEDF7B,1.0,SYNTHETIC_LABEL_ONLY,1,SOURCE_TITLE_GROUNDED,1.0,NOT_REAL_MODEL_CONFIDENCE,False
REC-F1BAF487E124FDAE,1.0,SYNTHETIC_LABEL_ONLY,1,SOURCE_TITLE_GROUNDED,1.0,NOT_REAL_MODEL_CONFIDENCE,False
REC-AB096C07D433786C,1.0,SYNTHETIC_LABEL_ONLY,1,SOURCE_TITLE_GROUNDED,1.0,NOT_REAL_MODEL_CONFIDENCE,False
REC-B2C8504EB27BDDB7,1.0,SYNTHETIC_LABEL_ONLY,1,SOURCE_TITLE_GROUNDED,1.0,NOT_REAL_MODEL_CONFIDENCE,False
REC-278389A95D67A6DD,1.0,SYNTHETIC_LABEL_ONLY,1,SOURCE_TITLE_GROUNDED,1.0,NOT_REAL_MODEL_CONFIDENCE,False
REC-85E9F8352D9D47B0,1.0,SYNTHETIC_LABEL_ONLY,1,SOURCE_TITLE_GROUNDED,1.0,NOT_REAL_MODEL_CONFIDENCE,False
REC-A339B4797412C2BA,1.0,SYNTHETIC_LABEL_ONLY,1,SOURCE_TITLE_GROUNDED,1.0,NOT_REAL_MODEL_CONFIDENCE,False
REC-329DDA671532E87F,1.0,SYNTHETIC_LABEL_ONLY,1,SOURCE_TITLE_GROUNDED,1.0,NOT_REAL_MODEL_CONFIDENCE,False
REC-50CA2A01DA39515E,1.0,SYNTHETIC_LABEL_ONLY,1,SOURCE_TITLE_GROUNDED,1.0,NOT_REAL_MODEL_CONFIDENCE,False
REC-8D839CA6A1C1352A,1.0,SYNTHETIC_LABEL_ONLY,1,SOURCE_TITLE_GROUNDED,1.0,NOT_REAL_MODEL_CONFIDENCE,False
REC-11A08650CBD48C6B,1.0,SYNTHETIC_LABEL_ONLY,1,SOURCE_TITLE_GROUNDED,1.0,NOT_REAL_MODEL_CONFIDENCE,False
REC-C986A2F5C3BBD401,1.0,SYNTHETIC_LABEL_ONLY,1,SOURCE_TITLE_GROUNDED,1.0,NOT_REAL_MODEL_CONFIDENCE,False
REC-5942418B858A7B16,1.0,SYNTHETIC_LABEL_ONLY,1,SOURCE_TITLE_GROUNDED,1.0,NOT_REAL_MODEL_CONFIDENCE,False
REC-D24BB134569B030B,1.0,SYNTHETIC_LABEL_ONLY,1,SOURCE_TITLE_GROUNDED,1.0,NOT_REAL_MODEL_CONFIDENCE,False
REC-00432733AE75DFB4,1.0,SYNTHETIC_LABEL_ONLY,1,SOURCE_TITLE_GROUNDED,1.0,NOT_REAL_MODEL_CONFIDENCE,False
REC-0A690488976883BB,1.0,SYNTHETIC_LABEL_ONLY,1,SOURCE_TITLE_GROUNDED,1.0,NOT_REAL_MODEL_CONFIDENCE,False
REC-14F0953283749C3E,1.0,SYNTHETIC_LABEL_ONLY,1,SOURCE_TITLE_GROUNDED,1.0,NOT_REAL_MODEL_CONFIDENCE,False
REC-B3C311EFECC97FB3,1.0,SYNTHETIC_LABEL_ONLY,1,SOURCE_TITLE_GROUNDED,1.0,NOT_REAL_MODEL_CONFIDENCE,False
REC-0993520839B91AF2,1.0,SYNTHETIC_LABEL_ONLY,1,SOURCE_TITLE_GROUNDED,1.0,NOT_REAL_MODEL_CONFIDENCE,False
REC-1985BBD0E1B74A4A,1.0,SYNTHETIC_LABEL_ONLY,1,SOURCE_TITLE_GROUNDED,1.0,NOT_REAL_MODEL_CONFIDENCE,False
REC-3C85831D34EE3195,1.0,SYNTHETIC_LABEL_ONLY,1,SOURCE_TITLE_GROUNDED,1.0,NOT_REAL_MODEL_CONFIDENCE,False
REC-72B995D73A51A3D9,1.0,SYNTHETIC_LABEL_ONLY,1,SOURCE_TITLE_GROUNDED,1.0,NOT_REAL_MODEL_CONFIDENCE,False
REC-96E3CD894A7A624E,1.0,SYNTHETIC_LABEL_ONLY,1,SOURCE_TITLE_GROUNDED,1.0,NOT_REAL_MODEL_CONFIDENCE,False
REC-6A94FED5BE04CFAF,1.0,SYNTHETIC_LABEL_ONLY,1,SOURCE_TITLE_GROUNDED,1.0,NOT_REAL_MODEL_CONFIDENCE,False
REC-B50953FEFFE512A7,1.0,SYNTHETIC_LABEL_ONLY,1,SOURCE_TITLE_GROUNDED,1.0,NOT_REAL_MODEL_CONFIDENCE,False
REC-817F92F8BE7CD29D,1.0,SYNTHETIC_LABEL_ONLY,1,SOURCE_TITLE_GROUNDED,1.0,NOT_REAL_MODEL_CONFIDENCE,False
REC-C44D392A37D75EC9,1.0,SYNTHETIC_LABEL_ONLY,1,SOURCE_TITLE_GROUNDED,1.0,NOT_REAL_MODEL_CONFIDENCE,False
REC-13594189F44BEF41,1.0,SYNTHETIC_LABEL_ONLY,1,SOURCE_TITLE_GROUNDED,1.0,NOT_REAL_MODEL_CONFIDENCE,False
REC-9670490FDFF18BB5,1.0,SYNTHETIC_LABEL_ONLY,1,SOURCE_TITLE_GROUNDED,1.0,NOT_REAL_MODEL_CONFIDENCE,False
REC-C9B8C92238A00DD0,1.0,SYNTHETIC_LABEL_ONLY,1,SOURCE_TITLE_GROUNDED,1.0,NOT_REAL_MODEL_CONFIDENCE,False
REC-1E6618A3F78D68A5,1.0,SYNTHETIC_LABEL_ONLY,1,SOURCE_TITLE_GROUNDED,1.0,NOT_REAL_MODEL_CONFIDENCE,False
REC-3E74D11A14756694,1.0,SYNTHETIC_LABEL_ONLY,1,SOURCE_TITLE_GROUNDED,1.0,NOT_REAL_MODEL_CONFIDENCE,False
REC-2D42C3186FB4E313,1.0,SYNTHETIC_LABEL_ONLY,1,SOURCE_TITLE_GROUNDED,1.0,NOT_REAL_MODEL_CONFIDENCE,False
REC-C162B572F30C1AC6,1.0,SYNTHETIC_LABEL_ONLY,1,SOURCE_TITLE_GROUNDED,1.0,NOT_REAL_MODEL_CONFIDENCE,False
REC-7149513D5CDFCDE5,1.0,SYNTHETIC_LABEL_ONLY,1,SOURCE_TITLE_GROUNDED,1.0,NOT_REAL_MODEL_CONFIDENCE,False
REC-23C40A220987A2C8,1.0,SYNTHETIC_LABEL_ONLY,1,SOURCE_TITLE_GROUNDED,1.0,NOT_REAL_MODEL_CONFIDENCE,False
REC-95163288DA488895,1.0,SYNTHETIC_LABEL_ONLY,1,SOURCE_TITLE_GROUNDED,1.0,NOT_REAL_MODEL_CONFIDENCE,False
REC-C840962D94B0AD68,1.0,SYNTHETIC_LABEL_ONLY,1,SOURCE_TITLE_GROUNDED,1.0,NOT_REAL_MODEL_CONFIDENCE,False
REC-825CA63784956E81,1.0,SYNTHETIC_LABEL_ONLY,1,SOURCE_TITLE_GROUNDED,1.0,NOT_REAL_MODEL_CONFIDENCE,False
REC-D17994328994001E,1.0,SYNTHETIC_LABEL_ONLY,1,SOURCE_TITLE_GROUNDED,1.0,NOT_REAL_MODEL_CONFIDENCE,False
REC-6BCD4863EF8F76A3,1.0,SYNTHETIC_LABEL_ONLY,1,SOURCE_TITLE_GROUNDED,1.0,NOT_REAL_MODEL_CONFIDENCE,False
REC-0960A7325CED681C,1.0,SYNTHETIC_LABEL_ONLY,1,SOURCE_TITLE_GROUNDED,1.0,NOT_REAL_MODEL_CONFIDENCE,False
REC-7240573C48A9F576,1.0,SYNTHETIC_LABEL_ONLY,1,SOURCE_TITLE_GROUNDED,1.0,NOT_REAL_MODEL_CONFIDENCE,False
REC-23A107E067E29435,1.0,SYNTHETIC_LABEL_ONLY,1,SOURCE_TITLE_GROUNDED,1.0,NOT_REAL_MODEL_CONFIDENCE,False
REC-7BB8A0E44B1BD34F,1.0,SYNTHETIC_LABEL_ONLY,1,SOURCE_TITLE_GROUNDED,1.0,NOT_REAL_MODEL_CONFIDENCE,False
REC-63C77F35CA7C744C,1.0,SYNTHETIC_LABEL_ONLY,1,SOURCE_TITLE_GROUNDED,1.0,NOT_REAL_MODEL_CONFIDENCE,False
REC-ACEF87359C93E385,1.0,SYNTHETIC_LABEL_ONLY,1,SOURCE_TITLE_GROUNDED,1.0,NOT_REAL_MODEL_CONFIDENCE,False
REC-08BFADDC59D82944,1.0,SYNTHETIC_LABEL_ONLY,1,SOURCE_TITLE_GROUNDED,1.0,NOT_REAL_MODEL_CONFIDENCE,False
REC-23D498FC10DE8D1F,1.0,SYNTHETIC_LABEL_ONLY,1,SOURCE_TITLE_GROUNDED,1.0,NOT_REAL_MODEL_CONFIDENCE,False
REC-001C0780370D8C14,1.0,SYNTHETIC_LABEL_ONLY,1,SOURCE_TITLE_GROUNDED,1.0,NOT_REAL_MODEL_CONFIDENCE,False
REC-0080BE622DA911A9,1.0,SYNTHETIC_LABEL_ONLY,1,SOURCE_TITLE_GROUNDED,1.0,NOT_REAL_MODEL_CONFIDENCE,False
REC-F1B734416F2053FE,1.0,SYNTHETIC_LABEL_ONLY,1,SOURCE_TITLE_GROUNDED,1.0,NOT_REAL_MODEL_CONFIDENCE,False
REC-76D9C49C7F6E64D9,1.0,SYNTHETIC_LABEL_ONLY,1,SOURCE_TITLE_GROUNDED,1.0,NOT_REAL_MODEL_CONFIDENCE,False
REC-29D59CAA550EB81A,1.0,SYNTHETIC_LABEL_ONLY,1,SOURCE_TITLE_GROUNDED,1.0,NOT_REAL_MODEL_CONFIDENCE,False
REC-6C01D9F0CFD80044,1.0,SYNTHETIC_LABEL_ONLY,1,SOURCE_TITLE_GROUNDED,1.0,NOT_REAL_MODEL_CONFIDENCE,False
REC-4B44F673986C7079,1.0,SYNTHETIC_LABEL_ONLY,1,SOURCE_TITLE_GROUNDED,1.0,NOT_REAL_MODEL_CONFIDENCE,False
REC-4F8A51338BCA6AC0,1.0,SYNTHETIC_LABEL_ONLY,1,SOURCE_TITLE_GROUNDED,1.0,NOT_REAL_MODEL_CONFIDENCE,False
REC-69BF52ED7D4A4A49,1.0,SYNTHETIC_LABEL_ONLY,1,SOURCE_TITLE_GROUNDED,1.0,NOT_REAL_MODEL_CONFIDENCE,False
REC-BFFA292503CDA197,1.0,SYNTHETIC_LABEL_ONLY,1,SOURCE_TITLE_GROUNDED,1.0,NOT_REAL_MODEL_CONFIDENCE,False
REC-F6900469CC391BD7,1.0,SYNTHETIC_LABEL_ONLY,1,SOURCE_TITLE_GROUNDED,1.0,NOT_REAL_MODEL_CONFIDENCE,False
REC-09FCD1739213EBFB,1.0,SYNTHETIC_LABEL_ONLY,1,SOURCE_TITLE_GROUNDED,1.0,NOT_REAL_MODEL_CONFIDENCE,False
REC-675A36272F945AC5,1.0,SYNTHETIC_LABEL_ONLY,1,SOURCE_TITLE_GROUNDED,1.0,NOT_REAL_MODEL_CONFIDENCE,False
REC-6E3702572B2A81AD,1.0,SYNTHETIC_LABEL_ONLY,1,SOURCE_TITLE_GROUNDED,1.0,NOT_REAL_MODEL_CONFIDENCE,False
REC-5F139148DC005B95,1.0,SYNTHETIC_LABEL_ONLY,1,SOURCE_TITLE_GROUNDED,1.0,NOT_REAL_MODEL_CONFIDENCE,False
REC-298A3664D1EB231A,1.0,SYNTHETIC_LABEL_ONLY,1,SOURCE_TITLE_GROUNDED,1.0,NOT_REAL_MODEL_CONFIDENCE,False
REC-D56A16082F97B0DB,1.0,SYNTHETIC_LABEL_ONLY,1,SOURCE_TITLE_GROUNDED,1.0,NOT_REAL_MODEL_CONFIDENCE,False
REC-396EE4827568B2D5,1.0,SYNTHETIC_LABEL_ONLY,1,SOURCE_TITLE_GROUNDED,1.0,NOT_REAL_MODEL_CONFIDENCE,False
REC-201BFA8C9BA23CE9,1.0,SYNTHETIC_LABEL_ONLY,1,SOURCE_TITLE_GROUNDED,1.0,NOT_REAL_MODEL_CONFIDENCE,False
REC-504FB0E50A01491C,1.0,SYNTHETIC_LABEL_ONLY,1,SOURCE_TITLE_GROUNDED,1.0,NOT_REAL_MODEL_CONFIDENCE,False
REC-2484DE36AF1C5C3C,1.0,SYNTHETIC_LABEL_ONLY,1,SOURCE_TITLE_GROUNDED,1.0,NOT_REAL_MODEL_CONFIDENCE,False
REC-AE6ED78630AADB29,1.0,SYNTHETIC_LABEL_ONLY,1,SOURCE_TITLE_GROUNDED,1.0,NOT_REAL_MODEL_CONFIDENCE,False
REC-4B27D60ED8E89987,1.0,SYNTHETIC_LABEL_ONLY,1,SOURCE_TITLE_GROUNDED,1.0,NOT_REAL_MODEL_CONFIDENCE,False
REC-3A701E79027C9C56,1.0,SYNTHETIC_LABEL_ONLY,1,SOURCE_TITLE_GROUNDED,1.0,NOT_REAL_MODEL_CONFIDENCE,False
REC-61A50CD42393632C,1.0,SYNTHETIC_LABEL_ONLY,1,SOURCE_TITLE_GROUNDED,1.0,NOT_REAL_MODEL_CONFIDENCE,False
REC-530FD3A0D8124260,1.0,SYNTHETIC_LABEL_ONLY,1,SOURCE_TITLE_GROUNDED,1.0,NOT_REAL_MODEL_CONFIDENCE,False
REC-7C13EC52B8505D06,1.0,SYNTHETIC_LABEL_ONLY,1,SOURCE_TITLE_GROUNDED,1.0,NOT_REAL_MODEL_CONFIDENCE,False
REC-54D11F64014C34CF,1.0,SYNTHETIC_LABEL_ONLY,1,SOURCE_TITLE_GROUNDED,1.0,NOT_REAL_MODEL_CONFIDENCE,False
REC-4EE4B6B782FCD63A,1.0,SYNTHETIC_LABEL_ONLY,1,SOURCE_TITLE_GROUNDED,1.0,NOT_REAL_MODEL_CONFIDENCE,False
REC-461CB77D45292864,1.0,SYNTHETIC_LABEL_ONLY,1,SOURCE_TITLE_GROUNDED,1.0,NOT_REAL_MODEL_CONFIDENCE,False
REC-CDEA9DC34940AF82,1.0,SYNTHETIC_LABEL_ONLY,1,SOURCE_TITLE_GROUNDED,1.0,NOT_REAL_MODEL_CONFIDENCE,False
REC-5A8B80FFCD64A901,1.0,SYNTHETIC_LABEL_ONLY,1,SOURCE_TITLE_GROUNDED,1.0,NOT_REAL_MODEL_CONFIDENCE,False
REC-F0581AB89C78BF5E,1.0,SYNTHETIC_LABEL_ONLY,1,SOURCE_TITLE_GROUNDED,1.0,NOT_REAL_MODEL_CONFIDENCE,False
REC-3726E90BEDBD1D15,1.0,SYNTHETIC_LABEL_ONLY,1,SOURCE_TITLE_GROUNDED,1.0,NOT_REAL_MODEL_CONFIDENCE,False
REC-39AE68CDA5183CD1,1.0,SYNTHETIC_LABEL_ONLY,1,SOURCE_TITLE_GROUNDED,1.0,NOT_REAL_MODEL_CONFIDENCE,False
REC-2A8D8A45E1AE15E1,1.0,SYNTHETIC_LABEL_ONLY,1,SOURCE_TITLE_GROUNDED,1.0,NOT_REAL_MODEL_CONFIDENCE,False
REC-0A41EEDC71461789,1.0,SYNTHETIC_LABEL_ONLY,1,SOURCE_TITLE_GROUNDED,1.0,NOT_REAL_MODEL_CONFIDENCE,False
REC-1D446EDC44180AB9,1.0,SYNTHETIC_LABEL_ONLY,1,SOURCE_TITLE_GROUNDED,1.0,NOT_REAL_MODEL_CONFIDENCE,False
REC-F934F06187E9B266,1.0,SYNTHETIC_LABEL_ONLY,1,SOURCE_TITLE_GROUNDED,1.0,NOT_REAL_MODEL_CONFIDENCE,False
REC-DC742FC9B9FAEDDC,1.0,SYNTHETIC_LABEL_ONLY,1,SOURCE_TITLE_GROUNDED,1.0,NOT_REAL_MODEL_CONFIDENCE,False
REC-1BF66316A475112D,1.0,SYNTHETIC_LABEL_ONLY,1,SOURCE_TITLE_GROUNDED,1.0,NOT_REAL_MODEL_CONFIDENCE,False
REC-59FD910D29EEA16D,1.0,SYNTHETIC_LABEL_ONLY,1,SOURCE_TITLE_GROUNDED,1.0,NOT_REAL_MODEL_CONFIDENCE,False
REC-FF6DD686E638A0B8,1.0,SYNTHETIC_LABEL_ONLY,1,SOURCE_TITLE_GROUNDED,1.0,NOT_REAL_MODEL_CONFIDENCE,False
REC-7D9C3F70DC1B23E9,1.0,SYNTHETIC_LABEL_ONLY,1,SOURCE_TITLE_GROUNDED,1.0,NOT_REAL_MODEL_CONFIDENCE,False
REC-50C3E2AC3EF29493,1.0,SYNTHETIC_LABEL_ONLY,1,SOURCE_TITLE_GROUNDED,1.0,NOT_REAL_MODEL_CONFIDENCE,False
REC-3907C1999734E422,1.0,SYNTHETIC_LABEL_ONLY,1,SOURCE_TITLE_GROUNDED,1.0,NOT_REAL_MODEL_CONFIDENCE,False
REC-A0F984BA0C3D32E3,1.0,SYNTHETIC_LABEL_ONLY,1,SOURCE_TITLE_GROUNDED,1.0,NOT_REAL_MODEL_CONFIDENCE,False
REC-194B32E2B1F3FBCC,1.0,SYNTHETIC_LABEL_ONLY,1,SOURCE_TITLE_GROUNDED,1.0,NOT_REAL_MODEL_CONFIDENCE,False
REC-F476590122ED8D17,1.0,SYNTHETIC_LABEL_ONLY,1,SOURCE_TITLE_GROUNDED,1.0,NOT_REAL_MODEL_CONFIDENCE,False
REC-4CB868BF1E9988BD,1.0,SYNTHETIC_LABEL_ONLY,1,SOURCE_TITLE_GROUNDED,1.0,NOT_REAL_MODEL_CONFIDENCE,False
REC-A969722A4216A391,1.0,SYNTHETIC_LABEL_ONLY,1,SOURCE_TITLE_GROUNDED,1.0,NOT_REAL_MODEL_CONFIDENCE,False
REC-89DC8602068000D6,1.0,SYNTHETIC_LABEL_ONLY,1,SOURCE_TITLE_GROUNDED,1.0,NOT_REAL_MODEL_CONFIDENCE,False
REC-C33753975E224186,1.0,SYNTHETIC_LABEL_ONLY,1,SOURCE_TITLE_GROUNDED,1.0,NOT_REAL_MODEL_CONFIDENCE,False
REC-0E01286E604C1B80,1.0,SYNTHETIC_LABEL_ONLY,1,SOURCE_TITLE_GROUNDED,1.0,NOT_REAL_MODEL_CONFIDENCE,False
REC-83F230B5FE1E31B1,1.0,SYNTHETIC_LABEL_ONLY,1,SOURCE_TITLE_GROUNDED,1.0,NOT_REAL_MODEL_CONFIDENCE,False
REC-14F193A97A49F6B2,1.0,SYNTHETIC_LABEL_ONLY,1,SOURCE_TITLE_GROUNDED,1.0,NOT_REAL_MODEL_CONFIDENCE,False
REC-FC1681C196C5752F,1.0,SYNTHETIC_LABEL_ONLY,1,SOURCE_TITLE_GROUNDED,1.0,NOT_REAL_MODEL_CONFIDENCE,False
REC-074974F3BCB712AD,1.0,SYNTHETIC_LABEL_ONLY,1,SOURCE_TITLE_GROUNDED,1.0,NOT_REAL_MODEL_CONFIDENCE,False
REC-07EF18581C63FA89,1.0,SYNTHETIC_LABEL_ONLY,1,SOURCE_TITLE_GROUNDED,1.0,NOT_REAL_MODEL_CONFIDENCE,False
REC-7D5D7448CA92ABC9,1.0,SYNTHETIC_LABEL_ONLY,1,SOURCE_TITLE_GROUNDED,1.0,NOT_REAL_MODEL_CONFIDENCE,False
REC-2561133AFCBD54E3,1.0,SYNTHETIC_LABEL_ONLY,1,SOURCE_TITLE_GROUNDED,1.0,NOT_REAL_MODEL_CONFIDENCE,False
REC-73449639AFDD1A01,1.0,SYNTHETIC_LABEL_ONLY,1,SOURCE_TITLE_GROUNDED,1.0,NOT_REAL_MODEL_CONFIDENCE,False
REC-160DDC363EEA78B3,1.0,SYNTHETIC_LABEL_ONLY,1,SOURCE_TITLE_GROUNDED,1.0,NOT_REAL_MODEL_CONFIDENCE,False
REC-B0C4DF89DA6D906C,1.0,SYNTHETIC_LABEL_ONLY,1,SOURCE_TITLE_GROUNDED,1.0,NOT_REAL_MODEL_CONFIDENCE,False
REC-55253B58E45CB38F,1.0,SYNTHETIC_LABEL_ONLY,1,SOURCE_TITLE_GROUNDED,1.0,NOT_REAL_MODEL_CONFIDENCE,False
REC-7622D0A056B3A63D,1.0,SYNTHETIC_LABEL_ONLY,1,SOURCE_TITLE_GROUNDED,1.0,NOT_REAL_MODEL_CONFIDENCE,False
REC-AD7DF1E699FD829A,1.0,SYNTHETIC_LABEL_ONLY,1,SOURCE_TITLE_GROUNDED,1.0,NOT_REAL_MODEL_CONFIDENCE,False
REC-6894B5426C67CE74,1.0,SYNTHETIC_LABEL_ONLY,1,SOURCE_TITLE_GROUNDED,1.0,NOT_REAL_MODEL_CONFIDENCE,False
REC-6CA51734740F4793,1.0,SYNTHETIC_LABEL_ONLY,1,SOURCE_TITLE_GROUNDED,1.0,NOT_REAL_MODEL_CONFIDENCE,False
REC-6E440DD3C5DA7301,1.0,SYNTHETIC_LABEL_ONLY,1,SOURCE_TITLE_GROUNDED,1.0,NOT_REAL_MODEL_CONFIDENCE,False
REC-611247A65CD15AE5,1.0,SYNTHETIC_LABEL_ONLY,1,SOURCE_TITLE_GROUNDED,1.0,NOT_REAL_MODEL_CONFIDENCE,False
REC-3058F954FEC5B0FD,1.0,SYNTHETIC_LABEL_ONLY,1,SOURCE_TITLE_GROUNDED,1.0,NOT_REAL_MODEL_CONFIDENCE,False
REC-D81F84AA6623FEBA,1.0,SYNTHETIC_LABEL_ONLY,1,SOURCE_TITLE_GROUNDED,1.0,NOT_REAL_MODEL_CONFIDENCE,False
REC-A933EBE98B873373,1.0,SYNTHETIC_LABEL_ONLY,1,SOURCE_TITLE_GROUNDED,1.0,NOT_REAL_MODEL_CONFIDENCE,False
REC-B9C38FC97E273CB5,1.0,SYNTHETIC_LABEL_ONLY,1,SOURCE_TITLE_GROUNDED,1.0,NOT_REAL_MODEL_CONFIDENCE,False
REC-C53650A455DABD77,1.0,SYNTHETIC_LABEL_ONLY,1,SOURCE_TITLE_GROUNDED,1.0,NOT_REAL_MODEL_CONFIDENCE,False
REC-A8B68438A40FF578,1.0,SYNTHETIC_LABEL_ONLY,1,SOURCE_TITLE_GROUNDED,1.0,NOT_REAL_MODEL_CONFIDENCE,False
REC-C5082B15F48F119E,1.0,SYNTHETIC_LABEL_ONLY,1,SOURCE_TITLE_GROUNDED,1.0,NOT_REAL_MODEL_CONFIDENCE,False
REC-0FF968D636C4E8FB,1.0,SYNTHETIC_LABEL_ONLY,1,SOURCE_TITLE_GROUNDED,1.0,NOT_REAL_MODEL_CONFIDENCE,False
REC-E1669C8506435330,1.0,SYNTHETIC_LABEL_ONLY,1,SOURCE_TITLE_GROUNDED,1.0,NOT_REAL_MODEL_CONFIDENCE,False
REC-6BEA2D76B90730E6,1.0,SYNTHETIC_LABEL_ONLY,1,SOURCE_TITLE_GROUNDED,1.0,NOT_REAL_MODEL_CONFIDENCE,False
REC-8551B79530081C0D,1.0,SYNTHETIC_LABEL_ONLY,1,SOURCE_TITLE_GROUNDED,1.0,NOT_REAL_MODEL_CONFIDENCE,False
REC-4020EC89316801B3,1.0,SYNTHETIC_LABEL_ONLY,1,SOURCE_TITLE_GROUNDED,1.0,NOT_REAL_MODEL_CONFIDENCE,False
REC-3DE5074E0380DAA6,1.0,SYNTHETIC_LABEL_ONLY,1,SOURCE_TITLE_GROUNDED,1.0,NOT_REAL_MODEL_CONFIDENCE,False
REC-6D3B54DFBD9880C5,1.0,SYNTHETIC_LABEL_ONLY,1,SOURCE_TITLE_GROUNDED,1.0,NOT_REAL_MODEL_CONFIDENCE,False
REC-95F97BCE163ABDF3,1.0,SYNTHETIC_LABEL_ONLY,1,SOURCE_TITLE_GROUNDED,1.0,NOT_REAL_MODEL_CONFIDENCE,False
REC-A24899B39BC4CEB9,1.0,SYNTHETIC_LABEL_ONLY,1,SOURCE_TITLE_GROUNDED,1.0,NOT_REAL_MODEL_CONFIDENCE,False
REC-34EB959A263BAF05,1.0,SYNTHETIC_LABEL_ONLY,1,SOURCE_TITLE_GROUNDED,1.0,NOT_REAL_MODEL_CONFIDENCE,False
REC-70993F16CADC3A12,1.0,SYNTHETIC_LABEL_ONLY,1,SOURCE_TITLE_GROUNDED,1.0,NOT_REAL_MODEL_CONFIDENCE,False
REC-7F7CE2A1F576F0A5,1.0,SYNTHETIC_LABEL_ONLY,1,SOURCE_TITLE_GROUNDED,1.0,NOT_REAL_MODEL_CONFIDENCE,False
REC-A45CC6E8D21D2AC7,1.0,SYNTHETIC_LABEL_ONLY,1,SOURCE_TITLE_GROUNDED,1.0,NOT_REAL_MODEL_CONFIDENCE,False
REC-D361A925467A099A,1.0,SYNTHETIC_LABEL_ONLY,1,SOURCE_TITLE_GROUNDED,1.0,NOT_REAL_MODEL_CONFIDENCE,False
REC-8360E6574F35DB32,1.0,SYNTHETIC_LABEL_ONLY,1,SOURCE_TITLE_GROUNDED,1.0,NOT_REAL_MODEL_CONFIDENCE,False
REC-C22D147A69D62AB3,1.0,SYNTHETIC_LABEL_ONLY,1,SOURCE_TITLE_GROUNDED,1.0,NOT_REAL_MODEL_CONFIDENCE,False
REC-B403E24520AEBADC,1.0,SYNTHETIC_LABEL_ONLY,1,SOURCE_TITLE_GROUNDED,1.0,NOT_REAL_MODEL_CONFIDENCE,False
REC-A236DA57CCF52B6B,1.0,SYNTHETIC_LABEL_ONLY,1,SOURCE_TITLE_GROUNDED,1.0,NOT_REAL_MODEL_CONFIDENCE,False
REC-45D091A9FCCCB670,1.0,SYNTHETIC_LABEL_ONLY,1,SOURCE_TITLE_GROUNDED,1.0,NOT_REAL_MODEL_CONFIDENCE,False
REC-C5D068584050D14C,1.0,SYNTHETIC_LABEL_ONLY,1,SOURCE_TITLE_GROUNDED,1.0,NOT_REAL_MODEL_CONFIDENCE,False
REC-84049BCDC02EB4FE,1.0,SYNTHETIC_LABEL_ONLY,1,SOURCE_TITLE_GROUNDED,1.0,NOT_REAL_MODEL_CONFIDENCE,False
REC-771A86955EA95744,1.0,SYNTHETIC_LABEL_ONLY,1,SOURCE_TITLE_GROUNDED,1.0,NOT_REAL_MODEL_CONFIDENCE,False
REC-991B1FEA9D6EC111,1.0,SYNTHETIC_LABEL_ONLY,1,SOURCE_TITLE_GROUNDED,1.0,NOT_REAL_MODEL_CONFIDENCE,False
REC-1C6FE24EF0C8CCE4,1.0,SYNTHETIC_LABEL_ONLY,1,SOURCE_TITLE_GROUNDED,1.0,NOT_REAL_MODEL_CONFIDENCE,False
REC-2C1351F2E6A3F182,1.0,SYNTHETIC_LABEL_ONLY,1,SOURCE_TITLE_GROUNDED,1.0,NOT_REAL_MODEL_CONFIDENCE,False
REC-343E749C9B387AF7,1.0,SYNTHETIC_LABEL_ONLY,1,SOURCE_TITLE_GROUNDED,1.0,NOT_REAL_MODEL_CONFIDENCE,False
REC-8C10641E454298DE,1.0,SYNTHETIC_LABEL_ONLY,1,SOURCE_TITLE_GROUNDED,1.0,NOT_REAL_MODEL_CONFIDENCE,False
REC-3A1979A05C89C187,1.0,SYNTHETIC_LABEL_ONLY,1,SOURCE_TITLE_GROUNDED,1.0,NOT_REAL_MODEL_CONFIDENCE,False
REC-8A43FF6F6AA2249F,1.0,SYNTHETIC_LABEL_ONLY,1,SOURCE_TITLE_GROUNDED,1.0,NOT_REAL_MODEL_CONFIDENCE,False
REC-2D32BF5A1E234D4E,1.0,SYNTHETIC_LABEL_ONLY,1,SOURCE_TITLE_GROUNDED,1.0,NOT_REAL_MODEL_CONFIDENCE,False
REC-9AE077B085BDEC2B,1.0,SYNTHETIC_LABEL_ONLY,1,SOURCE_TITLE_GROUNDED,1.0,NOT_REAL_MODEL_CONFIDENCE,False
REC-887F3856D1028C27,1.0,SYNTHETIC_LABEL_ONLY,1,SOURCE_TITLE_GROUNDED,1.0,NOT_REAL_MODEL_CONFIDENCE,False
REC-2A2CB8145D0EA050,1.0,SYNTHETIC_LABEL_ONLY,1,SOURCE_TITLE_GROUNDED,1.0,NOT_REAL_MODEL_CONFIDENCE,False
REC-0287D81BD561B628,1.0,SYNTHETIC_LABEL_ONLY,1,SOURCE_TITLE_GROUNDED,1.0,NOT_REAL_MODEL_CONFIDENCE,False
REC-1AB148714633F3C4,1.0,SYNTHETIC_LABEL_ONLY,1,SOURCE_TITLE_GROUNDED,1.0,NOT_REAL_MODEL_CONFIDENCE,False
REC-8692429D01EC9C68,1.0,SYNTHETIC_LABEL_ONLY,1,SOURCE_TITLE_GROUNDED,1.0,NOT_REAL_MODEL_CONFIDENCE,False
REC-EFC41C8ABEA79673,1.0,SYNTHETIC_LABEL_ONLY,1,SOURCE_TITLE_GROUNDED,1.0,NOT_REAL_MODEL_CONFIDENCE,False
REC-5D7CB3C9E1046E41,1.0,SYNTHETIC_LABEL_ONLY,1,SOURCE_TITLE_GROUNDED,1.0,NOT_REAL_MODEL_CONFIDENCE,False
REC-1F6E24E6AA637276,1.0,SYNTHETIC_LABEL_ONLY,1,SOURCE_TITLE_GROUNDED,1.0,NOT_REAL_MODEL_CONFIDENCE,False
REC-E2076ADF601E4D2D,1.0,SYNTHETIC_LABEL_ONLY,1,SOURCE_TITLE_GROUNDED,1.0,NOT_REAL_MODEL_CONFIDENCE,False
REC-19FACAD45EC6AD64,1.0,SYNTHETIC_LABEL_ONLY,1,SOURCE_TITLE_GROUNDED,1.0,NOT_REAL_MODEL_CONFIDENCE,False
REC-001AABFAE06CC349,1.0,SYNTHETIC_LABEL_ONLY,1,SOURCE_TITLE_GROUNDED,1.0,NOT_REAL_MODEL_CONFIDENCE,False
REC-A41966B633D26F46,1.0,SYNTHETIC_LABEL_ONLY,1,SOURCE_TITLE_GROUNDED,1.0,NOT_REAL_MODEL_CONFIDENCE,False
REC-48DC85AE3F7FFF40,1.0,SYNTHETIC_LABEL_ONLY,1,SOURCE_TITLE_GROUNDED,1.0,NOT_REAL_MODEL_CONFIDENCE,False
REC-54B41FFEF883D803,1.0,SYNTHETIC_LABEL_ONLY,1,SOURCE_TITLE_GROUNDED,1.0,NOT_REAL_MODEL_CONFIDENCE,False
REC-421308E8B92C1693,1.0,SYNTHETIC_LABEL_ONLY,1,SOURCE_TITLE_GROUNDED,1.0,NOT_REAL_MODEL_CONFIDENCE,False
REC-9E841410446226E7,1.0,SYNTHETIC_LABEL_ONLY,1,SOURCE_TITLE_GROUNDED,1.0,NOT_REAL_MODEL_CONFIDENCE,False
REC-70B9D3C9581BC675,1.0,SYNTHETIC_LABEL_ONLY,1,SOURCE_TITLE_GROUNDED,1.0,NOT_REAL_MODEL_CONFIDENCE,False
REC-2A0AAA69B3FBB394,1.0,SYNTHETIC_LABEL_ONLY,1,SOURCE_TITLE_GROUNDED,1.0,NOT_REAL_MODEL_CONFIDENCE,False
REC-C43DD6FB06584F24,1.0,SYNTHETIC_LABEL_ONLY,1,SOURCE_TITLE_GROUNDED,1.0,NOT_REAL_MODEL_CONFIDENCE,False
REC-7AA2DD71230FAAEE,1.0,SYNTHETIC_LABEL_ONLY,1,SOURCE_TITLE_GROUNDED,1.0,NOT_REAL_MODEL_CONFIDENCE,False
REC-B7762F9AB3850A6D,1.0,SYNTHETIC_LABEL_ONLY,1,SOURCE_TITLE_GROUNDED,1.0,NOT_REAL_MODEL_CONFIDENCE,False
REC-687C12A2CB109735,1.0,SYNTHETIC_LABEL_ONLY,1,SOURCE_TITLE_GROUNDED,1.0,NOT_REAL_MODEL_CONFIDENCE,False
REC-15EF5963661B76F0,1.0,SYNTHETIC_LABEL_ONLY,1,SOURCE_TITLE_GROUNDED,1.0,NOT_REAL_MODEL_CONFIDENCE,False
REC-52E28DD9C24564E4,1.0,SYNTHETIC_LABEL_ONLY,1,SOURCE_TITLE_GROUNDED,1.0,NOT_REAL_MODEL_CONFIDENCE,False
REC-1D92CE4E8756F966,1.0,SYNTHETIC_LABEL_ONLY,1,SOURCE_TITLE_GROUNDED,1.0,NOT_REAL_MODEL_CONFIDENCE,False
REC-0743C01A997F44D1,1.0,SYNTHETIC_LABEL_ONLY,1,SOURCE_TITLE_GROUNDED,1.0,NOT_REAL_MODEL_CONFIDENCE,False
REC-CF424FFCE9F72B89,1.0,SYNTHETIC_LABEL_ONLY,1,SOURCE_TITLE_GROUNDED,1.0,NOT_REAL_MODEL_CONFIDENCE,False
REC-4E7B4AB6A851A61F,1.0,SYNTHETIC_LABEL_ONLY,1,SOURCE_TITLE_GROUNDED,1.0,NOT_REAL_MODEL_CONFIDENCE,False
REC-A7C128ED97C9E6BA,1.0,SYNTHETIC_LABEL_ONLY,1,SOURCE_TITLE_GROUNDED,1.0,NOT_REAL_MODEL_CONFIDENCE,False
REC-02DD951ADB42829F,1.0,SYNTHETIC_LABEL_ONLY,1,SOURCE_TITLE_GROUNDED,1.0,NOT_REAL_MODEL_CONFIDENCE,False
REC-6DD3BA098D635671,1.0,SYNTHETIC_LABEL_ONLY,1,SOURCE_TITLE_GROUNDED,1.0,NOT_REAL_MODEL_CONFIDENCE,False
REC-2FA8EAAF5CDA6E6E,1.0,SYNTHETIC_LABEL_ONLY,1,SOURCE_TITLE_GROUNDED,1.0,NOT_REAL_MODEL_CONFIDENCE,False
REC-52710912D016D34B,1.0,SYNTHETIC_LABEL_ONLY,1,SOURCE_TITLE_GROUNDED,1.0,NOT_REAL_MODEL_CONFIDENCE,False
REC-E067E8FCB54ABB1C,1.0,SYNTHETIC_LABEL_ONLY,1,SOURCE_TITLE_GROUNDED,1.0,NOT_REAL_MODEL_CONFIDENCE,False
REC-7AA5E90DFE5EE911,1.0,SYNTHETIC_LABEL_ONLY,1,SOURCE_TITLE_GROUNDED,1.0,NOT_REAL_MODEL_CONFIDENCE,False
REC-0FF898AE1CB90C31,1.0,SYNTHETIC_LABEL_ONLY,1,SOURCE_TITLE_GROUNDED,1.0,NOT_REAL_MODEL_CONFIDENCE,False
REC-1FF6C4CA84B6BC54,1.0,SYNTHETIC_LABEL_ONLY,1,SOURCE_TITLE_GROUNDED,1.0,NOT_REAL_MODEL_CONFIDENCE,False
REC-A76EE7ECD55D8FAD,1.0,SYNTHETIC_LABEL_ONLY,1,SOURCE_TITLE_GROUNDED,1.0,NOT_REAL_MODEL_CONFIDENCE,False
REC-2DA1A583333FD341,1.0,SYNTHETIC_LABEL_ONLY,1,SOURCE_TITLE_GROUNDED,1.0,NOT_REAL_MODEL_CONFIDENCE,False
REC-4BC18BD12B2ABBCC,1.0,SYNTHETIC_LABEL_ONLY,1,SOURCE_TITLE_GROUNDED,1.0,NOT_REAL_MODEL_CONFIDENCE,False
REC-27F678685DE72881,1.0,SYNTHETIC_LABEL_ONLY,1,SOURCE_TITLE_GROUNDED,1.0,NOT_REAL_MODEL_CONFIDENCE,False
REC-E88DB38FE3091AD9,1.0,SYNTHETIC_LABEL_ONLY,1,SOURCE_TITLE_GROUNDED,1.0,NOT_REAL_MODEL_CONFIDENCE,False
REC-48944D3B6941885F,1.0,SYNTHETIC_LABEL_ONLY,1,SOURCE_TITLE_GROUNDED,1.0,NOT_REAL_MODEL_CONFIDENCE,False
REC-745ABE98F8515E81,1.0,SYNTHETIC_LABEL_ONLY,1,SOURCE_TITLE_GROUNDED,1.0,NOT_REAL_MODEL_CONFIDENCE,False
REC-957D752B4CC3678C,1.0,SYNTHETIC_LABEL_ONLY,1,SOURCE_TITLE_GROUNDED,1.0,NOT_REAL_MODEL_CONFIDENCE,False
REC-E6927E81692EFF2C,1.0,SYNTHETIC_LABEL_ONLY,1,SOURCE_TITLE_GROUNDED,1.0,NOT_REAL_MODEL_CONFIDENCE,False
REC-85AA7E1B4BEE2D64,1.0,SYNTHETIC_LABEL_ONLY,1,SOURCE_TITLE_GROUNDED,1.0,NOT_REAL_MODEL_CONFIDENCE,False
REC-9AEDEA2B5CC24233,1.0,SYNTHETIC_LABEL_ONLY,1,SOURCE_TITLE_GROUNDED,1.0,NOT_REAL_MODEL_CONFIDENCE,False
REC-EAC47D3D8D446464,1.0,SYNTHETIC_LABEL_ONLY,1,SOURCE_TITLE_GROUNDED,1.0,NOT_REAL_MODEL_CONFIDENCE,False
REC-6FD5D5F4C02A0D53,1.0,SYNTHETIC_LABEL_ONLY,1,SOURCE_TITLE_GROUNDED,1.0,NOT_REAL_MODEL_CONFIDENCE,False
REC-FC2961070E2FE2BD,1.0,SYNTHETIC_LABEL_ONLY,1,SOURCE_TITLE_GROUNDED,1.0,NOT_REAL_MODEL_CONFIDENCE,False
REC-7DDD26E855C47299,1.0,SYNTHETIC_LABEL_ONLY,1,SOURCE_TITLE_GROUNDED,1.0,NOT_REAL_MODEL_CONFIDENCE,False
REC-9820D0EA7DBA3F30,1.0,SYNTHETIC_LABEL_ONLY,1,SOURCE_TITLE_GROUNDED,1.0,NOT_REAL_MODEL_CONFIDENCE,False
REC-9E5C8878E2CAB009,1.0,SYNTHETIC_LABEL_ONLY,1,SOURCE_TITLE_GROUNDED,1.0,NOT_REAL_MODEL_CONFIDENCE,False
REC-BD06DFC4FDEE4478,1.0,SYNTHETIC_LABEL_ONLY,1,SOURCE_TITLE_GROUNDED,1.0,NOT_REAL_MODEL_CONFIDENCE,False
REC-6ADFEC6E83001333,1.0,SYNTHETIC_LABEL_ONLY,1,SOURCE_TITLE_GROUNDED,1.0,NOT_REAL_MODEL_CONFIDENCE,False
REC-9FCE2715B1263010,1.0,SYNTHETIC_LABEL_ONLY,1,SOURCE_TITLE_GROUNDED,1.0,NOT_REAL_MODEL_CONFIDENCE,False
REC-E40D86D63F27675D,1.0,SYNTHETIC_LABEL_ONLY,1,SOURCE_TITLE_GROUNDED,1.0,NOT_REAL_MODEL_CONFIDENCE,False
REC-CC4329303E81703E,1.0,SYNTHETIC_LABEL_ONLY,1,SOURCE_TITLE_GROUNDED,1.0,NOT_REAL_MODEL_CONFIDENCE,False
REC-9F8539EFFACE4F3B,1.0,SYNTHETIC_LABEL_ONLY,1,SOURCE_TITLE_GROUNDED,1.0,NOT_REAL_MODEL_CONFIDENCE,False
REC-467FA5C0133A8735,1.0,SYNTHETIC_LABEL_ONLY,1,SOURCE_TITLE_GROUNDED,1.0,NOT_REAL_MODEL_CONFIDENCE,False
REC-43BD1226D2C625DC,1.0,SYNTHETIC_LABEL_ONLY,1,SOURCE_TITLE_GROUNDED,1.0,NOT_REAL_MODEL_CONFIDENCE,False
REC-9EF33621C135F5F4,1.0,SYNTHETIC_LABEL_ONLY,1,SOURCE_TITLE_GROUNDED,1.0,NOT_REAL_MODEL_CONFIDENCE,False
REC-5EAA0C5C58C40A04,1.0,SYNTHETIC_LABEL_ONLY,1,SOURCE_TITLE_GROUNDED,1.0,NOT_REAL_MODEL_CONFIDENCE,False
REC-FF9C629C9E03B519,1.0,SYNTHETIC_LABEL_ONLY,1,SOURCE_TITLE_GROUNDED,1.0,NOT_REAL_MODEL_CONFIDENCE,False
REC-F023BD9B494784C6,1.0,SYNTHETIC_LABEL_ONLY,1,SOURCE_TITLE_GROUNDED,1.0,NOT_REAL_MODEL_CONFIDENCE,False
REC-D13996408ABF7C57,1.0,SYNTHETIC_LABEL_ONLY,1,SOURCE_TITLE_GROUNDED,1.0,NOT_REAL_MODEL_CONFIDENCE,False
REC-2E8A9F2C6FD07D79,1.0,SYNTHETIC_LABEL_ONLY,1,SOURCE_TITLE_GROUNDED,1.0,NOT_REAL_MODEL_CONFIDENCE,False
REC-38872B12FFA1305F,1.0,SYNTHETIC_LABEL_ONLY,1,SOURCE_TITLE_GROUNDED,1.0,NOT_REAL_MODEL_CONFIDENCE,False
REC-71A9097C890A46E7,1.0,SYNTHETIC_LABEL_ONLY,1,SOURCE_TITLE_GROUNDED,1.0,NOT_REAL_MODEL_CONFIDENCE,False
REC-B1EB801CB9D9434F,1.0,SYNTHETIC_LABEL_ONLY,1,SOURCE_TITLE_GROUNDED,1.0,NOT_REAL_MODEL_CONFIDENCE,False
REC-91F0C668043BE9FD,1.0,SYNTHETIC_LABEL_ONLY,1,SOURCE_TITLE_GROUNDED,1.0,NOT_REAL_MODEL_CONFIDENCE,False
REC-5F82359439424B3F,1.0,SYNTHETIC_LABEL_ONLY,1,SOURCE_TITLE_GROUNDED,1.0,NOT_REAL_MODEL_CONFIDENCE,False
REC-651A6FE06FF0D4ED,1.0,SYNTHETIC_LABEL_ONLY,1,SOURCE_TITLE_GROUNDED,1.0,NOT_REAL_MODEL_CONFIDENCE,False
REC-37C5873A6D3E5B56,1.0,SYNTHETIC_LABEL_ONLY,1,SOURCE_TITLE_GROUNDED,1.0,NOT_REAL_MODEL_CONFIDENCE,False
REC-8932A666983CAE64,1.0,SYNTHETIC_LABEL_ONLY,1,SOURCE_TITLE_GROUNDED,1.0,NOT_REAL_MODEL_CONFIDENCE,False
REC-893D7069AF6E3D48,1.0,SYNTHETIC_LABEL_ONLY,1,SOURCE_TITLE_GROUNDED,1.0,NOT_REAL_MODEL_CONFIDENCE,False
REC-243EC1EB4AF54364,1.0,SYNTHETIC_LABEL_ONLY,1,SOURCE_TITLE_GROUNDED,1.0,NOT_REAL_MODEL_CONFIDENCE,False
REC-0239E62F2E3DDA4D,1.0,SYNTHETIC_LABEL_ONLY,1,SOURCE_TITLE_GROUNDED,1.0,NOT_REAL_MODEL_CONFIDENCE,False
REC-51198E30D2EA3FA2,1.0,SYNTHETIC_LABEL_ONLY,1,SOURCE_TITLE_GROUNDED,1.0,NOT_REAL_MODEL_CONFIDENCE,False
REC-F274F4DDBDD5F2C0,1.0,SYNTHETIC_LABEL_ONLY,1,SOURCE_TITLE_GROUNDED,1.0,NOT_REAL_MODEL_CONFIDENCE,False
REC-B5FAC1DA9F479D5D,1.0,SYNTHETIC_LABEL_ONLY,1,SOURCE_TITLE_GROUNDED,1.0,NOT_REAL_MODEL_CONFIDENCE,False
REC-EC85ACF9AB04CB55,1.0,SYNTHETIC_LABEL_ONLY,1,SOURCE_TITLE_GROUNDED,1.0,NOT_REAL_MODEL_CONFIDENCE,False
REC-B0F67FB1A1BDB12B,1.0,SYNTHETIC_LABEL_ONLY,1,SOURCE_TITLE_GROUNDED,1.0,NOT_REAL_MODEL_CONFIDENCE,False
REC-538AF91ABDB9304C,1.0,SYNTHETIC_LABEL_ONLY,1,SOURCE_TITLE_GROUNDED,1.0,NOT_REAL_MODEL_CONFIDENCE,False
REC-EE1A1CE695441796,1.0,SYNTHETIC_LABEL_ONLY,1,SOURCE_TITLE_GROUNDED,1.0,NOT_REAL_MODEL_CONFIDENCE,False
REC-B2CCCFAAAEE2EF1F,1.0,SYNTHETIC_LABEL_ONLY,1,SOURCE_TITLE_GROUNDED,1.0,NOT_REAL_MODEL_CONFIDENCE,False
REC-0DCD3E5EB26FCB4A,1.0,SYNTHETIC_LABEL_ONLY,1,SOURCE_TITLE_GROUNDED,1.0,NOT_REAL_MODEL_CONFIDENCE,False
REC-3BD5CAD2AFC8D9B7,1.0,SYNTHETIC_LABEL_ONLY,1,SOURCE_TITLE_GROUNDED,1.0,NOT_REAL_MODEL_CONFIDENCE,False
REC-2B71E1B64E8787DF,1.0,SYNTHETIC_LABEL_ONLY,1,SOURCE_TITLE_GROUNDED,1.0,NOT_REAL_MODEL_CONFIDENCE,False
REC-E964C0D2AC09AC90,1.0,SYNTHETIC_LABEL_ONLY,1,SOURCE_TITLE_GROUNDED,1.0,NOT_REAL_MODEL_CONFIDENCE,False
REC-F78AFBD4D1984C9D,1.0,SYNTHETIC_LABEL_ONLY,1,SOURCE_TITLE_GROUNDED,1.0,NOT_REAL_MODEL_CONFIDENCE,False
REC-923834A275DF3ABF,1.0,SYNTHETIC_LABEL_ONLY,1,SOURCE_TITLE_GROUNDED,1.0,NOT_REAL_MODEL_CONFIDENCE,False
REC-EBD925534973AFCD,1.0,SYNTHETIC_LABEL_ONLY,1,SOURCE_TITLE_GROUNDED,1.0,NOT_REAL_MODEL_CONFIDENCE,False
REC-25BDB7B9582FD97D,1.0,SYNTHETIC_LABEL_ONLY,1,SOURCE_TITLE_GROUNDED,1.0,NOT_REAL_MODEL_CONFIDENCE,False
REC-33239DCA08EECD7C,1.0,SYNTHETIC_LABEL_ONLY,1,SOURCE_TITLE_GROUNDED,1.0,NOT_REAL_MODEL_CONFIDENCE,False
REC-DBC102AFD73CC93E,1.0,SYNTHETIC_LABEL_ONLY,1,SOURCE_TITLE_GROUNDED,1.0,NOT_REAL_MODEL_CONFIDENCE,False
REC-BB849E9ACA8E6851,1.0,SYNTHETIC_LABEL_ONLY,1,SOURCE_TITLE_GROUNDED,1.0,NOT_REAL_MODEL_CONFIDENCE,False
REC-CB81CDA886E5A1C7,1.0,SYNTHETIC_LABEL_ONLY,1,SOURCE_TITLE_GROUNDED,1.0,NOT_REAL_MODEL_CONFIDENCE,False
REC-3573E6AA9E14BB54,1.0,SYNTHETIC_LABEL_ONLY,1,SOURCE_TITLE_GROUNDED,1.0,NOT_REAL_MODEL_CONFIDENCE,False
REC-F797B2D942EDCB55,1.0,SYNTHETIC_LABEL_ONLY,1,SOURCE_TITLE_GROUNDED,1.0,NOT_REAL_MODEL_CONFIDENCE,False
REC-996FA0775B9E623F,1.0,SYNTHETIC_LABEL_ONLY,1,SOURCE_TITLE_GROUNDED,1.0,NOT_REAL_MODEL_CONFIDENCE,False
REC-3E36971E9E1C0375,1.0,SYNTHETIC_LABEL_ONLY,1,SOURCE_TITLE_GROUNDED,1.0,NOT_REAL_MODEL_CONFIDENCE,False
REC-A57832AC74B8AF8A,1.0,SYNTHETIC_LABEL_ONLY,1,SOURCE_TITLE_GROUNDED,1.0,NOT_REAL_MODEL_CONFIDENCE,False
REC-87C82A0E96B857B5,1.0,SYNTHETIC_LABEL_ONLY,1,SOURCE_TITLE_GROUNDED,1.0,NOT_REAL_MODEL_CONFIDENCE,False
REC-6637578C1D4E0572,1.0,SYNTHETIC_LABEL_ONLY,1,SOURCE_TITLE_GROUNDED,1.0,NOT_REAL_MODEL_CONFIDENCE,False
REC-D69DAD2A9CB170C4,1.0,SYNTHETIC_LABEL_ONLY,1,SOURCE_TITLE_GROUNDED,1.0,NOT_REAL_MODEL_CONFIDENCE,False
REC-25B704000563B905,1.0,SYNTHETIC_LABEL_ONLY,1,SOURCE_TITLE_GROUNDED,1.0,NOT_REAL_MODEL_CONFIDENCE,False
REC-6FBD06D9DCF54B81,1.0,SYNTHETIC_LABEL_ONLY,1,SOURCE_TITLE_GROUNDED,1.0,NOT_REAL_MODEL_CONFIDENCE,False
REC-7992631C180F83CC,1.0,SYNTHETIC_LABEL_ONLY,1,SOURCE_TITLE_GROUNDED,1.0,NOT_REAL_MODEL_CONFIDENCE,False
REC-47D20708D3168E00,1.0,SYNTHETIC_LABEL_ONLY,1,SOURCE_TITLE_GROUNDED,1.0,NOT_REAL_MODEL_CONFIDENCE,False
REC-6AF02EFDD9EF86CD,1.0,SYNTHETIC_LABEL_ONLY,1,SOURCE_TITLE_GROUNDED,1.0,NOT_REAL_MODEL_CONFIDENCE,False
REC-99F0F8D9033AF195,1.0,SYNTHETIC_LABEL_ONLY,1,SOURCE_TITLE_GROUNDED,1.0,NOT_REAL_MODEL_CONFIDENCE,False
REC-59B1CC838F04D913,1.0,SYNTHETIC_LABEL_ONLY,1,SOURCE_TITLE_GROUNDED,1.0,NOT_REAL_MODEL_CONFIDENCE,False
REC-E92E0678F6B397BA,1.0,SYNTHETIC_LABEL_ONLY,1,SOURCE_TITLE_GROUNDED,1.0,NOT_REAL_MODEL_CONFIDENCE,False
REC-84B6D63FECEFFDFF,1.0,SYNTHETIC_LABEL_ONLY,1,SOURCE_TITLE_GROUNDED,1.0,NOT_REAL_MODEL_CONFIDENCE,False
REC-F61F192A1387D262,1.0,SYNTHETIC_LABEL_ONLY,1,SOURCE_TITLE_GROUNDED,1.0,NOT_REAL_MODEL_CONFIDENCE,False
REC-655E1D5CD910F57A,1.0,SYNTHETIC_LABEL_ONLY,1,SOURCE_TITLE_GROUNDED,1.0,NOT_REAL_MODEL_CONFIDENCE,False
REC-DF148968DC1996E6,1.0,SYNTHETIC_LABEL_ONLY,1,SOURCE_TITLE_GROUNDED,1.0,NOT_REAL_MODEL_CONFIDENCE,False
REC-C90A51624062B210,1.0,SYNTHETIC_LABEL_ONLY,1,SOURCE_TITLE_GROUNDED,1.0,NOT_REAL_MODEL_CONFIDENCE,False
REC-96829B110BDEFF7E,1.0,SYNTHETIC_LABEL_ONLY,1,SOURCE_TITLE_GROUNDED,1.0,NOT_REAL_MODEL_CONFIDENCE,False
REC-5A916E11F0C36908,1.0,SYNTHETIC_LABEL_ONLY,1,SOURCE_TITLE_GROUNDED,1.0,NOT_REAL_MODEL_CONFIDENCE,False
REC-8C719B4D4BC68589,1.0,SYNTHETIC_LABEL_ONLY,1,SOURCE_TITLE_GROUNDED,1.0,NOT_REAL_MODEL_CONFIDENCE,False
REC-7640871B410F8726,1.0,SYNTHETIC_LABEL_ONLY,1,SOURCE_TITLE_GROUNDED,1.0,NOT_REAL_MODEL_CONFIDENCE,False
REC-769695B040AD6EF2,1.0,SYNTHETIC_LABEL_ONLY,1,SOURCE_TITLE_GROUNDED,1.0,NOT_REAL_MODEL_CONFIDENCE,False
REC-5B89A12B2DFE172C,1.0,SYNTHETIC_LABEL_ONLY,1,SOURCE_TITLE_GROUNDED,1.0,NOT_REAL_MODEL_CONFIDENCE,False
REC-3E5F04DE087D9038,1.0,SYNTHETIC_LABEL_ONLY,1,SOURCE_TITLE_GROUNDED,1.0,NOT_REAL_MODEL_CONFIDENCE,False
REC-406D9F2C182F38F2,1.0,SYNTHETIC_LABEL_ONLY,1,SOURCE_TITLE_GROUNDED,1.0,NOT_REAL_MODEL_CONFIDENCE,False
REC-355F50A0B92462B9,1.0,SYNTHETIC_LABEL_ONLY,1,SOURCE_TITLE_GROUNDED,1.0,NOT_REAL_MODEL_CONFIDENCE,False
REC-5BD875470A30FB51,1.0,SYNTHETIC_LABEL_ONLY,1,SOURCE_TITLE_GROUNDED,1.0,NOT_REAL_MODEL_CONFIDENCE,False
REC-0FA4C086BC3B6F00,1.0,SYNTHETIC_LABEL_ONLY,1,SOURCE_TITLE_GROUNDED,1.0,NOT_REAL_MODEL_CONFIDENCE,False
REC-5955D436153A38A0,1.0,SYNTHETIC_LABEL_ONLY,1,SOURCE_TITLE_GROUNDED,1.0,NOT_REAL_MODEL_CONFIDENCE,False
REC-7C48BBD8B253BC79,1.0,SYNTHETIC_LABEL_ONLY,1,SOURCE_TITLE_GROUNDED,1.0,NOT_REAL_MODEL_CONFIDENCE,False
REC-FA2E4CFE545E01B0,1.0,SYNTHETIC_LABEL_ONLY,1,SOURCE_TITLE_GROUNDED,1.0,NOT_REAL_MODEL_CONFIDENCE,False
REC-AFC94573DDB13E6C,1.0,SYNTHETIC_LABEL_ONLY,1,SOURCE_TITLE_GROUNDED,1.0,NOT_REAL_MODEL_CONFIDENCE,False
REC-233AE4DC978A3912,1.0,SYNTHETIC_LABEL_ONLY,1,SOURCE_TITLE_GROUNDED,1.0,NOT_REAL_MODEL_CONFIDENCE,False
REC-34D7AC0595D4F7A0,1.0,SYNTHETIC_LABEL_ONLY,1,SOURCE_TITLE_GROUNDED,1.0,NOT_REAL_MODEL_CONFIDENCE,False
REC-421C2FD6E3302B34,1.0,SYNTHETIC_LABEL_ONLY,1,SOURCE_TITLE_GROUNDED,1.0,NOT_REAL_MODEL_CONFIDENCE,False
REC-09C33FF69C714466,1.0,SYNTHETIC_LABEL_ONLY,1,SOURCE_TITLE_GROUNDED,1.0,NOT_REAL_MODEL_CONFIDENCE,False
REC-131E0D3903A28FF9,1.0,SYNTHETIC_LABEL_ONLY,1,SOURCE_TITLE_GROUNDED,1.0,NOT_REAL_MODEL_CONFIDENCE,False
REC-405CCA5BD8412008,1.0,SYNTHETIC_LABEL_ONLY,1,SOURCE_TITLE_GROUNDED,1.0,NOT_REAL_MODEL_CONFIDENCE,False
REC-8E81680BB6A5147D,1.0,SYNTHETIC_LABEL_ONLY,1,SOURCE_TITLE_GROUNDED,1.0,NOT_REAL_MODEL_CONFIDENCE,False
REC-96E6061FA215AEEC,1.0,SYNTHETIC_LABEL_ONLY,1,SOURCE_TITLE_GROUNDED,1.0,NOT_REAL_MODEL_CONFIDENCE,False
REC-C91BB7149625DB0C,1.0,SYNTHETIC_LABEL_ONLY,1,SOURCE_TITLE_GROUNDED,1.0,NOT_REAL_MODEL_CONFIDENCE,False
REC-C0C3F9C55B210975,1.0,SYNTHETIC_LABEL_ONLY,1,SOURCE_TITLE_GROUNDED,1.0,NOT_REAL_MODEL_CONFIDENCE,False
REC-48EAD3E4536D307A,1.0,SYNTHETIC_LABEL_ONLY,1,SOURCE_TITLE_GROUNDED,1.0,NOT_REAL_MODEL_CONFIDENCE,False
REC-9D8251F27F07F219,1.0,SYNTHETIC_LABEL_ONLY,1,SOURCE_TITLE_GROUNDED,1.0,NOT_REAL_MODEL_CONFIDENCE,False
REC-E36BE346CBB95163,1.0,SYNTHETIC_LABEL_ONLY,1,SOURCE_TITLE_GROUNDED,1.0,NOT_REAL_MODEL_CONFIDENCE,False
REC-203FD77618A78559,1.0,SYNTHETIC_LABEL_ONLY,1,SOURCE_TITLE_GROUNDED,1.0,NOT_REAL_MODEL_CONFIDENCE,False
REC-558A3FD8C9A6B1FE,1.0,SYNTHETIC_LABEL_ONLY,1,SOURCE_TITLE_GROUNDED,1.0,NOT_REAL_MODEL_CONFIDENCE,False
REC-A78D32C7EABAE76F,1.0,SYNTHETIC_LABEL_ONLY,1,SOURCE_TITLE_GROUNDED,1.0,NOT_REAL_MODEL_CONFIDENCE,False
REC-D6FBADE492130BC8,1.0,SYNTHETIC_LABEL_ONLY,1,SOURCE_TITLE_GROUNDED,1.0,NOT_REAL_MODEL_CONFIDENCE,False
REC-FB869E1DED4379C9,1.0,SYNTHETIC_LABEL_ONLY,1,SOURCE_TITLE_GROUNDED,1.0,NOT_REAL_MODEL_CONFIDENCE,False
REC-2AAC230858136737,1.0,SYNTHETIC_LABEL_ONLY,1,SOURCE_TITLE_GROUNDED,1.0,NOT_REAL_MODEL_CONFIDENCE,False
REC-3D4B153036EEE15F,1.0,SYNTHETIC_LABEL_ONLY,1,SOURCE_TITLE_GROUNDED,1.0,NOT_REAL_MODEL_CONFIDENCE,False
REC-B0C812C27B4D1057,1.0,SYNTHETIC_LABEL_ONLY,1,SOURCE_TITLE_GROUNDED,1.0,NOT_REAL_MODEL_CONFIDENCE,False
REC-E17049BFD0A43293,1.0,SYNTHETIC_LABEL_ONLY,1,SOURCE_TITLE_GROUNDED,1.0,NOT_REAL_MODEL_CONFIDENCE,False
REC-64FECD0F961EDF49,1.0,SYNTHETIC_LABEL_ONLY,1,SOURCE_TITLE_GROUNDED,1.0,NOT_REAL_MODEL_CONFIDENCE,False
REC-631738165A158EA2,1.0,SYNTHETIC_LABEL_ONLY,1,SOURCE_TITLE_GROUNDED,1.0,NOT_REAL_MODEL_CONFIDENCE,False
REC-EC917E77F01C96C4,1.0,SYNTHETIC_LABEL_ONLY,1,SOURCE_TITLE_GROUNDED,1.0,NOT_REAL_MODEL_CONFIDENCE,False
REC-686EA78AA3BA3555,1.0,SYNTHETIC_LABEL_ONLY,1,SOURCE_TITLE_GROUNDED,1.0,NOT_REAL_MODEL_CONFIDENCE,False
REC-BDAD6AA97BFECCF0,1.0,SYNTHETIC_LABEL_ONLY,1,SOURCE_TITLE_GROUNDED,1.0,NOT_REAL_MODEL_CONFIDENCE,False
REC-167730150DA1FE43,1.0,SYNTHETIC_LABEL_ONLY,1,SOURCE_TITLE_GROUNDED,1.0,NOT_REAL_MODEL_CONFIDENCE,False
REC-9CB54332EAD1E586,1.0,SYNTHETIC_LABEL_ONLY,1,SOURCE_TITLE_GROUNDED,1.0,NOT_REAL_MODEL_CONFIDENCE,False
REC-6B8D359881AD6155,1.0,SYNTHETIC_LABEL_ONLY,1,SOURCE_TITLE_GROUNDED,1.0,NOT_REAL_MODEL_CONFIDENCE,False
REC-E26C0F9517931F84,1.0,SYNTHETIC_LABEL_ONLY,1,SOURCE_TITLE_GROUNDED,1.0,NOT_REAL_MODEL_CONFIDENCE,False
REC-957043B41DDD73EE,1.0,SYNTHETIC_LABEL_ONLY,1,SOURCE_TITLE_GROUNDED,1.0,NOT_REAL_MODEL_CONFIDENCE,False
REC-F3990036A065507B,1.0,SYNTHETIC_LABEL_ONLY,1,SOURCE_TITLE_GROUNDED,1.0,NOT_REAL_MODEL_CONFIDENCE,False
REC-C845B7D4705B439E,1.0,SYNTHETIC_LABEL_ONLY,1,SOURCE_TITLE_GROUNDED,1.0,NOT_REAL_MODEL_CONFIDENCE,False
REC-531B731CAB8E3005,1.0,SYNTHETIC_LABEL_ONLY,1,SOURCE_TITLE_GROUNDED,1.0,NOT_REAL_MODEL_CONFIDENCE,False
REC-A9F193ADABED1C96,1.0,SYNTHETIC_LABEL_ONLY,1,SOURCE_TITLE_GROUNDED,1.0,NOT_REAL_MODEL_CONFIDENCE,False
REC-66DC3555FE09B160,1.0,SYNTHETIC_LABEL_ONLY,1,SOURCE_TITLE_GROUNDED,1.0,NOT_REAL_MODEL_CONFIDENCE,False
REC-10ED1EDAC9B33772,1.0,SYNTHETIC_LABEL_ONLY,1,SOURCE_TITLE_GROUNDED,1.0,NOT_REAL_MODEL_CONFIDENCE,False
REC-92E19F3649613E4F,1.0,SYNTHETIC_LABEL_ONLY,1,SOURCE_TITLE_GROUNDED,1.0,NOT_REAL_MODEL_CONFIDENCE,False
REC-1C7A2968685F87A7,1.0,SYNTHETIC_LABEL_ONLY,1,SOURCE_TITLE_GROUNDED,1.0,NOT_REAL_MODEL_CONFIDENCE,False
REC-4473D59B8867E163,1.0,SYNTHETIC_LABEL_ONLY,1,SOURCE_TITLE_GROUNDED,1.0,NOT_REAL_MODEL_CONFIDENCE,False
REC-38FF31FA9668A564,1.0,SYNTHETIC_LABEL_ONLY,1,SOURCE_TITLE_GROUNDED,1.0,NOT_REAL_MODEL_CONFIDENCE,False
REC-2F1A145805723A1A,1.0,SYNTHETIC_LABEL_ONLY,1,SOURCE_TITLE_GROUNDED,1.0,NOT_REAL_MODEL_CONFIDENCE,False
REC-AF6FB9EEFA0780B5,1.0,SYNTHETIC_LABEL_ONLY,1,SOURCE_TITLE_GROUNDED,1.0,NOT_REAL_MODEL_CONFIDENCE,False
REC-FEDD93F9A1638524,1.0,SYNTHETIC_LABEL_ONLY,1,SOURCE_TITLE_GROUNDED,1.0,NOT_REAL_MODEL_CONFIDENCE,False
REC-BC44177BE2DD7119,1.0,SYNTHETIC_LABEL_ONLY,1,SOURCE_TITLE_GROUNDED,1.0,NOT_REAL_MODEL_CONFIDENCE,False
REC-DD6F526FB4807B5A,1.0,SYNTHETIC_LABEL_ONLY,1,SOURCE_TITLE_GROUNDED,1.0,NOT_REAL_MODEL_CONFIDENCE,False
REC-5492C04F1CCF3A1D,1.0,SYNTHETIC_LABEL_ONLY,1,SOURCE_TITLE_GROUNDED,1.0,NOT_REAL_MODEL_CONFIDENCE,False
REC-AF778FF741F9C308,1.0,SYNTHETIC_LABEL_ONLY,1,SOURCE_TITLE_GROUNDED,1.0,NOT_REAL_MODEL_CONFIDENCE,False
REC-A1E4B7A8404210F3,1.0,SYNTHETIC_LABEL_ONLY,1,SOURCE_TITLE_GROUNDED,1.0,NOT_REAL_MODEL_CONFIDENCE,False
REC-2F9E7DE7C182F276,1.0,SYNTHETIC_LABEL_ONLY,1,SOURCE_TITLE_GROUNDED,1.0,NOT_REAL_MODEL_CONFIDENCE,False
REC-BA2CB1C1195937BE,1.0,SYNTHETIC_LABEL_ONLY,1,SOURCE_TITLE_GROUNDED,1.0,NOT_REAL_MODEL_CONFIDENCE,False
REC-6F0D481EC7BA8C09,1.0,SYNTHETIC_LABEL_ONLY,1,SOURCE_TITLE_GROUNDED,1.0,NOT_REAL_MODEL_CONFIDENCE,False
REC-A947CFC8CAE13A0A,1.0,SYNTHETIC_LABEL_ONLY,1,SOURCE_TITLE_GROUNDED,1.0,NOT_REAL_MODEL_CONFIDENCE,False
REC-917D212E5BCF2213,1.0,SYNTHETIC_LABEL_ONLY,1,SOURCE_TITLE_GROUNDED,1.0,NOT_REAL_MODEL_CONFIDENCE,False
REC-FEABE40C2870BEFA,1.0,SYNTHETIC_LABEL_ONLY,1,SOURCE_TITLE_GROUNDED,1.0,NOT_REAL_MODEL_CONFIDENCE,False
REC-7195EC0A4B076969,1.0,SYNTHETIC_LABEL_ONLY,1,SOURCE_TITLE_GROUNDED,1.0,NOT_REAL_MODEL_CONFIDENCE,False
REC-B86020B25AE185DF,1.0,SYNTHETIC_LABEL_ONLY,1,SOURCE_TITLE_GROUNDED,1.0,NOT_REAL_MODEL_CONFIDENCE,False
REC-55068326C2BA1B6F,1.0,SYNTHETIC_LABEL_ONLY,1,SOURCE_TITLE_GROUNDED,1.0,NOT_REAL_MODEL_CONFIDENCE,False
REC-D976168B1ED51657,1.0,SYNTHETIC_LABEL_ONLY,1,SOURCE_TITLE_GROUNDED,1.0,NOT_REAL_MODEL_CONFIDENCE,False
REC-2AF85D23015D81A2,1.0,SYNTHETIC_LABEL_ONLY,1,SOURCE_TITLE_GROUNDED,1.0,NOT_REAL_MODEL_CONFIDENCE,False
REC-7BC53AE81D3F3D18,1.0,SYNTHETIC_LABEL_ONLY,1,SOURCE_TITLE_GROUNDED,1.0,NOT_REAL_MODEL_CONFIDENCE,False
REC-E454FA2BEBF4F140,1.0,SYNTHETIC_LABEL_ONLY,1,SOURCE_TITLE_GROUNDED,1.0,NOT_REAL_MODEL_CONFIDENCE,False
REC-E07C9D8E6E12D51D,1.0,SYNTHETIC_LABEL_ONLY,1,SOURCE_TITLE_GROUNDED,1.0,NOT_REAL_MODEL_CONFIDENCE,False
REC-0269F5624F8023DC,1.0,SYNTHETIC_LABEL_ONLY,1,SOURCE_TITLE_GROUNDED,1.0,NOT_REAL_MODEL_CONFIDENCE,False
REC-498C9ABC0AF845A1,1.0,SYNTHETIC_LABEL_ONLY,1,SOURCE_TITLE_GROUNDED,1.0,NOT_REAL_MODEL_CONFIDENCE,False
REC-B46FB5CF8661CE0C,1.0,SYNTHETIC_LABEL_ONLY,1,SOURCE_TITLE_GROUNDED,1.0,NOT_REAL_MODEL_CONFIDENCE,False
REC-CDB7E71830F17746,1.0,SYNTHETIC_LABEL_ONLY,1,SOURCE_TITLE_GROUNDED,1.0,NOT_REAL_MODEL_CONFIDENCE,False
REC-0BF477558269C05C,1.0,SYNTHETIC_LABEL_ONLY,1,SOURCE_TITLE_GROUNDED,1.0,NOT_REAL_MODEL_CONFIDENCE,False
REC-D9C567AA7312B98C,1.0,SYNTHETIC_LABEL_ONLY,1,SOURCE_TITLE_GROUNDED,1.0,NOT_REAL_MODEL_CONFIDENCE,False
REC-4C5B2894B713168E,1.0,SYNTHETIC_LABEL_ONLY,1,SOURCE_TITLE_GROUNDED,1.0,NOT_REAL_MODEL_CONFIDENCE,False
REC-7415F22FE2188D0B,1.0,SYNTHETIC_LABEL_ONLY,1,SOURCE_TITLE_GROUNDED,1.0,NOT_REAL_MODEL_CONFIDENCE,False
REC-EC2951A4EF117092,1.0,SYNTHETIC_LABEL_ONLY,1,SOURCE_TITLE_GROUNDED,1.0,NOT_REAL_MODEL_CONFIDENCE,False
REC-FC8E5D4413DCF39E,1.0,SYNTHETIC_LABEL_ONLY,1,SOURCE_TITLE_GROUNDED,1.0,NOT_REAL_MODEL_CONFIDENCE,False
REC-DE2D0C5E8289E00C,1.0,SYNTHETIC_LABEL_ONLY,1,SOURCE_TITLE_GROUNDED,1.0,NOT_REAL_MODEL_CONFIDENCE,False
REC-E0671F29CC11A792,1.0,SYNTHETIC_LABEL_ONLY,1,SOURCE_TITLE_GROUNDED,1.0,NOT_REAL_MODEL_CONFIDENCE,False
REC-5B76583F7ECC119E,1.0,SYNTHETIC_LABEL_ONLY,1,SOURCE_TITLE_GROUNDED,1.0,NOT_REAL_MODEL_CONFIDENCE,False
REC-A1523D60F3D235E5,1.0,SYNTHETIC_LABEL_ONLY,1,SOURCE_TITLE_GROUNDED,1.0,NOT_REAL_MODEL_CONFIDENCE,False
REC-D5A0033CBFB9C008,1.0,SYNTHETIC_LABEL_ONLY,1,SOURCE_TITLE_GROUNDED,1.0,NOT_REAL_MODEL_CONFIDENCE,False
REC-F04DB81F9EDA2320,1.0,SYNTHETIC_LABEL_ONLY,1,SOURCE_TITLE_GROUNDED,1.0,NOT_REAL_MODEL_CONFIDENCE,False
REC-625E593400E08CFB,1.0,SYNTHETIC_LABEL_ONLY,1,SOURCE_TITLE_GROUNDED,1.0,NOT_REAL_MODEL_CONFIDENCE,False
REC-BFF1E0E73F82F0DE,1.0,SYNTHETIC_LABEL_ONLY,1,SOURCE_TITLE_GROUNDED,1.0,NOT_REAL_MODEL_CONFIDENCE,False
REC-2015A2A2AA293834,1.0,SYNTHETIC_LABEL_ONLY,1,SOURCE_TITLE_GROUNDED,1.0,NOT_REAL_MODEL_CONFIDENCE,False
REC-DB1D750C15BB915B,1.0,SYNTHETIC_LABEL_ONLY,1,SOURCE_TITLE_GROUNDED,1.0,NOT_REAL_MODEL_CONFIDENCE,False
REC-44ADAF9363F64DF1,1.0,SYNTHETIC_LABEL_ONLY,1,SOURCE_TITLE_GROUNDED,1.0,NOT_REAL_MODEL_CONFIDENCE,False
REC-93351031A6CDDD9F,1.0,SYNTHETIC_LABEL_ONLY,1,SOURCE_TITLE_GROUNDED,1.0,NOT_REAL_MODEL_CONFIDENCE,False
REC-B38265301D263682,1.0,SYNTHETIC_LABEL_ONLY,1,SOURCE_TITLE_GROUNDED,1.0,NOT_REAL_MODEL_CONFIDENCE,False
REC-1BF695CB084600C9,1.0,SYNTHETIC_LABEL_ONLY,1,SOURCE_TITLE_GROUNDED,1.0,NOT_REAL_MODEL_CONFIDENCE,False
REC-034D95082AB21F0A,1.0,SYNTHETIC_LABEL_ONLY,1,SOURCE_TITLE_GROUNDED,1.0,NOT_REAL_MODEL_CONFIDENCE,False
REC-E2F4885080D6226D,1.0,SYNTHETIC_LABEL_ONLY,1,SOURCE_TITLE_GROUNDED,1.0,NOT_REAL_MODEL_CONFIDENCE,False
REC-C2D1EC98E8758EB6,1.0,SYNTHETIC_LABEL_ONLY,1,SOURCE_TITLE_GROUNDED,1.0,NOT_REAL_MODEL_CONFIDENCE,False
REC-EDD79CA80EA1D471,1.0,SYNTHETIC_LABEL_ONLY,1,SOURCE_TITLE_GROUNDED,1.0,NOT_REAL_MODEL_CONFIDENCE,False
REC-A8794878E2234B9B,1.0,SYNTHETIC_LABEL_ONLY,1,SOURCE_TITLE_GROUNDED,1.0,NOT_REAL_MODEL_CONFIDENCE,False
REC-7F95BD22656C309D,1.0,SYNTHETIC_LABEL_ONLY,1,SOURCE_TITLE_GROUNDED,1.0,NOT_REAL_MODEL_CONFIDENCE,False
REC-6E60D31F370BE6CC,1.0,SYNTHETIC_LABEL_ONLY,1,SOURCE_TITLE_GROUNDED,1.0,NOT_REAL_MODEL_CONFIDENCE,False
REC-56C78B62F54E4E28,1.0,SYNTHETIC_LABEL_ONLY,1,SOURCE_TITLE_GROUNDED,1.0,NOT_REAL_MODEL_CONFIDENCE,False
REC-22CACDE280328954,1.0,SYNTHETIC_LABEL_ONLY,1,SOURCE_TITLE_GROUNDED,1.0,NOT_REAL_MODEL_CONFIDENCE,False
REC-41155BC7A273281B,1.0,SYNTHETIC_LABEL_ONLY,1,SOURCE_TITLE_GROUNDED,1.0,NOT_REAL_MODEL_CONFIDENCE,False
REC-7051A30650D2C200,1.0,SYNTHETIC_LABEL_ONLY,1,SOURCE_TITLE_GROUNDED,1.0,NOT_REAL_MODEL_CONFIDENCE,False
REC-23C825E5532B9CB0,1.0,SYNTHETIC_LABEL_ONLY,1,SOURCE_TITLE_GROUNDED,1.0,NOT_REAL_MODEL_CONFIDENCE,False
REC-648D16AD65214E67,1.0,SYNTHETIC_LABEL_ONLY,1,SOURCE_TITLE_GROUNDED,1.0,NOT_REAL_MODEL_CONFIDENCE,False
REC-F44202D52B439642,1.0,SYNTHETIC_LABEL_ONLY,1,SOURCE_TITLE_GROUNDED,1.0,NOT_REAL_MODEL_CONFIDENCE,False
REC-BB0C1C01FE518E9F,1.0,SYNTHETIC_LABEL_ONLY,1,SOURCE_TITLE_GROUNDED,1.0,NOT_REAL_MODEL_CONFIDENCE,False
REC-CBBFF9A5567D5EAC,1.0,SYNTHETIC_LABEL_ONLY,1,SOURCE_TITLE_GROUNDED,1.0,NOT_REAL_MODEL_CONFIDENCE,False
REC-0410DFB4C6346108,1.0,SYNTHETIC_LABEL_ONLY,1,SOURCE_TITLE_GROUNDED,1.0,NOT_REAL_MODEL_CONFIDENCE,False
REC-0344E2E9268A8BF7,1.0,SYNTHETIC_LABEL_ONLY,1,SOURCE_TITLE_GROUNDED,1.0,NOT_REAL_MODEL_CONFIDENCE,False
REC-62D67A09C2D43837,1.0,SYNTHETIC_LABEL_ONLY,1,SOURCE_TITLE_GROUNDED,1.0,NOT_REAL_MODEL_CONFIDENCE,False
REC-E02112BF6BC5F592,1.0,SYNTHETIC_LABEL_ONLY,1,SOURCE_TITLE_GROUNDED,1.0,NOT_REAL_MODEL_CONFIDENCE,False
REC-552286B2FF58043B,1.0,SYNTHETIC_LABEL_ONLY,1,SOURCE_TITLE_GROUNDED,1.0,NOT_REAL_MODEL_CONFIDENCE,False
REC-CE170D83CDC14AE8,1.0,SYNTHETIC_LABEL_ONLY,1,SOURCE_TITLE_GROUNDED,1.0,NOT_REAL_MODEL_CONFIDENCE,False
REC-32460618ECA2F9AB,1.0,SYNTHETIC_LABEL_ONLY,1,SOURCE_TITLE_GROUNDED,1.0,NOT_REAL_MODEL_CONFIDENCE,False
REC-C6C08D0C4EC8D886,1.0,SYNTHETIC_LABEL_ONLY,1,SOURCE_TITLE_GROUNDED,1.0,NOT_REAL_MODEL_CONFIDENCE,False
REC-89387D83122FF4FB,1.0,SYNTHETIC_LABEL_ONLY,1,SOURCE_TITLE_GROUNDED,1.0,NOT_REAL_MODEL_CONFIDENCE,False
REC-0F03924D5394A574,1.0,SYNTHETIC_LABEL_ONLY,1,SOURCE_TITLE_GROUNDED,1.0,NOT_REAL_MODEL_CONFIDENCE,False
REC-3894EC9EF7675D8D,1.0,SYNTHETIC_LABEL_ONLY,1,SOURCE_TITLE_GROUNDED,1.0,NOT_REAL_MODEL_CONFIDENCE,False
REC-EDED47A0AEE11FED,1.0,SYNTHETIC_LABEL_ONLY,1,SOURCE_TITLE_GROUNDED,1.0,NOT_REAL_MODEL_CONFIDENCE,False
REC-85FED288C02B5CAB,1.0,SYNTHETIC_LABEL_ONLY,1,SOURCE_TITLE_GROUNDED,1.0,NOT_REAL_MODEL_CONFIDENCE,False
REC-C409E4FE4A434496,1.0,SYNTHETIC_LABEL_ONLY,1,SOURCE_TITLE_GROUNDED,1.0,NOT_REAL_MODEL_CONFIDENCE,False
REC-414B2E041E2DCFAA,1.0,SYNTHETIC_LABEL_ONLY,1,SOURCE_TITLE_GROUNDED,1.0,NOT_REAL_MODEL_CONFIDENCE,False
REC-7BF252636411E03A,1.0,SYNTHETIC_LABEL_ONLY,1,SOURCE_TITLE_GROUNDED,1.0,NOT_REAL_MODEL_CONFIDENCE,False
REC-79AB5E2A4ACBF7A5,1.0,SYNTHETIC_LABEL_ONLY,1,SOURCE_TITLE_GROUNDED,1.0,NOT_REAL_MODEL_CONFIDENCE,False
REC-06CA1DAAEDCD86FA,1.0,SYNTHETIC_LABEL_ONLY,1,SOURCE_TITLE_GROUNDED,1.0,NOT_REAL_MODEL_CONFIDENCE,False
REC-D4A861BA38151C3A,1.0,SYNTHETIC_LABEL_ONLY,1,SOURCE_TITLE_GROUNDED,1.0,NOT_REAL_MODEL_CONFIDENCE,False
REC-436F39A9BDBDF5C4,1.0,SYNTHETIC_LABEL_ONLY,1,SOURCE_TITLE_GROUNDED,1.0,NOT_REAL_MODEL_CONFIDENCE,False
REC-59E25C7D394FADE5,1.0,SYNTHETIC_LABEL_ONLY,1,SOURCE_TITLE_GROUNDED,1.0,NOT_REAL_MODEL_CONFIDENCE,False
REC-94907BD9AD963C97,1.0,SYNTHETIC_LABEL_ONLY,1,SOURCE_TITLE_GROUNDED,1.0,NOT_REAL_MODEL_CONFIDENCE,False
REC-2C1CD75A968C6D01,1.0,SYNTHETIC_LABEL_ONLY,1,SOURCE_TITLE_GROUNDED,1.0,NOT_REAL_MODEL_CONFIDENCE,False
REC-1F6BA5B269BB1AB7,1.0,SYNTHETIC_LABEL_ONLY,1,SOURCE_TITLE_GROUNDED,1.0,NOT_REAL_MODEL_CONFIDENCE,False
REC-4AFDF7754758A8A9,1.0,SYNTHETIC_LABEL_ONLY,1,SOURCE_TITLE_GROUNDED,1.0,NOT_REAL_MODEL_CONFIDENCE,False
REC-130CFD68979B1EE8,1.0,SYNTHETIC_LABEL_ONLY,1,SOURCE_TITLE_GROUNDED,1.0,NOT_REAL_MODEL_CONFIDENCE,False
REC-C6B0E685F525C67B,1.0,SYNTHETIC_LABEL_ONLY,1,SOURCE_TITLE_GROUNDED,1.0,NOT_REAL_MODEL_CONFIDENCE,False
REC-D2769E373B10416D,1.0,SYNTHETIC_LABEL_ONLY,1,SOURCE_TITLE_GROUNDED,1.0,NOT_REAL_MODEL_CONFIDENCE,False
REC-D0219217277D5E2A,1.0,SYNTHETIC_LABEL_ONLY,1,SOURCE_TITLE_GROUNDED,1.0,NOT_REAL_MODEL_CONFIDENCE,False
REC-D8056FCF03B94644,1.0,SYNTHETIC_LABEL_ONLY,1,SOURCE_TITLE_GROUNDED,1.0,NOT_REAL_MODEL_CONFIDENCE,False
REC-3E56C460816E9D61,1.0,SYNTHETIC_LABEL_ONLY,1,SOURCE_TITLE_GROUNDED,1.0,NOT_REAL_MODEL_CONFIDENCE,False
REC-D8024BCE13EBBF10,1.0,SYNTHETIC_LABEL_ONLY,1,SOURCE_TITLE_GROUNDED,1.0,NOT_REAL_MODEL_CONFIDENCE,False
REC-06B88CDD77B8DE6E,1.0,SYNTHETIC_LABEL_ONLY,1,SOURCE_TITLE_GROUNDED,1.0,NOT_REAL_MODEL_CONFIDENCE,False
REC-10547C591E7DD5AB,1.0,SYNTHETIC_LABEL_ONLY,1,SOURCE_TITLE_GROUNDED,1.0,NOT_REAL_MODEL_CONFIDENCE,False
REC-655F2B056FD3AA68,1.0,SYNTHETIC_LABEL_ONLY,1,SOURCE_TITLE_GROUNDED,1.0,NOT_REAL_MODEL_CONFIDENCE,False
REC-03C31D555EA1646F,1.0,SYNTHETIC_LABEL_ONLY,1,SOURCE_TITLE_GROUNDED,1.0,NOT_REAL_MODEL_CONFIDENCE,False
REC-D7E900CB88B5E05B,1.0,SYNTHETIC_LABEL_ONLY,1,SOURCE_TITLE_GROUNDED,1.0,NOT_REAL_MODEL_CONFIDENCE,False
REC-B62ACDD2066F2638,1.0,SYNTHETIC_LABEL_ONLY,1,SOURCE_TITLE_GROUNDED,1.0,NOT_REAL_MODEL_CONFIDENCE,False
REC-A452132C14482B12,1.0,SYNTHETIC_LABEL_ONLY,1,SOURCE_TITLE_GROUNDED,1.0,NOT_REAL_MODEL_CONFIDENCE,False
REC-F93775E2A088988A,1.0,SYNTHETIC_LABEL_ONLY,1,SOURCE_TITLE_GROUNDED,1.0,NOT_REAL_MODEL_CONFIDENCE,False
REC-86DD3F148CEBD914,1.0,SYNTHETIC_LABEL_ONLY,1,SOURCE_TITLE_GROUNDED,1.0,NOT_REAL_MODEL_CONFIDENCE,False
REC-BC8942A3A77EF131,1.0,SYNTHETIC_LABEL_ONLY,1,SOURCE_TITLE_GROUNDED,1.0,NOT_REAL_MODEL_CONFIDENCE,False
REC-877C02FA3F0B085F,1.0,SYNTHETIC_LABEL_ONLY,1,SOURCE_TITLE_GROUNDED,1.0,NOT_REAL_MODEL_CONFIDENCE,False
REC-610F8F29ADE25CF4,1.0,SYNTHETIC_LABEL_ONLY,1,SOURCE_TITLE_GROUNDED,1.0,NOT_REAL_MODEL_CONFIDENCE,False
REC-FA545EC7D200D66F,1.0,SYNTHETIC_LABEL_ONLY,1,SOURCE_TITLE_GROUNDED,1.0,NOT_REAL_MODEL_CONFIDENCE,False
REC-EE70ED8431CB3800,1.0,SYNTHETIC_LABEL_ONLY,1,SOURCE_TITLE_GROUNDED,1.0,NOT_REAL_MODEL_CONFIDENCE,False
REC-3BF1AA385BE66324,1.0,SYNTHETIC_LABEL_ONLY,1,SOURCE_TITLE_GROUNDED,1.0,NOT_REAL_MODEL_CONFIDENCE,False
REC-3271410E1352A844,1.0,SYNTHETIC_LABEL_ONLY,1,SOURCE_TITLE_GROUNDED,1.0,NOT_REAL_MODEL_CONFIDENCE,False
REC-73C6E4CC428E797B,1.0,SYNTHETIC_LABEL_ONLY,1,SOURCE_TITLE_GROUNDED,1.0,NOT_REAL_MODEL_CONFIDENCE,False
REC-A20BA43DE6A74F67,1.0,SYNTHETIC_LABEL_ONLY,1,SOURCE_TITLE_GROUNDED,1.0,NOT_REAL_MODEL_CONFIDENCE,False
REC-DE7408D22574902E,1.0,SYNTHETIC_LABEL_ONLY,1,SOURCE_TITLE_GROUNDED,1.0,NOT_REAL_MODEL_CONFIDENCE,False
REC-FF9AC715DC77677B,1.0,SYNTHETIC_LABEL_ONLY,1,SOURCE_TITLE_GROUNDED,1.0,NOT_REAL_MODEL_CONFIDENCE,False
REC-08E78FAC86BA4C37,1.0,SYNTHETIC_LABEL_ONLY,1,SOURCE_TITLE_GROUNDED,1.0,NOT_REAL_MODEL_CONFIDENCE,False
REC-E885C75A16F16495,1.0,SYNTHETIC_LABEL_ONLY,1,SOURCE_TITLE_GROUNDED,1.0,NOT_REAL_MODEL_CONFIDENCE,False
REC-A414E566EA46D077,1.0,SYNTHETIC_LABEL_ONLY,1,SOURCE_TITLE_GROUNDED,1.0,NOT_REAL_MODEL_CONFIDENCE,False
REC-F9B9FF9964A8DFCF,1.0,SYNTHETIC_LABEL_ONLY,1,SOURCE_TITLE_GROUNDED,1.0,NOT_REAL_MODEL_CONFIDENCE,False
REC-50D7E282BE02D09B,1.0,SYNTHETIC_LABEL_ONLY,1,SOURCE_TITLE_GROUNDED,1.0,NOT_REAL_MODEL_CONFIDENCE,False
REC-71326393BF57BD52,1.0,SYNTHETIC_LABEL_ONLY,1,SOURCE_TITLE_GROUNDED,1.0,NOT_REAL_MODEL_CONFIDENCE,False
REC-6080E743CB603D1F,1.0,SYNTHETIC_LABEL_ONLY,1,SOURCE_TITLE_GROUNDED,1.0,NOT_REAL_MODEL_CONFIDENCE,False
REC-D5820D2A949AAE75,1.0,SYNTHETIC_LABEL_ONLY,1,SOURCE_TITLE_GROUNDED,1.0,NOT_REAL_MODEL_CONFIDENCE,False
REC-5067279360145E5E,1.0,SYNTHETIC_LABEL_ONLY,1,SOURCE_TITLE_GROUNDED,1.0,NOT_REAL_MODEL_CONFIDENCE,False
REC-FE3F4FAC1ACC001A,1.0,SYNTHETIC_LABEL_ONLY,1,SOURCE_TITLE_GROUNDED,1.0,NOT_REAL_MODEL_CONFIDENCE,False
REC-7EE4CAB6D0BF598F,1.0,SYNTHETIC_LABEL_ONLY,1,SOURCE_TITLE_GROUNDED,1.0,NOT_REAL_MODEL_CONFIDENCE,False
REC-F9F3CC2AE3625C08,1.0,SYNTHETIC_LABEL_ONLY,1,SOURCE_TITLE_GROUNDED,1.0,NOT_REAL_MODEL_CONFIDENCE,False
REC-B2CA47738EFBE1C4,1.0,SYNTHETIC_LABEL_ONLY,1,SOURCE_TITLE_GROUNDED,1.0,NOT_REAL_MODEL_CONFIDENCE,False
REC-AF7407E159558B67,1.0,SYNTHETIC_LABEL_ONLY,1,SOURCE_TITLE_GROUNDED,1.0,NOT_REAL_MODEL_CONFIDENCE,False
REC-EBB41B5F4DC03C5F,1.0,SYNTHETIC_LABEL_ONLY,1,SOURCE_TITLE_GROUNDED,1.0,NOT_REAL_MODEL_CONFIDENCE,False
REC-8CAEA085F0CFCBDF,1.0,SYNTHETIC_LABEL_ONLY,1,SOURCE_TITLE_GROUNDED,1.0,NOT_REAL_MODEL_CONFIDENCE,False
REC-BCC14330418F9C6E,1.0,SYNTHETIC_LABEL_ONLY,1,SOURCE_TITLE_GROUNDED,1.0,NOT_REAL_MODEL_CONFIDENCE,False
REC-A9B1C712E01C907C,1.0,SYNTHETIC_LABEL_ONLY,1,SOURCE_TITLE_GROUNDED,1.0,NOT_REAL_MODEL_CONFIDENCE,False
REC-455E1A0C83F08720,1.0,SYNTHETIC_LABEL_ONLY,1,SOURCE_TITLE_GROUNDED,1.0,NOT_REAL_MODEL_CONFIDENCE,False
REC-056C2DD85ECBBF8C,1.0,SYNTHETIC_LABEL_ONLY,1,SOURCE_TITLE_GROUNDED,1.0,NOT_REAL_MODEL_CONFIDENCE,False
REC-CEF7295311148B66,1.0,SYNTHETIC_LABEL_ONLY,1,SOURCE_TITLE_GROUNDED,1.0,NOT_REAL_MODEL_CONFIDENCE,False
REC-57574895BEBA3210,1.0,SYNTHETIC_LABEL_ONLY,1,SOURCE_TITLE_GROUNDED,1.0,NOT_REAL_MODEL_CONFIDENCE,False
REC-53C41A6177E4CE69,1.0,SYNTHETIC_LABEL_ONLY,1,SOURCE_TITLE_GROUNDED,1.0,NOT_REAL_MODEL_CONFIDENCE,False
REC-FF683E5ECCC6EC6D,1.0,SYNTHETIC_LABEL_ONLY,1,SOURCE_TITLE_GROUNDED,1.0,NOT_REAL_MODEL_CONFIDENCE,False
REC-259246FD1EB3BAFB,1.0,SYNTHETIC_LABEL_ONLY,1,SOURCE_TITLE_GROUNDED,1.0,NOT_REAL_MODEL_CONFIDENCE,False
REC-6F5C561DB7A3449F,1.0,SYNTHETIC_LABEL_ONLY,1,SOURCE_TITLE_GROUNDED,1.0,NOT_REAL_MODEL_CONFIDENCE,False
REC-B890397E021AA33C,1.0,SYNTHETIC_LABEL_ONLY,1,SOURCE_TITLE_GROUNDED,1.0,NOT_REAL_MODEL_CONFIDENCE,False
REC-8975EE4510D00288,1.0,SYNTHETIC_LABEL_ONLY,1,SOURCE_TITLE_GROUNDED,1.0,NOT_REAL_MODEL_CONFIDENCE,False
REC-AED19501023EF992,1.0,SYNTHETIC_LABEL_ONLY,1,SOURCE_TITLE_GROUNDED,1.0,NOT_REAL_MODEL_CONFIDENCE,False
REC-661EF94390D4C1C9,1.0,SYNTHETIC_LABEL_ONLY,1,SOURCE_TITLE_GROUNDED,1.0,NOT_REAL_MODEL_CONFIDENCE,False
REC-3FB0DF6BC53FA0A9,1.0,SYNTHETIC_LABEL_ONLY,1,SOURCE_TITLE_GROUNDED,1.0,NOT_REAL_MODEL_CONFIDENCE,False
REC-5E2322595BCBD28E,1.0,SYNTHETIC_LABEL_ONLY,1,SOURCE_TITLE_GROUNDED,1.0,NOT_REAL_MODEL_CONFIDENCE,False
REC-CC48177D30935142,1.0,SYNTHETIC_LABEL_ONLY,1,SOURCE_TITLE_GROUNDED,1.0,NOT_REAL_MODEL_CONFIDENCE,False
REC-B1FE5638D19A1877,1.0,SYNTHETIC_LABEL_ONLY,1,SOURCE_TITLE_GROUNDED,1.0,NOT_REAL_MODEL_CONFIDENCE,False
REC-35665D3558AB2D58,1.0,SYNTHETIC_LABEL_ONLY,1,SOURCE_TITLE_GROUNDED,1.0,NOT_REAL_MODEL_CONFIDENCE,False
REC-87628B6A3EF603B3,1.0,SYNTHETIC_LABEL_ONLY,1,SOURCE_TITLE_GROUNDED,1.0,NOT_REAL_MODEL_CONFIDENCE,False
REC-C04C592BC7B7B993,1.0,SYNTHETIC_LABEL_ONLY,1,SOURCE_TITLE_GROUNDED,1.0,NOT_REAL_MODEL_CONFIDENCE,False
REC-257C0917A5D65161,1.0,SYNTHETIC_LABEL_ONLY,1,SOURCE_TITLE_GROUNDED,1.0,NOT_REAL_MODEL_CONFIDENCE,False
REC-33DD1F4B99C9094F,1.0,SYNTHETIC_LABEL_ONLY,1,SOURCE_TITLE_GROUNDED,1.0,NOT_REAL_MODEL_CONFIDENCE,False
REC-072FDDAE2B1C9E90,1.0,SYNTHETIC_LABEL_ONLY,1,SOURCE_TITLE_GROUNDED,1.0,NOT_REAL_MODEL_CONFIDENCE,False
REC-5E272C31E1E31776,1.0,SYNTHETIC_LABEL_ONLY,1,SOURCE_TITLE_GROUNDED,1.0,NOT_REAL_MODEL_CONFIDENCE,False
REC-2D32C17A666259A0,1.0,SYNTHETIC_LABEL_ONLY,1,SOURCE_TITLE_GROUNDED,1.0,NOT_REAL_MODEL_CONFIDENCE,False
REC-4883652E0E6CB263,1.0,SYNTHETIC_LABEL_ONLY,1,SOURCE_TITLE_GROUNDED,1.0,NOT_REAL_MODEL_CONFIDENCE,False
REC-3A098CEFBC201634,1.0,SYNTHETIC_LABEL_ONLY,1,SOURCE_TITLE_GROUNDED,1.0,NOT_REAL_MODEL_CONFIDENCE,False
REC-9D7FD71C8914E3EB,1.0,SYNTHETIC_LABEL_ONLY,1,SOURCE_TITLE_GROUNDED,1.0,NOT_REAL_MODEL_CONFIDENCE,False
REC-A57D99294386A15E,1.0,SYNTHETIC_LABEL_ONLY,1,SOURCE_TITLE_GROUNDED,1.0,NOT_REAL_MODEL_CONFIDENCE,False
REC-104281611F9A559B,1.0,SYNTHETIC_LABEL_ONLY,1,SOURCE_TITLE_GROUNDED,1.0,NOT_REAL_MODEL_CONFIDENCE,False
REC-39919E312ADD9D93,1.0,SYNTHETIC_LABEL_ONLY,1,SOURCE_TITLE_GROUNDED,1.0,NOT_REAL_MODEL_CONFIDENCE,False
REC-E2185F84148A7CC6,1.0,SYNTHETIC_LABEL_ONLY,1,SOURCE_TITLE_GROUNDED,1.0,NOT_REAL_MODEL_CONFIDENCE,False
REC-686FB734AA6E3D28,1.0,SYNTHETIC_LABEL_ONLY,1,SOURCE_TITLE_GROUNDED,1.0,NOT_REAL_MODEL_CONFIDENCE,False
REC-2FC4D324229014D4,1.0,SYNTHETIC_LABEL_ONLY,1,SOURCE_TITLE_GROUNDED,1.0,NOT_REAL_MODEL_CONFIDENCE,False
REC-43B298EB9DDAF715,1.0,SYNTHETIC_LABEL_ONLY,1,SOURCE_TITLE_GROUNDED,1.0,NOT_REAL_MODEL_CONFIDENCE,False
REC-75165784734735F1,1.0,SYNTHETIC_LABEL_ONLY,1,SOURCE_TITLE_GROUNDED,1.0,NOT_REAL_MODEL_CONFIDENCE,False
REC-71DD3DCE41B23A61,1.0,SYNTHETIC_LABEL_ONLY,1,SOURCE_TITLE_GROUNDED,1.0,NOT_REAL_MODEL_CONFIDENCE,False
REC-8C3A6223AAE3D50E,1.0,SYNTHETIC_LABEL_ONLY,1,SOURCE_TITLE_GROUNDED,1.0,NOT_REAL_MODEL_CONFIDENCE,False
REC-B6AB017FFF83E5EA,1.0,SYNTHETIC_LABEL_ONLY,1,SOURCE_TITLE_GROUNDED,1.0,NOT_REAL_MODEL_CONFIDENCE,False
REC-F5AAC3F2481AE700,1.0,SYNTHETIC_LABEL_ONLY,1,SOURCE_TITLE_GROUNDED,1.0,NOT_REAL_MODEL_CONFIDENCE,False
REC-83542CB67277B295,1.0,SYNTHETIC_LABEL_ONLY,1,SOURCE_TITLE_GROUNDED,1.0,NOT_REAL_MODEL_CONFIDENCE,False
REC-68AB1DEBE51125AE,1.0,SYNTHETIC_LABEL_ONLY,1,SOURCE_TITLE_GROUNDED,1.0,NOT_REAL_MODEL_CONFIDENCE,False
REC-7BDD98BC4A5E81D5,1.0,SYNTHETIC_LABEL_ONLY,1,SOURCE_TITLE_GROUNDED,1.0,NOT_REAL_MODEL_CONFIDENCE,False
REC-F1027EC6D070BB34,1.0,SYNTHETIC_LABEL_ONLY,1,SOURCE_TITLE_GROUNDED,1.0,NOT_REAL_MODEL_CONFIDENCE,False
REC-C742097DBACCA9B8,1.0,SYNTHETIC_LABEL_ONLY,1,SOURCE_TITLE_GROUNDED,1.0,NOT_REAL_MODEL_CONFIDENCE,False
REC-7C2FE34DE480230B,1.0,SYNTHETIC_LABEL_ONLY,1,SOURCE_TITLE_GROUNDED,1.0,NOT_REAL_MODEL_CONFIDENCE,False
REC-9D8B84BCD945F117,1.0,SYNTHETIC_LABEL_ONLY,1,SOURCE_TITLE_GROUNDED,1.0,NOT_REAL_MODEL_CONFIDENCE,False
REC-04D3E103D8EDA560,1.0,SYNTHETIC_LABEL_ONLY,1,SOURCE_TITLE_GROUNDED,1.0,NOT_REAL_MODEL_CONFIDENCE,False
REC-46BAC068904ABF0D,1.0,SYNTHETIC_LABEL_ONLY,1,SOURCE_TITLE_GROUNDED,1.0,NOT_REAL_MODEL_CONFIDENCE,False
REC-9AB25DC20EB62F1D,1.0,SYNTHETIC_LABEL_ONLY,1,SOURCE_TITLE_GROUNDED,1.0,NOT_REAL_MODEL_CONFIDENCE,False
REC-E54788607C6F014C,1.0,SYNTHETIC_LABEL_ONLY,1,SOURCE_TITLE_GROUNDED,1.0,NOT_REAL_MODEL_CONFIDENCE,False
REC-845A72F1B5BEDEC8,1.0,SYNTHETIC_LABEL_ONLY,1,SOURCE_TITLE_GROUNDED,1.0,NOT_REAL_MODEL_CONFIDENCE,False
REC-AC30577262B7CC04,1.0,SYNTHETIC_LABEL_ONLY,1,SOURCE_TITLE_GROUNDED,1.0,NOT_REAL_MODEL_CONFIDENCE,False
REC-4B9EACF3E769653E,1.0,SYNTHETIC_LABEL_ONLY,1,SOURCE_TITLE_GROUNDED,1.0,NOT_REAL_MODEL_CONFIDENCE,False
REC-C82754E3ED161D7E,1.0,SYNTHETIC_LABEL_ONLY,1,SOURCE_TITLE_GROUNDED,1.0,NOT_REAL_MODEL_CONFIDENCE,False
REC-F8372FB9C9B1FD2C,1.0,SYNTHETIC_LABEL_ONLY,1,SOURCE_TITLE_GROUNDED,1.0,NOT_REAL_MODEL_CONFIDENCE,False
REC-FE133FD0DD972E11,1.0,SYNTHETIC_LABEL_ONLY,1,SOURCE_TITLE_GROUNDED,1.0,NOT_REAL_MODEL_CONFIDENCE,False
REC-A5356B2D6DBD29D1,1.0,SYNTHETIC_LABEL_ONLY,1,SOURCE_TITLE_GROUNDED,1.0,NOT_REAL_MODEL_CONFIDENCE,False
REC-E6B9227693F7BD06,1.0,SYNTHETIC_LABEL_ONLY,1,SOURCE_TITLE_GROUNDED,1.0,NOT_REAL_MODEL_CONFIDENCE,False
REC-BDF6E29A4984BB79,1.0,SYNTHETIC_LABEL_ONLY,1,SOURCE_TITLE_GROUNDED,1.0,NOT_REAL_MODEL_CONFIDENCE,False
REC-70FC3747F1F51038,1.0,SYNTHETIC_LABEL_ONLY,1,SOURCE_TITLE_GROUNDED,1.0,NOT_REAL_MODEL_CONFIDENCE,False
REC-0DDADE22D458338A,1.0,SYNTHETIC_LABEL_ONLY,1,SOURCE_TITLE_GROUNDED,1.0,NOT_REAL_MODEL_CONFIDENCE,False
REC-4F195BFEA5A9E3C1,1.0,SYNTHETIC_LABEL_ONLY,1,SOURCE_TITLE_GROUNDED,1.0,NOT_REAL_MODEL_CONFIDENCE,False
REC-B394AFAC42760C1F,1.0,SYNTHETIC_LABEL_ONLY,1,SOURCE_TITLE_GROUNDED,1.0,NOT_REAL_MODEL_CONFIDENCE,False
REC-4D93299179B912A1,1.0,SYNTHETIC_LABEL_ONLY,1,SOURCE_TITLE_GROUNDED,1.0,NOT_REAL_MODEL_CONFIDENCE,False
REC-45BF8C3F482D044F,1.0,SYNTHETIC_LABEL_ONLY,1,SOURCE_TITLE_GROUNDED,1.0,NOT_REAL_MODEL_CONFIDENCE,False
REC-47487367DFFF7827,1.0,SYNTHETIC_LABEL_ONLY,1,SOURCE_TITLE_GROUNDED,1.0,NOT_REAL_MODEL_CONFIDENCE,False
REC-4223A753C1FE10EF,1.0,SYNTHETIC_LABEL_ONLY,1,SOURCE_TITLE_GROUNDED,1.0,NOT_REAL_MODEL_CONFIDENCE,False
REC-76E3B0AB8FCD0F47,1.0,SYNTHETIC_LABEL_ONLY,1,SOURCE_TITLE_GROUNDED,1.0,NOT_REAL_MODEL_CONFIDENCE,False
REC-8D86E81A3230FE9F,1.0,SYNTHETIC_LABEL_ONLY,1,SOURCE_TITLE_GROUNDED,1.0,NOT_REAL_MODEL_CONFIDENCE,False
REC-CC4A09EAD0F38B98,1.0,SYNTHETIC_LABEL_ONLY,1,SOURCE_TITLE_GROUNDED,1.0,NOT_REAL_MODEL_CONFIDENCE,False
REC-A0A792C7BBFD3BED,1.0,SYNTHETIC_LABEL_ONLY,1,SOURCE_TITLE_GROUNDED,1.0,NOT_REAL_MODEL_CONFIDENCE,False
REC-1BA2FFF7613D6441,1.0,SYNTHETIC_LABEL_ONLY,1,SOURCE_TITLE_GROUNDED,1.0,NOT_REAL_MODEL_CONFIDENCE,False
REC-D22FDAFA296C6935,1.0,SYNTHETIC_LABEL_ONLY,1,SOURCE_TITLE_GROUNDED,1.0,NOT_REAL_MODEL_CONFIDENCE,False
REC-322E576C0510F745,1.0,SYNTHETIC_LABEL_ONLY,1,SOURCE_TITLE_GROUNDED,1.0,NOT_REAL_MODEL_CONFIDENCE,False
REC-8BEA910AA053D396,1.0,SYNTHETIC_LABEL_ONLY,1,SOURCE_TITLE_GROUNDED,1.0,NOT_REAL_MODEL_CONFIDENCE,False
REC-41FA96F3825E056C,1.0,SYNTHETIC_LABEL_ONLY,1,SOURCE_TITLE_GROUNDED,1.0,NOT_REAL_MODEL_CONFIDENCE,False
REC-4992EB770A34B663,1.0,SYNTHETIC_LABEL_ONLY,1,SOURCE_TITLE_GROUNDED,1.0,NOT_REAL_MODEL_CONFIDENCE,False
REC-11DB9852A284B32B,1.0,SYNTHETIC_LABEL_ONLY,1,SOURCE_TITLE_GROUNDED,1.0,NOT_REAL_MODEL_CONFIDENCE,False
REC-4180F947FAC2FA1F,1.0,SYNTHETIC_LABEL_ONLY,1,SOURCE_TITLE_GROUNDED,1.0,NOT_REAL_MODEL_CONFIDENCE,False
REC-CB482376305C2B7A,1.0,SYNTHETIC_LABEL_ONLY,1,SOURCE_TITLE_GROUNDED,1.0,NOT_REAL_MODEL_CONFIDENCE,False
REC-F2A1EA8BE09F2354,1.0,SYNTHETIC_LABEL_ONLY,1,SOURCE_TITLE_GROUNDED,1.0,NOT_REAL_MODEL_CONFIDENCE,False
REC-FAFBAC328A787CFC,1.0,SYNTHETIC_LABEL_ONLY,1,SOURCE_TITLE_GROUNDED,1.0,NOT_REAL_MODEL_CONFIDENCE,False
REC-EDD6CA8EB0ECD132,1.0,SYNTHETIC_LABEL_ONLY,1,SOURCE_TITLE_GROUNDED,1.0,NOT_REAL_MODEL_CONFIDENCE,False
REC-3102D991BF4A7AE5,1.0,SYNTHETIC_LABEL_ONLY,1,SOURCE_TITLE_GROUNDED,1.0,NOT_REAL_MODEL_CONFIDENCE,False
REC-03C8F4A50A8C11F9,1.0,SYNTHETIC_LABEL_ONLY,1,SOURCE_TITLE_GROUNDED,1.0,NOT_REAL_MODEL_CONFIDENCE,False
REC-E042608878C15E16,1.0,SYNTHETIC_LABEL_ONLY,1,SOURCE_TITLE_GROUNDED,1.0,NOT_REAL_MODEL_CONFIDENCE,False
REC-DE3D38551822C24A,1.0,SYNTHETIC_LABEL_ONLY,1,SOURCE_TITLE_GROUNDED,1.0,NOT_REAL_MODEL_CONFIDENCE,False
REC-EF075D7975B2DB9D,1.0,SYNTHETIC_LABEL_ONLY,1,SOURCE_TITLE_GROUNDED,1.0,NOT_REAL_MODEL_CONFIDENCE,False
REC-A1E92ADCF0EBA8A5,1.0,SYNTHETIC_LABEL_ONLY,1,SOURCE_TITLE_GROUNDED,1.0,NOT_REAL_MODEL_CONFIDENCE,False
REC-000721094F16FB69,1.0,SYNTHETIC_LABEL_ONLY,1,SOURCE_TITLE_GROUNDED,1.0,NOT_REAL_MODEL_CONFIDENCE,False
REC-B39C420B82340CAF,1.0,SYNTHETIC_LABEL_ONLY,1,SOURCE_TITLE_GROUNDED,1.0,NOT_REAL_MODEL_CONFIDENCE,False
REC-6E648A16419B9E7A,1.0,SYNTHETIC_LABEL_ONLY,1,SOURCE_TITLE_GROUNDED,1.0,NOT_REAL_MODEL_CONFIDENCE,False
REC-8F61257265C7374F,1.0,SYNTHETIC_LABEL_ONLY,1,SOURCE_TITLE_GROUNDED,1.0,NOT_REAL_MODEL_CONFIDENCE,False
REC-CC8B72323CC4A611,1.0,SYNTHETIC_LABEL_ONLY,1,SOURCE_TITLE_GROUNDED,1.0,NOT_REAL_MODEL_CONFIDENCE,False
REC-A1BAF0701A91D204,1.0,SYNTHETIC_LABEL_ONLY,1,SOURCE_TITLE_GROUNDED,1.0,NOT_REAL_MODEL_CONFIDENCE,False
REC-BEC9E966893D48BB,1.0,SYNTHETIC_LABEL_ONLY,1,SOURCE_TITLE_GROUNDED,1.0,NOT_REAL_MODEL_CONFIDENCE,False
REC-B3B824D111017F3F,1.0,SYNTHETIC_LABEL_ONLY,1,SOURCE_TITLE_GROUNDED,1.0,NOT_REAL_MODEL_CONFIDENCE,False
REC-821F2225D39BAF35,1.0,SYNTHETIC_LABEL_ONLY,1,SOURCE_TITLE_GROUNDED,1.0,NOT_REAL_MODEL_CONFIDENCE,False
REC-3CF73D26FF99A3A1,1.0,SYNTHETIC_LABEL_ONLY,1,SOURCE_TITLE_GROUNDED,1.0,NOT_REAL_MODEL_CONFIDENCE,False
REC-AE02D0BBF81D1325,1.0,SYNTHETIC_LABEL_ONLY,1,SOURCE_TITLE_GROUNDED,1.0,NOT_REAL_MODEL_CONFIDENCE,False
REC-9497E4A66FDCF445,1.0,SYNTHETIC_LABEL_ONLY,1,SOURCE_TITLE_GROUNDED,1.0,NOT_REAL_MODEL_CONFIDENCE,False
REC-D795A93E93B85B15,1.0,SYNTHETIC_LABEL_ONLY,1,SOURCE_TITLE_GROUNDED,1.0,NOT_REAL_MODEL_CONFIDENCE,False
REC-77D622A676916942,1.0,SYNTHETIC_LABEL_ONLY,1,SOURCE_TITLE_GROUNDED,1.0,NOT_REAL_MODEL_CONFIDENCE,False
REC-CDD9A43C78B8757F,1.0,SYNTHETIC_LABEL_ONLY,1,SOURCE_TITLE_GROUNDED,1.0,NOT_REAL_MODEL_CONFIDENCE,False
REC-A6EB2B40C1429E23,1.0,SYNTHETIC_LABEL_ONLY,1,SOURCE_TITLE_GROUNDED,1.0,NOT_REAL_MODEL_CONFIDENCE,False
REC-5710B94F54F6F345,1.0,SYNTHETIC_LABEL_ONLY,1,SOURCE_TITLE_GROUNDED,1.0,NOT_REAL_MODEL_CONFIDENCE,False
REC-208699B9F1D70B61,1.0,SYNTHETIC_LABEL_ONLY,1,SOURCE_TITLE_GROUNDED,1.0,NOT_REAL_MODEL_CONFIDENCE,False
REC-C8EDE4D2067F8329,1.0,SYNTHETIC_LABEL_ONLY,1,SOURCE_TITLE_GROUNDED,1.0,NOT_REAL_MODEL_CONFIDENCE,False
REC-80024A468E0E7F1D,1.0,SYNTHETIC_LABEL_ONLY,1,SOURCE_TITLE_GROUNDED,1.0,NOT_REAL_MODEL_CONFIDENCE,False
REC-20AACFF4271191AD,1.0,SYNTHETIC_LABEL_ONLY,1,SOURCE_TITLE_GROUNDED,1.0,NOT_REAL_MODEL_CONFIDENCE,False
REC-8350FE1D19A8DA55,1.0,SYNTHETIC_LABEL_ONLY,1,SOURCE_TITLE_GROUNDED,1.0,NOT_REAL_MODEL_CONFIDENCE,False
REC-EB1A85A3BDA7EFDA,1.0,SYNTHETIC_LABEL_ONLY,1,SOURCE_TITLE_GROUNDED,1.0,NOT_REAL_MODEL_CONFIDENCE,False
REC-186917C2EDDE9C37,1.0,SYNTHETIC_LABEL_ONLY,1,SOURCE_TITLE_GROUNDED,1.0,NOT_REAL_MODEL_CONFIDENCE,False
REC-823390404D7A0CCF,1.0,SYNTHETIC_LABEL_ONLY,1,SOURCE_TITLE_GROUNDED,1.0,NOT_REAL_MODEL_CONFIDENCE,False
REC-16C619C3AA7D526C,1.0,SYNTHETIC_LABEL_ONLY,1,SOURCE_TITLE_GROUNDED,1.0,NOT_REAL_MODEL_CONFIDENCE,False
REC-01EB89E6326A7135,1.0,SYNTHETIC_LABEL_ONLY,1,SOURCE_TITLE_GROUNDED,1.0,NOT_REAL_MODEL_CONFIDENCE,False
REC-48A29554FA6ADA9B,1.0,SYNTHETIC_LABEL_ONLY,1,SOURCE_TITLE_GROUNDED,1.0,NOT_REAL_MODEL_CONFIDENCE,False
REC-90D0AFFAC44B873B,1.0,SYNTHETIC_LABEL_ONLY,1,SOURCE_TITLE_GROUNDED,1.0,NOT_REAL_MODEL_CONFIDENCE,False
REC-E5B4FF01CFD5DE1B,1.0,SYNTHETIC_LABEL_ONLY,1,SOURCE_TITLE_GROUNDED,1.0,NOT_REAL_MODEL_CONFIDENCE,False
REC-C3445DE9DA40F2B9,1.0,SYNTHETIC_LABEL_ONLY,1,SOURCE_TITLE_GROUNDED,1.0,NOT_REAL_MODEL_CONFIDENCE,False
REC-3E0A8A8FD88057FE,1.0,SYNTHETIC_LABEL_ONLY,1,SOURCE_TITLE_GROUNDED,1.0,NOT_REAL_MODEL_CONFIDENCE,False
REC-380796FA00B24B39,1.0,SYNTHETIC_LABEL_ONLY,1,SOURCE_TITLE_GROUNDED,1.0,NOT_REAL_MODEL_CONFIDENCE,False
REC-FBE7FC74F6DE9106,1.0,SYNTHETIC_LABEL_ONLY,1,SOURCE_TITLE_GROUNDED,1.0,NOT_REAL_MODEL_CONFIDENCE,False
REC-9525E4DB620549CC,1.0,SYNTHETIC_LABEL_ONLY,1,SOURCE_TITLE_GROUNDED,1.0,NOT_REAL_MODEL_CONFIDENCE,False
REC-C1FCB44A0271B6AC,1.0,SYNTHETIC_LABEL_ONLY,1,SOURCE_TITLE_GROUNDED,1.0,NOT_REAL_MODEL_CONFIDENCE,False
REC-596FF8589BFED2DD,1.0,SYNTHETIC_LABEL_ONLY,1,SOURCE_TITLE_GROUNDED,1.0,NOT_REAL_MODEL_CONFIDENCE,False
REC-AED6B0BCDF793004,1.0,SYNTHETIC_LABEL_ONLY,1,SOURCE_TITLE_GROUNDED,1.0,NOT_REAL_MODEL_CONFIDENCE,False
REC-3EE4A7872B8A2DD0,1.0,SYNTHETIC_LABEL_ONLY,1,SOURCE_TITLE_GROUNDED,1.0,NOT_REAL_MODEL_CONFIDENCE,False
REC-982B805572452C97,1.0,SYNTHETIC_LABEL_ONLY,1,SOURCE_TITLE_GROUNDED,1.0,NOT_REAL_MODEL_CONFIDENCE,False
REC-924F86CC628C7587,1.0,SYNTHETIC_LABEL_ONLY,1,SOURCE_TITLE_GROUNDED,1.0,NOT_REAL_MODEL_CONFIDENCE,False
REC-AAF53FC0998ECE52,1.0,SYNTHETIC_LABEL_ONLY,1,SOURCE_TITLE_GROUNDED,1.0,NOT_REAL_MODEL_CONFIDENCE,False
REC-63B6E7877FF54823,1.0,SYNTHETIC_LABEL_ONLY,1,SOURCE_TITLE_GROUNDED,1.0,NOT_REAL_MODEL_CONFIDENCE,False
REC-7E545873FE59F863,1.0,SYNTHETIC_LABEL_ONLY,1,SOURCE_TITLE_GROUNDED,1.0,NOT_REAL_MODEL_CONFIDENCE,False
REC-9553D9145670B650,1.0,SYNTHETIC_LABEL_ONLY,1,SOURCE_TITLE_GROUNDED,1.0,NOT_REAL_MODEL_CONFIDENCE,False
REC-FF2A4EFC414528EC,1.0,SYNTHETIC_LABEL_ONLY,1,SOURCE_TITLE_GROUNDED,1.0,NOT_REAL_MODEL_CONFIDENCE,False
REC-5A760D71C875B6F9,1.0,SYNTHETIC_LABEL_ONLY,1,SOURCE_TITLE_GROUNDED,1.0,NOT_REAL_MODEL_CONFIDENCE,False
REC-A5525F2EEA550AD8,1.0,SYNTHETIC_LABEL_ONLY,1,SOURCE_TITLE_GROUNDED,1.0,NOT_REAL_MODEL_CONFIDENCE,False
REC-E79FD2D8CE711A10,1.0,SYNTHETIC_LABEL_ONLY,1,SOURCE_TITLE_GROUNDED,1.0,NOT_REAL_MODEL_CONFIDENCE,False
REC-3C9725E1FFBF78BF,1.0,SYNTHETIC_LABEL_ONLY,1,SOURCE_TITLE_GROUNDED,1.0,NOT_REAL_MODEL_CONFIDENCE,False
REC-3417139DC582E3D5,1.0,SYNTHETIC_LABEL_ONLY,1,SOURCE_TITLE_GROUNDED,1.0,NOT_REAL_MODEL_CONFIDENCE,False
REC-F812DF06CADC6773,1.0,SYNTHETIC_LABEL_ONLY,1,SOURCE_TITLE_GROUNDED,1.0,NOT_REAL_MODEL_CONFIDENCE,False
REC-354BA354EAC2C632,1.0,SYNTHETIC_LABEL_ONLY,1,SOURCE_TITLE_GROUNDED,1.0,NOT_REAL_MODEL_CONFIDENCE,False
REC-2B8A1ABBFA5EC1D0,1.0,SYNTHETIC_LABEL_ONLY,1,SOURCE_TITLE_GROUNDED,1.0,NOT_REAL_MODEL_CONFIDENCE,False
REC-82A27E48753C609B,1.0,SYNTHETIC_LABEL_ONLY,1,SOURCE_TITLE_GROUNDED,1.0,NOT_REAL_MODEL_CONFIDENCE,False
REC-431989B9076E18CB,1.0,SYNTHETIC_LABEL_ONLY,1,SOURCE_TITLE_GROUNDED,1.0,NOT_REAL_MODEL_CONFIDENCE,False
REC-BB9D459675AE3830,1.0,SYNTHETIC_LABEL_ONLY,1,SOURCE_TITLE_GROUNDED,1.0,NOT_REAL_MODEL_CONFIDENCE,False
REC-8BF470F153272A4D,1.0,SYNTHETIC_LABEL_ONLY,1,SOURCE_TITLE_GROUNDED,1.0,NOT_REAL_MODEL_CONFIDENCE,False
REC-F33807FC4007C02E,1.0,SYNTHETIC_LABEL_ONLY,1,SOURCE_TITLE_GROUNDED,1.0,NOT_REAL_MODEL_CONFIDENCE,False
REC-BFED87FCFC2B9BED,1.0,SYNTHETIC_LABEL_ONLY,1,SOURCE_TITLE_GROUNDED,1.0,NOT_REAL_MODEL_CONFIDENCE,False
REC-A373991747307DBA,1.0,SYNTHETIC_LABEL_ONLY,1,SOURCE_TITLE_GROUNDED,1.0,NOT_REAL_MODEL_CONFIDENCE,False
REC-FB6499AC59F8D1AA,1.0,SYNTHETIC_LABEL_ONLY,1,SOURCE_TITLE_GROUNDED,1.0,NOT_REAL_MODEL_CONFIDENCE,False
REC-1D85976E3C822A98,1.0,SYNTHETIC_LABEL_ONLY,1,SOURCE_TITLE_GROUNDED,1.0,NOT_REAL_MODEL_CONFIDENCE,False
REC-1E7BF6ACE61F334B,1.0,SYNTHETIC_LABEL_ONLY,1,SOURCE_TITLE_GROUNDED,1.0,NOT_REAL_MODEL_CONFIDENCE,False
REC-C4FA12E3EF903181,1.0,SYNTHETIC_LABEL_ONLY,1,SOURCE_TITLE_GROUNDED,1.0,NOT_REAL_MODEL_CONFIDENCE,False
REC-45E450C6A8DBFE91,1.0,SYNTHETIC_LABEL_ONLY,1,SOURCE_TITLE_GROUNDED,1.0,NOT_REAL_MODEL_CONFIDENCE,False
REC-90EC9DC521ED4809,1.0,SYNTHETIC_LABEL_ONLY,1,SOURCE_TITLE_GROUNDED,1.0,NOT_REAL_MODEL_CONFIDENCE,False
REC-62FB170F40ECB7EB,1.0,SYNTHETIC_LABEL_ONLY,1,SOURCE_TITLE_GROUNDED,1.0,NOT_REAL_MODEL_CONFIDENCE,False
REC-00D4DF51F1DB9F54,1.0,SYNTHETIC_LABEL_ONLY,1,SOURCE_TITLE_GROUNDED,1.0,NOT_REAL_MODEL_CONFIDENCE,False
REC-C2BB88D738CB1DDF,1.0,SYNTHETIC_LABEL_ONLY,1,SOURCE_TITLE_GROUNDED,1.0,NOT_REAL_MODEL_CONFIDENCE,False
REC-3B21E3446A995744,1.0,SYNTHETIC_LABEL_ONLY,1,SOURCE_TITLE_GROUNDED,1.0,NOT_REAL_MODEL_CONFIDENCE,False
REC-B0F729B84530415F,1.0,SYNTHETIC_LABEL_ONLY,1,SOURCE_TITLE_GROUNDED,1.0,NOT_REAL_MODEL_CONFIDENCE,False
REC-69DE3A98C99946B9,1.0,SYNTHETIC_LABEL_ONLY,1,SOURCE_TITLE_GROUNDED,1.0,NOT_REAL_MODEL_CONFIDENCE,False
REC-83E92DE85549FDC6,1.0,SYNTHETIC_LABEL_ONLY,1,SOURCE_TITLE_GROUNDED,1.0,NOT_REAL_MODEL_CONFIDENCE,False
REC-30A3D556A62D6C46,1.0,SYNTHETIC_LABEL_ONLY,1,SOURCE_TITLE_GROUNDED,1.0,NOT_REAL_MODEL_CONFIDENCE,False
REC-058B55D4EFBB1087,1.0,SYNTHETIC_LABEL_ONLY,1,SOURCE_TITLE_GROUNDED,1.0,NOT_REAL_MODEL_CONFIDENCE,False
REC-1019CA926D8649B0,1.0,SYNTHETIC_LABEL_ONLY,1,SOURCE_TITLE_GROUNDED,1.0,NOT_REAL_MODEL_CONFIDENCE,False
REC-CB442E4B7D475868,1.0,SYNTHETIC_LABEL_ONLY,1,SOURCE_TITLE_GROUNDED,1.0,NOT_REAL_MODEL_CONFIDENCE,False
REC-01BA49F851FEB405,1.0,SYNTHETIC_LABEL_ONLY,1,SOURCE_TITLE_GROUNDED,1.0,NOT_REAL_MODEL_CONFIDENCE,False
REC-2DD212A51542E719,1.0,SYNTHETIC_LABEL_ONLY,1,SOURCE_TITLE_GROUNDED,1.0,NOT_REAL_MODEL_CONFIDENCE,False
REC-63233FFCD97A0ADE,1.0,SYNTHETIC_LABEL_ONLY,1,SOURCE_TITLE_GROUNDED,1.0,NOT_REAL_MODEL_CONFIDENCE,False
REC-05AADCB8936C3E69,1.0,SYNTHETIC_LABEL_ONLY,1,SOURCE_TITLE_GROUNDED,1.0,NOT_REAL_MODEL_CONFIDENCE,False
REC-57177A65244D8805,1.0,SYNTHETIC_LABEL_ONLY,1,SOURCE_TITLE_GROUNDED,1.0,NOT_REAL_MODEL_CONFIDENCE,False
REC-B11947C5A548351B,1.0,SYNTHETIC_LABEL_ONLY,1,SOURCE_TITLE_GROUNDED,1.0,NOT_REAL_MODEL_CONFIDENCE,False
REC-E67A2562D6EFE4DB,1.0,SYNTHETIC_LABEL_ONLY,1,SOURCE_TITLE_GROUNDED,1.0,NOT_REAL_MODEL_CONFIDENCE,False
REC-79CC266E2CF0A01E,1.0,SYNTHETIC_LABEL_ONLY,1,SOURCE_TITLE_GROUNDED,1.0,NOT_REAL_MODEL_CONFIDENCE,False
REC-3E385FEBF881AA71,1.0,SYNTHETIC_LABEL_ONLY,1,SOURCE_TITLE_GROUNDED,1.0,NOT_REAL_MODEL_CONFIDENCE,False
REC-462C70D77C8D1A3A,1.0,SYNTHETIC_LABEL_ONLY,1,SOURCE_TITLE_GROUNDED,1.0,NOT_REAL_MODEL_CONFIDENCE,False
REC-86C33EE5C9F125C9,1.0,SYNTHETIC_LABEL_ONLY,1,SOURCE_TITLE_GROUNDED,1.0,NOT_REAL_MODEL_CONFIDENCE,False
REC-A3A3BFE798F1F6CE,1.0,SYNTHETIC_LABEL_ONLY,1,SOURCE_TITLE_GROUNDED,1.0,NOT_REAL_MODEL_CONFIDENCE,False
REC-E6B244452A98F6B8,1.0,SYNTHETIC_LABEL_ONLY,1,SOURCE_TITLE_GROUNDED,1.0,NOT_REAL_MODEL_CONFIDENCE,False
REC-C1159B136E36F1C8,1.0,SYNTHETIC_LABEL_ONLY,1,SOURCE_TITLE_GROUNDED,1.0,NOT_REAL_MODEL_CONFIDENCE,False
REC-EED8897BD9E8BE00,1.0,SYNTHETIC_LABEL_ONLY,1,SOURCE_TITLE_GROUNDED,1.0,NOT_REAL_MODEL_CONFIDENCE,False
REC-9D9247CA751B0A42,1.0,SYNTHETIC_LABEL_ONLY,1,SOURCE_TITLE_GROUNDED,1.0,NOT_REAL_MODEL_CONFIDENCE,False
REC-74C4D02BAB17EC78,1.0,SYNTHETIC_LABEL_ONLY,1,SOURCE_TITLE_GROUNDED,1.0,NOT_REAL_MODEL_CONFIDENCE,False
REC-10320480DF3934D8,1.0,SYNTHETIC_LABEL_ONLY,1,SOURCE_TITLE_GROUNDED,1.0,NOT_REAL_MODEL_CONFIDENCE,False
REC-9672E430FAA10531,1.0,SYNTHETIC_LABEL_ONLY,1,SOURCE_TITLE_GROUNDED,1.0,NOT_REAL_MODEL_CONFIDENCE,False
REC-26666A854338EE4A,1.0,SYNTHETIC_LABEL_ONLY,1,SOURCE_TITLE_GROUNDED,1.0,NOT_REAL_MODEL_CONFIDENCE,False
REC-2E8F33C63041D5E5,1.0,SYNTHETIC_LABEL_ONLY,1,SOURCE_TITLE_GROUNDED,1.0,NOT_REAL_MODEL_CONFIDENCE,False
REC-8CDEB94EEE083C0D,1.0,SYNTHETIC_LABEL_ONLY,1,SOURCE_TITLE_GROUNDED,1.0,NOT_REAL_MODEL_CONFIDENCE,False
REC-485A7EEF7745AE7D,1.0,SYNTHETIC_LABEL_ONLY,1,SOURCE_TITLE_GROUNDED,1.0,NOT_REAL_MODEL_CONFIDENCE,False
REC-85000F50C4D77856,1.0,SYNTHETIC_LABEL_ONLY,1,SOURCE_TITLE_GROUNDED,1.0,NOT_REAL_MODEL_CONFIDENCE,False
REC-10116D88FFCACC88,1.0,SYNTHETIC_LABEL_ONLY,1,SOURCE_TITLE_GROUNDED,1.0,NOT_REAL_MODEL_CONFIDENCE,False
REC-7711C76763B1D017,1.0,SYNTHETIC_LABEL_ONLY,1,SOURCE_TITLE_GROUNDED,1.0,NOT_REAL_MODEL_CONFIDENCE,False
REC-56C2637CEB579D48,1.0,SYNTHETIC_LABEL_ONLY,1,SOURCE_TITLE_GROUNDED,1.0,NOT_REAL_MODEL_CONFIDENCE,False
REC-8A1289A79BCDE337,1.0,SYNTHETIC_LABEL_ONLY,1,SOURCE_TITLE_GROUNDED,1.0,NOT_REAL_MODEL_CONFIDENCE,False
REC-F52C8AE1F8E9D9BB,1.0,SYNTHETIC_LABEL_ONLY,1,SOURCE_TITLE_GROUNDED,1.0,NOT_REAL_MODEL_CONFIDENCE,False
REC-83161E920247CBD1,1.0,SYNTHETIC_LABEL_ONLY,1,SOURCE_TITLE_GROUNDED,1.0,NOT_REAL_MODEL_CONFIDENCE,False
REC-48CABC66364ACD76,1.0,SYNTHETIC_LABEL_ONLY,1,SOURCE_TITLE_GROUNDED,1.0,NOT_REAL_MODEL_CONFIDENCE,False
REC-4B16368FFBC22F64,1.0,SYNTHETIC_LABEL_ONLY,1,SOURCE_TITLE_GROUNDED,1.0,NOT_REAL_MODEL_CONFIDENCE,False
REC-5F64E5BAB522A23D,1.0,SYNTHETIC_LABEL_ONLY,1,SOURCE_TITLE_GROUNDED,1.0,NOT_REAL_MODEL_CONFIDENCE,False
REC-59126A85D4DEF77F,1.0,SYNTHETIC_LABEL_ONLY,1,SOURCE_TITLE_GROUNDED,1.0,NOT_REAL_MODEL_CONFIDENCE,False
REC-B4E48A2D0F8BDCF1,1.0,SYNTHETIC_LABEL_ONLY,1,SOURCE_TITLE_GROUNDED,1.0,NOT_REAL_MODEL_CONFIDENCE,False
REC-5512F549C7C654A0,1.0,SYNTHETIC_LABEL_ONLY,1,SOURCE_TITLE_GROUNDED,1.0,NOT_REAL_MODEL_CONFIDENCE,False
REC-2D8D5E0A7ADDE9B2,1.0,SYNTHETIC_LABEL_ONLY,1,SOURCE_TITLE_GROUNDED,1.0,NOT_REAL_MODEL_CONFIDENCE,False
REC-52FE81457DA10E2E,1.0,SYNTHETIC_LABEL_ONLY,1,SOURCE_TITLE_GROUNDED,1.0,NOT_REAL_MODEL_CONFIDENCE,False
REC-2788FDC844D78336,1.0,SYNTHETIC_LABEL_ONLY,1,SOURCE_TITLE_GROUNDED,1.0,NOT_REAL_MODEL_CONFIDENCE,False
REC-0FA0C21A52F5678B,1.0,SYNTHETIC_LABEL_ONLY,1,SOURCE_TITLE_GROUNDED,1.0,NOT_REAL_MODEL_CONFIDENCE,False
REC-18D29CF239AD09C2,1.0,SYNTHETIC_LABEL_ONLY,1,SOURCE_TITLE_GROUNDED,1.0,NOT_REAL_MODEL_CONFIDENCE,False
REC-75F1AB6A2A631A7E,1.0,SYNTHETIC_LABEL_ONLY,1,SOURCE_TITLE_GROUNDED,1.0,NOT_REAL_MODEL_CONFIDENCE,False
REC-9D50822BF7CC4463,1.0,SYNTHETIC_LABEL_ONLY,1,SOURCE_TITLE_GROUNDED,1.0,NOT_REAL_MODEL_CONFIDENCE,False
REC-B97FA5D9A571B256,1.0,SYNTHETIC_LABEL_ONLY,1,SOURCE_TITLE_GROUNDED,1.0,NOT_REAL_MODEL_CONFIDENCE,False
REC-AD98B514D395DAE9,1.0,SYNTHETIC_LABEL_ONLY,1,SOURCE_TITLE_GROUNDED,1.0,NOT_REAL_MODEL_CONFIDENCE,False
REC-F2C8A25A0C8D6420,1.0,SYNTHETIC_LABEL_ONLY,1,SOURCE_TITLE_GROUNDED,1.0,NOT_REAL_MODEL_CONFIDENCE,False
REC-0B601D441786305F,1.0,SYNTHETIC_LABEL_ONLY,1,SOURCE_TITLE_GROUNDED,1.0,NOT_REAL_MODEL_CONFIDENCE,False
REC-1C553CC677E60676,1.0,SYNTHETIC_LABEL_ONLY,1,SOURCE_TITLE_GROUNDED,1.0,NOT_REAL_MODEL_CONFIDENCE,False
REC-26B4241146DCCB0D,1.0,SYNTHETIC_LABEL_ONLY,1,SOURCE_TITLE_GROUNDED,1.0,NOT_REAL_MODEL_CONFIDENCE,False
REC-EDA94125B7F1D3A8,1.0,SYNTHETIC_LABEL_ONLY,1,SOURCE_TITLE_GROUNDED,1.0,NOT_REAL_MODEL_CONFIDENCE,False
REC-726A336335B67D9B,1.0,SYNTHETIC_LABEL_ONLY,1,SOURCE_TITLE_GROUNDED,1.0,NOT_REAL_MODEL_CONFIDENCE,False
REC-E9E0CD0C3C1D6400,1.0,SYNTHETIC_LABEL_ONLY,1,SOURCE_TITLE_GROUNDED,1.0,NOT_REAL_MODEL_CONFIDENCE,False
REC-0D996F0787662B36,1.0,SYNTHETIC_LABEL_ONLY,1,SOURCE_TITLE_GROUNDED,1.0,NOT_REAL_MODEL_CONFIDENCE,False
REC-D4CF350DEC19EEFF,1.0,SYNTHETIC_LABEL_ONLY,1,SOURCE_TITLE_GROUNDED,1.0,NOT_REAL_MODEL_CONFIDENCE,False
REC-26702BDF93C7762B,1.0,SYNTHETIC_LABEL_ONLY,1,SOURCE_TITLE_GROUNDED,1.0,NOT_REAL_MODEL_CONFIDENCE,False
REC-6928E34B7C2DD6DB,1.0,SYNTHETIC_LABEL_ONLY,1,SOURCE_TITLE_GROUNDED,1.0,NOT_REAL_MODEL_CONFIDENCE,False
REC-F47F17C00E521A04,1.0,SYNTHETIC_LABEL_ONLY,1,SOURCE_TITLE_GROUNDED,1.0,NOT_REAL_MODEL_CONFIDENCE,False
REC-CD2B0900607F34C8,1.0,SYNTHETIC_LABEL_ONLY,1,SOURCE_TITLE_GROUNDED,1.0,NOT_REAL_MODEL_CONFIDENCE,False
REC-0C0CFC506736BEFB,1.0,SYNTHETIC_LABEL_ONLY,1,SOURCE_TITLE_GROUNDED,1.0,NOT_REAL_MODEL_CONFIDENCE,False
REC-86DCB9381F765020,1.0,SYNTHETIC_LABEL_ONLY,1,SOURCE_TITLE_GROUNDED,1.0,NOT_REAL_MODEL_CONFIDENCE,False
REC-14CBE74774B522D7,1.0,SYNTHETIC_LABEL_ONLY,1,SOURCE_TITLE_GROUNDED,1.0,NOT_REAL_MODEL_CONFIDENCE,False
REC-DF40ED6AAE8522E9,1.0,SYNTHETIC_LABEL_ONLY,1,SOURCE_TITLE_GROUNDED,1.0,NOT_REAL_MODEL_CONFIDENCE,False
REC-8A3202FD51828202,1.0,SYNTHETIC_LABEL_ONLY,1,SOURCE_TITLE_GROUNDED,1.0,NOT_REAL_MODEL_CONFIDENCE,False
REC-91EBD29DCDD3E376,1.0,SYNTHETIC_LABEL_ONLY,1,SOURCE_TITLE_GROUNDED,1.0,NOT_REAL_MODEL_CONFIDENCE,False
REC-DF06F2370518ACD2,1.0,SYNTHETIC_LABEL_ONLY,1,SOURCE_TITLE_GROUNDED,1.0,NOT_REAL_MODEL_CONFIDENCE,False
REC-297BB5D96A85E096,1.0,SYNTHETIC_LABEL_ONLY,1,SOURCE_TITLE_GROUNDED,1.0,NOT_REAL_MODEL_CONFIDENCE,False
REC-2A20B04234573835,1.0,SYNTHETIC_LABEL_ONLY,1,SOURCE_TITLE_GROUNDED,1.0,NOT_REAL_MODEL_CONFIDENCE,False
REC-6F5D9E369212B368,1.0,SYNTHETIC_LABEL_ONLY,1,SOURCE_TITLE_GROUNDED,1.0,NOT_REAL_MODEL_CONFIDENCE,False
REC-26F3220D97CFF827,1.0,SYNTHETIC_LABEL_ONLY,1,SOURCE_TITLE_GROUNDED,1.0,NOT_REAL_MODEL_CONFIDENCE,False
REC-17DFA7066BE02A18,1.0,SYNTHETIC_LABEL_ONLY,1,SOURCE_TITLE_GROUNDED,1.0,NOT_REAL_MODEL_CONFIDENCE,False
REC-6E4AE2D92451C4CC,1.0,SYNTHETIC_LABEL_ONLY,1,SOURCE_TITLE_GROUNDED,1.0,NOT_REAL_MODEL_CONFIDENCE,False
REC-2053BCA270641D9E,1.0,SYNTHETIC_LABEL_ONLY,1,SOURCE_TITLE_GROUNDED,1.0,NOT_REAL_MODEL_CONFIDENCE,False
REC-225FE289AD0C1550,1.0,SYNTHETIC_LABEL_ONLY,1,SOURCE_TITLE_GROUNDED,1.0,NOT_REAL_MODEL_CONFIDENCE,False
REC-0E4D7BEF48246D64,1.0,SYNTHETIC_LABEL_ONLY,1,SOURCE_TITLE_GROUNDED,1.0,NOT_REAL_MODEL_CONFIDENCE,False
REC-4268FD688B1DCA3C,1.0,SYNTHETIC_LABEL_ONLY,1,SOURCE_TITLE_GROUNDED,1.0,NOT_REAL_MODEL_CONFIDENCE,False
REC-F313C486A30B0060,1.0,SYNTHETIC_LABEL_ONLY,1,SOURCE_TITLE_GROUNDED,1.0,NOT_REAL_MODEL_CONFIDENCE,False
REC-CD63375DDA9C0A48,1.0,SYNTHETIC_LABEL_ONLY,1,SOURCE_TITLE_GROUNDED,1.0,NOT_REAL_MODEL_CONFIDENCE,False
REC-3DD2A05EAFE023A8,1.0,SYNTHETIC_LABEL_ONLY,1,SOURCE_TITLE_GROUNDED,1.0,NOT_REAL_MODEL_CONFIDENCE,False
REC-FE5312980C42CF86,1.0,SYNTHETIC_LABEL_ONLY,1,SOURCE_TITLE_GROUNDED,1.0,NOT_REAL_MODEL_CONFIDENCE,False
REC-F4AD673CF849A019,1.0,SYNTHETIC_LABEL_ONLY,1,SOURCE_TITLE_GROUNDED,1.0,NOT_REAL_MODEL_CONFIDENCE,False
REC-C36B5DA7319AE8CA,1.0,SYNTHETIC_LABEL_ONLY,1,SOURCE_TITLE_GROUNDED,1.0,NOT_REAL_MODEL_CONFIDENCE,False
REC-7929F47408A8B294,1.0,SYNTHETIC_LABEL_ONLY,1,SOURCE_TITLE_GROUNDED,1.0,NOT_REAL_MODEL_CONFIDENCE,False
REC-77A3C8ACCB122D00,1.0,SYNTHETIC_LABEL_ONLY,1,SOURCE_TITLE_GROUNDED,1.0,NOT_REAL_MODEL_CONFIDENCE,False
REC-AD5B7526ADE4D9BB,1.0,SYNTHETIC_LABEL_ONLY,1,SOURCE_TITLE_GROUNDED,1.0,NOT_REAL_MODEL_CONFIDENCE,False
REC-093249187F530C8A,1.0,SYNTHETIC_LABEL_ONLY,1,SOURCE_TITLE_GROUNDED,1.0,NOT_REAL_MODEL_CONFIDENCE,False
REC-6395EED5E20FCD9F,1.0,SYNTHETIC_LABEL_ONLY,1,SOURCE_TITLE_GROUNDED,1.0,NOT_REAL_MODEL_CONFIDENCE,False
REC-6515AA0BD61A4115,1.0,SYNTHETIC_LABEL_ONLY,1,SOURCE_TITLE_GROUNDED,1.0,NOT_REAL_MODEL_CONFIDENCE,False
REC-66A391EB005B7794,1.0,SYNTHETIC_LABEL_ONLY,1,SOURCE_TITLE_GROUNDED,1.0,NOT_REAL_MODEL_CONFIDENCE,False
REC-B0E875464323A47C,1.0,SYNTHETIC_LABEL_ONLY,1,SOURCE_TITLE_GROUNDED,1.0,NOT_REAL_MODEL_CONFIDENCE,False
REC-7CC45715B33F22BE,1.0,SYNTHETIC_LABEL_ONLY,1,SOURCE_TITLE_GROUNDED,1.0,NOT_REAL_MODEL_CONFIDENCE,False
REC-D40359C0C6F39D66,1.0,SYNTHETIC_LABEL_ONLY,1,SOURCE_TITLE_GROUNDED,1.0,NOT_REAL_MODEL_CONFIDENCE,False
REC-AA6C440899969EFA,1.0,SYNTHETIC_LABEL_ONLY,1,SOURCE_TITLE_GROUNDED,1.0,NOT_REAL_MODEL_CONFIDENCE,False
REC-BCD9CB9D6F8184DE,1.0,SYNTHETIC_LABEL_ONLY,1,SOURCE_TITLE_GROUNDED,1.0,NOT_REAL_MODEL_CONFIDENCE,False
REC-B6F54601F5F9E1AF,1.0,SYNTHETIC_LABEL_ONLY,1,SOURCE_TITLE_GROUNDED,1.0,NOT_REAL_MODEL_CONFIDENCE,False
REC-9C2EE44236481B0F,1.0,SYNTHETIC_LABEL_ONLY,1,SOURCE_TITLE_GROUNDED,1.0,NOT_REAL_MODEL_CONFIDENCE,False
REC-7B4376E4F31BC17B,1.0,SYNTHETIC_LABEL_ONLY,1,SOURCE_TITLE_GROUNDED,1.0,NOT_REAL_MODEL_CONFIDENCE,False
REC-757B12D1DDD07C96,1.0,SYNTHETIC_LABEL_ONLY,1,SOURCE_TITLE_GROUNDED,1.0,NOT_REAL_MODEL_CONFIDENCE,False
REC-7D8FAA0E68C1304E,1.0,SYNTHETIC_LABEL_ONLY,1,SOURCE_TITLE_GROUNDED,1.0,NOT_REAL_MODEL_CONFIDENCE,False
REC-E4A53F84F5E7F592,1.0,SYNTHETIC_LABEL_ONLY,1,SOURCE_TITLE_GROUNDED,1.0,NOT_REAL_MODEL_CONFIDENCE,False
REC-35E269C4F1A1CA57,1.0,SYNTHETIC_LABEL_ONLY,1,SOURCE_TITLE_GROUNDED,1.0,NOT_REAL_MODEL_CONFIDENCE,False
REC-CD233AEF4BB68FFF,1.0,SYNTHETIC_LABEL_ONLY,1,SOURCE_TITLE_GROUNDED,1.0,NOT_REAL_MODEL_CONFIDENCE,False
REC-A21E8E56B48F8365,1.0,SYNTHETIC_LABEL_ONLY,1,SOURCE_TITLE_GROUNDED,1.0,NOT_REAL_MODEL_CONFIDENCE,False
REC-432B33B716507DC4,1.0,SYNTHETIC_LABEL_ONLY,1,SOURCE_TITLE_GROUNDED,1.0,NOT_REAL_MODEL_CONFIDENCE,False
REC-D8173C529877B2DB,1.0,SYNTHETIC_LABEL_ONLY,1,SOURCE_TITLE_GROUNDED,1.0,NOT_REAL_MODEL_CONFIDENCE,False
REC-D4ACB4D4E0BE2568,1.0,SYNTHETIC_LABEL_ONLY,1,SOURCE_TITLE_GROUNDED,1.0,NOT_REAL_MODEL_CONFIDENCE,False
REC-D74B56475172F710,1.0,SYNTHETIC_LABEL_ONLY,1,SOURCE_TITLE_GROUNDED,1.0,NOT_REAL_MODEL_CONFIDENCE,False
REC-3009301B5D48E5E5,1.0,SYNTHETIC_LABEL_ONLY,1,SOURCE_TITLE_GROUNDED,1.0,NOT_REAL_MODEL_CONFIDENCE,False
REC-1E22C06AB8A13891,1.0,SYNTHETIC_LABEL_ONLY,1,SOURCE_TITLE_GROUNDED,1.0,NOT_REAL_MODEL_CONFIDENCE,False
REC-9173D558D2E2C036,1.0,SYNTHETIC_LABEL_ONLY,1,SOURCE_TITLE_GROUNDED,1.0,NOT_REAL_MODEL_CONFIDENCE,False
REC-BD89F40752A0C142,1.0,SYNTHETIC_LABEL_ONLY,1,SOURCE_TITLE_GROUNDED,1.0,NOT_REAL_MODEL_CONFIDENCE,False
REC-BFF0A9EBAB2208A2,1.0,SYNTHETIC_LABEL_ONLY,1,SOURCE_TITLE_GROUNDED,1.0,NOT_REAL_MODEL_CONFIDENCE,False
REC-88369FFF9F9D2519,1.0,SYNTHETIC_LABEL_ONLY,1,SOURCE_TITLE_GROUNDED,1.0,NOT_REAL_MODEL_CONFIDENCE,False
REC-2666B772EBB6CB8E,1.0,SYNTHETIC_LABEL_ONLY,1,SOURCE_TITLE_GROUNDED,1.0,NOT_REAL_MODEL_CONFIDENCE,False
REC-24CC3B07D81543E5,1.0,SYNTHETIC_LABEL_ONLY,1,SOURCE_TITLE_GROUNDED,1.0,NOT_REAL_MODEL_CONFIDENCE,False
REC-9B67C25146D98006,1.0,SYNTHETIC_LABEL_ONLY,1,SOURCE_TITLE_GROUNDED,1.0,NOT_REAL_MODEL_CONFIDENCE,False
REC-9E20997938616D7B,1.0,SYNTHETIC_LABEL_ONLY,1,SOURCE_TITLE_GROUNDED,1.0,NOT_REAL_MODEL_CONFIDENCE,False
REC-DD99F3C7D8E65A87,1.0,SYNTHETIC_LABEL_ONLY,1,SOURCE_TITLE_GROUNDED,1.0,NOT_REAL_MODEL_CONFIDENCE,False
REC-D37B7BB80BB8E0D5,1.0,SYNTHETIC_LABEL_ONLY,1,SOURCE_TITLE_GROUNDED,1.0,NOT_REAL_MODEL_CONFIDENCE,False
REC-3BB7F932CC27EF86,1.0,SYNTHETIC_LABEL_ONLY,1,SOURCE_TITLE_GROUNDED,1.0,NOT_REAL_MODEL_CONFIDENCE,False
REC-A31A4B875676B228,1.0,SYNTHETIC_LABEL_ONLY,1,SOURCE_TITLE_GROUNDED,1.0,NOT_REAL_MODEL_CONFIDENCE,False
REC-2408011E36655B98,1.0,SYNTHETIC_LABEL_ONLY,1,SOURCE_TITLE_GROUNDED,1.0,NOT_REAL_MODEL_CONFIDENCE,False
REC-F95FC0F9D7AAD4BC,1.0,SYNTHETIC_LABEL_ONLY,1,SOURCE_TITLE_GROUNDED,1.0,NOT_REAL_MODEL_CONFIDENCE,False
REC-0999D642DB747E21,1.0,SYNTHETIC_LABEL_ONLY,1,SOURCE_TITLE_GROUNDED,1.0,NOT_REAL_MODEL_CONFIDENCE,False
REC-4610946A7AAEF1FF,1.0,SYNTHETIC_LABEL_ONLY,1,SOURCE_TITLE_GROUNDED,1.0,NOT_REAL_MODEL_CONFIDENCE,False
REC-E9FC296842E7145E,1.0,SYNTHETIC_LABEL_ONLY,1,SOURCE_TITLE_GROUNDED,1.0,NOT_REAL_MODEL_CONFIDENCE,False
REC-0C3649094C576EC9,1.0,SYNTHETIC_LABEL_ONLY,1,SOURCE_TITLE_GROUNDED,1.0,NOT_REAL_MODEL_CONFIDENCE,False
REC-65B9C52F965C6C6D,1.0,SYNTHETIC_LABEL_ONLY,1,SOURCE_TITLE_GROUNDED,1.0,NOT_REAL_MODEL_CONFIDENCE,False
REC-FC1C4D025E9058E3,1.0,SYNTHETIC_LABEL_ONLY,1,SOURCE_TITLE_GROUNDED,1.0,NOT_REAL_MODEL_CONFIDENCE,False
REC-FD2D526877BCC0B1,1.0,SYNTHETIC_LABEL_ONLY,1,SOURCE_TITLE_GROUNDED,1.0,NOT_REAL_MODEL_CONFIDENCE,False
REC-281740D536BD29C4,1.0,SYNTHETIC_LABEL_ONLY,1,SOURCE_TITLE_GROUNDED,1.0,NOT_REAL_MODEL_CONFIDENCE,False
REC-A920599CE55EB6A3,1.0,SYNTHETIC_LABEL_ONLY,1,SOURCE_TITLE_GROUNDED,1.0,NOT_REAL_MODEL_CONFIDENCE,False
REC-3825D1F777970181,1.0,SYNTHETIC_LABEL_ONLY,1,SOURCE_TITLE_GROUNDED,1.0,NOT_REAL_MODEL_CONFIDENCE,False
REC-58B287253611B544,1.0,SYNTHETIC_LABEL_ONLY,1,SOURCE_TITLE_GROUNDED,1.0,NOT_REAL_MODEL_CONFIDENCE,False
REC-775573341B8D9387,1.0,SYNTHETIC_LABEL_ONLY,1,SOURCE_TITLE_GROUNDED,1.0,NOT_REAL_MODEL_CONFIDENCE,False
REC-0EDB9B951D0E3FAB,1.0,SYNTHETIC_LABEL_ONLY,1,SOURCE_TITLE_GROUNDED,1.0,NOT_REAL_MODEL_CONFIDENCE,False
REC-5D6F5C0A55DA9235,1.0,SYNTHETIC_LABEL_ONLY,1,SOURCE_TITLE_GROUNDED,1.0,NOT_REAL_MODEL_CONFIDENCE,False
REC-2F929C6C82AB1EEF,1.0,SYNTHETIC_LABEL_ONLY,1,SOURCE_TITLE_GROUNDED,1.0,NOT_REAL_MODEL_CONFIDENCE,False
REC-6C8CCB4B1CE072A3,1.0,SYNTHETIC_LABEL_ONLY,1,SOURCE_TITLE_GROUNDED,1.0,NOT_REAL_MODEL_CONFIDENCE,False
REC-03793F167DFBFAC3,1.0,SYNTHETIC_LABEL_ONLY,1,SOURCE_TITLE_GROUNDED,1.0,NOT_REAL_MODEL_CONFIDENCE,False
REC-468BEE507167EC24,1.0,SYNTHETIC_LABEL_ONLY,1,SOURCE_TITLE_GROUNDED,1.0,NOT_REAL_MODEL_CONFIDENCE,False
REC-2FE8F875E776744C,1.0,SYNTHETIC_LABEL_ONLY,1,SOURCE_TITLE_GROUNDED,1.0,NOT_REAL_MODEL_CONFIDENCE,False
REC-DB8D523C3CBF5286,1.0,SYNTHETIC_LABEL_ONLY,1,SOURCE_TITLE_GROUNDED,1.0,NOT_REAL_MODEL_CONFIDENCE,False
REC-3DE7B4904C4BFA12,1.0,SYNTHETIC_LABEL_ONLY,1,SOURCE_TITLE_GROUNDED,1.0,NOT_REAL_MODEL_CONFIDENCE,False
REC-EDFE61AA1FFD9D9B,1.0,SYNTHETIC_LABEL_ONLY,1,SOURCE_TITLE_GROUNDED,1.0,NOT_REAL_MODEL_CONFIDENCE,False
REC-F769A7BC5F99FDE4,1.0,SYNTHETIC_LABEL_ONLY,1,SOURCE_TITLE_GROUNDED,1.0,NOT_REAL_MODEL_CONFIDENCE,False
REC-F6DD62EF82F7ACB0,1.0,SYNTHETIC_LABEL_ONLY,1,SOURCE_TITLE_GROUNDED,1.0,NOT_REAL_MODEL_CONFIDENCE,False
REC-E0A726E3052F5606,1.0,SYNTHETIC_LABEL_ONLY,1,SOURCE_TITLE_GROUNDED,1.0,NOT_REAL_MODEL_CONFIDENCE,False
REC-DB096AE28C9D0A8D,1.0,SYNTHETIC_LABEL_ONLY,1,SOURCE_TITLE_GROUNDED,1.0,NOT_REAL_MODEL_CONFIDENCE,False
REC-0316FB0A0EA4399F,1.0,SYNTHETIC_LABEL_ONLY,1,SOURCE_TITLE_GROUNDED,1.0,NOT_REAL_MODEL_CONFIDENCE,False
REC-5ECCC3BE624C7296,1.0,SYNTHETIC_LABEL_ONLY,1,SOURCE_TITLE_GROUNDED,1.0,NOT_REAL_MODEL_CONFIDENCE,False
REC-0C82788C86702BCF,1.0,SYNTHETIC_LABEL_ONLY,1,SOURCE_TITLE_GROUNDED,1.0,NOT_REAL_MODEL_CONFIDENCE,False
REC-654895278CA1E315,1.0,SYNTHETIC_LABEL_ONLY,1,SOURCE_TITLE_GROUNDED,1.0,NOT_REAL_MODEL_CONFIDENCE,False
REC-EB14C162DF600F67,1.0,SYNTHETIC_LABEL_ONLY,1,SOURCE_TITLE_GROUNDED,1.0,NOT_REAL_MODEL_CONFIDENCE,False
REC-469E24FDCCCB69F3,1.0,SYNTHETIC_LABEL_ONLY,1,SOURCE_TITLE_GROUNDED,1.0,NOT_REAL_MODEL_CONFIDENCE,False
REC-50BEA620F6B43877,1.0,SYNTHETIC_LABEL_ONLY,1,SOURCE_TITLE_GROUNDED,1.0,NOT_REAL_MODEL_CONFIDENCE,False
REC-386A967956A147D8,1.0,SYNTHETIC_LABEL_ONLY,1,SOURCE_TITLE_GROUNDED,1.0,NOT_REAL_MODEL_CONFIDENCE,False
REC-DF5FFC848B3948A6,1.0,SYNTHETIC_LABEL_ONLY,1,SOURCE_TITLE_GROUNDED,1.0,NOT_REAL_MODEL_CONFIDENCE,False
REC-1D6B34630D483124,1.0,SYNTHETIC_LABEL_ONLY,1,SOURCE_TITLE_GROUNDED,1.0,NOT_REAL_MODEL_CONFIDENCE,False
REC-F38E157BF4EE2D10,1.0,SYNTHETIC_LABEL_ONLY,1,SOURCE_TITLE_GROUNDED,1.0,NOT_REAL_MODEL_CONFIDENCE,False
REC-7AF2C1A6B8109B8F,1.0,SYNTHETIC_LABEL_ONLY,1,SOURCE_TITLE_GROUNDED,1.0,NOT_REAL_MODEL_CONFIDENCE,False
REC-0A2F192FE55FA5E4,1.0,SYNTHETIC_LABEL_ONLY,1,SOURCE_TITLE_GROUNDED,1.0,NOT_REAL_MODEL_CONFIDENCE,False
REC-1C7A1B367011DFF3,1.0,SYNTHETIC_LABEL_ONLY,1,SOURCE_TITLE_GROUNDED,1.0,NOT_REAL_MODEL_CONFIDENCE,False
REC-05A7CA019132D7A2,1.0,SYNTHETIC_LABEL_ONLY,1,SOURCE_TITLE_GROUNDED,1.0,NOT_REAL_MODEL_CONFIDENCE,False
REC-53E29592948F3A7F,1.0,SYNTHETIC_LABEL_ONLY,1,SOURCE_TITLE_GROUNDED,1.0,NOT_REAL_MODEL_CONFIDENCE,False
REC-9B15A517AF131231,1.0,SYNTHETIC_LABEL_ONLY,1,SOURCE_TITLE_GROUNDED,1.0,NOT_REAL_MODEL_CONFIDENCE,False
REC-A70E4D4244F6EA92,1.0,SYNTHETIC_LABEL_ONLY,1,SOURCE_TITLE_GROUNDED,1.0,NOT_REAL_MODEL_CONFIDENCE,False
REC-41262B194C61E333,1.0,SYNTHETIC_LABEL_ONLY,1,SOURCE_TITLE_GROUNDED,1.0,NOT_REAL_MODEL_CONFIDENCE,False
REC-D54870D1D9008757,1.0,SYNTHETIC_LABEL_ONLY,1,SOURCE_TITLE_GROUNDED,1.0,NOT_REAL_MODEL_CONFIDENCE,False
REC-75BC848D65C5AF2E,1.0,SYNTHETIC_LABEL_ONLY,1,SOURCE_TITLE_GROUNDED,1.0,NOT_REAL_MODEL_CONFIDENCE,False
REC-5D49CD5B728201D7,1.0,SYNTHETIC_LABEL_ONLY,1,SOURCE_TITLE_GROUNDED,1.0,NOT_REAL_MODEL_CONFIDENCE,False
REC-85FBD9FDA1DE863F,1.0,SYNTHETIC_LABEL_ONLY,1,SOURCE_TITLE_GROUNDED,1.0,NOT_REAL_MODEL_CONFIDENCE,False
REC-3603356B209D2392,1.0,SYNTHETIC_LABEL_ONLY,1,SOURCE_TITLE_GROUNDED,1.0,NOT_REAL_MODEL_CONFIDENCE,False
REC-8D9769ADF2229773,1.0,SYNTHETIC_LABEL_ONLY,1,SOURCE_TITLE_GROUNDED,1.0,NOT_REAL_MODEL_CONFIDENCE,False
REC-8892D5A620598864,1.0,SYNTHETIC_LABEL_ONLY,1,SOURCE_TITLE_GROUNDED,1.0,NOT_REAL_MODEL_CONFIDENCE,False
REC-03C0DD6895578BB7,1.0,SYNTHETIC_LABEL_ONLY,1,SOURCE_TITLE_GROUNDED,1.0,NOT_REAL_MODEL_CONFIDENCE,False
REC-30B82277248381D2,1.0,SYNTHETIC_LABEL_ONLY,1,SOURCE_TITLE_GROUNDED,1.0,NOT_REAL_MODEL_CONFIDENCE,False
REC-D10432C848DA41A8,1.0,SYNTHETIC_LABEL_ONLY,1,SOURCE_TITLE_GROUNDED,1.0,NOT_REAL_MODEL_CONFIDENCE,False
REC-25CA360D33650E09,1.0,SYNTHETIC_LABEL_ONLY,1,SOURCE_TITLE_GROUNDED,1.0,NOT_REAL_MODEL_CONFIDENCE,False
REC-4A7D0C531776E240,1.0,SYNTHETIC_LABEL_ONLY,1,SOURCE_TITLE_GROUNDED,1.0,NOT_REAL_MODEL_CONFIDENCE,False
REC-377C03F18AACE40B,1.0,SYNTHETIC_LABEL_ONLY,1,SOURCE_TITLE_GROUNDED,1.0,NOT_REAL_MODEL_CONFIDENCE,False
REC-793E475C45F6DCB3,1.0,SYNTHETIC_LABEL_ONLY,1,SOURCE_TITLE_GROUNDED,1.0,NOT_REAL_MODEL_CONFIDENCE,False
REC-F554F0F2B13F2810,1.0,SYNTHETIC_LABEL_ONLY,1,SOURCE_TITLE_GROUNDED,1.0,NOT_REAL_MODEL_CONFIDENCE,False
REC-4934A719C9ACA605,1.0,SYNTHETIC_LABEL_ONLY,1,SOURCE_TITLE_GROUNDED,1.0,NOT_REAL_MODEL_CONFIDENCE,False
REC-092F0FC4A966B9B8,1.0,SYNTHETIC_LABEL_ONLY,1,SOURCE_TITLE_GROUNDED,1.0,NOT_REAL_MODEL_CONFIDENCE,False
REC-910C18CDFB5A8335,1.0,SYNTHETIC_LABEL_ONLY,1,SOURCE_TITLE_GROUNDED,1.0,NOT_REAL_MODEL_CONFIDENCE,False
REC-CB1A5E91B7B47A94,1.0,SYNTHETIC_LABEL_ONLY,1,SOURCE_TITLE_GROUNDED,1.0,NOT_REAL_MODEL_CONFIDENCE,False
REC-3C11C92D34C46F99,1.0,SYNTHETIC_LABEL_ONLY,1,SOURCE_TITLE_GROUNDED,1.0,NOT_REAL_MODEL_CONFIDENCE,False
REC-76F5F2B90050C9E3,1.0,SYNTHETIC_LABEL_ONLY,1,SOURCE_TITLE_GROUNDED,1.0,NOT_REAL_MODEL_CONFIDENCE,False
REC-60674CA803EBD5CC,1.0,SYNTHETIC_LABEL_ONLY,1,SOURCE_TITLE_GROUNDED,1.0,NOT_REAL_MODEL_CONFIDENCE,False
REC-5175B083C5351CC1,1.0,SYNTHETIC_LABEL_ONLY,1,SOURCE_TITLE_GROUNDED,1.0,NOT_REAL_MODEL_CONFIDENCE,False
REC-73C2A88AE990450B,1.0,SYNTHETIC_LABEL_ONLY,1,SOURCE_TITLE_GROUNDED,1.0,NOT_REAL_MODEL_CONFIDENCE,False
REC-C9D6149781ADE3F5,1.0,SYNTHETIC_LABEL_ONLY,1,SOURCE_TITLE_GROUNDED,1.0,NOT_REAL_MODEL_CONFIDENCE,False
REC-C6CEE2293A01CE50,1.0,SYNTHETIC_LABEL_ONLY,1,SOURCE_TITLE_GROUNDED,1.0,NOT_REAL_MODEL_CONFIDENCE,False
REC-24300F6B6C12CCBA,1.0,SYNTHETIC_LABEL_ONLY,1,SOURCE_TITLE_GROUNDED,1.0,NOT_REAL_MODEL_CONFIDENCE,False
REC-5E14D5CBB89E568A,1.0,SYNTHETIC_LABEL_ONLY,1,SOURCE_TITLE_GROUNDED,1.0,NOT_REAL_MODEL_CONFIDENCE,False
REC-94F849DCB48D30AD,1.0,SYNTHETIC_LABEL_ONLY,1,SOURCE_TITLE_GROUNDED,1.0,NOT_REAL_MODEL_CONFIDENCE,False
REC-75674FEB0291A06F,1.0,SYNTHETIC_LABEL_ONLY,1,SOURCE_TITLE_GROUNDED,1.0,NOT_REAL_MODEL_CONFIDENCE,False
REC-020A2AC5C6D87358,1.0,SYNTHETIC_LABEL_ONLY,1,SOURCE_TITLE_GROUNDED,1.0,NOT_REAL_MODEL_CONFIDENCE,False
REC-D8459B504040FEF3,1.0,SYNTHETIC_LABEL_ONLY,1,SOURCE_TITLE_GROUNDED,1.0,NOT_REAL_MODEL_CONFIDENCE,False
REC-8E9136570874B49B,1.0,SYNTHETIC_LABEL_ONLY,1,SOURCE_TITLE_GROUNDED,1.0,NOT_REAL_MODEL_CONFIDENCE,False
REC-A64E1B9CC63B21E0,1.0,SYNTHETIC_LABEL_ONLY,1,SOURCE_TITLE_GROUNDED,1.0,NOT_REAL_MODEL_CONFIDENCE,False
REC-2FEA36835C73FCEC,1.0,SYNTHETIC_LABEL_ONLY,1,SOURCE_TITLE_GROUNDED,1.0,NOT_REAL_MODEL_CONFIDENCE,False
REC-43C4F1D051EB05AD,1.0,SYNTHETIC_LABEL_ONLY,1,SOURCE_TITLE_GROUNDED,1.0,NOT_REAL_MODEL_CONFIDENCE,False
REC-7EE22181CA06609F,1.0,SYNTHETIC_LABEL_ONLY,1,SOURCE_TITLE_GROUNDED,1.0,NOT_REAL_MODEL_CONFIDENCE,False
REC-698FC06FDD9CFA96,1.0,SYNTHETIC_LABEL_ONLY,1,SOURCE_TITLE_GROUNDED,1.0,NOT_REAL_MODEL_CONFIDENCE,False
REC-456DD4AB367AF4EE,1.0,SYNTHETIC_LABEL_ONLY,1,SOURCE_TITLE_GROUNDED,1.0,NOT_REAL_MODEL_CONFIDENCE,False
REC-696EDF1AA0341732,1.0,SYNTHETIC_LABEL_ONLY,1,SOURCE_TITLE_GROUNDED,1.0,NOT_REAL_MODEL_CONFIDENCE,False
REC-F99755BA96D8C1B7,1.0,SYNTHETIC_LABEL_ONLY,1,SOURCE_TITLE_GROUNDED,1.0,NOT_REAL_MODEL_CONFIDENCE,False
REC-A26D20BAC72E95A2,1.0,SYNTHETIC_LABEL_ONLY,1,SOURCE_TITLE_GROUNDED,1.0,NOT_REAL_MODEL_CONFIDENCE,False
REC-A69441B374E40D94,1.0,SYNTHETIC_LABEL_ONLY,1,SOURCE_TITLE_GROUNDED,1.0,NOT_REAL_MODEL_CONFIDENCE,False
REC-F548F519F9F5B566,1.0,SYNTHETIC_LABEL_ONLY,1,SOURCE_TITLE_GROUNDED,1.0,NOT_REAL_MODEL_CONFIDENCE,False
REC-5DAF73B345152BBE,1.0,SYNTHETIC_LABEL_ONLY,1,SOURCE_TITLE_GROUNDED,1.0,NOT_REAL_MODEL_CONFIDENCE,False
REC-4A7E87DDB917E380,1.0,SYNTHETIC_LABEL_ONLY,1,SOURCE_TITLE_GROUNDED,1.0,NOT_REAL_MODEL_CONFIDENCE,False
REC-E5547A637D6423EB,1.0,SYNTHETIC_LABEL_ONLY,1,SOURCE_TITLE_GROUNDED,1.0,NOT_REAL_MODEL_CONFIDENCE,False
REC-80DF0E9D7FAB4F0C,1.0,SYNTHETIC_LABEL_ONLY,1,SOURCE_TITLE_GROUNDED,1.0,NOT_REAL_MODEL_CONFIDENCE,False
REC-EA63D2838FD014A4,1.0,SYNTHETIC_LABEL_ONLY,1,SOURCE_TITLE_GROUNDED,1.0,NOT_REAL_MODEL_CONFIDENCE,False
REC-07FF76912D9100EF,1.0,SYNTHETIC_LABEL_ONLY,1,SOURCE_TITLE_GROUNDED,1.0,NOT_REAL_MODEL_CONFIDENCE,False
REC-3D7223D8F6629086,1.0,SYNTHETIC_LABEL_ONLY,1,SOURCE_TITLE_GROUNDED,1.0,NOT_REAL_MODEL_CONFIDENCE,False
REC-E3D221D173E1A755,1.0,SYNTHETIC_LABEL_ONLY,1,SOURCE_TITLE_GROUNDED,1.0,NOT_REAL_MODEL_CONFIDENCE,False
REC-A637A68698500DD8,1.0,SYNTHETIC_LABEL_ONLY,1,SOURCE_TITLE_GROUNDED,1.0,NOT_REAL_MODEL_CONFIDENCE,False
REC-9AC04991C44A7831,1.0,SYNTHETIC_LABEL_ONLY,1,SOURCE_TITLE_GROUNDED,1.0,NOT_REAL_MODEL_CONFIDENCE,False
REC-7A564142DC52870B,1.0,SYNTHETIC_LABEL_ONLY,1,SOURCE_TITLE_GROUNDED,1.0,NOT_REAL_MODEL_CONFIDENCE,False
REC-C8528E4BF488860C,1.0,SYNTHETIC_LABEL_ONLY,1,SOURCE_TITLE_GROUNDED,1.0,NOT_REAL_MODEL_CONFIDENCE,False
REC-A6906B4698872C22,1.0,SYNTHETIC_LABEL_ONLY,1,SOURCE_TITLE_GROUNDED,1.0,NOT_REAL_MODEL_CONFIDENCE,False
REC-8EBA8BDAC48FB307,1.0,SYNTHETIC_LABEL_ONLY,1,SOURCE_TITLE_GROUNDED,1.0,NOT_REAL_MODEL_CONFIDENCE,False
REC-4D7C87DBDD268C23,1.0,SYNTHETIC_LABEL_ONLY,1,SOURCE_TITLE_GROUNDED,1.0,NOT_REAL_MODEL_CONFIDENCE,False
REC-1032BD351E3F846F,1.0,SYNTHETIC_LABEL_ONLY,1,SOURCE_TITLE_GROUNDED,1.0,NOT_REAL_MODEL_CONFIDENCE,False
REC-5C2C088E659643B0,1.0,SYNTHETIC_LABEL_ONLY,1,SOURCE_TITLE_GROUNDED,1.0,NOT_REAL_MODEL_CONFIDENCE,False
REC-25FF0E2045CD71F9,1.0,SYNTHETIC_LABEL_ONLY,1,SOURCE_TITLE_GROUNDED,1.0,NOT_REAL_MODEL_CONFIDENCE,False
REC-7101A0C8053B65BD,1.0,SYNTHETIC_LABEL_ONLY,1,SOURCE_TITLE_GROUNDED,1.0,NOT_REAL_MODEL_CONFIDENCE,False
REC-6F53C6D8B3C46F06,1.0,SYNTHETIC_LABEL_ONLY,1,SOURCE_TITLE_GROUNDED,1.0,NOT_REAL_MODEL_CONFIDENCE,False
REC-D3D113F4FA6C0C4F,1.0,SYNTHETIC_LABEL_ONLY,1,SOURCE_TITLE_GROUNDED,1.0,NOT_REAL_MODEL_CONFIDENCE,False
REC-891E6BE87A27EC38,1.0,SYNTHETIC_LABEL_ONLY,1,SOURCE_TITLE_GROUNDED,1.0,NOT_REAL_MODEL_CONFIDENCE,False
REC-5C42234126440BF6,1.0,SYNTHETIC_LABEL_ONLY,1,SOURCE_TITLE_GROUNDED,1.0,NOT_REAL_MODEL_CONFIDENCE,False
REC-C6BA9AEF4E94DFED,1.0,SYNTHETIC_LABEL_ONLY,1,SOURCE_TITLE_GROUNDED,1.0,NOT_REAL_MODEL_CONFIDENCE,False
REC-CAC2B5358AABB8F6,1.0,SYNTHETIC_LABEL_ONLY,1,SOURCE_TITLE_GROUNDED,1.0,NOT_REAL_MODEL_CONFIDENCE,False
REC-FB6360309ACFE281,1.0,SYNTHETIC_LABEL_ONLY,1,SOURCE_TITLE_GROUNDED,1.0,NOT_REAL_MODEL_CONFIDENCE,False
REC-DF890E00BF82F333,1.0,SYNTHETIC_LABEL_ONLY,1,SOURCE_TITLE_GROUNDED,1.0,NOT_REAL_MODEL_CONFIDENCE,False
REC-F8C8037A3020E106,1.0,SYNTHETIC_LABEL_ONLY,1,SOURCE_TITLE_GROUNDED,1.0,NOT_REAL_MODEL_CONFIDENCE,False
REC-FC33F25AED79D9CA,1.0,SYNTHETIC_LABEL_ONLY,1,SOURCE_TITLE_GROUNDED,1.0,NOT_REAL_MODEL_CONFIDENCE,False
REC-11A71D6AC8DDB222,1.0,SYNTHETIC_LABEL_ONLY,1,SOURCE_TITLE_GROUNDED,1.0,NOT_REAL_MODEL_CONFIDENCE,False
REC-5264FFFFA373EC7C,1.0,SYNTHETIC_LABEL_ONLY,1,SOURCE_TITLE_GROUNDED,1.0,NOT_REAL_MODEL_CONFIDENCE,False
REC-FC5F2E5BBF267D16,1.0,SYNTHETIC_LABEL_ONLY,1,SOURCE_TITLE_GROUNDED,1.0,NOT_REAL_MODEL_CONFIDENCE,False
REC-CD2194B478B1553C,1.0,SYNTHETIC_LABEL_ONLY,1,SOURCE_TITLE_GROUNDED,1.0,NOT_REAL_MODEL_CONFIDENCE,False
REC-375B9297DC5D3584,1.0,SYNTHETIC_LABEL_ONLY,1,SOURCE_TITLE_GROUNDED,1.0,NOT_REAL_MODEL_CONFIDENCE,False
REC-0D829FBB8996EDF9,1.0,SYNTHETIC_LABEL_ONLY,1,SOURCE_TITLE_GROUNDED,1.0,NOT_REAL_MODEL_CONFIDENCE,False
REC-F29A15688E5AA8C1,1.0,SYNTHETIC_LABEL_ONLY,1,SOURCE_TITLE_GROUNDED,1.0,NOT_REAL_MODEL_CONFIDENCE,False
REC-0E601173A3B85CCC,1.0,SYNTHETIC_LABEL_ONLY,1,SOURCE_TITLE_GROUNDED,1.0,NOT_REAL_MODEL_CONFIDENCE,False
REC-1889AB6F7A489A1B,1.0,SYNTHETIC_LABEL_ONLY,1,SOURCE_TITLE_GROUNDED,1.0,NOT_REAL_MODEL_CONFIDENCE,False
REC-42DB8320F095E216,1.0,SYNTHETIC_LABEL_ONLY,1,SOURCE_TITLE_GROUNDED,1.0,NOT_REAL_MODEL_CONFIDENCE,False
REC-289D1DFE54614695,1.0,SYNTHETIC_LABEL_ONLY,1,SOURCE_TITLE_GROUNDED,1.0,NOT_REAL_MODEL_CONFIDENCE,False
REC-DEB2937D02A3DFE2,1.0,SYNTHETIC_LABEL_ONLY,1,SOURCE_TITLE_GROUNDED,1.0,NOT_REAL_MODEL_CONFIDENCE,False
REC-5B80B04FA0413E07,1.0,SYNTHETIC_LABEL_ONLY,1,SOURCE_TITLE_GROUNDED,1.0,NOT_REAL_MODEL_CONFIDENCE,False
REC-F628E76BBB6C7FA6,1.0,SYNTHETIC_LABEL_ONLY,1,SOURCE_TITLE_GROUNDED,1.0,NOT_REAL_MODEL_CONFIDENCE,False
REC-69CD2783272DF3C4,1.0,SYNTHETIC_LABEL_ONLY,1,SOURCE_TITLE_GROUNDED,1.0,NOT_REAL_MODEL_CONFIDENCE,False
REC-D3E587162BDD1558,1.0,SYNTHETIC_LABEL_ONLY,1,SOURCE_TITLE_GROUNDED,1.0,NOT_REAL_MODEL_CONFIDENCE,False
REC-F1187080BB341541,1.0,SYNTHETIC_LABEL_ONLY,1,SOURCE_TITLE_GROUNDED,1.0,NOT_REAL_MODEL_CONFIDENCE,False
REC-8065945FDFF473AA,1.0,SYNTHETIC_LABEL_ONLY,1,SOURCE_TITLE_GROUNDED,1.0,NOT_REAL_MODEL_CONFIDENCE,False
REC-7571CA80AE368A0B,1.0,SYNTHETIC_LABEL_ONLY,1,SOURCE_TITLE_GROUNDED,1.0,NOT_REAL_MODEL_CONFIDENCE,False
REC-F520298401D6AA74,1.0,SYNTHETIC_LABEL_ONLY,1,SOURCE_TITLE_GROUNDED,1.0,NOT_REAL_MODEL_CONFIDENCE,False
REC-4FF928FFC86379E8,1.0,SYNTHETIC_LABEL_ONLY,1,SOURCE_TITLE_GROUNDED,1.0,NOT_REAL_MODEL_CONFIDENCE,False
REC-5B9E64BA2D65D7A8,1.0,SYNTHETIC_LABEL_ONLY,1,SOURCE_TITLE_GROUNDED,1.0,NOT_REAL_MODEL_CONFIDENCE,False
REC-027C81782EBD36B5,1.0,SYNTHETIC_LABEL_ONLY,1,SOURCE_TITLE_GROUNDED,1.0,NOT_REAL_MODEL_CONFIDENCE,False
REC-DE2DE07482C4C984,1.0,SYNTHETIC_LABEL_ONLY,1,SOURCE_TITLE_GROUNDED,1.0,NOT_REAL_MODEL_CONFIDENCE,False
REC-DD75F6C7E5F8434E,1.0,SYNTHETIC_LABEL_ONLY,1,SOURCE_TITLE_GROUNDED,1.0,NOT_REAL_MODEL_CONFIDENCE,False
REC-621EFA531799E13A,1.0,SYNTHETIC_LABEL_ONLY,1,SOURCE_TITLE_GROUNDED,1.0,NOT_REAL_MODEL_CONFIDENCE,False
REC-3FE67A934FBBB4E9,1.0,SYNTHETIC_LABEL_ONLY,1,SOURCE_TITLE_GROUNDED,1.0,NOT_REAL_MODEL_CONFIDENCE,False
REC-25BF8B5A1450EFE6,1.0,SYNTHETIC_LABEL_ONLY,1,SOURCE_TITLE_GROUNDED,1.0,NOT_REAL_MODEL_CONFIDENCE,False
REC-9022F1AB9BA715DA,1.0,SYNTHETIC_LABEL_ONLY,1,SOURCE_TITLE_GROUNDED,1.0,NOT_REAL_MODEL_CONFIDENCE,False
REC-2D8BF5077EB173F5,1.0,SYNTHETIC_LABEL_ONLY,1,SOURCE_TITLE_GROUNDED,1.0,NOT_REAL_MODEL_CONFIDENCE,False
REC-B95C4CC828B56A57,1.0,SYNTHETIC_LABEL_ONLY,1,SOURCE_TITLE_GROUNDED,1.0,NOT_REAL_MODEL_CONFIDENCE,False
REC-5E7697B0587993E6,1.0,SYNTHETIC_LABEL_ONLY,1,SOURCE_TITLE_GROUNDED,1.0,NOT_REAL_MODEL_CONFIDENCE,False
REC-1A37DB41C5B374BE,1.0,SYNTHETIC_LABEL_ONLY,1,SOURCE_TITLE_GROUNDED,1.0,NOT_REAL_MODEL_CONFIDENCE,False
REC-43B95C54ADD1176D,1.0,SYNTHETIC_LABEL_ONLY,1,SOURCE_TITLE_GROUNDED,1.0,NOT_REAL_MODEL_CONFIDENCE,False
REC-5413C1F5A4B821EA,1.0,SYNTHETIC_LABEL_ONLY,1,SOURCE_TITLE_GROUNDED,1.0,NOT_REAL_MODEL_CONFIDENCE,False
REC-6908F7D19AF6DAD6,1.0,SYNTHETIC_LABEL_ONLY,1,SOURCE_TITLE_GROUNDED,1.0,NOT_REAL_MODEL_CONFIDENCE,False
REC-381C316796FF6D0A,1.0,SYNTHETIC_LABEL_ONLY,1,SOURCE_TITLE_GROUNDED,1.0,NOT_REAL_MODEL_CONFIDENCE,False
REC-AF9784366953361D,1.0,SYNTHETIC_LABEL_ONLY,1,SOURCE_TITLE_GROUNDED,1.0,NOT_REAL_MODEL_CONFIDENCE,False
REC-C44D3E5711E9CDDF,1.0,SYNTHETIC_LABEL_ONLY,1,SOURCE_TITLE_GROUNDED,1.0,NOT_REAL_MODEL_CONFIDENCE,False
REC-0241CB27C9A0D5A0,1.0,SYNTHETIC_LABEL_ONLY,1,SOURCE_TITLE_GROUNDED,1.0,NOT_REAL_MODEL_CONFIDENCE,False
REC-C79D9DBDA5D7BD26,1.0,SYNTHETIC_LABEL_ONLY,1,SOURCE_TITLE_GROUNDED,1.0,NOT_REAL_MODEL_CONFIDENCE,False
REC-927E3B629FB9AB95,1.0,SYNTHETIC_LABEL_ONLY,1,SOURCE_TITLE_GROUNDED,1.0,NOT_REAL_MODEL_CONFIDENCE,False
REC-7AA36772BF36685A,1.0,SYNTHETIC_LABEL_ONLY,1,SOURCE_TITLE_GROUNDED,1.0,NOT_REAL_MODEL_CONFIDENCE,False
REC-853A45C8063CB1EC,1.0,SYNTHETIC_LABEL_ONLY,1,SOURCE_TITLE_GROUNDED,1.0,NOT_REAL_MODEL_CONFIDENCE,False
REC-89E99D0719DE3196,1.0,SYNTHETIC_LABEL_ONLY,1,SOURCE_TITLE_GROUNDED,1.0,NOT_REAL_MODEL_CONFIDENCE,False
REC-53FA0851486CE551,1.0,SYNTHETIC_LABEL_ONLY,1,SOURCE_TITLE_GROUNDED,1.0,NOT_REAL_MODEL_CONFIDENCE,False
REC-62C31C7A79AB7833,1.0,SYNTHETIC_LABEL_ONLY,1,SOURCE_TITLE_GROUNDED,1.0,NOT_REAL_MODEL_CONFIDENCE,False
REC-588CAC2C27A08E30,1.0,SYNTHETIC_LABEL_ONLY,1,SOURCE_TITLE_GROUNDED,1.0,NOT_REAL_MODEL_CONFIDENCE,False
REC-916D0AB457DE58ED,1.0,SYNTHETIC_LABEL_ONLY,1,SOURCE_TITLE_GROUNDED,1.0,NOT_REAL_MODEL_CONFIDENCE,False
REC-27CDADF68D0F31CC,1.0,SYNTHETIC_LABEL_ONLY,1,SOURCE_TITLE_GROUNDED,1.0,NOT_REAL_MODEL_CONFIDENCE,False
REC-3D389AD9B189695F,1.0,SYNTHETIC_LABEL_ONLY,1,SOURCE_TITLE_GROUNDED,1.0,NOT_REAL_MODEL_CONFIDENCE,False
REC-8ED765D92166483A,1.0,SYNTHETIC_LABEL_ONLY,1,SOURCE_TITLE_GROUNDED,1.0,NOT_REAL_MODEL_CONFIDENCE,False
REC-7B19DF2CF8E51FA7,1.0,SYNTHETIC_LABEL_ONLY,1,SOURCE_TITLE_GROUNDED,1.0,NOT_REAL_MODEL_CONFIDENCE,False
REC-3D377A27FEAE4E2D,1.0,SYNTHETIC_LABEL_ONLY,1,SOURCE_TITLE_GROUNDED,1.0,NOT_REAL_MODEL_CONFIDENCE,False
REC-852F7E58947A4E7A,1.0,SYNTHETIC_LABEL_ONLY,1,SOURCE_TITLE_GROUNDED,1.0,NOT_REAL_MODEL_CONFIDENCE,False
REC-3F5DDD63DC441E53,1.0,SYNTHETIC_LABEL_ONLY,1,SOURCE_TITLE_GROUNDED,1.0,NOT_REAL_MODEL_CONFIDENCE,False
REC-9320488D8887D1AE,1.0,SYNTHETIC_LABEL_ONLY,1,SOURCE_TITLE_GROUNDED,1.0,NOT_REAL_MODEL_CONFIDENCE,False
REC-EDDE4E5B096562A6,1.0,SYNTHETIC_LABEL_ONLY,1,SOURCE_TITLE_GROUNDED,1.0,NOT_REAL_MODEL_CONFIDENCE,False
REC-9F569BD4B992F087,1.0,SYNTHETIC_LABEL_ONLY,1,SOURCE_TITLE_GROUNDED,1.0,NOT_REAL_MODEL_CONFIDENCE,False
REC-709F7F6844D8585E,1.0,SYNTHETIC_LABEL_ONLY,1,SOURCE_TITLE_GROUNDED,1.0,NOT_REAL_MODEL_CONFIDENCE,False
REC-1E5A68A800B9F534,1.0,SYNTHETIC_LABEL_ONLY,1,SOURCE_TITLE_GROUNDED,1.0,NOT_REAL_MODEL_CONFIDENCE,False
REC-7557C973609721A3,1.0,SYNTHETIC_LABEL_ONLY,1,SOURCE_TITLE_GROUNDED,1.0,NOT_REAL_MODEL_CONFIDENCE,False
REC-2D5A8A5A62417C3E,1.0,SYNTHETIC_LABEL_ONLY,1,SOURCE_TITLE_GROUNDED,1.0,NOT_REAL_MODEL_CONFIDENCE,False
REC-3597738CBB28A212,1.0,SYNTHETIC_LABEL_ONLY,1,SOURCE_TITLE_GROUNDED,1.0,NOT_REAL_MODEL_CONFIDENCE,False
REC-1F6EDFA53D07F385,1.0,SYNTHETIC_LABEL_ONLY,1,SOURCE_TITLE_GROUNDED,1.0,NOT_REAL_MODEL_CONFIDENCE,False
REC-07FF7238CEDD1EA7,1.0,SYNTHETIC_LABEL_ONLY,1,SOURCE_TITLE_GROUNDED,1.0,NOT_REAL_MODEL_CONFIDENCE,False
REC-CEB52182040BCC51,1.0,SYNTHETIC_LABEL_ONLY,1,SOURCE_TITLE_GROUNDED,1.0,NOT_REAL_MODEL_CONFIDENCE,False
REC-C54D44979C95C586,1.0,SYNTHETIC_LABEL_ONLY,1,SOURCE_TITLE_GROUNDED,1.0,NOT_REAL_MODEL_CONFIDENCE,False
REC-F1B5C89A0570FDF6,1.0,SYNTHETIC_LABEL_ONLY,1,SOURCE_TITLE_GROUNDED,1.0,NOT_REAL_MODEL_CONFIDENCE,False
REC-D467B02528409B56,1.0,SYNTHETIC_LABEL_ONLY,1,SOURCE_TITLE_GROUNDED,1.0,NOT_REAL_MODEL_CONFIDENCE,False
REC-5F77292FFB460766,1.0,SYNTHETIC_LABEL_ONLY,1,SOURCE_TITLE_GROUNDED,1.0,NOT_REAL_MODEL_CONFIDENCE,False
REC-CF0327B2F3E33438,1.0,SYNTHETIC_LABEL_ONLY,1,SOURCE_TITLE_GROUNDED,1.0,NOT_REAL_MODEL_CONFIDENCE,False
REC-AE93C6FC7AD7C654,1.0,SYNTHETIC_LABEL_ONLY,1,SOURCE_TITLE_GROUNDED,1.0,NOT_REAL_MODEL_CONFIDENCE,False
REC-F8CB69C8C4610719,1.0,SYNTHETIC_LABEL_ONLY,1,SOURCE_TITLE_GROUNDED,1.0,NOT_REAL_MODEL_CONFIDENCE,False
REC-DA76EEE770015213,1.0,SYNTHETIC_LABEL_ONLY,1,SOURCE_TITLE_GROUNDED,1.0,NOT_REAL_MODEL_CONFIDENCE,False
REC-715FACD6870041C2,1.0,SYNTHETIC_LABEL_ONLY,1,SOURCE_TITLE_GROUNDED,1.0,NOT_REAL_MODEL_CONFIDENCE,False
REC-4F7B173CF6DCF9C2,1.0,SYNTHETIC_LABEL_ONLY,1,SOURCE_TITLE_GROUNDED,1.0,NOT_REAL_MODEL_CONFIDENCE,False
REC-969EE9FF21853D88,1.0,SYNTHETIC_LABEL_ONLY,1,SOURCE_TITLE_GROUNDED,1.0,NOT_REAL_MODEL_CONFIDENCE,False
REC-7250DB1C3EAED1A4,1.0,SYNTHETIC_LABEL_ONLY,1,SOURCE_TITLE_GROUNDED,1.0,NOT_REAL_MODEL_CONFIDENCE,False
REC-83E531D4C6035E8F,1.0,SYNTHETIC_LABEL_ONLY,1,SOURCE_TITLE_GROUNDED,1.0,NOT_REAL_MODEL_CONFIDENCE,False
REC-A803E9E7F30F4265,1.0,SYNTHETIC_LABEL_ONLY,1,SOURCE_TITLE_GROUNDED,1.0,NOT_REAL_MODEL_CONFIDENCE,False
REC-C8F01CE2D414DD83,1.0,SYNTHETIC_LABEL_ONLY,1,SOURCE_TITLE_GROUNDED,1.0,NOT_REAL_MODEL_CONFIDENCE,False
REC-BF1F8B05CB3ABBCF,1.0,SYNTHETIC_LABEL_ONLY,1,SOURCE_TITLE_GROUNDED,1.0,NOT_REAL_MODEL_CONFIDENCE,False
REC-F8D63F7B07746E5E,1.0,SYNTHETIC_LABEL_ONLY,1,SOURCE_TITLE_GROUNDED,1.0,NOT_REAL_MODEL_CONFIDENCE,False
REC-F1B4215FCC6DD685,1.0,SYNTHETIC_LABEL_ONLY,1,SOURCE_TITLE_GROUNDED,1.0,NOT_REAL_MODEL_CONFIDENCE,False
REC-738AD90F7B91AE20,1.0,SYNTHETIC_LABEL_ONLY,1,SOURCE_TITLE_GROUNDED,1.0,NOT_REAL_MODEL_CONFIDENCE,False
REC-D055869FD89B7231,1.0,SYNTHETIC_LABEL_ONLY,1,SOURCE_TITLE_GROUNDED,1.0,NOT_REAL_MODEL_CONFIDENCE,False
REC-7621B64CC68EEB6D,1.0,SYNTHETIC_LABEL_ONLY,1,SOURCE_TITLE_GROUNDED,1.0,NOT_REAL_MODEL_CONFIDENCE,False
REC-D058542374E687C7,1.0,SYNTHETIC_LABEL_ONLY,1,SOURCE_TITLE_GROUNDED,1.0,NOT_REAL_MODEL_CONFIDENCE,False
REC-BF4F38300FBF143A,1.0,SYNTHETIC_LABEL_ONLY,1,SOURCE_TITLE_GROUNDED,1.0,NOT_REAL_MODEL_CONFIDENCE,False
REC-1505B505C4CFC81E,1.0,SYNTHETIC_LABEL_ONLY,1,SOURCE_TITLE_GROUNDED,1.0,NOT_REAL_MODEL_CONFIDENCE,False
REC-2F5E4B68940A335B,1.0,SYNTHETIC_LABEL_ONLY,1,SOURCE_TITLE_GROUNDED,1.0,NOT_REAL_MODEL_CONFIDENCE,False
REC-CFA97A6329EE8ECC,1.0,SYNTHETIC_LABEL_ONLY,1,SOURCE_TITLE_GROUNDED,1.0,NOT_REAL_MODEL_CONFIDENCE,False
REC-7B66A55712E6D023,1.0,SYNTHETIC_LABEL_ONLY,1,SOURCE_TITLE_GROUNDED,1.0,NOT_REAL_MODEL_CONFIDENCE,False
REC-3CEF8906CB062767,1.0,SYNTHETIC_LABEL_ONLY,1,SOURCE_TITLE_GROUNDED,1.0,NOT_REAL_MODEL_CONFIDENCE,False
REC-6C445B4D5B015DF6,1.0,SYNTHETIC_LABEL_ONLY,1,SOURCE_TITLE_GROUNDED,1.0,NOT_REAL_MODEL_CONFIDENCE,False
REC-D6356BDE2F8929C1,1.0,SYNTHETIC_LABEL_ONLY,1,SOURCE_TITLE_GROUNDED,1.0,NOT_REAL_MODEL_CONFIDENCE,False
REC-F930A6292ED59B57,1.0,SYNTHETIC_LABEL_ONLY,1,SOURCE_TITLE_GROUNDED,1.0,NOT_REAL_MODEL_CONFIDENCE,False
REC-1258C03DA58D6367,1.0,SYNTHETIC_LABEL_ONLY,1,SOURCE_TITLE_GROUNDED,1.0,NOT_REAL_MODEL_CONFIDENCE,False
REC-1F565E83F7427F6A,1.0,SYNTHETIC_LABEL_ONLY,1,SOURCE_TITLE_GROUNDED,1.0,NOT_REAL_MODEL_CONFIDENCE,False
REC-2C31DCF9388EEA38,1.0,SYNTHETIC_LABEL_ONLY,1,SOURCE_TITLE_GROUNDED,1.0,NOT_REAL_MODEL_CONFIDENCE,False
REC-728885A4DE55B1D9,1.0,SYNTHETIC_LABEL_ONLY,1,SOURCE_TITLE_GROUNDED,1.0,NOT_REAL_MODEL_CONFIDENCE,False
REC-0354498C7934F587,1.0,SYNTHETIC_LABEL_ONLY,1,SOURCE_TITLE_GROUNDED,1.0,NOT_REAL_MODEL_CONFIDENCE,False
REC-0C85620E6C625E08,1.0,SYNTHETIC_LABEL_ONLY,1,SOURCE_TITLE_GROUNDED,1.0,NOT_REAL_MODEL_CONFIDENCE,False
REC-36D65B2F29BAE354,1.0,SYNTHETIC_LABEL_ONLY,1,SOURCE_TITLE_GROUNDED,1.0,NOT_REAL_MODEL_CONFIDENCE,False
REC-59854C40D984F9BB,1.0,SYNTHETIC_LABEL_ONLY,1,SOURCE_TITLE_GROUNDED,1.0,NOT_REAL_MODEL_CONFIDENCE,False
REC-09B9D92E18A979DA,1.0,SYNTHETIC_LABEL_ONLY,1,SOURCE_TITLE_GROUNDED,1.0,NOT_REAL_MODEL_CONFIDENCE,False
REC-4443F2BADB8197E3,1.0,SYNTHETIC_LABEL_ONLY,1,SOURCE_TITLE_GROUNDED,1.0,NOT_REAL_MODEL_CONFIDENCE,False
REC-476E418B42D55047,1.0,SYNTHETIC_LABEL_ONLY,1,SOURCE_TITLE_GROUNDED,1.0,NOT_REAL_MODEL_CONFIDENCE,False
REC-3656A7946C132E2F,1.0,SYNTHETIC_LABEL_ONLY,1,SOURCE_TITLE_GROUNDED,1.0,NOT_REAL_MODEL_CONFIDENCE,False
REC-2E3B456B5CF68D25,1.0,SYNTHETIC_LABEL_ONLY,1,SOURCE_TITLE_GROUNDED,1.0,NOT_REAL_MODEL_CONFIDENCE,False
REC-939C4A0963DBB607,1.0,SYNTHETIC_LABEL_ONLY,1,SOURCE_TITLE_GROUNDED,1.0,NOT_REAL_MODEL_CONFIDENCE,False
REC-F5256F869826B684,1.0,SYNTHETIC_LABEL_ONLY,1,SOURCE_TITLE_GROUNDED,1.0,NOT_REAL_MODEL_CONFIDENCE,False
REC-3D67456F40C756FC,1.0,SYNTHETIC_LABEL_ONLY,1,SOURCE_TITLE_GROUNDED,1.0,NOT_REAL_MODEL_CONFIDENCE,False
REC-8213A124BD8414D6,1.0,SYNTHETIC_LABEL_ONLY,1,SOURCE_TITLE_GROUNDED,1.0,NOT_REAL_MODEL_CONFIDENCE,False
REC-EF791807C222EC27,1.0,SYNTHETIC_LABEL_ONLY,1,SOURCE_TITLE_GROUNDED,1.0,NOT_REAL_MODEL_CONFIDENCE,False
REC-863C70E74119DD47,1.0,SYNTHETIC_LABEL_ONLY,1,SOURCE_TITLE_GROUNDED,1.0,NOT_REAL_MODEL_CONFIDENCE,False
REC-FDF8584B7EEF549D,1.0,SYNTHETIC_LABEL_ONLY,1,SOURCE_TITLE_GROUNDED,1.0,NOT_REAL_MODEL_CONFIDENCE,False
REC-3A37D1E539454673,1.0,SYNTHETIC_LABEL_ONLY,1,SOURCE_TITLE_GROUNDED,1.0,NOT_REAL_MODEL_CONFIDENCE,False
REC-B4F40B3D041D49CA,1.0,SYNTHETIC_LABEL_ONLY,1,SOURCE_TITLE_GROUNDED,1.0,NOT_REAL_MODEL_CONFIDENCE,False
REC-DA5D0546425BD66F,1.0,SYNTHETIC_LABEL_ONLY,1,SOURCE_TITLE_GROUNDED,1.0,NOT_REAL_MODEL_CONFIDENCE,False
REC-155D2A43EF3E0613,1.0,SYNTHETIC_LABEL_ONLY,1,SOURCE_TITLE_GROUNDED,1.0,NOT_REAL_MODEL_CONFIDENCE,False
REC-3A87DDAA91601A57,1.0,SYNTHETIC_LABEL_ONLY,1,SOURCE_TITLE_GROUNDED,1.0,NOT_REAL_MODEL_CONFIDENCE,False
REC-FF5F92056D87EFB7,1.0,SYNTHETIC_LABEL_ONLY,1,SOURCE_TITLE_GROUNDED,1.0,NOT_REAL_MODEL_CONFIDENCE,False
REC-1E6AC9056FDF5D36,1.0,SYNTHETIC_LABEL_ONLY,1,SOURCE_TITLE_GROUNDED,1.0,NOT_REAL_MODEL_CONFIDENCE,False
REC-EDCA4BE20CC03BDD,1.0,SYNTHETIC_LABEL_ONLY,1,SOURCE_TITLE_GROUNDED,1.0,NOT_REAL_MODEL_CONFIDENCE,False
REC-610D179878E0F2FD,1.0,SYNTHETIC_LABEL_ONLY,1,SOURCE_TITLE_GROUNDED,1.0,NOT_REAL_MODEL_CONFIDENCE,False
REC-866E22AEA8A75774,1.0,SYNTHETIC_LABEL_ONLY,1,SOURCE_TITLE_GROUNDED,1.0,NOT_REAL_MODEL_CONFIDENCE,False
REC-BB4296919E1B450D,1.0,SYNTHETIC_LABEL_ONLY,1,SOURCE_TITLE_GROUNDED,1.0,NOT_REAL_MODEL_CONFIDENCE,False
REC-7129D58865C6EC2E,1.0,SYNTHETIC_LABEL_ONLY,1,SOURCE_TITLE_GROUNDED,1.0,NOT_REAL_MODEL_CONFIDENCE,False
REC-78F3B4C6270A6380,1.0,SYNTHETIC_LABEL_ONLY,1,SOURCE_TITLE_GROUNDED,1.0,NOT_REAL_MODEL_CONFIDENCE,False
REC-27C236CAF6C705CA,1.0,SYNTHETIC_LABEL_ONLY,1,SOURCE_TITLE_GROUNDED,1.0,NOT_REAL_MODEL_CONFIDENCE,False
REC-8C6172B185AF3C51,1.0,SYNTHETIC_LABEL_ONLY,1,SOURCE_TITLE_GROUNDED,1.0,NOT_REAL_MODEL_CONFIDENCE,False
REC-085630246C7BE9B1,1.0,SYNTHETIC_LABEL_ONLY,1,SOURCE_TITLE_GROUNDED,1.0,NOT_REAL_MODEL_CONFIDENCE,False
REC-4286B9EF2A1C7791,1.0,SYNTHETIC_LABEL_ONLY,1,SOURCE_TITLE_GROUNDED,1.0,NOT_REAL_MODEL_CONFIDENCE,False
REC-D81B0C8F5D6F906C,1.0,SYNTHETIC_LABEL_ONLY,1,SOURCE_TITLE_GROUNDED,1.0,NOT_REAL_MODEL_CONFIDENCE,False
REC-A01294BBBB358B8C,1.0,SYNTHETIC_LABEL_ONLY,1,SOURCE_TITLE_GROUNDED,1.0,NOT_REAL_MODEL_CONFIDENCE,False
REC-AA6F06A3E86953D4,1.0,SYNTHETIC_LABEL_ONLY,1,SOURCE_TITLE_GROUNDED,1.0,NOT_REAL_MODEL_CONFIDENCE,False
REC-56204664C89843B2,1.0,SYNTHETIC_LABEL_ONLY,1,SOURCE_TITLE_GROUNDED,1.0,NOT_REAL_MODEL_CONFIDENCE,False
REC-E69C14C9445D43F1,1.0,SYNTHETIC_LABEL_ONLY,1,SOURCE_TITLE_GROUNDED,1.0,NOT_REAL_MODEL_CONFIDENCE,False
REC-FDBBCBFF2BAD0E2B,1.0,SYNTHETIC_LABEL_ONLY,1,SOURCE_TITLE_GROUNDED,1.0,NOT_REAL_MODEL_CONFIDENCE,False
REC-4BA702E5693ACE9B,1.0,SYNTHETIC_LABEL_ONLY,1,SOURCE_TITLE_GROUNDED,1.0,NOT_REAL_MODEL_CONFIDENCE,False
REC-E9562B8295D027E2,1.0,SYNTHETIC_LABEL_ONLY,1,SOURCE_TITLE_GROUNDED,1.0,NOT_REAL_MODEL_CONFIDENCE,False
REC-6804BCC7ACC5F2A1,1.0,SYNTHETIC_LABEL_ONLY,1,SOURCE_TITLE_GROUNDED,1.0,NOT_REAL_MODEL_CONFIDENCE,False
REC-9F7866E5EF7E8FA3,1.0,SYNTHETIC_LABEL_ONLY,1,SOURCE_TITLE_GROUNDED,1.0,NOT_REAL_MODEL_CONFIDENCE,False
REC-54E1A881F13615A4,1.0,SYNTHETIC_LABEL_ONLY,1,SOURCE_TITLE_GROUNDED,1.0,NOT_REAL_MODEL_CONFIDENCE,False
REC-E8C51F2456DA55D7,1.0,SYNTHETIC_LABEL_ONLY,1,SOURCE_TITLE_GROUNDED,1.0,NOT_REAL_MODEL_CONFIDENCE,False
REC-7B57D2BFB925AEF2,1.0,SYNTHETIC_LABEL_ONLY,1,SOURCE_TITLE_GROUNDED,1.0,NOT_REAL_MODEL_CONFIDENCE,False
REC-8647490E6B10748B,1.0,SYNTHETIC_LABEL_ONLY,1,SOURCE_TITLE_GROUNDED,1.0,NOT_REAL_MODEL_CONFIDENCE,False
REC-4F3470ECC15761AF,1.0,SYNTHETIC_LABEL_ONLY,1,SOURCE_TITLE_GROUNDED,1.0,NOT_REAL_MODEL_CONFIDENCE,False
REC-070B833EC9390AE5,1.0,SYNTHETIC_LABEL_ONLY,1,SOURCE_TITLE_GROUNDED,1.0,NOT_REAL_MODEL_CONFIDENCE,False
REC-4D22C14A75148F74,1.0,SYNTHETIC_LABEL_ONLY,1,SOURCE_TITLE_GROUNDED,1.0,NOT_REAL_MODEL_CONFIDENCE,False
REC-06323AD6D8DAE2D8,1.0,SYNTHETIC_LABEL_ONLY,1,SOURCE_TITLE_GROUNDED,1.0,NOT_REAL_MODEL_CONFIDENCE,False
REC-652B6915BEE09A81,1.0,SYNTHETIC_LABEL_ONLY,1,SOURCE_TITLE_GROUNDED,1.0,NOT_REAL_MODEL_CONFIDENCE,False
REC-DE85FC044184AA05,1.0,SYNTHETIC_LABEL_ONLY,1,SOURCE_TITLE_GROUNDED,1.0,NOT_REAL_MODEL_CONFIDENCE,False
REC-41CBAE5A2850C193,1.0,SYNTHETIC_LABEL_ONLY,1,SOURCE_TITLE_GROUNDED,1.0,NOT_REAL_MODEL_CONFIDENCE,False
REC-DCD8210E9A45F591,1.0,SYNTHETIC_LABEL_ONLY,1,SOURCE_TITLE_GROUNDED,1.0,NOT_REAL_MODEL_CONFIDENCE,False
REC-D211545918BD8956,1.0,SYNTHETIC_LABEL_ONLY,1,SOURCE_TITLE_GROUNDED,1.0,NOT_REAL_MODEL_CONFIDENCE,False
REC-F5773162E7599E34,1.0,SYNTHETIC_LABEL_ONLY,1,SOURCE_TITLE_GROUNDED,1.0,NOT_REAL_MODEL_CONFIDENCE,False
REC-CB42D78887C208BE,1.0,SYNTHETIC_LABEL_ONLY,1,SOURCE_TITLE_GROUNDED,1.0,NOT_REAL_MODEL_CONFIDENCE,False
REC-DF76F07959A32CD3,1.0,SYNTHETIC_LABEL_ONLY,1,SOURCE_TITLE_GROUNDED,1.0,NOT_REAL_MODEL_CONFIDENCE,False
REC-2802361921EDAED9,1.0,SYNTHETIC_LABEL_ONLY,1,SOURCE_TITLE_GROUNDED,1.0,NOT_REAL_MODEL_CONFIDENCE,False
REC-1346FA15E80AC8C6,1.0,SYNTHETIC_LABEL_ONLY,1,SOURCE_TITLE_GROUNDED,1.0,NOT_REAL_MODEL_CONFIDENCE,False
REC-61F5B6CFE7DF3652,1.0,SYNTHETIC_LABEL_ONLY,1,SOURCE_TITLE_GROUNDED,1.0,NOT_REAL_MODEL_CONFIDENCE,False
REC-E8B573CA06273CD4,1.0,SYNTHETIC_LABEL_ONLY,1,SOURCE_TITLE_GROUNDED,1.0,NOT_REAL_MODEL_CONFIDENCE,False
REC-CEA2F5657B3D6C5B,1.0,SYNTHETIC_LABEL_ONLY,1,SOURCE_TITLE_GROUNDED,1.0,NOT_REAL_MODEL_CONFIDENCE,False
REC-494BDFBA5B127631,1.0,SYNTHETIC_LABEL_ONLY,1,SOURCE_TITLE_GROUNDED,1.0,NOT_REAL_MODEL_CONFIDENCE,False
REC-D7790AA19FD50677,1.0,SYNTHETIC_LABEL_ONLY,1,SOURCE_TITLE_GROUNDED,1.0,NOT_REAL_MODEL_CONFIDENCE,False
REC-BBC70F45591FE9BD,1.0,SYNTHETIC_LABEL_ONLY,1,SOURCE_TITLE_GROUNDED,1.0,NOT_REAL_MODEL_CONFIDENCE,False
REC-36E1F4DC8FA97C86,1.0,SYNTHETIC_LABEL_ONLY,1,SOURCE_TITLE_GROUNDED,1.0,NOT_REAL_MODEL_CONFIDENCE,False
REC-F899B1C3C3D5D5D6,1.0,SYNTHETIC_LABEL_ONLY,1,SOURCE_TITLE_GROUNDED,1.0,NOT_REAL_MODEL_CONFIDENCE,False
REC-26C10AE375090C22,1.0,SYNTHETIC_LABEL_ONLY,1,SOURCE_TITLE_GROUNDED,1.0,NOT_REAL_MODEL_CONFIDENCE,False
REC-82F2910A114C1AB4,1.0,SYNTHETIC_LABEL_ONLY,1,SOURCE_TITLE_GROUNDED,1.0,NOT_REAL_MODEL_CONFIDENCE,False
REC-234CB5D3644143DC,1.0,SYNTHETIC_LABEL_ONLY,1,SOURCE_TITLE_GROUNDED,1.0,NOT_REAL_MODEL_CONFIDENCE,False
REC-07E97BF2CE55ECCB,1.0,SYNTHETIC_LABEL_ONLY,1,SOURCE_TITLE_GROUNDED,1.0,NOT_REAL_MODEL_CONFIDENCE,False
REC-4E67A12EA9408752,1.0,SYNTHETIC_LABEL_ONLY,1,SOURCE_TITLE_GROUNDED,1.0,NOT_REAL_MODEL_CONFIDENCE,False
REC-1C1BD250CC2EFDBF,1.0,SYNTHETIC_LABEL_ONLY,1,SOURCE_TITLE_GROUNDED,1.0,NOT_REAL_MODEL_CONFIDENCE,False
REC-9857E3B4B8D2BA44,1.0,SYNTHETIC_LABEL_ONLY,1,SOURCE_TITLE_GROUNDED,1.0,NOT_REAL_MODEL_CONFIDENCE,False
REC-5CE6C55E98D3B6A8,1.0,SYNTHETIC_LABEL_ONLY,1,SOURCE_TITLE_GROUNDED,1.0,NOT_REAL_MODEL_CONFIDENCE,False
REC-8B16789FA9E7C7E9,1.0,SYNTHETIC_LABEL_ONLY,1,SOURCE_TITLE_GROUNDED,1.0,NOT_REAL_MODEL_CONFIDENCE,False
REC-6DACB100F2395022,1.0,SYNTHETIC_LABEL_ONLY,1,SOURCE_TITLE_GROUNDED,1.0,NOT_REAL_MODEL_CONFIDENCE,False
REC-306B405F6EFA7FB5,1.0,SYNTHETIC_LABEL_ONLY,1,SOURCE_TITLE_GROUNDED,1.0,NOT_REAL_MODEL_CONFIDENCE,False
REC-01108ABA45AF68AF,1.0,SYNTHETIC_LABEL_ONLY,1,SOURCE_TITLE_GROUNDED,1.0,NOT_REAL_MODEL_CONFIDENCE,False
REC-E53020C479B544A5,1.0,SYNTHETIC_LABEL_ONLY,1,SOURCE_TITLE_GROUNDED,1.0,NOT_REAL_MODEL_CONFIDENCE,False
REC-C478777836EFE509,1.0,SYNTHETIC_LABEL_ONLY,1,SOURCE_TITLE_GROUNDED,1.0,NOT_REAL_MODEL_CONFIDENCE,False
REC-82492B2AA35572CF,1.0,SYNTHETIC_LABEL_ONLY,1,SOURCE_TITLE_GROUNDED,1.0,NOT_REAL_MODEL_CONFIDENCE,False
REC-5F9DABA14EB8FC7C,1.0,SYNTHETIC_LABEL_ONLY,1,SOURCE_TITLE_GROUNDED,1.0,NOT_REAL_MODEL_CONFIDENCE,False
REC-CC9BF091AEB18D7E,1.0,SYNTHETIC_LABEL_ONLY,1,SOURCE_TITLE_GROUNDED,1.0,NOT_REAL_MODEL_CONFIDENCE,False
REC-58B12374FA3F6FA0,1.0,SYNTHETIC_LABEL_ONLY,1,SOURCE_TITLE_GROUNDED,1.0,NOT_REAL_MODEL_CONFIDENCE,False
REC-EC022BA07BBDA1CE,1.0,SYNTHETIC_LABEL_ONLY,1,SOURCE_TITLE_GROUNDED,1.0,NOT_REAL_MODEL_CONFIDENCE,False
REC-D803AFBC3B350415,1.0,SYNTHETIC_LABEL_ONLY,1,SOURCE_TITLE_GROUNDED,1.0,NOT_REAL_MODEL_CONFIDENCE,False
REC-10291DA562DBEA5A,1.0,SYNTHETIC_LABEL_ONLY,1,SOURCE_TITLE_GROUNDED,1.0,NOT_REAL_MODEL_CONFIDENCE,False
REC-FE16E95E1DAECDE4,1.0,SYNTHETIC_LABEL_ONLY,1,SOURCE_TITLE_GROUNDED,1.0,NOT_REAL_MODEL_CONFIDENCE,False
REC-A58A6996F91C88BD,1.0,SYNTHETIC_LABEL_ONLY,1,SOURCE_TITLE_GROUNDED,1.0,NOT_REAL_MODEL_CONFIDENCE,False
REC-CAD011026C19E23F,1.0,SYNTHETIC_LABEL_ONLY,1,SOURCE_TITLE_GROUNDED,1.0,NOT_REAL_MODEL_CONFIDENCE,False
REC-5353A3B93C8080C6,1.0,SYNTHETIC_LABEL_ONLY,1,SOURCE_TITLE_GROUNDED,1.0,NOT_REAL_MODEL_CONFIDENCE,False
REC-EDBCFF515FA0B6D4,1.0,SYNTHETIC_LABEL_ONLY,1,SOURCE_TITLE_GROUNDED,1.0,NOT_REAL_MODEL_CONFIDENCE,False
REC-F0A8692C61C0E8BE,1.0,SYNTHETIC_LABEL_ONLY,1,SOURCE_TITLE_GROUNDED,1.0,NOT_REAL_MODEL_CONFIDENCE,False
REC-7ABC2C8E115807B4,1.0,SYNTHETIC_LABEL_ONLY,1,SOURCE_TITLE_GROUNDED,1.0,NOT_REAL_MODEL_CONFIDENCE,False
REC-78C14BFF76BF9DCC,1.0,SYNTHETIC_LABEL_ONLY,1,SOURCE_TITLE_GROUNDED,1.0,NOT_REAL_MODEL_CONFIDENCE,False
REC-E9C2B89D623C6972,1.0,SYNTHETIC_LABEL_ONLY,1,SOURCE_TITLE_GROUNDED,1.0,NOT_REAL_MODEL_CONFIDENCE,False
REC-2A9C0BAED0CDB8E2,1.0,SYNTHETIC_LABEL_ONLY,1,SOURCE_TITLE_GROUNDED,1.0,NOT_REAL_MODEL_CONFIDENCE,False
REC-5E81B21B432A4749,1.0,SYNTHETIC_LABEL_ONLY,1,SOURCE_TITLE_GROUNDED,1.0,NOT_REAL_MODEL_CONFIDENCE,False
REC-A96D153313722C1F,1.0,SYNTHETIC_LABEL_ONLY,1,SOURCE_TITLE_GROUNDED,1.0,NOT_REAL_MODEL_CONFIDENCE,False
REC-F53A678D400377A0,1.0,SYNTHETIC_LABEL_ONLY,1,SOURCE_TITLE_GROUNDED,1.0,NOT_REAL_MODEL_CONFIDENCE,False
REC-0EAB8B7773DA2A1D,1.0,SYNTHETIC_LABEL_ONLY,1,SOURCE_TITLE_GROUNDED,1.0,NOT_REAL_MODEL_CONFIDENCE,False
REC-B99A3896FB5C843F,1.0,SYNTHETIC_LABEL_ONLY,1,SOURCE_TITLE_GROUNDED,1.0,NOT_REAL_MODEL_CONFIDENCE,False
REC-40C720A609857A72,1.0,SYNTHETIC_LABEL_ONLY,1,SOURCE_TITLE_GROUNDED,1.0,NOT_REAL_MODEL_CONFIDENCE,False
REC-CBC4881FD81DEF4D,1.0,SYNTHETIC_LABEL_ONLY,1,SOURCE_TITLE_GROUNDED,1.0,NOT_REAL_MODEL_CONFIDENCE,False
REC-407C00A66614E5AF,1.0,SYNTHETIC_LABEL_ONLY,1,SOURCE_TITLE_GROUNDED,1.0,NOT_REAL_MODEL_CONFIDENCE,False
REC-EC80C94E328127A7,1.0,SYNTHETIC_LABEL_ONLY,1,SOURCE_TITLE_GROUNDED,1.0,NOT_REAL_MODEL_CONFIDENCE,False
REC-502E209E224952D9,1.0,SYNTHETIC_LABEL_ONLY,1,SOURCE_TITLE_GROUNDED,1.0,NOT_REAL_MODEL_CONFIDENCE,False
REC-6A0015737BBB2200,1.0,SYNTHETIC_LABEL_ONLY,1,SOURCE_TITLE_GROUNDED,1.0,NOT_REAL_MODEL_CONFIDENCE,False
REC-B62E5EFE97918E8A,1.0,SYNTHETIC_LABEL_ONLY,1,SOURCE_TITLE_GROUNDED,1.0,NOT_REAL_MODEL_CONFIDENCE,False
REC-6AD688226CF61D9A,1.0,SYNTHETIC_LABEL_ONLY,1,SOURCE_TITLE_GROUNDED,1.0,NOT_REAL_MODEL_CONFIDENCE,False
REC-826767C500E5CFD2,1.0,SYNTHETIC_LABEL_ONLY,1,SOURCE_TITLE_GROUNDED,1.0,NOT_REAL_MODEL_CONFIDENCE,False
REC-6E96E36DE5B5F3C2,1.0,SYNTHETIC_LABEL_ONLY,1,SOURCE_TITLE_GROUNDED,1.0,NOT_REAL_MODEL_CONFIDENCE,False
REC-D949C250920FD638,1.0,SYNTHETIC_LABEL_ONLY,1,SOURCE_TITLE_GROUNDED,1.0,NOT_REAL_MODEL_CONFIDENCE,False
REC-9450DA0B41835FB3,1.0,SYNTHETIC_LABEL_ONLY,1,SOURCE_TITLE_GROUNDED,1.0,NOT_REAL_MODEL_CONFIDENCE,False
REC-5388A556037B6D71,1.0,SYNTHETIC_LABEL_ONLY,1,SOURCE_TITLE_GROUNDED,1.0,NOT_REAL_MODEL_CONFIDENCE,False
REC-7121DB8F9C3D1DAD,1.0,SYNTHETIC_LABEL_ONLY,1,SOURCE_TITLE_GROUNDED,1.0,NOT_REAL_MODEL_CONFIDENCE,False
REC-A6991402D04288BE,1.0,SYNTHETIC_LABEL_ONLY,1,SOURCE_TITLE_GROUNDED,1.0,NOT_REAL_MODEL_CONFIDENCE,False
REC-655B658339555DF7,1.0,SYNTHETIC_LABEL_ONLY,1,SOURCE_TITLE_GROUNDED,1.0,NOT_REAL_MODEL_CONFIDENCE,False
REC-16ECB7BC17AAAC70,1.0,SYNTHETIC_LABEL_ONLY,1,SOURCE_TITLE_GROUNDED,1.0,NOT_REAL_MODEL_CONFIDENCE,False
REC-6CFF908C054B0BFE,1.0,SYNTHETIC_LABEL_ONLY,1,SOURCE_TITLE_GROUNDED,1.0,NOT_REAL_MODEL_CONFIDENCE,False
REC-E5373EC8F33D43AC,1.0,SYNTHETIC_LABEL_ONLY,1,SOURCE_TITLE_GROUNDED,1.0,NOT_REAL_MODEL_CONFIDENCE,False
REC-C270429A62225B7A,1.0,SYNTHETIC_LABEL_ONLY,1,SOURCE_TITLE_GROUNDED,1.0,NOT_REAL_MODEL_CONFIDENCE,False
REC-40D1DE9A1762F458,1.0,SYNTHETIC_LABEL_ONLY,1,SOURCE_TITLE_GROUNDED,1.0,NOT_REAL_MODEL_CONFIDENCE,False
REC-E5ECE2F446A3257D,1.0,SYNTHETIC_LABEL_ONLY,1,SOURCE_TITLE_GROUNDED,1.0,NOT_REAL_MODEL_CONFIDENCE,False
REC-F5D54A5A43575BBB,1.0,SYNTHETIC_LABEL_ONLY,1,SOURCE_TITLE_GROUNDED,1.0,NOT_REAL_MODEL_CONFIDENCE,False
REC-61F1559CD5EC39AF,1.0,SYNTHETIC_LABEL_ONLY,1,SOURCE_TITLE_GROUNDED,1.0,NOT_REAL_MODEL_CONFIDENCE,False
REC-F525CBC8D5539C37,1.0,SYNTHETIC_LABEL_ONLY,1,SOURCE_TITLE_GROUNDED,1.0,NOT_REAL_MODEL_CONFIDENCE,False
REC-2C6E06D2DE769E74,1.0,SYNTHETIC_LABEL_ONLY,1,SOURCE_TITLE_GROUNDED,1.0,NOT_REAL_MODEL_CONFIDENCE,False
REC-15418420607B36F3,1.0,SYNTHETIC_LABEL_ONLY,1,SOURCE_TITLE_GROUNDED,1.0,NOT_REAL_MODEL_CONFIDENCE,False
REC-76D85E3764483EF3,1.0,SYNTHETIC_LABEL_ONLY,1,SOURCE_TITLE_GROUNDED,1.0,NOT_REAL_MODEL_CONFIDENCE,False
REC-075AA7D5BEFD58BB,1.0,SYNTHETIC_LABEL_ONLY,1,SOURCE_TITLE_GROUNDED,1.0,NOT_REAL_MODEL_CONFIDENCE,False
REC-0F1E772B9A6D0515,1.0,SYNTHETIC_LABEL_ONLY,1,SOURCE_TITLE_GROUNDED,1.0,NOT_REAL_MODEL_CONFIDENCE,False
REC-CE856175C00AFA7D,1.0,SYNTHETIC_LABEL_ONLY,1,SOURCE_TITLE_GROUNDED,1.0,NOT_REAL_MODEL_CONFIDENCE,False
REC-699F746EF8A3D7A1,1.0,SYNTHETIC_LABEL_ONLY,1,SOURCE_TITLE_GROUNDED,1.0,NOT_REAL_MODEL_CONFIDENCE,False
REC-6A3DF54432037BEB,1.0,SYNTHETIC_LABEL_ONLY,1,SOURCE_TITLE_GROUNDED,1.0,NOT_REAL_MODEL_CONFIDENCE,False
REC-953D7F440D9C265D,1.0,SYNTHETIC_LABEL_ONLY,1,SOURCE_TITLE_GROUNDED,1.0,NOT_REAL_MODEL_CONFIDENCE,False
REC-27021E7B7983620A,1.0,SYNTHETIC_LABEL_ONLY,1,SOURCE_TITLE_GROUNDED,1.0,NOT_REAL_MODEL_CONFIDENCE,False
REC-1304F9BDC3CB80A1,1.0,SYNTHETIC_LABEL_ONLY,1,SOURCE_TITLE_GROUNDED,1.0,NOT_REAL_MODEL_CONFIDENCE,False
REC-206C90399942B304,1.0,SYNTHETIC_LABEL_ONLY,1,SOURCE_TITLE_GROUNDED,1.0,NOT_REAL_MODEL_CONFIDENCE,False
REC-4EF72AD98DD147BC,1.0,SYNTHETIC_LABEL_ONLY,1,SOURCE_TITLE_GROUNDED,1.0,NOT_REAL_MODEL_CONFIDENCE,False
REC-0F91F0276137246F,1.0,SYNTHETIC_LABEL_ONLY,1,SOURCE_TITLE_GROUNDED,1.0,NOT_REAL_MODEL_CONFIDENCE,False
REC-82F310C4B25E0129,1.0,SYNTHETIC_LABEL_ONLY,1,SOURCE_TITLE_GROUNDED,1.0,NOT_REAL_MODEL_CONFIDENCE,False
REC-2B8B4E8367D661AD,1.0,SYNTHETIC_LABEL_ONLY,1,SOURCE_TITLE_GROUNDED,1.0,NOT_REAL_MODEL_CONFIDENCE,False
REC-F92C2461934B9F73,1.0,SYNTHETIC_LABEL_ONLY,1,SOURCE_TITLE_GROUNDED,1.0,NOT_REAL_MODEL_CONFIDENCE,False
REC-C45940F595C684CC,1.0,SYNTHETIC_LABEL_ONLY,1,SOURCE_TITLE_GROUNDED,1.0,NOT_REAL_MODEL_CONFIDENCE,False
REC-71C25CF5E9B58CB2,1.0,SYNTHETIC_LABEL_ONLY,1,SOURCE_TITLE_GROUNDED,1.0,NOT_REAL_MODEL_CONFIDENCE,False
REC-6DC37B0DD1E5304B,1.0,SYNTHETIC_LABEL_ONLY,1,SOURCE_TITLE_GROUNDED,1.0,NOT_REAL_MODEL_CONFIDENCE,False
REC-0E6C48005BADA66A,1.0,SYNTHETIC_LABEL_ONLY,1,SOURCE_TITLE_GROUNDED,1.0,NOT_REAL_MODEL_CONFIDENCE,False
REC-FA1CFA7997FC7759,1.0,SYNTHETIC_LABEL_ONLY,1,SOURCE_TITLE_GROUNDED,1.0,NOT_REAL_MODEL_CONFIDENCE,False
REC-0A90BEEE2A33AE3A,1.0,SYNTHETIC_LABEL_ONLY,1,SOURCE_TITLE_GROUNDED,1.0,NOT_REAL_MODEL_CONFIDENCE,False
REC-A3033984F9787B03,1.0,SYNTHETIC_LABEL_ONLY,1,SOURCE_TITLE_GROUNDED,1.0,NOT_REAL_MODEL_CONFIDENCE,False
REC-33C9EB322B006F29,1.0,SYNTHETIC_LABEL_ONLY,1,SOURCE_TITLE_GROUNDED,1.0,NOT_REAL_MODEL_CONFIDENCE,False
REC-40B1E682FD63A2B9,1.0,SYNTHETIC_LABEL_ONLY,1,SOURCE_TITLE_GROUNDED,1.0,NOT_REAL_MODEL_CONFIDENCE,False
REC-1B90D91E76A73F37,1.0,SYNTHETIC_LABEL_ONLY,1,SOURCE_TITLE_GROUNDED,1.0,NOT_REAL_MODEL_CONFIDENCE,False
REC-2947490D43837301,1.0,SYNTHETIC_LABEL_ONLY,1,SOURCE_TITLE_GROUNDED,1.0,NOT_REAL_MODEL_CONFIDENCE,False
REC-084137765F730E62,1.0,SYNTHETIC_LABEL_ONLY,1,SOURCE_TITLE_GROUNDED,1.0,NOT_REAL_MODEL_CONFIDENCE,False
REC-DE7FFA427FBC4EF0,1.0,SYNTHETIC_LABEL_ONLY,1,SOURCE_TITLE_GROUNDED,1.0,NOT_REAL_MODEL_CONFIDENCE,False
REC-160B60768897A173,1.0,SYNTHETIC_LABEL_ONLY,1,SOURCE_TITLE_GROUNDED,1.0,NOT_REAL_MODEL_CONFIDENCE,False
REC-AFD4F13DDAF293AB,1.0,SYNTHETIC_LABEL_ONLY,1,SOURCE_TITLE_GROUNDED,1.0,NOT_REAL_MODEL_CONFIDENCE,False
REC-CBE3852B83929F89,1.0,SYNTHETIC_LABEL_ONLY,1,SOURCE_TITLE_GROUNDED,1.0,NOT_REAL_MODEL_CONFIDENCE,False
REC-9160C3DB356FD635,1.0,SYNTHETIC_LABEL_ONLY,1,SOURCE_TITLE_GROUNDED,1.0,NOT_REAL_MODEL_CONFIDENCE,False
REC-92F1CE41B2D60BFD,1.0,SYNTHETIC_LABEL_ONLY,1,SOURCE_TITLE_GROUNDED,1.0,NOT_REAL_MODEL_CONFIDENCE,False
REC-EB67B40FFB018803,1.0,SYNTHETIC_LABEL_ONLY,1,SOURCE_TITLE_GROUNDED,1.0,NOT_REAL_MODEL_CONFIDENCE,False
REC-9E9557025827008A,1.0,SYNTHETIC_LABEL_ONLY,1,SOURCE_TITLE_GROUNDED,1.0,NOT_REAL_MODEL_CONFIDENCE,False
REC-7E88BBB6475F585C,1.0,SYNTHETIC_LABEL_ONLY,1,SOURCE_TITLE_GROUNDED,1.0,NOT_REAL_MODEL_CONFIDENCE,False
REC-4C80183AA926DE75,1.0,SYNTHETIC_LABEL_ONLY,1,SOURCE_TITLE_GROUNDED,1.0,NOT_REAL_MODEL_CONFIDENCE,False
REC-3B67A6BE96AB052D,1.0,SYNTHETIC_LABEL_ONLY,1,SOURCE_TITLE_GROUNDED,1.0,NOT_REAL_MODEL_CONFIDENCE,False
REC-ED6116CC33B13DFC,1.0,SYNTHETIC_LABEL_ONLY,1,SOURCE_TITLE_GROUNDED,1.0,NOT_REAL_MODEL_CONFIDENCE,False
REC-F0427B7CCAE1EBC2,1.0,SYNTHETIC_LABEL_ONLY,1,SOURCE_TITLE_GROUNDED,1.0,NOT_REAL_MODEL_CONFIDENCE,False
REC-0E85971C772AE19C,1.0,SYNTHETIC_LABEL_ONLY,1,SOURCE_TITLE_GROUNDED,1.0,NOT_REAL_MODEL_CONFIDENCE,False
REC-4AF2B0B2AA706A3E,1.0,SYNTHETIC_LABEL_ONLY,1,SOURCE_TITLE_GROUNDED,1.0,NOT_REAL_MODEL_CONFIDENCE,False
REC-D51C12851E015335,1.0,SYNTHETIC_LABEL_ONLY,1,SOURCE_TITLE_GROUNDED,1.0,NOT_REAL_MODEL_CONFIDENCE,False
REC-DA4BB0A72C40A377,1.0,SYNTHETIC_LABEL_ONLY,1,SOURCE_TITLE_GROUNDED,1.0,NOT_REAL_MODEL_CONFIDENCE,False
REC-DB09E51143586C95,1.0,SYNTHETIC_LABEL_ONLY,1,SOURCE_TITLE_GROUNDED,1.0,NOT_REAL_MODEL_CONFIDENCE,False
REC-86D8AFC718729283,1.0,SYNTHETIC_LABEL_ONLY,1,SOURCE_TITLE_GROUNDED,1.0,NOT_REAL_MODEL_CONFIDENCE,False
REC-D0FCC34DDB10F4C6,1.0,SYNTHETIC_LABEL_ONLY,1,SOURCE_TITLE_GROUNDED,1.0,NOT_REAL_MODEL_CONFIDENCE,False
REC-D08810708FB33FE1,1.0,SYNTHETIC_LABEL_ONLY,1,SOURCE_TITLE_GROUNDED,1.0,NOT_REAL_MODEL_CONFIDENCE,False
REC-A2F895129DB93F8A,1.0,SYNTHETIC_LABEL_ONLY,1,SOURCE_TITLE_GROUNDED,1.0,NOT_REAL_MODEL_CONFIDENCE,False
REC-3251D32079620590,1.0,SYNTHETIC_LABEL_ONLY,1,SOURCE_TITLE_GROUNDED,1.0,NOT_REAL_MODEL_CONFIDENCE,False
REC-CC09830B4E3E95B9,1.0,SYNTHETIC_LABEL_ONLY,1,SOURCE_TITLE_GROUNDED,1.0,NOT_REAL_MODEL_CONFIDENCE,False
REC-522441C8B908D85E,1.0,SYNTHETIC_LABEL_ONLY,1,SOURCE_TITLE_GROUNDED,1.0,NOT_REAL_MODEL_CONFIDENCE,False
REC-AFABC6916F45A581,1.0,SYNTHETIC_LABEL_ONLY,1,SOURCE_TITLE_GROUNDED,1.0,NOT_REAL_MODEL_CONFIDENCE,False
REC-18A0473376E51E57,1.0,SYNTHETIC_LABEL_ONLY,1,SOURCE_TITLE_GROUNDED,1.0,NOT_REAL_MODEL_CONFIDENCE,False
REC-B16C5D48BCE6EC66,1.0,SYNTHETIC_LABEL_ONLY,1,SOURCE_TITLE_GROUNDED,1.0,NOT_REAL_MODEL_CONFIDENCE,False
REC-853C8E4CB1BBECE5,1.0,SYNTHETIC_LABEL_ONLY,1,SOURCE_TITLE_GROUNDED,1.0,NOT_REAL_MODEL_CONFIDENCE,False
REC-E0F504C7DDE070CC,1.0,SYNTHETIC_LABEL_ONLY,1,SOURCE_TITLE_GROUNDED,1.0,NOT_REAL_MODEL_CONFIDENCE,False
REC-5C9797EA246E96C7,1.0,SYNTHETIC_LABEL_ONLY,1,SOURCE_TITLE_GROUNDED,1.0,NOT_REAL_MODEL_CONFIDENCE,False
REC-A6D90755262F1F52,1.0,SYNTHETIC_LABEL_ONLY,1,SOURCE_TITLE_GROUNDED,1.0,NOT_REAL_MODEL_CONFIDENCE,False
REC-DA0143182EEFE6F6,1.0,SYNTHETIC_LABEL_ONLY,1,SOURCE_TITLE_GROUNDED,1.0,NOT_REAL_MODEL_CONFIDENCE,False
REC-04E4C6F5A9EC0403,1.0,SYNTHETIC_LABEL_ONLY,1,SOURCE_TITLE_GROUNDED,1.0,NOT_REAL_MODEL_CONFIDENCE,False
REC-A0580FF08988036D,1.0,SYNTHETIC_LABEL_ONLY,1,SOURCE_TITLE_GROUNDED,1.0,NOT_REAL_MODEL_CONFIDENCE,False
REC-F73000B4CA8C6829,1.0,SYNTHETIC_LABEL_ONLY,1,SOURCE_TITLE_GROUNDED,1.0,NOT_REAL_MODEL_CONFIDENCE,False
REC-0EE5D94A76B3D425,1.0,SYNTHETIC_LABEL_ONLY,1,SOURCE_TITLE_GROUNDED,1.0,NOT_REAL_MODEL_CONFIDENCE,False
REC-976A37C5FA698991,1.0,SYNTHETIC_LABEL_ONLY,1,SOURCE_TITLE_GROUNDED,1.0,NOT_REAL_MODEL_CONFIDENCE,False
REC-34590E461DCC6D1B,1.0,SYNTHETIC_LABEL_ONLY,1,SOURCE_TITLE_GROUNDED,1.0,NOT_REAL_MODEL_CONFIDENCE,False
REC-74B45FB294493156,1.0,SYNTHETIC_LABEL_ONLY,1,SOURCE_TITLE_GROUNDED,1.0,NOT_REAL_MODEL_CONFIDENCE,False
REC-859E25AB23BD50BF,1.0,SYNTHETIC_LABEL_ONLY,1,SOURCE_TITLE_GROUNDED,1.0,NOT_REAL_MODEL_CONFIDENCE,False
REC-B9B2F2609DE648F2,1.0,SYNTHETIC_LABEL_ONLY,1,SOURCE_TITLE_GROUNDED,1.0,NOT_REAL_MODEL_CONFIDENCE,False
REC-715B3F7087D148AB,1.0,SYNTHETIC_LABEL_ONLY,1,SOURCE_TITLE_GROUNDED,1.0,NOT_REAL_MODEL_CONFIDENCE,False
REC-548A63E4227BD03B,1.0,SYNTHETIC_LABEL_ONLY,1,SOURCE_TITLE_GROUNDED,1.0,NOT_REAL_MODEL_CONFIDENCE,False
REC-63FAB3E3891A35A4,1.0,SYNTHETIC_LABEL_ONLY,1,SOURCE_TITLE_GROUNDED,1.0,NOT_REAL_MODEL_CONFIDENCE,False
REC-67736501BC61B405,1.0,SYNTHETIC_LABEL_ONLY,1,SOURCE_TITLE_GROUNDED,1.0,NOT_REAL_MODEL_CONFIDENCE,False
REC-97C4D60E8FEF744B,1.0,SYNTHETIC_LABEL_ONLY,1,SOURCE_TITLE_GROUNDED,1.0,NOT_REAL_MODEL_CONFIDENCE,False
REC-BEA370F68FFD4814,1.0,SYNTHETIC_LABEL_ONLY,1,SOURCE_TITLE_GROUNDED,1.0,NOT_REAL_MODEL_CONFIDENCE,False
REC-005E47EB829F5AEA,1.0,SYNTHETIC_LABEL_ONLY,1,SOURCE_TITLE_GROUNDED,1.0,NOT_REAL_MODEL_CONFIDENCE,False
REC-A4DB3AD29AE77967,1.0,SYNTHETIC_LABEL_ONLY,1,SOURCE_TITLE_GROUNDED,1.0,NOT_REAL_MODEL_CONFIDENCE,False
REC-2BA709BCFEE6228D,1.0,SYNTHETIC_LABEL_ONLY,1,SOURCE_TITLE_GROUNDED,1.0,NOT_REAL_MODEL_CONFIDENCE,False
REC-2759B8FE3DAB1C1C,1.0,SYNTHETIC_LABEL_ONLY,1,SOURCE_TITLE_GROUNDED,1.0,NOT_REAL_MODEL_CONFIDENCE,False
REC-AAA4BEEE7C61A60C,1.0,SYNTHETIC_LABEL_ONLY,1,SOURCE_TITLE_GROUNDED,1.0,NOT_REAL_MODEL_CONFIDENCE,False
REC-4F87FA0EBD8C20B6,1.0,SYNTHETIC_LABEL_ONLY,1,SOURCE_TITLE_GROUNDED,1.0,NOT_REAL_MODEL_CONFIDENCE,False
REC-6F63A1DFD30DDB1E,1.0,SYNTHETIC_LABEL_ONLY,1,SOURCE_TITLE_GROUNDED,1.0,NOT_REAL_MODEL_CONFIDENCE,False
REC-EDDC980FC3376079,1.0,SYNTHETIC_LABEL_ONLY,1,SOURCE_TITLE_GROUNDED,1.0,NOT_REAL_MODEL_CONFIDENCE,False
REC-C526BC7334750414,1.0,SYNTHETIC_LABEL_ONLY,1,SOURCE_TITLE_GROUNDED,1.0,NOT_REAL_MODEL_CONFIDENCE,False
REC-86DE6AF29CC68658,1.0,SYNTHETIC_LABEL_ONLY,1,SOURCE_TITLE_GROUNDED,1.0,NOT_REAL_MODEL_CONFIDENCE,False
REC-DFF3B844C2300CA9,1.0,SYNTHETIC_LABEL_ONLY,1,SOURCE_TITLE_GROUNDED,1.0,NOT_REAL_MODEL_CONFIDENCE,False
REC-1F62300A82E5FBA3,1.0,SYNTHETIC_LABEL_ONLY,1,SOURCE_TITLE_GROUNDED,1.0,NOT_REAL_MODEL_CONFIDENCE,False
REC-5114ECB9AEC068A4,1.0,SYNTHETIC_LABEL_ONLY,1,SOURCE_TITLE_GROUNDED,1.0,NOT_REAL_MODEL_CONFIDENCE,False
REC-005142A466DA36FC,1.0,SYNTHETIC_LABEL_ONLY,1,SOURCE_TITLE_GROUNDED,1.0,NOT_REAL_MODEL_CONFIDENCE,False
REC-086121A248A05F58,1.0,SYNTHETIC_LABEL_ONLY,1,SOURCE_TITLE_GROUNDED,1.0,NOT_REAL_MODEL_CONFIDENCE,False
REC-64C047DE4584F5FB,1.0,SYNTHETIC_LABEL_ONLY,1,SOURCE_TITLE_GROUNDED,1.0,NOT_REAL_MODEL_CONFIDENCE,False
REC-70861C7BCEDAAF97,1.0,SYNTHETIC_LABEL_ONLY,1,SOURCE_TITLE_GROUNDED,1.0,NOT_REAL_MODEL_CONFIDENCE,False
REC-29C9D285A568266E,1.0,SYNTHETIC_LABEL_ONLY,1,SOURCE_TITLE_GROUNDED,1.0,NOT_REAL_MODEL_CONFIDENCE,False
REC-D30525BE2A3F0CC6,1.0,SYNTHETIC_LABEL_ONLY,1,SOURCE_TITLE_GROUNDED,1.0,NOT_REAL_MODEL_CONFIDENCE,False
REC-CB7FC4AE129C8D86,1.0,SYNTHETIC_LABEL_ONLY,1,SOURCE_TITLE_GROUNDED,1.0,NOT_REAL_MODEL_CONFIDENCE,False
REC-E1C5EAF0D161F7A8,1.0,SYNTHETIC_LABEL_ONLY,1,SOURCE_TITLE_GROUNDED,1.0,NOT_REAL_MODEL_CONFIDENCE,False
REC-3D7EE0B92718A9CB,1.0,SYNTHETIC_LABEL_ONLY,1,SOURCE_TITLE_GROUNDED,1.0,NOT_REAL_MODEL_CONFIDENCE,False
REC-4A7FEF4B42BD5D02,1.0,SYNTHETIC_LABEL_ONLY,1,SOURCE_TITLE_GROUNDED,1.0,NOT_REAL_MODEL_CONFIDENCE,False
REC-099C7EFC749B8460,1.0,SYNTHETIC_LABEL_ONLY,1,SOURCE_TITLE_GROUNDED,1.0,NOT_REAL_MODEL_CONFIDENCE,False
REC-02CA84ED7475D9EE,1.0,SYNTHETIC_LABEL_ONLY,1,SOURCE_TITLE_GROUNDED,1.0,NOT_REAL_MODEL_CONFIDENCE,False
REC-3CA143B3E0510958,1.0,SYNTHETIC_LABEL_ONLY,1,SOURCE_TITLE_GROUNDED,1.0,NOT_REAL_MODEL_CONFIDENCE,False
REC-CE515339BFC8DE04,1.0,SYNTHETIC_LABEL_ONLY,1,SOURCE_TITLE_GROUNDED,1.0,NOT_REAL_MODEL_CONFIDENCE,False
REC-882C0A5568D2B55C,1.0,SYNTHETIC_LABEL_ONLY,1,SOURCE_TITLE_GROUNDED,1.0,NOT_REAL_MODEL_CONFIDENCE,False
REC-C5956CDCB87FDC4C,1.0,SYNTHETIC_LABEL_ONLY,1,SOURCE_TITLE_GROUNDED,1.0,NOT_REAL_MODEL_CONFIDENCE,False
REC-DAE396911462FFD4,1.0,SYNTHETIC_LABEL_ONLY,1,SOURCE_TITLE_GROUNDED,1.0,NOT_REAL_MODEL_CONFIDENCE,False
REC-0FFB1E25897C6349,1.0,SYNTHETIC_LABEL_ONLY,1,SOURCE_TITLE_GROUNDED,1.0,NOT_REAL_MODEL_CONFIDENCE,False
REC-2732CA8185D7611F,1.0,SYNTHETIC_LABEL_ONLY,1,SOURCE_TITLE_GROUNDED,1.0,NOT_REAL_MODEL_CONFIDENCE,False
REC-83C2F4595BD0ABB1,1.0,SYNTHETIC_LABEL_ONLY,1,SOURCE_TITLE_GROUNDED,1.0,NOT_REAL_MODEL_CONFIDENCE,False
REC-21352CF3741D74B8,1.0,SYNTHETIC_LABEL_ONLY,1,SOURCE_TITLE_GROUNDED,1.0,NOT_REAL_MODEL_CONFIDENCE,False
REC-633796EAC93C3EDA,1.0,SYNTHETIC_LABEL_ONLY,1,SOURCE_TITLE_GROUNDED,1.0,NOT_REAL_MODEL_CONFIDENCE,False
REC-0F5C52B3AAE5CE73,1.0,SYNTHETIC_LABEL_ONLY,1,SOURCE_TITLE_GROUNDED,1.0,NOT_REAL_MODEL_CONFIDENCE,False
REC-50010FF08B452CFB,1.0,SYNTHETIC_LABEL_ONLY,1,SOURCE_TITLE_GROUNDED,1.0,NOT_REAL_MODEL_CONFIDENCE,False
REC-4FF13486793318D1,1.0,SYNTHETIC_LABEL_ONLY,1,SOURCE_TITLE_GROUNDED,1.0,NOT_REAL_MODEL_CONFIDENCE,False
REC-0795C72CB1DA37D9,1.0,SYNTHETIC_LABEL_ONLY,1,SOURCE_TITLE_GROUNDED,1.0,NOT_REAL_MODEL_CONFIDENCE,False
REC-C0131DE521791542,1.0,SYNTHETIC_LABEL_ONLY,1,SOURCE_TITLE_GROUNDED,1.0,NOT_REAL_MODEL_CONFIDENCE,False
REC-416288B5C68151BD,1.0,SYNTHETIC_LABEL_ONLY,1,SOURCE_TITLE_GROUNDED,1.0,NOT_REAL_MODEL_CONFIDENCE,False
REC-EBB7F78EEC6B7FFA,1.0,SYNTHETIC_LABEL_ONLY,1,SOURCE_TITLE_GROUNDED,1.0,NOT_REAL_MODEL_CONFIDENCE,False
REC-02E3CB13E17D89FD,1.0,SYNTHETIC_LABEL_ONLY,1,SOURCE_TITLE_GROUNDED,1.0,NOT_REAL_MODEL_CONFIDENCE,False
REC-B5B6FAC9840CBBC6,1.0,SYNTHETIC_LABEL_ONLY,1,SOURCE_TITLE_GROUNDED,1.0,NOT_REAL_MODEL_CONFIDENCE,False
REC-4BDE45F2FCE29AF5,1.0,SYNTHETIC_LABEL_ONLY,1,SOURCE_TITLE_GROUNDED,1.0,NOT_REAL_MODEL_CONFIDENCE,False
REC-02489A5E44929305,1.0,SYNTHETIC_LABEL_ONLY,1,SOURCE_TITLE_GROUNDED,1.0,NOT_REAL_MODEL_CONFIDENCE,False
REC-F5459C04717878E3,1.0,SYNTHETIC_LABEL_ONLY,1,SOURCE_TITLE_GROUNDED,1.0,NOT_REAL_MODEL_CONFIDENCE,False
REC-8A7D9C2BF9E691DB,1.0,SYNTHETIC_LABEL_ONLY,1,SOURCE_TITLE_GROUNDED,1.0,NOT_REAL_MODEL_CONFIDENCE,False
REC-1081461F3F77DB71,1.0,SYNTHETIC_LABEL_ONLY,1,SOURCE_TITLE_GROUNDED,1.0,NOT_REAL_MODEL_CONFIDENCE,False
REC-02CA6CCF8C8B3436,1.0,SYNTHETIC_LABEL_ONLY,1,SOURCE_TITLE_GROUNDED,1.0,NOT_REAL_MODEL_CONFIDENCE,False
REC-CC507D911C7D69B0,1.0,SYNTHETIC_LABEL_ONLY,1,SOURCE_TITLE_GROUNDED,1.0,NOT_REAL_MODEL_CONFIDENCE,False
REC-A3A71DEBDC806020,1.0,SYNTHETIC_LABEL_ONLY,1,SOURCE_TITLE_GROUNDED,1.0,NOT_REAL_MODEL_CONFIDENCE,False
REC-38069C8BF7DCC85C,1.0,SYNTHETIC_LABEL_ONLY,1,SOURCE_TITLE_GROUNDED,1.0,NOT_REAL_MODEL_CONFIDENCE,False
REC-EDE6D17274499E58,1.0,SYNTHETIC_LABEL_ONLY,1,SOURCE_TITLE_GROUNDED,1.0,NOT_REAL_MODEL_CONFIDENCE,False
REC-8E6790A6B3AAA84A,1.0,SYNTHETIC_LABEL_ONLY,1,SOURCE_TITLE_GROUNDED,1.0,NOT_REAL_MODEL_CONFIDENCE,False
REC-93E54E2B6E04D061,1.0,SYNTHETIC_LABEL_ONLY,1,SOURCE_TITLE_GROUNDED,1.0,NOT_REAL_MODEL_CONFIDENCE,False
REC-9AA2600E8E7E2F3A,1.0,SYNTHETIC_LABEL_ONLY,1,SOURCE_TITLE_GROUNDED,1.0,NOT_REAL_MODEL_CONFIDENCE,False
REC-EB69336ED0E23DED,1.0,SYNTHETIC_LABEL_ONLY,1,SOURCE_TITLE_GROUNDED,1.0,NOT_REAL_MODEL_CONFIDENCE,False
REC-BC5CD8E5F955D175,1.0,SYNTHETIC_LABEL_ONLY,1,SOURCE_TITLE_GROUNDED,1.0,NOT_REAL_MODEL_CONFIDENCE,False
REC-075AC34AFBCA9F99,1.0,SYNTHETIC_LABEL_ONLY,1,SOURCE_TITLE_GROUNDED,1.0,NOT_REAL_MODEL_CONFIDENCE,False
REC-A16DFC15CAB5BB5F,1.0,SYNTHETIC_LABEL_ONLY,1,SOURCE_TITLE_GROUNDED,1.0,NOT_REAL_MODEL_CONFIDENCE,False
REC-4299B51ABDE0DB8F,1.0,SYNTHETIC_LABEL_ONLY,1,SOURCE_TITLE_GROUNDED,1.0,NOT_REAL_MODEL_CONFIDENCE,False
REC-937A22D7D7D569D5,1.0,SYNTHETIC_LABEL_ONLY,1,SOURCE_TITLE_GROUNDED,1.0,NOT_REAL_MODEL_CONFIDENCE,False
REC-D6FFB6D2354AA750,1.0,SYNTHETIC_LABEL_ONLY,1,SOURCE_TITLE_GROUNDED,1.0,NOT_REAL_MODEL_CONFIDENCE,False
REC-1E4913D7C5A2FE34,1.0,SYNTHETIC_LABEL_ONLY,1,SOURCE_TITLE_GROUNDED,1.0,NOT_REAL_MODEL_CONFIDENCE,False
REC-917A5630810AA990,1.0,SYNTHETIC_LABEL_ONLY,1,SOURCE_TITLE_GROUNDED,1.0,NOT_REAL_MODEL_CONFIDENCE,False
REC-A86FBB1E3DCDF56D,1.0,SYNTHETIC_LABEL_ONLY,1,SOURCE_TITLE_GROUNDED,1.0,NOT_REAL_MODEL_CONFIDENCE,False
REC-0F56A274B145AFC0,1.0,SYNTHETIC_LABEL_ONLY,1,SOURCE_TITLE_GROUNDED,1.0,NOT_REAL_MODEL_CONFIDENCE,False
REC-0F9589B1EDB519D3,1.0,SYNTHETIC_LABEL_ONLY,1,SOURCE_TITLE_GROUNDED,1.0,NOT_REAL_MODEL_CONFIDENCE,False
REC-E06D77A302D913AA,1.0,SYNTHETIC_LABEL_ONLY,1,SOURCE_TITLE_GROUNDED,1.0,NOT_REAL_MODEL_CONFIDENCE,False
REC-98E86943D526935A,1.0,SYNTHETIC_LABEL_ONLY,1,SOURCE_TITLE_GROUNDED,1.0,NOT_REAL_MODEL_CONFIDENCE,False
REC-715B1790CD0BC7D1,1.0,SYNTHETIC_LABEL_ONLY,1,SOURCE_TITLE_GROUNDED,1.0,NOT_REAL_MODEL_CONFIDENCE,False
REC-7E2A62666D6DA647,1.0,SYNTHETIC_LABEL_ONLY,1,SOURCE_TITLE_GROUNDED,1.0,NOT_REAL_MODEL_CONFIDENCE,False
REC-3AE78E42864E0858,1.0,SYNTHETIC_LABEL_ONLY,1,SOURCE_TITLE_GROUNDED,1.0,NOT_REAL_MODEL_CONFIDENCE,False
REC-1A7ACD67F6253E52,1.0,SYNTHETIC_LABEL_ONLY,1,SOURCE_TITLE_GROUNDED,1.0,NOT_REAL_MODEL_CONFIDENCE,False
REC-FED7B4CD5AF3513D,1.0,SYNTHETIC_LABEL_ONLY,1,SOURCE_TITLE_GROUNDED,1.0,NOT_REAL_MODEL_CONFIDENCE,False
REC-4514C8FA513A0AD8,1.0,SYNTHETIC_LABEL_ONLY,1,SOURCE_TITLE_GROUNDED,1.0,NOT_REAL_MODEL_CONFIDENCE,False
REC-B1BE2CB14425620A,1.0,SYNTHETIC_LABEL_ONLY,1,SOURCE_TITLE_GROUNDED,1.0,NOT_REAL_MODEL_CONFIDENCE,False
REC-EEB76B27FF6C9DBD,1.0,SYNTHETIC_LABEL_ONLY,1,SOURCE_TITLE_GROUNDED,1.0,NOT_REAL_MODEL_CONFIDENCE,False
REC-B0478C33921C2646,1.0,SYNTHETIC_LABEL_ONLY,1,SOURCE_TITLE_GROUNDED,1.0,NOT_REAL_MODEL_CONFIDENCE,False
REC-5D07E62FFD4038B7,1.0,SYNTHETIC_LABEL_ONLY,1,SOURCE_TITLE_GROUNDED,1.0,NOT_REAL_MODEL_CONFIDENCE,False
REC-DF30A8FE3439A03E,1.0,SYNTHETIC_LABEL_ONLY,1,SOURCE_TITLE_GROUNDED,1.0,NOT_REAL_MODEL_CONFIDENCE,False
REC-564DECF2C87A045A,1.0,SYNTHETIC_LABEL_ONLY,1,SOURCE_TITLE_GROUNDED,1.0,NOT_REAL_MODEL_CONFIDENCE,False
REC-05276A1FD926D543,1.0,SYNTHETIC_LABEL_ONLY,1,SOURCE_TITLE_GROUNDED,1.0,NOT_REAL_MODEL_CONFIDENCE,False
REC-41A305323F686F9E,1.0,SYNTHETIC_LABEL_ONLY,1,SOURCE_TITLE_GROUNDED,1.0,NOT_REAL_MODEL_CONFIDENCE,False
REC-5B19A564B9347879,1.0,SYNTHETIC_LABEL_ONLY,1,SOURCE_TITLE_GROUNDED,1.0,NOT_REAL_MODEL_CONFIDENCE,False
REC-316276276952EF0B,1.0,SYNTHETIC_LABEL_ONLY,1,SOURCE_TITLE_GROUNDED,1.0,NOT_REAL_MODEL_CONFIDENCE,False
REC-BBC70E3292582BE1,1.0,SYNTHETIC_LABEL_ONLY,1,SOURCE_TITLE_GROUNDED,1.0,NOT_REAL_MODEL_CONFIDENCE,False
REC-1A29A1ADB56F7970,1.0,SYNTHETIC_LABEL_ONLY,1,SOURCE_TITLE_GROUNDED,1.0,NOT_REAL_MODEL_CONFIDENCE,False
REC-49E9AB17CCA4E1D8,1.0,SYNTHETIC_LABEL_ONLY,1,SOURCE_TITLE_GROUNDED,1.0,NOT_REAL_MODEL_CONFIDENCE,False
REC-5AFA77269529E32D,1.0,SYNTHETIC_LABEL_ONLY,1,SOURCE_TITLE_GROUNDED,1.0,NOT_REAL_MODEL_CONFIDENCE,False
REC-E22935BBC3CA60C6,1.0,SYNTHETIC_LABEL_ONLY,1,SOURCE_TITLE_GROUNDED,1.0,NOT_REAL_MODEL_CONFIDENCE,False
REC-BAE38A408EF67F84,1.0,SYNTHETIC_LABEL_ONLY,1,SOURCE_TITLE_GROUNDED,1.0,NOT_REAL_MODEL_CONFIDENCE,False
REC-A2FD41FC618780BB,1.0,SYNTHETIC_LABEL_ONLY,1,SOURCE_TITLE_GROUNDED,1.0,NOT_REAL_MODEL_CONFIDENCE,False
REC-73D2C0D5D51D9323,1.0,SYNTHETIC_LABEL_ONLY,1,SOURCE_TITLE_GROUNDED,1.0,NOT_REAL_MODEL_CONFIDENCE,False
REC-4275D6CF01C8DFA2,1.0,SYNTHETIC_LABEL_ONLY,1,SOURCE_TITLE_GROUNDED,1.0,NOT_REAL_MODEL_CONFIDENCE,False
REC-E17BF20F7D27ED6A,1.0,SYNTHETIC_LABEL_ONLY,1,SOURCE_TITLE_GROUNDED,1.0,NOT_REAL_MODEL_CONFIDENCE,False
REC-14821C6BAF4B6F85,1.0,SYNTHETIC_LABEL_ONLY,1,SOURCE_TITLE_GROUNDED,1.0,NOT_REAL_MODEL_CONFIDENCE,False
REC-40EA03AFC9131BDC,1.0,SYNTHETIC_LABEL_ONLY,1,SOURCE_TITLE_GROUNDED,1.0,NOT_REAL_MODEL_CONFIDENCE,False
REC-254C23D6834A5FC2,1.0,SYNTHETIC_LABEL_ONLY,1,SOURCE_TITLE_GROUNDED,1.0,NOT_REAL_MODEL_CONFIDENCE,False
REC-911EAF05ECCE8862,1.0,SYNTHETIC_LABEL_ONLY,1,SOURCE_TITLE_GROUNDED,1.0,NOT_REAL_MODEL_CONFIDENCE,False
REC-E90E7D005BE6CFBF,1.0,SYNTHETIC_LABEL_ONLY,1,SOURCE_TITLE_GROUNDED,1.0,NOT_REAL_MODEL_CONFIDENCE,False
REC-0A265B8EEFB7A3D2,1.0,SYNTHETIC_LABEL_ONLY,1,SOURCE_TITLE_GROUNDED,1.0,NOT_REAL_MODEL_CONFIDENCE,False
REC-BA1FD89F030F77C0,1.0,SYNTHETIC_LABEL_ONLY,1,SOURCE_TITLE_GROUNDED,1.0,NOT_REAL_MODEL_CONFIDENCE,False
REC-3A9AA1F520D9E97F,1.0,SYNTHETIC_LABEL_ONLY,1,SOURCE_TITLE_GROUNDED,1.0,NOT_REAL_MODEL_CONFIDENCE,False
REC-B003BC6BBE2F5906,1.0,SYNTHETIC_LABEL_ONLY,1,SOURCE_TITLE_GROUNDED,1.0,NOT_REAL_MODEL_CONFIDENCE,False
REC-96178A89E74D4F66,1.0,SYNTHETIC_LABEL_ONLY,1,SOURCE_TITLE_GROUNDED,1.0,NOT_REAL_MODEL_CONFIDENCE,False
REC-933718D2EE149FFA,1.0,SYNTHETIC_LABEL_ONLY,1,SOURCE_TITLE_GROUNDED,1.0,NOT_REAL_MODEL_CONFIDENCE,False
REC-2AFC41EC70A2BC04,1.0,SYNTHETIC_LABEL_ONLY,1,SOURCE_TITLE_GROUNDED,1.0,NOT_REAL_MODEL_CONFIDENCE,False
REC-7CEE31EF7C545D95,1.0,SYNTHETIC_LABEL_ONLY,1,SOURCE_TITLE_GROUNDED,1.0,NOT_REAL_MODEL_CONFIDENCE,False
REC-B2EF8133091BD15D,1.0,SYNTHETIC_LABEL_ONLY,1,SOURCE_TITLE_GROUNDED,1.0,NOT_REAL_MODEL_CONFIDENCE,False
REC-9544054457401127,1.0,SYNTHETIC_LABEL_ONLY,1,SOURCE_TITLE_GROUNDED,1.0,NOT_REAL_MODEL_CONFIDENCE,False
REC-2BACDD4D85436FFA,1.0,SYNTHETIC_LABEL_ONLY,1,SOURCE_TITLE_GROUNDED,1.0,NOT_REAL_MODEL_CONFIDENCE,False
REC-0042642D58FB6755,1.0,SYNTHETIC_LABEL_ONLY,1,SOURCE_TITLE_GROUNDED,1.0,NOT_REAL_MODEL_CONFIDENCE,False
REC-41CE82DC2CCEFA63,1.0,SYNTHETIC_LABEL_ONLY,1,SOURCE_TITLE_GROUNDED,1.0,NOT_REAL_MODEL_CONFIDENCE,False
REC-6280DF005151FFDF,1.0,SYNTHETIC_LABEL_ONLY,1,SOURCE_TITLE_GROUNDED,1.0,NOT_REAL_MODEL_CONFIDENCE,False
REC-07BC70919BE600EB,1.0,SYNTHETIC_LABEL_ONLY,1,SOURCE_TITLE_GROUNDED,1.0,NOT_REAL_MODEL_CONFIDENCE,False
REC-8124235659C5C96C,1.0,SYNTHETIC_LABEL_ONLY,1,SOURCE_TITLE_GROUNDED,1.0,NOT_REAL_MODEL_CONFIDENCE,False
REC-8214E7FC980DA496,1.0,SYNTHETIC_LABEL_ONLY,1,SOURCE_TITLE_GROUNDED,1.0,NOT_REAL_MODEL_CONFIDENCE,False
REC-D31F15E89D297997,1.0,SYNTHETIC_LABEL_ONLY,1,SOURCE_TITLE_GROUNDED,1.0,NOT_REAL_MODEL_CONFIDENCE,False
REC-2A7F9AB69BC9F051,1.0,SYNTHETIC_LABEL_ONLY,1,SOURCE_TITLE_GROUNDED,1.0,NOT_REAL_MODEL_CONFIDENCE,False
REC-14ACA5B257FF43AD,1.0,SYNTHETIC_LABEL_ONLY,1,SOURCE_TITLE_GROUNDED,1.0,NOT_REAL_MODEL_CONFIDENCE,False
REC-13751B013543578B,1.0,SYNTHETIC_LABEL_ONLY,1,SOURCE_TITLE_GROUNDED,1.0,NOT_REAL_MODEL_CONFIDENCE,False
REC-85ACF65CAA22B491,1.0,SYNTHETIC_LABEL_ONLY,1,SOURCE_TITLE_GROUNDED,1.0,NOT_REAL_MODEL_CONFIDENCE,False
REC-04F7B59E8C401300,1.0,SYNTHETIC_LABEL_ONLY,1,SOURCE_TITLE_GROUNDED,1.0,NOT_REAL_MODEL_CONFIDENCE,False
REC-A69D9B464E0BD835,1.0,SYNTHETIC_LABEL_ONLY,1,SOURCE_TITLE_GROUNDED,1.0,NOT_REAL_MODEL_CONFIDENCE,False
REC-4C036A554F209B44,1.0,SYNTHETIC_LABEL_ONLY,1,SOURCE_TITLE_GROUNDED,1.0,NOT_REAL_MODEL_CONFIDENCE,False
REC-245E068F1E9CDD91,1.0,SYNTHETIC_LABEL_ONLY,1,SOURCE_TITLE_GROUNDED,1.0,NOT_REAL_MODEL_CONFIDENCE,False
REC-AC9D72114D715D3F,1.0,SYNTHETIC_LABEL_ONLY,1,SOURCE_TITLE_GROUNDED,1.0,NOT_REAL_MODEL_CONFIDENCE,False
REC-97F0239F6E4A69EF,1.0,SYNTHETIC_LABEL_ONLY,1,SOURCE_TITLE_GROUNDED,1.0,NOT_REAL_MODEL_CONFIDENCE,False
REC-EFF6C98B01F6F6B6,1.0,SYNTHETIC_LABEL_ONLY,1,SOURCE_TITLE_GROUNDED,1.0,NOT_REAL_MODEL_CONFIDENCE,False
REC-904CDD0EA53EA82B,1.0,SYNTHETIC_LABEL_ONLY,1,SOURCE_TITLE_GROUNDED,1.0,NOT_REAL_MODEL_CONFIDENCE,False
REC-56F3F95058FFCDAC,1.0,SYNTHETIC_LABEL_ONLY,1,SOURCE_TITLE_GROUNDED,1.0,NOT_REAL_MODEL_CONFIDENCE,False
REC-76485D0ECF5F11AC,1.0,SYNTHETIC_LABEL_ONLY,1,SOURCE_TITLE_GROUNDED,1.0,NOT_REAL_MODEL_CONFIDENCE,False
REC-2A01CB1C8FD47771,1.0,SYNTHETIC_LABEL_ONLY,1,SOURCE_TITLE_GROUNDED,1.0,NOT_REAL_MODEL_CONFIDENCE,False
REC-26E9161F2CF2738D,1.0,SYNTHETIC_LABEL_ONLY,1,SOURCE_TITLE_GROUNDED,1.0,NOT_REAL_MODEL_CONFIDENCE,False
REC-0256C84CED6870DA,1.0,SYNTHETIC_LABEL_ONLY,1,SOURCE_TITLE_GROUNDED,1.0,NOT_REAL_MODEL_CONFIDENCE,False
REC-1378B3BFA4CD88C4,1.0,SYNTHETIC_LABEL_ONLY,1,SOURCE_TITLE_GROUNDED,1.0,NOT_REAL_MODEL_CONFIDENCE,False
REC-71EA3D46DE720683,1.0,SYNTHETIC_LABEL_ONLY,1,SOURCE_TITLE_GROUNDED,1.0,NOT_REAL_MODEL_CONFIDENCE,False
REC-D51C278C82FF963E,1.0,SYNTHETIC_LABEL_ONLY,1,SOURCE_TITLE_GROUNDED,1.0,NOT_REAL_MODEL_CONFIDENCE,False
REC-F1250E1216E5CEB8,1.0,SYNTHETIC_LABEL_ONLY,1,SOURCE_TITLE_GROUNDED,1.0,NOT_REAL_MODEL_CONFIDENCE,False
REC-9779E50D18BC5A84,1.0,SYNTHETIC_LABEL_ONLY,1,SOURCE_TITLE_GROUNDED,1.0,NOT_REAL_MODEL_CONFIDENCE,False
REC-78D87A815791AB59,1.0,SYNTHETIC_LABEL_ONLY,1,SOURCE_TITLE_GROUNDED,1.0,NOT_REAL_MODEL_CONFIDENCE,False
REC-74425D9BAD18E541,1.0,SYNTHETIC_LABEL_ONLY,1,SOURCE_TITLE_GROUNDED,1.0,NOT_REAL_MODEL_CONFIDENCE,False
REC-2097CE8333D77DAA,1.0,SYNTHETIC_LABEL_ONLY,1,SOURCE_TITLE_GROUNDED,1.0,NOT_REAL_MODEL_CONFIDENCE,False
REC-75A1AB170E0A88E8,1.0,SYNTHETIC_LABEL_ONLY,1,SOURCE_TITLE_GROUNDED,1.0,NOT_REAL_MODEL_CONFIDENCE,False
REC-BE382D1803416696,1.0,SYNTHETIC_LABEL_ONLY,1,SOURCE_TITLE_GROUNDED,1.0,NOT_REAL_MODEL_CONFIDENCE,False
REC-5BC56D69CC216D5C,1.0,SYNTHETIC_LABEL_ONLY,1,SOURCE_TITLE_GROUNDED,1.0,NOT_REAL_MODEL_CONFIDENCE,False
REC-509C86F4D0205637,1.0,SYNTHETIC_LABEL_ONLY,1,SOURCE_TITLE_GROUNDED,1.0,NOT_REAL_MODEL_CONFIDENCE,False
REC-252A36FD2A3D6514,1.0,SYNTHETIC_LABEL_ONLY,1,SOURCE_TITLE_GROUNDED,1.0,NOT_REAL_MODEL_CONFIDENCE,False
REC-0D52B93279197D48,1.0,SYNTHETIC_LABEL_ONLY,1,SOURCE_TITLE_GROUNDED,1.0,NOT_REAL_MODEL_CONFIDENCE,False
REC-FC117E96C56BF547,1.0,SYNTHETIC_LABEL_ONLY,1,SOURCE_TITLE_GROUNDED,1.0,NOT_REAL_MODEL_CONFIDENCE,False
REC-81CFBE0A4865E8C9,1.0,SYNTHETIC_LABEL_ONLY,1,SOURCE_TITLE_GROUNDED,1.0,NOT_REAL_MODEL_CONFIDENCE,False
REC-96557DCA884FE634,1.0,SYNTHETIC_LABEL_ONLY,1,SOURCE_TITLE_GROUNDED,1.0,NOT_REAL_MODEL_CONFIDENCE,False
REC-E656B883E60561FB,1.0,SYNTHETIC_LABEL_ONLY,1,SOURCE_TITLE_GROUNDED,1.0,NOT_REAL_MODEL_CONFIDENCE,False
REC-70F8DE43196FED19,1.0,SYNTHETIC_LABEL_ONLY,1,SOURCE_TITLE_GROUNDED,1.0,NOT_REAL_MODEL_CONFIDENCE,False
REC-EF18D58407505DC2,1.0,SYNTHETIC_LABEL_ONLY,1,SOURCE_TITLE_GROUNDED,1.0,NOT_REAL_MODEL_CONFIDENCE,False
REC-8D72B3A317587CF5,1.0,SYNTHETIC_LABEL_ONLY,1,SOURCE_TITLE_GROUNDED,1.0,NOT_REAL_MODEL_CONFIDENCE,False
REC-D6F69DB51E7CBC1E,1.0,SYNTHETIC_LABEL_ONLY,1,SOURCE_TITLE_GROUNDED,1.0,NOT_REAL_MODEL_CONFIDENCE,False
REC-0317E9F32F5EDB76,1.0,SYNTHETIC_LABEL_ONLY,1,SOURCE_TITLE_GROUNDED,1.0,NOT_REAL_MODEL_CONFIDENCE,False
REC-BD94D712591FC6D4,1.0,SYNTHETIC_LABEL_ONLY,1,SOURCE_TITLE_GROUNDED,1.0,NOT_REAL_MODEL_CONFIDENCE,False
REC-6C5543B789D0DDDF,1.0,SYNTHETIC_LABEL_ONLY,1,SOURCE_TITLE_GROUNDED,1.0,NOT_REAL_MODEL_CONFIDENCE,False
REC-1D1BE1936FA83BCE,1.0,SYNTHETIC_LABEL_ONLY,1,SOURCE_TITLE_GROUNDED,1.0,NOT_REAL_MODEL_CONFIDENCE,False
REC-77508D577679A1E6,1.0,SYNTHETIC_LABEL_ONLY,1,SOURCE_TITLE_GROUNDED,1.0,NOT_REAL_MODEL_CONFIDENCE,False
REC-34F9348358E04F5C,1.0,SYNTHETIC_LABEL_ONLY,1,SOURCE_TITLE_GROUNDED,1.0,NOT_REAL_MODEL_CONFIDENCE,False
REC-8A2A001B9C8B7608,1.0,SYNTHETIC_LABEL_ONLY,1,SOURCE_TITLE_GROUNDED,1.0,NOT_REAL_MODEL_CONFIDENCE,False
REC-04FD428C902A2F2F,1.0,SYNTHETIC_LABEL_ONLY,1,SOURCE_TITLE_GROUNDED,1.0,NOT_REAL_MODEL_CONFIDENCE,False
REC-78BF6079C78367C4,1.0,SYNTHETIC_LABEL_ONLY,1,SOURCE_TITLE_GROUNDED,1.0,NOT_REAL_MODEL_CONFIDENCE,False
REC-D72D326DC653BD42,1.0,SYNTHETIC_LABEL_ONLY,1,SOURCE_TITLE_GROUNDED,1.0,NOT_REAL_MODEL_CONFIDENCE,False
REC-3B28C5588B98773D,1.0,SYNTHETIC_LABEL_ONLY,1,SOURCE_TITLE_GROUNDED,1.0,NOT_REAL_MODEL_CONFIDENCE,False
REC-A3AFE9926AA87BF0,1.0,SYNTHETIC_LABEL_ONLY,1,SOURCE_TITLE_GROUNDED,1.0,NOT_REAL_MODEL_CONFIDENCE,False
REC-D4795A8FDC4BC637,1.0,SYNTHETIC_LABEL_ONLY,1,SOURCE_TITLE_GROUNDED,1.0,NOT_REAL_MODEL_CONFIDENCE,False
REC-AAE531398BB0BA16,1.0,SYNTHETIC_LABEL_ONLY,1,SOURCE_TITLE_GROUNDED,1.0,NOT_REAL_MODEL_CONFIDENCE,False
REC-2D1C62F8D99927D7,1.0,SYNTHETIC_LABEL_ONLY,1,SOURCE_TITLE_GROUNDED,1.0,NOT_REAL_MODEL_CONFIDENCE,False
REC-607D0D6C5F94B426,1.0,SYNTHETIC_LABEL_ONLY,1,SOURCE_TITLE_GROUNDED,1.0,NOT_REAL_MODEL_CONFIDENCE,False
REC-7310255A65243168,1.0,SYNTHETIC_LABEL_ONLY,1,SOURCE_TITLE_GROUNDED,1.0,NOT_REAL_MODEL_CONFIDENCE,False
REC-4B8973C0052D768E,1.0,SYNTHETIC_LABEL_ONLY,1,SOURCE_TITLE_GROUNDED,1.0,NOT_REAL_MODEL_CONFIDENCE,False
REC-48C7CE91DB59CF4E,1.0,SYNTHETIC_LABEL_ONLY,1,SOURCE_TITLE_GROUNDED,1.0,NOT_REAL_MODEL_CONFIDENCE,False
REC-4AB1F0D740217646,1.0,SYNTHETIC_LABEL_ONLY,1,SOURCE_TITLE_GROUNDED,1.0,NOT_REAL_MODEL_CONFIDENCE,False
REC-B42F8D9D1C0DE56F,1.0,SYNTHETIC_LABEL_ONLY,1,SOURCE_TITLE_GROUNDED,1.0,NOT_REAL_MODEL_CONFIDENCE,False
REC-76C828FA9B32E02F,1.0,SYNTHETIC_LABEL_ONLY,1,SOURCE_TITLE_GROUNDED,1.0,NOT_REAL_MODEL_CONFIDENCE,False
REC-1946807CA6363884,1.0,SYNTHETIC_LABEL_ONLY,1,SOURCE_TITLE_GROUNDED,1.0,NOT_REAL_MODEL_CONFIDENCE,False
REC-C5189CA890AC8403,1.0,SYNTHETIC_LABEL_ONLY,1,SOURCE_TITLE_GROUNDED,1.0,NOT_REAL_MODEL_CONFIDENCE,False
REC-6B3478F7FCC2FDB5,1.0,SYNTHETIC_LABEL_ONLY,1,SOURCE_TITLE_GROUNDED,1.0,NOT_REAL_MODEL_CONFIDENCE,False
REC-A24BE8B38E82DD27,1.0,SYNTHETIC_LABEL_ONLY,1,SOURCE_TITLE_GROUNDED,1.0,NOT_REAL_MODEL_CONFIDENCE,False
REC-EECB20BF823BA934,1.0,SYNTHETIC_LABEL_ONLY,1,SOURCE_TITLE_GROUNDED,1.0,NOT_REAL_MODEL_CONFIDENCE,False
REC-5B8EBF8B0931F0D7,1.0,SYNTHETIC_LABEL_ONLY,1,SOURCE_TITLE_GROUNDED,1.0,NOT_REAL_MODEL_CONFIDENCE,False
REC-74076DE271A7DFDB,1.0,SYNTHETIC_LABEL_ONLY,1,SOURCE_TITLE_GROUNDED,1.0,NOT_REAL_MODEL_CONFIDENCE,False
REC-E2B992F04C4470C7,1.0,SYNTHETIC_LABEL_ONLY,1,SOURCE_TITLE_GROUNDED,1.0,NOT_REAL_MODEL_CONFIDENCE,False
REC-1B11C383EDB39439,1.0,SYNTHETIC_LABEL_ONLY,1,SOURCE_TITLE_GROUNDED,1.0,NOT_REAL_MODEL_CONFIDENCE,False
REC-1263E337FB410C4F,1.0,SYNTHETIC_LABEL_ONLY,1,SOURCE_TITLE_GROUNDED,1.0,NOT_REAL_MODEL_CONFIDENCE,False
REC-DB9DB586B370AB9A,1.0,SYNTHETIC_LABEL_ONLY,1,SOURCE_TITLE_GROUNDED,1.0,NOT_REAL_MODEL_CONFIDENCE,False
REC-8D060ADC3624C81F,1.0,SYNTHETIC_LABEL_ONLY,1,SOURCE_TITLE_GROUNDED,1.0,NOT_REAL_MODEL_CONFIDENCE,False
REC-6ABFF3B6B9600005,1.0,SYNTHETIC_LABEL_ONLY,1,SOURCE_TITLE_GROUNDED,1.0,NOT_REAL_MODEL_CONFIDENCE,False
REC-A45D962C2BF37CD9,1.0,SYNTHETIC_LABEL_ONLY,1,SOURCE_TITLE_GROUNDED,1.0,NOT_REAL_MODEL_CONFIDENCE,False
REC-1EF0220BDB9FA280,1.0,SYNTHETIC_LABEL_ONLY,1,SOURCE_TITLE_GROUNDED,1.0,NOT_REAL_MODEL_CONFIDENCE,False
REC-19BDFE8F91CEE643,1.0,SYNTHETIC_LABEL_ONLY,1,SOURCE_TITLE_GROUNDED,1.0,NOT_REAL_MODEL_CONFIDENCE,False
REC-1AC86CE1E7F79F53,1.0,SYNTHETIC_LABEL_ONLY,1,SOURCE_TITLE_GROUNDED,1.0,NOT_REAL_MODEL_CONFIDENCE,False
REC-E7C0C5E821082AFF,1.0,SYNTHETIC_LABEL_ONLY,1,SOURCE_TITLE_GROUNDED,1.0,NOT_REAL_MODEL_CONFIDENCE,False
REC-7C89A57B891ED5AE,1.0,SYNTHETIC_LABEL_ONLY,1,SOURCE_TITLE_GROUNDED,1.0,NOT_REAL_MODEL_CONFIDENCE,False
REC-1B96AF23A7EE8404,1.0,SYNTHETIC_LABEL_ONLY,1,SOURCE_TITLE_GROUNDED,1.0,NOT_REAL_MODEL_CONFIDENCE,False
REC-F1E7B33CA8AF7747,1.0,SYNTHETIC_LABEL_ONLY,1,SOURCE_TITLE_GROUNDED,1.0,NOT_REAL_MODEL_CONFIDENCE,False
REC-8692ACAC8EB0A6B6,1.0,SYNTHETIC_LABEL_ONLY,1,SOURCE_TITLE_GROUNDED,1.0,NOT_REAL_MODEL_CONFIDENCE,False
REC-697DC5D1792A151C,1.0,SYNTHETIC_LABEL_ONLY,1,SOURCE_TITLE_GROUNDED,1.0,NOT_REAL_MODEL_CONFIDENCE,False
REC-6DD606EA1ACE10B9,1.0,SYNTHETIC_LABEL_ONLY,1,SOURCE_TITLE_GROUNDED,1.0,NOT_REAL_MODEL_CONFIDENCE,False
REC-984E11D7ED8801F9,1.0,SYNTHETIC_LABEL_ONLY,1,SOURCE_TITLE_GROUNDED,1.0,NOT_REAL_MODEL_CONFIDENCE,False
REC-34338DB547D748AD,1.0,SYNTHETIC_LABEL_ONLY,1,SOURCE_TITLE_GROUNDED,1.0,NOT_REAL_MODEL_CONFIDENCE,False
REC-51D3F6B38ABEA38F,1.0,SYNTHETIC_LABEL_ONLY,1,SOURCE_TITLE_GROUNDED,1.0,NOT_REAL_MODEL_CONFIDENCE,False
REC-AA8FBAB4F4F87FCA,1.0,SYNTHETIC_LABEL_ONLY,1,SOURCE_TITLE_GROUNDED,1.0,NOT_REAL_MODEL_CONFIDENCE,False
REC-263F2ADE5B79C985,1.0,SYNTHETIC_LABEL_ONLY,1,SOURCE_TITLE_GROUNDED,1.0,NOT_REAL_MODEL_CONFIDENCE,False
REC-02A7A483747D7460,1.0,SYNTHETIC_LABEL_ONLY,1,SOURCE_TITLE_GROUNDED,1.0,NOT_REAL_MODEL_CONFIDENCE,False
REC-F988A02EED2C9B93,1.0,SYNTHETIC_LABEL_ONLY,1,SOURCE_TITLE_GROUNDED,1.0,NOT_REAL_MODEL_CONFIDENCE,False
REC-48AB9B7ADEE67BF3,1.0,SYNTHETIC_LABEL_ONLY,1,SOURCE_TITLE_GROUNDED,1.0,NOT_REAL_MODEL_CONFIDENCE,False
REC-87419395DD3B04EF,1.0,SYNTHETIC_LABEL_ONLY,1,SOURCE_TITLE_GROUNDED,1.0,NOT_REAL_MODEL_CONFIDENCE,False
REC-91CE749118765084,1.0,SYNTHETIC_LABEL_ONLY,1,SOURCE_TITLE_GROUNDED,1.0,NOT_REAL_MODEL_CONFIDENCE,False
REC-6FDE3E25E5F097C8,1.0,SYNTHETIC_LABEL_ONLY,1,SOURCE_TITLE_GROUNDED,1.0,NOT_REAL_MODEL_CONFIDENCE,False
REC-49265B850FBFDD96,1.0,SYNTHETIC_LABEL_ONLY,1,SOURCE_TITLE_GROUNDED,1.0,NOT_REAL_MODEL_CONFIDENCE,False
REC-48AFA575C96A759E,1.0,SYNTHETIC_LABEL_ONLY,1,SOURCE_TITLE_GROUNDED,1.0,NOT_REAL_MODEL_CONFIDENCE,False
REC-5886287BBD7DD68D,1.0,SYNTHETIC_LABEL_ONLY,1,SOURCE_TITLE_GROUNDED,1.0,NOT_REAL_MODEL_CONFIDENCE,False
REC-57471F16BAE08468,1.0,SYNTHETIC_LABEL_ONLY,1,SOURCE_TITLE_GROUNDED,1.0,NOT_REAL_MODEL_CONFIDENCE,False
REC-25DDA29906BC217E,1.0,SYNTHETIC_LABEL_ONLY,1,SOURCE_TITLE_GROUNDED,1.0,NOT_REAL_MODEL_CONFIDENCE,False
REC-46C77A71F066A705,1.0,SYNTHETIC_LABEL_ONLY,1,SOURCE_TITLE_GROUNDED,1.0,NOT_REAL_MODEL_CONFIDENCE,False
REC-78F80B1C773A8F1C,1.0,SYNTHETIC_LABEL_ONLY,1,SOURCE_TITLE_GROUNDED,1.0,NOT_REAL_MODEL_CONFIDENCE,False
REC-E9B86A4BC17AEAA1,1.0,SYNTHETIC_LABEL_ONLY,1,SOURCE_TITLE_GROUNDED,1.0,NOT_REAL_MODEL_CONFIDENCE,False
REC-31874B06D73D2249,1.0,SYNTHETIC_LABEL_ONLY,1,SOURCE_TITLE_GROUNDED,1.0,NOT_REAL_MODEL_CONFIDENCE,False
REC-3434B0443248FD18,1.0,SYNTHETIC_LABEL_ONLY,1,SOURCE_TITLE_GROUNDED,1.0,NOT_REAL_MODEL_CONFIDENCE,False
REC-9A592D113908518E,1.0,SYNTHETIC_LABEL_ONLY,1,SOURCE_TITLE_GROUNDED,1.0,NOT_REAL_MODEL_CONFIDENCE,False
REC-233E81A34BEE2300,1.0,SYNTHETIC_LABEL_ONLY,1,SOURCE_TITLE_GROUNDED,1.0,NOT_REAL_MODEL_CONFIDENCE,False
REC-7D9FA603F7641723,1.0,SYNTHETIC_LABEL_ONLY,1,SOURCE_TITLE_GROUNDED,1.0,NOT_REAL_MODEL_CONFIDENCE,False
REC-EB0674F88C1C443E,1.0,SYNTHETIC_LABEL_ONLY,1,SOURCE_TITLE_GROUNDED,1.0,NOT_REAL_MODEL_CONFIDENCE,False
REC-9045EC1DBCF48F55,1.0,SYNTHETIC_LABEL_ONLY,1,SOURCE_TITLE_GROUNDED,1.0,NOT_REAL_MODEL_CONFIDENCE,False
REC-A948A9E6AAAEF2A7,1.0,SYNTHETIC_LABEL_ONLY,1,SOURCE_TITLE_GROUNDED,1.0,NOT_REAL_MODEL_CONFIDENCE,False
REC-92EE327D5230D707,1.0,SYNTHETIC_LABEL_ONLY,1,SOURCE_TITLE_GROUNDED,1.0,NOT_REAL_MODEL_CONFIDENCE,False
REC-4519411AE81E18B0,1.0,SYNTHETIC_LABEL_ONLY,1,SOURCE_TITLE_GROUNDED,1.0,NOT_REAL_MODEL_CONFIDENCE,False
REC-6A72131ABB23A878,1.0,SYNTHETIC_LABEL_ONLY,1,SOURCE_TITLE_GROUNDED,1.0,NOT_REAL_MODEL_CONFIDENCE,False
REC-DDAC6BF19E65CEFE,1.0,SYNTHETIC_LABEL_ONLY,1,SOURCE_TITLE_GROUNDED,1.0,NOT_REAL_MODEL_CONFIDENCE,False
REC-34C74D1D96E8EF0B,1.0,SYNTHETIC_LABEL_ONLY,1,SOURCE_TITLE_GROUNDED,1.0,NOT_REAL_MODEL_CONFIDENCE,False
REC-1802BFF1D10AB90F,1.0,SYNTHETIC_LABEL_ONLY,1,SOURCE_TITLE_GROUNDED,1.0,NOT_REAL_MODEL_CONFIDENCE,False
REC-DC907EB705F9F918,1.0,SYNTHETIC_LABEL_ONLY,1,SOURCE_TITLE_GROUNDED,1.0,NOT_REAL_MODEL_CONFIDENCE,False
REC-8A31A3DF3C71D6AB,1.0,SYNTHETIC_LABEL_ONLY,1,SOURCE_TITLE_GROUNDED,1.0,NOT_REAL_MODEL_CONFIDENCE,False
REC-1724342BACD2E6D8,1.0,SYNTHETIC_LABEL_ONLY,1,SOURCE_TITLE_GROUNDED,1.0,NOT_REAL_MODEL_CONFIDENCE,False
REC-12046C6AC12B382C,1.0,SYNTHETIC_LABEL_ONLY,1,SOURCE_TITLE_GROUNDED,1.0,NOT_REAL_MODEL_CONFIDENCE,False
REC-22B53F68E67FA39C,1.0,SYNTHETIC_LABEL_ONLY,1,SOURCE_TITLE_GROUNDED,1.0,NOT_REAL_MODEL_CONFIDENCE,False
REC-0ED94E19715F6FA3,1.0,SYNTHETIC_LABEL_ONLY,1,SOURCE_TITLE_GROUNDED,1.0,NOT_REAL_MODEL_CONFIDENCE,False
REC-B9F9DC120D5DEA43,1.0,SYNTHETIC_LABEL_ONLY,1,SOURCE_TITLE_GROUNDED,1.0,NOT_REAL_MODEL_CONFIDENCE,False
REC-FDABB44C285A1B16,1.0,SYNTHETIC_LABEL_ONLY,1,SOURCE_TITLE_GROUNDED,1.0,NOT_REAL_MODEL_CONFIDENCE,False
REC-7680CC6F318A8A26,1.0,SYNTHETIC_LABEL_ONLY,1,SOURCE_TITLE_GROUNDED,1.0,NOT_REAL_MODEL_CONFIDENCE,False
REC-2236AE7C64EC8E75,1.0,SYNTHETIC_LABEL_ONLY,1,SOURCE_TITLE_GROUNDED,1.0,NOT_REAL_MODEL_CONFIDENCE,False
REC-B969DBE333A12423,1.0,SYNTHETIC_LABEL_ONLY,1,SOURCE_TITLE_GROUNDED,1.0,NOT_REAL_MODEL_CONFIDENCE,False
REC-785DB434A3CB7F0C,1.0,SYNTHETIC_LABEL_ONLY,1,SOURCE_TITLE_GROUNDED,1.0,NOT_REAL_MODEL_CONFIDENCE,False
REC-001F51B9A7BD42F9,1.0,SYNTHETIC_LABEL_ONLY,1,SOURCE_TITLE_GROUNDED,1.0,NOT_REAL_MODEL_CONFIDENCE,False
REC-4315C84CBD693EF8,1.0,SYNTHETIC_LABEL_ONLY,1,SOURCE_TITLE_GROUNDED,1.0,NOT_REAL_MODEL_CONFIDENCE,False
REC-43990D9240C54EFD,1.0,SYNTHETIC_LABEL_ONLY,1,SOURCE_TITLE_GROUNDED,1.0,NOT_REAL_MODEL_CONFIDENCE,False
REC-A3B7A8F4D0695BD3,1.0,SYNTHETIC_LABEL_ONLY,1,SOURCE_TITLE_GROUNDED,1.0,NOT_REAL_MODEL_CONFIDENCE,False
REC-26BA543438FC85EB,1.0,SYNTHETIC_LABEL_ONLY,1,SOURCE_TITLE_GROUNDED,1.0,NOT_REAL_MODEL_CONFIDENCE,False
REC-9A800A87AF88951D,1.0,SYNTHETIC_LABEL_ONLY,1,SOURCE_TITLE_GROUNDED,1.0,NOT_REAL_MODEL_CONFIDENCE,False
REC-EC27F2EC7D11101C,1.0,SYNTHETIC_LABEL_ONLY,1,SOURCE_TITLE_GROUNDED,1.0,NOT_REAL_MODEL_CONFIDENCE,False
REC-EAC3F891095ABAC5,1.0,SYNTHETIC_LABEL_ONLY,1,SOURCE_TITLE_GROUNDED,1.0,NOT_REAL_MODEL_CONFIDENCE,False
REC-93680AA5CBB693FA,1.0,SYNTHETIC_LABEL_ONLY,1,SOURCE_TITLE_GROUNDED,1.0,NOT_REAL_MODEL_CONFIDENCE,False
REC-527242D576507596,1.0,SYNTHETIC_LABEL_ONLY,1,SOURCE_TITLE_GROUNDED,1.0,NOT_REAL_MODEL_CONFIDENCE,False
REC-EF1E35FE9EAC451D,1.0,SYNTHETIC_LABEL_ONLY,1,SOURCE_TITLE_GROUNDED,1.0,NOT_REAL_MODEL_CONFIDENCE,False
REC-47C0427BCCC0DDCA,1.0,SYNTHETIC_LABEL_ONLY,1,SOURCE_TITLE_GROUNDED,1.0,NOT_REAL_MODEL_CONFIDENCE,False
REC-E22095B4EECE4A6C,1.0,SYNTHETIC_LABEL_ONLY,1,SOURCE_TITLE_GROUNDED,1.0,NOT_REAL_MODEL_CONFIDENCE,False
REC-6B859FD18894A1F9,1.0,SYNTHETIC_LABEL_ONLY,1,SOURCE_TITLE_GROUNDED,1.0,NOT_REAL_MODEL_CONFIDENCE,False
REC-7B9DD223CE8EAB32,1.0,SYNTHETIC_LABEL_ONLY,1,SOURCE_TITLE_GROUNDED,1.0,NOT_REAL_MODEL_CONFIDENCE,False
REC-452BF8B10F2BCC1E,1.0,SYNTHETIC_LABEL_ONLY,1,SOURCE_TITLE_GROUNDED,1.0,NOT_REAL_MODEL_CONFIDENCE,False
REC-6F644610E4D309F7,1.0,SYNTHETIC_LABEL_ONLY,1,SOURCE_TITLE_GROUNDED,1.0,NOT_REAL_MODEL_CONFIDENCE,False
REC-52CAE88AC37D340C,1.0,SYNTHETIC_LABEL_ONLY,1,SOURCE_TITLE_GROUNDED,1.0,NOT_REAL_MODEL_CONFIDENCE,False
REC-861733B401878649,1.0,SYNTHETIC_LABEL_ONLY,1,SOURCE_TITLE_GROUNDED,1.0,NOT_REAL_MODEL_CONFIDENCE,False
REC-FF2A9EE468FCEB71,1.0,SYNTHETIC_LABEL_ONLY,1,SOURCE_TITLE_GROUNDED,1.0,NOT_REAL_MODEL_CONFIDENCE,False
REC-5BBC3510D1468396,1.0,SYNTHETIC_LABEL_ONLY,1,SOURCE_TITLE_GROUNDED,1.0,NOT_REAL_MODEL_CONFIDENCE,False
REC-0FA0FBCF904F2692,1.0,SYNTHETIC_LABEL_ONLY,1,SOURCE_TITLE_GROUNDED,1.0,NOT_REAL_MODEL_CONFIDENCE,False
REC-F5B5224F6D70EA2B,1.0,SYNTHETIC_LABEL_ONLY,1,SOURCE_TITLE_GROUNDED,1.0,NOT_REAL_MODEL_CONFIDENCE,False
REC-05E73F5B415D198D,1.0,SYNTHETIC_LABEL_ONLY,1,SOURCE_TITLE_GROUNDED,1.0,NOT_REAL_MODEL_CONFIDENCE,False
REC-6D82BA9B15FDFB7E,1.0,SYNTHETIC_LABEL_ONLY,1,SOURCE_TITLE_GROUNDED,1.0,NOT_REAL_MODEL_CONFIDENCE,False
REC-D0D8A47D138AF336,1.0,SYNTHETIC_LABEL_ONLY,1,SOURCE_TITLE_GROUNDED,1.0,NOT_REAL_MODEL_CONFIDENCE,False
REC-4A78CAF7260B2FE9,1.0,SYNTHETIC_LABEL_ONLY,1,SOURCE_TITLE_GROUNDED,1.0,NOT_REAL_MODEL_CONFIDENCE,False
REC-AC08D03296F47D85,1.0,SYNTHETIC_LABEL_ONLY,1,SOURCE_TITLE_GROUNDED,1.0,NOT_REAL_MODEL_CONFIDENCE,False
REC-4A24BE6F6D2BBB2F,1.0,SYNTHETIC_LABEL_ONLY,1,SOURCE_TITLE_GROUNDED,1.0,NOT_REAL_MODEL_CONFIDENCE,False
REC-028557879E5DADDA,1.0,SYNTHETIC_LABEL_ONLY,1,SOURCE_TITLE_GROUNDED,1.0,NOT_REAL_MODEL_CONFIDENCE,False
REC-C5A3E26C31ACE733,1.0,SYNTHETIC_LABEL_ONLY,1,SOURCE_TITLE_GROUNDED,1.0,NOT_REAL_MODEL_CONFIDENCE,False
REC-E7104D1C705076A2,1.0,SYNTHETIC_LABEL_ONLY,1,SOURCE_TITLE_GROUNDED,1.0,NOT_REAL_MODEL_CONFIDENCE,False
REC-81893EB41518BAB8,1.0,SYNTHETIC_LABEL_ONLY,1,SOURCE_TITLE_GROUNDED,1.0,NOT_REAL_MODEL_CONFIDENCE,False
REC-777FBBF9E75F04F1,1.0,SYNTHETIC_LABEL_ONLY,1,SOURCE_TITLE_GROUNDED,1.0,NOT_REAL_MODEL_CONFIDENCE,False
REC-61AFF7C7AB971A62,1.0,SYNTHETIC_LABEL_ONLY,1,SOURCE_TITLE_GROUNDED,1.0,NOT_REAL_MODEL_CONFIDENCE,False
REC-6E2B30B5AF520F95,1.0,SYNTHETIC_LABEL_ONLY,1,SOURCE_TITLE_GROUNDED,1.0,NOT_REAL_MODEL_CONFIDENCE,False
REC-4E6618FFE69B7F7D,1.0,SYNTHETIC_LABEL_ONLY,1,SOURCE_TITLE_GROUNDED,1.0,NOT_REAL_MODEL_CONFIDENCE,False
REC-8D2D21C962607F97,1.0,SYNTHETIC_LABEL_ONLY,1,SOURCE_TITLE_GROUNDED,1.0,NOT_REAL_MODEL_CONFIDENCE,False
REC-AAF8E1D6A33F3093,1.0,SYNTHETIC_LABEL_ONLY,1,SOURCE_TITLE_GROUNDED,1.0,NOT_REAL_MODEL_CONFIDENCE,False
REC-16E68D9C8012FB69,1.0,SYNTHETIC_LABEL_ONLY,1,SOURCE_TITLE_GROUNDED,1.0,NOT_REAL_MODEL_CONFIDENCE,False
REC-27653A67AABF4A73,1.0,SYNTHETIC_LABEL_ONLY,1,SOURCE_TITLE_GROUNDED,1.0,NOT_REAL_MODEL_CONFIDENCE,False
REC-5A41B7389A6C301A,1.0,SYNTHETIC_LABEL_ONLY,1,SOURCE_TITLE_GROUNDED,1.0,NOT_REAL_MODEL_CONFIDENCE,False
REC-7ABB189ADE366229,1.0,SYNTHETIC_LABEL_ONLY,1,SOURCE_TITLE_GROUNDED,1.0,NOT_REAL_MODEL_CONFIDENCE,False
REC-C3FFDA4ABC928F15,1.0,SYNTHETIC_LABEL_ONLY,1,SOURCE_TITLE_GROUNDED,1.0,NOT_REAL_MODEL_CONFIDENCE,False
REC-D110D6189ECE2BD4,1.0,SYNTHETIC_LABEL_ONLY,1,SOURCE_TITLE_GROUNDED,1.0,NOT_REAL_MODEL_CONFIDENCE,False
REC-FD3D9899F0FE7023,1.0,SYNTHETIC_LABEL_ONLY,1,SOURCE_TITLE_GROUNDED,1.0,NOT_REAL_MODEL_CONFIDENCE,False
REC-864E1DC505011843,1.0,SYNTHETIC_LABEL_ONLY,1,SOURCE_TITLE_GROUNDED,1.0,NOT_REAL_MODEL_CONFIDENCE,False
REC-3DA5801D2CEE5F30,1.0,SYNTHETIC_LABEL_ONLY,1,SOURCE_TITLE_GROUNDED,1.0,NOT_REAL_MODEL_CONFIDENCE,False
REC-3F2D121362125C6D,1.0,SYNTHETIC_LABEL_ONLY,1,SOURCE_TITLE_GROUNDED,1.0,NOT_REAL_MODEL_CONFIDENCE,False
REC-E76EA661F894E96C,1.0,SYNTHETIC_LABEL_ONLY,1,SOURCE_TITLE_GROUNDED,1.0,NOT_REAL_MODEL_CONFIDENCE,False
REC-462E841DA2AF8690,1.0,SYNTHETIC_LABEL_ONLY,1,SOURCE_TITLE_GROUNDED,1.0,NOT_REAL_MODEL_CONFIDENCE,False
REC-E83E2A95BEF49FFA,1.0,SYNTHETIC_LABEL_ONLY,1,SOURCE_TITLE_GROUNDED,1.0,NOT_REAL_MODEL_CONFIDENCE,False
REC-56C220CDA4B25F33,1.0,SYNTHETIC_LABEL_ONLY,1,SOURCE_TITLE_GROUNDED,1.0,NOT_REAL_MODEL_CONFIDENCE,False
REC-5839EB6A212627D5,1.0,SYNTHETIC_LABEL_ONLY,1,SOURCE_TITLE_GROUNDED,1.0,NOT_REAL_MODEL_CONFIDENCE,False
REC-09580ADF7CD075F7,1.0,SYNTHETIC_LABEL_ONLY,1,SOURCE_TITLE_GROUNDED,1.0,NOT_REAL_MODEL_CONFIDENCE,False
REC-457BB52837DC30CC,1.0,SYNTHETIC_LABEL_ONLY,1,SOURCE_TITLE_GROUNDED,1.0,NOT_REAL_MODEL_CONFIDENCE,False
REC-B360EDC67C4C84A1,1.0,SYNTHETIC_LABEL_ONLY,1,SOURCE_TITLE_GROUNDED,1.0,NOT_REAL_MODEL_CONFIDENCE,False
REC-90B7D7B8E7979235,1.0,SYNTHETIC_LABEL_ONLY,1,SOURCE_TITLE_GROUNDED,1.0,NOT_REAL_MODEL_CONFIDENCE,False
REC-80389E9BD29A91F5,1.0,SYNTHETIC_LABEL_ONLY,1,SOURCE_TITLE_GROUNDED,1.0,NOT_REAL_MODEL_CONFIDENCE,False
REC-EF84E02B404FC22F,1.0,SYNTHETIC_LABEL_ONLY,1,SOURCE_TITLE_GROUNDED,1.0,NOT_REAL_MODEL_CONFIDENCE,False
REC-F37C60B4C895B634,1.0,SYNTHETIC_LABEL_ONLY,1,SOURCE_TITLE_GROUNDED,1.0,NOT_REAL_MODEL_CONFIDENCE,False
REC-7216AB59B7C77A20,1.0,SYNTHETIC_LABEL_ONLY,1,SOURCE_TITLE_GROUNDED,1.0,NOT_REAL_MODEL_CONFIDENCE,False
REC-5240FE9F6EE4BA42,1.0,SYNTHETIC_LABEL_ONLY,1,SOURCE_TITLE_GROUNDED,1.0,NOT_REAL_MODEL_CONFIDENCE,False
REC-289219CD8181903D,1.0,SYNTHETIC_LABEL_ONLY,1,SOURCE_TITLE_GROUNDED,1.0,NOT_REAL_MODEL_CONFIDENCE,False
REC-55A2420A51E140CF,1.0,SYNTHETIC_LABEL_ONLY,1,SOURCE_TITLE_GROUNDED,1.0,NOT_REAL_MODEL_CONFIDENCE,False
REC-A761277AC7CAB999,1.0,SYNTHETIC_LABEL_ONLY,1,SOURCE_TITLE_GROUNDED,1.0,NOT_REAL_MODEL_CONFIDENCE,False
REC-004A021039CE3887,1.0,SYNTHETIC_LABEL_ONLY,1,SOURCE_TITLE_GROUNDED,1.0,NOT_REAL_MODEL_CONFIDENCE,False
REC-A2D6A3E7605EA498,1.0,SYNTHETIC_LABEL_ONLY,1,SOURCE_TITLE_GROUNDED,1.0,NOT_REAL_MODEL_CONFIDENCE,False
REC-C87B20ED928639F6,1.0,SYNTHETIC_LABEL_ONLY,1,SOURCE_TITLE_GROUNDED,1.0,NOT_REAL_MODEL_CONFIDENCE,False
REC-0CF90CF73FA16F68,1.0,SYNTHETIC_LABEL_ONLY,1,SOURCE_TITLE_GROUNDED,1.0,NOT_REAL_MODEL_CONFIDENCE,False
REC-16E8E118526B7795,1.0,SYNTHETIC_LABEL_ONLY,1,SOURCE_TITLE_GROUNDED,1.0,NOT_REAL_MODEL_CONFIDENCE,False
REC-3F295E0E01EDDE42,1.0,SYNTHETIC_LABEL_ONLY,1,SOURCE_TITLE_GROUNDED,1.0,NOT_REAL_MODEL_CONFIDENCE,False
REC-AABC87F084156340,1.0,SYNTHETIC_LABEL_ONLY,1,SOURCE_TITLE_GROUNDED,1.0,NOT_REAL_MODEL_CONFIDENCE,False
REC-CDD0F2FB656CB33B,1.0,SYNTHETIC_LABEL_ONLY,1,SOURCE_TITLE_GROUNDED,1.0,NOT_REAL_MODEL_CONFIDENCE,False
REC-C21C41B88991D5C0,1.0,SYNTHETIC_LABEL_ONLY,1,SOURCE_TITLE_GROUNDED,1.0,NOT_REAL_MODEL_CONFIDENCE,False
REC-7CB544200C395968,1.0,SYNTHETIC_LABEL_ONLY,1,SOURCE_TITLE_GROUNDED,1.0,NOT_REAL_MODEL_CONFIDENCE,False
REC-DC73953A052DAED5,1.0,SYNTHETIC_LABEL_ONLY,1,SOURCE_TITLE_GROUNDED,1.0,NOT_REAL_MODEL_CONFIDENCE,False
REC-C88282F26D87E5FD,1.0,SYNTHETIC_LABEL_ONLY,1,SOURCE_TITLE_GROUNDED,1.0,NOT_REAL_MODEL_CONFIDENCE,False
REC-EAF77DF995B23F0F,1.0,SYNTHETIC_LABEL_ONLY,1,SOURCE_TITLE_GROUNDED,1.0,NOT_REAL_MODEL_CONFIDENCE,False
REC-66FA18C8D670C545,1.0,SYNTHETIC_LABEL_ONLY,1,SOURCE_TITLE_GROUNDED,1.0,NOT_REAL_MODEL_CONFIDENCE,False
REC-AD0F0C214A52C5D9,1.0,SYNTHETIC_LABEL_ONLY,1,SOURCE_TITLE_GROUNDED,1.0,NOT_REAL_MODEL_CONFIDENCE,False
REC-4A900D85E18CD05B,1.0,SYNTHETIC_LABEL_ONLY,1,SOURCE_TITLE_GROUNDED,1.0,NOT_REAL_MODEL_CONFIDENCE,False
REC-FB90886AEC447B13,1.0,SYNTHETIC_LABEL_ONLY,1,SOURCE_TITLE_GROUNDED,1.0,NOT_REAL_MODEL_CONFIDENCE,False
REC-F0A5E9EE7B1DF6FA,1.0,SYNTHETIC_LABEL_ONLY,1,SOURCE_TITLE_GROUNDED,1.0,NOT_REAL_MODEL_CONFIDENCE,False
REC-E4CAD3751F08073A,1.0,SYNTHETIC_LABEL_ONLY,1,SOURCE_TITLE_GROUNDED,1.0,NOT_REAL_MODEL_CONFIDENCE,False
REC-B81816A2C46605F6,1.0,SYNTHETIC_LABEL_ONLY,1,SOURCE_TITLE_GROUNDED,1.0,NOT_REAL_MODEL_CONFIDENCE,False
REC-37F23A8A2BE1E6F0,1.0,SYNTHETIC_LABEL_ONLY,1,SOURCE_TITLE_GROUNDED,1.0,NOT_REAL_MODEL_CONFIDENCE,False
REC-2023B0BA960E5FA2,1.0,SYNTHETIC_LABEL_ONLY,1,SOURCE_TITLE_GROUNDED,1.0,NOT_REAL_MODEL_CONFIDENCE,False
REC-C1BB49E79D61BF50,1.0,SYNTHETIC_LABEL_ONLY,1,SOURCE_TITLE_GROUNDED,1.0,NOT_REAL_MODEL_CONFIDENCE,False
REC-6A00734210930448,1.0,SYNTHETIC_LABEL_ONLY,1,SOURCE_TITLE_GROUNDED,1.0,NOT_REAL_MODEL_CONFIDENCE,False
REC-94064C4D1D7CC57C,1.0,SYNTHETIC_LABEL_ONLY,1,SOURCE_TITLE_GROUNDED,1.0,NOT_REAL_MODEL_CONFIDENCE,False
REC-4B1CBFE5682F7978,1.0,SYNTHETIC_LABEL_ONLY,1,SOURCE_TITLE_GROUNDED,1.0,NOT_REAL_MODEL_CONFIDENCE,False
REC-D5B76E4C6D8EE217,1.0,SYNTHETIC_LABEL_ONLY,1,SOURCE_TITLE_GROUNDED,1.0,NOT_REAL_MODEL_CONFIDENCE,False
REC-C9062A90AAD6CCF5,1.0,SYNTHETIC_LABEL_ONLY,1,SOURCE_TITLE_GROUNDED,1.0,NOT_REAL_MODEL_CONFIDENCE,False
REC-4498EFB2332E0409,1.0,SYNTHETIC_LABEL_ONLY,1,SOURCE_TITLE_GROUNDED,1.0,NOT_REAL_MODEL_CONFIDENCE,False
REC-39C4E50FED4AED1E,1.0,SYNTHETIC_LABEL_ONLY,1,SOURCE_TITLE_GROUNDED,1.0,NOT_REAL_MODEL_CONFIDENCE,False
REC-36C68764F9E4AB9C,1.0,SYNTHETIC_LABEL_ONLY,1,SOURCE_TITLE_GROUNDED,1.0,NOT_REAL_MODEL_CONFIDENCE,False
REC-04BCD72FDFCDAC15,1.0,SYNTHETIC_LABEL_ONLY,1,SOURCE_TITLE_GROUNDED,1.0,NOT_REAL_MODEL_CONFIDENCE,False
REC-75850D65CC7A1D9F,1.0,SYNTHETIC_LABEL_ONLY,1,SOURCE_TITLE_GROUNDED,1.0,NOT_REAL_MODEL_CONFIDENCE,False
REC-F9A53058A29BB700,1.0,SYNTHETIC_LABEL_ONLY,1,SOURCE_TITLE_GROUNDED,1.0,NOT_REAL_MODEL_CONFIDENCE,False
REC-4BCFAB42F6BBF743,1.0,SYNTHETIC_LABEL_ONLY,1,SOURCE_TITLE_GROUNDED,1.0,NOT_REAL_MODEL_CONFIDENCE,False
REC-F0B922423A7EB5C6,1.0,SYNTHETIC_LABEL_ONLY,1,SOURCE_TITLE_GROUNDED,1.0,NOT_REAL_MODEL_CONFIDENCE,False
REC-DE538466120E4FB7,1.0,SYNTHETIC_LABEL_ONLY,1,SOURCE_TITLE_GROUNDED,1.0,NOT_REAL_MODEL_CONFIDENCE,False
REC-5A2F60355F49E450,1.0,SYNTHETIC_LABEL_ONLY,1,SOURCE_TITLE_GROUNDED,1.0,NOT_REAL_MODEL_CONFIDENCE,False
REC-6242C294BBF1E477,1.0,SYNTHETIC_LABEL_ONLY,1,SOURCE_TITLE_GROUNDED,1.0,NOT_REAL_MODEL_CONFIDENCE,False
REC-C964B404D75433C9,1.0,SYNTHETIC_LABEL_ONLY,1,SOURCE_TITLE_GROUNDED,1.0,NOT_REAL_MODEL_CONFIDENCE,False
REC-763630C8A9AEA60E,1.0,SYNTHETIC_LABEL_ONLY,1,SOURCE_TITLE_GROUNDED,1.0,NOT_REAL_MODEL_CONFIDENCE,False
REC-62FDC61734080D97,1.0,SYNTHETIC_LABEL_ONLY,1,SOURCE_TITLE_GROUNDED,1.0,NOT_REAL_MODEL_CONFIDENCE,False
REC-6A2CF05EE75F48C7,1.0,SYNTHETIC_LABEL_ONLY,1,SOURCE_TITLE_GROUNDED,1.0,NOT_REAL_MODEL_CONFIDENCE,False
REC-2DBA84F5B8A7FC3F,1.0,SYNTHETIC_LABEL_ONLY,1,SOURCE_TITLE_GROUNDED,1.0,NOT_REAL_MODEL_CONFIDENCE,False
REC-85327A6012A98AEE,1.0,SYNTHETIC_LABEL_ONLY,1,SOURCE_TITLE_GROUNDED,1.0,NOT_REAL_MODEL_CONFIDENCE,False
REC-047CD4A15E30608E,1.0,SYNTHETIC_LABEL_ONLY,1,SOURCE_TITLE_GROUNDED,1.0,NOT_REAL_MODEL_CONFIDENCE,False
REC-8B22CEF5AA8E397A,1.0,SYNTHETIC_LABEL_ONLY,1,SOURCE_TITLE_GROUNDED,1.0,NOT_REAL_MODEL_CONFIDENCE,False
REC-3D7B726E7B2B58D8,1.0,SYNTHETIC_LABEL_ONLY,1,SOURCE_TITLE_GROUNDED,1.0,NOT_REAL_MODEL_CONFIDENCE,False
REC-2394ACB2E32EEC2F,1.0,SYNTHETIC_LABEL_ONLY,1,SOURCE_TITLE_GROUNDED,1.0,NOT_REAL_MODEL_CONFIDENCE,False
REC-E111AA8A5CAA1F6F,1.0,SYNTHETIC_LABEL_ONLY,1,SOURCE_TITLE_GROUNDED,1.0,NOT_REAL_MODEL_CONFIDENCE,False
REC-4099CBE157297AA5,1.0,SYNTHETIC_LABEL_ONLY,1,SOURCE_TITLE_GROUNDED,1.0,NOT_REAL_MODEL_CONFIDENCE,False
REC-568D09A4D5F7DFD6,1.0,SYNTHETIC_LABEL_ONLY,1,SOURCE_TITLE_GROUNDED,1.0,NOT_REAL_MODEL_CONFIDENCE,False
REC-9049FAFEE04AE31F,1.0,SYNTHETIC_LABEL_ONLY,1,SOURCE_TITLE_GROUNDED,1.0,NOT_REAL_MODEL_CONFIDENCE,False
REC-056E5D96E6ABC907,1.0,SYNTHETIC_LABEL_ONLY,1,SOURCE_TITLE_GROUNDED,1.0,NOT_REAL_MODEL_CONFIDENCE,False
REC-ADFB5E0BDA861319,1.0,SYNTHETIC_LABEL_ONLY,1,SOURCE_TITLE_GROUNDED,1.0,NOT_REAL_MODEL_CONFIDENCE,False
REC-C43833E2CC10BC2E,1.0,SYNTHETIC_LABEL_ONLY,1,SOURCE_TITLE_GROUNDED,1.0,NOT_REAL_MODEL_CONFIDENCE,False
REC-3BA830A58F78282F,1.0,SYNTHETIC_LABEL_ONLY,1,SOURCE_TITLE_GROUNDED,1.0,NOT_REAL_MODEL_CONFIDENCE,False
REC-CF19F4630E9B3F71,1.0,SYNTHETIC_LABEL_ONLY,1,SOURCE_TITLE_GROUNDED,1.0,NOT_REAL_MODEL_CONFIDENCE,False
REC-5477B21617ADC4C7,1.0,SYNTHETIC_LABEL_ONLY,1,SOURCE_TITLE_GROUNDED,1.0,NOT_REAL_MODEL_CONFIDENCE,False
REC-7B6AD9F21864C40B,1.0,SYNTHETIC_LABEL_ONLY,1,SOURCE_TITLE_GROUNDED,1.0,NOT_REAL_MODEL_CONFIDENCE,False
REC-7361A52528918171,1.0,SYNTHETIC_LABEL_ONLY,1,SOURCE_TITLE_GROUNDED,1.0,NOT_REAL_MODEL_CONFIDENCE,False
REC-8E8526C6325EB443,1.0,SYNTHETIC_LABEL_ONLY,1,SOURCE_TITLE_GROUNDED,1.0,NOT_REAL_MODEL_CONFIDENCE,False
REC-D55DE4B521B103EC,1.0,SYNTHETIC_LABEL_ONLY,1,SOURCE_TITLE_GROUNDED,1.0,NOT_REAL_MODEL_CONFIDENCE,False
REC-ED53F91CE7594175,1.0,SYNTHETIC_LABEL_ONLY,1,SOURCE_TITLE_GROUNDED,1.0,NOT_REAL_MODEL_CONFIDENCE,False
REC-F6522FD383D8CE83,1.0,SYNTHETIC_LABEL_ONLY,1,SOURCE_TITLE_GROUNDED,1.0,NOT_REAL_MODEL_CONFIDENCE,False
REC-C4B5E209BB41D20B,1.0,SYNTHETIC_LABEL_ONLY,1,SOURCE_TITLE_GROUNDED,1.0,NOT_REAL_MODEL_CONFIDENCE,False
REC-7AB3C34C27F73D6A,1.0,SYNTHETIC_LABEL_ONLY,1,SOURCE_TITLE_GROUNDED,1.0,NOT_REAL_MODEL_CONFIDENCE,False
REC-D5B112C9165D7FE7,1.0,SYNTHETIC_LABEL_ONLY,1,SOURCE_TITLE_GROUNDED,1.0,NOT_REAL_MODEL_CONFIDENCE,False
REC-E417E08CD8D856B1,1.0,SYNTHETIC_LABEL_ONLY,1,SOURCE_TITLE_GROUNDED,1.0,NOT_REAL_MODEL_CONFIDENCE,False
REC-D22B24F03B10E2FA,1.0,SYNTHETIC_LABEL_ONLY,1,SOURCE_TITLE_GROUNDED,1.0,NOT_REAL_MODEL_CONFIDENCE,False
REC-99E4FF40391DD976,1.0,SYNTHETIC_LABEL_ONLY,1,SOURCE_TITLE_GROUNDED,1.0,NOT_REAL_MODEL_CONFIDENCE,False
REC-405C41AA70B8A8C9,1.0,SYNTHETIC_LABEL_ONLY,1,SOURCE_TITLE_GROUNDED,1.0,NOT_REAL_MODEL_CONFIDENCE,False
REC-A150DBDD49E0E9F2,1.0,SYNTHETIC_LABEL_ONLY,1,SOURCE_TITLE_GROUNDED,1.0,NOT_REAL_MODEL_CONFIDENCE,False
REC-2EF096E8EF6329C6,1.0,SYNTHETIC_LABEL_ONLY,1,SOURCE_TITLE_GROUNDED,1.0,NOT_REAL_MODEL_CONFIDENCE,False
REC-519E752AB5574009,1.0,SYNTHETIC_LABEL_ONLY,1,SOURCE_TITLE_GROUNDED,1.0,NOT_REAL_MODEL_CONFIDENCE,False
REC-09547BDE35E8646F,1.0,SYNTHETIC_LABEL_ONLY,1,SOURCE_TITLE_GROUNDED,1.0,NOT_REAL_MODEL_CONFIDENCE,False
REC-6645E154C4DDC1A4,1.0,SYNTHETIC_LABEL_ONLY,1,SOURCE_TITLE_GROUNDED,1.0,NOT_REAL_MODEL_CONFIDENCE,False
REC-21A50AF01C01C689,1.0,SYNTHETIC_LABEL_ONLY,1,SOURCE_TITLE_GROUNDED,1.0,NOT_REAL_MODEL_CONFIDENCE,False
REC-CE03A34C4DE89302,1.0,SYNTHETIC_LABEL_ONLY,1,SOURCE_TITLE_GROUNDED,1.0,NOT_REAL_MODEL_CONFIDENCE,False
REC-89A90CDEAC4C3A4A,1.0,SYNTHETIC_LABEL_ONLY,1,SOURCE_TITLE_GROUNDED,1.0,NOT_REAL_MODEL_CONFIDENCE,False
REC-D0B3DA391031E6D2,1.0,SYNTHETIC_LABEL_ONLY,1,SOURCE_TITLE_GROUNDED,1.0,NOT_REAL_MODEL_CONFIDENCE,False
REC-EE46C02486A0A232,1.0,SYNTHETIC_LABEL_ONLY,1,SOURCE_TITLE_GROUNDED,1.0,NOT_REAL_MODEL_CONFIDENCE,False
REC-971A8D7E73B8B27F,1.0,SYNTHETIC_LABEL_ONLY,1,SOURCE_TITLE_GROUNDED,1.0,NOT_REAL_MODEL_CONFIDENCE,False
REC-AB5CD5577CC6B7A7,1.0,SYNTHETIC_LABEL_ONLY,1,SOURCE_TITLE_GROUNDED,1.0,NOT_REAL_MODEL_CONFIDENCE,False
REC-18719998ECA60175,1.0,SYNTHETIC_LABEL_ONLY,1,SOURCE_TITLE_GROUNDED,1.0,NOT_REAL_MODEL_CONFIDENCE,False
REC-89F3762838B24DDB,1.0,SYNTHETIC_LABEL_ONLY,1,SOURCE_TITLE_GROUNDED,1.0,NOT_REAL_MODEL_CONFIDENCE,False
REC-D53E8E66A6C4D6A9,1.0,SYNTHETIC_LABEL_ONLY,1,SOURCE_TITLE_GROUNDED,1.0,NOT_REAL_MODEL_CONFIDENCE,False
REC-56CA87AAA4E5729B,1.0,SYNTHETIC_LABEL_ONLY,1,SOURCE_TITLE_GROUNDED,1.0,NOT_REAL_MODEL_CONFIDENCE,False
REC-249797E6C64E2AB8,1.0,SYNTHETIC_LABEL_ONLY,1,SOURCE_TITLE_GROUNDED,1.0,NOT_REAL_MODEL_CONFIDENCE,False
REC-D238E6151376BB80,1.0,SYNTHETIC_LABEL_ONLY,1,SOURCE_TITLE_GROUNDED,1.0,NOT_REAL_MODEL_CONFIDENCE,False
REC-46406389AA48EE5E,1.0,SYNTHETIC_LABEL_ONLY,1,SOURCE_TITLE_GROUNDED,1.0,NOT_REAL_MODEL_CONFIDENCE,False
REC-FA2CE8394C053DD1,1.0,SYNTHETIC_LABEL_ONLY,1,SOURCE_TITLE_GROUNDED,1.0,NOT_REAL_MODEL_CONFIDENCE,False
REC-ECE842A9E299B74E,1.0,SYNTHETIC_LABEL_ONLY,1,SOURCE_TITLE_GROUNDED,1.0,NOT_REAL_MODEL_CONFIDENCE,False
REC-A65E868BC5B0B6B7,1.0,SYNTHETIC_LABEL_ONLY,1,SOURCE_TITLE_GROUNDED,1.0,NOT_REAL_MODEL_CONFIDENCE,False
REC-0C23A4035F28076A,1.0,SYNTHETIC_LABEL_ONLY,1,SOURCE_TITLE_GROUNDED,1.0,NOT_REAL_MODEL_CONFIDENCE,False
REC-FBA21F64E500BD26,1.0,SYNTHETIC_LABEL_ONLY,1,SOURCE_TITLE_GROUNDED,1.0,NOT_REAL_MODEL_CONFIDENCE,False
REC-7A5FC610BCDE6A17,1.0,SYNTHETIC_LABEL_ONLY,1,SOURCE_TITLE_GROUNDED,1.0,NOT_REAL_MODEL_CONFIDENCE,False
REC-2FAC984578EF9661,1.0,SYNTHETIC_LABEL_ONLY,1,SOURCE_TITLE_GROUNDED,1.0,NOT_REAL_MODEL_CONFIDENCE,False
REC-2BD894AAECBA5985,1.0,SYNTHETIC_LABEL_ONLY,1,SOURCE_TITLE_GROUNDED,1.0,NOT_REAL_MODEL_CONFIDENCE,False
REC-7D67D26B615C6F7E,1.0,SYNTHETIC_LABEL_ONLY,1,SOURCE_TITLE_GROUNDED,1.0,NOT_REAL_MODEL_CONFIDENCE,False
REC-0B3DDA8288A5E62B,1.0,SYNTHETIC_LABEL_ONLY,1,SOURCE_TITLE_GROUNDED,1.0,NOT_REAL_MODEL_CONFIDENCE,False
REC-873F067B9BBC729A,1.0,SYNTHETIC_LABEL_ONLY,1,SOURCE_TITLE_GROUNDED,1.0,NOT_REAL_MODEL_CONFIDENCE,False
REC-820A2DC4C7E31B85,1.0,SYNTHETIC_LABEL_ONLY,1,SOURCE_TITLE_GROUNDED,1.0,NOT_REAL_MODEL_CONFIDENCE,False
REC-5EE6BD083EC1C8F9,1.0,SYNTHETIC_LABEL_ONLY,1,SOURCE_TITLE_GROUNDED,1.0,NOT_REAL_MODEL_CONFIDENCE,False
REC-1F5F2ED4A38E335E,1.0,SYNTHETIC_LABEL_ONLY,1,SOURCE_TITLE_GROUNDED,1.0,NOT_REAL_MODEL_CONFIDENCE,False
REC-7A27015B974B4CF0,1.0,SYNTHETIC_LABEL_ONLY,1,SOURCE_TITLE_GROUNDED,1.0,NOT_REAL_MODEL_CONFIDENCE,False
REC-CB6C7E739B0779A1,1.0,SYNTHETIC_LABEL_ONLY,1,SOURCE_TITLE_GROUNDED,1.0,NOT_REAL_MODEL_CONFIDENCE,False
REC-05212D6354AAFD0B,1.0,SYNTHETIC_LABEL_ONLY,1,SOURCE_TITLE_GROUNDED,1.0,NOT_REAL_MODEL_CONFIDENCE,False
REC-C5C10F950D7CC8A4,1.0,SYNTHETIC_LABEL_ONLY,1,SOURCE_TITLE_GROUNDED,1.0,NOT_REAL_MODEL_CONFIDENCE,False
REC-142AB5025BA63370,1.0,SYNTHETIC_LABEL_ONLY,1,SOURCE_TITLE_GROUNDED,1.0,NOT_REAL_MODEL_CONFIDENCE,False
REC-26AF2E3A8D6C9112,1.0,SYNTHETIC_LABEL_ONLY,1,SOURCE_TITLE_GROUNDED,1.0,NOT_REAL_MODEL_CONFIDENCE,False
REC-1E34C33A4A8A5FBA,1.0,SYNTHETIC_LABEL_ONLY,1,SOURCE_TITLE_GROUNDED,1.0,NOT_REAL_MODEL_CONFIDENCE,False
REC-82D73F82FD8463E6,1.0,SYNTHETIC_LABEL_ONLY,1,SOURCE_TITLE_GROUNDED,1.0,NOT_REAL_MODEL_CONFIDENCE,False
REC-FE71D2AC3C4C4A88,1.0,SYNTHETIC_LABEL_ONLY,1,SOURCE_TITLE_GROUNDED,1.0,NOT_REAL_MODEL_CONFIDENCE,False
REC-FA349E4AA2273B7E,1.0,SYNTHETIC_LABEL_ONLY,1,SOURCE_TITLE_GROUNDED,1.0,NOT_REAL_MODEL_CONFIDENCE,False
REC-F6D9CA47A9C51232,1.0,SYNTHETIC_LABEL_ONLY,1,SOURCE_TITLE_GROUNDED,1.0,NOT_REAL_MODEL_CONFIDENCE,False
REC-CE208654D26A5F29,1.0,SYNTHETIC_LABEL_ONLY,1,SOURCE_TITLE_GROUNDED,1.0,NOT_REAL_MODEL_CONFIDENCE,False
REC-42D0E15E74BA682C,1.0,SYNTHETIC_LABEL_ONLY,1,SOURCE_TITLE_GROUNDED,1.0,NOT_REAL_MODEL_CONFIDENCE,False
REC-8848E0C85BB3A534,1.0,SYNTHETIC_LABEL_ONLY,1,SOURCE_TITLE_GROUNDED,1.0,NOT_REAL_MODEL_CONFIDENCE,False
REC-ADF6DA259DF8F9E7,1.0,SYNTHETIC_LABEL_ONLY,1,SOURCE_TITLE_GROUNDED,1.0,NOT_REAL_MODEL_CONFIDENCE,False
REC-667BB23A45B99BE8,1.0,SYNTHETIC_LABEL_ONLY,1,SOURCE_TITLE_GROUNDED,1.0,NOT_REAL_MODEL_CONFIDENCE,False
REC-49B3D413E7274D92,1.0,SYNTHETIC_LABEL_ONLY,1,SOURCE_TITLE_GROUNDED,1.0,NOT_REAL_MODEL_CONFIDENCE,False
REC-28928AACC7CD6B62,1.0,SYNTHETIC_LABEL_ONLY,1,SOURCE_TITLE_GROUNDED,1.0,NOT_REAL_MODEL_CONFIDENCE,False
REC-A720DE3ED2043E42,1.0,SYNTHETIC_LABEL_ONLY,1,SOURCE_TITLE_GROUNDED,1.0,NOT_REAL_MODEL_CONFIDENCE,False
REC-E2AB71F57196B471,1.0,SYNTHETIC_LABEL_ONLY,1,SOURCE_TITLE_GROUNDED,1.0,NOT_REAL_MODEL_CONFIDENCE,False
REC-A049B1C66F5CAA75,1.0,SYNTHETIC_LABEL_ONLY,1,SOURCE_TITLE_GROUNDED,1.0,NOT_REAL_MODEL_CONFIDENCE,False
REC-FFD9F5E3F664FF15,1.0,SYNTHETIC_LABEL_ONLY,1,SOURCE_TITLE_GROUNDED,1.0,NOT_REAL_MODEL_CONFIDENCE,False
REC-F4F9B6642687E75B,1.0,SYNTHETIC_LABEL_ONLY,1,SOURCE_TITLE_GROUNDED,1.0,NOT_REAL_MODEL_CONFIDENCE,False
REC-B003A86F4EA88575,1.0,SYNTHETIC_LABEL_ONLY,1,SOURCE_TITLE_GROUNDED,1.0,NOT_REAL_MODEL_CONFIDENCE,False
REC-5FF330E15E23B556,1.0,SYNTHETIC_LABEL_ONLY,1,SOURCE_TITLE_GROUNDED,1.0,NOT_REAL_MODEL_CONFIDENCE,False
REC-68EC815403B0DACA,1.0,SYNTHETIC_LABEL_ONLY,1,SOURCE_TITLE_GROUNDED,1.0,NOT_REAL_MODEL_CONFIDENCE,False
REC-5CAA1632BC595056,1.0,SYNTHETIC_LABEL_ONLY,1,SOURCE_TITLE_GROUNDED,1.0,NOT_REAL_MODEL_CONFIDENCE,False
REC-9BE8BEF06C47DA38,1.0,SYNTHETIC_LABEL_ONLY,1,SOURCE_TITLE_GROUNDED,1.0,NOT_REAL_MODEL_CONFIDENCE,False
REC-E9F7FD2406A1916B,1.0,SYNTHETIC_LABEL_ONLY,1,SOURCE_TITLE_GROUNDED,1.0,NOT_REAL_MODEL_CONFIDENCE,False
REC-7D5AEAD35B70A732,1.0,SYNTHETIC_LABEL_ONLY,1,SOURCE_TITLE_GROUNDED,1.0,NOT_REAL_MODEL_CONFIDENCE,False
REC-2146E9CD61DC7BC9,1.0,SYNTHETIC_LABEL_ONLY,1,SOURCE_TITLE_GROUNDED,1.0,NOT_REAL_MODEL_CONFIDENCE,False
REC-337BA3D76EE7B056,1.0,SYNTHETIC_LABEL_ONLY,1,SOURCE_TITLE_GROUNDED,1.0,NOT_REAL_MODEL_CONFIDENCE,False
REC-B126CA5BD051139F,1.0,SYNTHETIC_LABEL_ONLY,1,SOURCE_TITLE_GROUNDED,1.0,NOT_REAL_MODEL_CONFIDENCE,False
REC-9B42AB0E21DF58A9,1.0,SYNTHETIC_LABEL_ONLY,1,SOURCE_TITLE_GROUNDED,1.0,NOT_REAL_MODEL_CONFIDENCE,False
REC-AF399B15586518E4,1.0,SYNTHETIC_LABEL_ONLY,1,SOURCE_TITLE_GROUNDED,1.0,NOT_REAL_MODEL_CONFIDENCE,False
REC-C526DB66D995600B,1.0,SYNTHETIC_LABEL_ONLY,1,SOURCE_TITLE_GROUNDED,1.0,NOT_REAL_MODEL_CONFIDENCE,False
REC-0814AE0927A0E141,1.0,SYNTHETIC_LABEL_ONLY,1,SOURCE_TITLE_GROUNDED,1.0,NOT_REAL_MODEL_CONFIDENCE,False
REC-28EC28509841F932,1.0,SYNTHETIC_LABEL_ONLY,1,SOURCE_TITLE_GROUNDED,1.0,NOT_REAL_MODEL_CONFIDENCE,False
REC-27725DC2289ABA11,1.0,SYNTHETIC_LABEL_ONLY,1,SOURCE_TITLE_GROUNDED,1.0,NOT_REAL_MODEL_CONFIDENCE,False
REC-792A712371EA075B,1.0,SYNTHETIC_LABEL_ONLY,1,SOURCE_TITLE_GROUNDED,1.0,NOT_REAL_MODEL_CONFIDENCE,False
REC-9ECED8C0634DB2A8,1.0,SYNTHETIC_LABEL_ONLY,1,SOURCE_TITLE_GROUNDED,1.0,NOT_REAL_MODEL_CONFIDENCE,False
REC-8BE301F38797061C,1.0,SYNTHETIC_LABEL_ONLY,1,SOURCE_TITLE_GROUNDED,1.0,NOT_REAL_MODEL_CONFIDENCE,False
REC-D6864C5336016C3C,1.0,SYNTHETIC_LABEL_ONLY,1,SOURCE_TITLE_GROUNDED,1.0,NOT_REAL_MODEL_CONFIDENCE,False
REC-393C9A04C0DD957E,1.0,SYNTHETIC_LABEL_ONLY,1,SOURCE_TITLE_GROUNDED,1.0,NOT_REAL_MODEL_CONFIDENCE,False
REC-26CF89B668F6CAD3,1.0,SYNTHETIC_LABEL_ONLY,1,SOURCE_TITLE_GROUNDED,1.0,NOT_REAL_MODEL_CONFIDENCE,False
REC-8E42C72ACFFC2EB3,1.0,SYNTHETIC_LABEL_ONLY,1,SOURCE_TITLE_GROUNDED,1.0,NOT_REAL_MODEL_CONFIDENCE,False
REC-A781F9050FA0B776,1.0,SYNTHETIC_LABEL_ONLY,1,SOURCE_TITLE_GROUNDED,1.0,NOT_REAL_MODEL_CONFIDENCE,False
REC-CE442B27FCC7ECB6,1.0,SYNTHETIC_LABEL_ONLY,1,SOURCE_TITLE_GROUNDED,1.0,NOT_REAL_MODEL_CONFIDENCE,False
REC-22210665FCD6151C,1.0,SYNTHETIC_LABEL_ONLY,1,SOURCE_TITLE_GROUNDED,1.0,NOT_REAL_MODEL_CONFIDENCE,False
REC-C54186DB4CD801FF,1.0,SYNTHETIC_LABEL_ONLY,1,SOURCE_TITLE_GROUNDED,1.0,NOT_REAL_MODEL_CONFIDENCE,False
REC-97701E21FACCF04B,1.0,SYNTHETIC_LABEL_ONLY,1,SOURCE_TITLE_GROUNDED,1.0,NOT_REAL_MODEL_CONFIDENCE,False
REC-6CA8E58D6AC5E3F1,1.0,SYNTHETIC_LABEL_ONLY,1,SOURCE_TITLE_GROUNDED,1.0,NOT_REAL_MODEL_CONFIDENCE,False
REC-A0B393CB35B49CFD,1.0,SYNTHETIC_LABEL_ONLY,1,SOURCE_TITLE_GROUNDED,1.0,NOT_REAL_MODEL_CONFIDENCE,False
REC-D0CFE142D7A3AB20,1.0,SYNTHETIC_LABEL_ONLY,1,SOURCE_TITLE_GROUNDED,1.0,NOT_REAL_MODEL_CONFIDENCE,False
REC-85FBC6EEFEB153DC,1.0,SYNTHETIC_LABEL_ONLY,1,SOURCE_TITLE_GROUNDED,1.0,NOT_REAL_MODEL_CONFIDENCE,False
REC-D0DAD51BCB93928F,1.0,SYNTHETIC_LABEL_ONLY,1,SOURCE_TITLE_GROUNDED,1.0,NOT_REAL_MODEL_CONFIDENCE,False
REC-8F3E94248958F6D3,1.0,SYNTHETIC_LABEL_ONLY,1,SOURCE_TITLE_GROUNDED,1.0,NOT_REAL_MODEL_CONFIDENCE,False
REC-88C585A3F124932B,1.0,SYNTHETIC_LABEL_ONLY,1,SOURCE_TITLE_GROUNDED,1.0,NOT_REAL_MODEL_CONFIDENCE,False
REC-A34F34A00EC949A1,1.0,SYNTHETIC_LABEL_ONLY,1,SOURCE_TITLE_GROUNDED,1.0,NOT_REAL_MODEL_CONFIDENCE,False
REC-DFBBDCE192EFF261,1.0,SYNTHETIC_LABEL_ONLY,1,SOURCE_TITLE_GROUNDED,1.0,NOT_REAL_MODEL_CONFIDENCE,False
REC-FEF7B1527FF947D2,1.0,SYNTHETIC_LABEL_ONLY,1,SOURCE_TITLE_GROUNDED,1.0,NOT_REAL_MODEL_CONFIDENCE,False
REC-F7FC89850BA5B1BD,1.0,SYNTHETIC_LABEL_ONLY,1,SOURCE_TITLE_GROUNDED,1.0,NOT_REAL_MODEL_CONFIDENCE,False
REC-3190FFF5FA15267F,1.0,SYNTHETIC_LABEL_ONLY,1,SOURCE_TITLE_GROUNDED,1.0,NOT_REAL_MODEL_CONFIDENCE,False
REC-3A0982DC414F8A4E,1.0,SYNTHETIC_LABEL_ONLY,1,SOURCE_TITLE_GROUNDED,1.0,NOT_REAL_MODEL_CONFIDENCE,False
REC-06FA3CF570947F73,1.0,SYNTHETIC_LABEL_ONLY,1,SOURCE_TITLE_GROUNDED,1.0,NOT_REAL_MODEL_CONFIDENCE,False
REC-F8D7452FED5DFECA,1.0,SYNTHETIC_LABEL_ONLY,1,SOURCE_TITLE_GROUNDED,1.0,NOT_REAL_MODEL_CONFIDENCE,False
REC-E2649DB33F9F7DB6,1.0,SYNTHETIC_LABEL_ONLY,1,SOURCE_TITLE_GROUNDED,1.0,NOT_REAL_MODEL_CONFIDENCE,False
REC-2B8BFD595AC68257,1.0,SYNTHETIC_LABEL_ONLY,1,SOURCE_TITLE_GROUNDED,1.0,NOT_REAL_MODEL_CONFIDENCE,False
REC-CC86BC38568769AD,1.0,SYNTHETIC_LABEL_ONLY,1,SOURCE_TITLE_GROUNDED,1.0,NOT_REAL_MODEL_CONFIDENCE,False
REC-5CCE763E44AF37FB,1.0,SYNTHETIC_LABEL_ONLY,1,SOURCE_TITLE_GROUNDED,1.0,NOT_REAL_MODEL_CONFIDENCE,False
REC-D58BA027D679538A,1.0,SYNTHETIC_LABEL_ONLY,1,SOURCE_TITLE_GROUNDED,1.0,NOT_REAL_MODEL_CONFIDENCE,False
REC-019C0D1A24BE5495,1.0,SYNTHETIC_LABEL_ONLY,1,SOURCE_TITLE_GROUNDED,1.0,NOT_REAL_MODEL_CONFIDENCE,False
REC-FA143B3BA2C4ADDA,1.0,SYNTHETIC_LABEL_ONLY,1,SOURCE_TITLE_GROUNDED,1.0,NOT_REAL_MODEL_CONFIDENCE,False
REC-43F62AB35AACC478,1.0,SYNTHETIC_LABEL_ONLY,1,SOURCE_TITLE_GROUNDED,1.0,NOT_REAL_MODEL_CONFIDENCE,False
REC-CF2E8DC4BD331273,1.0,SYNTHETIC_LABEL_ONLY,1,SOURCE_TITLE_GROUNDED,1.0,NOT_REAL_MODEL_CONFIDENCE,False
REC-1EB049BCCA133A15,1.0,SYNTHETIC_LABEL_ONLY,1,SOURCE_TITLE_GROUNDED,1.0,NOT_REAL_MODEL_CONFIDENCE,False
REC-EDAB19D6177D3235,1.0,SYNTHETIC_LABEL_ONLY,1,SOURCE_TITLE_GROUNDED,1.0,NOT_REAL_MODEL_CONFIDENCE,False
REC-EA2E34095E7E85B2,1.0,SYNTHETIC_LABEL_ONLY,1,SOURCE_TITLE_GROUNDED,1.0,NOT_REAL_MODEL_CONFIDENCE,False
REC-D09C7B6E3DF4594F,1.0,SYNTHETIC_LABEL_ONLY,1,SOURCE_TITLE_GROUNDED,1.0,NOT_REAL_MODEL_CONFIDENCE,False
REC-10E3984849322B66,1.0,SYNTHETIC_LABEL_ONLY,1,SOURCE_TITLE_GROUNDED,1.0,NOT_REAL_MODEL_CONFIDENCE,False
REC-77A9EB4F170F6271,1.0,SYNTHETIC_LABEL_ONLY,1,SOURCE_TITLE_GROUNDED,1.0,NOT_REAL_MODEL_CONFIDENCE,False
REC-4FE64D9D157F2751,1.0,SYNTHETIC_LABEL_ONLY,1,SOURCE_TITLE_GROUNDED,1.0,NOT_REAL_MODEL_CONFIDENCE,False
REC-325347312B5D7A7C,1.0,SYNTHETIC_LABEL_ONLY,1,SOURCE_TITLE_GROUNDED,1.0,NOT_REAL_MODEL_CONFIDENCE,False
REC-DECC12CC6BFD48AD,1.0,SYNTHETIC_LABEL_ONLY,1,SOURCE_TITLE_GROUNDED,1.0,NOT_REAL_MODEL_CONFIDENCE,False
REC-927C37A036556190,1.0,SYNTHETIC_LABEL_ONLY,1,SOURCE_TITLE_GROUNDED,1.0,NOT_REAL_MODEL_CONFIDENCE,False
REC-CA63604DC89A5671,1.0,SYNTHETIC_LABEL_ONLY,1,SOURCE_TITLE_GROUNDED,1.0,NOT_REAL_MODEL_CONFIDENCE,False
REC-5B5D0DC374A77A94,1.0,SYNTHETIC_LABEL_ONLY,1,SOURCE_TITLE_GROUNDED,1.0,NOT_REAL_MODEL_CONFIDENCE,False
REC-B1A7F97F703E50C3,1.0,SYNTHETIC_LABEL_ONLY,1,SOURCE_TITLE_GROUNDED,1.0,NOT_REAL_MODEL_CONFIDENCE,False
REC-61E9F4E5A1B93C06,1.0,SYNTHETIC_LABEL_ONLY,1,SOURCE_TITLE_GROUNDED,1.0,NOT_REAL_MODEL_CONFIDENCE,False
REC-8ADA8AFFF88953F7,1.0,SYNTHETIC_LABEL_ONLY,1,SOURCE_TITLE_GROUNDED,1.0,NOT_REAL_MODEL_CONFIDENCE,False
REC-979017879776B767,1.0,SYNTHETIC_LABEL_ONLY,1,SOURCE_TITLE_GROUNDED,1.0,NOT_REAL_MODEL_CONFIDENCE,False
REC-DB5EB2DF774EED35,1.0,SYNTHETIC_LABEL_ONLY,1,SOURCE_TITLE_GROUNDED,1.0,NOT_REAL_MODEL_CONFIDENCE,False
REC-4704244332E94D0A,1.0,SYNTHETIC_LABEL_ONLY,1,SOURCE_TITLE_GROUNDED,1.0,NOT_REAL_MODEL_CONFIDENCE,False
REC-C12C34C828F0C5F7,1.0,SYNTHETIC_LABEL_ONLY,1,SOURCE_TITLE_GROUNDED,1.0,NOT_REAL_MODEL_CONFIDENCE,False
REC-750F832DE5B982C7,1.0,SYNTHETIC_LABEL_ONLY,1,SOURCE_TITLE_GROUNDED,1.0,NOT_REAL_MODEL_CONFIDENCE,False
REC-65EDA3FAA0C6AE4E,1.0,SYNTHETIC_LABEL_ONLY,1,SOURCE_TITLE_GROUNDED,1.0,NOT_REAL_MODEL_CONFIDENCE,False
REC-66596BF223243688,1.0,SYNTHETIC_LABEL_ONLY,1,SOURCE_TITLE_GROUNDED,1.0,NOT_REAL_MODEL_CONFIDENCE,False
REC-E352A0F396B0A678,1.0,SYNTHETIC_LABEL_ONLY,1,SOURCE_TITLE_GROUNDED,1.0,NOT_REAL_MODEL_CONFIDENCE,False
REC-96610E335CF17075,1.0,SYNTHETIC_LABEL_ONLY,1,SOURCE_TITLE_GROUNDED,1.0,NOT_REAL_MODEL_CONFIDENCE,False
REC-8DA5C4E3B85F752D,1.0,SYNTHETIC_LABEL_ONLY,1,SOURCE_TITLE_GROUNDED,1.0,NOT_REAL_MODEL_CONFIDENCE,False
REC-C71137782F12DD4B,1.0,SYNTHETIC_LABEL_ONLY,1,SOURCE_TITLE_GROUNDED,1.0,NOT_REAL_MODEL_CONFIDENCE,False
REC-39DC18FB34B71165,1.0,SYNTHETIC_LABEL_ONLY,1,SOURCE_TITLE_GROUNDED,1.0,NOT_REAL_MODEL_CONFIDENCE,False
REC-0BC4359CBE0FB18E,1.0,SYNTHETIC_LABEL_ONLY,1,SOURCE_TITLE_GROUNDED,1.0,NOT_REAL_MODEL_CONFIDENCE,False
REC-B9F63A16FB9158C5,1.0,SYNTHETIC_LABEL_ONLY,1,SOURCE_TITLE_GROUNDED,1.0,NOT_REAL_MODEL_CONFIDENCE,False
REC-BB6D9AA741A94CDE,1.0,SYNTHETIC_LABEL_ONLY,1,SOURCE_TITLE_GROUNDED,1.0,NOT_REAL_MODEL_CONFIDENCE,False
REC-3E439D02EE336776,1.0,SYNTHETIC_LABEL_ONLY,1,SOURCE_TITLE_GROUNDED,1.0,NOT_REAL_MODEL_CONFIDENCE,False
REC-F2437D7BD7E479CD,1.0,SYNTHETIC_LABEL_ONLY,1,SOURCE_TITLE_GROUNDED,1.0,NOT_REAL_MODEL_CONFIDENCE,False
REC-3D7325D363ED179E,1.0,SYNTHETIC_LABEL_ONLY,1,SOURCE_TITLE_GROUNDED,1.0,NOT_REAL_MODEL_CONFIDENCE,False
REC-AE58E0D01D55B9D5,1.0,SYNTHETIC_LABEL_ONLY,1,SOURCE_TITLE_GROUNDED,1.0,NOT_REAL_MODEL_CONFIDENCE,False
REC-3F3A2742354F9453,1.0,SYNTHETIC_LABEL_ONLY,1,SOURCE_TITLE_GROUNDED,1.0,NOT_REAL_MODEL_CONFIDENCE,False
REC-EA1F085FBCE542A4,1.0,SYNTHETIC_LABEL_ONLY,1,SOURCE_TITLE_GROUNDED,1.0,NOT_REAL_MODEL_CONFIDENCE,False
REC-907DC8480C6C54FC,1.0,SYNTHETIC_LABEL_ONLY,1,SOURCE_TITLE_GROUNDED,1.0,NOT_REAL_MODEL_CONFIDENCE,False
REC-3EBF4FC9A4E1BCC8,1.0,SYNTHETIC_LABEL_ONLY,1,SOURCE_TITLE_GROUNDED,1.0,NOT_REAL_MODEL_CONFIDENCE,False
REC-E8704DB2830CEA7A,1.0,SYNTHETIC_LABEL_ONLY,1,SOURCE_TITLE_GROUNDED,1.0,NOT_REAL_MODEL_CONFIDENCE,False
REC-40389E71A58B31F4,1.0,SYNTHETIC_LABEL_ONLY,1,SOURCE_TITLE_GROUNDED,1.0,NOT_REAL_MODEL_CONFIDENCE,False
REC-619F29F9ACCF593E,1.0,SYNTHETIC_LABEL_ONLY,1,SOURCE_TITLE_GROUNDED,1.0,NOT_REAL_MODEL_CONFIDENCE,False
REC-1E5CCA74802F9B63,1.0,SYNTHETIC_LABEL_ONLY,1,SOURCE_TITLE_GROUNDED,1.0,NOT_REAL_MODEL_CONFIDENCE,False
REC-97AFF99B6DA6DF6D,1.0,SYNTHETIC_LABEL_ONLY,1,SOURCE_TITLE_GROUNDED,1.0,NOT_REAL_MODEL_CONFIDENCE,False
REC-EC2D6067BBD82AAC,1.0,SYNTHETIC_LABEL_ONLY,1,SOURCE_TITLE_GROUNDED,1.0,NOT_REAL_MODEL_CONFIDENCE,False
REC-1A38EA9B131DD184,1.0,SYNTHETIC_LABEL_ONLY,1,SOURCE_TITLE_GROUNDED,1.0,NOT_REAL_MODEL_CONFIDENCE,False
REC-ECA024E1D8754CAE,1.0,SYNTHETIC_LABEL_ONLY,1,SOURCE_TITLE_GROUNDED,1.0,NOT_REAL_MODEL_CONFIDENCE,False
REC-772D6261C22E9760,1.0,SYNTHETIC_LABEL_ONLY,1,SOURCE_TITLE_GROUNDED,1.0,NOT_REAL_MODEL_CONFIDENCE,False
REC-5052D4F85C17E292,1.0,SYNTHETIC_LABEL_ONLY,1,SOURCE_TITLE_GROUNDED,1.0,NOT_REAL_MODEL_CONFIDENCE,False
REC-A05A8CEFE6A5B38F,1.0,SYNTHETIC_LABEL_ONLY,1,SOURCE_TITLE_GROUNDED,1.0,NOT_REAL_MODEL_CONFIDENCE,False
REC-4F53CC2BCB4A6569,1.0,SYNTHETIC_LABEL_ONLY,1,SOURCE_TITLE_GROUNDED,1.0,NOT_REAL_MODEL_CONFIDENCE,False
REC-5D46C2BE55E4E6B8,1.0,SYNTHETIC_LABEL_ONLY,1,SOURCE_TITLE_GROUNDED,1.0,NOT_REAL_MODEL_CONFIDENCE,False
REC-CD4341A3AD4BFA11,1.0,SYNTHETIC_LABEL_ONLY,1,SOURCE_TITLE_GROUNDED,1.0,NOT_REAL_MODEL_CONFIDENCE,False
REC-85CC039BABE1FC07,1.0,SYNTHETIC_LABEL_ONLY,1,SOURCE_TITLE_GROUNDED,1.0,NOT_REAL_MODEL_CONFIDENCE,False
REC-8418CD27BFA09EE3,1.0,SYNTHETIC_LABEL_ONLY,1,SOURCE_TITLE_GROUNDED,1.0,NOT_REAL_MODEL_CONFIDENCE,False
REC-BF023F1F3B25F187,1.0,SYNTHETIC_LABEL_ONLY,1,SOURCE_TITLE_GROUNDED,1.0,NOT_REAL_MODEL_CONFIDENCE,False
REC-9E5C8C14250E54CA,1.0,SYNTHETIC_LABEL_ONLY,1,SOURCE_TITLE_GROUNDED,1.0,NOT_REAL_MODEL_CONFIDENCE,False
REC-4C42382E278FE529,1.0,SYNTHETIC_LABEL_ONLY,1,SOURCE_TITLE_GROUNDED,1.0,NOT_REAL_MODEL_CONFIDENCE,False
REC-7BF4626102331478,1.0,SYNTHETIC_LABEL_ONLY,1,SOURCE_TITLE_GROUNDED,1.0,NOT_REAL_MODEL_CONFIDENCE,False
REC-4C7A09448A7FD312,1.0,SYNTHETIC_LABEL_ONLY,1,SOURCE_TITLE_GROUNDED,1.0,NOT_REAL_MODEL_CONFIDENCE,False
REC-A724BBF0445E9F6C,1.0,SYNTHETIC_LABEL_ONLY,1,SOURCE_TITLE_GROUNDED,1.0,NOT_REAL_MODEL_CONFIDENCE,False
REC-33ADB528DE69AE55,1.0,SYNTHETIC_LABEL_ONLY,1,SOURCE_TITLE_GROUNDED,1.0,NOT_REAL_MODEL_CONFIDENCE,False
REC-BF41ECD5983705CA,1.0,SYNTHETIC_LABEL_ONLY,1,SOURCE_TITLE_GROUNDED,1.0,NOT_REAL_MODEL_CONFIDENCE,False
REC-2C30B02347992E2E,1.0,SYNTHETIC_LABEL_ONLY,1,SOURCE_TITLE_GROUNDED,1.0,NOT_REAL_MODEL_CONFIDENCE,False
REC-3B8BE0C3E24079E2,1.0,SYNTHETIC_LABEL_ONLY,1,SOURCE_TITLE_GROUNDED,1.0,NOT_REAL_MODEL_CONFIDENCE,False
REC-230FF134AF75281B,1.0,SYNTHETIC_LABEL_ONLY,1,SOURCE_TITLE_GROUNDED,1.0,NOT_REAL_MODEL_CONFIDENCE,False
REC-44FC34CBC7DCEAF1,1.0,SYNTHETIC_LABEL_ONLY,1,SOURCE_TITLE_GROUNDED,1.0,NOT_REAL_MODEL_CONFIDENCE,False
REC-F9E9228DEAD40E72,1.0,SYNTHETIC_LABEL_ONLY,1,SOURCE_TITLE_GROUNDED,1.0,NOT_REAL_MODEL_CONFIDENCE,False
REC-AC1DAC040E8316AB,1.0,SYNTHETIC_LABEL_ONLY,1,SOURCE_TITLE_GROUNDED,1.0,NOT_REAL_MODEL_CONFIDENCE,False
REC-718A626390329135,1.0,SYNTHETIC_LABEL_ONLY,1,SOURCE_TITLE_GROUNDED,1.0,NOT_REAL_MODEL_CONFIDENCE,False
REC-F734ECA41D51259A,1.0,SYNTHETIC_LABEL_ONLY,1,SOURCE_TITLE_GROUNDED,1.0,NOT_REAL_MODEL_CONFIDENCE,False
REC-E891D90B8304515C,1.0,SYNTHETIC_LABEL_ONLY,1,SOURCE_TITLE_GROUNDED,1.0,NOT_REAL_MODEL_CONFIDENCE,False
REC-A2A949FEE27E82AF,1.0,SYNTHETIC_LABEL_ONLY,1,SOURCE_TITLE_GROUNDED,1.0,NOT_REAL_MODEL_CONFIDENCE,False
REC-545D1A53A56A565F,1.0,SYNTHETIC_LABEL_ONLY,1,SOURCE_TITLE_GROUNDED,1.0,NOT_REAL_MODEL_CONFIDENCE,False
REC-CD934E99F68C11C4,1.0,SYNTHETIC_LABEL_ONLY,1,SOURCE_TITLE_GROUNDED,1.0,NOT_REAL_MODEL_CONFIDENCE,False
REC-3D4327CA2AAB1384,1.0,SYNTHETIC_LABEL_ONLY,1,SOURCE_TITLE_GROUNDED,1.0,NOT_REAL_MODEL_CONFIDENCE,False
REC-9D689D263338EDA1,1.0,SYNTHETIC_LABEL_ONLY,1,SOURCE_TITLE_GROUNDED,1.0,NOT_REAL_MODEL_CONFIDENCE,False
REC-3416525673F23FF5,1.0,SYNTHETIC_LABEL_ONLY,1,SOURCE_TITLE_GROUNDED,1.0,NOT_REAL_MODEL_CONFIDENCE,False
REC-1BACB7ED1CA1F8ED,1.0,SYNTHETIC_LABEL_ONLY,1,SOURCE_TITLE_GROUNDED,1.0,NOT_REAL_MODEL_CONFIDENCE,False
REC-CAF3FC3BE313D566,1.0,SYNTHETIC_LABEL_ONLY,1,SOURCE_TITLE_GROUNDED,1.0,NOT_REAL_MODEL_CONFIDENCE,False
REC-AEEBD91497BB4047,1.0,SYNTHETIC_LABEL_ONLY,1,SOURCE_TITLE_GROUNDED,1.0,NOT_REAL_MODEL_CONFIDENCE,False
REC-D261418A222C567A,1.0,SYNTHETIC_LABEL_ONLY,1,SOURCE_TITLE_GROUNDED,1.0,NOT_REAL_MODEL_CONFIDENCE,False
REC-9EFEDCD2CE0E0CF2,1.0,SYNTHETIC_LABEL_ONLY,1,SOURCE_TITLE_GROUNDED,1.0,NOT_REAL_MODEL_CONFIDENCE,False
REC-6EAC247710DE6353,1.0,SYNTHETIC_LABEL_ONLY,1,SOURCE_TITLE_GROUNDED,1.0,NOT_REAL_MODEL_CONFIDENCE,False
REC-D79798C1FB7BD324,1.0,SYNTHETIC_LABEL_ONLY,1,SOURCE_TITLE_GROUNDED,1.0,NOT_REAL_MODEL_CONFIDENCE,False
REC-9BAF3230D30BF270,1.0,SYNTHETIC_LABEL_ONLY,1,SOURCE_TITLE_GROUNDED,1.0,NOT_REAL_MODEL_CONFIDENCE,False
REC-D9B69938E4018C6A,1.0,SYNTHETIC_LABEL_ONLY,1,SOURCE_TITLE_GROUNDED,1.0,NOT_REAL_MODEL_CONFIDENCE,False
REC-206DD427CDBCB773,1.0,SYNTHETIC_LABEL_ONLY,1,SOURCE_TITLE_GROUNDED,1.0,NOT_REAL_MODEL_CONFIDENCE,False
REC-CC22DA1B453F32B6,1.0,SYNTHETIC_LABEL_ONLY,1,SOURCE_TITLE_GROUNDED,1.0,NOT_REAL_MODEL_CONFIDENCE,False
REC-E823A9CDC51E03F8,1.0,SYNTHETIC_LABEL_ONLY,1,SOURCE_TITLE_GROUNDED,1.0,NOT_REAL_MODEL_CONFIDENCE,False
REC-6E4CB9DDA0500BA1,1.0,SYNTHETIC_LABEL_ONLY,1,SOURCE_TITLE_GROUNDED,1.0,NOT_REAL_MODEL_CONFIDENCE,False
REC-4CD7EC6EDCA64FC9,1.0,SYNTHETIC_LABEL_ONLY,1,SOURCE_TITLE_GROUNDED,1.0,NOT_REAL_MODEL_CONFIDENCE,False
REC-514AF31326F6E70F,1.0,SYNTHETIC_LABEL_ONLY,1,SOURCE_TITLE_GROUNDED,1.0,NOT_REAL_MODEL_CONFIDENCE,False
REC-224C4737A015FE7D,1.0,SYNTHETIC_LABEL_ONLY,1,SOURCE_TITLE_GROUNDED,1.0,NOT_REAL_MODEL_CONFIDENCE,False
REC-115D0E76B461F4C0,1.0,SYNTHETIC_LABEL_ONLY,1,SOURCE_TITLE_GROUNDED,1.0,NOT_REAL_MODEL_CONFIDENCE,False
REC-2E701BA7048E43D0,1.0,SYNTHETIC_LABEL_ONLY,1,SOURCE_TITLE_GROUNDED,1.0,NOT_REAL_MODEL_CONFIDENCE,False
REC-A34EDDD51CD88D33,1.0,SYNTHETIC_LABEL_ONLY,1,SOURCE_TITLE_GROUNDED,1.0,NOT_REAL_MODEL_CONFIDENCE,False
REC-9F4CC813E2264D66,1.0,SYNTHETIC_LABEL_ONLY,1,SOURCE_TITLE_GROUNDED,1.0,NOT_REAL_MODEL_CONFIDENCE,False
REC-223CAFFE04A63A19,1.0,SYNTHETIC_LABEL_ONLY,1,SOURCE_TITLE_GROUNDED,1.0,NOT_REAL_MODEL_CONFIDENCE,False
REC-C75CC655C3661D84,1.0,SYNTHETIC_LABEL_ONLY,1,SOURCE_TITLE_GROUNDED,1.0,NOT_REAL_MODEL_CONFIDENCE,False
REC-EF9F9B9C01175C32,1.0,SYNTHETIC_LABEL_ONLY,1,SOURCE_TITLE_GROUNDED,1.0,NOT_REAL_MODEL_CONFIDENCE,False
REC-2CBA7A7DCFD95F7B,1.0,SYNTHETIC_LABEL_ONLY,1,SOURCE_TITLE_GROUNDED,1.0,NOT_REAL_MODEL_CONFIDENCE,False
REC-2D39C3FDCD28C8E4,1.0,SYNTHETIC_LABEL_ONLY,1,SOURCE_TITLE_GROUNDED,1.0,NOT_REAL_MODEL_CONFIDENCE,False
REC-1BEAAAA549EDA20F,1.0,SYNTHETIC_LABEL_ONLY,1,SOURCE_TITLE_GROUNDED,1.0,NOT_REAL_MODEL_CONFIDENCE,False
REC-15AC456E66AECFC7,1.0,SYNTHETIC_LABEL_ONLY,1,SOURCE_TITLE_GROUNDED,1.0,NOT_REAL_MODEL_CONFIDENCE,False
REC-4EC9EF8A51B07D58,1.0,SYNTHETIC_LABEL_ONLY,1,SOURCE_TITLE_GROUNDED,1.0,NOT_REAL_MODEL_CONFIDENCE,False
REC-02A025494131F7D7,1.0,SYNTHETIC_LABEL_ONLY,1,SOURCE_TITLE_GROUNDED,1.0,NOT_REAL_MODEL_CONFIDENCE,False
REC-2230EDE56FCA98CE,1.0,SYNTHETIC_LABEL_ONLY,1,SOURCE_TITLE_GROUNDED,1.0,NOT_REAL_MODEL_CONFIDENCE,False
REC-E7415B30241D1052,1.0,SYNTHETIC_LABEL_ONLY,1,SOURCE_TITLE_GROUNDED,1.0,NOT_REAL_MODEL_CONFIDENCE,False
REC-2AC6013C51CEC616,1.0,SYNTHETIC_LABEL_ONLY,1,SOURCE_TITLE_GROUNDED,1.0,NOT_REAL_MODEL_CONFIDENCE,False
REC-7E3473F714E8B419,1.0,SYNTHETIC_LABEL_ONLY,1,SOURCE_TITLE_GROUNDED,1.0,NOT_REAL_MODEL_CONFIDENCE,False
REC-9EC8235FED18537F,1.0,SYNTHETIC_LABEL_ONLY,1,SOURCE_TITLE_GROUNDED,1.0,NOT_REAL_MODEL_CONFIDENCE,False
REC-3522B5592BD580A9,1.0,SYNTHETIC_LABEL_ONLY,1,SOURCE_TITLE_GROUNDED,1.0,NOT_REAL_MODEL_CONFIDENCE,False
REC-49213862724F60D0,1.0,SYNTHETIC_LABEL_ONLY,1,SOURCE_TITLE_GROUNDED,1.0,NOT_REAL_MODEL_CONFIDENCE,False
REC-EC8D3BB78BA2C79C,1.0,SYNTHETIC_LABEL_ONLY,1,SOURCE_TITLE_GROUNDED,1.0,NOT_REAL_MODEL_CONFIDENCE,False
REC-ED22C41B346522AA,1.0,SYNTHETIC_LABEL_ONLY,1,SOURCE_TITLE_GROUNDED,1.0,NOT_REAL_MODEL_CONFIDENCE,False
REC-E1C417F92D687C6C,1.0,SYNTHETIC_LABEL_ONLY,1,SOURCE_TITLE_GROUNDED,1.0,NOT_REAL_MODEL_CONFIDENCE,False
REC-7ED1E1F933930363,1.0,SYNTHETIC_LABEL_ONLY,1,SOURCE_TITLE_GROUNDED,1.0,NOT_REAL_MODEL_CONFIDENCE,False
REC-AC5E2D3498F9B145,1.0,SYNTHETIC_LABEL_ONLY,1,SOURCE_TITLE_GROUNDED,1.0,NOT_REAL_MODEL_CONFIDENCE,False
REC-A34F8368EFE3ACC8,1.0,SYNTHETIC_LABEL_ONLY,1,SOURCE_TITLE_GROUNDED,1.0,NOT_REAL_MODEL_CONFIDENCE,False
REC-860B805DBD06EE1A,1.0,SYNTHETIC_LABEL_ONLY,1,SOURCE_TITLE_GROUNDED,1.0,NOT_REAL_MODEL_CONFIDENCE,False
REC-1D5F79A74B5CF394,1.0,SYNTHETIC_LABEL_ONLY,1,SOURCE_TITLE_GROUNDED,1.0,NOT_REAL_MODEL_CONFIDENCE,False
REC-20D5B76A8CEC5D9C,1.0,SYNTHETIC_LABEL_ONLY,1,SOURCE_TITLE_GROUNDED,1.0,NOT_REAL_MODEL_CONFIDENCE,False
REC-5097AFE9FAB74F91,1.0,SYNTHETIC_LABEL_ONLY,1,SOURCE_TITLE_GROUNDED,1.0,NOT_REAL_MODEL_CONFIDENCE,False
REC-DBAC11DA205E9F32,1.0,SYNTHETIC_LABEL_ONLY,1,SOURCE_TITLE_GROUNDED,1.0,NOT_REAL_MODEL_CONFIDENCE,False
REC-8368DF690D9177FE,1.0,SYNTHETIC_LABEL_ONLY,1,SOURCE_TITLE_GROUNDED,1.0,NOT_REAL_MODEL_CONFIDENCE,False
REC-6FC5F7DF0FF7366C,1.0,SYNTHETIC_LABEL_ONLY,1,SOURCE_TITLE_GROUNDED,1.0,NOT_REAL_MODEL_CONFIDENCE,False
REC-0244B3FB7B5F29DC,1.0,SYNTHETIC_LABEL_ONLY,1,SOURCE_TITLE_GROUNDED,1.0,NOT_REAL_MODEL_CONFIDENCE,False
REC-BA976BE3413335D3,1.0,SYNTHETIC_LABEL_ONLY,1,SOURCE_TITLE_GROUNDED,1.0,NOT_REAL_MODEL_CONFIDENCE,False
REC-FB62F91DB1390DE9,1.0,SYNTHETIC_LABEL_ONLY,1,SOURCE_TITLE_GROUNDED,1.0,NOT_REAL_MODEL_CONFIDENCE,False
REC-FDA2A2EE2CB7D911,1.0,SYNTHETIC_LABEL_ONLY,1,SOURCE_TITLE_GROUNDED,1.0,NOT_REAL_MODEL_CONFIDENCE,False
REC-F6F63BCC603D19D5,1.0,SYNTHETIC_LABEL_ONLY,1,SOURCE_TITLE_GROUNDED,1.0,NOT_REAL_MODEL_CONFIDENCE,False
REC-8834F168CE78077B,1.0,SYNTHETIC_LABEL_ONLY,1,SOURCE_TITLE_GROUNDED,1.0,NOT_REAL_MODEL_CONFIDENCE,False
REC-15116D710E739D78,1.0,SYNTHETIC_LABEL_ONLY,1,SOURCE_TITLE_GROUNDED,1.0,NOT_REAL_MODEL_CONFIDENCE,False
REC-6B26CAFC81A9F95E,1.0,SYNTHETIC_LABEL_ONLY,1,SOURCE_TITLE_GROUNDED,1.0,NOT_REAL_MODEL_CONFIDENCE,False
REC-C74BA74439EFB142,1.0,SYNTHETIC_LABEL_ONLY,1,SOURCE_TITLE_GROUNDED,1.0,NOT_REAL_MODEL_CONFIDENCE,False
REC-0132A6BD05ED1D4B,1.0,SYNTHETIC_LABEL_ONLY,1,SOURCE_TITLE_GROUNDED,1.0,NOT_REAL_MODEL_CONFIDENCE,False
REC-3945A63D4E7241C0,1.0,SYNTHETIC_LABEL_ONLY,1,SOURCE_TITLE_GROUNDED,1.0,NOT_REAL_MODEL_CONFIDENCE,False
REC-8D752DDDD09B2B10,1.0,SYNTHETIC_LABEL_ONLY,1,SOURCE_TITLE_GROUNDED,1.0,NOT_REAL_MODEL_CONFIDENCE,False
REC-159F179AB8E3CDA7,1.0,SYNTHETIC_LABEL_ONLY,1,SOURCE_TITLE_GROUNDED,1.0,NOT_REAL_MODEL_CONFIDENCE,False
REC-08536DD86E546E26,1.0,SYNTHETIC_LABEL_ONLY,1,SOURCE_TITLE_GROUNDED,1.0,NOT_REAL_MODEL_CONFIDENCE,False
REC-AC010BA738D36C77,1.0,SYNTHETIC_LABEL_ONLY,1,SOURCE_TITLE_GROUNDED,1.0,NOT_REAL_MODEL_CONFIDENCE,False
REC-A1CA81B615D3CAC5,1.0,SYNTHETIC_LABEL_ONLY,1,SOURCE_TITLE_GROUNDED,1.0,NOT_REAL_MODEL_CONFIDENCE,False
REC-E783DE78A5FF8926,1.0,SYNTHETIC_LABEL_ONLY,1,SOURCE_TITLE_GROUNDED,1.0,NOT_REAL_MODEL_CONFIDENCE,False
REC-BF838B4604C12941,1.0,SYNTHETIC_LABEL_ONLY,1,SOURCE_TITLE_GROUNDED,1.0,NOT_REAL_MODEL_CONFIDENCE,False
REC-93C9F585A0D81965,1.0,SYNTHETIC_LABEL_ONLY,1,SOURCE_TITLE_GROUNDED,1.0,NOT_REAL_MODEL_CONFIDENCE,False
REC-C6C5FC133D9C73B5,1.0,SYNTHETIC_LABEL_ONLY,1,SOURCE_TITLE_GROUNDED,1.0,NOT_REAL_MODEL_CONFIDENCE,False
REC-F5DD78440E484D62,1.0,SYNTHETIC_LABEL_ONLY,1,SOURCE_TITLE_GROUNDED,1.0,NOT_REAL_MODEL_CONFIDENCE,False
REC-D9528ECCEBF1C221,1.0,SYNTHETIC_LABEL_ONLY,1,SOURCE_TITLE_GROUNDED,1.0,NOT_REAL_MODEL_CONFIDENCE,False
REC-5C68E6D02D6308F3,1.0,SYNTHETIC_LABEL_ONLY,1,SOURCE_TITLE_GROUNDED,1.0,NOT_REAL_MODEL_CONFIDENCE,False
REC-571120CC4AC03A63,1.0,SYNTHETIC_LABEL_ONLY,1,SOURCE_TITLE_GROUNDED,1.0,NOT_REAL_MODEL_CONFIDENCE,False
REC-9710C7FD20A54459,1.0,SYNTHETIC_LABEL_ONLY,1,SOURCE_TITLE_GROUNDED,1.0,NOT_REAL_MODEL_CONFIDENCE,False
REC-A3723FB652BBE1C2,1.0,SYNTHETIC_LABEL_ONLY,1,SOURCE_TITLE_GROUNDED,1.0,NOT_REAL_MODEL_CONFIDENCE,False
REC-26DEFD769253E652,1.0,SYNTHETIC_LABEL_ONLY,1,SOURCE_TITLE_GROUNDED,1.0,NOT_REAL_MODEL_CONFIDENCE,False
REC-8CD8D5BCD46451C9,1.0,SYNTHETIC_LABEL_ONLY,1,SOURCE_TITLE_GROUNDED,1.0,NOT_REAL_MODEL_CONFIDENCE,False
REC-8E34658415EEB30D,1.0,SYNTHETIC_LABEL_ONLY,1,SOURCE_TITLE_GROUNDED,1.0,NOT_REAL_MODEL_CONFIDENCE,False
REC-19F2F02B81C82AC9,1.0,SYNTHETIC_LABEL_ONLY,1,SOURCE_TITLE_GROUNDED,1.0,NOT_REAL_MODEL_CONFIDENCE,False
REC-3B5D1B13787E095B,1.0,SYNTHETIC_LABEL_ONLY,1,SOURCE_TITLE_GROUNDED,1.0,NOT_REAL_MODEL_CONFIDENCE,False
REC-D5DCE3283BE6A746,1.0,SYNTHETIC_LABEL_ONLY,1,SOURCE_TITLE_GROUNDED,1.0,NOT_REAL_MODEL_CONFIDENCE,False
REC-09DE7B043653FA99,1.0,SYNTHETIC_LABEL_ONLY,1,SOURCE_TITLE_GROUNDED,1.0,NOT_REAL_MODEL_CONFIDENCE,False
REC-B7A40DD97F25AE4C,1.0,SYNTHETIC_LABEL_ONLY,1,SOURCE_TITLE_GROUNDED,1.0,NOT_REAL_MODEL_CONFIDENCE,False
REC-44EB63095A21E84D,1.0,SYNTHETIC_LABEL_ONLY,1,SOURCE_TITLE_GROUNDED,1.0,NOT_REAL_MODEL_CONFIDENCE,False
REC-C11111A6B6AE8D7B,1.0,SYNTHETIC_LABEL_ONLY,1,SOURCE_TITLE_GROUNDED,1.0,NOT_REAL_MODEL_CONFIDENCE,False
REC-9DCAF9481B04C617,1.0,SYNTHETIC_LABEL_ONLY,1,SOURCE_TITLE_GROUNDED,1.0,NOT_REAL_MODEL_CONFIDENCE,False
REC-20D84107E00CAA17,1.0,SYNTHETIC_LABEL_ONLY,1,SOURCE_TITLE_GROUNDED,1.0,NOT_REAL_MODEL_CONFIDENCE,False
REC-9EF148E96B1EB765,1.0,SYNTHETIC_LABEL_ONLY,1,SOURCE_TITLE_GROUNDED,1.0,NOT_REAL_MODEL_CONFIDENCE,False
REC-36F05C81E7F4FE41,1.0,SYNTHETIC_LABEL_ONLY,1,SOURCE_TITLE_GROUNDED,1.0,NOT_REAL_MODEL_CONFIDENCE,False
REC-477A196E06E782AC,1.0,SYNTHETIC_LABEL_ONLY,1,SOURCE_TITLE_GROUNDED,1.0,NOT_REAL_MODEL_CONFIDENCE,False
REC-D3031E6DC65C4A33,1.0,SYNTHETIC_LABEL_ONLY,1,SOURCE_TITLE_GROUNDED,1.0,NOT_REAL_MODEL_CONFIDENCE,False
REC-18B0290E63441822,1.0,SYNTHETIC_LABEL_ONLY,1,SOURCE_TITLE_GROUNDED,1.0,NOT_REAL_MODEL_CONFIDENCE,False
REC-A918E48F172F2D11,1.0,SYNTHETIC_LABEL_ONLY,1,SOURCE_TITLE_GROUNDED,1.0,NOT_REAL_MODEL_CONFIDENCE,False
REC-B6519100F02354A9,1.0,SYNTHETIC_LABEL_ONLY,1,SOURCE_TITLE_GROUNDED,1.0,NOT_REAL_MODEL_CONFIDENCE,False
REC-6509A2FCE18AB3C0,1.0,SYNTHETIC_LABEL_ONLY,1,SOURCE_TITLE_GROUNDED,1.0,NOT_REAL_MODEL_CONFIDENCE,False
REC-E3EB282B82857A74,1.0,SYNTHETIC_LABEL_ONLY,1,SOURCE_TITLE_GROUNDED,1.0,NOT_REAL_MODEL_CONFIDENCE,False
REC-DBE7673596FFB442,1.0,SYNTHETIC_LABEL_ONLY,1,SOURCE_TITLE_GROUNDED,1.0,NOT_REAL_MODEL_CONFIDENCE,False
REC-C307B6D4A363B770,1.0,SYNTHETIC_LABEL_ONLY,1,SOURCE_TITLE_GROUNDED,1.0,NOT_REAL_MODEL_CONFIDENCE,False
REC-6B2D9931B355FE6F,1.0,SYNTHETIC_LABEL_ONLY,1,SOURCE_TITLE_GROUNDED,1.0,NOT_REAL_MODEL_CONFIDENCE,False
REC-DF496E428E7E09DF,1.0,SYNTHETIC_LABEL_ONLY,1,SOURCE_TITLE_GROUNDED,1.0,NOT_REAL_MODEL_CONFIDENCE,False
REC-DD334BCBBD0B1122,1.0,SYNTHETIC_LABEL_ONLY,1,SOURCE_TITLE_GROUNDED,1.0,NOT_REAL_MODEL_CONFIDENCE,False
REC-E226B457EF2103E1,1.0,SYNTHETIC_LABEL_ONLY,1,SOURCE_TITLE_GROUNDED,1.0,NOT_REAL_MODEL_CONFIDENCE,False
REC-0618DB46E06C3A6E,1.0,SYNTHETIC_LABEL_ONLY,1,SOURCE_TITLE_GROUNDED,1.0,NOT_REAL_MODEL_CONFIDENCE,False
REC-F89E9629094E4DC0,1.0,SYNTHETIC_LABEL_ONLY,1,SOURCE_TITLE_GROUNDED,1.0,NOT_REAL_MODEL_CONFIDENCE,False
REC-BA625BDB8AA8A559,1.0,SYNTHETIC_LABEL_ONLY,1,SOURCE_TITLE_GROUNDED,1.0,NOT_REAL_MODEL_CONFIDENCE,False
REC-50D4A66AAB190EB3,1.0,SYNTHETIC_LABEL_ONLY,1,SOURCE_TITLE_GROUNDED,1.0,NOT_REAL_MODEL_CONFIDENCE,False
REC-EDFF64D8DCD6471C,1.0,SYNTHETIC_LABEL_ONLY,1,SOURCE_TITLE_GROUNDED,1.0,NOT_REAL_MODEL_CONFIDENCE,False
REC-6A105FCB8E1BBFBF,1.0,SYNTHETIC_LABEL_ONLY,1,SOURCE_TITLE_GROUNDED,1.0,NOT_REAL_MODEL_CONFIDENCE,False
REC-9718500D1AF4F7B1,1.0,SYNTHETIC_LABEL_ONLY,1,SOURCE_TITLE_GROUNDED,1.0,NOT_REAL_MODEL_CONFIDENCE,False
REC-48AF7163FF3F4E26,1.0,SYNTHETIC_LABEL_ONLY,1,SOURCE_TITLE_GROUNDED,1.0,NOT_REAL_MODEL_CONFIDENCE,False
REC-F836B7F545AEF337,1.0,SYNTHETIC_LABEL_ONLY,1,SOURCE_TITLE_GROUNDED,1.0,NOT_REAL_MODEL_CONFIDENCE,False
REC-4F119C0CCBA73011,1.0,SYNTHETIC_LABEL_ONLY,1,SOURCE_TITLE_GROUNDED,1.0,NOT_REAL_MODEL_CONFIDENCE,False
REC-ADC9F1778220E1F2,1.0,SYNTHETIC_LABEL_ONLY,1,SOURCE_TITLE_GROUNDED,1.0,NOT_REAL_MODEL_CONFIDENCE,False
REC-4730B6B46522B08E,1.0,SYNTHETIC_LABEL_ONLY,1,SOURCE_TITLE_GROUNDED,1.0,NOT_REAL_MODEL_CONFIDENCE,False
REC-4F44721F64F45925,1.0,SYNTHETIC_LABEL_ONLY,1,SOURCE_TITLE_GROUNDED,1.0,NOT_REAL_MODEL_CONFIDENCE,False
REC-EB14DD38CCB196AF,1.0,SYNTHETIC_LABEL_ONLY,1,SOURCE_TITLE_GROUNDED,1.0,NOT_REAL_MODEL_CONFIDENCE,False
REC-294056469CBBC2CC,1.0,SYNTHETIC_LABEL_ONLY,1,SOURCE_TITLE_GROUNDED,1.0,NOT_REAL_MODEL_CONFIDENCE,False
REC-0F0BE4EFC84D0F1A,1.0,SYNTHETIC_LABEL_ONLY,1,SOURCE_TITLE_GROUNDED,1.0,NOT_REAL_MODEL_CONFIDENCE,False
REC-7B2E1C3C968A8090,1.0,SYNTHETIC_LABEL_ONLY,1,SOURCE_TITLE_GROUNDED,1.0,NOT_REAL_MODEL_CONFIDENCE,False
REC-DDBFE4F8E63E0FF2,1.0,SYNTHETIC_LABEL_ONLY,1,SOURCE_TITLE_GROUNDED,1.0,NOT_REAL_MODEL_CONFIDENCE,False
REC-74927326AF359987,1.0,SYNTHETIC_LABEL_ONLY,1,SOURCE_TITLE_GROUNDED,1.0,NOT_REAL_MODEL_CONFIDENCE,False
REC-6F5B56671A7837DE,1.0,SYNTHETIC_LABEL_ONLY,1,SOURCE_TITLE_GROUNDED,1.0,NOT_REAL_MODEL_CONFIDENCE,False
REC-DEF247D130E38A34,1.0,SYNTHETIC_LABEL_ONLY,1,SOURCE_TITLE_GROUNDED,1.0,NOT_REAL_MODEL_CONFIDENCE,False
REC-D85877D86B28C1F9,1.0,SYNTHETIC_LABEL_ONLY,1,SOURCE_TITLE_GROUNDED,1.0,NOT_REAL_MODEL_CONFIDENCE,False
REC-57C7AA904E52AFB9,1.0,SYNTHETIC_LABEL_ONLY,1,SOURCE_TITLE_GROUNDED,1.0,NOT_REAL_MODEL_CONFIDENCE,False
REC-78AF3938152A5057,1.0,SYNTHETIC_LABEL_ONLY,1,SOURCE_TITLE_GROUNDED,1.0,NOT_REAL_MODEL_CONFIDENCE,False
REC-B1128900C5812B31,1.0,SYNTHETIC_LABEL_ONLY,1,SOURCE_TITLE_GROUNDED,1.0,NOT_REAL_MODEL_CONFIDENCE,False
REC-E9BC784FF7F81BE3,1.0,SYNTHETIC_LABEL_ONLY,1,SOURCE_TITLE_GROUNDED,1.0,NOT_REAL_MODEL_CONFIDENCE,False
REC-0E7B8A2A974A8CDE,1.0,SYNTHETIC_LABEL_ONLY,1,SOURCE_TITLE_GROUNDED,1.0,NOT_REAL_MODEL_CONFIDENCE,False
REC-18AC96A6283A19CB,1.0,SYNTHETIC_LABEL_ONLY,1,SOURCE_TITLE_GROUNDED,1.0,NOT_REAL_MODEL_CONFIDENCE,False
REC-89BC6A260D992E00,1.0,SYNTHETIC_LABEL_ONLY,1,SOURCE_TITLE_GROUNDED,1.0,NOT_REAL_MODEL_CONFIDENCE,False
REC-D08D4D1D57BA4B07,1.0,SYNTHETIC_LABEL_ONLY,1,SOURCE_TITLE_GROUNDED,1.0,NOT_REAL_MODEL_CONFIDENCE,False
REC-D4ADE257C2492158,1.0,SYNTHETIC_LABEL_ONLY,1,SOURCE_TITLE_GROUNDED,1.0,NOT_REAL_MODEL_CONFIDENCE,False
REC-7B70C6E851953AE6,1.0,SYNTHETIC_LABEL_ONLY,1,SOURCE_TITLE_GROUNDED,1.0,NOT_REAL_MODEL_CONFIDENCE,False
REC-D9515DA23D155F1C,1.0,SYNTHETIC_LABEL_ONLY,1,SOURCE_TITLE_GROUNDED,1.0,NOT_REAL_MODEL_CONFIDENCE,False
REC-37DF61F79A8203E4,1.0,SYNTHETIC_LABEL_ONLY,1,SOURCE_TITLE_GROUNDED,1.0,NOT_REAL_MODEL_CONFIDENCE,False
REC-4BE3A51FAB7EC7D1,1.0,SYNTHETIC_LABEL_ONLY,1,SOURCE_TITLE_GROUNDED,1.0,NOT_REAL_MODEL_CONFIDENCE,False
REC-E80F5DF54C4A8329,1.0,SYNTHETIC_LABEL_ONLY,1,SOURCE_TITLE_GROUNDED,1.0,NOT_REAL_MODEL_CONFIDENCE,False
REC-F032A3DAF43E628B,1.0,SYNTHETIC_LABEL_ONLY,1,SOURCE_TITLE_GROUNDED,1.0,NOT_REAL_MODEL_CONFIDENCE,False
REC-BBC61B17ECA371DF,1.0,SYNTHETIC_LABEL_ONLY,1,SOURCE_TITLE_GROUNDED,1.0,NOT_REAL_MODEL_CONFIDENCE,False
REC-5CFB3F7BFEC20164,1.0,SYNTHETIC_LABEL_ONLY,1,SOURCE_TITLE_GROUNDED,1.0,NOT_REAL_MODEL_CONFIDENCE,False
REC-2C504570ABF1F18A,1.0,SYNTHETIC_LABEL_ONLY,1,SOURCE_TITLE_GROUNDED,1.0,NOT_REAL_MODEL_CONFIDENCE,False
REC-ACE6A21DEE02E467,1.0,SYNTHETIC_LABEL_ONLY,1,SOURCE_TITLE_GROUNDED,1.0,NOT_REAL_MODEL_CONFIDENCE,False
REC-FE4A9305723E46AE,1.0,SYNTHETIC_LABEL_ONLY,1,SOURCE_TITLE_GROUNDED,1.0,NOT_REAL_MODEL_CONFIDENCE,False
REC-E655B9859BC8EC4D,1.0,SYNTHETIC_LABEL_ONLY,1,SOURCE_TITLE_GROUNDED,1.0,NOT_REAL_MODEL_CONFIDENCE,False
REC-AEEDD8F77017E097,1.0,SYNTHETIC_LABEL_ONLY,1,SOURCE_TITLE_GROUNDED,1.0,NOT_REAL_MODEL_CONFIDENCE,False
REC-A9D0BD9C9CE477A6,1.0,SYNTHETIC_LABEL_ONLY,1,SOURCE_TITLE_GROUNDED,1.0,NOT_REAL_MODEL_CONFIDENCE,False
REC-AA7CBB380A2C587A,1.0,SYNTHETIC_LABEL_ONLY,1,SOURCE_TITLE_GROUNDED,1.0,NOT_REAL_MODEL_CONFIDENCE,False
REC-FE8608A02CF4F7C6,1.0,SYNTHETIC_LABEL_ONLY,1,SOURCE_TITLE_GROUNDED,1.0,NOT_REAL_MODEL_CONFIDENCE,False
REC-BA4FC91824781255,1.0,SYNTHETIC_LABEL_ONLY,1,SOURCE_TITLE_GROUNDED,1.0,NOT_REAL_MODEL_CONFIDENCE,False
REC-A2FC2FDCD0F76AED,1.0,SYNTHETIC_LABEL_ONLY,1,SOURCE_TITLE_GROUNDED,1.0,NOT_REAL_MODEL_CONFIDENCE,False
REC-3C4FE27ED56FCD5B,1.0,SYNTHETIC_LABEL_ONLY,1,SOURCE_TITLE_GROUNDED,1.0,NOT_REAL_MODEL_CONFIDENCE,False
REC-B0A67CA5323F7255,1.0,SYNTHETIC_LABEL_ONLY,1,SOURCE_TITLE_GROUNDED,1.0,NOT_REAL_MODEL_CONFIDENCE,False
REC-7E03E021E9647E35,1.0,SYNTHETIC_LABEL_ONLY,1,SOURCE_TITLE_GROUNDED,1.0,NOT_REAL_MODEL_CONFIDENCE,False
REC-2CC17F3941B61762,1.0,SYNTHETIC_LABEL_ONLY,1,SOURCE_TITLE_GROUNDED,1.0,NOT_REAL_MODEL_CONFIDENCE,False
REC-F6417701DB29A2A0,1.0,SYNTHETIC_LABEL_ONLY,1,SOURCE_TITLE_GROUNDED,1.0,NOT_REAL_MODEL_CONFIDENCE,False
REC-A79D1D3EC1843384,1.0,SYNTHETIC_LABEL_ONLY,1,SOURCE_TITLE_GROUNDED,1.0,NOT_REAL_MODEL_CONFIDENCE,False
REC-37EC166788380E86,1.0,SYNTHETIC_LABEL_ONLY,1,SOURCE_TITLE_GROUNDED,1.0,NOT_REAL_MODEL_CONFIDENCE,False
REC-B23F314D2F60B9E0,1.0,SYNTHETIC_LABEL_ONLY,1,SOURCE_TITLE_GROUNDED,1.0,NOT_REAL_MODEL_CONFIDENCE,False
REC-471CA8E8DEC92FD3,1.0,SYNTHETIC_LABEL_ONLY,1,SOURCE_TITLE_GROUNDED,1.0,NOT_REAL_MODEL_CONFIDENCE,False
REC-D729048BF6C1A202,1.0,SYNTHETIC_LABEL_ONLY,1,SOURCE_TITLE_GROUNDED,1.0,NOT_REAL_MODEL_CONFIDENCE,False
REC-FB88F05DF019DABF,1.0,SYNTHETIC_LABEL_ONLY,1,SOURCE_TITLE_GROUNDED,1.0,NOT_REAL_MODEL_CONFIDENCE,False
REC-0FAD880831AFF668,1.0,SYNTHETIC_LABEL_ONLY,1,SOURCE_TITLE_GROUNDED,1.0,NOT_REAL_MODEL_CONFIDENCE,False
REC-4833BE1F148E9086,1.0,SYNTHETIC_LABEL_ONLY,1,SOURCE_TITLE_GROUNDED,1.0,NOT_REAL_MODEL_CONFIDENCE,False
REC-A5B92758A041C5D6,1.0,SYNTHETIC_LABEL_ONLY,1,SOURCE_TITLE_GROUNDED,1.0,NOT_REAL_MODEL_CONFIDENCE,False
REC-F576577E7F6FCAEC,1.0,SYNTHETIC_LABEL_ONLY,1,SOURCE_TITLE_GROUNDED,1.0,NOT_REAL_MODEL_CONFIDENCE,False
REC-4EFACCBF70E6E671,1.0,SYNTHETIC_LABEL_ONLY,1,SOURCE_TITLE_GROUNDED,1.0,NOT_REAL_MODEL_CONFIDENCE,False
REC-171A27E1CBCB6EA1,1.0,SYNTHETIC_LABEL_ONLY,1,SOURCE_TITLE_GROUNDED,1.0,NOT_REAL_MODEL_CONFIDENCE,False
REC-1F2F13CCA9B9D667,1.0,SYNTHETIC_LABEL_ONLY,1,SOURCE_TITLE_GROUNDED,1.0,NOT_REAL_MODEL_CONFIDENCE,False
REC-4A49B5444A3D61B0,1.0,SYNTHETIC_LABEL_ONLY,1,SOURCE_TITLE_GROUNDED,1.0,NOT_REAL_MODEL_CONFIDENCE,False
REC-2C50672171AE5126,1.0,SYNTHETIC_LABEL_ONLY,1,SOURCE_TITLE_GROUNDED,1.0,NOT_REAL_MODEL_CONFIDENCE,False
REC-6308E84FC241EE54,1.0,SYNTHETIC_LABEL_ONLY,1,SOURCE_TITLE_GROUNDED,1.0,NOT_REAL_MODEL_CONFIDENCE,False
REC-C3E5E99286F2F5EE,1.0,SYNTHETIC_LABEL_ONLY,1,SOURCE_TITLE_GROUNDED,1.0,NOT_REAL_MODEL_CONFIDENCE,False
REC-24BE21E4BB8524F5,1.0,SYNTHETIC_LABEL_ONLY,1,SOURCE_TITLE_GROUNDED,1.0,NOT_REAL_MODEL_CONFIDENCE,False
REC-C776CA4F0D31833C,1.0,SYNTHETIC_LABEL_ONLY,1,SOURCE_TITLE_GROUNDED,1.0,NOT_REAL_MODEL_CONFIDENCE,False
REC-F21C54DB008C8D7F,1.0,SYNTHETIC_LABEL_ONLY,1,SOURCE_TITLE_GROUNDED,1.0,NOT_REAL_MODEL_CONFIDENCE,False
REC-45BE2FBD60B96D09,1.0,SYNTHETIC_LABEL_ONLY,1,SOURCE_TITLE_GROUNDED,1.0,NOT_REAL_MODEL_CONFIDENCE,False
REC-F18AB765EFE73395,1.0,SYNTHETIC_LABEL_ONLY,1,SOURCE_TITLE_GROUNDED,1.0,NOT_REAL_MODEL_CONFIDENCE,False
REC-D9767A57299EF30F,1.0,SYNTHETIC_LABEL_ONLY,1,SOURCE_TITLE_GROUNDED,1.0,NOT_REAL_MODEL_CONFIDENCE,False
REC-CB520628A58FC4C5,1.0,SYNTHETIC_LABEL_ONLY,1,SOURCE_TITLE_GROUNDED,1.0,NOT_REAL_MODEL_CONFIDENCE,False
REC-BDF55DD7677432FC,1.0,SYNTHETIC_LABEL_ONLY,1,SOURCE_TITLE_GROUNDED,1.0,NOT_REAL_MODEL_CONFIDENCE,False
REC-06357A598C15A8D0,1.0,SYNTHETIC_LABEL_ONLY,1,SOURCE_TITLE_GROUNDED,1.0,NOT_REAL_MODEL_CONFIDENCE,False
REC-D18A2B8767CD9E94,1.0,SYNTHETIC_LABEL_ONLY,1,SOURCE_TITLE_GROUNDED,1.0,NOT_REAL_MODEL_CONFIDENCE,False
REC-DCE387E0037E7E7D,1.0,SYNTHETIC_LABEL_ONLY,1,SOURCE_TITLE_GROUNDED,1.0,NOT_REAL_MODEL_CONFIDENCE,False
REC-F0306B475A858B52,1.0,SYNTHETIC_LABEL_ONLY,1,SOURCE_TITLE_GROUNDED,1.0,NOT_REAL_MODEL_CONFIDENCE,False
REC-A0C93CF71EE93370,1.0,SYNTHETIC_LABEL_ONLY,1,SOURCE_TITLE_GROUNDED,1.0,NOT_REAL_MODEL_CONFIDENCE,False
REC-E5FD4CD9FDB84D25,1.0,SYNTHETIC_LABEL_ONLY,1,SOURCE_TITLE_GROUNDED,1.0,NOT_REAL_MODEL_CONFIDENCE,False
REC-4EA3C23A5DF40F03,1.0,SYNTHETIC_LABEL_ONLY,1,SOURCE_TITLE_GROUNDED,1.0,NOT_REAL_MODEL_CONFIDENCE,False
REC-BFDFF2761BD10B31,1.0,SYNTHETIC_LABEL_ONLY,1,SOURCE_TITLE_GROUNDED,1.0,NOT_REAL_MODEL_CONFIDENCE,False
REC-2DD4656E2CD2A6C4,1.0,SYNTHETIC_LABEL_ONLY,1,SOURCE_TITLE_GROUNDED,1.0,NOT_REAL_MODEL_CONFIDENCE,False
REC-DD723B70D09A4667,1.0,SYNTHETIC_LABEL_ONLY,1,SOURCE_TITLE_GROUNDED,1.0,NOT_REAL_MODEL_CONFIDENCE,False
REC-90DEA1B5D96E7107,1.0,SYNTHETIC_LABEL_ONLY,1,SOURCE_TITLE_GROUNDED,1.0,NOT_REAL_MODEL_CONFIDENCE,False
REC-12483C27AF767D64,1.0,SYNTHETIC_LABEL_ONLY,1,SOURCE_TITLE_GROUNDED,1.0,NOT_REAL_MODEL_CONFIDENCE,False
REC-E0851E33329FC889,1.0,SYNTHETIC_LABEL_ONLY,1,SOURCE_TITLE_GROUNDED,1.0,NOT_REAL_MODEL_CONFIDENCE,False
REC-3A5D76DA3AB371BD,1.0,SYNTHETIC_LABEL_ONLY,1,SOURCE_TITLE_GROUNDED,1.0,NOT_REAL_MODEL_CONFIDENCE,False
REC-A9C67EBF8F911073,1.0,SYNTHETIC_LABEL_ONLY,1,SOURCE_TITLE_GROUNDED,1.0,NOT_REAL_MODEL_CONFIDENCE,False
REC-055869B29B5033D8,1.0,SYNTHETIC_LABEL_ONLY,1,SOURCE_TITLE_GROUNDED,1.0,NOT_REAL_MODEL_CONFIDENCE,False
REC-A0FC395374AE86F8,1.0,SYNTHETIC_LABEL_ONLY,1,SOURCE_TITLE_GROUNDED,1.0,NOT_REAL_MODEL_CONFIDENCE,False
REC-9F83D86634BBF5CA,1.0,SYNTHETIC_LABEL_ONLY,1,SOURCE_TITLE_GROUNDED,1.0,NOT_REAL_MODEL_CONFIDENCE,False
REC-605CA00004362752,1.0,SYNTHETIC_LABEL_ONLY,1,SOURCE_TITLE_GROUNDED,1.0,NOT_REAL_MODEL_CONFIDENCE,False
REC-5E7B343AE28102DD,1.0,SYNTHETIC_LABEL_ONLY,1,SOURCE_TITLE_GROUNDED,1.0,NOT_REAL_MODEL_CONFIDENCE,False
REC-C61F32FDF75C2741,1.0,SYNTHETIC_LABEL_ONLY,1,SOURCE_TITLE_GROUNDED,1.0,NOT_REAL_MODEL_CONFIDENCE,False
REC-4A3EE18CD42F47D5,1.0,SYNTHETIC_LABEL_ONLY,1,SOURCE_TITLE_GROUNDED,1.0,NOT_REAL_MODEL_CONFIDENCE,False
REC-445EA9EB4AB1A8C8,1.0,SYNTHETIC_LABEL_ONLY,1,SOURCE_TITLE_GROUNDED,1.0,NOT_REAL_MODEL_CONFIDENCE,False
REC-4462846536739EC9,1.0,SYNTHETIC_LABEL_ONLY,1,SOURCE_TITLE_GROUNDED,1.0,NOT_REAL_MODEL_CONFIDENCE,False
REC-BD83751AF394F454,1.0,SYNTHETIC_LABEL_ONLY,1,SOURCE_TITLE_GROUNDED,1.0,NOT_REAL_MODEL_CONFIDENCE,False
REC-EDFAD8400749B6C6,1.0,SYNTHETIC_LABEL_ONLY,1,SOURCE_TITLE_GROUNDED,1.0,NOT_REAL_MODEL_CONFIDENCE,False
REC-96DB5F72BBA92774,1.0,SYNTHETIC_LABEL_ONLY,1,SOURCE_TITLE_GROUNDED,1.0,NOT_REAL_MODEL_CONFIDENCE,False
REC-025A68615D8BE122,1.0,SYNTHETIC_LABEL_ONLY,1,SOURCE_TITLE_GROUNDED,1.0,NOT_REAL_MODEL_CONFIDENCE,False
REC-AAE0406350447E57,1.0,SYNTHETIC_LABEL_ONLY,1,SOURCE_TITLE_GROUNDED,1.0,NOT_REAL_MODEL_CONFIDENCE,False
REC-32E92ACC070D0424,1.0,SYNTHETIC_LABEL_ONLY,1,SOURCE_TITLE_GROUNDED,1.0,NOT_REAL_MODEL_CONFIDENCE,False
REC-23A6A83AE2EB0C48,1.0,SYNTHETIC_LABEL_ONLY,1,SOURCE_TITLE_GROUNDED,1.0,NOT_REAL_MODEL_CONFIDENCE,False
REC-2A2B1E37B5F214FD,1.0,SYNTHETIC_LABEL_ONLY,1,SOURCE_TITLE_GROUNDED,1.0,NOT_REAL_MODEL_CONFIDENCE,False
REC-B643F4025A65A382,1.0,SYNTHETIC_LABEL_ONLY,1,SOURCE_TITLE_GROUNDED,1.0,NOT_REAL_MODEL_CONFIDENCE,False
REC-3706F8EF85492BF8,1.0,SYNTHETIC_LABEL_ONLY,1,SOURCE_TITLE_GROUNDED,1.0,NOT_REAL_MODEL_CONFIDENCE,False
REC-872DBF8E3B670A0C,1.0,SYNTHETIC_LABEL_ONLY,1,SOURCE_TITLE_GROUNDED,1.0,NOT_REAL_MODEL_CONFIDENCE,False
REC-EEE2614D40E6F638,1.0,SYNTHETIC_LABEL_ONLY,1,SOURCE_TITLE_GROUNDED,1.0,NOT_REAL_MODEL_CONFIDENCE,False
REC-E71CE58D0E8B734E,1.0,SYNTHETIC_LABEL_ONLY,1,SOURCE_TITLE_GROUNDED,1.0,NOT_REAL_MODEL_CONFIDENCE,False
REC-C6C2CF66E906ED44,1.0,SYNTHETIC_LABEL_ONLY,1,SOURCE_TITLE_GROUNDED,1.0,NOT_REAL_MODEL_CONFIDENCE,False
REC-14D0C6A785BB3820,1.0,SYNTHETIC_LABEL_ONLY,1,SOURCE_TITLE_GROUNDED,1.0,NOT_REAL_MODEL_CONFIDENCE,False
REC-9CDB048280FED67B,1.0,SYNTHETIC_LABEL_ONLY,1,SOURCE_TITLE_GROUNDED,1.0,NOT_REAL_MODEL_CONFIDENCE,False
REC-A08484D0C4FB5FC8,1.0,SYNTHETIC_LABEL_ONLY,1,SOURCE_TITLE_GROUNDED,1.0,NOT_REAL_MODEL_CONFIDENCE,False
REC-472639CE66BCD702,1.0,SYNTHETIC_LABEL_ONLY,1,SOURCE_TITLE_GROUNDED,1.0,NOT_REAL_MODEL_CONFIDENCE,False
REC-7C9F4BAD12E55C29,1.0,SYNTHETIC_LABEL_ONLY,1,SOURCE_TITLE_GROUNDED,1.0,NOT_REAL_MODEL_CONFIDENCE,False
REC-C1D90F21A05B05F8,1.0,SYNTHETIC_LABEL_ONLY,1,SOURCE_TITLE_GROUNDED,1.0,NOT_REAL_MODEL_CONFIDENCE,False
REC-1A8047732D55EDBA,1.0,SYNTHETIC_LABEL_ONLY,1,SOURCE_TITLE_GROUNDED,1.0,NOT_REAL_MODEL_CONFIDENCE,False
REC-3A2E0DA705B01F9A,1.0,SYNTHETIC_LABEL_ONLY,1,SOURCE_TITLE_GROUNDED,1.0,NOT_REAL_MODEL_CONFIDENCE,False
REC-DFD7BAD6F3F5BACD,1.0,SYNTHETIC_LABEL_ONLY,1,SOURCE_TITLE_GROUNDED,1.0,NOT_REAL_MODEL_CONFIDENCE,False
REC-67355CE20A39F66F,1.0,SYNTHETIC_LABEL_ONLY,1,SOURCE_TITLE_GROUNDED,1.0,NOT_REAL_MODEL_CONFIDENCE,False
REC-887309285F588917,1.0,SYNTHETIC_LABEL_ONLY,1,SOURCE_TITLE_GROUNDED,1.0,NOT_REAL_MODEL_CONFIDENCE,False
REC-837FB9B38007CD37,1.0,SYNTHETIC_LABEL_ONLY,1,SOURCE_TITLE_GROUNDED,1.0,NOT_REAL_MODEL_CONFIDENCE,False
REC-1AF2252439DA9EAF,1.0,SYNTHETIC_LABEL_ONLY,1,SOURCE_TITLE_GROUNDED,1.0,NOT_REAL_MODEL_CONFIDENCE,False
REC-E1027F929845B382,1.0,SYNTHETIC_LABEL_ONLY,1,SOURCE_TITLE_GROUNDED,1.0,NOT_REAL_MODEL_CONFIDENCE,False
REC-19DAD709FEF2B192,1.0,SYNTHETIC_LABEL_ONLY,1,SOURCE_TITLE_GROUNDED,1.0,NOT_REAL_MODEL_CONFIDENCE,False
REC-CD6FA7BA9D772355,1.0,SYNTHETIC_LABEL_ONLY,1,SOURCE_TITLE_GROUNDED,1.0,NOT_REAL_MODEL_CONFIDENCE,False
REC-C643EE4928AAF565,1.0,SYNTHETIC_LABEL_ONLY,1,SOURCE_TITLE_GROUNDED,1.0,NOT_REAL_MODEL_CONFIDENCE,False
REC-E67266C662A5F4A4,1.0,SYNTHETIC_LABEL_ONLY,1,SOURCE_TITLE_GROUNDED,1.0,NOT_REAL_MODEL_CONFIDENCE,False
REC-41E8946D42BFCAB4,1.0,SYNTHETIC_LABEL_ONLY,1,SOURCE_TITLE_GROUNDED,1.0,NOT_REAL_MODEL_CONFIDENCE,False
REC-1AC8E93C45BD86DC,1.0,SYNTHETIC_LABEL_ONLY,1,SOURCE_TITLE_GROUNDED,1.0,NOT_REAL_MODEL_CONFIDENCE,False
REC-447A9D0B41645517,1.0,SYNTHETIC_LABEL_ONLY,1,SOURCE_TITLE_GROUNDED,1.0,NOT_REAL_MODEL_CONFIDENCE,False
REC-C2F3CF9A57F7E3E6,1.0,SYNTHETIC_LABEL_ONLY,1,SOURCE_TITLE_GROUNDED,1.0,NOT_REAL_MODEL_CONFIDENCE,False
REC-09B7A47A3189DF7B,1.0,SYNTHETIC_LABEL_ONLY,1,SOURCE_TITLE_GROUNDED,1.0,NOT_REAL_MODEL_CONFIDENCE,False
REC-B1E07AFF984C7B83,1.0,SYNTHETIC_LABEL_ONLY,1,SOURCE_TITLE_GROUNDED,1.0,NOT_REAL_MODEL_CONFIDENCE,False
REC-A638214FA7714FA2,1.0,SYNTHETIC_LABEL_ONLY,1,SOURCE_TITLE_GROUNDED,1.0,NOT_REAL_MODEL_CONFIDENCE,False
REC-62301FEADD54E505,1.0,SYNTHETIC_LABEL_ONLY,1,SOURCE_TITLE_GROUNDED,1.0,NOT_REAL_MODEL_CONFIDENCE,False
REC-4D14E7E6C1F79BEA,1.0,SYNTHETIC_LABEL_ONLY,1,SOURCE_TITLE_GROUNDED,1.0,NOT_REAL_MODEL_CONFIDENCE,False
REC-CCCE503D24BD87D9,1.0,SYNTHETIC_LABEL_ONLY,1,SOURCE_TITLE_GROUNDED,1.0,NOT_REAL_MODEL_CONFIDENCE,False
REC-6A9D883BCA5D0815,1.0,SYNTHETIC_LABEL_ONLY,1,SOURCE_TITLE_GROUNDED,1.0,NOT_REAL_MODEL_CONFIDENCE,False
REC-14F68FE5EC9A79F2,1.0,SYNTHETIC_LABEL_ONLY,1,SOURCE_TITLE_GROUNDED,1.0,NOT_REAL_MODEL_CONFIDENCE,False
REC-B84F54BEBE1F15B1,1.0,SYNTHETIC_LABEL_ONLY,1,SOURCE_TITLE_GROUNDED,1.0,NOT_REAL_MODEL_CONFIDENCE,False
REC-EBA2C089138FA21C,1.0,SYNTHETIC_LABEL_ONLY,1,SOURCE_TITLE_GROUNDED,1.0,NOT_REAL_MODEL_CONFIDENCE,False
REC-8B683CE8F9224D75,1.0,SYNTHETIC_LABEL_ONLY,1,SOURCE_TITLE_GROUNDED,1.0,NOT_REAL_MODEL_CONFIDENCE,False
REC-439C904D1A74F693,1.0,SYNTHETIC_LABEL_ONLY,1,SOURCE_TITLE_GROUNDED,1.0,NOT_REAL_MODEL_CONFIDENCE,False
REC-74648C0902C179D9,1.0,SYNTHETIC_LABEL_ONLY,1,SOURCE_TITLE_GROUNDED,1.0,NOT_REAL_MODEL_CONFIDENCE,False
REC-ADBB41E2EBDD6647,1.0,SYNTHETIC_LABEL_ONLY,1,SOURCE_TITLE_GROUNDED,1.0,NOT_REAL_MODEL_CONFIDENCE,False
REC-CFF6F5C9536B7F61,1.0,SYNTHETIC_LABEL_ONLY,1,SOURCE_TITLE_GROUNDED,1.0,NOT_REAL_MODEL_CONFIDENCE,False
REC-01EBFA34847D97B9,1.0,SYNTHETIC_LABEL_ONLY,1,SOURCE_TITLE_GROUNDED,1.0,NOT_REAL_MODEL_CONFIDENCE,False
REC-DC009984F896F8A0,1.0,SYNTHETIC_LABEL_ONLY,1,SOURCE_TITLE_GROUNDED,1.0,NOT_REAL_MODEL_CONFIDENCE,False
REC-50E93EEA3D3C4030,1.0,SYNTHETIC_LABEL_ONLY,1,SOURCE_TITLE_GROUNDED,1.0,NOT_REAL_MODEL_CONFIDENCE,False
REC-048A0967B6E9518E,1.0,SYNTHETIC_LABEL_ONLY,1,SOURCE_TITLE_GROUNDED,1.0,NOT_REAL_MODEL_CONFIDENCE,False
REC-F63DE4CE3D3DB434,1.0,SYNTHETIC_LABEL_ONLY,1,SOURCE_TITLE_GROUNDED,1.0,NOT_REAL_MODEL_CONFIDENCE,False
REC-34D5D1BD09F5771D,1.0,SYNTHETIC_LABEL_ONLY,1,SOURCE_TITLE_GROUNDED,1.0,NOT_REAL_MODEL_CONFIDENCE,False
REC-537D7BAB84F282FB,1.0,SYNTHETIC_LABEL_ONLY,1,SOURCE_TITLE_GROUNDED,1.0,NOT_REAL_MODEL_CONFIDENCE,False
REC-AFA22FE55F1B2688,1.0,SYNTHETIC_LABEL_ONLY,1,SOURCE_TITLE_GROUNDED,1.0,NOT_REAL_MODEL_CONFIDENCE,False
REC-A7237333E17C4EF5,1.0,SYNTHETIC_LABEL_ONLY,1,SOURCE_TITLE_GROUNDED,1.0,NOT_REAL_MODEL_CONFIDENCE,False
REC-9B83B0C5E93E63D8,1.0,SYNTHETIC_LABEL_ONLY,1,SOURCE_TITLE_GROUNDED,1.0,NOT_REAL_MODEL_CONFIDENCE,False
REC-677A010F7123B856,1.0,SYNTHETIC_LABEL_ONLY,1,SOURCE_TITLE_GROUNDED,1.0,NOT_REAL_MODEL_CONFIDENCE,False
REC-AB9A5AD203EF4601,1.0,SYNTHETIC_LABEL_ONLY,1,SOURCE_TITLE_GROUNDED,1.0,NOT_REAL_MODEL_CONFIDENCE,False
REC-A87B1110BB4B2B75,1.0,SYNTHETIC_LABEL_ONLY,1,SOURCE_TITLE_GROUNDED,1.0,NOT_REAL_MODEL_CONFIDENCE,False
REC-8F2E96E682277B34,1.0,SYNTHETIC_LABEL_ONLY,1,SOURCE_TITLE_GROUNDED,1.0,NOT_REAL_MODEL_CONFIDENCE,False
REC-98FD47620C444143,1.0,SYNTHETIC_LABEL_ONLY,1,SOURCE_TITLE_GROUNDED,1.0,NOT_REAL_MODEL_CONFIDENCE,False
REC-60E08D9DAA495F50,1.0,SYNTHETIC_LABEL_ONLY,1,SOURCE_TITLE_GROUNDED,1.0,NOT_REAL_MODEL_CONFIDENCE,False
REC-697EA12FA1DA7382,1.0,SYNTHETIC_LABEL_ONLY,1,SOURCE_TITLE_GROUNDED,1.0,NOT_REAL_MODEL_CONFIDENCE,False
REC-941184D3FBA94543,1.0,SYNTHETIC_LABEL_ONLY,1,SOURCE_TITLE_GROUNDED,1.0,NOT_REAL_MODEL_CONFIDENCE,False
REC-41B6211B8B4D8F05,1.0,SYNTHETIC_LABEL_ONLY,1,SOURCE_TITLE_GROUNDED,1.0,NOT_REAL_MODEL_CONFIDENCE,False
REC-342E7E7229F616F1,1.0,SYNTHETIC_LABEL_ONLY,1,SOURCE_TITLE_GROUNDED,1.0,NOT_REAL_MODEL_CONFIDENCE,False
REC-5B74D381C9D6EA75,1.0,SYNTHETIC_LABEL_ONLY,1,SOURCE_TITLE_GROUNDED,1.0,NOT_REAL_MODEL_CONFIDENCE,False
REC-2200A6B45A1E3681,1.0,SYNTHETIC_LABEL_ONLY,1,SOURCE_TITLE_GROUNDED,1.0,NOT_REAL_MODEL_CONFIDENCE,False
REC-33F33AAA8647B5FA,1.0,SYNTHETIC_LABEL_ONLY,1,SOURCE_TITLE_GROUNDED,1.0,NOT_REAL_MODEL_CONFIDENCE,False
REC-B2E932FBC5DE488D,1.0,SYNTHETIC_LABEL_ONLY,1,SOURCE_TITLE_GROUNDED,1.0,NOT_REAL_MODEL_CONFIDENCE,False
REC-D2A93E79CA876434,1.0,SYNTHETIC_LABEL_ONLY,1,SOURCE_TITLE_GROUNDED,1.0,NOT_REAL_MODEL_CONFIDENCE,False
REC-92237CAF89B7410C,1.0,SYNTHETIC_LABEL_ONLY,1,SOURCE_TITLE_GROUNDED,1.0,NOT_REAL_MODEL_CONFIDENCE,False
REC-2D756A3F7E453FB6,1.0,SYNTHETIC_LABEL_ONLY,1,SOURCE_TITLE_GROUNDED,1.0,NOT_REAL_MODEL_CONFIDENCE,False
REC-19CC603A67EB9A8A,1.0,SYNTHETIC_LABEL_ONLY,1,SOURCE_TITLE_GROUNDED,1.0,NOT_REAL_MODEL_CONFIDENCE,False
REC-E2EC86D211083BA8,1.0,SYNTHETIC_LABEL_ONLY,1,SOURCE_TITLE_GROUNDED,1.0,NOT_REAL_MODEL_CONFIDENCE,False
REC-4D8EF7D8690ED6FE,1.0,SYNTHETIC_LABEL_ONLY,1,SOURCE_TITLE_GROUNDED,1.0,NOT_REAL_MODEL_CONFIDENCE,False
REC-D8459C066AC9D6C9,1.0,SYNTHETIC_LABEL_ONLY,1,SOURCE_TITLE_GROUNDED,1.0,NOT_REAL_MODEL_CONFIDENCE,False
REC-DFA4CB3B2C34A15D,1.0,SYNTHETIC_LABEL_ONLY,1,SOURCE_TITLE_GROUNDED,1.0,NOT_REAL_MODEL_CONFIDENCE,False
REC-F30B63EFE9688C2D,1.0,SYNTHETIC_LABEL_ONLY,1,SOURCE_TITLE_GROUNDED,1.0,NOT_REAL_MODEL_CONFIDENCE,False
REC-4D77DE8855850BF2,1.0,SYNTHETIC_LABEL_ONLY,1,SOURCE_TITLE_GROUNDED,1.0,NOT_REAL_MODEL_CONFIDENCE,False
REC-62130143C3D7B49D,1.0,SYNTHETIC_LABEL_ONLY,1,SOURCE_TITLE_GROUNDED,1.0,NOT_REAL_MODEL_CONFIDENCE,False
REC-1513BDE1A340D851,1.0,SYNTHETIC_LABEL_ONLY,1,SOURCE_TITLE_GROUNDED,1.0,NOT_REAL_MODEL_CONFIDENCE,False
REC-FE07D81C3334E54B,1.0,SYNTHETIC_LABEL_ONLY,1,SOURCE_TITLE_GROUNDED,1.0,NOT_REAL_MODEL_CONFIDENCE,False
REC-D0BC0218446ED5C8,1.0,SYNTHETIC_LABEL_ONLY,1,SOURCE_TITLE_GROUNDED,1.0,NOT_REAL_MODEL_CONFIDENCE,False
REC-902DE9E0619D984A,1.0,SYNTHETIC_LABEL_ONLY,1,SOURCE_TITLE_GROUNDED,1.0,NOT_REAL_MODEL_CONFIDENCE,False
REC-8094DA8644FC4504,1.0,SYNTHETIC_LABEL_ONLY,1,SOURCE_TITLE_GROUNDED,1.0,NOT_REAL_MODEL_CONFIDENCE,False
REC-D05B7C1E77230C42,1.0,SYNTHETIC_LABEL_ONLY,1,SOURCE_TITLE_GROUNDED,1.0,NOT_REAL_MODEL_CONFIDENCE,False
REC-E066C5D02FB6174D,1.0,SYNTHETIC_LABEL_ONLY,1,SOURCE_TITLE_GROUNDED,1.0,NOT_REAL_MODEL_CONFIDENCE,False
REC-22EA4FFDF0306B75,1.0,SYNTHETIC_LABEL_ONLY,1,SOURCE_TITLE_GROUNDED,1.0,NOT_REAL_MODEL_CONFIDENCE,False
REC-420557B5EFE462FD,1.0,SYNTHETIC_LABEL_ONLY,1,SOURCE_TITLE_GROUNDED,1.0,NOT_REAL_MODEL_CONFIDENCE,False
REC-A53433E817A6F667,1.0,SYNTHETIC_LABEL_ONLY,1,SOURCE_TITLE_GROUNDED,1.0,NOT_REAL_MODEL_CONFIDENCE,False
REC-1E26342E559A2743,1.0,SYNTHETIC_LABEL_ONLY,1,SOURCE_TITLE_GROUNDED,1.0,NOT_REAL_MODEL_CONFIDENCE,False
REC-13513F215BDC70B1,1.0,SYNTHETIC_LABEL_ONLY,1,SOURCE_TITLE_GROUNDED,1.0,NOT_REAL_MODEL_CONFIDENCE,False
REC-66A3614C440966A0,1.0,SYNTHETIC_LABEL_ONLY,1,SOURCE_TITLE_GROUNDED,1.0,NOT_REAL_MODEL_CONFIDENCE,False
REC-7AF388979757DC0A,1.0,SYNTHETIC_LABEL_ONLY,1,SOURCE_TITLE_GROUNDED,1.0,NOT_REAL_MODEL_CONFIDENCE,False
REC-8FB6571604520DE3,1.0,SYNTHETIC_LABEL_ONLY,1,SOURCE_TITLE_GROUNDED,1.0,NOT_REAL_MODEL_CONFIDENCE,False
REC-7142179B6816EC2E,1.0,SYNTHETIC_LABEL_ONLY,1,SOURCE_TITLE_GROUNDED,1.0,NOT_REAL_MODEL_CONFIDENCE,False
REC-F424AB00E9315ACB,1.0,SYNTHETIC_LABEL_ONLY,1,SOURCE_TITLE_GROUNDED,1.0,NOT_REAL_MODEL_CONFIDENCE,False
REC-8BBD58057619EC12,1.0,SYNTHETIC_LABEL_ONLY,1,SOURCE_TITLE_GROUNDED,1.0,NOT_REAL_MODEL_CONFIDENCE,False
REC-AAC1D2CAFF58E935,1.0,SYNTHETIC_LABEL_ONLY,1,SOURCE_TITLE_GROUNDED,1.0,NOT_REAL_MODEL_CONFIDENCE,False
REC-D7DB671FE3DB4411,1.0,SYNTHETIC_LABEL_ONLY,1,SOURCE_TITLE_GROUNDED,1.0,NOT_REAL_MODEL_CONFIDENCE,False
REC-67308131187EC920,1.0,SYNTHETIC_LABEL_ONLY,1,SOURCE_TITLE_GROUNDED,1.0,NOT_REAL_MODEL_CONFIDENCE,False
REC-0986CC1F94EAE6F9,1.0,SYNTHETIC_LABEL_ONLY,1,SOURCE_TITLE_GROUNDED,1.0,NOT_REAL_MODEL_CONFIDENCE,False
REC-7D4F1D3CE5BD6008,1.0,SYNTHETIC_LABEL_ONLY,1,SOURCE_TITLE_GROUNDED,1.0,NOT_REAL_MODEL_CONFIDENCE,False
REC-B2195A9C5E435114,1.0,SYNTHETIC_LABEL_ONLY,1,SOURCE_TITLE_GROUNDED,1.0,NOT_REAL_MODEL_CONFIDENCE,False
REC-4670C9DF7E3273A8,1.0,SYNTHETIC_LABEL_ONLY,1,SOURCE_TITLE_GROUNDED,1.0,NOT_REAL_MODEL_CONFIDENCE,False
REC-762C00C0148490B4,1.0,SYNTHETIC_LABEL_ONLY,1,SOURCE_TITLE_GROUNDED,1.0,NOT_REAL_MODEL_CONFIDENCE,False
REC-BB1415796DADB23E,1.0,SYNTHETIC_LABEL_ONLY,1,SOURCE_TITLE_GROUNDED,1.0,NOT_REAL_MODEL_CONFIDENCE,False
REC-10574216BEB3F938,1.0,SYNTHETIC_LABEL_ONLY,1,SOURCE_TITLE_GROUNDED,1.0,NOT_REAL_MODEL_CONFIDENCE,False
REC-184FDE680980107F,1.0,SYNTHETIC_LABEL_ONLY,1,SOURCE_TITLE_GROUNDED,1.0,NOT_REAL_MODEL_CONFIDENCE,False
REC-4D1D3BC5E8461394,1.0,SYNTHETIC_LABEL_ONLY,1,SOURCE_TITLE_GROUNDED,1.0,NOT_REAL_MODEL_CONFIDENCE,False
REC-F58090F8D02FC89E,1.0,SYNTHETIC_LABEL_ONLY,1,SOURCE_TITLE_GROUNDED,1.0,NOT_REAL_MODEL_CONFIDENCE,False
REC-E7B408E455C4564B,1.0,SYNTHETIC_LABEL_ONLY,1,SOURCE_TITLE_GROUNDED,1.0,NOT_REAL_MODEL_CONFIDENCE,False
REC-A0AD905D044E2FEA,1.0,SYNTHETIC_LABEL_ONLY,1,SOURCE_TITLE_GROUNDED,1.0,NOT_REAL_MODEL_CONFIDENCE,False
REC-3E49838F8AA206F2,1.0,SYNTHETIC_LABEL_ONLY,1,SOURCE_TITLE_GROUNDED,1.0,NOT_REAL_MODEL_CONFIDENCE,False
REC-0860BE941A24F0F5,1.0,SYNTHETIC_LABEL_ONLY,1,SOURCE_TITLE_GROUNDED,1.0,NOT_REAL_MODEL_CONFIDENCE,False
REC-02189E8D40670194,1.0,SYNTHETIC_LABEL_ONLY,1,SOURCE_TITLE_GROUNDED,1.0,NOT_REAL_MODEL_CONFIDENCE,False
REC-A07925420405AC44,1.0,SYNTHETIC_LABEL_ONLY,1,SOURCE_TITLE_GROUNDED,1.0,NOT_REAL_MODEL_CONFIDENCE,False
REC-70D67FA1623A8EB9,1.0,SYNTHETIC_LABEL_ONLY,1,SOURCE_TITLE_GROUNDED,1.0,NOT_REAL_MODEL_CONFIDENCE,False
REC-AEDB7282E6181E14,1.0,SYNTHETIC_LABEL_ONLY,1,SOURCE_TITLE_GROUNDED,1.0,NOT_REAL_MODEL_CONFIDENCE,False
REC-5ECB3F363F4FEE09,1.0,SYNTHETIC_LABEL_ONLY,1,SOURCE_TITLE_GROUNDED,1.0,NOT_REAL_MODEL_CONFIDENCE,False
REC-311C83B4EAF095DA,1.0,SYNTHETIC_LABEL_ONLY,1,SOURCE_TITLE_GROUNDED,1.0,NOT_REAL_MODEL_CONFIDENCE,False
REC-F04078C30EDB2832,1.0,SYNTHETIC_LABEL_ONLY,1,SOURCE_TITLE_GROUNDED,1.0,NOT_REAL_MODEL_CONFIDENCE,False
REC-16B91FFA03B37CC4,1.0,SYNTHETIC_LABEL_ONLY,1,SOURCE_TITLE_GROUNDED,1.0,NOT_REAL_MODEL_CONFIDENCE,False
REC-E088C47D39420BB3,1.0,SYNTHETIC_LABEL_ONLY,1,SOURCE_TITLE_GROUNDED,1.0,NOT_REAL_MODEL_CONFIDENCE,False
REC-8EA12FA67B74D4B2,1.0,SYNTHETIC_LABEL_ONLY,1,SOURCE_TITLE_GROUNDED,1.0,NOT_REAL_MODEL_CONFIDENCE,False
REC-817A4C93528C9748,1.0,SYNTHETIC_LABEL_ONLY,1,SOURCE_TITLE_GROUNDED,1.0,NOT_REAL_MODEL_CONFIDENCE,False
REC-E0D5C1BC24F86CD8,1.0,SYNTHETIC_LABEL_ONLY,1,SOURCE_TITLE_GROUNDED,1.0,NOT_REAL_MODEL_CONFIDENCE,False
REC-39136D85323F06B4,1.0,SYNTHETIC_LABEL_ONLY,1,SOURCE_TITLE_GROUNDED,1.0,NOT_REAL_MODEL_CONFIDENCE,False
REC-1CB33F05CCB47E1A,1.0,SYNTHETIC_LABEL_ONLY,1,SOURCE_TITLE_GROUNDED,1.0,NOT_REAL_MODEL_CONFIDENCE,False
REC-761B33189AE24AD1,1.0,SYNTHETIC_LABEL_ONLY,1,SOURCE_TITLE_GROUNDED,1.0,NOT_REAL_MODEL_CONFIDENCE,False
REC-80302C2CF37036E2,1.0,SYNTHETIC_LABEL_ONLY,1,SOURCE_TITLE_GROUNDED,1.0,NOT_REAL_MODEL_CONFIDENCE,False
REC-9567FB1AA52358F9,1.0,SYNTHETIC_LABEL_ONLY,1,SOURCE_TITLE_GROUNDED,1.0,NOT_REAL_MODEL_CONFIDENCE,False
REC-8B5EA28872D9362F,1.0,SYNTHETIC_LABEL_ONLY,1,SOURCE_TITLE_GROUNDED,1.0,NOT_REAL_MODEL_CONFIDENCE,False
REC-8AC01808C891ABEF,1.0,SYNTHETIC_LABEL_ONLY,1,SOURCE_TITLE_GROUNDED,1.0,NOT_REAL_MODEL_CONFIDENCE,False
REC-E3524A3ACAEA5FC2,1.0,SYNTHETIC_LABEL_ONLY,1,SOURCE_TITLE_GROUNDED,1.0,NOT_REAL_MODEL_CONFIDENCE,False
REC-4D057BCBE903D947,1.0,SYNTHETIC_LABEL_ONLY,1,SOURCE_TITLE_GROUNDED,1.0,NOT_REAL_MODEL_CONFIDENCE,False
REC-C7A3D761B3369E96,1.0,SYNTHETIC_LABEL_ONLY,1,SOURCE_TITLE_GROUNDED,1.0,NOT_REAL_MODEL_CONFIDENCE,False
REC-D124332CD37A40C1,1.0,SYNTHETIC_LABEL_ONLY,1,SOURCE_TITLE_GROUNDED,1.0,NOT_REAL_MODEL_CONFIDENCE,False
REC-896CDDFE0BC891AF,1.0,SYNTHETIC_LABEL_ONLY,1,SOURCE_TITLE_GROUNDED,1.0,NOT_REAL_MODEL_CONFIDENCE,False
REC-087E644F706AC84E,1.0,SYNTHETIC_LABEL_ONLY,1,SOURCE_TITLE_GROUNDED,1.0,NOT_REAL_MODEL_CONFIDENCE,False
REC-D4291D0E3934BCA2,1.0,SYNTHETIC_LABEL_ONLY,1,SOURCE_TITLE_GROUNDED,1.0,NOT_REAL_MODEL_CONFIDENCE,False
REC-755FB2EDCC1DB9FD,1.0,SYNTHETIC_LABEL_ONLY,1,SOURCE_TITLE_GROUNDED,1.0,NOT_REAL_MODEL_CONFIDENCE,False
REC-151F0DE57CE0C990,1.0,SYNTHETIC_LABEL_ONLY,1,SOURCE_TITLE_GROUNDED,1.0,NOT_REAL_MODEL_CONFIDENCE,False
REC-27044DFCEAB3085B,1.0,SYNTHETIC_LABEL_ONLY,1,SOURCE_TITLE_GROUNDED,1.0,NOT_REAL_MODEL_CONFIDENCE,False
REC-6A655614718CB9E5,1.0,SYNTHETIC_LABEL_ONLY,1,SOURCE_TITLE_GROUNDED,1.0,NOT_REAL_MODEL_CONFIDENCE,False
REC-7CC4B60C7C50CC35,1.0,SYNTHETIC_LABEL_ONLY,1,SOURCE_TITLE_GROUNDED,1.0,NOT_REAL_MODEL_CONFIDENCE,False
REC-7669436D4AD6A4B7,1.0,SYNTHETIC_LABEL_ONLY,1,SOURCE_TITLE_GROUNDED,1.0,NOT_REAL_MODEL_CONFIDENCE,False
REC-392AA9A16B052A84,1.0,SYNTHETIC_LABEL_ONLY,1,SOURCE_TITLE_GROUNDED,1.0,NOT_REAL_MODEL_CONFIDENCE,False
REC-F7AD335B33A32155,1.0,SYNTHETIC_LABEL_ONLY,1,SOURCE_TITLE_GROUNDED,1.0,NOT_REAL_MODEL_CONFIDENCE,False
REC-23070E4C547047E6,1.0,SYNTHETIC_LABEL_ONLY,1,SOURCE_TITLE_GROUNDED,1.0,NOT_REAL_MODEL_CONFIDENCE,False
REC-9A1322E6231968EA,1.0,SYNTHETIC_LABEL_ONLY,1,SOURCE_TITLE_GROUNDED,1.0,NOT_REAL_MODEL_CONFIDENCE,False
REC-D7EA8A0BB767344C,1.0,SYNTHETIC_LABEL_ONLY,1,SOURCE_TITLE_GROUNDED,1.0,NOT_REAL_MODEL_CONFIDENCE,False
REC-00F507E139BA66AC,1.0,SYNTHETIC_LABEL_ONLY,1,SOURCE_TITLE_GROUNDED,1.0,NOT_REAL_MODEL_CONFIDENCE,False
REC-8085CADDE42842D2,1.0,SYNTHETIC_LABEL_ONLY,1,SOURCE_TITLE_GROUNDED,1.0,NOT_REAL_MODEL_CONFIDENCE,False
REC-FD36C0D78E4F0B5B,1.0,SYNTHETIC_LABEL_ONLY,1,SOURCE_TITLE_GROUNDED,1.0,NOT_REAL_MODEL_CONFIDENCE,False
REC-DD40456FAB1E9439,1.0,SYNTHETIC_LABEL_ONLY,1,SOURCE_TITLE_GROUNDED,1.0,NOT_REAL_MODEL_CONFIDENCE,False
REC-A629A4532245263A,1.0,SYNTHETIC_LABEL_ONLY,1,SOURCE_TITLE_GROUNDED,1.0,NOT_REAL_MODEL_CONFIDENCE,False
REC-135CEEEABA2F9A8F,1.0,SYNTHETIC_LABEL_ONLY,1,SOURCE_TITLE_GROUNDED,1.0,NOT_REAL_MODEL_CONFIDENCE,False
REC-550E112C5532F07C,1.0,SYNTHETIC_LABEL_ONLY,1,SOURCE_TITLE_GROUNDED,1.0,NOT_REAL_MODEL_CONFIDENCE,False
REC-CCC6BA0123E75E4C,1.0,SYNTHETIC_LABEL_ONLY,1,SOURCE_TITLE_GROUNDED,1.0,NOT_REAL_MODEL_CONFIDENCE,False
REC-912D82F94435C481,1.0,SYNTHETIC_LABEL_ONLY,1,SOURCE_TITLE_GROUNDED,1.0,NOT_REAL_MODEL_CONFIDENCE,False
REC-7CB76C4B608BAAA7,1.0,SYNTHETIC_LABEL_ONLY,1,SOURCE_TITLE_GROUNDED,1.0,NOT_REAL_MODEL_CONFIDENCE,False
REC-9745960D7A0324DF,1.0,SYNTHETIC_LABEL_ONLY,1,SOURCE_TITLE_GROUNDED,1.0,NOT_REAL_MODEL_CONFIDENCE,False
REC-625FBA43E40CFFA4,1.0,SYNTHETIC_LABEL_ONLY,1,SOURCE_TITLE_GROUNDED,1.0,NOT_REAL_MODEL_CONFIDENCE,False
REC-B832D6E5F6606380,1.0,SYNTHETIC_LABEL_ONLY,1,SOURCE_TITLE_GROUNDED,1.0,NOT_REAL_MODEL_CONFIDENCE,False
REC-4ECBE180EE52A46B,1.0,SYNTHETIC_LABEL_ONLY,1,SOURCE_TITLE_GROUNDED,1.0,NOT_REAL_MODEL_CONFIDENCE,False
REC-95C585B5B4C6C001,1.0,SYNTHETIC_LABEL_ONLY,1,SOURCE_TITLE_GROUNDED,1.0,NOT_REAL_MODEL_CONFIDENCE,False
REC-4AAB75684A4C2E15,1.0,SYNTHETIC_LABEL_ONLY,1,SOURCE_TITLE_GROUNDED,1.0,NOT_REAL_MODEL_CONFIDENCE,False
REC-5C53CFAEC7AC6FB6,1.0,SYNTHETIC_LABEL_ONLY,1,SOURCE_TITLE_GROUNDED,1.0,NOT_REAL_MODEL_CONFIDENCE,False
REC-944D86A420339D69,1.0,SYNTHETIC_LABEL_ONLY,1,SOURCE_TITLE_GROUNDED,1.0,NOT_REAL_MODEL_CONFIDENCE,False
REC-82600088FA2D7436,1.0,SYNTHETIC_LABEL_ONLY,1,SOURCE_TITLE_GROUNDED,1.0,NOT_REAL_MODEL_CONFIDENCE,False
REC-4221E280B1759137,1.0,SYNTHETIC_LABEL_ONLY,1,SOURCE_TITLE_GROUNDED,1.0,NOT_REAL_MODEL_CONFIDENCE,False
REC-3C7535FD9E020B81,1.0,SYNTHETIC_LABEL_ONLY,1,SOURCE_TITLE_GROUNDED,1.0,NOT_REAL_MODEL_CONFIDENCE,False
REC-F9CBD455E3E141D4,1.0,SYNTHETIC_LABEL_ONLY,1,SOURCE_TITLE_GROUNDED,1.0,NOT_REAL_MODEL_CONFIDENCE,False
REC-A6F742BEA5E3DD73,1.0,SYNTHETIC_LABEL_ONLY,1,SOURCE_TITLE_GROUNDED,1.0,NOT_REAL_MODEL_CONFIDENCE,False
REC-55ECB69C41BB4EDA,1.0,SYNTHETIC_LABEL_ONLY,1,SOURCE_TITLE_GROUNDED,1.0,NOT_REAL_MODEL_CONFIDENCE,False
REC-83E5FBB8F9AD2522,1.0,SYNTHETIC_LABEL_ONLY,1,SOURCE_TITLE_GROUNDED,1.0,NOT_REAL_MODEL_CONFIDENCE,False
REC-113A92CF6A43C6C5,1.0,SYNTHETIC_LABEL_ONLY,1,SOURCE_TITLE_GROUNDED,1.0,NOT_REAL_MODEL_CONFIDENCE,False
REC-8380C894ACEB6A61,1.0,SYNTHETIC_LABEL_ONLY,1,SOURCE_TITLE_GROUNDED,1.0,NOT_REAL_MODEL_CONFIDENCE,False
REC-51B391FD69AE4181,1.0,SYNTHETIC_LABEL_ONLY,1,SOURCE_TITLE_GROUNDED,1.0,NOT_REAL_MODEL_CONFIDENCE,False
REC-84321F5CABE4FE21,1.0,SYNTHETIC_LABEL_ONLY,1,SOURCE_TITLE_GROUNDED,1.0,NOT_REAL_MODEL_CONFIDENCE,False
REC-1593A7787543E836,1.0,SYNTHETIC_LABEL_ONLY,1,SOURCE_TITLE_GROUNDED,1.0,NOT_REAL_MODEL_CONFIDENCE,False
REC-30AF0A9378FA6C22,1.0,SYNTHETIC_LABEL_ONLY,1,SOURCE_TITLE_GROUNDED,1.0,NOT_REAL_MODEL_CONFIDENCE,False
REC-15D68AF52444E300,1.0,SYNTHETIC_LABEL_ONLY,1,SOURCE_TITLE_GROUNDED,1.0,NOT_REAL_MODEL_CONFIDENCE,False
REC-EB33623319393DE4,1.0,SYNTHETIC_LABEL_ONLY,1,SOURCE_TITLE_GROUNDED,1.0,NOT_REAL_MODEL_CONFIDENCE,False
REC-A4F27ED12661B841,1.0,SYNTHETIC_LABEL_ONLY,1,SOURCE_TITLE_GROUNDED,1.0,NOT_REAL_MODEL_CONFIDENCE,False
REC-242361CDBCA2AE4C,1.0,SYNTHETIC_LABEL_ONLY,1,SOURCE_TITLE_GROUNDED,1.0,NOT_REAL_MODEL_CONFIDENCE,False
REC-A4C8E318F1A60A22,1.0,SYNTHETIC_LABEL_ONLY,1,SOURCE_TITLE_GROUNDED,1.0,NOT_REAL_MODEL_CONFIDENCE,False
REC-4FF1290721AF4F09,1.0,SYNTHETIC_LABEL_ONLY,1,SOURCE_TITLE_GROUNDED,1.0,NOT_REAL_MODEL_CONFIDENCE,False
REC-609672A9DD7D532D,1.0,SYNTHETIC_LABEL_ONLY,1,SOURCE_TITLE_GROUNDED,1.0,NOT_REAL_MODEL_CONFIDENCE,False
REC-4CFC44E60CDDA1DD,1.0,SYNTHETIC_LABEL_ONLY,1,SOURCE_TITLE_GROUNDED,1.0,NOT_REAL_MODEL_CONFIDENCE,False
REC-79F3EE217FC826C8,1.0,SYNTHETIC_LABEL_ONLY,1,SOURCE_TITLE_GROUNDED,1.0,NOT_REAL_MODEL_CONFIDENCE,False
REC-D40B7BF239EB4969,1.0,SYNTHETIC_LABEL_ONLY,1,SOURCE_TITLE_GROUNDED,1.0,NOT_REAL_MODEL_CONFIDENCE,False
REC-8CD8E17E64A63F58,1.0,SYNTHETIC_LABEL_ONLY,1,SOURCE_TITLE_GROUNDED,1.0,NOT_REAL_MODEL_CONFIDENCE,False
REC-B41908C9CA86BE31,1.0,SYNTHETIC_LABEL_ONLY,1,SOURCE_TITLE_GROUNDED,1.0,NOT_REAL_MODEL_CONFIDENCE,False
REC-65424B0664B23E9F,1.0,SYNTHETIC_LABEL_ONLY,1,SOURCE_TITLE_GROUNDED,1.0,NOT_REAL_MODEL_CONFIDENCE,False
REC-BC8FB2D42F53BF94,1.0,SYNTHETIC_LABEL_ONLY,1,SOURCE_TITLE_GROUNDED,1.0,NOT_REAL_MODEL_CONFIDENCE,False
REC-74166459A3F3BED9,1.0,SYNTHETIC_LABEL_ONLY,1,SOURCE_TITLE_GROUNDED,1.0,NOT_REAL_MODEL_CONFIDENCE,False
REC-115613FB01199726,1.0,SYNTHETIC_LABEL_ONLY,1,SOURCE_TITLE_GROUNDED,1.0,NOT_REAL_MODEL_CONFIDENCE,False
REC-89E62FA40F9A88CF,1.0,SYNTHETIC_LABEL_ONLY,1,SOURCE_TITLE_GROUNDED,1.0,NOT_REAL_MODEL_CONFIDENCE,False
REC-DA25CD347CA6DE08,1.0,SYNTHETIC_LABEL_ONLY,1,SOURCE_TITLE_GROUNDED,1.0,NOT_REAL_MODEL_CONFIDENCE,False
REC-6E30F71F1AFFADD7,1.0,SYNTHETIC_LABEL_ONLY,1,SOURCE_TITLE_GROUNDED,1.0,NOT_REAL_MODEL_CONFIDENCE,False
REC-060FF312BDE528AC,1.0,SYNTHETIC_LABEL_ONLY,1,SOURCE_TITLE_GROUNDED,1.0,NOT_REAL_MODEL_CONFIDENCE,False
REC-402B35EE997F4E91,1.0,SYNTHETIC_LABEL_ONLY,1,SOURCE_TITLE_GROUNDED,1.0,NOT_REAL_MODEL_CONFIDENCE,False
REC-5307B8BC0EEB818E,1.0,SYNTHETIC_LABEL_ONLY,1,SOURCE_TITLE_GROUNDED,1.0,NOT_REAL_MODEL_CONFIDENCE,False
REC-7C91E595E5175747,1.0,SYNTHETIC_LABEL_ONLY,1,SOURCE_TITLE_GROUNDED,1.0,NOT_REAL_MODEL_CONFIDENCE,False
REC-BBC8ECC7CFEC7165,1.0,SYNTHETIC_LABEL_ONLY,1,SOURCE_TITLE_GROUNDED,1.0,NOT_REAL_MODEL_CONFIDENCE,False
REC-BD4CE7EB9A0B8C59,1.0,SYNTHETIC_LABEL_ONLY,1,SOURCE_TITLE_GROUNDED,1.0,NOT_REAL_MODEL_CONFIDENCE,False
REC-42E251E46EED6DB3,1.0,SYNTHETIC_LABEL_ONLY,1,SOURCE_TITLE_GROUNDED,1.0,NOT_REAL_MODEL_CONFIDENCE,False
REC-1F3A278150370EC5,1.0,SYNTHETIC_LABEL_ONLY,1,SOURCE_TITLE_GROUNDED,1.0,NOT_REAL_MODEL_CONFIDENCE,False
REC-1997E61916837FAC,1.0,SYNTHETIC_LABEL_ONLY,1,SOURCE_TITLE_GROUNDED,1.0,NOT_REAL_MODEL_CONFIDENCE,False
REC-F440BC0B384428A1,1.0,SYNTHETIC_LABEL_ONLY,1,SOURCE_TITLE_GROUNDED,1.0,NOT_REAL_MODEL_CONFIDENCE,False
REC-7FFD1DAD6C20C67B,1.0,SYNTHETIC_LABEL_ONLY,1,SOURCE_TITLE_GROUNDED,1.0,NOT_REAL_MODEL_CONFIDENCE,False
REC-F687946990736221,1.0,SYNTHETIC_LABEL_ONLY,1,SOURCE_TITLE_GROUNDED,1.0,NOT_REAL_MODEL_CONFIDENCE,False
REC-8EEE05510D4C2EEF,1.0,SYNTHETIC_LABEL_ONLY,1,SOURCE_TITLE_GROUNDED,1.0,NOT_REAL_MODEL_CONFIDENCE,False
REC-9C74849E285BA4DA,1.0,SYNTHETIC_LABEL_ONLY,1,SOURCE_TITLE_GROUNDED,1.0,NOT_REAL_MODEL_CONFIDENCE,False
REC-9BA6E87BE591FB52,1.0,SYNTHETIC_LABEL_ONLY,1,SOURCE_TITLE_GROUNDED,1.0,NOT_REAL_MODEL_CONFIDENCE,False
REC-0AD9DB22A2ACEF30,1.0,SYNTHETIC_LABEL_ONLY,1,SOURCE_TITLE_GROUNDED,1.0,NOT_REAL_MODEL_CONFIDENCE,False
REC-50D9F5CBE7DAED90,1.0,SYNTHETIC_LABEL_ONLY,1,SOURCE_TITLE_GROUNDED,1.0,NOT_REAL_MODEL_CONFIDENCE,False
REC-DE55D408ECE17E52,1.0,SYNTHETIC_LABEL_ONLY,1,SOURCE_TITLE_GROUNDED,1.0,NOT_REAL_MODEL_CONFIDENCE,False
REC-11CA325ECA2AAEA9,1.0,SYNTHETIC_LABEL_ONLY,1,SOURCE_TITLE_GROUNDED,1.0,NOT_REAL_MODEL_CONFIDENCE,False
REC-ECDB3DA54BBA47B1,1.0,SYNTHETIC_LABEL_ONLY,1,SOURCE_TITLE_GROUNDED,1.0,NOT_REAL_MODEL_CONFIDENCE,False
REC-98FB4604EEF8AF94,1.0,SYNTHETIC_LABEL_ONLY,1,SOURCE_TITLE_GROUNDED,1.0,NOT_REAL_MODEL_CONFIDENCE,False
REC-FA2BCD31E8496910,1.0,SYNTHETIC_LABEL_ONLY,1,SOURCE_TITLE_GROUNDED,1.0,NOT_REAL_MODEL_CONFIDENCE,False
REC-2E2185BBE1719E1B,1.0,SYNTHETIC_LABEL_ONLY,1,SOURCE_TITLE_GROUNDED,1.0,NOT_REAL_MODEL_CONFIDENCE,False
REC-745A84F1ABDCDEA0,1.0,SYNTHETIC_LABEL_ONLY,1,SOURCE_TITLE_GROUNDED,1.0,NOT_REAL_MODEL_CONFIDENCE,False
REC-78D73A7030E194D6,1.0,SYNTHETIC_LABEL_ONLY,1,SOURCE_TITLE_GROUNDED,1.0,NOT_REAL_MODEL_CONFIDENCE,False
REC-11527A95A8212857,1.0,SYNTHETIC_LABEL_ONLY,1,SOURCE_TITLE_GROUNDED,1.0,NOT_REAL_MODEL_CONFIDENCE,False
REC-B3531D87BB68EF4F,1.0,SYNTHETIC_LABEL_ONLY,1,SOURCE_TITLE_GROUNDED,1.0,NOT_REAL_MODEL_CONFIDENCE,False
REC-3A624A3A85857097,1.0,SYNTHETIC_LABEL_ONLY,1,SOURCE_TITLE_GROUNDED,1.0,NOT_REAL_MODEL_CONFIDENCE,False
REC-3AC3CB4437F69F80,1.0,SYNTHETIC_LABEL_ONLY,1,SOURCE_TITLE_GROUNDED,1.0,NOT_REAL_MODEL_CONFIDENCE,False
REC-A8DDDCA7154E8C04,1.0,SYNTHETIC_LABEL_ONLY,1,SOURCE_TITLE_GROUNDED,1.0,NOT_REAL_MODEL_CONFIDENCE,False
REC-051B033FEAB5E00C,1.0,SYNTHETIC_LABEL_ONLY,1,SOURCE_TITLE_GROUNDED,1.0,NOT_REAL_MODEL_CONFIDENCE,False
REC-5405A795F1161FC2,1.0,SYNTHETIC_LABEL_ONLY,1,SOURCE_TITLE_GROUNDED,1.0,NOT_REAL_MODEL_CONFIDENCE,False
REC-2C89E10BC679DA90,1.0,SYNTHETIC_LABEL_ONLY,1,SOURCE_TITLE_GROUNDED,1.0,NOT_REAL_MODEL_CONFIDENCE,False
REC-B372F236B72BED7F,1.0,SYNTHETIC_LABEL_ONLY,1,SOURCE_TITLE_GROUNDED,1.0,NOT_REAL_MODEL_CONFIDENCE,False
REC-C1C9A064E0E920EC,1.0,SYNTHETIC_LABEL_ONLY,1,SOURCE_TITLE_GROUNDED,1.0,NOT_REAL_MODEL_CONFIDENCE,False
REC-08D29854A5B59CA2,1.0,SYNTHETIC_LABEL_ONLY,1,SOURCE_TITLE_GROUNDED,1.0,NOT_REAL_MODEL_CONFIDENCE,False
REC-8BD1212CF4599839,1.0,SYNTHETIC_LABEL_ONLY,1,SOURCE_TITLE_GROUNDED,1.0,NOT_REAL_MODEL_CONFIDENCE,False
REC-D3F5FF3E9EE8FB40,1.0,SYNTHETIC_LABEL_ONLY,1,SOURCE_TITLE_GROUNDED,1.0,NOT_REAL_MODEL_CONFIDENCE,False
REC-DD1030765F6EC557,1.0,SYNTHETIC_LABEL_ONLY,1,SOURCE_TITLE_GROUNDED,1.0,NOT_REAL_MODEL_CONFIDENCE,False
REC-E441FCEF081AA77A,1.0,SYNTHETIC_LABEL_ONLY,1,SOURCE_TITLE_GROUNDED,1.0,NOT_REAL_MODEL_CONFIDENCE,False
REC-F44170D4BB175C39,1.0,SYNTHETIC_LABEL_ONLY,1,SOURCE_TITLE_GROUNDED,1.0,NOT_REAL_MODEL_CONFIDENCE,False
REC-A21E2CB06C1FCEAF,1.0,SYNTHETIC_LABEL_ONLY,1,SOURCE_TITLE_GROUNDED,1.0,NOT_REAL_MODEL_CONFIDENCE,False
REC-54F469512B553D1C,1.0,SYNTHETIC_LABEL_ONLY,1,SOURCE_TITLE_GROUNDED,1.0,NOT_REAL_MODEL_CONFIDENCE,False
REC-E93C134524C8CFC7,1.0,SYNTHETIC_LABEL_ONLY,1,SOURCE_TITLE_GROUNDED,1.0,NOT_REAL_MODEL_CONFIDENCE,False
REC-87CC1A9E566FC7C7,1.0,SYNTHETIC_LABEL_ONLY,1,SOURCE_TITLE_GROUNDED,1.0,NOT_REAL_MODEL_CONFIDENCE,False
REC-D479D1D19DDF6E97,1.0,SYNTHETIC_LABEL_ONLY,1,SOURCE_TITLE_GROUNDED,1.0,NOT_REAL_MODEL_CONFIDENCE,False
REC-82756BBFD2046C15,1.0,SYNTHETIC_LABEL_ONLY,1,SOURCE_TITLE_GROUNDED,1.0,NOT_REAL_MODEL_CONFIDENCE,False
REC-EF03B1CCDE0588CF,1.0,SYNTHETIC_LABEL_ONLY,1,SOURCE_TITLE_GROUNDED,1.0,NOT_REAL_MODEL_CONFIDENCE,False
REC-65FF4FCF461AC749,1.0,SYNTHETIC_LABEL_ONLY,1,SOURCE_TITLE_GROUNDED,1.0,NOT_REAL_MODEL_CONFIDENCE,False
REC-556D302E46A8D09A,1.0,SYNTHETIC_LABEL_ONLY,1,SOURCE_TITLE_GROUNDED,1.0,NOT_REAL_MODEL_CONFIDENCE,False
REC-78FEEA89373E11F9,1.0,SYNTHETIC_LABEL_ONLY,1,SOURCE_TITLE_GROUNDED,1.0,NOT_REAL_MODEL_CONFIDENCE,False
REC-4C4EA873FD9EB62F,1.0,SYNTHETIC_LABEL_ONLY,1,SOURCE_TITLE_GROUNDED,1.0,NOT_REAL_MODEL_CONFIDENCE,False
REC-102ABC26A84FCEF3,1.0,SYNTHETIC_LABEL_ONLY,1,SOURCE_TITLE_GROUNDED,1.0,NOT_REAL_MODEL_CONFIDENCE,False
REC-1853BD4B32B87E6B,1.0,SYNTHETIC_LABEL_ONLY,1,SOURCE_TITLE_GROUNDED,1.0,NOT_REAL_MODEL_CONFIDENCE,False
REC-22568C8FDF7F8D56,1.0,SYNTHETIC_LABEL_ONLY,1,SOURCE_TITLE_GROUNDED,1.0,NOT_REAL_MODEL_CONFIDENCE,False
REC-C0C74BA6636BB99A,1.0,SYNTHETIC_LABEL_ONLY,1,SOURCE_TITLE_GROUNDED,1.0,NOT_REAL_MODEL_CONFIDENCE,False
REC-81321E75EFC12F42,1.0,SYNTHETIC_LABEL_ONLY,1,SOURCE_TITLE_GROUNDED,1.0,NOT_REAL_MODEL_CONFIDENCE,False
REC-E84DD16D0EECAB61,1.0,SYNTHETIC_LABEL_ONLY,1,SOURCE_TITLE_GROUNDED,1.0,NOT_REAL_MODEL_CONFIDENCE,False
REC-AFC9EF73EC0486B8,1.0,SYNTHETIC_LABEL_ONLY,1,SOURCE_TITLE_GROUNDED,1.0,NOT_REAL_MODEL_CONFIDENCE,False
REC-DA88B04E339FB349,1.0,SYNTHETIC_LABEL_ONLY,1,SOURCE_TITLE_GROUNDED,1.0,NOT_REAL_MODEL_CONFIDENCE,False
REC-53D7A8E04ADDB28D,1.0,SYNTHETIC_LABEL_ONLY,1,SOURCE_TITLE_GROUNDED,1.0,NOT_REAL_MODEL_CONFIDENCE,False
REC-ABCBEBA975C757A9,1.0,SYNTHETIC_LABEL_ONLY,1,SOURCE_TITLE_GROUNDED,1.0,NOT_REAL_MODEL_CONFIDENCE,False
REC-930DB9C362243350,1.0,SYNTHETIC_LABEL_ONLY,1,SOURCE_TITLE_GROUNDED,1.0,NOT_REAL_MODEL_CONFIDENCE,False
REC-D2A226DFE29922AE,1.0,SYNTHETIC_LABEL_ONLY,1,SOURCE_TITLE_GROUNDED,1.0,NOT_REAL_MODEL_CONFIDENCE,False
REC-E17A0D7ECBCD256A,1.0,SYNTHETIC_LABEL_ONLY,1,SOURCE_TITLE_GROUNDED,1.0,NOT_REAL_MODEL_CONFIDENCE,False
REC-9D3DF2F25A36CBEE,1.0,SYNTHETIC_LABEL_ONLY,1,SOURCE_TITLE_GROUNDED,1.0,NOT_REAL_MODEL_CONFIDENCE,False
REC-004A7F0D8902D1AD,1.0,SYNTHETIC_LABEL_ONLY,1,SOURCE_TITLE_GROUNDED,1.0,NOT_REAL_MODEL_CONFIDENCE,False
REC-482D5038F5C6E22D,1.0,SYNTHETIC_LABEL_ONLY,1,SOURCE_TITLE_GROUNDED,1.0,NOT_REAL_MODEL_CONFIDENCE,False
REC-A83CC66CC5AD074F,1.0,SYNTHETIC_LABEL_ONLY,1,SOURCE_TITLE_GROUNDED,1.0,NOT_REAL_MODEL_CONFIDENCE,False
REC-E4668573F5B8547C,1.0,SYNTHETIC_LABEL_ONLY,1,SOURCE_TITLE_GROUNDED,1.0,NOT_REAL_MODEL_CONFIDENCE,False
REC-26AD5BFD4A186857,1.0,SYNTHETIC_LABEL_ONLY,1,SOURCE_TITLE_GROUNDED,1.0,NOT_REAL_MODEL_CONFIDENCE,False
REC-937AA97D54D9EC3C,1.0,SYNTHETIC_LABEL_ONLY,1,SOURCE_TITLE_GROUNDED,1.0,NOT_REAL_MODEL_CONFIDENCE,False
REC-01CD52871B1A2FCF,1.0,SYNTHETIC_LABEL_ONLY,1,SOURCE_TITLE_GROUNDED,1.0,NOT_REAL_MODEL_CONFIDENCE,False
REC-88BCB1AB64C77793,1.0,SYNTHETIC_LABEL_ONLY,1,SOURCE_TITLE_GROUNDED,1.0,NOT_REAL_MODEL_CONFIDENCE,False
REC-B887EB7E2E5AA64A,1.0,SYNTHETIC_LABEL_ONLY,1,SOURCE_TITLE_GROUNDED,1.0,NOT_REAL_MODEL_CONFIDENCE,False
REC-80297293F0CFDD4F,1.0,SYNTHETIC_LABEL_ONLY,1,SOURCE_TITLE_GROUNDED,1.0,NOT_REAL_MODEL_CONFIDENCE,False
REC-1BCC2891E90A7494,1.0,SYNTHETIC_LABEL_ONLY,1,SOURCE_TITLE_GROUNDED,1.0,NOT_REAL_MODEL_CONFIDENCE,False
REC-419F1DB2B5999F84,1.0,SYNTHETIC_LABEL_ONLY,1,SOURCE_TITLE_GROUNDED,1.0,NOT_REAL_MODEL_CONFIDENCE,False
REC-4A1F75068D1E1054,1.0,SYNTHETIC_LABEL_ONLY,1,SOURCE_TITLE_GROUNDED,1.0,NOT_REAL_MODEL_CONFIDENCE,False
REC-782CD609C2B8CB5B,1.0,SYNTHETIC_LABEL_ONLY,1,SOURCE_TITLE_GROUNDED,1.0,NOT_REAL_MODEL_CONFIDENCE,False
REC-4137D89EC26D799E,1.0,SYNTHETIC_LABEL_ONLY,1,SOURCE_TITLE_GROUNDED,1.0,NOT_REAL_MODEL_CONFIDENCE,False
REC-E107C132BAD04473,1.0,SYNTHETIC_LABEL_ONLY,1,SOURCE_TITLE_GROUNDED,1.0,NOT_REAL_MODEL_CONFIDENCE,False
REC-96BA3C35B660263A,1.0,SYNTHETIC_LABEL_ONLY,1,SOURCE_TITLE_GROUNDED,1.0,NOT_REAL_MODEL_CONFIDENCE,False
REC-1BE3095B565079B5,1.0,SYNTHETIC_LABEL_ONLY,1,SOURCE_TITLE_GROUNDED,1.0,NOT_REAL_MODEL_CONFIDENCE,False
REC-CF0D394AD3A02B35,1.0,SYNTHETIC_LABEL_ONLY,1,SOURCE_TITLE_GROUNDED,1.0,NOT_REAL_MODEL_CONFIDENCE,False
REC-8DE43521769D66C3,1.0,SYNTHETIC_LABEL_ONLY,1,SOURCE_TITLE_GROUNDED,1.0,NOT_REAL_MODEL_CONFIDENCE,False
REC-739C793AF55FBEA6,1.0,SYNTHETIC_LABEL_ONLY,1,SOURCE_TITLE_GROUNDED,1.0,NOT_REAL_MODEL_CONFIDENCE,False
REC-03667F441BB1FF04,1.0,SYNTHETIC_LABEL_ONLY,1,SOURCE_TITLE_GROUNDED,1.0,NOT_REAL_MODEL_CONFIDENCE,False
REC-14AB1498468473DE,1.0,SYNTHETIC_LABEL_ONLY,1,SOURCE_TITLE_GROUNDED,1.0,NOT_REAL_MODEL_CONFIDENCE,False
REC-9D4DDE8FCB60B1D8,1.0,SYNTHETIC_LABEL_ONLY,1,SOURCE_TITLE_GROUNDED,1.0,NOT_REAL_MODEL_CONFIDENCE,False
REC-C12E5E970F3DEC3A,1.0,SYNTHETIC_LABEL_ONLY,1,SOURCE_TITLE_GROUNDED,1.0,NOT_REAL_MODEL_CONFIDENCE,False
REC-3003119959A137A1,1.0,SYNTHETIC_LABEL_ONLY,1,SOURCE_TITLE_GROUNDED,1.0,NOT_REAL_MODEL_CONFIDENCE,False
REC-D162458CC08164F0,1.0,SYNTHETIC_LABEL_ONLY,1,SOURCE_TITLE_GROUNDED,1.0,NOT_REAL_MODEL_CONFIDENCE,False
REC-60011E21E585AD16,1.0,SYNTHETIC_LABEL_ONLY,1,SOURCE_TITLE_GROUNDED,1.0,NOT_REAL_MODEL_CONFIDENCE,False
REC-DE610947C8190BEC,1.0,SYNTHETIC_LABEL_ONLY,1,SOURCE_TITLE_GROUNDED,1.0,NOT_REAL_MODEL_CONFIDENCE,False
REC-65778D8320681121,1.0,SYNTHETIC_LABEL_ONLY,1,SOURCE_TITLE_GROUNDED,1.0,NOT_REAL_MODEL_CONFIDENCE,False
REC-315F92141705820B,1.0,SYNTHETIC_LABEL_ONLY,1,SOURCE_TITLE_GROUNDED,1.0,NOT_REAL_MODEL_CONFIDENCE,False
REC-CE5EF83FB7292C26,1.0,SYNTHETIC_LABEL_ONLY,1,SOURCE_TITLE_GROUNDED,1.0,NOT_REAL_MODEL_CONFIDENCE,False
REC-D465EC415020D834,1.0,SYNTHETIC_LABEL_ONLY,1,SOURCE_TITLE_GROUNDED,1.0,NOT_REAL_MODEL_CONFIDENCE,False
REC-83103D64D4DFC77E,1.0,SYNTHETIC_LABEL_ONLY,1,SOURCE_TITLE_GROUNDED,1.0,NOT_REAL_MODEL_CONFIDENCE,False
REC-496F08DBE1F8200B,1.0,SYNTHETIC_LABEL_ONLY,1,SOURCE_TITLE_GROUNDED,1.0,NOT_REAL_MODEL_CONFIDENCE,False
REC-7F3DA474864E2744,1.0,SYNTHETIC_LABEL_ONLY,1,SOURCE_TITLE_GROUNDED,1.0,NOT_REAL_MODEL_CONFIDENCE,False
REC-04C8B46032CD472A,1.0,SYNTHETIC_LABEL_ONLY,1,SOURCE_TITLE_GROUNDED,1.0,NOT_REAL_MODEL_CONFIDENCE,False
REC-3100733E2391EF5B,1.0,SYNTHETIC_LABEL_ONLY,1,SOURCE_TITLE_GROUNDED,1.0,NOT_REAL_MODEL_CONFIDENCE,False
REC-7D7D23122881B648,1.0,SYNTHETIC_LABEL_ONLY,1,SOURCE_TITLE_GROUNDED,1.0,NOT_REAL_MODEL_CONFIDENCE,False
REC-682864372658142D,1.0,SYNTHETIC_LABEL_ONLY,1,SOURCE_TITLE_GROUNDED,1.0,NOT_REAL_MODEL_CONFIDENCE,False
REC-68DE5F03AD1E7EF0,1.0,SYNTHETIC_LABEL_ONLY,1,SOURCE_TITLE_GROUNDED,1.0,NOT_REAL_MODEL_CONFIDENCE,False
REC-458B1116DF4BB682,1.0,SYNTHETIC_LABEL_ONLY,1,SOURCE_TITLE_GROUNDED,1.0,NOT_REAL_MODEL_CONFIDENCE,False
REC-107381F005382AA0,1.0,SYNTHETIC_LABEL_ONLY,1,SOURCE_TITLE_GROUNDED,1.0,NOT_REAL_MODEL_CONFIDENCE,False
REC-0E12346093F74A9A,1.0,SYNTHETIC_LABEL_ONLY,1,SOURCE_TITLE_GROUNDED,1.0,NOT_REAL_MODEL_CONFIDENCE,False
REC-2122B4BA653A1623,1.0,SYNTHETIC_LABEL_ONLY,1,SOURCE_TITLE_GROUNDED,1.0,NOT_REAL_MODEL_CONFIDENCE,False
REC-5D137F3B08446D18,1.0,SYNTHETIC_LABEL_ONLY,1,SOURCE_TITLE_GROUNDED,1.0,NOT_REAL_MODEL_CONFIDENCE,False
REC-6330E2A94A50304F,1.0,SYNTHETIC_LABEL_ONLY,1,SOURCE_TITLE_GROUNDED,1.0,NOT_REAL_MODEL_CONFIDENCE,False
REC-D4589BFE48A7634F,1.0,SYNTHETIC_LABEL_ONLY,1,SOURCE_TITLE_GROUNDED,1.0,NOT_REAL_MODEL_CONFIDENCE,False
REC-1085D270E5709530,1.0,SYNTHETIC_LABEL_ONLY,1,SOURCE_TITLE_GROUNDED,1.0,NOT_REAL_MODEL_CONFIDENCE,False
REC-B40CD641AE305C33,1.0,SYNTHETIC_LABEL_ONLY,1,SOURCE_TITLE_GROUNDED,1.0,NOT_REAL_MODEL_CONFIDENCE,False
REC-C82BC52D4D06A143,1.0,SYNTHETIC_LABEL_ONLY,1,SOURCE_TITLE_GROUNDED,1.0,NOT_REAL_MODEL_CONFIDENCE,False
REC-5E99AC61EADFCBA5,1.0,SYNTHETIC_LABEL_ONLY,1,SOURCE_TITLE_GROUNDED,1.0,NOT_REAL_MODEL_CONFIDENCE,False
REC-B0084E5E4CF60B44,1.0,SYNTHETIC_LABEL_ONLY,1,SOURCE_TITLE_GROUNDED,1.0,NOT_REAL_MODEL_CONFIDENCE,False
REC-3381480EE6FB99F0,1.0,SYNTHETIC_LABEL_ONLY,1,SOURCE_TITLE_GROUNDED,1.0,NOT_REAL_MODEL_CONFIDENCE,False
REC-B2F4215B0690359D,1.0,SYNTHETIC_LABEL_ONLY,1,SOURCE_TITLE_GROUNDED,1.0,NOT_REAL_MODEL_CONFIDENCE,False
REC-6F04BC8143007573,1.0,SYNTHETIC_LABEL_ONLY,1,SOURCE_TITLE_GROUNDED,1.0,NOT_REAL_MODEL_CONFIDENCE,False
REC-84D1C7DF03A777C7,1.0,SYNTHETIC_LABEL_ONLY,1,SOURCE_TITLE_GROUNDED,1.0,NOT_REAL_MODEL_CONFIDENCE,False
REC-A1A7574F99BBFFD3,1.0,SYNTHETIC_LABEL_ONLY,1,SOURCE_TITLE_GROUNDED,1.0,NOT_REAL_MODEL_CONFIDENCE,False
REC-74F7E97ED9A5032D,1.0,SYNTHETIC_LABEL_ONLY,1,SOURCE_TITLE_GROUNDED,1.0,NOT_REAL_MODEL_CONFIDENCE,False
REC-59F4EA9A72B6AE17,1.0,SYNTHETIC_LABEL_ONLY,1,SOURCE_TITLE_GROUNDED,1.0,NOT_REAL_MODEL_CONFIDENCE,False
REC-0CFA2D9268DF7602,1.0,SYNTHETIC_LABEL_ONLY,1,SOURCE_TITLE_GROUNDED,1.0,NOT_REAL_MODEL_CONFIDENCE,False
REC-4282E3F83715692E,1.0,SYNTHETIC_LABEL_ONLY,1,SOURCE_TITLE_GROUNDED,1.0,NOT_REAL_MODEL_CONFIDENCE,False
REC-656AA60CB299C454,1.0,SYNTHETIC_LABEL_ONLY,1,SOURCE_TITLE_GROUNDED,1.0,NOT_REAL_MODEL_CONFIDENCE,False
REC-95A863A4BCC50356,1.0,SYNTHETIC_LABEL_ONLY,1,SOURCE_TITLE_GROUNDED,1.0,NOT_REAL_MODEL_CONFIDENCE,False
REC-CEB36526712ECE48,1.0,SYNTHETIC_LABEL_ONLY,1,SOURCE_TITLE_GROUNDED,1.0,NOT_REAL_MODEL_CONFIDENCE,False
REC-268D6CA9F64E1F8E,1.0,SYNTHETIC_LABEL_ONLY,1,SOURCE_TITLE_GROUNDED,1.0,NOT_REAL_MODEL_CONFIDENCE,False
REC-68CEE16D80B7D238,1.0,SYNTHETIC_LABEL_ONLY,1,SOURCE_TITLE_GROUNDED,1.0,NOT_REAL_MODEL_CONFIDENCE,False
REC-56915B30055F870C,1.0,SYNTHETIC_LABEL_ONLY,1,SOURCE_TITLE_GROUNDED,1.0,NOT_REAL_MODEL_CONFIDENCE,False
REC-7602495A2B7CB008,1.0,SYNTHETIC_LABEL_ONLY,1,SOURCE_TITLE_GROUNDED,1.0,NOT_REAL_MODEL_CONFIDENCE,False
REC-4ADFCC3D01D137ED,1.0,SYNTHETIC_LABEL_ONLY,1,SOURCE_TITLE_GROUNDED,1.0,NOT_REAL_MODEL_CONFIDENCE,False
REC-9A1A37299AF8D405,1.0,SYNTHETIC_LABEL_ONLY,1,SOURCE_TITLE_GROUNDED,1.0,NOT_REAL_MODEL_CONFIDENCE,False
REC-469B8E406E5E60E0,1.0,SYNTHETIC_LABEL_ONLY,1,SOURCE_TITLE_GROUNDED,1.0,NOT_REAL_MODEL_CONFIDENCE,False
